ply
format ascii 1.0
element vertex 2114
property float x
property float y
property float z
property float nx
property float ny
property float nz
property float u
property float v
element face 4224
property list uchar int vertex_indices
end_header
-2.571677 0.628823 -1.813545 0.132701026 -0.991107661 -0.00980007575 0 0
-2.571287 0.628937 -1.80845 0.476205655 -0.87751042 0.0566006721 0 0
-2.571784 0.628823 -1.808512 0.132199832 -0.991098741 0.0156999801 0 0
-2.571178 0.628937 -1.813581 0.478292754 -0.877486706 -0.0353994637 0 0
-2.571027 0.629181 -1.808418 0.941304396 -0.318401487 0.112100524 0 0
-2.570917 0.629181 -1.813601 0.945367757 -0.318422822 -0.0699050103 0 0
-2.572383 0.628937 -1.803449 0.455714141 -0.877327224 0.150404667 0 0
-2.572858 0.628823 -1.803606 0.126596581 -0.991073236 0.0417988712 0 0
-2.572133 0.629181 -1.803366 0.900275 -0.318091167 0.297191747 0 0
-2.572042 0.628937 -1.818641 0.462700289 -0.877500548 -0.126100079 0 0
-2.572523 0.628823 -1.818507 0.128498942 -0.991091843 -0.034999712 0 0
-2.573862 0.628937 -1.823427 0.428607274 -0.877314888 -0.215903664 0 0
-2.574309 0.628823 -1.823201 0.119096188 -0.991068276 -0.0599980795 0 0
-2.571789 0.629181 -1.818711 0.914602447 -0.318200851 -0.249500667 0 0
-2.573627 0.629181 -1.823545 0.846740026 -0.318115038 -0.426420157 0 0
-2.573149 0.628803 -1.818334 -0.0116003238 -0.999927908 0.00310008652 0 0
-2.572324 0.628803 -1.813497 -0.0120003311 -0.999927588 0.000900024832 0 0
-2.573831 0.628846 -1.818144 -0.0771001677 -0.996802168 0.0210000457 0 0
-2.57303 0.628846 -1.813445 -0.079700114 -0.996801425 0.00590000844 0 0
-2.574889 0.628803 -1.822909 -0.0106003156 -0.999929768 0.00530015779 0 0
-2.575522 0.628846 -1.82259 -0.071201377 -0.996819279 0.0358006924 0 0
-2.572428 0.628803 -1.808591 -0.0119003357 -0.999928208 -0.0014000395 0 0
-2.573475 0.628803 -1.803809 -0.0112003408 -0.999930428 -0.0037001126 0 0
-2.573131 0.628846 -1.808678 -0.0793005119 -0.996806434 -0.00940006068 0 0
-2.574149 0.628846 -1.804032 -0.0757012972 -0.996817081 -0.0250004284 0 0
-2.580044 0.629009 -1.796829 -0.0707025927 -0.995636511 -0.0609022333 0 0
-2.582713 0.628916 -1.793039 -0.0639035282 -0.994654916 -0.0811044779 0 0
-2.583263 0.629009 -1.793744 -0.0577022637 -0.99563906 -0.0733028757 0 0
-2.579367 0.628916 -1.796245 -0.0782038849 -0.99464941 -0.0675033533 0 0
-2.582295 0.628846 -1.792503 -0.0494004473 -0.996809026 -0.0627005678 0 0
-2.578853 0.628846 -1.795802 -0.0605001413 -0.996802328 -0.0522001219 0 0
-2.586606 0.628916 -1.790545 -0.0463985278 -0.99466844 -0.0920970778 0 0
-2.587009 0.629009 -1.791344 -0.0419018047 -0.995642883 -0.083303588 0 0
-2.5863 0.628846 -1.789937 -0.0359008211 -0.996822798 -0.0711016261 0 0
-2.576688 0.628916 -1.800027 -0.089605432 -0.994660298 -0.051203104 0 0
-2.577466 0.629009 -1.800467 -0.0810030762 -0.99563781 -0.0463017583 0 0
-2.574794 0.628916 -1.804245 -0.0978972692 -0.994672254 -0.032299099 0 0
-2.575644 0.629009 -1.804525 -0.0885042372 -0.995647668 -0.0292013981 0 0
-2.576097 0.628846 -1.799692 -0.0693006622 -0.996809525 -0.0396003784 0 0
-2.578643 0.62912 -1.801133 -0.0620029787 -0.997447919 -0.0354017007 0 0
-2.581067 0.62912 -1.797711 -0.0541025664 -0.997447315 -0.0466022106 0 0
-2.580431 0.629243 -1.802145 -0.0452020197 -0.99864462 -0.0258011528 0 0
-2.582623 0.629243 -1.799052 -0.0394017668 -0.99864478 -0.0340015247 0 0
-2.57693 0.62912 -1.80495 -0.0677038139 -0.997456188 -0.0223012563 0 0
-2.578883 0.629243 -1.805594 -0.0494022723 -0.998645934 -0.0163007498 0 0
-2.584095 0.62912 -1.79481 -0.0441022321 -0.997450482 -0.0561028394 0 0
-2.587618 0.62912 -1.792553 -0.0321016876 -0.997452437 -0.063703349 0 0
-2.585359 0.629243 -1.79643 -0.0322014232 -0.998644136 -0.0409018077 0 0
-2.588543 0.629243 -1.79439 -0.0234011411 -0.998648695 -0.0464022626 0 0
-2.612062 0.629009 -1.794459 0.0609022333 -0.995636511 -0.0707025927 0 0
-2.615852 0.628916 -1.797128 0.0811044779 -0.994654916 -0.0639035282 0 0
-2.615147 0.629009 -1.797678 0.0733028757 -0.99563906 -0.0577022637 0 0
-2.612645 0.628916 -1.793782 0.067403803 -0.99465612 -0.0782044124 0 0
-2.616387 0.628846 -1.79671 0.0628001746 -0.996802771 -0.0494001373 0 0
-2.613088 0.628846 -1.793268 0.0522001219 -0.996802328 -0.0605001413 0 0
-2.618346 0.628916 -1.801021 0.0920970778 -0.99466844 -0.0463985278 0 0
-2.617546 0.629009 -1.801424 0.083303588 -0.995642883 -0.0419018047 0 0
-2.618953 0.628846 -1.800715 0.071201377 -0.996819279 -0.0358006924 0 0
-2.608864 0.628916 -1.791103 0.0512026449 -0.99465138 -0.0897046338 0 0
-2.608423 0.629009 -1.791881 0.0463017583 -0.99563781 -0.0810030762 0 0
-2.604646 0.628916 -1.78921 0.0322987827 -0.994662512 -0.0979963066 0 0
-2.604365 0.629009 -1.790059 0.0292013981 -0.995647668 -0.0885042372 0 0
-2.609198 0.628846 -1.790512 0.0396001038 -0.996802612 -0.0694001818 0 0
-2.604859 0.628846 -1.788564 0.0250004284 -0.996817081 -0.0757012972 0 0
-2.607757 0.62912 -1.793058 0.0354017007 -0.997447919 -0.0620029787 0 0
-2.611179 0.62912 -1.795483 0.0466024625 -0.997452707 -0.0540028536 0 0
-2.606746 0.629243 -1.794847 0.0258011528 -0.99864462 -0.0452020197 0 0
-2.609838 0.629243 -1.797038 0.0340015247 -0.99864478 -0.0394017668 0 0
-2.603941 0.62912 -1.791345 0.0223011052 -0.99744943 -0.0678033601 0 0
-2.603296 0.629243 -1.793298 0.0163007498 -0.998645934 -0.0494022723 0 0
-2.614081 0.62912 -1.79851 0.0561028394 -0.997450482 -0.0441022321 0 0
-2.616337 0.62912 -1.802033 0.063703349 -0.997452437 -0.0321016876 0 0
-2.612461 0.629243 -1.799774 0.0409018077 -0.998644136 -0.0322014232 0 0
-2.6145 0.629243 -1.802958 0.0464022626 -0.998648695 -0.0234011411 0 0
-2.614431 0.629009 -1.826477 0.0707025927 -0.995636511 0.0609022333 0 0
-2.611762 0.628916 -1.830267 0.0639035282 -0.994654916 0.0811044779 0 0
-2.611212 0.629009 -1.829562 0.0577022637 -0.99563906 0.0733028757 0 0
-2.615108 0.628916 -1.82706 0.0782044124 -0.99465612 0.067403803 0 0
-2.61218 0.628846 -1.830802 0.0494004473 -0.996809026 0.0627005678 0 0
-2.615622 0.628846 -1.827503 0.0605001413 -0.996802328 0.0522001219 0 0
-2.607869 0.628916 -1.832761 0.0463985278 -0.99466844 0.0920970778 0 0
-2.607467 0.629009 -1.831962 0.0419018047 -0.995642883 0.083303588 0 0
-2.608175 0.628846 -1.833368 0.0359008211 -0.996822798 0.0711016261 0 0
-2.617787 0.628916 -1.823279 0.089605432 -0.994660298 0.051203104 0 0
-2.617009 0.629009 -1.822839 0.0810030762 -0.99563781 0.0463017583 0 0
-2.619681 0.628916 -1.819061 0.0979963066 -0.994662512 0.0322987827 0 0
-2.618831 0.629009 -1.81878 0.0885042372 -0.995647668 0.0292013981 0 0
-2.618378 0.628846 -1.823613 0.0693006622 -0.996809525 0.0396003784 0 0
-2.620327 0.628846 -1.819274 0.0757012972 -0.996817081 0.0250004284 0 0
-2.615832 0.62912 -1.822173 0.0620029787 -0.997447919 0.0354017007 0 0
-2.613408 0.62912 -1.825594 0.0540028536 -0.997452707 0.0466024625 0 0
-2.614044 0.629243 -1.821161 0.0452020197 -0.99864462 0.0258011528 0 0
-2.611853 0.629243 -1.824253 0.0394017668 -0.99864478 0.0340015247 0 0
-2.617546 0.62912 -1.818356 0.0677038139 -0.997456188 0.0223012563 0 0
-2.615592 0.629243 -1.817711 0.0494022723 -0.998645934 0.0163007498 0 0
-2.61038 0.62912 -1.828496 0.0441022321 -0.997450482 0.0561028394 0 0
-2.606858 0.62912 -1.830753 0.0321016876 -0.997452437 0.063703349 0 0
-2.609116 0.629243 -1.826876 0.0322014232 -0.998644136 0.0409018077 0 0
-2.605932 0.629243 -1.828916 0.0234011411 -0.998648695 0.0464022626 0 0
-2.598913 0.629009 -1.834293 0.00690022571 -0.995632568 0.0931030455 0 0
-2.594346 0.628916 -1.835085 -0.0122007061 -0.994657567 0.102505933 0 0
-2.594456 0.629009 -1.834198 -0.0110004669 -0.995642256 0.0926039302 0 0
-2.598979 0.628916 -1.835184 0.00760039553 -0.994651763 0.103005361 0 0
-2.594263 0.628846 -1.83576 -0.00940006068 -0.996806434 0.0793005119 0 0
-2.599029 0.628846 -1.835861 0.00589996138 -0.996793476 0.0797994777 0 0
-2.58983 0.628916 -1.834096 -0.0322987827 -0.994662512 0.0979963066 0 0
-2.59011 0.629009 -1.833246 -0.0292013981 -0.995647668 0.0885042372 0 0
-2.589616 0.628846 -1.834742 -0.0250004284 -0.996817081 0.0757012972 0 0
-2.603547 0.628916 -1.834404 0.0272015075 -0.994655125 0.0996055203 0 0
-2.603309 0.629009 -1.833543 0.0245009848 -0.995640021 0.0900036178 0 0
-2.603729 0.628846 -1.835059 0.0210000457 -0.996802168 0.0771001677 0 0
-2.602947 0.62912 -1.83224 0.0187010296 -0.997454916 0.0688037881 0 0
-2.598814 0.62912 -1.832945 0.00520025159 -0.997448258 0.0712034449 0 0
-2.602398 0.629243 -1.83026 0.0137006187 -0.998645095 0.0502022669 0 0
-2.598662 0.629243 -1.830897 0.00380017099 -0.998644935 0.0519023354 0 0
-2.594621 0.62912 -1.832856 -0.00840040268 -0.997447814 0.0709033988 0 0
-2.590534 0.62912 -1.831961 -0.0223011052 -0.99744943 0.0678033601 0 0
-2.594873 0.629243 -1.830817 -0.00610026823 -0.998643911 0.0517022734 0 0
-2.591179 0.629243 -1.830008 -0.0163007498 -0.998645934 0.0494022723 0 0
-2.574598 0.629009 -1.813328 -0.0931030455 -0.995632568 0.00690022571 0 0
-2.573805 0.628916 -1.808761 -0.102505933 -0.994657567 -0.0122007061 0 0
-2.574692 0.629009 -1.808871 -0.0926039302 -0.995642256 -0.0110004669 0 0
-2.573707 0.628916 -1.813394 -0.103005361 -0.994651763 0.00760039553 0 0
-2.574486 0.628916 -1.817963 -0.0996055203 -0.994655125 0.0272015075 0 0
-2.575348 0.629009 -1.817724 -0.0900036178 -0.995640021 0.0245009848 0 0
-2.57613 0.628916 -1.822284 -0.0920970778 -0.99466844 0.0463985278 0 0
-2.576929 0.629009 -1.821882 -0.083303588 -0.995642883 0.0419018047 0 0
-2.576651 0.62912 -1.817362 -0.0688036591 -0.997453046 0.0188009999 0 0
-2.575946 0.62912 -1.813229 -0.0712034449 -0.997448258 0.00520025159 0 0
-2.578631 0.629243 -1.816813 -0.0502022669 -0.998645095 0.0137006187 0 0
-2.577993 0.629243 -1.813077 -0.0519023354 -0.998644935 0.00380017099 0 0
-2.578138 0.62912 -1.821273 -0.063703349 -0.997452437 0.0321016876 0 0
-2.579975 0.629243 -1.820348 -0.0464022626 -0.998648695 0.0234011411 0 0
-2.576034 0.62912 -1.809036 -0.0709033988 -0.997447814 -0.00840040268 0 0
-2.578074 0.629243 -1.809288 -0.0517022734 -0.998643911 -0.00610026823 0 0
-2.582414 0.629009 -1.828846 -0.0609022333 -0.995636511 0.0707025927 0 0
-2.578624 0.628916 -1.826177 -0.0811044779 -0.994654916 0.0639035282 0 0
-2.579328 0.629009 -1.825627 -0.0733028757 -0.99563906 0.0577022637 0 0
-2.58183 0.628916 -1.829523 -0.0674032755 -0.994648336 0.0783038053 0 0
-2.578088 0.628846 -1.826595 -0.0628001746 -0.996802771 0.0494001373 0 0
-2.581387 0.628846 -1.830037 -0.0522001219 -0.996802328 0.0605001413 0 0
-2.585612 0.628916 -1.832202 -0.0512026449 -0.99465138 0.0897046338 0 0
-2.586052 0.629009 -1.831424 -0.0463017583 -0.99563781 0.0810030762 0 0
-2.585277 0.628846 -1.832794 -0.0396001038 -0.996802612 0.0694001818 0 0
-2.586718 0.62912 -1.830247 -0.0354017007 -0.997447919 0.0620029787 0 0
-2.583296 0.62912 -1.827823 -0.0466024625 -0.997452707 0.0540028536 0 0
-2.587729 0.629243 -1.828459 -0.0258011528 -0.99864462 0.0452020197 0 0
-2.584637 0.629243 -1.826268 -0.0340015247 -0.99864478 0.0394017668 0 0
-2.580395 0.62912 -1.824796 -0.0561028394 -0.997450482 0.0441022321 0 0
-2.582014 0.629243 -1.823532 -0.0409018077 -0.998644136 0.0322014232 0 0
-2.595562 0.629009 -1.789013 -0.00690022571 -0.995632568 -0.0931030455 0 0
-2.600129 0.628916 -1.78822 0.0122007061 -0.994657567 -0.102505933 0 0
-2.60002 0.629009 -1.789107 0.0110004669 -0.995642256 -0.0926039302 0 0
-2.595496 0.628916 -1.788122 -0.00760039553 -0.994651763 -0.103005361 0 0
-2.600212 0.628846 -1.787546 0.00940006068 -0.996806434 -0.0793005119 0 0
-2.595446 0.628846 -1.787445 -0.00589996138 -0.996793476 -0.0797994777 0 0
-2.590928 0.628916 -1.788901 -0.0271015756 -0.994657826 -0.0996057908 0 0
-2.591167 0.629009 -1.789763 -0.0245009848 -0.995640021 -0.0900036178 0 0
-2.590746 0.628846 -1.788247 -0.0210000457 -0.996802168 -0.0771001677 0 0
-2.591528 0.62912 -1.791066 -0.0187010296 -0.997454916 -0.0688037881 0 0
-2.595662 0.62912 -1.790361 -0.00520025159 -0.997448258 -0.0712034449 0 0
-2.592077 0.629243 -1.793046 -0.0137006187 -0.998645095 -0.0502022669 0 0
-2.595813 0.629243 -1.792408 -0.00380017099 -0.998644935 -0.0519023354 0 0
-2.599854 0.62912 -1.79045 0.00840040268 -0.997447814 -0.0709033988 0 0
-2.599602 0.629243 -1.792489 0.00610026823 -0.998643911 -0.0517022734 0 0
-2.598183 0.629498 -1.824422 0.00240010998 -0.999445796 0.0332015213 0 0
-2.59524 0.629373 -1.827838 -0.00460002309 -0.999205016 0.0396001988 0 0
-2.595634 0.629496 -1.824435 -0.00370014257 -0.999438509 0.0333012831 0 0
-2.598441 0.629373 -1.827906 0.00290002155 -0.999207424 0.039700295 0 0
-2.592121 0.629373 -1.827155 -0.0125000892 -0.999207129 0.0378002697 0 0
-2.593173 0.629494 -1.823966 -0.0105003433 -0.999432677 0.0320010463 0 0
-2.601596 0.629373 -1.827368 0.0104000465 -0.999204471 0.0385001723 0 0
-2.600706 0.629496 -1.82406 0.00850035745 -0.999442027 0.0323013583 0 0
-2.604581 0.629373 -1.826233 0.0179001037 -0.99920579 0.0356002063 0 0
-2.60307 0.629494 -1.823233 0.0151005408 -0.999435795 0.0300010745 0 0
-2.599893 0.629598 -1.820831 0.00700000028 -0.99960004 0.0274000011 0 0
-2.597922 0.629605 -1.820893 0.002000023 -0.999611496 0.0278003197 0 0
-2.599328 0.629675 -1.817907 0.00660026768 -0.999740545 0.0218008842 0 0
-2.59768 0.629687 -1.817636 0.00159994467 -0.999765429 0.0215992531 0 0
-2.601667 0.629592 -1.820447 0.0128998255 -0.999586476 0.0256996523 0 0
-2.600661 0.62965 -1.818449 0.0111998722 -0.999688594 0.0222997456 0 0
-2.595962 0.629598 -1.821122 -0.00289999448 -0.999598096 0.0281999463 0 0
-2.594151 0.629592 -1.821003 -0.00899988098 -0.999586781 0.027299639 0 0
-2.596091 0.629675 -1.818146 -0.00330012914 -0.999739121 0.0226008844 0 0
-2.594852 0.62965 -1.818879 -0.00779991178 -0.999688694 0.023699732 0 0
-2.577377 0.630635 -1.79453 0.757203313 0.0190000831 0.652902856 0 0
-2.581011 0.63281 -1.790858 0.614249173 -0.118509487 0.780162455 0 0
-2.581096 0.630635 -1.790966 0.618526752 0.0190008218 0.785533975 0 0
-2.577274 0.63281 -1.794441 0.752020636 -0.118403249 0.648417793 0 0
-2.580603 0.636591 -1.790334 0.604926705 -0.209109231 0.768333919 0 0
-2.576771 0.636591 -1.794007 0.740654955 -0.209015508 0.638547379 0 0
-2.585361 0.63281 -1.788072 0.446609939 -0.118702642 0.886819736 0 0
-2.585422 0.630635 -1.788194 0.449730288 0.0191012864 0.892960138 0 0
-2.585061 0.636591 -1.787478 0.43981643 -0.209407823 0.873332624 0 0
-2.574281 0.63281 -1.798665 0.862094849 -0.118499292 0.492697056 0 0
-2.5744 0.630635 -1.798732 0.868043312 0.0190009481 0.496124755 0 0
-2.572165 0.63281 -1.803377 0.942902103 -0.118700265 0.311200694 0 0
-2.572295 0.630635 -1.80342 0.94942442 0.0192004938 0.313408061 0 0
-2.573702 0.636591 -1.798338 0.849024261 -0.209105975 0.485213865 0 0
-2.571533 0.636591 -1.803168 0.92855888 -0.209390727 0.306486428 0 0
-2.574308 0.629586 -1.79868 0.860979724 0.128696969 0.492088411 0 0
-2.577297 0.629586 -1.794461 0.751120498 0.12860351 0.647517671 0 0
-2.574252 0.629181 -1.798648 0.822992984 -0.318597284 0.470295991 0 0
-2.577248 0.629181 -1.794419 0.717927433 -0.318612174 0.61892365 0 0
-2.572194 0.629586 -1.803386 0.941659322 0.129108133 0.310819581 0 0
-2.58103 0.629586 -1.790882 0.613509663 0.128802029 0.779112271 0 0
-2.585374 0.629586 -1.788099 0.446120571 0.128905944 0.885640838 0 0
-2.580991 0.629181 -1.790832 0.586318003 -0.318309774 0.744922873 0 0
-2.585346 0.629181 -1.788042 0.426433722 -0.318025149 0.846766961 0 0
-2.569893 0.68062 -1.788077 0.755333077 -0.07330321 0.651228518 0 0
-2.566396 0.673481 -1.794204 0.861456212 -0.124508124 0.492332126 0 0
-2.565794 0.68062 -1.793863 0.865876097 -0.0734064512 0.494843489 0 0
-2.570417 0.673481 -1.788529 0.751489889 -0.124498325 0.647891283 0 0
-2.567413 0.665931 -1.79478 0.853527015 -0.183105795 0.48781544 0 0
-2.571302 0.665931 -1.789292 0.744617212 -0.18300423 0.641914838 0 0
-2.563554 0.673481 -1.800534 0.94219438 -0.124699256 0.310998145 0 0
-2.562896 0.68062 -1.800317 0.947033142 -0.0735025723 0.31261094 0 0
-2.564665 0.665931 -1.800901 0.933524855 -0.183304881 0.308108203 0 0
-2.575438 0.673481 -1.783716 0.61379176 -0.124498329 0.779589534 0 0
-2.575013 0.68062 -1.783171 0.616905512 -0.0734006558 0.783607002 0 0
-2.581281 0.673481 -1.779973 0.446320757 -0.1247058 0.886141211 0 0
-2.58097 0.68062 -1.779354 0.448602086 -0.0735003418 0.890704142 0 0
-2.576157 0.665931 -1.784638 0.60812646 -0.183107967 0.772433609 0 0
-2.581808 0.665931 -1.781018 0.442194753 -0.183297825 0.877989583 0 0
-2.574798 0.687517 -1.782896 0.618211301 -0.0354006471 0.785214354 0 0
-2.569629 0.687517 -1.78785 0.756935191 -0.0354016459 0.652530337 0 0
-2.574712 0.694344 -1.782785 0.618521148 -0.0149005095 0.785626861 0 0
-2.569524 0.694344 -1.787759 0.757298595 -0.0148999724 0.652898789 0 0
-2.580813 0.687517 -1.779043 0.449529951 -0.0355023654 0.892559469 0 0
-2.58075 0.694344 -1.778918 0.449802013 -0.0149000667 0.893003996 0 0
-2.56549 0.687517 -1.793692 0.8676435 -0.0354017749 0.495924864 0 0
-2.562565 0.687517 -1.800208 0.949021121 -0.0355007901 0.31320697 0 0
-2.565369 0.694344 -1.793623 0.868128288 -0.0149004855 0.496116166 0 0
-2.562432 0.694344 -1.800164 0.949503883 -0.0149000609 0.313401282 0 0
-2.61436 0.630635 -1.791793 -0.652902856 0.0190000831 0.757203313 0 0
-2.618032 0.63281 -1.795427 -0.780162455 -0.118509487 0.614249173 0 0
-2.617924 0.630635 -1.795511 -0.785533975 0.0190008218 0.618526752 0 0
-2.61445 0.63281 -1.791689 -0.648417793 -0.118403249 0.752020636 0 0
-2.618556 0.636591 -1.795018 -0.768333919 -0.209109231 0.604926705 0 0
-2.614884 0.636591 -1.791186 -0.638547379 -0.209015508 0.740654955 0 0
-2.620818 0.63281 -1.799776 -0.886819736 -0.118702642 0.446609939 0 0
-2.620696 0.630635 -1.799837 -0.892921676 0.0190004612 0.449810919 0 0
-2.621413 0.636591 -1.799477 -0.87329421 -0.209398612 0.439897083 0 0
-2.610225 0.63281 -1.788696 -0.492697056 -0.118499292 0.862094849 0 0
-2.610158 0.630635 -1.788815 -0.496124755 0.0190009481 0.868043312 0 0
-2.605513 0.63281 -1.78658 -0.311200694 -0.118700265 0.942902103 0 0
-2.605471 0.630635 -1.78671 -0.313408661 0.0191005279 0.949426238 0 0
-2.610553 0.636591 -1.788118 -0.485213865 -0.209105975 0.849024261 0 0
-2.605722 0.636591 -1.785949 -0.306486428 -0.209390727 0.92855888 0 0
-2.61021 0.629586 -1.788723 -0.491999948 0.128899986 0.86099991 0 0
-2.61443 0.629586 -1.791712 -0.64754964 0.128809874 0.751057575 0 0
-2.610242 0.629181 -1.788667 -0.470302213 -0.318301498 0.823103873 0 0
-2.614472 0.629181 -1.791664 -0.619024771 -0.318412742 0.717928728 0 0
-2.605504 0.629586 -1.78661 -0.310823592 0.129009792 0.941671476 0 0
-2.605524 0.629181 -1.786549 -0.297201199 -0.318001283 0.900303633 0 0
-2.618008 0.629586 -1.795446 -0.779139983 0.12900662 0.613431479 0 0
-2.620791 0.629586 -1.79979 -0.885606549 0.129200955 0.446103299 0 0
-2.618059 0.629181 -1.795406 -0.744879196 -0.31829111 0.586383623 0 0
-2.620848 0.629181 -1.799761 -0.84678607 -0.317894771 0.426492984 0 0
-2.617098 0.630635 -1.828776 -0.757203313 0.0190000831 -0.652902856 0 0
-2.613464 0.63281 -1.832447 -0.614249173 -0.118509487 -0.780162455 0 0
-2.61338 0.630635 -1.832339 -0.618525573 0.0191007897 -0.785532479 0 0
-2.617201 0.63281 -1.828865 -0.752020636 -0.118403249 -0.648417793 0 0
-2.613873 0.636591 -1.832971 -0.604926705 -0.209109231 -0.768333919 0 0
-2.617704 0.636591 -1.829299 -0.740654955 -0.209015508 -0.638547379 0 0
-2.609115 0.63281 -1.835234 -0.446609939 -0.118702642 -0.886819736 0 0
-2.609053 0.630635 -1.835111 -0.449810062 0.0191004273 -0.892919975 0 0
-2.609414 0.636591 -1.835828 -0.439897083 -0.209398612 -0.87329421 0 0
-2.620194 0.63281 -1.824641 -0.862094849 -0.118499292 -0.492697056 0 0
-2.620075 0.630635 -1.824573 -0.868041658 0.0191009167 -0.49612381 0 0
-2.62231 0.63281 -1.819929 -0.942902103 -0.118700265 -0.311200694 0 0
-2.62218 0.630635 -1.819886 -0.949426238 0.0191005279 -0.313408661 0 0
-2.620773 0.636591 -1.824968 -0.849024261 -0.209105975 -0.485213865 0 0
-2.622942 0.636591 -1.820137 -0.92855888 -0.209390727 -0.306486428 0 0
-2.620168 0.629586 -1.824626 -0.860962934 0.12900943 -0.492035967 0 0
-2.617178 0.629586 -1.828845 -0.751110835 0.128701857 -0.64750934 0 0
-2.620224 0.629181 -1.824657 -0.823103873 -0.318301498 -0.470302213 0 0
-2.617227 0.629181 -1.828887 -0.717950305 -0.318522318 -0.618943368 0 0
-2.622281 0.629586 -1.819919 -0.941634987 0.129304804 -0.310811548 0 0
-2.622342 0.629181 -1.819939 -0.900332259 -0.317911391 -0.297210649 0 0
-2.613445 0.629586 -1.832423 -0.613509663 0.128802029 -0.779112271 0 0
-2.609101 0.629586 -1.835206 -0.446114818 0.129004285 -0.885629417 0 0
-2.613484 0.629181 -1.832474 -0.586318003 -0.318309774 -0.744922873 0 0
-2.60913 0.629181 -1.835264 -0.426492984 -0.317894771 -0.84678607 0 0
-2.571087 0.630635 -1.813588 0.997092098 0.0189998494 -0.0737994151 0 0
-2.57106 0.63281 -1.808422 0.986001213 -0.118500146 0.117300144 0 0
-2.571196 0.630635 -1.808439 0.992817742 0.0191003413 0.118102111 0 0
-2.57095 0.63281 -1.813598 0.990255708 -0.118406661 -0.0733041238 0 0
-2.5704 0.636591 -1.808341 0.971046582 -0.209110031 0.115505541 0 0
-2.570288 0.636591 -1.813647 0.975244433 -0.209009523 -0.0722032897 0 0
-2.571821 0.63281 -1.818702 0.957984821 -0.118498122 -0.261195861 0 0
-2.571953 0.630635 -1.818665 0.96463165 0.0191006267 -0.262908626 0 0
-2.573657 0.63281 -1.82353 0.886819736 -0.118702642 -0.446609939 0 0
-2.573779 0.630635 -1.823468 0.892919975 0.0191004273 -0.449810062 0 0
-2.57118 0.636591 -1.81888 0.943457454 -0.209112734 -0.257215664 0 0
-2.573063 0.636591 -1.823829 0.87329421 -0.209398612 -0.439897083 0 0
-2.57185 0.629586 -1.818694 0.956732276 0.129004352 -0.260808799 0 0
-2.570981 0.629586 -1.813596 0.988978772 0.128697238 -0.0731984288 0 0
-2.573684 0.629586 -1.823516 0.885629417 0.129004285 -0.446114818 0 0
-2.57109 0.629586 -1.808426 0.984731541 0.128804126 0.117103751 0 0
-2.580115 0.630635 -1.831513 0.652902856 0.0190000831 -0.757203313 0 0
-2.576443 0.63281 -1.827879 0.780162455 -0.118509487 -0.614249173 0 0
-2.576551 0.630635 -1.827795 0.785533975 0.0190008218 -0.618526752 0 0
-2.580025 0.63281 -1.831617 0.648417793 -0.118403249 -0.752020636 0 0
-2.575919 0.636591 -1.828288 0.768333919 -0.209109231 -0.604926705 0 0
-2.579592 0.636591 -1.83212 0.638547379 -0.209015508 -0.740654955 0 0
-2.58425 0.63281 -1.83461 0.492697056 -0.118499292 -0.862094849 0 0
-2.584317 0.630635 -1.83449 0.496124755 0.0190009481 -0.868043312 0 0
-2.588962 0.63281 -1.836725 0.311200694 -0.118700265 -0.942902103 0 0
-2.589005 0.630635 -1.836595 0.313408661 0.0191005279 -0.949426238 0 0
-2.583922 0.636591 -1.835188 0.485213865 -0.209105975 -0.849024261 0 0
-2.588753 0.636591 -1.837357 0.306486428 -0.209390727 -0.92855888 0 0
-2.584265 0.629586 -1.834583 0.492042313 0.128911086 -0.860974038 0 0
-2.580045 0.629586 -1.831593 0.64754964 0.128809874 -0.751057575 0 0
-2.584233 0.629181 -1.834639 0.470302213 -0.318301498 -0.823103873 0 0
-2.580004 0.629181 -1.831642 0.61904448 -0.318322872 -0.717951587 0 0
-2.588971 0.629586 -1.836696 0.310823592 0.129009792 -0.941671476 0 0
-2.588951 0.629181 -1.836757 0.297201199 -0.318001283 -0.900303633 0 0
-2.576467 0.629586 -1.82786 0.779112271 0.128802029 -0.613509663 0 0
-2.576417 0.629181 -1.827899 0.744854641 -0.318423359 -0.586343013 0 0
-2.595302 0.630635 -1.785502 0.0737994151 0.0189998494 0.997092098 0 0
-2.600468 0.63281 -1.785475 -0.117300144 -0.118500146 0.986001213 0 0
-2.600451 0.630635 -1.785611 -0.118102335 0.0190003757 0.992819633 0 0
-2.595292 0.63281 -1.785365 0.0733041238 -0.118406661 0.990255708 0 0
-2.600549 0.636591 -1.784816 -0.115505541 -0.209110031 0.971046582 0 0
-2.595243 0.636591 -1.784703 0.0722032897 -0.209009523 0.975244433 0 0
-2.590189 0.63281 -1.786236 0.261102682 -0.118501217 0.958009839 0 0
-2.590225 0.630635 -1.786368 0.262908626 0.0191006267 0.96463165 0 0
-2.590011 0.636591 -1.785596 0.257215664 -0.209112734 0.943457454 0 0
-2.590197 0.629586 -1.786266 0.260815523 0.128807666 0.956756943 0 0
-2.595294 0.629586 -1.785396 0.0731974864 0.128795577 0.98896604 0 0
-2.59018 0.629181 -1.786204 0.249421763 -0.318327775 0.914579801 0 0
-2.595289 0.629181 -1.785332 0.0699050103 -0.318422822 0.945367757 0 0
-2.600464 0.629586 -1.785506 -0.117103751 0.128804126 0.984731541 0 0
-2.600472 0.629181 -1.785442 -0.112100524 -0.318401487 0.941304396 0 0
-2.623389 0.630635 -1.809717 -0.997090199 0.0190998122 0.0737992746 0 0
-2.623415 0.63281 -1.814883 -0.986001213 -0.118500146 -0.117300144 0 0
-2.623279 0.630635 -1.814866 -0.992817742 0.0191003413 -0.118102111 0 0
-2.623525 0.63281 -1.809707 -0.990255708 -0.118406661 0.0733041238 0 0
-2.624075 0.636591 -1.814965 -0.971046582 -0.209110031 -0.115505541 0 0
-2.624187 0.636591 -1.809658 -0.975244433 -0.209009523 0.0722032897 0 0
-2.622654 0.63281 -1.804604 -0.957984821 -0.118498122 0.261195861 0 0
-2.622522 0.630635 -1.80464 -0.964608122 0.01900016 0.263002214 0 0
-2.623295 0.636591 -1.804426 -0.943457454 -0.209112734 0.257215664 0 0
-2.622625 0.629586 -1.804612 -0.956756943 0.128807666 0.260815523 0 0
-2.623494 0.629586 -1.809709 -0.988991495 0.128598894 0.0731993705 0 0
-2.622687 0.629181 -1.804595 -0.914550681 -0.318417646 0.249413822 0 0
-2.623558 0.629181 -1.809705 -0.945367757 -0.318422822 0.0699050103 0 0
-2.623385 0.629586 -1.814879 -0.984706154 0.129000806 -0.117100732 0 0
-2.623448 0.629181 -1.814887 -0.941375708 -0.318191789 -0.112097107 0 0
-2.599173 0.630635 -1.837804 -0.0737994151 0.0189998494 -0.997092098 0 0
-2.594007 0.63281 -1.83783 0.117300144 -0.118500146 -0.986001213 0 0
-2.594024 0.630635 -1.837695 0.118102335 0.0190003757 -0.992819633 0 0
-2.599183 0.63281 -1.83794 -0.0733041238 -0.118406661 -0.990255708 0 0
-2.593926 0.636591 -1.83849 0.115505541 -0.209110031 -0.971046582 0 0
-2.599232 0.636591 -1.838603 -0.0721038054 -0.209011031 -0.97525147 0 0
-2.604287 0.63281 -1.83707 -0.261195861 -0.118498122 -0.957984821 0 0
-2.60425 0.630635 -1.836938 -0.262909127 0.0190006596 -0.964633488 0 0
-2.604464 0.636591 -1.83771 -0.257215664 -0.209112734 -0.943457454 0 0
-2.604278 0.629586 -1.83704 -0.260812162 0.128906011 -0.956744614 0 0
-2.599181 0.629586 -1.837909 -0.0731974864 0.128795577 -0.98896604 0 0
-2.604296 0.629181 -1.837102 -0.249421763 -0.318327775 -0.914579801 0 0
-2.599186 0.629181 -1.837974 -0.0700045277 -0.318420595 -0.945361143 0 0
-2.594011 0.629586 -1.8378 0.117103751 0.128804126 -0.984731541 0 0
-2.594003 0.629181 -1.837864 0.112104092 -0.31831162 -0.941334364 0 0
-2.573341 0.708231 -1.839369 0.652812426 0.0215004093 -0.757214414 0 0
-2.579176 0.701269 -1.843578 0.496203543 -0.000200001428 -0.868206199 0 0
-2.579206 0.708231 -1.843524 0.496099638 0.0214999843 -0.867999366 0 0
-2.573301 0.701269 -1.839415 0.653028626 -0.000200008768 -0.757333198 0 0
-2.579208 0.694344 -1.843522 0.496116166 -0.0149004855 -0.868128288 0 0
-2.573343 0.694344 -1.839367 0.652898789 -0.0148999724 -0.757298595 0 0
-2.585729 0.701269 -1.84652 0.313406306 -0.000200004024 -0.949619107 0 0
-2.585748 0.708231 -1.846462 0.313393392 0.0214995467 -0.949379983 0 0
-2.585749 0.694344 -1.846459 0.313401282 -0.0149000609 -0.949503883 0 0
-2.568319 0.701269 -1.834218 0.785703736 -0.000200000951 -0.618602941 0 0
-2.568368 0.708231 -1.83418 0.785494207 0.0214998414 -0.618495439 0 0
-2.564445 0.701269 -1.828169 0.89312336 -0.000200005231 -0.449811765 0 0
-2.5645 0.708231 -1.828142 0.892916631 0.0215004004 -0.449708376 0 0
-2.56837 0.694344 -1.834178 0.785626861 -0.0149005095 -0.618521148 0 0
-2.564502 0.694344 -1.828141 0.893003996 -0.0149000667 -0.449802013 0 0
-2.568555 0.715168 -1.834034 0.78469147 0.0508994467 -0.617793285 0 0
-2.573497 0.715168 -1.839189 0.652111027 0.0509008607 -0.756412791 0 0
-2.568922 0.722017 -1.833748 0.782628406 0.0888032232 -0.616122363 0 0
-2.5738 0.722017 -1.838837 0.650391883 0.0887988918 -0.754390585 0 0
-2.564712 0.715168 -1.828035 0.891959206 0.0510033855 -0.449229819 0 0
-2.565128 0.722017 -1.827825 0.889602059 0.0889002058 -0.448001037 0 0
-2.579323 0.715168 -1.843317 0.495506573 0.0509006752 -0.867111502 0 0
-2.585822 0.715168 -1.846235 0.312994904 0.0509991697 -0.948384561 0 0
-2.579552 0.722017 -1.842913 0.494243206 0.0888077635 -0.864775598 0 0
-2.585968 0.722017 -1.845794 0.312214098 0.0889040147 -0.945842711 0 0
-2.599903 0.68062 -1.847658 -0.0735993004 -0.0732993033 -0.994590546 0 0
-2.606708 0.673481 -1.845799 -0.261019174 -0.124509146 -0.957270319 0 0
-2.606893 0.68062 -1.846466 -0.26229768 -0.0733993508 -0.962191489 0 0
-2.599852 0.673481 -1.846969 -0.0732011441 -0.124501946 -0.989515466 0 0
-2.606395 0.665931 -1.844673 -0.2585933 -0.183095256 -0.948475425 0 0
-2.599765 0.665931 -1.845804 -0.0726020358 -0.183005132 -0.980427492 0 0
-2.613194 0.673481 -1.843333 -0.446320757 -0.1247058 -0.886141211 0 0
-2.613505 0.68062 -1.843951 -0.448602086 -0.0735003418 -0.890704142 0 0
-2.612667 0.665931 -1.842288 -0.442194753 -0.183297825 -0.877989583 0 0
-2.592898 0.673481 -1.846821 0.117196942 -0.124496752 -0.985274295 0 0
-2.592813 0.68062 -1.847508 0.117802445 -0.0734015235 -0.990320554 0 0
-2.586119 0.673481 -1.845337 0.310998145 -0.124699256 -0.94219438 0 0
-2.585902 0.68062 -1.845994 0.31261094 -0.0735025723 -0.947033142 0 0
-2.593041 0.665931 -1.845661 0.116101668 -0.183102631 -0.976214028 0 0
-2.586486 0.665931 -1.844226 0.308108203 -0.183304881 -0.933524855 0 0
-2.59277 0.687517 -1.847854 0.11799794 -0.0353993819 -0.992382673 0 0
-2.599928 0.687517 -1.848006 -0.0737038176 -0.0354018337 -0.996651623 0 0
-2.592753 0.694344 -1.847993 0.118098817 -0.0148998508 -0.992890056 0 0
-2.599939 0.694344 -1.848145 -0.0737971851 -0.0148994317 -0.997161964 0 0
-2.585793 0.687517 -1.846326 0.31320697 -0.0355007901 -0.949021121 0 0
-2.606986 0.687517 -1.846802 -0.262893269 -0.0353990936 -0.964175313 0 0
-2.613662 0.687517 -1.844263 -0.449529951 -0.0355023654 -0.892559469 0 0
-2.607023 0.694344 -1.846937 -0.262995121 -0.0148997236 -0.964682105 0 0
-2.613725 0.694344 -1.844388 -0.449802013 -0.0149000667 -0.893003996 0 0
-2.633243 0.68062 -1.808988 -0.994590546 -0.0732993033 0.0735993004 0 0
-2.631384 0.673481 -1.802183 -0.957270319 -0.124509146 0.261019174 0 0
-2.632051 0.68062 -1.801998 -0.962191489 -0.0733993508 0.26229768 0 0
-2.632554 0.673481 -1.809039 -0.989515466 -0.124501946 0.0732011441 0 0
-2.630258 0.665931 -1.802495 -0.948475425 -0.183095256 0.2585933 0 0
-2.631389 0.665931 -1.809125 -0.980434605 -0.183006459 0.072502559 0 0
-2.628917 0.673481 -1.795697 -0.886141211 -0.1247058 0.446320757 0 0
-2.629536 0.68062 -1.795385 -0.890704142 -0.0735003418 0.448602086 0 0
-2.627872 0.665931 -1.796223 -0.877989583 -0.183297825 0.442194753 0 0
-2.632406 0.673481 -1.815993 -0.985274295 -0.124496752 -0.117196942 0 0
-2.633093 0.68062 -1.816077 -0.990320554 -0.0734015235 -0.117802445 0 0
-2.630921 0.673481 -1.822771 -0.94219438 -0.124699256 -0.310998145 0 0
-2.631579 0.68062 -1.822988 -0.947033142 -0.0735025723 -0.31261094 0 0
-2.631246 0.665931 -1.815849 -0.976214028 -0.183102631 -0.116101668 0 0
-2.62981 0.665931 -1.822404 -0.933524855 -0.183304881 -0.308108203 0 0
-2.633439 0.687517 -1.81612 -0.992367441 -0.0354988353 -0.118096125 0 0
-2.633591 0.687517 -1.808962 -0.996651623 -0.0354018337 0.0737038176 0 0
-2.633578 0.694344 -1.816137 -0.992890056 -0.0148998508 -0.118098817 0 0
-2.63373 0.694344 -1.808952 -0.997161964 -0.0148994317 0.0737971851 0 0
-2.631911 0.687517 -1.823098 -0.949021121 -0.0355007901 -0.31320697 0 0
-2.632043 0.694344 -1.823141 -0.949503883 -0.0149000609 -0.313401282 0 0
-2.632387 0.687517 -1.801904 -0.964175313 -0.0353990936 0.262893269 0 0
-2.629848 0.687517 -1.795228 -0.892559469 -0.0355023654 0.449529951 0 0
-2.632521 0.694344 -1.801867 -0.964682105 -0.0148997236 0.262995121 0 0
-2.629973 0.694344 -1.795165 -0.893003996 -0.0149000667 0.449802013 0 0
-2.594573 0.68062 -1.775647 0.0735993004 -0.0732993033 0.994590546 0 0
-2.587767 0.673481 -1.777506 0.261019174 -0.124509146 0.957270319 0 0
-2.587582 0.68062 -1.77684 0.26229768 -0.0733993508 0.962191489 0 0
-2.594624 0.673481 -1.776337 0.0732011441 -0.124501946 0.989515466 0 0
-2.58808 0.665931 -1.778633 0.2585933 -0.183095256 0.948475425 0 0
-2.59471 0.665931 -1.777502 0.072502559 -0.183006459 0.980434605 0 0
-2.601577 0.673481 -1.776484 -0.117196942 -0.124496752 0.985274295 0 0
-2.601662 0.68062 -1.775798 -0.117802445 -0.0734015235 0.990320554 0 0
-2.608356 0.673481 -1.777969 -0.310998145 -0.124699256 0.94219438 0 0
-2.608573 0.68062 -1.777311 -0.31261094 -0.0735025723 0.947033142 0 0
-2.601434 0.665931 -1.777644 -0.11620032 -0.183100504 0.97620269 0 0
-2.607989 0.665931 -1.77908 -0.308108203 -0.183304881 0.933524855 0 0
-2.601705 0.687517 -1.775451 -0.11799794 -0.0353993819 0.992382673 0 0
-2.594547 0.687517 -1.7753 0.0738032784 -0.0354015726 0.996644272 0 0
-2.601722 0.694344 -1.775313 -0.118098817 -0.0148998508 0.992890056 0 0
-2.594537 0.694344 -1.77516 0.0737971851 -0.0148994317 0.997161964 0 0
-2.608682 0.687517 -1.77698 -0.31320697 -0.0355007901 0.949021121 0 0
-2.608726 0.694344 -1.776847 -0.313401282 -0.0149000609 0.949503883 0 0
-2.587489 0.687517 -1.776503 0.262893269 -0.0353990936 0.964175313 0 0
-2.587452 0.694344 -1.776369 0.262995121 -0.0148997236 0.964682105 0 0
-2.573662 0.68062 -1.838997 0.651228518 -0.07330321 -0.755333077 0 0
-2.579789 0.673481 -1.842494 0.492332126 -0.124508124 -0.861456212 0 0
-2.579448 0.68062 -1.843097 0.494919003 -0.0734028184 -0.865833244 0 0
-2.574114 0.673481 -1.838473 0.647891283 -0.124498325 -0.751489889 0 0
-2.580364 0.665931 -1.841477 0.48781544 -0.183105795 -0.853527015 0 0
-2.574876 0.665931 -1.837589 0.641914838 -0.18300423 -0.744617212 0 0
-2.569301 0.673481 -1.833452 0.779589534 -0.124498329 -0.61379176 0 0
-2.568755 0.68062 -1.833878 0.783607002 -0.0734006558 -0.616905512 0 0
-2.565558 0.673481 -1.827609 0.886141211 -0.1247058 -0.446320757 0 0
-2.564939 0.68062 -1.82792 0.890704142 -0.0735003418 -0.448602086 0 0
-2.570222 0.665931 -1.832733 0.772433609 -0.183107967 -0.60812646 0 0
-2.566603 0.665931 -1.827083 0.877989583 -0.183297825 -0.442194753 0 0
-2.56848 0.687517 -1.834092 0.78521157 -0.0355005231 -0.618209109 0 0
-2.573435 0.687517 -1.839261 0.652530337 -0.0354016459 -0.756935191 0 0
-2.564627 0.687517 -1.828078 0.892559469 -0.0355023654 -0.449529951 0 0
-2.579276 0.687517 -1.8434 0.495924864 -0.0354017749 -0.8676435 0 0
-2.561232 0.68062 -1.814318 0.994583251 -0.073398764 -0.0735987606 0 0
-2.563091 0.673481 -1.821123 0.957270319 -0.124509146 -0.261019174 0 0
-2.562424 0.68062 -1.821308 0.962191489 -0.0733993508 -0.26229768 0 0
-2.561922 0.673481 -1.814267 0.989515466 -0.124501946 -0.0732011441 0 0
-2.564217 0.665931 -1.820811 0.948475425 -0.183095256 -0.2585933 0 0
-2.563087 0.665931 -1.81418 0.980434605 -0.183006459 -0.072502559 0 0
-2.562069 0.673481 -1.807313 0.985274295 -0.124496752 0.117196942 0 0
-2.561382 0.68062 -1.807228 0.990320554 -0.0734015235 0.117802445 0 0
-2.563229 0.665931 -1.807456 0.976214028 -0.183102631 0.116101668 0 0
-2.561036 0.687517 -1.807185 0.992379155 -0.0354992543 0.117997521 0 0
-2.560884 0.687517 -1.814343 0.996644272 -0.0354015726 -0.0738032784 0 0
-2.560897 0.694344 -1.807168 0.992890056 -0.0148998508 0.118098817 0 0
-2.560745 0.694344 -1.814354 0.997161964 -0.0148994317 -0.0737971851 0 0
-2.562088 0.687517 -1.821401 0.964175313 -0.0353990936 -0.262893269 0 0
-2.561954 0.694344 -1.821438 0.964682105 -0.0148997236 -0.262995121 0 0
-2.624582 0.68062 -1.835228 -0.755333077 -0.07330321 -0.651228518 0 0
-2.628079 0.673481 -1.829101 -0.861456212 -0.124508124 -0.492332126 0 0
-2.628681 0.68062 -1.829442 -0.865876097 -0.0734064512 -0.494843489 0 0
-2.624058 0.673481 -1.834777 -0.751489889 -0.124498325 -0.647891283 0 0
-2.627062 0.665931 -1.828526 -0.853527015 -0.183105795 -0.48781544 0 0
-2.623173 0.665931 -1.834014 -0.744617212 -0.18300423 -0.641914838 0 0
-2.619037 0.673481 -1.83959 -0.61379176 -0.124498329 -0.779589534 0 0
-2.619462 0.68062 -1.840135 -0.616905512 -0.0734006558 -0.783607002 0 0
-2.618318 0.665931 -1.838668 -0.60812646 -0.183107967 -0.772433609 0 0
-2.619677 0.687517 -1.84041 -0.618211301 -0.0354006471 -0.785214354 0 0
-2.624846 0.687517 -1.835456 -0.756935191 -0.0354016459 -0.652530337 0 0
-2.619763 0.694344 -1.84052 -0.618521148 -0.0149005095 -0.785626861 0 0
-2.624952 0.694344 -1.835547 -0.757298595 -0.0148999724 -0.652898789 0 0
-2.628985 0.687517 -1.829614 -0.8676435 -0.0354017749 -0.495924864 0 0
-2.629107 0.694344 -1.829683 -0.868128288 -0.0149004855 -0.496116166 0 0
-2.620813 0.68062 -1.784309 -0.651228518 -0.07330321 0.755333077 0 0
-2.614686 0.673481 -1.780811 -0.492332126 -0.124508124 0.861456212 0 0
-2.615027 0.68062 -1.780209 -0.494800641 -0.0734000951 0.865901121 0 0
-2.620361 0.673481 -1.784832 -0.647891283 -0.124498325 0.751489889 0 0
-2.614111 0.665931 -1.781829 -0.48781544 -0.183105795 0.853527015 0 0
-2.619599 0.665931 -1.785717 -0.641914838 -0.18300423 0.744617212 0 0
-2.625174 0.673481 -1.789854 -0.779589534 -0.124498329 0.61379176 0 0
-2.62572 0.68062 -1.789428 -0.783607002 -0.0734006558 0.616905512 0 0
-2.624253 0.665931 -1.790573 -0.772433609 -0.183107967 0.60812646 0 0
-2.625995 0.687517 -1.789213 -0.785214354 -0.0354006471 0.618211301 0 0
-2.621041 0.687517 -1.784045 -0.652587754 -0.0353993357 0.756885797 0 0
-2.626105 0.694344 -1.789127 -0.785626861 -0.0149005095 0.618521148 0 0
-2.621132 0.694344 -1.783939 -0.652898789 -0.0148999724 0.757298595 0 0
-2.615199 0.687517 -1.779905 -0.495924864 -0.0354017749 0.8676435 0 0
-2.615268 0.694344 -1.779784 -0.496116166 -0.0149004855 0.868128288 0 0
-2.599767 0.73493 -1.845824 -0.0729008012 0.152501676 -0.985610832 0 0
-2.606638 0.728716 -1.845547 -0.261008252 0.125603971 -0.95713026 0 0
-2.606401 0.73493 -1.844692 -0.259993629 0.152596261 -0.953476635 0 0
-2.599832 0.728716 -1.846708 -0.0731992369 0.125498692 -0.989389686 0 0
-2.606836 0.722017 -1.846262 -0.262018571 0.0888062944 -0.960968111 0 0
-2.599887 0.722017 -1.847448 -0.0735024778 0.0888029936 -0.993333486 0 0
-2.613076 0.728716 -1.843098 -0.446224336 0.125706856 -0.886048322 0 0
-2.612677 0.73493 -1.842306 -0.444526606 0.15270914 -0.882652828 0 0
-2.61341 0.722017 -1.843762 -0.448001037 0.0889002058 -0.889602059 0 0
-2.59293 0.728716 -1.846561 0.117203914 0.125604195 -0.985132899 0 0
-2.593038 0.73493 -1.845681 0.116696989 0.152596062 -0.981374676 0 0
-2.586201 0.728716 -1.845088 0.311017808 0.125707198 -0.942053939 0 0
-2.58648 0.73493 -1.844245 0.309817367 0.15270856 -0.938452607 0 0
-2.592839 0.722017 -1.847298 0.117609633 0.0888072736 -0.989081009 0 0
-2.593148 0.740324 -1.844791 0.116403525 0.171805202 -0.978229621 0 0
-2.599701 0.740324 -1.84493 -0.0726973673 0.171693782 -0.982464421 0 0
-2.593243 0.744562 -1.844023 0.11620596 0.182309351 -0.976350078 0 0
-2.599643 0.744562 -1.844158 -0.0725997267 0.182099314 -0.980596308 0 0
-2.586761 0.740324 -1.843392 0.308789609 0.171894216 -0.935468522 0 0
-2.587004 0.744562 -1.842656 0.308191881 0.182395195 -0.933675403 0 0
-2.606161 0.740324 -1.843828 -0.259111892 0.171807885 -0.950443622 0 0
-2.612273 0.740324 -1.841504 -0.443114344 0.171905565 -0.879828481 0 0
-2.605954 0.744562 -1.843082 -0.258606567 0.18230463 -0.948624091 0 0
-2.611924 0.744562 -1.840812 -0.442309143 0.18240377 -0.878118151 0 0
-2.560742 0.708231 -1.814354 0.997041034 0.0215008849 -0.0738030374 0 0
-2.561892 0.701269 -1.821456 0.964796102 -0.000199999192 -0.262998937 0 0
-2.561951 0.708231 -1.821439 0.964552328 0.0215011665 -0.263014269 0 0
-2.560681 0.701269 -1.814358 0.997273189 -0.000199994623 -0.073798016 0 0
-2.560834 0.701269 -1.80716 0.993001663 -0.000200000335 0.118100198 0 0
-2.560895 0.708231 -1.807168 0.992767932 0.0215014713 0.118108082 0 0
-2.56237 0.701269 -1.800144 0.949619107 -0.000200004024 0.313406306 0 0
-2.562429 0.708231 -1.800163 0.949379983 0.0214995467 0.313393392 0 0
-2.561131 0.715168 -1.807197 0.991708082 0.0509004148 0.118000962 0 0
-2.560979 0.715168 -1.814336 0.995980828 0.0508990202 -0.0736985813 0 0
-2.561592 0.722017 -1.807254 0.989069371 0.0888062286 0.117708256 0 0
-2.561443 0.722017 -1.814302 0.993333486 0.0888029936 -0.0735024778 0 0
-2.562655 0.715168 -1.800238 0.948384561 0.0509991697 0.312994904 0 0
-2.563097 0.722017 -1.800384 0.945842711 0.0889040147 0.312214098 0 0
-2.56218 0.715168 -1.821376 0.963531628 0.0509016709 -0.262708624 0 0
-2.562628 0.722017 -1.821251 0.960968111 0.0888062944 -0.262018571 0 0
-2.624954 0.708231 -1.835549 -0.757214414 0.0215004093 -0.652812426 0 0
-2.629163 0.701269 -1.829715 -0.868206199 -0.000200001428 -0.496203543 0 0
-2.629109 0.708231 -1.829684 -0.867999366 0.0214999843 -0.496099638 0 0
-2.625 0.701269 -1.835589 -0.757333198 -0.000200008768 -0.653028626 0 0
-2.632105 0.701269 -1.823162 -0.949619107 -0.000200004024 -0.313406306 0 0
-2.632046 0.708231 -1.823142 -0.949379983 0.0214995467 -0.313393392 0 0
-2.619803 0.701269 -1.840571 -0.618602941 -0.000200000951 -0.785703736 0 0
-2.619765 0.708231 -1.840523 -0.618495439 0.0214998414 -0.785494207 0 0
-2.613754 0.701269 -1.844446 -0.449811765 -0.000200005231 -0.89312336 0 0
-2.613727 0.708231 -1.844391 -0.449708376 0.0215004004 -0.892916631 0 0
-2.619618 0.715168 -1.840335 -0.617793285 0.0508994467 -0.78469147 0 0
-2.624774 0.715168 -1.835394 -0.756412791 0.0509008607 -0.652111027 0 0
-2.619332 0.722017 -1.839968 -0.616122363 0.0888032232 -0.782628406 0 0
-2.624422 0.722017 -1.83509 -0.754390585 0.0887988918 -0.650391883 0 0
-2.61362 0.715168 -1.844178 -0.449229819 0.0510033855 -0.891959206 0 0
-2.628902 0.715168 -1.829567 -0.867111502 0.0509006752 -0.495506573 0 0
-2.63182 0.715168 -1.823068 -0.948384561 0.0509991697 -0.312994904 0 0
-2.628498 0.722017 -1.829338 -0.864800813 0.0888000835 -0.494200465 0 0
-2.631378 0.722017 -1.822922 -0.945842711 0.0889040147 -0.312214098 0 0
-2.621134 0.708231 -1.783937 -0.652812426 0.0215004093 0.757214414 0 0
-2.615299 0.701269 -1.779728 -0.496203543 -0.000200001428 0.868206199 0 0
-2.615269 0.708231 -1.779781 -0.496099638 0.0214999843 0.867999366 0 0
-2.621174 0.701269 -1.78389 -0.653028626 -0.000200008768 0.757333198 0 0
-2.608747 0.701269 -1.776786 -0.313406306 -0.000200004024 0.949619107 0 0
-2.608727 0.708231 -1.776844 -0.313393392 0.0214995467 0.949379983 0 0
-2.626156 0.701269 -1.789088 -0.785703736 -0.000200000951 0.618602941 0 0
-2.626107 0.708231 -1.789126 -0.785494207 0.0214998414 0.618495439 0 0
-2.63003 0.701269 -1.795136 -0.89312336 -0.000200005231 0.449811765 0 0
-2.629976 0.708231 -1.795164 -0.892916631 0.0215004004 0.449708376 0 0
-2.62592 0.715168 -1.789272 -0.78469147 0.0508994467 0.617793285 0 0
-2.620979 0.715168 -1.784117 -0.652111027 0.0509008607 0.756412791 0 0
-2.625553 0.722017 -1.789558 -0.782628406 0.0888032232 0.616122363 0 0
-2.620675 0.722017 -1.784468 -0.650391883 0.0887988918 0.754390585 0 0
-2.629763 0.715168 -1.795271 -0.891959206 0.0510033855 0.449229819 0 0
-2.629347 0.722017 -1.79548 -0.889602059 0.0889002058 0.448001037 0 0
-2.615152 0.715168 -1.779988 -0.495506573 0.0509006752 0.867111502 0 0
-2.608653 0.715168 -1.77707 -0.312994904 0.0509991697 0.948384561 0 0
-2.614923 0.722017 -1.780393 -0.494200465 0.0888000835 0.864800813 0 0
-2.608507 0.722017 -1.777512 -0.312214098 0.0889040147 0.945842711 0 0
-2.569521 0.708231 -1.787757 0.757214414 0.0215004093 0.652812426 0 0
-2.565313 0.701269 -1.793591 0.868206199 -0.000200001428 0.496203543 0 0
-2.565366 0.708231 -1.793621 0.867999366 0.0214999843 0.496099638 0 0
-2.569475 0.701269 -1.787717 0.757333198 -0.000200008768 0.653028626 0 0
-2.574673 0.701269 -1.782735 0.618602941 -0.000200000951 0.785703736 0 0
-2.57471 0.708231 -1.782783 0.618495439 0.0214998414 0.785494207 0 0
-2.580721 0.701269 -1.77886 0.449811765 -0.000200005231 0.89312336 0 0
-2.580748 0.708231 -1.778915 0.449708376 0.0215004004 0.892916631 0 0
-2.574857 0.715168 -1.782971 0.617793285 0.0508994467 0.78469147 0 0
-2.569701 0.715168 -1.787912 0.756412791 0.0509008607 0.652111027 0 0
-2.575143 0.722017 -1.783337 0.616122363 0.0888032232 0.782628406 0 0
-2.570053 0.722017 -1.788215 0.754390585 0.0887988918 0.650391883 0 0
-2.580856 0.715168 -1.779128 0.449229819 0.0510033855 0.891959206 0 0
-2.581065 0.722017 -1.779543 0.448001037 0.0889002058 0.889602059 0 0
-2.565573 0.715168 -1.793738 0.867111502 0.0509006752 0.495506573 0 0
-2.565978 0.722017 -1.793967 0.864800813 0.0888000835 0.494200465 0 0
-2.599939 0.708231 -1.848148 -0.0738030374 0.0215008849 -0.997041034 0 0
-2.60704 0.701269 -1.846999 -0.262998937 -0.000199999192 -0.964796102 0 0
-2.607024 0.708231 -1.84694 -0.263014269 0.0215011665 -0.964552328 0 0
-2.599943 0.701269 -1.84821 -0.073798016 -0.000199994623 -0.997273189 0 0
-2.592745 0.701269 -1.848057 0.118100198 -0.000200000335 -0.993001663 0 0
-2.592753 0.708231 -1.847996 0.118108082 0.0215014713 -0.992767932 0 0
-2.592782 0.715168 -1.84776 0.118000962 0.0509004148 -0.991708082 0 0
-2.599921 0.715168 -1.847911 -0.0736985813 0.0508990202 -0.995980828 0 0
-2.60696 0.715168 -1.84671 -0.262708624 0.0509016709 -0.963531628 0 0
-2.633733 0.708231 -1.808952 -0.997041034 0.0215008849 0.0738030374 0 0
-2.632584 0.701269 -1.80185 -0.964796102 -0.000199999192 0.262998937 0 0
-2.632524 0.708231 -1.801866 -0.964552328 0.0215011665 0.263014269 0 0
-2.633794 0.701269 -1.808947 -0.997273189 -0.000199994623 0.073798016 0 0
-2.633642 0.701269 -1.816145 -0.993001663 -0.000200000335 -0.118100198 0 0
-2.633581 0.708231 -1.816138 -0.992767932 0.0215014713 -0.118108082 0 0
-2.633345 0.715168 -1.816108 -0.991708082 0.0509004148 -0.118000962 0 0
-2.633496 0.715168 -1.808969 -0.995980828 0.0508990202 0.0736985813 0 0
-2.632883 0.722017 -1.816052 -0.989069371 0.0888062286 -0.117708256 0 0
-2.633033 0.722017 -1.809003 -0.993333486 0.0888029936 0.0735024778 0 0
-2.632295 0.715168 -1.80193 -0.963531628 0.0509016709 0.262708624 0 0
-2.631847 0.722017 -1.802054 -0.960968111 0.0888062944 0.262018571 0 0
-2.594536 0.708231 -1.775157 0.0738030374 0.0215008849 0.997041034 0 0
-2.587435 0.701269 -1.776307 0.262998937 -0.000199999192 0.964796102 0 0
-2.587451 0.708231 -1.776366 0.263014269 0.0215011665 0.964552328 0 0
-2.594532 0.701269 -1.775096 0.073798016 -0.000199994623 0.997273189 0 0
-2.60173 0.701269 -1.775249 -0.118100198 -0.000200000335 0.993001663 0 0
-2.601722 0.708231 -1.77531 -0.118108082 0.0215014713 0.992767932 0 0
-2.601693 0.715168 -1.775546 -0.118000962 0.0509004148 0.991708082 0 0
-2.594554 0.715168 -1.775394 0.0736985813 0.0508990202 0.995980828 0 0
-2.601636 0.722017 -1.776007 -0.117609633 0.0888072736 0.989081009 0 0
-2.594588 0.722017 -1.775858 0.0735024778 0.0888029936 0.993333486 0 0
-2.587515 0.715168 -1.776595 0.262708624 0.0509016709 0.963531628 0 0
-2.587639 0.722017 -1.777043 0.262018571 0.0888062944 0.960968111 0 0
-2.631409 0.73493 -1.809124 -0.985610832 0.152501676 0.0729008012 0 0
-2.631132 0.728716 -1.802253 -0.95713026 0.125603971 0.261008252 0 0
-2.630277 0.73493 -1.80249 -0.953476635 0.152596261 0.259993629 0 0
-2.632293 0.728716 -1.809058 -0.989389686 0.125498692 0.0731992369 0 0
-2.628683 0.728716 -1.795815 -0.886048322 0.125706856 0.446224336 0 0
-2.62789 0.73493 -1.796214 -0.882652828 0.15270914 0.444526606 0 0
-2.632146 0.728716 -1.815961 -0.985132899 0.125604195 -0.117203914 0 0
-2.631266 0.73493 -1.815852 -0.981374676 0.152596062 -0.116696989 0 0
-2.630672 0.728716 -1.822689 -0.942053939 0.125707198 -0.311017808 0 0
-2.629829 0.73493 -1.822411 -0.938452607 0.15270856 -0.309817367 0 0
-2.630376 0.740324 -1.815742 -0.978229621 0.171805202 -0.116403525 0 0
-2.630515 0.740324 -1.80919 -0.982464421 0.171693782 0.0726973673 0 0
-2.629607 0.744562 -1.815647 -0.976350078 0.182309351 -0.11620596 0 0
-2.629743 0.744562 -1.809247 -0.980596308 0.182099314 0.0725997267 0 0
-2.628976 0.740324 -1.822129 -0.935468522 0.171894216 -0.308789609 0 0
-2.628241 0.744562 -1.821886 -0.933675403 0.182395195 -0.308191881 0 0
-2.629412 0.740324 -1.802729 -0.950443622 0.171807885 0.259111892 0 0
-2.627088 0.740324 -1.796618 -0.879828481 0.171905565 0.443114344 0 0
-2.628667 0.744562 -1.802936 -0.948624091 0.18230463 0.258606567 0 0
-2.626396 0.744562 -1.796966 -0.878118151 0.18240377 0.442309143 0 0
-2.594708 0.73493 -1.777482 0.0729008012 0.152501676 0.985610832 0 0
-2.587837 0.728716 -1.777759 0.261008252 0.125603971 0.95713026 0 0
-2.588074 0.73493 -1.778613 0.259993629 0.152596261 0.953476635 0 0
-2.594643 0.728716 -1.776598 0.0731992369 0.125498692 0.989389686 0 0
-2.581399 0.728716 -1.780207 0.446224336 0.125706856 0.886048322 0 0
-2.581799 0.73493 -1.781 0.444526606 0.15270914 0.882652828 0 0
-2.601545 0.728716 -1.776744 -0.117203914 0.125604195 0.985132899 0 0
-2.601437 0.73493 -1.777624 -0.116696989 0.152596062 0.981374676 0 0
-2.608274 0.728716 -1.778218 -0.311017808 0.125707198 0.942053939 0 0
-2.607996 0.73493 -1.779061 -0.309817367 0.15270856 0.938452607 0 0
-2.601327 0.740324 -1.778515 -0.116403525 0.171805202 0.978229621 0 0
-2.594775 0.740324 -1.778376 0.0726973673 0.171693782 0.982464421 0 0
-2.601232 0.744562 -1.779283 -0.11620596 0.182309351 0.976350078 0 0
-2.594832 0.744562 -1.779147 0.0725997267 0.182099314 0.980596308 0 0
-2.607714 0.740324 -1.779914 -0.308789609 0.171894216 0.935468522 0 0
-2.607471 0.744562 -1.78065 -0.308191881 0.182395195 0.933675403 0 0
-2.588314 0.740324 -1.779478 0.259111892 0.171807885 0.950443622 0 0
-2.582203 0.740324 -1.781802 0.443114344 0.171905565 0.879828481 0 0
-2.588521 0.744562 -1.780224 0.258606567 0.18230463 0.948624091 0 0
-2.582551 0.744562 -1.782494 0.442309143 0.18240377 0.878118151 0 0
-2.574863 0.73493 -1.837604 0.645325623 0.152506055 -0.748529721 0 0
-2.579918 0.728716 -1.842266 0.492306809 0.125601737 -0.861311912 0 0
-2.580354 0.73493 -1.841494 0.490413997 0.152604355 -0.858024488 0 0
-2.574285 0.728716 -1.838275 0.647800956 0.125500185 -0.751401108 0 0
-2.569508 0.728716 -1.833291 0.779451675 0.125608327 -0.613740689 0 0
-2.570207 0.73493 -1.832745 0.77652846 0.152605593 -0.611322405 0 0
-2.565792 0.728716 -1.827491 0.886048322 0.125706856 -0.446224336 0 0
-2.566585 0.73493 -1.827092 0.882652828 0.15270914 -0.444526606 0 0
-2.570914 0.740324 -1.832193 0.774015635 0.17180347 -0.60941231 0 0
-2.575449 0.740324 -1.836925 0.643306115 0.171701632 -0.746107092 0 0
-2.571524 0.744562 -1.831717 0.772539872 0.182309409 -0.608231392 0 0
-2.575954 0.744562 -1.836339 0.6420313 0.182108878 -0.744736307 0 0
-2.567387 0.740324 -1.826688 0.879828481 0.171905565 -0.443114344 0 0
-2.568079 0.744562 -1.826339 0.878102129 0.182500443 -0.442301073 0 0
-2.580796 0.740324 -1.840714 0.488805189 0.171801824 -0.855309079 0 0
-2.581177 0.744562 -1.84004 0.487921308 0.182307962 -0.853637279 0 0
-2.563067 0.73493 -1.814182 0.985610832 0.152501676 -0.0729008012 0 0
-2.563344 0.728716 -1.821053 0.95713026 0.125603971 -0.261008252 0 0
-2.564198 0.73493 -1.820816 0.953476635 0.152596261 -0.259993629 0 0
-2.562183 0.728716 -1.814247 0.989389686 0.125498692 -0.0731992369 0 0
-2.562329 0.728716 -1.807345 0.985132899 0.125604195 0.117203914 0 0
-2.563209 0.73493 -1.807454 0.981374676 0.152596062 0.116696989 0 0
-2.563803 0.728716 -1.800617 0.942053939 0.125707198 0.311017808 0 0
-2.564646 0.73493 -1.800895 0.938452607 0.15270856 0.309817367 0 0
-2.5641 0.740324 -1.807563 0.978229621 0.171805202 0.116403525 0 0
-2.563961 0.740324 -1.814116 0.982464421 0.171693782 -0.0726973673 0 0
-2.564868 0.744562 -1.807658 0.976350078 0.182309351 0.11620596 0 0
-2.564732 0.744562 -1.814059 0.980578447 0.182195995 -0.0725984043 0 0
-2.565499 0.740324 -1.801176 0.935468522 0.171894216 0.308789609 0 0
-2.566234 0.744562 -1.801419 0.933658369 0.182491863 0.308186258 0 0
-2.565063 0.740324 -1.820576 0.950443622 0.171807885 -0.259111892 0 0
-2.565809 0.744562 -1.820369 0.948624091 0.18230463 -0.258606567 0 0
-2.623189 0.73493 -1.834027 -0.748529721 0.152506055 -0.645325623 0 0
-2.627851 0.728716 -1.828972 -0.861311912 0.125601737 -0.492306809 0 0
-2.627079 0.73493 -1.828536 -0.858024488 0.152604355 -0.490413997 0 0
-2.62386 0.728716 -1.834606 -0.751401108 0.125500185 -0.647800956 0 0
-2.618876 0.728716 -1.839383 -0.613692851 0.125598537 -0.779490919 0 0
-2.61833 0.73493 -1.838684 -0.611322405 0.152605593 -0.77652846 0 0
-2.617778 0.740324 -1.837976 -0.60941231 0.17180347 -0.774015635 0 0
-2.62251 0.740324 -1.833442 -0.746107092 0.171701632 -0.643306115 0 0
-2.617302 0.744562 -1.837366 -0.608242478 0.182212725 -0.772553953 0 0
-2.621924 0.744562 -1.832936 -0.74472274 0.182205564 -0.642019604 0 0
-2.626298 0.740324 -1.828094 -0.855309079 0.171801824 -0.488805189 0 0
-2.625625 0.744562 -1.827713 -0.853637279 0.182307962 -0.487921308 0 0
-2.619612 0.73493 -1.785702 -0.645325623 0.152506055 0.748529721 0 0
-2.614557 0.728716 -1.781039 -0.492306809 0.125601737 0.861311912 0 0
-2.614121 0.73493 -1.781811 -0.490413997 0.152604355 0.858024488 0 0
-2.620191 0.728716 -1.785031 -0.647800956 0.125500185 0.751401108 0 0
-2.624968 0.728716 -1.790015 -0.779451675 0.125608327 0.613740689 0 0
-2.624269 0.73493 -1.79056 -0.77652846 0.152605593 0.611322405 0 0
-2.623561 0.740324 -1.791112 -0.774015635 0.17180347 0.60941231 0 0
-2.619026 0.740324 -1.786381 -0.643306115 0.171701632 0.746107092 0 0
-2.622951 0.744562 -1.791588 -0.772539872 0.182309409 0.608231392 0 0
-2.618521 0.744562 -1.786967 -0.642019604 0.182205564 0.74472274 0 0
-2.613679 0.740324 -1.782592 -0.488805189 0.171801824 0.855309079 0 0
-2.613298 0.744562 -1.783266 -0.487879658 0.182292399 0.853664407 0 0
-2.571287 0.73493 -1.789279 0.748529721 0.152506055 0.645325623 0 0
-2.566624 0.728716 -1.794333 0.861311912 0.125601737 0.492306809 0 0
-2.567396 0.73493 -1.79477 0.858024488 0.152604355 0.490413997 0 0
-2.570615 0.728716 -1.7887 0.751401108 0.125500185 0.647800956 0 0
-2.5756 0.728716 -1.783923 0.613740689 0.125608327 0.779451675 0 0
-2.576145 0.73493 -1.784622 0.611322405 0.152605593 0.77652846 0 0
-2.576697 0.740324 -1.785329 0.60941231 0.17180347 0.774015635 0 0
-2.571966 0.740324 -1.789864 0.746107092 0.171701632 0.643306115 0 0
-2.577173 0.744562 -1.785939 0.608231392 0.182309409 0.772539872 0 0
-2.572552 0.744562 -1.790369 0.74472274 0.182205564 0.642019604 0 0
-2.568177 0.740324 -1.795211 0.855309079 0.171801824 0.488805189 0 0
-2.56885 0.744562 -1.795593 0.853637279 0.182307962 0.487921308 0 0
-2.599129 0.628823 -1.837213 -0.00980007575 -0.991107661 -0.132701026 0 0
-2.594035 0.628937 -1.837603 0.0566006721 -0.87751042 -0.476205655 0 0
-2.594097 0.628823 -1.837107 0.0156999801 -0.991098741 -0.132199832 0 0
-2.599166 0.628937 -1.837712 -0.0354011568 -0.877528674 -0.478215626 0 0
-2.589034 0.628937 -1.836508 0.150501889 -0.877211009 -0.455905722 0 0
-2.589191 0.628823 -1.836032 0.0417983419 -0.991060685 -0.126694974 0 0
-2.604226 0.628937 -1.836849 -0.126100079 -0.877500548 -0.462700289 0 0
-2.604092 0.628823 -1.836367 -0.034999712 -0.991091843 -0.128498942 0 0
-2.609011 0.628937 -1.835029 -0.215904093 -0.877216628 -0.428808128 0 0
-2.608786 0.628823 -1.834582 -0.0599980795 -0.991068276 -0.119096188 0 0
-2.603918 0.628803 -1.835742 0.00310008652 -0.999927908 0.0116003238 0 0
-2.599082 0.628803 -1.836567 0.000900024832 -0.999927588 0.0120003311 0 0
-2.608494 0.628803 -1.834002 0.00530016338 -0.999930823 0.0105003237 0 0
-2.594176 0.628803 -1.836463 -0.0014000395 -0.999928208 0.0119003357 0 0
-2.589394 0.628803 -1.835415 -0.0037001126 -0.999930428 0.0112003408 0 0
-2.61665 0.628823 -1.828389 -0.10080043 -0.991104232 -0.0869003711 0 0
-2.613323 0.628937 -1.832267 -0.296803768 -0.877411139 -0.376904785 0 0
-2.613015 0.628823 -1.831872 -0.0824004441 -0.991105342 -0.104500563 0 0
-2.617028 0.628937 -1.828716 -0.363208699 -0.877521017 -0.313107499 0 0
-2.619995 0.628937 -1.824528 -0.416309171 -0.877519332 -0.238005243 0 0
-2.61956 0.628823 -1.824282 -0.115599319 -0.991094162 -0.0660996107 0 0
-2.622092 0.628937 -1.819857 -0.455714141 -0.877327224 -0.150404667 0 0
-2.621617 0.628823 -1.8197 -0.126596581 -0.991073236 -0.0417988712 0 0
-2.618995 0.628803 -1.823962 0.0104002965 -0.999928508 0.00590016822 0 0
-2.616158 0.628803 -1.827966 0.00910024921 -0.999927383 0.00790021635 0 0
-2.621 0.628803 -1.819496 0.0112003408 -0.999930428 0.0037001126 0 0
-2.612616 0.628803 -1.831361 0.00740021043 -0.999928433 0.0094002673 0 0
-2.613974 0.628823 -1.792241 -0.0869012466 -0.991114218 0.100701445 0 0
-2.617852 0.628937 -1.795568 -0.376797102 -0.877493252 0.296697718 0 0
-2.617457 0.628823 -1.795875 -0.104600332 -0.991103142 0.0823002609 0 0
-2.6143 0.628937 -1.791862 -0.313118871 -0.877552887 0.363121884 0 0
-2.620614 0.628937 -1.799879 -0.428607274 -0.877314888 0.215903664 0 0
-2.620167 0.628823 -1.800104 -0.119096188 -0.991068276 0.0599980795 0 0
-2.610113 0.628937 -1.788895 -0.237995334 -0.877482797 0.416391837 0 0
-2.609867 0.628823 -1.789331 -0.0660996107 -0.991094162 0.115599319 0 0
-2.605442 0.628937 -1.786798 -0.15050875 -0.877251 0.4558265 0 0
-2.605285 0.628823 -1.787273 -0.0417983419 -0.991060685 0.126694974 0 0
-2.609547 0.628803 -1.789895 0.00590016822 -0.999928508 -0.0104002965 0 0
-2.613551 0.628803 -1.792732 0.00790021635 -0.999927383 -0.00910024921 0 0
-2.605081 0.628803 -1.78789 0.0037001126 -0.999930428 -0.0112003408 0 0
-2.616946 0.628803 -1.796274 0.0094002673 -0.999928433 -0.00740021043 0 0
-2.619586 0.628803 -1.800396 0.0106003156 -0.999929768 -0.00530015779 0 0
-2.577826 0.628823 -1.794916 0.10080043 -0.991104232 0.0869003711 0 0
-2.581152 0.628937 -1.791039 0.296723755 -0.877470249 0.376830168 0 0
-2.58146 0.628823 -1.791433 0.0824004441 -0.991105342 0.104500563 0 0
-2.577447 0.628937 -1.79459 0.363121884 -0.877552887 0.313118871 0 0
-2.585464 0.628937 -1.788277 0.21591335 -0.877254242 0.428726509 0 0
-2.585689 0.628823 -1.788724 0.0599980795 -0.991068276 0.119096188 0 0
-2.57448 0.628937 -1.798778 0.416309171 -0.877519332 0.238005243 0 0
-2.574915 0.628823 -1.799024 0.115599319 -0.991094162 0.0660996107 0 0
-2.57548 0.628803 -1.799343 -0.0104002903 -0.999927913 -0.0060001675 0 0
-2.578317 0.628803 -1.79534 -0.00910024921 -0.999927383 -0.00790021635 0 0
-2.581859 0.628803 -1.791945 -0.00740021043 -0.999928433 -0.0094002673 0 0
-2.585981 0.628803 -1.789304 -0.00530016338 -0.999930823 -0.0105003237 0 0
-2.622798 0.628823 -1.809761 -0.132701026 -0.991107661 0.00980007575 0 0
-2.623188 0.628937 -1.814855 -0.476324767 -0.877445624 -0.0566029431 0 0
-2.622692 0.628823 -1.814794 -0.132199832 -0.991098741 -0.0156999801 0 0
-2.623297 0.628937 -1.809724 -0.478334726 -0.877463702 0.0354025701 0 0
-2.622434 0.628937 -1.804665 -0.462700289 -0.877500548 0.126100079 0 0
-2.621952 0.628823 -1.804799 -0.128498942 -0.991091843 0.034999712 0 0
-2.621326 0.628803 -1.804972 0.0116003238 -0.999927908 -0.00310008652 0 0
-2.622152 0.628803 -1.809809 0.0120003311 -0.999927588 -0.000900024832 0 0
-2.620644 0.628846 -1.805161 0.0771001677 -0.996802168 -0.0210000457 0 0
-2.621445 0.628846 -1.809861 0.079700114 -0.996801425 -0.00590000844 0 0
-2.622048 0.628803 -1.814714 0.0119003357 -0.999928208 0.0014000395 0 0
-2.621344 0.628846 -1.814628 0.0793005119 -0.996806434 0.00940006068 0 0
-2.595346 0.628823 -1.786092 0.00980007575 -0.991107661 0.132701026 0 0
-2.60044 0.628937 -1.785702 -0.0566006721 -0.87751042 0.476205655 0 0
-2.600379 0.628823 -1.786199 -0.0156999801 -0.991098741 0.132199832 0 0
-2.595309 0.628937 -1.785594 0.0353994637 -0.877486706 0.478292754 0 0
-2.59025 0.628937 -1.786457 0.126094244 -0.877459945 0.462778875 0 0
-2.590383 0.628823 -1.786939 0.034999712 -0.991091843 0.128498942 0 0
-2.590557 0.628803 -1.787564 -0.00310008652 -0.999927908 -0.0116003238 0 0
-2.595394 0.628803 -1.786739 -0.000900024832 -0.999927588 -0.0120003311 0 0
-2.600299 0.628803 -1.786843 0.0014000395 -0.999928208 -0.0119003357 0 0
-2.619877 0.629009 -1.809977 0.0931030455 -0.995632568 -0.00690022571 0 0
-2.62067 0.628916 -1.814544 0.102505933 -0.994657567 0.0122007061 0 0
-2.619783 0.629009 -1.814435 0.0926039302 -0.995642256 0.0110004669 0 0
-2.620768 0.628916 -1.809911 0.103005361 -0.994651763 -0.00760039553 0 0
-2.619989 0.628916 -1.805343 0.0996055203 -0.994655125 -0.0272015075 0 0
-2.619128 0.629009 -1.805582 0.0900036178 -0.995640021 -0.0245009848 0 0
-2.617824 0.62912 -1.805943 0.0688037881 -0.997454916 -0.0187010296 0 0
-2.61853 0.62912 -1.810077 0.0712034449 -0.997448258 -0.00520025159 0 0
-2.615845 0.629243 -1.806492 0.0502022669 -0.998645095 -0.0137006187 0 0
-2.616482 0.629243 -1.810228 0.0519023354 -0.998644935 -0.00380017099 0 0
-2.618441 0.62912 -1.814269 0.0709033988 -0.997447814 0.00840040268 0 0
-2.616401 0.629243 -1.814018 0.0517022734 -0.998643911 0.00610026823 0 0
-2.580501 0.628823 -1.831065 0.0869012466 -0.991114218 -0.100701445 0 0
-2.576624 0.628937 -1.827738 0.376797102 -0.877493252 -0.296697718 0 0
-2.577018 0.628823 -1.82743 0.10459947 -0.99109498 -0.0823995826 0 0
-2.580175 0.628937 -1.831443 0.313197693 -0.877493537 -0.363197325 0 0
-2.584362 0.628937 -1.83441 0.237995334 -0.877482797 -0.416391837 0 0
-2.584609 0.628823 -1.833975 0.0660996107 -0.991094162 -0.115599319 0 0
-2.584928 0.628803 -1.83341 -0.00590016822 -0.999928508 0.0104002965 0 0
-2.580925 0.628803 -1.830574 -0.00790021635 -0.999927383 0.00910024921 0 0
-2.577529 0.628803 -1.827031 -0.0094002673 -0.999928433 0.00740021043 0 0
-2.617967 0.748906 -1.78761 -0.634402623 0.236600978 0.735903043 0 0
-2.613043 0.747309 -1.783716 -0.486736034 0.194314386 0.851663051 0 0
-2.612879 0.748906 -1.784005 -0.482103158 0.236801551 0.843505525 0 0
-2.618184 0.747309 -1.787358 -0.640546666 0.194214149 0.742954126 0 0
-2.607309 0.747309 -1.781141 -0.307397347 0.194498321 0.931491961 0 0
-2.607205 0.748906 -1.781457 -0.304515911 0.237012384 0.922548204 0 0
-2.622543 0.747309 -1.791907 -0.770724193 0.194306099 0.606819048 0 0
-2.622281 0.748906 -1.792111 -0.763337355 0.236811589 0.601029412 0 0
-2.625934 0.747309 -1.797199 -0.87605971 0.194513258 0.441230073 0 0
-2.625637 0.748906 -1.797349 -0.867657371 0.237015672 0.437028897 0 0
-2.622107 0.749692 -1.792247 -0.725383004 0.384290996 0.57108662 0 0
-2.617823 0.749692 -1.787777 -0.602929586 0.384118849 0.699234312 0 0
-2.621964 0.750007 -1.792358 -0.609504419 0.631104576 0.479803479 0 0
-2.617705 0.750007 -1.787914 -0.506535585 0.631044332 0.587541276 0 0
-2.62544 0.749692 -1.797448 -0.824518696 0.384408717 0.415209415 0 0
-2.625278 0.750007 -1.79753 -0.692803374 0.631103073 0.348901699 0 0
-2.612771 0.749692 -1.784197 -0.458112747 0.384310694 0.801522303 0 0
-2.607135 0.749692 -1.781667 -0.289305453 0.384507248 0.876616524 0 0
-2.612682 0.750007 -1.784355 -0.384918711 0.63113068 0.673432736 0 0
-2.607078 0.750007 -1.781839 -0.243106892 0.631217895 0.736520881 0 0
-2.573195 0.748906 -1.790924 0.735857193 0.236618391 0.634449311 0 0
-2.5693 0.747309 -1.795847 0.851646497 0.194410614 0.486726574 0 0
-2.56959 0.748906 -1.796011 0.843525496 0.236707155 0.482114572 0 0
-2.572943 0.747309 -1.790707 0.742954126 0.194214149 0.640546666 0 0
-2.566726 0.747309 -1.801581 0.931491961 0.194498321 0.307397347 0 0
-2.567042 0.748906 -1.801686 0.922570067 0.236917993 0.304523128 0 0
-2.577491 0.747309 -1.786347 0.606819048 0.194306099 0.770724193 0 0
-2.577696 0.748906 -1.786609 0.601029412 0.236811589 0.763337355 0 0
-2.582784 0.747309 -1.782956 0.441230073 0.194513258 0.87605971 0 0
-2.582934 0.748906 -1.783254 0.437028897 0.237015672 0.867657371 0 0
-2.577832 0.749692 -1.786783 0.571038703 0.384426055 0.725349162 0 0
-2.573362 0.749692 -1.791068 0.699222736 0.384312496 0.602819601 0 0
-2.577943 0.750007 -1.786926 0.479803479 0.631104576 0.609504419 0 0
-2.573499 0.750007 -1.791186 0.587504198 0.631104509 0.506503619 0 0
-2.583033 0.749692 -1.783451 0.415227686 0.384525639 0.824454972 0 0
-2.583115 0.750007 -1.783613 0.348901699 0.631103073 0.692803374 0 0
-2.569782 0.749692 -1.79612 0.801522303 0.384310694 0.458112747 0 0
-2.567252 0.749692 -1.801755 0.876616524 0.384507248 0.289305453 0 0
-2.56994 0.750007 -1.796209 0.673390233 0.631190845 0.384894417 0 0
-2.567424 0.750007 -1.801812 0.736520881 0.631217895 0.243106892 0 0
-2.599581 0.748906 -1.843312 -0.0717040277 0.236613291 -0.968954428 0 0
-2.605816 0.747309 -1.842584 -0.258001361 0.194301025 -0.946404992 0 0
-2.605727 0.748906 -1.842263 -0.255614118 0.236713074 -0.937351771 0 0
-2.599605 0.747309 -1.843643 -0.0723990483 0.194197447 -0.978287141 0 0
-2.611691 0.747309 -1.840349 -0.441230073 0.194513258 -0.87605971 0 0
-2.611541 0.748906 -1.840052 -0.437001333 0.236900723 -0.867702646 0 0
-2.593306 0.747309 -1.843509 0.115896749 0.194294549 -0.974072673 0 0
-2.593347 0.748906 -1.843179 0.114794701 0.23678907 -0.964755468 0 0
-2.587166 0.747309 -1.842165 0.307397347 0.194498321 -0.931491961 0 0
-2.587271 0.748906 -1.841848 0.304515911 0.237012384 -0.922548204 0 0
-2.593374 0.749692 -1.84296 0.109099724 0.384399027 -0.916697681 0 0
-2.599565 0.749692 -1.843092 -0.0681021882 0.384212345 -0.920729584 0 0
-2.593396 0.750007 -1.842781 0.0915981745 0.631087423 -0.770284648 0 0
-2.599551 0.750007 -1.842911 -0.057203152 0.631034771 -0.773642629 0 0
-2.58734 0.749692 -1.841639 0.289305453 0.384507248 -0.876616524 0 0
-2.587397 0.750007 -1.841466 0.243106892 0.631217895 -0.736520881 0 0
-2.605668 0.749692 -1.84205 -0.242814137 0.384422382 -0.890651855 0 0
-2.611442 0.749692 -1.839855 -0.415211717 0.384610854 -0.824423266 0 0
-2.60562 0.750007 -1.841876 -0.204001802 0.631205577 -0.748306611 0 0
-2.61136 0.750007 -1.839693 -0.348818158 0.631332865 -0.692636056 0 0
-2.628896 0.748906 -1.80931 -0.968954428 0.236613291 0.0717040277 0 0
-2.628168 0.747309 -1.803074 -0.946404992 0.194301025 0.258001361 0 0
-2.627848 0.748906 -1.803163 -0.937329578 0.236807473 0.255608066 0 0
-2.629228 0.747309 -1.809285 -0.978287141 0.194197447 0.0723990483 0 0
-2.629094 0.747309 -1.815584 -0.974072673 0.194294549 -0.115896749 0 0
-2.628764 0.748906 -1.815543 -0.964755468 0.23678907 -0.114794701 0 0
-2.627749 0.747309 -1.821724 -0.931491961 0.194498321 -0.307397347 0 0
-2.627433 0.748906 -1.82162 -0.922548204 0.237012384 -0.304515911 0 0
-2.628545 0.749692 -1.815516 -0.916697681 0.384399027 -0.109099724 0 0
-2.628676 0.749692 -1.809326 -0.920694204 0.384297581 0.0680995713 0 0
-2.628365 0.750007 -1.815494 -0.770243978 0.631136036 -0.0916052303 0 0
-2.628496 0.750007 -1.809339 -0.773593807 0.631094948 0.0571995421 0 0
-2.627223 0.749692 -1.821551 -0.876525932 0.384711382 -0.289308559 0 0
-2.627051 0.750007 -1.821494 -0.736428626 0.63132454 -0.24310945 0 0
-2.627635 0.749692 -1.803222 -0.89070676 0.384302917 0.242801843 0 0
-2.627461 0.750007 -1.803271 -0.748306611 0.631205577 0.204001802 0 0
-2.594894 0.748906 -1.779994 0.0717040277 0.236613291 0.968954428 0 0
-2.588659 0.747309 -1.780722 0.258001361 0.194301025 0.946404992 0 0
-2.588748 0.748906 -1.781042 0.255608066 0.236807473 0.937329578 0 0
-2.59487 0.747309 -1.779663 0.0723990483 0.194197447 0.978287141 0 0
-2.601169 0.747309 -1.779796 -0.115896749 0.194294549 0.974072673 0 0
-2.601128 0.748906 -1.780126 -0.114794701 0.23678907 0.964755468 0 0
-2.601101 0.749692 -1.780345 -0.109103917 0.384313799 0.916732916 0 0
-2.594911 0.749692 -1.780214 0.0681021882 0.384212345 0.920729584 0 0
-2.601079 0.750007 -1.780525 -0.0916052303 0.631136036 0.770243978 0 0
-2.594924 0.750007 -1.780394 0.0573028294 0.631031158 0.773638199 0 0
-2.588807 0.749692 -1.781255 0.242814137 0.384422382 0.890651855 0 0
-2.588856 0.750007 -1.78143 0.203999411 0.631098179 0.748397841 0 0
-2.576508 0.748906 -1.835696 0.634449311 0.236618391 -0.735857193 0 0
-2.581432 0.747309 -1.83959 0.486736034 0.194314386 -0.851663051 0 0
-2.581596 0.748906 -1.8393 0.482103158 0.236801551 -0.843505525 0 0
-2.576291 0.747309 -1.835948 0.640546666 0.194214149 -0.742954126 0 0
-2.571932 0.747309 -1.831399 0.770724193 0.194306099 -0.606819048 0 0
-2.572194 0.748906 -1.831194 0.763337355 0.236811589 -0.601029412 0 0
-2.568541 0.747309 -1.826106 0.87605971 0.194513258 -0.441230073 0 0
-2.568838 0.748906 -1.825957 0.867657371 0.237015672 -0.437028897 0 0
-2.572368 0.749692 -1.831059 0.725321274 0.384511278 -0.571016748 0 0
-2.576652 0.749692 -1.835529 0.602819601 0.384312496 -0.699222736 0 0
-2.572511 0.750007 -1.830947 0.609403096 0.631203207 -0.479802437 0 0
-2.576771 0.750007 -1.835392 0.506535585 0.631044332 -0.587541276 0 0
-2.569036 0.749692 -1.825857 0.824454972 0.384525639 -0.415227686 0 0
-2.569198 0.750007 -1.825776 0.692803374 0.631103073 -0.348901699 0 0
-2.581704 0.749692 -1.839108 0.458112747 0.384310694 -0.801522303 0 0
-2.581794 0.750007 -1.838951 0.3848076 0.631112465 -0.673513302 0 0
-2.565579 0.748906 -1.813996 0.968954428 0.236613291 -0.0717040277 0 0
-2.566307 0.747309 -1.820231 0.946404992 0.194301025 -0.258001361 0 0
-2.566627 0.748906 -1.820142 0.937351771 0.236713074 -0.255614118 0 0
-2.565247 0.747309 -1.814021 0.978268138 0.194293672 -0.072397642 0 0
-2.565381 0.747309 -1.807722 0.974067554 0.194313476 0.115908039 0 0
-2.565711 0.748906 -1.807762 0.964755468 0.23678907 0.114794701 0 0
-2.56593 0.749692 -1.807789 0.916697681 0.384399027 0.109099724 0 0
-2.565799 0.749692 -1.81398 0.92065882 0.384382807 -0.0680969541 0 0
-2.56611 0.750007 -1.807812 0.770195363 0.6311962 0.0915994486 0 0
-2.565979 0.750007 -1.813966 0.773593807 0.631094948 -0.0571995421 0 0
-2.56684 0.749692 -1.820083 0.890651855 0.384422382 -0.242814137 0 0
-2.567014 0.750007 -1.820035 0.748397841 0.631098179 -0.203999411 0 0
-2.621281 0.748906 -1.832382 -0.735920452 0.236506573 -0.634417631 0 0
-2.625175 0.747309 -1.827458 -0.851663051 0.194314386 -0.486736034 0 0
-2.624885 0.748906 -1.827295 -0.843525496 0.236707155 -0.482114572 0 0
-2.621532 0.747309 -1.832599 -0.742954126 0.194214149 -0.640546666 0 0
-2.616984 0.747309 -1.836959 -0.606819048 0.194306099 -0.770724193 0 0
-2.616779 0.748906 -1.836696 -0.600997761 0.236699118 -0.763397156 0 0
-2.616644 0.749692 -1.836522 -0.571106094 0.384404102 -0.725307739 0 0
-2.621114 0.749692 -1.832238 -0.699222736 0.384312496 -0.602819601 0 0
-2.616532 0.750007 -1.83638 -0.479724402 0.631332114 -0.609330994 0 0
-2.620977 0.750007 -1.83212 -0.587504198 0.631104509 -0.506503619 0 0
-2.624693 0.749692 -1.827186 -0.80152821 0.38441353 -0.45801612 0 0
-2.624536 0.750007 -1.827097 -0.673432736 0.63113068 -0.384918711 0 0
-2.573803 0.750085 -1.791449 -0.609804836 0.593104703 -0.525704169 0 0
-2.570126 0.750192 -1.796314 0.115597789 0.991081041 0.0662987317 0 0
-2.57029 0.750085 -1.796407 -0.69871946 0.59351653 -0.399411124 0 0
-2.573661 0.750192 -1.791325 0.100505209 0.991151368 0.0867044936 0 0
-2.567627 0.750192 -1.801879 0.128500344 0.99080265 0.0424001134 0 0
-2.567807 0.750085 -1.801938 -0.76350557 0.594604338 -0.252001838 0 0
-2.578075 0.750192 -1.787095 0.0828024489 0.99102931 0.104903103 0 0
-2.578191 0.750085 -1.787243 -0.497839172 0.59364671 -0.632249747 0 0
-2.583211 0.750192 -1.783804 0.0609978392 0.990764903 0.12109571 0 0
-2.583296 0.750085 -1.783973 -0.361609646 0.594715864 -0.718019153 0 0
-2.578255 0.749525 -1.787326 -0.616826296 0.0769032785 -0.783333394 0 0
-2.573883 0.749525 -1.791517 -0.755097939 0.0767997903 -0.651098223 0 0
-2.578232 0.748349 -1.787296 -0.6168405 -0.0766050297 -0.783351433 0 0
-2.573854 0.748349 -1.791492 -0.755158279 -0.0764957737 -0.65106403 0 0
-2.583343 0.749525 -1.784066 -0.448523905 0.077004104 -0.890447458 0 0
-2.583326 0.748349 -1.784033 -0.448490864 -0.0767984356 -0.890481861 0 0
-2.570381 0.749525 -1.796459 -0.865641093 0.0769036507 -0.494723485 0 0
-2.567906 0.749525 -1.801971 -0.946785372 0.0770988088 -0.312495172 0 0
-2.570349 0.748349 -1.79644 -0.865661027 -0.0766054005 -0.494734878 0 0
-2.567871 0.748349 -1.801959 -0.946814496 -0.0767011743 -0.312504784 0 0
-2.599521 0.750085 -1.84251 0.0593981287 0.593181312 0.802874706 0 0
-2.605562 0.750192 -1.84167 -0.034901497 0.991042507 -0.128905529 0 0
-2.605512 0.750085 -1.841488 0.211607144 0.593620041 0.776426213 0 0
-2.599535 0.750192 -1.842698 -0.00980033567 0.991133947 -0.132504538 0 0
-2.611264 0.750192 -1.839501 -0.060898951 0.990782934 -0.120997916 0 0
-2.611179 0.750085 -1.839333 0.361605184 0.594608524 0.718110294 0 0
-2.593423 0.750192 -1.842568 0.0156009313 0.991059163 -0.13250791 0 0
-2.593446 0.750085 -1.842381 -0.0950025285 0.593615799 0.799121269 0 0
-2.587464 0.750192 -1.841263 0.0424988402 0.990772962 -0.128696488 0 0
-2.587523 0.750085 -1.841084 -0.252001838 0.594604338 0.76350557 0 0
-2.593459 0.749525 -1.842277 -0.11769618 0.0768975043 0.990067868 0 0
-2.599514 0.749525 -1.842405 0.0735018982 0.076901986 0.994325679 0 0
-2.593454 0.748349 -1.842314 -0.117796599 -0.0766977858 0.990071417 0 0
-2.599517 0.748349 -1.842443 0.0736030542 -0.0766031787 0.994341261 0 0
-2.587556 0.749525 -1.840984 -0.31249758 0.0769994036 0.946792667 0 0
-2.587544 0.748349 -1.84102 -0.312502386 -0.0768005864 0.946807229 0 0
-2.605484 0.749525 -1.841387 0.262211267 0.0769033046 0.961941336 0 0
-2.611132 0.749525 -1.839239 0.448523905 0.077004104 0.890447458 0 0
-2.605494 0.748349 -1.841423 0.262217306 -0.0766050557 0.961963487 0 0
-2.611149 0.748349 -1.839273 0.448494306 -0.0766990263 0.890488695 0 0
-2.628095 0.750085 -1.809369 0.80292233 0.593116495 -0.059401652 0 0
-2.627255 0.750192 -1.803328 -0.128499392 0.991095307 0.0348998347 0 0
-2.627073 0.750085 -1.803378 0.776426213 0.593620041 -0.211607144 0 0
-2.628283 0.750192 -1.809355 -0.132209778 0.991173305 0.00980072484 0 0
-2.625086 0.750192 -1.797626 -0.120997916 0.990782934 0.060898951 0 0
-2.624918 0.750085 -1.797711 0.718019153 0.594715864 -0.361609646 0 0
-2.628153 0.750192 -1.815468 -0.13250791 0.991059163 -0.0156009313 0 0
-2.627966 0.750085 -1.815445 0.799121269 0.593615799 0.0950025285 0 0
-2.626848 0.750192 -1.821427 -0.128598145 0.990785708 -0.042499387 0 0
-2.626668 0.750085 -1.821367 0.76350557 0.594604338 0.252001838 0 0
-2.627862 0.749525 -1.815432 0.99006025 0.0769969086 0.117695275 0 0
-2.62799 0.749525 -1.809377 0.994318365 0.0769014204 -0.0736013594 0 0
-2.627899 0.748349 -1.815437 0.990079006 -0.0765983757 0.117797502 0 0
-2.628027 0.748349 -1.809374 0.994341261 -0.0766031787 -0.0736030542 0 0
-2.626569 0.749525 -1.821335 0.946767706 0.0772055212 0.312522349 0 0
-2.626604 0.748349 -1.821346 0.946814496 -0.0767011743 0.312504784 0 0
-2.626972 0.749525 -1.803406 0.961933933 0.0770027163 -0.26220925 0 0
-2.624824 0.749525 -1.797758 0.890440596 0.0771035152 -0.448520449 0 0
-2.627008 0.748349 -1.803396 0.961963487 -0.0766050557 -0.262217306 0 0
-2.624857 0.748349 -1.797742 0.890488695 -0.0766990263 -0.448494306 0 0
-2.594954 0.750085 -1.780796 -0.059401652 0.593116495 -0.80292233 0 0
-2.588913 0.750192 -1.781636 0.034901497 0.991042507 0.128905529 0 0
-2.588963 0.750085 -1.781818 -0.211607144 0.593620041 -0.776426213 0 0
-2.59494 0.750192 -1.780608 0.00980046548 0.991147076 0.132406289 0 0
-2.601053 0.750192 -1.780737 -0.0155995918 0.991074069 0.132396536 0 0
-2.60103 0.750085 -1.780925 0.0949949369 0.593568364 -0.799157406 0 0
-2.607011 0.750192 -1.782043 -0.0423990229 0.990777168 0.128697034 0 0
-2.606952 0.750085 -1.782222 0.251986854 0.594668977 -0.763460171 0 0
-2.601017 0.749525 -1.781029 0.11769618 0.0768975043 -0.990067868 0 0
-2.594961 0.749525 -1.7809 -0.0736019251 0.0768020088 -0.994326007 0 0
-2.601021 0.748349 -1.780991 0.117797502 -0.0765983757 -0.990079006 0 0
-2.594959 0.748349 -1.780863 -0.0736030542 -0.0766031787 -0.994341261 0 0
-2.606919 0.749525 -1.782321 0.312495172 0.0770988088 -0.946785372 0 0
-2.606931 0.748349 -1.782286 0.312504784 -0.0767011743 -0.946814496 0 0
-2.588991 0.749525 -1.781919 -0.262211267 0.0769033046 -0.961941336 0 0
-2.588981 0.748349 -1.781883 -0.262217306 -0.0766050557 -0.961963487 0 0
-2.577033 0.750085 -1.835087 -0.525632672 0.593236874 0.609737899 0 0
-2.581899 0.750192 -1.838764 0.066297965 0.99106958 -0.115696449 0 0
-2.581992 0.750085 -1.8386 -0.399303366 0.593605004 0.69870589 0 0
-2.57691 0.750192 -1.83523 0.0867044936 0.991151368 -0.100505209 0 0
-2.572679 0.750192 -1.830816 0.104903971 0.991037511 -0.0827031304 0 0
-2.572828 0.750085 -1.8307 -0.632212211 0.593711468 0.497809615 0 0
-2.569389 0.750192 -1.825679 0.121304781 0.990739046 -0.0610024042 0 0
-2.569558 0.750085 -1.825594 -0.718019153 0.594715864 0.361609646 0 0
-2.572911 0.749525 -1.830635 -0.783333394 0.0769032785 0.616826296 0 0
-2.577102 0.749525 -1.835008 -0.651088209 0.0769986056 0.755086326 0 0
-2.572881 0.748349 -1.830658 -0.783351433 -0.0766050297 0.6168405 0 0
-2.577077 0.748349 -1.835036 -0.651108211 -0.0766009659 0.755109522 0 0
-2.569651 0.749525 -1.825547 -0.890475018 0.0768978427 0.448487418 0 0
-2.569618 0.748349 -1.825564 -0.890488695 -0.0766990263 0.448494306 0 0
-2.582044 0.749525 -1.838509 -0.494723485 0.0769036507 0.865641093 0 0
-2.582025 0.748349 -1.838542 -0.494731085 -0.0767048195 0.865654391 0 0
-2.566381 0.750085 -1.813937 -0.80292233 0.593116495 0.059401652 0 0
-2.567221 0.750192 -1.819978 0.129003419 0.991026263 -0.0350009275 0 0
-2.567403 0.750085 -1.819927 -0.776426213 0.593620041 0.211607144 0 0
-2.566193 0.750192 -1.813951 0.132504538 0.991133947 -0.00980033567 0 0
-2.566322 0.750192 -1.807838 0.132494778 0.991060943 0.0155993852 0 0
-2.566509 0.750085 -1.807861 -0.799204839 0.593503594 -0.0950005752 0 0
-2.566613 0.749525 -1.807874 -0.990056211 0.0768965989 -0.11779479 0 0
-2.566485 0.749525 -1.813929 -0.994326007 0.0768020088 0.0736019251 0 0
-2.566576 0.748349 -1.807869 -0.990079006 -0.0765983757 -0.117797502 0 0
-2.566448 0.748349 -1.813932 -0.994348873 -0.0765037603 0.0736036177 0 0
-2.567503 0.749525 -1.819899 -0.961948729 0.0768038906 0.262213283 0 0
-2.567467 0.748349 -1.819909 -0.961963487 -0.0766050557 0.262217306 0 0
-2.620672 0.750085 -1.831857 0.609705847 0.593205689 0.525705042 0 0
-2.624349 0.750192 -1.826991 -0.115903706 0.991031684 -0.0665021261 0 0
-2.624185 0.750085 -1.826898 0.69870589 0.593605004 0.399303366 0 0
-2.620815 0.750192 -1.83198 -0.10060333 0.991132802 -0.0868028728 0 0
-2.616401 0.750192 -1.836211 -0.0825982188 0.991078628 -0.104597744 0 0
-2.616284 0.750085 -1.836062 0.497807694 0.593609174 0.632309772 0 0
-2.61622 0.749525 -1.83598 0.616821549 0.0770026901 0.783327366 0 0
-2.620592 0.749525 -1.831789 0.7551413 0.076904206 0.651035606 0 0
-2.616243 0.748349 -1.836009 0.6168405 -0.0766050297 0.783351433 0 0
-2.620621 0.748349 -1.831813 0.755109522 -0.0766009659 0.651108211 0 0
-2.624094 0.749525 -1.826847 0.865641093 0.0769036507 0.494723485 0 0
-2.624126 0.748349 -1.826865 0.865661027 -0.0766054005 0.494734878 0 0
-2.617442 0.750085 -1.788219 0.525705042 0.593205689 -0.609705847 0 0
-2.612576 0.750192 -1.784541 -0.0663037685 0.991056328 0.115806582 0 0
-2.612483 0.750085 -1.784705 0.399331267 0.593646481 -0.698654703 0 0
-2.617565 0.750192 -1.788076 -0.0866052389 0.991159957 0.10050608 0 0
-2.621796 0.750192 -1.79249 -0.104805932 0.991056095 0.0826046756 0 0
-2.621647 0.750085 -1.792606 0.632218268 0.593617153 -0.497914387 0 0
-2.621564 0.749525 -1.79267 0.783333394 0.0769032785 -0.616826296 0 0
-2.617373 0.749525 -1.788298 0.651093219 0.0768991991 -0.755092136 0 0
-2.621594 0.748349 -1.792647 0.783351433 -0.0766050297 -0.6168405 0 0
-2.617398 0.748349 -1.78827 0.651108211 -0.0766009659 -0.755109522 0 0
-2.612432 0.749525 -1.784796 0.494719678 0.0770030629 -0.865634431 0 0
-2.61245 0.748349 -1.784764 0.494731085 -0.0767048195 -0.865654391 0 0
-2.576666 0.743837 -1.835513 -0.644701003 -0.158600247 0.747801163 0 0
-2.581908 0.746396 -1.838749 -0.491505773 -0.136501603 0.860110102 0 0
-2.581715 0.743837 -1.839091 -0.489905012 -0.158701624 0.857208769 0 0
-2.576922 0.746396 -1.835216 -0.64688879 -0.136397636 0.750286998 0 0
-2.587469 0.746396 -1.841246 -0.310502127 -0.136600936 0.940706444 0 0
-2.587346 0.743837 -1.841619 -0.30942289 -0.158811749 0.937569359 0 0
-2.572694 0.746396 -1.830804 -0.778346823 -0.136408206 0.612836866 0 0
-2.572384 0.743837 -1.831046 -0.775710542 -0.158702157 0.610808301 0 0
-2.569405 0.746396 -1.825671 -0.884738482 -0.136605942 0.445619383 0 0
-2.569054 0.743837 -1.825848 -0.881794052 -0.158798929 0.444097005 0 0
-2.571988 0.740846 -1.831355 -0.774474888 -0.16839454 0.609780228 0 0
-2.576338 0.740846 -1.835893 -0.643731164 -0.168208143 0.746536141 0 0
-2.571543 0.737593 -1.831703 -0.774055498 -0.171512297 0.609443696 0 0
-2.575969 0.737593 -1.836321 -0.643339226 -0.171410451 0.746145494 0 0
-2.568605 0.740846 -1.826074 -0.880333497 -0.168506412 0.443416872 0 0
-2.5681 0.737593 -1.826329 -0.879858715 -0.171711459 0.443129571 0 0
-2.581467 0.740846 -1.839528 -0.48910709 -0.168402441 0.855812405 0 0
-2.587189 0.740846 -1.842096 -0.308914294 -0.168507797 0.936043312 0 0
-2.581189 0.737593 -1.84002 -0.488830362 -0.171510653 0.855353128 0 0
-2.587011 0.737593 -1.842634 -0.308800219 -0.171700122 0.935500664 0 0
-2.565819 0.743837 -1.813978 -0.984646511 -0.158607492 0.0729034437 0 0
-2.567238 0.746396 -1.819973 -0.955757438 -0.136408198 0.260615662 0 0
-2.56686 0.743837 -1.820078 -0.952554283 -0.158709044 0.2597148 0 0
-2.566211 0.746396 -1.813949 -0.987951879 -0.136407163 0.0731038388 0 0
-2.56634 0.746396 -1.80784 -0.983706424 -0.136500891 -0.117000764 0 0
-2.56595 0.743837 -1.807792 -0.980416956 -0.158702745 -0.116602017 0 0
-2.567644 0.746396 -1.801885 -0.940693589 -0.136699068 -0.310497884 0 0
-2.567271 0.743837 -1.801761 -0.937540343 -0.158806834 -0.309513319 0 0
-2.565452 0.740846 -1.80773 -0.978821064 -0.168403624 -0.116402505 0 0
-2.565319 0.740846 -1.814015 -0.983042404 -0.16830726 0.0728031404 0 0
-2.564891 0.737593 -1.807661 -0.978284299 -0.171497247 -0.116398132 0 0
-2.564755 0.737593 -1.814057 -0.982498138 -0.171499675 0.0726998622 0 0
-2.566794 0.740846 -1.801604 -0.936043312 -0.168507797 -0.308914294 0 0
-2.566257 0.737593 -1.801427 -0.935500664 -0.171700122 -0.308800219 0 0
-2.566376 0.740846 -1.820212 -0.951017889 -0.168303166 0.259304878 0 0
-2.565831 0.737593 -1.820363 -0.950502229 -0.171500402 0.259100608 0 0
-2.621098 0.743837 -1.832225 0.747801163 -0.158600247 0.644701003 0 0
-2.624334 0.746396 -1.826983 0.860067825 -0.136494894 0.49158161 0 0
-2.624676 0.743837 -1.827176 0.857208769 -0.158701624 0.489905012 0 0
-2.620801 0.746396 -1.831968 0.750286998 -0.136397636 0.64688879 0 0
-2.626831 0.746396 -1.821421 0.940693589 -0.136699068 0.310497884 0 0
-2.627204 0.743837 -1.821544 0.937540343 -0.158806834 0.309513319 0 0
-2.616389 0.746396 -1.836197 0.612828503 -0.136506349 0.778336201 0 0
-2.616631 0.743837 -1.836506 0.610808301 -0.158702157 0.775710542 0 0
-2.611256 0.746396 -1.839485 0.445619383 -0.136605942 0.884738482 0 0
-2.611433 0.743837 -1.839837 0.444136167 -0.158812933 0.881771806 0 0
-2.61694 0.740846 -1.836902 0.609780228 -0.16839454 0.774474888 0 0
-2.621478 0.740846 -1.832552 0.746523579 -0.168305316 0.643720332 0 0
-2.617288 0.737593 -1.837348 0.609443696 -0.171512297 0.774055498 0 0
-2.621906 0.737593 -1.832921 0.746145494 -0.171410451 0.643339226 0 0
-2.611659 0.740846 -1.840285 0.443416872 -0.168506412 0.880333497 0 0
-2.611913 0.737593 -1.840791 0.443129571 -0.171711459 0.879858715 0 0
-2.625112 0.740846 -1.827423 0.855812405 -0.168402441 0.48910709 0 0
-2.627681 0.740846 -1.821702 0.936027534 -0.16860496 0.308909087 0 0
-2.625604 0.737593 -1.827701 0.855353128 -0.171510653 0.488830362 0 0
-2.628219 0.737593 -1.821879 0.935500664 -0.171700122 0.308800219 0 0
-2.61781 0.743837 -1.787792 0.644701003 -0.158600247 -0.747801163 0 0
-2.612567 0.746396 -1.784557 0.491505773 -0.136501603 -0.860110102 0 0
-2.612761 0.743837 -1.784215 0.489905012 -0.158701624 -0.857208769 0 0
-2.617553 0.746396 -1.78809 0.64688879 -0.136397636 -0.750286998 0 0
-2.607006 0.746396 -1.78206 0.310502127 -0.136600936 -0.940706444 0 0
-2.607129 0.743837 -1.781686 0.309513319 -0.158806834 -0.937540343 0 0
-2.621781 0.746396 -1.792501 0.778336201 -0.136506349 -0.612828503 0 0
-2.622091 0.743837 -1.792259 0.775710542 -0.158702157 -0.610808301 0 0
-2.62507 0.746396 -1.797634 0.884726392 -0.136704078 -0.445613293 0 0
-2.625421 0.743837 -1.797457 0.881771806 -0.158812933 -0.444136167 0 0
-2.622487 0.740846 -1.791951 0.774474888 -0.16839454 -0.609780228 0 0
-2.618137 0.740846 -1.787412 0.643731164 -0.168208143 -0.746536141 0 0
-2.622933 0.737593 -1.791603 0.774055498 -0.171512297 -0.609443696 0 0
-2.618506 0.737593 -1.786984 0.643339226 -0.171410451 -0.746145494 0 0
-2.62587 0.740846 -1.797231 0.880318659 -0.168603574 -0.443409398 0 0
-2.626375 0.737593 -1.796977 0.879858715 -0.171711459 -0.443129571 0 0
-2.613008 0.740846 -1.783778 0.48910709 -0.168402441 -0.855812405 0 0
-2.607286 0.740846 -1.781209 0.308909087 -0.16860496 -0.936027534 0 0
-2.613286 0.737593 -1.783286 0.488830362 -0.171510653 -0.855353128 0 0
-2.607464 0.737593 -1.780672 0.308800219 -0.171700122 -0.935500664 0 0
-2.573377 0.743837 -1.791081 -0.747801163 -0.158600247 -0.644701003 0 0
-2.570142 0.746396 -1.796323 -0.860041795 -0.136506634 -0.491623891 0 0
-2.5698 0.743837 -1.79613 -0.857208769 -0.158701624 -0.489905012 0 0
-2.573674 0.746396 -1.791337 -0.750286998 -0.136397636 -0.64688879 0 0
-2.578086 0.746396 -1.787109 -0.612828503 -0.136506349 -0.778336201 0 0
-2.577844 0.743837 -1.786799 -0.610808301 -0.158702157 -0.775710542 0 0
-2.583219 0.746396 -1.78382 -0.445619383 -0.136605942 -0.884738482 0 0
-2.583042 0.743837 -1.783469 -0.444136167 -0.158812933 -0.881771806 0 0
-2.577535 0.740846 -1.786403 -0.609780228 -0.16839454 -0.774474888 0 0
-2.572997 0.740846 -1.790753 -0.746523579 -0.168305316 -0.643720332 0 0
-2.577188 0.737593 -1.785958 -0.609443696 -0.171512297 -0.774055498 0 0
-2.572569 0.737593 -1.790384 -0.746145494 -0.171410451 -0.643339226 0 0
-2.582816 0.740846 -1.78302 -0.443416872 -0.168506412 -0.880333497 0 0
-2.582562 0.737593 -1.782515 -0.443129571 -0.171711459 -0.879858715 0 0
-2.569363 0.740846 -1.795882 -0.855812405 -0.168402441 -0.48910709 0 0
-2.568871 0.737593 -1.795604 -0.855353128 -0.171510653 -0.488830362 0 0
-2.599563 0.743837 -1.843071 0.0728039694 -0.158608648 0.984653685 0 0
-2.605558 0.746396 -1.841652 0.260612106 -0.136506341 0.955744395 0 0
-2.605663 0.743837 -1.842031 0.2597148 -0.158709044 0.952554283 0 0
-2.599534 0.746396 -1.84268 0.0731038388 -0.136407163 0.987951879 0 0
-2.593425 0.746396 -1.84255 -0.117000764 -0.136500891 0.983706424 0 0
-2.593377 0.743837 -1.84294 -0.116602017 -0.158702745 0.980416956 0 0
-2.593315 0.740846 -1.843438 -0.116402505 -0.168403624 0.978821064 0 0
-2.5996 0.740846 -1.843572 0.0727036651 -0.168308485 0.983049557 0 0
-2.593246 0.737593 -1.843999 -0.116398132 -0.171497247 0.978284299 0 0
-2.599642 0.737593 -1.844135 0.0727011087 -0.171402614 0.982514983 0 0
-2.605797 0.740846 -1.842515 0.259300512 -0.168400333 0.951001878 0 0
-2.605948 0.737593 -1.843059 0.259100608 -0.171500402 0.950502229 0 0
-2.628656 0.743837 -1.809327 0.984653685 -0.158608648 -0.0728039694 0 0
-2.627237 0.746396 -1.803333 0.955744395 -0.136506341 -0.260612106 0 0
-2.627616 0.743837 -1.803228 0.952554283 -0.158709044 -0.2597148 0 0
-2.628265 0.746396 -1.809356 0.987951879 -0.136407163 -0.0731038388 0 0
-2.628135 0.746396 -1.815466 0.983706424 -0.136500891 0.117000764 0 0
-2.628525 0.743837 -1.815514 0.980416956 -0.158702745 0.116602017 0 0
-2.629023 0.740846 -1.815575 0.978821064 -0.168403624 0.116402505 0 0
-2.629156 0.740846 -1.80929 0.983042404 -0.16830726 -0.0728031404 0 0
-2.629584 0.737593 -1.815644 0.978284299 -0.171497247 0.116398132 0 0
-2.62972 0.737593 -1.809249 0.982514983 -0.171402614 -0.0727011087 0 0
-2.628099 0.740846 -1.803094 0.951001878 -0.168400333 -0.259300512 0 0
-2.628644 0.737593 -1.802943 0.950502229 -0.171500402 -0.259100608 0 0
-2.594912 0.743837 -1.780234 -0.0728039694 -0.158608648 -0.984653685 0 0
-2.588918 0.746396 -1.781653 -0.260612106 -0.136506341 -0.955744395 0 0
-2.588812 0.743837 -1.781275 -0.2597148 -0.158709044 -0.952554283 0 0
-2.594941 0.746396 -1.780626 -0.0731038388 -0.136407163 -0.987951879 0 0
-2.60105 0.746396 -1.780755 0.117000764 -0.136500891 -0.983706424 0 0
-2.601099 0.743837 -1.780365 0.116602017 -0.158702745 -0.980416956 0 0
-2.60116 0.740846 -1.779867 0.116402505 -0.168403624 -0.978821064 0 0
-2.594875 0.740846 -1.779734 -0.0728031404 -0.16830726 -0.983042404 0 0
-2.601229 0.737593 -1.779306 0.116398132 -0.171497247 -0.978284299 0 0
-2.594833 0.737593 -1.779171 -0.0727011087 -0.171402614 -0.982514983 0 0
-2.588678 0.740846 -1.780791 -0.259300512 -0.168400333 -0.951001878 0 0
-2.588527 0.737593 -1.780246 -0.259100608 -0.171500402 -0.950502229 0 0
-2.571697 0.730603 -1.789632 -0.749926349 -0.139604905 -0.646622719 0 0
-2.568363 0.734251 -1.795317 -0.856624496 -0.163004661 -0.489513998 0 0
-2.567867 0.730603 -1.795036 -0.859710372 -0.139701686 -0.491305928 0 0
-2.572128 0.734251 -1.790004 -0.747260572 -0.162913205 -0.644252222 0 0
-2.565702 0.734251 -1.801244 -0.936890402 -0.163198328 -0.309196832 0 0
-2.565161 0.730603 -1.801065 -0.940302717 -0.139800404 -0.310300897 0 0
-2.576829 0.734251 -1.785498 -0.610309115 -0.163002434 -0.775211578 0 0
-2.576478 0.730603 -1.785049 -0.612513371 -0.13970305 -0.778016984 0 0
-2.582299 0.734251 -1.781994 -0.443815558 -0.163205721 -0.881130889 0 0
-2.582043 0.730603 -1.781484 -0.445419668 -0.139806173 -0.884339049 0 0
-2.576154 0.726432 -1.784634 -0.614909291 -0.108401638 -0.781111803 0 0
-2.571298 0.726432 -1.789288 -0.752930829 -0.108304435 -0.649126579 0 0
-2.575876 0.721521 -1.784277 -0.616848437 -0.0754059211 -0.78346152 0 0
-2.570956 0.721521 -1.788993 -0.75522706 -0.0753026981 -0.65112333 0 0
-2.581805 0.726432 -1.781013 -0.44721142 -0.108502771 -0.887822671 0 0
-2.581602 0.721521 -1.780609 -0.448498706 -0.0753997825 -0.890597431 0 0
-2.567409 0.726432 -1.794777 -0.863084007 -0.108397991 -0.493290859 0 0
-2.56466 0.726432 -1.8009 -0.943998674 -0.108499848 -0.311599562 0 0
-2.567015 0.721521 -1.794554 -0.86572221 -0.0754019345 -0.494812695 0 0
-2.56423 0.721521 -1.800758 -0.946918456 -0.0754014696 -0.312506091 0 0
-2.599727 0.730603 -1.845284 0.0731004379 -0.139600836 0.987505915 0 0
-2.606104 0.734251 -1.843621 0.259497034 -0.162998137 0.95188912 0 0
-2.606256 0.730603 -1.84417 0.260410112 -0.139705425 0.955337096 0 0
-2.599685 0.734251 -1.844716 0.0728038056 -0.162908515 0.983951433 0 0
-2.612176 0.734251 -1.841312 0.443815558 -0.163205721 0.881130889 0 0
-2.612433 0.730603 -1.841821 0.445419668 -0.139806173 0.884339049 0 0
-2.593175 0.734251 -1.844578 -0.116601361 -0.163001903 0.979711438 0 0
-2.593105 0.730603 -1.845144 -0.117006592 -0.139707871 0.983255393 0 0
-2.586828 0.734251 -1.843188 -0.309196832 -0.163198328 0.936890402 0 0
-2.58665 0.730603 -1.84373 -0.310300897 -0.139800404 0.940302717 0 0
-2.59304 0.726432 -1.845666 -0.117405886 -0.108405435 0.987149492 0 0
-2.599766 0.726432 -1.845809 0.073400352 -0.108300519 0.991404754 0 0
-2.592985 0.721521 -1.846115 -0.117808246 -0.0754052782 0.990169309 0 0
-2.599799 0.721521 -1.84626 0.0736030027 -0.0753030721 0.994440569 0 0
-2.586484 0.726432 -1.84423 -0.311599562 -0.108499848 0.943998674 0 0
-2.586342 0.721521 -1.84466 -0.312506091 -0.0754014696 0.946918456 0 0
-2.606397 0.726432 -1.844678 0.261499265 -0.108399695 0.959097305 0 0
-2.61267 0.726432 -1.842292 0.44721142 -0.108502771 0.887822671 0 0
-2.606518 0.721521 -1.845114 0.262309122 -0.0754026222 0.962033455 0 0
-2.612873 0.721521 -1.842697 0.448498706 -0.0753997825 0.890597431 0 0
-2.630869 0.730603 -1.809164 0.987505915 -0.139600836 -0.0731004379 0 0
-2.629206 0.734251 -1.802787 0.95188912 -0.162998137 -0.259497034 0 0
-2.629755 0.730603 -1.802634 0.955337096 -0.139705425 -0.260410112 0 0
-2.630301 0.734251 -1.809206 0.983951433 -0.162908515 -0.0728038056 0 0
-2.626897 0.734251 -1.796714 0.881130889 -0.163205721 -0.443815558 0 0
-2.627406 0.730603 -1.796458 0.884339049 -0.139806173 -0.445419668 0 0
-2.630163 0.734251 -1.815716 0.979711438 -0.163001903 0.116601361 0 0
-2.630728 0.730603 -1.815786 0.983255393 -0.139707871 0.117006592 0 0
-2.628773 0.734251 -1.822062 0.936890402 -0.163198328 0.309196832 0 0
-2.629315 0.730603 -1.822241 0.940302717 -0.139800404 0.310300897 0 0
-2.631251 0.726432 -1.81585 0.987149492 -0.108405435 0.117405886 0 0
-2.631394 0.726432 -1.809125 0.991404754 -0.108300519 -0.073400352 0 0
-2.6317 0.721521 -1.815905 0.990169309 -0.0754052782 0.117808246 0 0
-2.631845 0.721521 -1.809091 0.994440569 -0.0753030721 -0.0736030027 0 0
-2.629815 0.726432 -1.822406 0.943998674 -0.108499848 0.311599562 0 0
-2.630245 0.721521 -1.822548 0.946918456 -0.0754014696 0.312506091 0 0
-2.630262 0.726432 -1.802494 0.959097305 -0.108399695 -0.261499265 0 0
-2.627877 0.726432 -1.796221 0.887822671 -0.108502771 -0.44721142 0 0
-2.630698 0.721521 -1.802373 0.962033455 -0.0754026222 -0.262309122 0 0
-2.628281 0.721521 -1.796017 0.890597431 -0.0753997825 -0.448498706 0 0
-2.594748 0.730603 -1.778021 -0.0731004379 -0.139600836 -0.987505915 0 0
-2.588372 0.734251 -1.779685 -0.259497034 -0.162998137 -0.95188912 0 0
-2.588219 0.730603 -1.779135 -0.260410112 -0.139705425 -0.955337096 0 0
-2.59479 0.734251 -1.77859 -0.0728038056 -0.162908515 -0.983951433 0 0
-2.601301 0.734251 -1.778728 0.116601361 -0.163001903 -0.979711438 0 0
-2.60137 0.730603 -1.778162 0.117006592 -0.139707871 -0.983255393 0 0
-2.607647 0.734251 -1.780118 0.309196832 -0.163198328 -0.936890402 0 0
-2.607826 0.730603 -1.779576 0.310300897 -0.139800404 -0.940302717 0 0
-2.601435 0.726432 -1.777639 0.117405886 -0.108405435 -0.987149492 0 0
-2.59471 0.726432 -1.777497 -0.073400352 -0.108300519 -0.991404754 0 0
-2.60149 0.721521 -1.77719 0.117808246 -0.0754052782 -0.990169309 0 0
-2.594676 0.721521 -1.777046 -0.0736030027 -0.0753030721 -0.994440569 0 0
-2.607991 0.726432 -1.779075 0.311599562 -0.108499848 -0.943998674 0 0
-2.608133 0.721521 -1.778645 0.312506091 -0.0754014696 -0.946918456 0 0
-2.588079 0.726432 -1.778628 -0.261499265 -0.108399695 -0.959097305 0 0
-2.587958 0.721521 -1.778192 -0.262309122 -0.0754026222 -0.962033455 0 0
-2.575217 0.730603 -1.837194 -0.646622719 -0.139604905 0.749926349 0 0
-2.580902 0.734251 -1.840527 -0.489513998 -0.163004661 0.856624496 0 0
-2.580621 0.730603 -1.841023 -0.491305928 -0.139701686 0.859710372 0 0
-2.575589 0.734251 -1.836762 -0.644252222 -0.162913205 0.747260572 0 0
-2.571083 0.734251 -1.832061 -0.775211578 -0.163002434 0.610309115 0 0
-2.570634 0.730603 -1.832412 -0.778016984 -0.13970305 0.612513371 0 0
-2.567579 0.734251 -1.826591 -0.881130889 -0.163205721 0.443815558 0 0
-2.567069 0.730603 -1.826848 -0.884339049 -0.139806173 0.445419668 0 0
-2.570219 0.726432 -1.832736 -0.781111803 -0.108401638 0.614909291 0 0
-2.574873 0.726432 -1.837592 -0.649126579 -0.108304435 0.752930829 0 0
-2.569862 0.721521 -1.833014 -0.78346152 -0.0754059211 0.616848437 0 0
-2.574578 0.721521 -1.837935 -0.651118424 -0.0754021335 0.755221369 0 0
-2.566598 0.726432 -1.827085 -0.887822671 -0.108502771 0.44721142 0 0
-2.566194 0.721521 -1.827289 -0.890597431 -0.0753997825 0.448498706 0 0
-2.580362 0.726432 -1.841481 -0.493290859 -0.108397991 0.863084007 0 0
-2.580139 0.721521 -1.841875 -0.494812695 -0.0754019345 0.86572221 0 0
-2.563606 0.730603 -1.814142 -0.987505915 -0.139600836 0.0731004379 0 0
-2.565269 0.734251 -1.820519 -0.95188912 -0.162998137 0.259497034 0 0
-2.56472 0.730603 -1.820671 -0.955337096 -0.139705425 0.260410112 0 0
-2.564174 0.734251 -1.8141 -0.983951433 -0.162908515 0.0728038056 0 0
-2.564312 0.734251 -1.80759 -0.979711438 -0.163001903 -0.116601361 0 0
-2.563747 0.730603 -1.80752 -0.983255393 -0.139707871 -0.117006592 0 0
-2.563224 0.726432 -1.807455 -0.987149492 -0.108405435 -0.117405886 0 0
-2.563082 0.726432 -1.814181 -0.991404754 -0.108300519 0.073400352 0 0
-2.562775 0.721521 -1.8074 -0.990169309 -0.0754052782 -0.117808246 0 0
-2.562631 0.721521 -1.814214 -0.994440569 -0.0753030721 0.0736030027 0 0
-2.564213 0.726432 -1.820812 -0.959097305 -0.108399695 0.261499265 0 0
-2.563777 0.721521 -1.820933 -0.962033455 -0.0754026222 0.262309122 0 0
-2.622779 0.730603 -1.833674 0.749926349 -0.139604905 0.646622719 0 0
-2.626112 0.734251 -1.827988 0.856624496 -0.163004661 0.489513998 0 0
-2.626608 0.730603 -1.828269 0.859710372 -0.139701686 0.491305928 0 0
-2.622347 0.734251 -1.833302 0.747260572 -0.162913205 0.644252222 0 0
-2.617646 0.734251 -1.837807 0.610309115 -0.163002434 0.775211578 0 0
-2.617997 0.730603 -1.838257 0.612513371 -0.13970305 0.778016984 0 0
-2.618321 0.726432 -1.838672 0.614909291 -0.108401638 0.781111803 0 0
-2.623177 0.726432 -1.834017 0.752930829 -0.108304435 0.649126579 0 0
-2.618599 0.721521 -1.839029 0.616848437 -0.0754059211 0.78346152 0 0
-2.62352 0.721521 -1.834312 0.75522706 -0.0753026981 0.65112333 0 0
-2.627066 0.726432 -1.828528 0.863084007 -0.108397991 0.493290859 0 0
-2.62746 0.721521 -1.828751 0.86572221 -0.0754019345 0.494812695 0 0
-2.619258 0.730603 -1.786112 0.646622719 -0.139604905 -0.749926349 0 0
-2.613573 0.734251 -1.782779 0.489513998 -0.163004661 -0.856624496 0 0
-2.613854 0.730603 -1.782282 0.491305928 -0.139701686 -0.859710372 0 0
-2.618886 0.734251 -1.786543 0.644252222 -0.162913205 -0.747260572 0 0
-2.623392 0.734251 -1.791244 0.775211578 -0.163002434 -0.610309115 0 0
-2.623842 0.730603 -1.790894 0.778016984 -0.13970305 -0.612513371 0 0
-2.624257 0.726432 -1.79057 0.781111803 -0.108401638 -0.614909291 0 0
-2.619602 0.726432 -1.785713 0.649126579 -0.108304435 -0.752930829 0 0
-2.624613 0.721521 -1.790291 0.78346152 -0.0754059211 -0.616848437 0 0
-2.619897 0.721521 -1.785371 0.65112333 -0.0753026981 -0.75522706 0 0
-2.614113 0.726432 -1.781824 0.493215189 -0.108403338 -0.86312658 0 0
-2.614336 0.721521 -1.78143 0.494812695 -0.0754019345 -0.86572221 0 0
-2.623958 0.709068 -1.83469 0.757115771 -0.0247005145 0.652813598 0 0
-2.627763 0.715652 -1.828922 0.867254808 -0.0471029768 0.495631322 0 0
-2.627964 0.709068 -1.829036 0.867953598 -0.0247015254 0.496030631 0 0
-2.623783 0.715652 -1.834539 0.756550657 -0.0470031472 0.652243672 0 0
-2.630576 0.715652 -1.822657 0.948546352 -0.0471023017 0.313115301 0 0
-2.630795 0.709068 -1.822729 0.949329681 -0.0247007723 0.313309796 0 0
-2.618813 0.715652 -1.839303 0.617921671 -0.0471016519 0.784827524 0 0
-2.618955 0.709068 -1.839485 0.618387972 -0.0246995196 0.785484723 0 0
-2.61303 0.715652 -1.843008 0.449315432 -0.0471016177 0.892130641 0 0
-2.613134 0.709068 -1.843214 0.449715286 -0.0247008396 0.892830348 0 0
-2.619017 0.702009 -1.839565 0.618596966 -0.00439997842 0.785696146 0 0
-2.624034 0.702009 -1.834756 0.757325882 -0.00440015038 0.653022317 0 0
-2.618993 0.694715 -1.839533 0.618509643 0.016100251 0.785612248 0 0
-2.624004 0.694715 -1.83473 0.75728451 0.0160996707 0.652886645 0 0
-2.61318 0.702009 -1.843305 0.44980742 -0.00440007258 0.893114732 0 0
-2.613161 0.694715 -1.843268 0.449793647 0.0160997726 0.892987387 0 0
-2.628052 0.702009 -1.829086 0.868197812 -0.00439998891 0.49619875 0 0
-2.630891 0.702009 -1.822761 0.949609933 -0.00440004602 0.313403278 0 0
-2.628017 0.694715 -1.829066 0.868112141 0.0161002252 0.496106938 0 0
-2.630853 0.694715 -1.822749 0.949486223 0.0160997664 0.313395453 0 0
-2.620275 0.709068 -1.784933 0.652813598 -0.0247005145 -0.757115771 0 0
-2.614507 0.715652 -1.781128 0.495631322 -0.0471029768 -0.867254808 0 0
-2.614621 0.709068 -1.780927 0.496030631 -0.0247015254 -0.867953598 0 0
-2.620124 0.715652 -1.785108 0.652243672 -0.0470031472 -0.756550657 0 0
-2.608242 0.715652 -1.778315 0.313115301 -0.0471023017 -0.948546352 0 0
-2.608314 0.709068 -1.778095 0.313309796 -0.0247007723 -0.949329681 0 0
-2.624888 0.715652 -1.790077 0.784827524 -0.0471016519 -0.617921671 0 0
-2.62507 0.709068 -1.789935 0.785484723 -0.0246995196 -0.618387972 0 0
-2.628592 0.715652 -1.79586 0.892130641 -0.0471016177 -0.449315432 0 0
-2.628799 0.709068 -1.795756 0.892830348 -0.0247008396 -0.449715286 0 0
-2.62515 0.702009 -1.789873 0.785696146 -0.00439997842 -0.618596966 0 0
-2.620341 0.702009 -1.784856 0.653022317 -0.00440015038 -0.757325882 0 0
-2.625118 0.694715 -1.789898 0.785612248 0.016100251 -0.618509643 0 0
-2.620315 0.694715 -1.784887 0.652886645 0.0160996707 -0.75728451 0 0
-2.628889 0.702009 -1.795711 0.893114732 -0.00440007258 -0.44980742 0 0
-2.628853 0.694715 -1.795729 0.892987387 0.0160997726 -0.449793647 0 0
-2.614671 0.702009 -1.780839 0.49619875 -0.00439998891 -0.868197812 0 0
-2.608346 0.702009 -1.777999 0.313403278 -0.00440004602 -0.949609933 0 0
-2.614651 0.694715 -1.780874 0.496106938 0.0161002252 -0.868112141 0 0
-2.608333 0.694715 -1.778037 0.313395453 0.0160997664 -0.949486223 0 0
-2.570518 0.709068 -1.788616 -0.757115771 -0.0247005145 -0.652813598 0 0
-2.566713 0.715652 -1.794383 -0.867254808 -0.0471029768 -0.495631322 0 0
-2.566512 0.709068 -1.794269 -0.867953598 -0.0247015254 -0.496030631 0 0
-2.570692 0.715652 -1.788766 -0.756550657 -0.0470031472 -0.652243672 0 0
-2.5639 0.715652 -1.800648 -0.948546352 -0.0471023017 -0.313115301 0 0
-2.56368 0.709068 -1.800576 -0.949329681 -0.0247007723 -0.313309796 0 0
-2.575662 0.715652 -1.784003 -0.617921671 -0.0471016519 -0.784827524 0 0
-2.57552 0.709068 -1.783821 -0.618387972 -0.0246995196 -0.785484723 0 0
-2.581445 0.715652 -1.780298 -0.449315432 -0.0471016177 -0.892130641 0 0
-2.581341 0.709068 -1.780092 -0.449715286 -0.0247008396 -0.892830348 0 0
-2.575458 0.702009 -1.783741 -0.618596966 -0.00439997842 -0.785696146 0 0
-2.570441 0.702009 -1.788549 -0.757325882 -0.00440015038 -0.653022317 0 0
-2.575483 0.694715 -1.783773 -0.618509643 0.016100251 -0.785612248 0 0
-2.570471 0.694715 -1.788576 -0.75728451 0.0160996707 -0.652886645 0 0
-2.581296 0.702009 -1.780001 -0.44980742 -0.00440007258 -0.893114732 0 0
-2.581314 0.694715 -1.780037 -0.449793647 0.0160997726 -0.892987387 0 0
-2.566423 0.702009 -1.79422 -0.868197812 -0.00439998891 -0.49619875 0 0
-2.563584 0.702009 -1.800544 -0.949609933 -0.00440004602 -0.313403278 0 0
-2.566459 0.694715 -1.794239 -0.868112141 0.0161002252 -0.496106938 0 0
-2.563622 0.694715 -1.800557 -0.949486223 0.0160997664 -0.313395453 0 0
-2.599842 0.709068 -1.846836 0.0738049399 -0.0247016533 0.996966729 0 0
-2.606611 0.715652 -1.845449 0.262706911 -0.047101239 0.963725351 0 0
-2.606672 0.709068 -1.845671 0.262901742 -0.0247001636 0.96450639 0 0
-2.599825 0.715652 -1.846606 0.0736979685 -0.0469987045 0.996172541 0 0
-2.592942 0.715652 -1.84646 -0.117999527 -0.0470998111 0.991896022 0 0
-2.592914 0.709068 -1.846689 -0.118099351 -0.0246998643 0.992694545 0 0
-2.586233 0.715652 -1.844991 -0.313115301 -0.0471023017 0.948546352 0 0
-2.586161 0.709068 -1.84521 -0.313309796 -0.0247007723 0.949329681 0 0
-2.592902 0.702009 -1.84679 -0.118099057 -0.00439996487 0.992992071 0 0
-2.599849 0.702009 -1.846937 0.0737973031 -0.00439983921 0.997263556 0 0
-2.592906 0.694715 -1.84675 -0.118096621 0.0160995393 0.992871589 0 0
-2.599846 0.694715 -1.846897 0.0738031714 0.0161006919 0.997142848 0 0
-2.586129 0.702009 -1.845307 -0.313403278 -0.00440004602 0.949609933 0 0
-2.586142 0.694715 -1.845268 -0.313395453 0.0160997664 0.949486223 0 0
-2.606699 0.702009 -1.845769 0.262996397 -0.00439993972 0.964786783 0 0
-2.606689 0.694715 -1.84573 0.263015601 0.0161009551 0.96465722 0 0
-2.632421 0.709068 -1.809049 0.996966729 -0.0247016533 -0.0738049399 0 0
-2.631034 0.715652 -1.80228 0.963725351 -0.047101239 -0.262706911 0 0
-2.631256 0.709068 -1.802218 0.96450639 -0.0247001636 -0.262901742 0 0
-2.632191 0.715652 -1.809066 0.996172541 -0.0469987045 -0.0736979685 0 0
-2.632045 0.715652 -1.815948 0.991900689 -0.0470000327 0.118000082 0 0
-2.632274 0.709068 -1.815976 0.992694545 -0.0246998643 0.118099351 0 0
-2.632375 0.702009 -1.815989 0.992992071 -0.00439996487 0.118099057 0 0
-2.632522 0.702009 -1.809041 0.997263556 -0.00439983921 -0.0737973031 0 0
-2.632335 0.694715 -1.815984 0.992871589 0.0160995393 0.118096621 0 0
-2.632482 0.694715 -1.809044 0.997142848 0.0161006919 -0.0738031714 0 0
-2.631354 0.702009 -1.802191 0.964786783 -0.00439993972 -0.262996397 0 0
-2.631315 0.694715 -1.802202 0.96465722 0.0161009551 -0.263015601 0 0
-2.594633 0.709068 -1.776469 -0.0738049399 -0.0247016533 -0.996966729 0 0
-2.587865 0.715652 -1.777857 -0.262706911 -0.047101239 -0.963725351 0 0
-2.587803 0.709068 -1.777634 -0.262901742 -0.0247001636 -0.96450639 0 0
-2.594651 0.715652 -1.776699 -0.0736979685 -0.0469987045 -0.996172541 0 0
-2.601533 0.715652 -1.776845 0.117999527 -0.0470998111 -0.991896022 0 0
-2.601561 0.709068 -1.776616 0.118099351 -0.0246998643 -0.992694545 0 0
-2.601574 0.702009 -1.776516 0.118099057 -0.00439996487 -0.992992071 0 0
-2.594626 0.702009 -1.776368 -0.0737973031 -0.00439983921 -0.997263556 0 0
-2.601569 0.694715 -1.776556 0.118096621 0.0160995393 -0.992871589 0 0
-2.594629 0.694715 -1.776408 -0.0738031714 0.0161006919 -0.997142848 0 0
-2.587776 0.702009 -1.777537 -0.262996397 -0.00439993972 -0.964786783 0 0
-2.587787 0.694715 -1.777576 -0.263015601 0.0161009551 -0.96465722 0 0
-2.5742 0.709068 -1.838373 -0.652813598 -0.0247005145 0.757115771 0 0
-2.579968 0.715652 -1.842178 -0.495631322 -0.0471029768 0.867254808 0 0
-2.579854 0.709068 -1.842379 -0.496030631 -0.0247015254 0.867953598 0 0
-2.574351 0.715652 -1.838198 -0.652243672 -0.0470031472 0.756550657 0 0
-2.569588 0.715652 -1.833228 -0.784827524 -0.0471016519 0.617921671 0 0
-2.569406 0.709068 -1.83337 -0.785484723 -0.0246995196 0.618387972 0 0
-2.565883 0.715652 -1.827445 -0.892130641 -0.0471016177 0.449315432 0 0
-2.565676 0.709068 -1.827549 -0.892830348 -0.0247008396 0.449715286 0 0
-2.569326 0.702009 -1.833433 -0.785696146 -0.00439997842 0.618596966 0 0
-2.574134 0.702009 -1.83845 -0.653022317 -0.00440015038 0.757325882 0 0
-2.569358 0.694715 -1.833408 -0.785612248 0.016100251 0.618509643 0 0
-2.574161 0.694715 -1.838419 -0.652886645 0.0160996707 0.75728451 0 0
-2.565586 0.702009 -1.827595 -0.893114732 -0.00440007258 0.44980742 0 0
-2.565622 0.694715 -1.827577 -0.892987387 0.0160997726 0.449793647 0 0
-2.579804 0.702009 -1.842467 -0.49619875 -0.00439998891 0.868197812 0 0
-2.579824 0.694715 -1.842432 -0.496106938 0.0161002252 0.868112141 0 0
-2.562054 0.709068 -1.814257 -0.996966729 -0.0247016533 0.0738049399 0 0
-2.563442 0.715652 -1.821026 -0.963725351 -0.047101239 0.262706911 0 0
-2.563219 0.709068 -1.821087 -0.96450639 -0.0247001636 0.262901742 0 0
-2.562284 0.715652 -1.81424 -0.996172541 -0.0469987045 0.0736979685 0 0
-2.56243 0.715652 -1.807357 -0.991896022 -0.0470998111 -0.117999527 0 0
-2.562201 0.709068 -1.807329 -0.992694545 -0.0246998643 -0.118099351 0 0
-2.5621 0.702009 -1.807317 -0.992992071 -0.00439996487 -0.118099057 0 0
-2.561953 0.702009 -1.814264 -0.997263556 -0.00439983921 0.0737973031 0 0
-2.56214 0.694715 -1.807322 -0.992871589 0.0160995393 -0.118096621 0 0
-2.561993 0.694715 -1.814261 -0.997142848 0.0161006919 0.0738031714 0 0
-2.563121 0.702009 -1.821115 -0.964786783 -0.00439993972 0.262996397 0 0
-2.56316 0.694715 -1.821104 -0.96465722 0.0161009551 0.263015601 0 0
-2.63194 0.680384 -1.809084 0.995289719 0.0630993482 -0.0735992397 0 0
-2.631127 0.687429 -1.802254 0.964072606 0.0380989174 -0.26289253 0 0
-2.63079 0.680384 -1.802347 0.96286177 0.0631040483 -0.262516841 0 0
-2.632288 0.687429 -1.809059 0.996552046 0.0381019899 -0.0737038493 0 0
-2.628679 0.687429 -1.795817 0.89247407 0.0380988931 -0.44948694 0 0
-2.628367 0.680384 -1.795974 0.891335146 0.0632024921 -0.448917701 0 0
-2.632142 0.687429 -1.81596 0.992281147 0.038103116 0.118009651 0 0
-2.631795 0.680384 -1.815917 0.991018324 0.0631011668 0.11790218 0 0
-2.630668 0.687429 -1.822688 0.948920373 0.038100818 0.313206725 0 0
-2.630336 0.680384 -1.822578 0.947712619 0.0632008415 0.312804165 0 0
-2.631293 0.673819 -1.815855 0.988553255 0.0945050911 0.117606336 0 0
-2.631436 0.673819 -1.809122 0.992807774 0.0945007399 -0.0735005755 0 0
-2.630636 0.667967 -1.815774 0.983412529 0.138601766 0.117001491 0 0
-2.630776 0.667967 -1.809171 0.987659449 0.138508337 -0.0731044003 0 0
-2.629855 0.673819 -1.822419 0.945354241 0.0946054281 0.312017903 0 0
-2.629226 0.667967 -1.822211 0.940429149 0.138704299 0.310409621 0 0
-2.630303 0.673819 -1.802482 0.96047797 0.094507672 -0.261821254 0 0
-2.627915 0.673819 -1.796202 0.889112088 0.0946012861 -0.447806088 0 0
-2.629665 0.667967 -1.802659 0.955467186 0.138609747 -0.260518319 0 0
-2.627323 0.667967 -1.7965 0.884478689 0.138696658 -0.445489266 0 0
-2.594669 0.680384 -1.776951 -0.0735992397 0.0630993482 -0.995289719 0 0
-2.587839 0.687429 -1.777763 -0.26289253 0.0380989174 -0.964072606 0 0
-2.587932 0.680384 -1.7781 -0.262516841 0.0631040483 -0.96286177 0 0
-2.594643 0.687429 -1.776602 -0.0737038493 0.0381019899 -0.996552046 0 0
-2.581401 0.687429 -1.780211 -0.44948694 0.0380988931 -0.89247407 0 0
-2.581559 0.680384 -1.780524 -0.448917701 0.0632024921 -0.891335146 0 0
-2.601545 0.687429 -1.776749 0.118009651 0.038103116 -0.992281147 0 0
-2.601502 0.680384 -1.777096 0.11790218 0.0631011668 -0.991018324 0 0
-2.608272 0.687429 -1.778222 0.313206725 0.038100818 -0.948920373 0 0
-2.608163 0.680384 -1.778555 0.312804165 0.0632008415 -0.947712619 0 0
-2.60144 0.673819 -1.777597 0.117606336 0.0945050911 -0.988553255 0 0
-2.594706 0.673819 -1.777455 -0.0735005755 0.0945007399 -0.992807774 0 0
-2.601359 0.667967 -1.778255 0.117001491 0.138601766 -0.983412529 0 0
-2.594755 0.667967 -1.778115 -0.0731044003 0.138508337 -0.987659449 0 0
-2.608004 0.673819 -1.779035 0.312017903 0.0946054281 -0.945354241 0 0
-2.607796 0.667967 -1.779665 0.310409621 0.138704299 -0.940429149 0 0
-2.588067 0.673819 -1.778587 -0.261821254 0.094507672 -0.96047797 0 0
-2.581786 0.673819 -1.780976 -0.447806088 0.0946012861 -0.889112088 0 0
-2.588244 0.667967 -1.779225 -0.260518319 0.138609747 -0.955467186 0 0
-2.582085 0.667967 -1.781568 -0.445489266 0.138696658 -0.884478689 0 0
-2.574516 0.680384 -1.838007 -0.651674158 0.0630974979 0.755870027 0 0
-2.57992 0.687429 -1.842263 -0.495843264 0.0381033247 0.867575699 0 0
-2.580092 0.680384 -1.841958 -0.49519334 0.0630991513 0.866488346 0 0
-2.574288 0.687429 -1.838272 -0.652514975 0.0381008744 0.756817369 0 0
-2.586203 0.687429 -1.845083 -0.313206725 0.038100818 0.948920373 0 0
-2.586313 0.680384 -1.844751 -0.312804165 0.0632008415 0.947712619 0 0
-2.569511 0.687429 -1.833288 -0.785098092 0.0380999074 0.618198498 0 0
-2.569787 0.680384 -1.833073 -0.784108947 0.06310072 0.617407045 0 0
-2.565796 0.687429 -1.827489 -0.89247407 0.0380988931 0.44948694 0 0
-2.566108 0.680384 -1.827332 -0.891335146 0.0632024921 0.448917701 0 0
-2.570185 0.673819 -1.832762 -0.782209101 0.0945010995 0.615807165 0 0
-2.574846 0.673819 -1.837624 -0.650017469 0.0945025398 0.754020265 0 0
-2.570707 0.667967 -1.832354 -0.778127885 0.138604967 0.612621954 0 0
-2.575278 0.667967 -1.837123 -0.646682815 0.13849632 0.750080067 0 0
-2.56656 0.673819 -1.827104 -0.889112088 0.0946012861 0.447806088 0 0
-2.567153 0.667967 -1.826806 -0.884518088 0.138702837 0.445409109 0 0
-2.580341 0.673819 -1.841518 -0.494004757 0.09450091 0.864308323 0 0
-2.586471 0.673819 -1.84427 -0.312017903 0.0946054281 0.945354241 0 0
-2.580667 0.667967 -1.840942 -0.491414752 0.138604161 0.859825812 0 0
-2.586679 0.667967 -1.843641 -0.310409621 0.138704299 0.940429149 0 0
-2.562536 0.680384 -1.814221 -0.995289719 0.0630993482 0.0735992397 0 0
-2.563348 0.687429 -1.821052 -0.964097947 0.0380999188 0.26279944 0 0
-2.563685 0.680384 -1.820958 -0.962869059 0.0630979724 0.262491565 0 0
-2.562187 0.687429 -1.814247 -0.996552046 0.0381019899 0.0737038493 0 0
-2.562333 0.687429 -1.807346 -0.992281147 0.038103116 -0.118009651 0 0
-2.56268 0.680384 -1.807388 -0.991018324 0.0631011668 -0.11790218 0 0
-2.563807 0.687429 -1.800618 -0.948920373 0.038100818 -0.313206725 0 0
-2.564139 0.680384 -1.800728 -0.947718604 0.0631012387 -0.31280614 0 0
-2.563182 0.673819 -1.80745 -0.988553255 0.0945050911 -0.117606336 0 0
-2.563039 0.673819 -1.814184 -0.992807774 0.0945007399 0.0735005755 0 0
-2.56384 0.667967 -1.807531 -0.983412529 0.138601766 -0.117001491 0 0
-2.5637 0.667967 -1.814135 -0.987659449 0.138508337 0.0731044003 0 0
-2.56462 0.673819 -1.800886 -0.945354241 0.0946054281 -0.312017903 0 0
-2.56525 0.667967 -1.801094 -0.940429149 0.138704299 -0.310409621 0 0
-2.564172 0.673819 -1.820823 -0.96047797 0.094507672 0.261821254 0 0
-2.56481 0.667967 -1.820646 -0.955467186 0.138609747 0.260518319 0 0
-2.623592 0.680384 -1.834375 0.755870027 0.0630974979 0.651674158 0 0
-2.627847 0.687429 -1.82897 0.867575699 0.0381033247 0.495843264 0 0
-2.627543 0.680384 -1.828798 0.866488346 0.0630991513 0.49519334 0 0
-2.623856 0.687429 -1.834603 0.756817369 0.0381008744 0.652514975 0 0
-2.618873 0.687429 -1.839379 0.618198498 0.0380999074 0.785098092 0 0
-2.618658 0.680384 -1.839104 0.617407045 0.06310072 0.784108947 0 0
-2.613074 0.687429 -1.843094 0.44948694 0.0380988931 0.89247407 0 0
-2.612916 0.680384 -1.842782 0.448917701 0.0632024921 0.891335146 0 0
-2.618347 0.673819 -1.838705 0.615807165 0.0945010995 0.782209101 0 0
-2.623209 0.673819 -1.834045 0.754020265 0.0945025398 0.650017469 0 0
-2.617939 0.667967 -1.838183 0.612621954 0.138604967 0.778127885 0 0
-2.622708 0.667967 -1.833612 0.750080067 0.13849632 0.646682815 0 0
-2.612689 0.673819 -1.84233 0.447806088 0.0946012861 0.889112088 0 0
-2.61239 0.667967 -1.841738 0.445489266 0.138696658 0.884478689 0 0
-2.627103 0.673819 -1.828549 0.86435102 0.0945055784 0.493929155 0 0
-2.626526 0.667967 -1.828223 0.859825812 0.138604161 0.491414752 0 0
-2.619959 0.680384 -1.785298 0.651674158 0.0630974979 -0.755870027 0 0
-2.614555 0.687429 -1.781043 0.495843264 0.0381033247 -0.867575699 0 0
-2.614383 0.680384 -1.781347 0.49519334 0.0630991513 -0.866488346 0 0
-2.620188 0.687429 -1.785034 0.652514975 0.0381008744 -0.756817369 0 0
-2.624964 0.687429 -1.790018 0.785098092 0.0380999074 -0.618198498 0 0
-2.624689 0.680384 -1.790233 0.784108947 0.06310072 -0.617407045 0 0
-2.62429 0.673819 -1.790544 0.782209101 0.0945010995 -0.615807165 0 0
-2.61963 0.673819 -1.785681 0.650017469 0.0945025398 -0.754020265 0 0
-2.623768 0.667967 -1.790951 0.778127885 0.138604967 -0.612621954 0 0
-2.619197 0.667967 -1.786183 0.646682815 0.13849632 -0.750080067 0 0
-2.614134 0.673819 -1.781787 0.494004757 0.09450091 -0.864308323 0 0
-2.613808 0.667967 -1.782364 0.491414752 0.138604161 -0.859825812 0 0
-2.570883 0.680384 -1.788931 -0.755870027 0.0630974979 -0.651674158 0 0
-2.566628 0.687429 -1.794335 -0.867575699 0.0381033247 -0.495843264 0 0
-2.566932 0.680384 -1.794507 -0.866488346 0.0630991513 -0.49519334 0 0
-2.570619 0.687429 -1.788703 -0.756817369 0.0381008744 -0.652514975 0 0
-2.575602 0.687429 -1.783926 -0.618198498 0.0380999074 -0.785098092 0 0
-2.575817 0.680384 -1.784202 -0.617407045 0.06310072 -0.784108947 0 0
-2.576128 0.673819 -1.7846 -0.615807165 0.0945010995 -0.782209101 0 0
-2.571266 0.673819 -1.789261 -0.754020265 0.0945025398 -0.650017469 0 0
-2.576536 0.667967 -1.785123 -0.612621954 0.138604967 -0.778127885 0 0
-2.571767 0.667967 -1.789693 -0.750080067 0.13849632 -0.646682815 0 0
-2.567372 0.673819 -1.794756 -0.864308323 0.09450091 -0.494004757 0 0
-2.567949 0.667967 -1.795082 -0.859825812 0.138604161 -0.491414752 0 0
-2.599806 0.680384 -1.846355 0.0736986959 0.0630988835 0.995282389 0 0
-2.606637 0.687429 -1.845542 0.26289253 0.0380989174 0.964072606 0 0
-2.606543 0.680384 -1.845206 0.262516841 0.0631040483 0.96286177 0 0
-2.599832 0.687429 -1.846703 0.0738033102 0.0381017089 0.996544696 0 0
-2.59293 0.687429 -1.846557 -0.118009651 0.038103116 0.992281147 0 0
-2.592973 0.680384 -1.84621 -0.11790218 0.0631011668 0.991018324 0 0
-2.593035 0.673819 -1.845708 -0.117606336 0.0945050911 0.988553255 0 0
-2.599769 0.673819 -1.845851 0.0735005755 0.0945007399 0.992807774 0 0
-2.593116 0.667967 -1.845051 -0.117001491 0.138601766 0.983412529 0 0
-2.59972 0.667967 -1.845191 0.0731044003 0.138508337 0.987659449 0 0
-2.606408 0.673819 -1.844718 0.261821254 0.094507672 0.96047797 0 0
-2.606231 0.667967 -1.84408 0.260518319 0.138609747 0.955467186 0 0
-2.617919 0.659017 -1.787665 0.610331231 0.355418187 -0.707936226 0 0
-2.613404 0.663066 -1.783078 0.484314651 0.21750658 -0.847425635 0 0
-2.612843 0.659017 -1.784069 0.46379468 0.355495922 -0.811490692 0 0
-2.618662 0.663066 -1.786803 0.637353957 0.217418406 -0.739262585 0 0
-2.607539 0.663066 -1.780445 0.305911267 0.217708018 -0.926834136 0 0
-2.607181 0.659017 -1.781527 0.292904518 0.355705487 -0.88751369 0 0
-2.623121 0.663066 -1.791456 0.76689375 0.217498227 -0.603795079 0 0
-2.622223 0.659017 -1.792156 0.734339663 0.355519202 -0.578231231 0 0
-2.626589 0.663066 -1.796869 0.871710818 0.217702702 -0.439005448 0 0
-2.625571 0.659017 -1.797382 0.834707204 0.35570307 -0.420403628 0 0
-2.620947 0.655724 -1.793152 0.657865086 0.546754093 -0.517951243 0 0
-2.616863 0.655724 -1.788891 0.546807808 0.546607806 -0.634209057 0 0
-2.619166 0.653088 -1.794542 0.526913202 0.741818586 -0.414810393 0 0
-2.615388 0.653088 -1.7906 0.437994111 0.741690028 -0.50799317 0 0
-2.624124 0.655724 -1.798111 0.747706557 0.546904796 -0.376603303 0 0
-2.622104 0.653088 -1.799128 0.598818082 0.741922403 -0.301609107 0 0
-2.612046 0.655724 -1.785478 0.415437046 0.546748756 -0.726964826 0 0
-2.606674 0.655724 -1.783066 0.262402838 0.546905915 -0.795008598 0 0
-2.610934 0.653088 -1.787444 0.332803341 0.741807448 -0.582205845 0 0
-2.605965 0.653088 -1.785213 0.210201415 0.741904993 -0.636704285 0 0
-2.57325 0.659017 -1.790972 -0.707936226 0.355418187 -0.610331231 0 0
-2.568663 0.663066 -1.795486 -0.847425635 0.21750658 -0.484314651 0 0
-2.569654 0.659017 -1.796047 -0.811490692 0.355495922 -0.46379468 0 0
-2.572388 0.663066 -1.790228 -0.739262585 0.217418406 -0.637353957 0 0
-2.566029 0.663066 -1.801352 -0.926834136 0.217708018 -0.305911267 0 0
-2.567112 0.659017 -1.801709 -0.887482117 0.355792831 -0.292894098 0 0
-2.57704 0.663066 -1.785769 -0.603795079 0.217498227 -0.76689375 0 0
-2.577741 0.659017 -1.786667 -0.578231231 0.355519202 -0.734339663 0 0
-2.582454 0.663066 -1.782301 -0.439005448 0.217702702 -0.871710818 0 0
-2.582967 0.659017 -1.783319 -0.420388673 0.355790413 -0.83467751 0 0
-2.578737 0.655724 -1.787943 -0.517922921 0.5468242 -0.657829113 0 0
-2.574475 0.655724 -1.792028 -0.634209057 0.546607806 -0.546807808 0 0
-2.580127 0.653088 -1.789724 -0.414810393 0.741818586 -0.526913202 0 0
-2.576185 0.653088 -1.793502 -0.508015419 0.741722512 -0.437913291 0 0
-2.583696 0.655724 -1.784766 -0.376603303 0.546904796 -0.747706557 0 0
-2.584713 0.653088 -1.786786 -0.301609107 0.741922403 -0.598818082 0 0
-2.571063 0.655724 -1.796844 -0.726925076 0.546818863 -0.41541433 0 0
-2.568651 0.655724 -1.802217 -0.795008598 0.546905915 -0.262402838 0 0
-2.573029 0.653088 -1.797957 -0.58222522 0.741832133 -0.332714412 0 0
-2.570798 0.653088 -1.802926 -0.636704285 0.741904993 -0.210201415 0 0
-2.599575 0.659017 -1.843238 0.0689976886 0.355388095 0.932168773 0 0
-2.606012 0.663066 -1.84329 0.256793403 0.217494413 0.941675809 0 0
-2.605707 0.659017 -1.842192 0.245911072 0.355516007 0.901740602 0 0
-2.599659 0.663066 -1.844373 0.0720016445 0.217404966 0.973422233 0 0
-2.612021 0.663066 -1.841004 0.439005448 0.217702702 0.871710818 0 0
-2.611508 0.659017 -1.839986 0.420403628 0.35570307 0.834707204 0 0
-2.593217 0.663066 -1.844237 -0.115302941 0.217505549 0.969224725 0 0
-2.593356 0.659017 -1.843106 -0.110403421 0.355511017 0.928128763 0 0
-2.586936 0.663066 -1.842861 -0.305911267 0.217708018 0.926834136 0 0
-2.587294 0.659017 -1.841778 -0.292894098 0.355792831 0.887482117 0 0
-2.593554 0.655724 -1.8415 -0.0989001281 0.546800708 0.831401077 0 0
-2.599456 0.655724 -1.841625 0.0618005312 0.546604698 0.835107178 0 0
-2.593831 0.653088 -1.839258 -0.0792014775 0.741813839 0.665912423 0 0
-2.599289 0.653088 -1.839374 0.0495000903 0.741701354 0.668901221 0 0
-2.587802 0.655724 -1.84024 -0.262402838 0.546905915 0.795008598 0 0
-2.58851 0.653088 -1.838092 -0.210201415 0.741904993 0.636704285 0 0
-2.605275 0.655724 -1.840632 0.220209935 0.546724666 0.807836446 0 0
-2.610779 0.655724 -1.838539 0.376603303 0.546904796 0.747706557 0 0
-2.604671 0.653088 -1.838456 0.1764006 0.741802522 0.6470022 0 0
-2.609762 0.653088 -1.83652 0.301609107 0.741922403 0.598818082 0 0
-2.628823 0.659017 -1.809315 0.932168773 0.355388095 -0.0689976886 0 0
-2.628875 0.663066 -1.802879 0.941664483 0.217514895 -0.256817586 0 0
-2.627777 0.659017 -1.803183 0.901740602 0.355516007 -0.245911072 0 0
-2.629958 0.663066 -1.809231 0.973422233 0.217404966 -0.0720016445 0 0
-2.629822 0.663066 -1.815674 0.969224725 0.217505549 0.115302941 0 0
-2.628691 0.659017 -1.815534 0.928128763 0.355511017 0.110403421 0 0
-2.628446 0.663066 -1.821954 0.926834136 0.217708018 0.305911267 0 0
-2.627363 0.659017 -1.821597 0.887460877 0.355824409 0.292920094 0 0
-2.627085 0.655724 -1.815336 0.831446537 0.546730601 0.0989055359 0 0
-2.62721 0.655724 -1.809434 0.835107178 0.546604698 -0.0618005312 0 0
-2.624843 0.653088 -1.815059 0.665912423 0.741813839 0.0792014775 0 0
-2.624958 0.653088 -1.809601 0.668901221 0.741701354 -0.0495000903 0 0
-2.625825 0.655724 -1.821089 0.795008598 0.546905915 0.262402838 0 0
-2.623677 0.653088 -1.82038 0.636704285 0.741904993 0.210201415 0 0
-2.626217 0.655724 -1.803616 0.807792278 0.546794773 -0.220197895 0 0
-2.62404 0.653088 -1.804219 0.6470022 0.741802522 -0.1764006 0 0
-2.5949 0.659017 -1.780067 -0.0689976886 0.355388095 -0.932168773 0 0
-2.588463 0.663066 -1.780016 -0.256817586 0.217514895 -0.941664483 0 0
-2.588768 0.659017 -1.781113 -0.245911072 0.355516007 -0.901740602 0 0
-2.594816 0.663066 -1.778932 -0.0720016445 0.217404966 -0.973422233 0 0
-2.601259 0.663066 -1.779069 0.115302941 0.217505549 -0.969224725 0 0
-2.601119 0.659017 -1.780199 0.110403421 0.355511017 -0.928128763 0 0
-2.600921 0.655724 -1.781806 0.0989001281 0.546800708 -0.831401077 0 0
-2.595019 0.655724 -1.78168 -0.0618005312 0.546604698 -0.835107178 0 0
-2.600644 0.653088 -1.784048 0.0792014775 0.741813839 -0.665912423 0 0
-2.595186 0.653088 -1.783932 -0.0495000903 0.741701354 -0.668901221 0 0
-2.5892 0.655724 -1.782673 -0.220197895 0.546794773 -0.807792278 0 0
-2.589804 0.653088 -1.78485 -0.1764006 0.741802522 -0.6470022 0 0
-2.576556 0.659017 -1.83564 -0.610331231 0.355418187 0.707936226 0 0
-2.581071 0.663066 -1.840228 -0.484314651 0.21750658 0.847425635 0 0
-2.581632 0.659017 -1.839236 -0.46379468 0.355495922 0.811490692 0 0
-2.575813 0.663066 -1.836502 -0.637353957 0.217418406 0.739262585 0 0
-2.571354 0.663066 -1.83185 -0.76689375 0.217498227 0.603795079 0 0
-2.572252 0.659017 -1.831149 -0.734339663 0.355519202 0.578231231 0 0
-2.567886 0.663066 -1.826436 -0.871710818 0.217702702 0.439005448 0 0
-2.568904 0.659017 -1.825923 -0.834707204 0.35570307 0.420403628 0 0
-2.573528 0.655724 -1.830153 -0.657829113 0.5468242 0.517922921 0 0
-2.577613 0.655724 -1.834415 -0.546807808 0.546607806 0.634209057 0 0
-2.575309 0.653088 -1.828764 -0.526840958 0.741857674 0.41483225 0 0
-2.579087 0.653088 -1.832705 -0.437994111 0.741690028 0.50799317 0 0
-2.570351 0.655724 -1.825195 -0.747706557 0.546904796 0.376603303 0 0
-2.572371 0.653088 -1.824177 -0.598818082 0.741922403 0.301609107 0 0
-2.582429 0.655724 -1.837828 -0.415437046 0.546748756 0.726964826 0 0
-2.583541 0.653088 -1.835861 -0.332714412 0.741832133 0.58222522 0 0
-2.565652 0.659017 -1.813991 -0.932168773 0.355388095 0.0689976886 0 0
-2.565601 0.663066 -1.820427 -0.941664483 0.217514895 0.256817586 0 0
-2.566698 0.659017 -1.820123 -0.901740602 0.355516007 0.245911072 0 0
-2.564517 0.663066 -1.814075 -0.973422233 0.217404966 0.0720016445 0 0
-2.564654 0.663066 -1.807632 -0.969224725 0.217505549 -0.115302941 0 0
-2.565784 0.659017 -1.807771 -0.928128763 0.355511017 -0.110403421 0 0
-2.56739 0.655724 -1.80797 -0.831446537 0.546730601 -0.0989055359 0 0
-2.567265 0.655724 -1.813871 -0.835107178 0.546604698 0.0618005312 0 0
-2.569633 0.653088 -1.808246 -0.665912423 0.741813839 -0.0792014775 0 0
-2.569517 0.653088 -1.813705 -0.668901221 0.741701354 0.0495000903 0 0
-2.568258 0.655724 -1.81969 -0.807836446 0.546724666 0.220209935 0 0
-2.570435 0.653088 -1.819086 -0.6470022 0.741802522 0.1764006 0 0
-2.621225 0.659017 -1.832334 0.707936226 0.355418187 0.610331231 0 0
-2.625813 0.663066 -1.827819 0.847425635 0.21750658 0.484314651 0 0
-2.624821 0.659017 -1.827258 0.811490692 0.355495922 0.46379468 0 0
-2.622087 0.663066 -1.833077 0.739262585 0.217418406 0.637353957 0 0
-2.617435 0.663066 -1.837536 0.603795079 0.217498227 0.76689375 0 0
-2.616734 0.659017 -1.836638 0.578231231 0.355519202 0.734339663 0 0
-2.615738 0.655724 -1.835362 0.517951243 0.546754093 0.657865086 0 0
-2.62 0.655724 -1.831278 0.634209057 0.546607806 0.546807808 0 0
-2.614349 0.653088 -1.833581 0.414810393 0.741818586 0.526913202 0 0
-2.61829 0.653088 -1.829804 0.50799317 0.741690028 0.437994111 0 0
-2.623413 0.655724 -1.826461 0.726925076 0.546818863 0.41541433 0 0
-2.621446 0.653088 -1.825349 0.58222522 0.741832133 0.332714412 0 0
-2.595685 0.649451 -1.790676 -0.02420033 0.944712881 -0.327004459 0 0
-2.590622 0.651014 -1.787799 -0.126198346 0.874888535 -0.467593872 0 0
-2.59155 0.649466 -1.791286 -0.0830024154 0.943227448 -0.321609359 0 0
-2.595412 0.651014 -1.786982 -0.0356018006 0.875544282 -0.481824369 0 0
-2.586091 0.651014 -1.789522 -0.218407299 0.874229217 -0.433614492 0 0
-2.587671 0.649481 -1.792659 -0.151197825 0.941786453 -0.30029568 0 0
-2.600269 0.651014 -1.787085 0.0559987899 0.874881094 -0.481089604 0 0
-2.599864 0.649466 -1.79067 0.0348011246 0.943230481 -0.330310674 0 0
-2.605004 0.651014 -1.788122 0.152206737 0.874238695 -0.461020405 0 0
-2.603903 0.649481 -1.791458 0.105397424 0.941776979 -0.319292195 0 0
-2.599497 0.648414 -1.794554 0.019499434 0.97677165 -0.213393806 0 0
-2.595994 0.648354 -1.794858 -0.0153000877 0.978305606 -0.206601184 0 0
-2.599483 0.647741 -1.798649 0.0169996858 0.991381674 -0.129897599 0 0
-2.596335 0.647632 -1.799461 -0.00890064879 0.992672359 -0.120508784 0 0
-2.602773 0.648474 -1.794884 0.069498445 0.975078183 -0.210695286 0 0
-2.601832 0.647963 -1.797735 0.0475017384 0.988436172 -0.14400527 0 0
-2.592486 0.648414 -1.795073 -0.0506996365 0.976792996 -0.208098508 0 0
-2.589294 0.648474 -1.795882 -0.0997988194 0.975088465 -0.198097657 0 0
-2.593102 0.647741 -1.799121 -0.0359991727 0.991377218 -0.125997105 0 0
-2.590645 0.647963 -1.798563 -0.0682027636 0.988440052 -0.135405487 0 0
-2.583503 0.649451 -1.827583 -0.214100058 0.944700255 0.248400067 0 0
-2.585048 0.651014 -1.833198 -0.24140531 0.874919244 0.419809234 0 0
-2.586857 0.649466 -1.830076 -0.168607975 0.943244612 0.286113532 0 0
-2.581084 0.651014 -1.830389 -0.315512099 0.875533573 0.365914031 0 0
-2.589471 0.651014 -1.835183 -0.152206737 0.874238695 0.461020405 0 0
-2.590572 0.649481 -1.831848 -0.105397424 0.941776979 0.319292195 0 0
-2.577722 0.651014 -1.826881 -0.37970333 0.874907673 0.300602636 0 0
-2.580543 0.649466 -1.824632 -0.25820869 0.943231745 0.208907031 0 0
-2.575107 0.651014 -1.822799 -0.433614492 0.874229217 0.218407299 0 0
-2.578244 0.649481 -1.821219 -0.30029568 0.941786453 0.151197825 0 0
-2.58355 0.648414 -1.822146 -0.164597711 0.976786418 0.137098094 0 0
-2.586241 0.648354 -1.824407 -0.135300366 0.978302646 0.156900424 0 0
-2.586454 0.647741 -1.81926 -0.103898067 0.991381556 0.0797985154 0 0
-2.589255 0.647632 -1.820912 -0.0789058306 0.992673351 0.0915067617 0 0
-2.581466 0.648474 -1.819596 -0.198097657 0.975088465 0.0997988194 0 0
-2.584147 0.647963 -1.818246 -0.135405487 0.988440052 0.0682027636 0 0
-2.588874 0.648414 -1.826736 -0.111297132 0.976774829 0.183095282 0 0
-2.591703 0.648474 -1.828421 -0.069498445 0.975078183 0.210695286 0 0
-2.591301 0.647741 -1.823439 -0.0635990724 0.991385541 0.11449833 0 0
-2.592644 0.647963 -1.825571 -0.0475017384 0.988436172 0.14400527 0 0
-2.576261 0.649451 -1.813205 -0.327004459 0.944712881 0.02420033 0 0
-2.573384 0.651014 -1.818268 -0.467593872 0.874888535 0.126198346 0 0
-2.57687 0.649466 -1.81734 -0.321609359 0.943227448 0.0830024154 0 0
-2.572567 0.651014 -1.813479 -0.481824369 0.875544282 0.0356018006 0 0
-2.57267 0.651014 -1.808621 -0.481089604 0.874881094 -0.0559987899 0 0
-2.576255 0.649466 -1.809026 -0.330310674 0.943230481 -0.0348011246 0 0
-2.573707 0.651014 -1.803886 -0.461020405 0.874238695 -0.152206737 0 0
-2.577043 0.649481 -1.804987 -0.319292195 0.941776979 -0.105397424 0 0
-2.580139 0.648414 -1.809393 -0.213393806 0.97677165 -0.019499434 0 0
-2.580443 0.648354 -1.812896 -0.206601184 0.978305606 0.0153000877 0 0
-2.584233 0.647741 -1.809407 -0.129897599 0.991381674 -0.0169996858 0 0
-2.585046 0.647632 -1.812555 -0.120508784 0.992672359 0.00890064879 0 0
-2.580469 0.648474 -1.806118 -0.210695286 0.975078183 -0.069498445 0 0
-2.583319 0.647963 -1.807059 -0.14400527 0.988436172 -0.0475017384 0 0
-2.580658 0.648414 -1.816405 -0.208098508 0.976792996 0.0506996365 0 0
-2.584706 0.647741 -1.815788 -0.125997105 0.991377218 0.0359991727 0 0
-2.613168 0.649451 -1.825388 0.248400067 0.944700255 0.214100058 0 0
-2.618782 0.651014 -1.823842 0.419891606 0.874882511 0.241395175 0 0
-2.615661 0.649466 -1.822033 0.286113532 0.943244612 0.168607975 0 0
-2.615973 0.651014 -1.827806 0.365914031 0.875533573 0.315512099 0 0
-2.620768 0.651014 -1.81942 0.461020405 0.874238695 0.152206737 0 0
-2.617432 0.649481 -1.818319 0.319292195 0.941776979 0.105397424 0 0
-2.612466 0.651014 -1.831168 0.300602636 0.874907673 0.37970333 0 0
-2.610217 0.649466 -1.828347 0.208907031 0.943231745 0.25820869 0 0
-2.608384 0.651014 -1.833783 0.218407299 0.874229217 0.433614492 0 0
-2.606804 0.649481 -1.830646 0.151197825 0.941786453 0.30029568 0 0
-2.60773 0.648414 -1.825341 0.137098094 0.976786418 0.164597711 0 0
-2.609992 0.648354 -1.82265 0.156900424 0.978302646 0.135300366 0 0
-2.604845 0.647741 -1.822436 0.0797985154 0.991381556 0.103898067 0 0
-2.606497 0.647632 -1.819636 0.0915067617 0.992673351 0.0789058306 0 0
-2.605181 0.648474 -1.827424 0.0997988194 0.975088465 0.198097657 0 0
-2.603831 0.647963 -1.824743 0.0682027636 0.988440052 0.135405487 0 0
-2.612321 0.648414 -1.820016 0.182998634 0.976792708 0.111299169 0 0
-2.614006 0.648474 -1.817188 0.210695286 0.975078183 0.069498445 0 0
-2.609023 0.647741 -1.81759 0.11449833 0.991385541 0.0635990724 0 0
-2.611156 0.647963 -1.816247 0.14400527 0.988436172 0.0475017384 0 0
-2.610973 0.649451 -1.795722 0.214100058 0.944700255 -0.248400067 0 0
-2.609427 0.651014 -1.790108 0.24140531 0.874919244 -0.419809234 0 0
-2.607618 0.649466 -1.793229 0.168607975 0.943244612 -0.286113532 0 0
-2.613391 0.651014 -1.792917 0.315512099 0.875533573 -0.365914031 0 0
-2.616753 0.651014 -1.796425 0.37970333 0.874907673 -0.300602636 0 0
-2.613932 0.649466 -1.798673 0.25820869 0.943231745 -0.208907031 0 0
-2.619368 0.651014 -1.800506 0.433614492 0.874229217 -0.218407299 0 0
-2.616231 0.649481 -1.802086 0.30029568 0.941786453 -0.151197825 0 0
-2.610926 0.648414 -1.80116 0.164597711 0.976786418 -0.137098094 0 0
-2.608234 0.648354 -1.798898 0.135300366 0.978302646 -0.156900424 0 0
-2.608021 0.647741 -1.804045 0.103898067 0.991381556 -0.0797985154 0 0
-2.60522 0.647632 -1.802394 0.0789058306 0.992673351 -0.0915067617 0 0
-2.613009 0.648474 -1.803709 0.198097657 0.975088465 -0.0997988194 0 0
-2.610328 0.647963 -1.80506 0.135405487 0.988440052 -0.0682027636 0 0
-2.605601 0.648414 -1.796569 0.111297132 0.976774829 -0.183095282 0 0
-2.603175 0.647741 -1.799867 0.0635990724 0.991385541 -0.11449833 0 0
-2.581307 0.649451 -1.797918 -0.248400067 0.944700255 -0.214100058 0 0
-2.575693 0.651014 -1.799464 -0.419809234 0.874919244 -0.24140531 0 0
-2.578814 0.649466 -1.801272 -0.286113532 0.943244612 -0.168607975 0 0
-2.578502 0.651014 -1.795499 -0.365914031 0.875533573 -0.315512099 0 0
-2.582009 0.651014 -1.792137 -0.300602636 0.874907673 -0.37970333 0 0
-2.584258 0.649466 -1.794958 -0.208907031 0.943231745 -0.25820869 0 0
-2.586745 0.648414 -1.797965 -0.137098094 0.976786418 -0.164597711 0 0
-2.584483 0.648354 -1.800656 -0.156900424 0.978302646 -0.135300366 0 0
-2.58963 0.647741 -1.800869 -0.0797985154 0.991381556 -0.103898067 0 0
-2.587979 0.647632 -1.80367 -0.0915067617 0.992673351 -0.0789058306 0 0
-2.582154 0.648414 -1.80329 -0.182998634 0.976792708 -0.111299169 0 0
-2.585452 0.647741 -1.805716 -0.11449833 0.991385541 -0.0635990724 0 0
-2.59879 0.649451 -1.83263 0.02420033 0.944712881 0.327004459 0 0
-2.603853 0.651014 -1.835506 0.126198346 0.874888535 0.467593872 0 0
-2.602925 0.649466 -1.83202 0.0830024154 0.943227448 0.321609359 0 0
-2.599064 0.651014 -1.836323 0.0356018006 0.875544282 0.481824369 0 0
-2.594206 0.651014 -1.83622 -0.0559987899 0.874881094 0.481089604 0 0
-2.594611 0.649466 -1.832635 -0.0348011246 0.943230481 0.330310674 0 0
-2.594978 0.648414 -1.828751 -0.01949985 0.976792488 0.21329836 0 0
-2.598481 0.648354 -1.828448 0.0153000877 0.978305606 0.206601184 0 0
-2.594992 0.647741 -1.824657 -0.0169996858 0.991381674 0.129897599 0 0
-2.59814 0.647632 -1.823845 0.00890064879 0.992672359 0.120508784 0 0
-2.60199 0.648414 -1.828232 0.0506996365 0.976792996 0.208098508 0 0
-2.601373 0.647741 -1.824185 0.0359991727 0.991377218 0.125997105 0 0
-2.618214 0.649451 -1.8101 0.327004459 0.944712881 -0.02420033 0 0
-2.621091 0.651014 -1.805037 0.467593872 0.874888535 -0.126198346 0 0
-2.617605 0.649466 -1.805966 0.321609359 0.943227448 -0.0830024154 0 0
-2.621908 0.651014 -1.809827 0.481824369 0.875544282 -0.0356018006 0 0
-2.621805 0.651014 -1.814684 0.481089604 0.874881094 0.0559987899 0 0
-2.61822 0.649466 -1.814279 0.330310674 0.943230481 0.0348011246 0 0
-2.614336 0.648414 -1.813912 0.21329836 0.976792488 0.01949985 0 0
-2.614032 0.648354 -1.81041 0.206601184 0.978305606 -0.0153000877 0 0
-2.610242 0.647741 -1.813898 0.129897599 0.991381674 0.0169996858 0 0
-2.609429 0.647632 -1.81075 0.120508784 0.992672359 -0.00890064879 0 0
-2.613817 0.648414 -1.806901 0.208098508 0.976792996 -0.0506996365 0 0
-2.609769 0.647741 -1.807517 0.125997105 0.991377218 -0.0359991727 0 0
-2.597238 0.646902 -1.811653 0 1 0 0 0
-2.601401 0.647334 -1.819919 0.0367023332 0.99666336 0.0729046347 0 0
-2.602732 0.647197 -1.81639 0.0467993914 0.99808702 0.0403994746 0 0
-2.597773 0.647197 -1.818888 0.00449995856 0.998090808 0.0615994327 0 0
-2.594337 0.647334 -1.820442 -0.0256016236 0.996663205 0.0775049151 0 0
-2.5925 0.647197 -1.817147 -0.0403994746 0.99808702 0.0467993914 0 0
-2.588972 0.647334 -1.815816 -0.0729046347 0.99666336 0.0367023332 0 0
-2.590003 0.647197 -1.812188 -0.0615994327 0.998090808 0.00449995856 0 0
-2.588449 0.647334 -1.808752 -0.0775049151 0.996663205 -0.0256016236 0 0
-2.591743 0.647197 -1.806916 -0.0467995802 0.998091047 -0.0402996385 0 0
-2.593074 0.647334 -1.803387 -0.0367023332 0.99666336 -0.0729046347 0 0
-2.596702 0.647197 -1.804418 -0.00449995856 0.998090808 -0.0615994327 0 0
-2.600139 0.647334 -1.802864 0.0256016236 0.996663205 -0.0775049151 0 0
-2.601975 0.647197 -1.806158 0.0403994746 0.99808702 -0.0467993914 0 0
-2.605504 0.647334 -1.80749 0.0729046347 0.99666336 -0.0367023332 0 0
-2.604472 0.647197 -1.811117 0.0615994327 0.998090808 -0.00449995856 0 0
-2.606026 0.647334 -1.814554 0.0775049151 0.996663205 0.0256016236 0 0
-2.599484 0.649754 -1.842002 -0.071398627 -0.250495183 -0.965481434 0 0
-2.593259 0.6578 -1.843895 0.11500427 -0.229308514 -0.966535888 0 0
-2.593508 0.649754 -1.841875 0.114397967 -0.250695545 -0.961282918 0 0
-2.599634 0.6578 -1.84403 -0.0718019254 -0.229206146 -0.97072603 0 0
-2.587044 0.6578 -1.842534 0.305086767 -0.229490046 -0.924259911 0 0
-2.587683 0.649754 -1.8406 0.303410466 -0.250908655 -0.91923171 0 0
-2.60592 0.6578 -1.842958 -0.255997018 -0.229297329 -0.93908906 0 0
-2.605376 0.649754 -1.840997 -0.25459648 -0.250696534 -0.933987088 0 0
-2.611866 0.6578 -1.840697 -0.437795276 -0.229497524 -0.86929062 0 0
-2.61095 0.649754 -1.838877 -0.435425207 -0.250914526 -0.86455005 0 0
-2.604859 0.642462 -1.839134 -0.254621994 -0.250321622 -0.934080685 0 0
-2.599341 0.642462 -1.840075 -0.0714057762 -0.250120233 -0.965578109 0 0
-2.610079 0.642462 -1.837148 -0.435512269 -0.250507057 -0.864624357 0 0
-2.593745 0.642462 -1.839956 0.114398432 -0.25029657 -0.961386824 0 0
-2.58829 0.642462 -1.838761 0.303413002 -0.250510735 -0.919339394 0 0
-2.627587 0.649754 -1.809407 -0.965481434 -0.250495183 0.071398627 0 0
-2.62948 0.6578 -1.815632 -0.966535888 -0.229308514 -0.11500427 0 0
-2.62746 0.649754 -1.815382 -0.961282918 -0.250695545 -0.114397967 0 0
-2.629615 0.6578 -1.809256 -0.97072603 -0.229206146 0.0718019254 0 0
-2.628119 0.6578 -1.821846 -0.924259911 -0.229490046 -0.305086767 0 0
-2.626184 0.649754 -1.821208 -0.91923171 -0.250908655 -0.303410466 0 0
-2.628543 0.6578 -1.802971 -0.93908906 -0.229297329 0.255997018 0 0
-2.626582 0.649754 -1.803514 -0.933987088 -0.250696534 0.25459648 0 0
-2.626281 0.6578 -1.797024 -0.86929062 -0.229497524 0.437795276 0 0
-2.624462 0.649754 -1.797941 -0.86455005 -0.250914526 0.435425207 0 0
-2.624718 0.642462 -1.804031 -0.934080685 -0.250321622 0.254621994 0 0
-2.62566 0.642462 -1.809549 -0.965578109 -0.250120233 0.0714057762 0 0
-2.622733 0.642462 -1.798811 -0.864624357 -0.250507057 0.435512269 0 0
-2.625541 0.642462 -1.815146 -0.961386824 -0.25029657 -0.114398432 0 0
-2.624346 0.642462 -1.820601 -0.919339394 -0.250510735 -0.303413002 0 0
-2.594991 0.649754 -1.781303 0.071398627 -0.250495183 0.965481434 0 0
-2.601216 0.6578 -1.779411 -0.11500427 -0.229308514 0.966535888 0 0
-2.600967 0.649754 -1.78143 -0.114400835 -0.250601828 0.961307013 0 0
-2.594841 0.6578 -1.779275 0.0718019254 -0.229206146 0.97072603 0 0
-2.607431 0.6578 -1.780772 -0.305086767 -0.229490046 0.924259911 0 0
-2.606792 0.649754 -1.782706 -0.303410466 -0.250908655 0.91923171 0 0
-2.588555 0.6578 -1.780348 0.255997018 -0.229297329 0.93908906 0 0
-2.589099 0.649754 -1.782308 0.25459648 -0.250696534 0.933987088 0 0
-2.582609 0.6578 -1.782609 0.437795276 -0.229497524 0.86929062 0 0
-2.583525 0.649754 -1.784428 0.435425207 -0.250914526 0.86455005 0 0
-2.589616 0.642462 -1.784172 0.254621994 -0.250321622 0.934080685 0 0
-2.595134 0.642462 -1.783231 0.0714057762 -0.250120233 0.965578109 0 0
-2.584396 0.642462 -1.786157 0.435512269 -0.250507057 0.864624357 0 0
-2.60073 0.642462 -1.783349 -0.114398432 -0.25029657 0.961386824 0 0
-2.606186 0.642462 -1.784544 -0.303413002 -0.250510735 0.919339394 0 0
-2.577366 0.649754 -1.834701 0.632137013 -0.250514668 -0.733242933 0 0
-2.571625 0.6578 -1.831638 0.764750097 -0.229315022 -0.602139444 0 0
-2.57323 0.649754 -1.830386 0.760628794 -0.250709491 -0.598822669 0 0
-2.576038 0.6578 -1.836242 0.635605136 -0.229201852 -0.737205957 0 0
-2.568194 0.6578 -1.826281 0.86929062 -0.229497524 -0.437795276 0 0
-2.570013 0.649754 -1.825365 0.86455005 -0.250914526 -0.435425207 0 0
-2.581241 0.6578 -1.839928 0.482985148 -0.229292949 -0.845074015 0 0
-2.582243 0.649754 -1.838157 0.48038201 -0.250690612 -0.840468525 0 0
-2.583195 0.642462 -1.836474 0.480389765 -0.250294668 -0.840582092 0 0
-2.578628 0.642462 -1.833238 0.632213991 -0.250105535 -0.733316228 0 0
-2.574754 0.642462 -1.829196 0.760701601 -0.250300527 -0.598901261 0 0
-2.571742 0.642462 -1.824494 0.864624357 -0.250507057 -0.435512269 0 0
-2.566888 0.649754 -1.813899 0.965481434 -0.250495183 -0.071398627 0 0
-2.564995 0.6578 -1.807674 0.966535888 -0.229308514 0.11500427 0 0
-2.567015 0.649754 -1.807923 0.961282918 -0.250695545 0.114397967 0 0
-2.56486 0.6578 -1.814049 0.970748277 -0.229111394 -0.0718035709 0 0
-2.566357 0.6578 -1.80146 0.924259911 -0.229490046 0.305086767 0 0
-2.568291 0.649754 -1.802098 0.91923171 -0.250908655 0.303410466 0 0
-2.565933 0.6578 -1.820335 0.93908906 -0.229297329 -0.255997018 0 0
-2.567893 0.649754 -1.819791 0.933987088 -0.250696534 -0.25459648 0 0
-2.569757 0.642462 -1.819274 0.934080685 -0.250321622 -0.254621994 0 0
-2.568816 0.642462 -1.813756 0.965578109 -0.250120233 -0.0714057762 0 0
-2.568934 0.642462 -1.80816 0.961386824 -0.25029657 0.114398432 0 0
-2.570129 0.642462 -1.802705 0.919339394 -0.250510735 0.303413002 0 0
-2.620286 0.649754 -1.831525 -0.733242933 -0.250514668 -0.632137013 0 0
-2.617223 0.6578 -1.837265 -0.602139444 -0.229315022 -0.764750097 0 0
-2.615971 0.649754 -1.835661 -0.598886807 -0.250694477 -0.760583245 0 0
-2.621826 0.6578 -1.832853 -0.737205957 -0.229201852 -0.635605136 0 0
-2.625513 0.6578 -1.82765 -0.845074015 -0.229292949 -0.482985148 0 0
-2.623742 0.649754 -1.826648 -0.840468525 -0.250690612 -0.48038201 0 0
-2.622059 0.642462 -1.825695 -0.840582092 -0.250294668 -0.480389765 0 0
-2.618822 0.642462 -1.830263 -0.733316228 -0.250105535 -0.632213991 0 0
-2.614781 0.642462 -1.834136 -0.598901261 -0.250300527 -0.760701601 0 0
-2.61711 0.649754 -1.788604 -0.632197051 -0.250498831 0.73319658 0 0
-2.62285 0.6578 -1.791667 -0.764750097 -0.229315022 0.602139444 0 0
-2.621245 0.649754 -1.792919 -0.760583245 -0.250694477 0.598886807 0 0
-2.618437 0.6578 -1.787064 -0.635605136 -0.229201852 0.737205957 0 0
-2.613234 0.6578 -1.783378 -0.482985148 -0.229292949 0.845074015 0 0
-2.612232 0.649754 -1.785149 -0.480305084 -0.250702654 0.840508897 0 0
-2.61128 0.642462 -1.786832 -0.480389765 -0.250294668 0.840582092 0 0
-2.615847 0.642462 -1.790068 -0.632213991 -0.250105535 0.733316228 0 0
-2.619721 0.642462 -1.794109 -0.760701601 -0.250300527 0.598901261 0 0
-2.574189 0.649754 -1.791781 0.733242933 -0.250514668 0.632137013 0 0
-2.577252 0.6578 -1.786041 0.602139444 -0.229315022 0.764750097 0 0
-2.578504 0.649754 -1.787645 0.598822669 -0.250709491 0.760628794 0 0
-2.572649 0.6578 -1.790453 0.737205957 -0.229201852 0.635605136 0 0
-2.568962 0.6578 -1.795656 0.845074015 -0.229292949 0.482985148 0 0
-2.570733 0.649754 -1.796658 0.840508897 -0.250702654 0.480305084 0 0
-2.572417 0.642462 -1.79761 0.840582092 -0.250294668 0.480389765 0 0
-2.575653 0.642462 -1.793043 0.733316228 -0.250105535 0.632213991 0 0
-2.579694 0.642462 -1.78917 0.598901261 -0.250300527 0.760701601 0 0
-2.597238 0.629771 -1.811653 0 -1 0 0 0
-2.593378 0.629721 -1.813597 -0.0152008333 -0.999854809 0.00770042211 0 0
-2.593925 0.629737 -1.811898 -0.0136000954 -0.999907014 0.00100000702 0 0
-2.595069 0.629737 -1.814168 -0.00890006537 -0.999907344 0.0103000757 0 0
-2.591835 0.629675 -1.815434 -0.0183007326 -0.99974002 0.0136005444 0 0
-2.59332 0.629687 -1.816197 -0.014099522 -0.999766104 0.016399444 0 0
-2.590984 0.629675 -1.813743 -0.0218008842 -0.999740545 0.00660026768 0 0
-2.591254 0.629687 -1.812096 -0.0215992531 -0.999765429 0.00159994467 0 0
-2.590441 0.62965 -1.815076 -0.0222997456 -0.999688594 0.0111998722 0 0
-2.595883 0.629721 -1.815757 -0.00530029001 -0.999854709 0.0162008865 0 0
-2.597483 0.629737 -1.814965 0.00100000702 -0.999907014 0.0136000954 0 0
-2.594293 0.629675 -1.817553 -0.010800428 -0.99973962 0.0201007966 0 0
-2.599182 0.629721 -1.815512 0.00770042211 -0.999854809 0.0152008333 0 0
-2.599753 0.629737 -1.813821 0.0104000656 -0.999906309 0.00890005616 0 0
-2.601018 0.629675 -1.817056 0.0136005444 -0.99974002 0.0183007326 0 0
-2.601781 0.629687 -1.81557 0.016399444 -0.999766104 0.014099522 0 0
-2.601341 0.629721 -1.813007 0.0162008865 -0.999854709 0.00530029001 0 0
-2.60055 0.629737 -1.811408 0.0136000954 -0.999907014 -0.00100000702 0 0
-2.603731 0.629675 -1.8128 0.0226008844 -0.999739121 0.00330012914 0 0
-2.603221 0.629687 -1.81121 0.0215992531 -0.999765429 -0.00159994467 0 0
-2.603138 0.629675 -1.814597 0.0201007966 -0.99973962 0.010800428 0 0
-2.604464 0.62965 -1.814038 0.023699732 -0.999688694 0.00779991178 0 0
-2.601097 0.629721 -1.809709 0.0152008333 -0.999854809 -0.00770042211 0 0
-2.599406 0.629737 -1.809137 0.00890006537 -0.999907344 -0.0103000757 0 0
-2.60264 0.629675 -1.807872 0.0183007326 -0.99974002 -0.0136005444 0 0
-2.601155 0.629687 -1.807109 0.014099522 -0.999766104 -0.016399444 0 0
-2.603492 0.629675 -1.809562 0.0218008842 -0.999740545 -0.00660026768 0 0
-2.604034 0.62965 -1.80823 0.0222997456 -0.999688594 -0.0111998722 0 0
-2.598592 0.629721 -1.807549 0.00530029001 -0.999854709 -0.0162008865 0 0
-2.596993 0.629737 -1.808341 -0.00100000702 -0.999907014 -0.0136000954 0 0
-2.598385 0.629675 -1.805159 0.00330012914 -0.999739121 -0.0226008844 0 0
-2.596795 0.629687 -1.80567 -0.00159994467 -0.999765429 -0.0215992531 0 0
-2.600182 0.629675 -1.805752 0.010800428 -0.99973962 -0.0201007966 0 0
-2.599623 0.62965 -1.804427 0.00779991178 -0.999688694 -0.023699732 0 0
-2.595294 0.629721 -1.807793 -0.00770042211 -0.999854809 -0.0152008333 0 0
-2.594722 0.629737 -1.809484 -0.0104000656 -0.999906309 -0.00890005616 0 0
-2.593457 0.629675 -1.80625 -0.0136005444 -0.99974002 -0.0183007326 0 0
-2.592694 0.629687 -1.807735 -0.016399444 -0.999766104 -0.014099522 0 0
-2.595147 0.629675 -1.805399 -0.00660026768 -0.999740545 -0.0218008842 0 0
-2.593815 0.62965 -1.804856 -0.0111998722 -0.999688594 -0.0222997456 0 0
-2.593134 0.629721 -1.810298 -0.0162008865 -0.999854709 -0.00530029001 0 0
-2.590744 0.629675 -1.810506 -0.0226008844 -0.999739121 -0.00330012914 0 0
-2.591337 0.629675 -1.808709 -0.0201007966 -0.99973962 -0.010800428 0 0
-2.590011 0.62965 -1.809268 -0.023699732 -0.999688694 -0.00779991178 0 0
-2.58754 0.629498 -1.803292 -0.0252011808 -0.99944683 -0.0217010168 0 0
-2.587205 0.629373 -1.798795 -0.0247001183 -0.999204786 -0.0313001499 0 0
-2.589333 0.629496 -1.80148 -0.020900853 -0.999440788 -0.0261010652 0 0
-2.584894 0.629373 -1.801011 -0.0301002611 -0.999208668 -0.0260002256 0 0
-2.589894 0.629373 -1.797073 -0.0179001037 -0.99920579 -0.0356002063 0 0
-2.591405 0.629494 -1.800072 -0.0151005408 -0.999435795 -0.0300010745 0 0
-2.583043 0.629373 -1.803622 -0.0345002945 -0.999208528 -0.019800169 0 0
-2.586012 0.629496 -1.805332 -0.0289011877 -0.999441073 -0.0168006904 0 0
-2.581735 0.629373 -1.806536 -0.0378002697 -0.999207129 -0.0125000892 0 0
-2.584924 0.629494 -1.807588 -0.0320010463 -0.999432677 -0.0105003433 0 0
-2.58887 0.629598 -1.80704 -0.0243999649 -0.999598561 -0.0143999793 0 0
-2.59022 0.629605 -1.805602 -0.0211002468 -0.999611691 -0.0182002129 0 0
-2.587888 0.629592 -1.808567 -0.027299639 -0.999586781 -0.00899988098 0 0
-2.591444 0.629598 -1.804055 -0.0177999911 -0.9995995 -0.021999989 0 0
-2.592809 0.629592 -1.802859 -0.0128998255 -0.999586476 -0.0256996523 0 0
-2.605598 0.629498 -1.801955 0.0217010168 -0.99944683 -0.0252011808 0 0
-2.610095 0.629373 -1.80162 0.0313001499 -0.999204786 -0.0247001183 0 0
-2.607411 0.629496 -1.803748 0.0261010652 -0.999440788 -0.020900853 0 0
-2.60788 0.629373 -1.799309 0.0260002256 -0.999208668 -0.0301002611 0 0
-2.611818 0.629373 -1.804309 0.0356002063 -0.99920579 -0.0179001037 0 0
-2.608818 0.629494 -1.80582 0.0300010745 -0.999435795 -0.0151005408 0 0
-2.605268 0.629373 -1.797459 0.019800169 -0.999208528 -0.0345002945 0 0
-2.603558 0.629496 -1.800427 0.0168006904 -0.999441073 -0.0289011877 0 0
-2.602355 0.629373 -1.79615 0.0125000892 -0.999207129 -0.0378002697 0 0
-2.601302 0.629494 -1.79934 0.0105003433 -0.999432677 -0.0320010463 0 0
-2.60185 0.629598 -1.803285 0.0143999793 -0.999598561 -0.0243999649 0 0
-2.603288 0.629605 -1.804635 0.0182002129 -0.999611691 -0.0211002468 0 0
-2.600324 0.629592 -1.802303 0.00899988098 -0.999586781 -0.027299639 0 0
-2.604835 0.629598 -1.805859 0.0219999497 -0.999597716 -0.0178999591 0 0
-2.606031 0.629592 -1.807224 0.0256996523 -0.999586476 -0.0128998255 0 0
-2.606935 0.629498 -1.820014 0.0252011808 -0.99944683 0.0217010168 0 0
-2.60727 0.629373 -1.82451 0.0247001183 -0.999204786 0.0313001499 0 0
-2.605142 0.629496 -1.821826 0.020900853 -0.999440788 0.0261010652 0 0
-2.609581 0.629373 -1.822295 0.0301002611 -0.999208668 0.0260002256 0 0
-2.611432 0.629373 -1.819683 0.0345002945 -0.999208528 0.019800169 0 0
-2.608463 0.629496 -1.817973 0.0289011877 -0.999441073 0.0168006904 0 0
-2.61274 0.629373 -1.81677 0.0378002697 -0.999207129 0.0125000892 0 0
-2.609551 0.629494 -1.815717 0.0320010463 -0.999432677 0.0105003433 0 0
-2.605606 0.629598 -1.816265 0.0243999649 -0.999598561 0.0143999793 0 0
-2.604255 0.629605 -1.817703 0.0211002468 -0.999611691 0.0182002129 0 0
-2.606588 0.629592 -1.814739 0.027299639 -0.999586781 0.00899988098 0 0
-2.603032 0.629598 -1.81925 0.0177999911 -0.9995995 0.021999989 0 0
-2.584469 0.629498 -1.812598 -0.0332015213 -0.999445796 0.00240010998 0 0
-2.581052 0.629373 -1.809655 -0.0396001988 -0.999205016 -0.00460002309 0 0
-2.584455 0.629496 -1.810049 -0.0333012831 -0.999438509 -0.00370014257 0 0
-2.580984 0.629373 -1.812856 -0.039700295 -0.999207424 0.00290002155 0 0
-2.581522 0.629373 -1.816011 -0.0385001723 -0.999204471 0.0104000465 0 0
-2.58483 0.629496 -1.815121 -0.0323013583 -0.999442027 0.00850035745 0 0
-2.582658 0.629373 -1.818996 -0.0356002063 -0.99920579 0.0179001037 0 0
-2.585657 0.629494 -1.817486 -0.0300010745 -0.999435795 0.0151005408 0 0
-2.588059 0.629598 -1.814308 -0.0274000011 -0.99960004 0.00700000028 0 0
-2.587997 0.629605 -1.812337 -0.0278003197 -0.999611496 0.002000023 0 0
-2.588444 0.629592 -1.816082 -0.0256996523 -0.999586476 0.0128998255 0 0
-2.587768 0.629598 -1.810377 -0.0281999463 -0.999598096 -0.00289999448 0 0
-2.588877 0.629498 -1.82135 -0.0217010168 -0.99944683 0.0252011808 0 0
-2.58438 0.629373 -1.821685 -0.0313001499 -0.999204786 0.0247001183 0 0
-2.587065 0.629496 -1.819557 -0.0261010652 -0.999440788 0.020900853 0 0
-2.586595 0.629373 -1.823996 -0.0260002256 -0.999208668 0.0301002611 0 0
-2.589207 0.629373 -1.825847 -0.019800169 -0.999208528 0.0345002945 0 0
-2.590917 0.629496 -1.822879 -0.0168006904 -0.999441073 0.0289011877 0 0
-2.592625 0.629598 -1.820021 -0.0143999793 -0.999598561 0.0243999649 0 0
-2.591187 0.629605 -1.81867 -0.0182002129 -0.999611691 0.0211002468 0 0
-2.58964 0.629598 -1.817447 -0.0219999497 -0.999597716 0.0178999591 0 0
-2.596293 0.629498 -1.798884 -0.00240010998 -0.999445796 -0.0332015213 0 0
-2.599235 0.629373 -1.795467 0.00460002309 -0.999205016 -0.0396001988 0 0
-2.598842 0.629496 -1.79887 0.00370014257 -0.999438509 -0.0333012831 0 0
-2.596035 0.629373 -1.795399 -0.00290002155 -0.999207424 -0.039700295 0 0
-2.592879 0.629373 -1.795938 -0.0104000465 -0.999204471 -0.0385001723 0 0
-2.593769 0.629496 -1.799246 -0.00850035745 -0.999442027 -0.0323013583 0 0
-2.594582 0.629598 -1.802474 -0.00700000028 -0.99960004 -0.0274000011 0 0
-2.596554 0.629605 -1.802412 -0.002000023 -0.999611496 -0.0278003197 0 0
-2.598513 0.629598 -1.802183 0.00289999448 -0.999598096 -0.0281999463 0 0
-2.610007 0.629498 -1.810708 0.0332015213 -0.999445796 -0.00240010998 0 0
-2.613423 0.629373 -1.81365 0.0396001988 -0.999205016 0.00460002309 0 0
-2.61002 0.629496 -1.813257 0.0333012831 -0.999438509 0.00370014257 0 0
-2.613491 0.629373 -1.81045 0.039700295 -0.999207424 -0.00290002155 0 0
-2.612953 0.629373 -1.807294 0.0385001723 -0.999204471 -0.0104000465 0 0
-2.609645 0.629496 -1.808184 0.0323013583 -0.999442027 -0.00850035745 0 0
-2.606416 0.629598 -1.808997 0.0274000011 -0.99960004 -0.00700000028 0 0
-2.606478 0.629605 -1.810969 0.0278003197 -0.999611496 -0.002000023 0 0
-2.606707 0.629598 -1.812928 0.0281999463 -0.999598096 0.00289999448 0 0
3 0 1 2
3 0 3 1
3 3 4 1
3 3 5 4
3 2 6 7
3 2 1 6
3 1 8 6
3 1 4 8
3 0 9 3
3 0 10 9
3 10 11 9
3 10 12 11
3 3 13 5
3 3 9 13
3 9 14 13
3 9 11 14
3 0 15 10
3 0 16 15
3 16 17 15
3 16 18 17
3 10 19 12
3 10 15 19
3 15 20 19
3 15 17 20
3 0 21 16
3 0 2 21
3 2 22 21
3 2 7 22
3 16 23 18
3 16 21 23
3 21 24 23
3 21 22 24
3 25 26 27
3 25 28 26
3 28 29 26
3 28 30 29
3 27 31 32
3 27 26 31
3 26 33 31
3 26 29 33
3 25 34 28
3 25 35 34
3 35 36 34
3 35 37 36
3 28 38 30
3 28 34 38
3 34 24 38
3 34 36 24
3 25 39 35
3 25 40 39
3 40 41 39
3 40 42 41
3 35 43 37
3 35 39 43
3 39 44 43
3 39 41 44
3 25 45 40
3 25 27 45
3 27 46 45
3 27 32 46
3 40 47 42
3 40 45 47
3 45 48 47
3 45 46 48
3 49 50 51
3 49 52 50
3 52 53 50
3 52 54 53
3 51 55 56
3 51 50 55
3 50 57 55
3 50 53 57
3 49 58 52
3 49 59 58
3 59 60 58
3 59 61 60
3 52 62 54
3 52 58 62
3 58 63 62
3 58 60 63
3 49 64 59
3 49 65 64
3 65 66 64
3 65 67 66
3 59 68 61
3 59 64 68
3 64 69 68
3 64 66 69
3 49 70 65
3 49 51 70
3 51 71 70
3 51 56 71
3 65 72 67
3 65 70 72
3 70 73 72
3 70 71 73
3 74 75 76
3 74 77 75
3 77 78 75
3 77 79 78
3 76 80 81
3 76 75 80
3 75 82 80
3 75 78 82
3 74 83 77
3 74 84 83
3 84 85 83
3 84 86 85
3 77 87 79
3 77 83 87
3 83 88 87
3 83 85 88
3 74 89 84
3 74 90 89
3 90 91 89
3 90 92 91
3 84 93 86
3 84 89 93
3 89 94 93
3 89 91 94
3 74 95 90
3 74 76 95
3 76 96 95
3 76 81 96
3 90 97 92
3 90 95 97
3 95 98 97
3 95 96 98
3 99 100 101
3 99 102 100
3 102 103 100
3 102 104 103
3 101 105 106
3 101 100 105
3 100 107 105
3 100 103 107
3 99 108 102
3 99 109 108
3 109 80 108
3 109 81 80
3 102 110 104
3 102 108 110
3 108 82 110
3 108 80 82
3 99 111 109
3 99 112 111
3 112 113 111
3 112 114 113
3 109 96 81
3 109 111 96
3 111 98 96
3 111 113 98
3 99 115 112
3 99 101 115
3 101 116 115
3 101 106 116
3 112 117 114
3 112 115 117
3 115 118 117
3 115 116 118
3 119 120 121
3 119 122 120
3 122 23 120
3 122 18 23
3 121 36 37
3 121 120 36
3 120 24 36
3 120 23 24
3 119 123 122
3 119 124 123
3 124 125 123
3 124 126 125
3 122 17 18
3 122 123 17
3 123 20 17
3 123 125 20
3 119 127 124
3 119 128 127
3 128 129 127
3 128 130 129
3 124 131 126
3 124 127 131
3 127 132 131
3 127 129 132
3 119 133 128
3 119 121 133
3 121 43 133
3 121 37 43
3 128 134 130
3 128 133 134
3 133 44 134
3 133 43 44
3 135 136 137
3 135 138 136
3 138 139 136
3 138 140 139
3 137 125 126
3 137 136 125
3 136 20 125
3 136 139 20
3 135 141 138
3 135 142 141
3 142 105 141
3 142 106 105
3 138 143 140
3 138 141 143
3 141 107 143
3 141 105 107
3 135 144 142
3 135 145 144
3 145 146 144
3 145 147 146
3 142 116 106
3 142 144 116
3 144 118 116
3 144 146 118
3 135 148 145
3 135 137 148
3 137 131 148
3 137 126 131
3 145 149 147
3 145 148 149
3 148 132 149
3 148 131 132
3 150 151 152
3 150 153 151
3 153 154 151
3 153 155 154
3 152 60 61
3 152 151 60
3 151 63 60
3 151 154 63
3 150 156 153
3 150 157 156
3 157 31 156
3 157 32 31
3 153 158 155
3 153 156 158
3 156 33 158
3 156 31 33
3 150 159 157
3 150 160 159
3 160 161 159
3 160 162 161
3 157 46 32
3 157 159 46
3 159 48 46
3 159 161 48
3 150 163 160
3 150 152 163
3 152 68 163
3 152 61 68
3 160 164 162
3 160 163 164
3 163 69 164
3 163 68 69
3 165 166 167
3 165 168 166
3 168 117 166
3 168 114 117
3 167 169 170
3 167 166 169
3 166 118 169
3 166 117 118
3 165 171 168
3 165 172 171
3 172 173 171
3 172 174 173
3 168 113 114
3 168 171 113
3 171 98 113
3 171 173 98
3 165 175 172
3 165 176 175
3 176 177 175
3 176 178 177
3 172 179 174
3 172 175 179
3 175 180 179
3 175 177 180
3 165 181 176
3 165 167 181
3 167 182 181
3 167 170 182
3 176 183 178
3 176 181 183
3 181 184 183
3 181 182 184
3 185 186 187
3 185 188 186
3 188 189 186
3 188 190 189
3 187 191 192
3 187 186 191
3 186 193 191
3 186 189 193
3 185 194 188
3 185 195 194
3 195 196 194
3 195 197 196
3 188 198 190
3 188 194 198
3 194 199 198
3 194 196 199
3 185 200 195
3 185 201 200
3 201 202 200
3 201 203 202
3 195 204 197
3 195 200 204
3 200 8 204
3 200 202 8
3 185 205 201
3 185 187 205
3 187 206 205
3 187 192 206
3 201 207 203
3 201 205 207
3 205 208 207
3 205 206 208
3 209 210 211
3 209 212 210
3 212 213 210
3 212 214 213
3 211 215 216
3 211 210 215
3 210 217 215
3 210 213 217
3 209 218 212
3 209 219 218
3 219 220 218
3 219 221 220
3 212 222 214
3 212 218 222
3 218 223 222
3 218 220 223
3 209 224 219
3 209 225 224
3 225 226 224
3 225 227 226
3 219 228 221
3 219 224 228
3 224 229 228
3 224 226 229
3 209 230 225
3 209 211 230
3 211 231 230
3 211 216 231
3 225 232 227
3 225 230 232
3 230 233 232
3 230 231 233
3 234 235 236
3 234 237 235
3 237 238 235
3 237 239 238
3 236 240 241
3 236 235 240
3 235 242 240
3 235 238 242
3 234 243 237
3 234 244 243
3 244 245 243
3 244 246 245
3 237 247 239
3 237 243 247
3 243 248 247
3 243 245 248
3 234 249 244
3 234 250 249
3 250 251 249
3 250 252 251
3 244 253 246
3 244 249 253
3 249 254 253
3 249 251 254
3 234 255 250
3 234 236 255
3 236 256 255
3 236 241 256
3 250 257 252
3 250 255 257
3 255 258 257
3 255 256 258
3 259 260 261
3 259 262 260
3 262 263 260
3 262 264 263
3 261 265 266
3 261 260 265
3 260 267 265
3 260 263 267
3 259 268 262
3 259 269 268
3 269 270 268
3 269 271 270
3 262 272 264
3 262 268 272
3 268 273 272
3 268 270 273
3 259 274 269
3 259 275 274
3 275 276 274
3 275 277 276
3 269 278 271
3 269 274 278
3 274 279 278
3 274 276 279
3 259 280 275
3 259 261 280
3 261 281 280
3 261 266 281
3 275 282 277
3 275 280 282
3 280 283 282
3 280 281 283
3 284 285 286
3 284 287 285
3 287 288 285
3 287 289 288
3 286 196 197
3 286 285 196
3 285 199 196
3 285 288 199
3 284 290 287
3 284 291 290
3 291 292 290
3 291 293 292
3 287 294 289
3 287 290 294
3 290 295 294
3 290 292 295
3 284 296 291
3 284 297 296
3 297 13 296
3 297 5 13
3 291 298 293
3 291 296 298
3 296 14 298
3 296 13 14
3 284 299 297
3 284 286 299
3 286 204 299
3 286 197 204
3 297 4 5
3 297 299 4
3 299 8 4
3 299 204 8
3 300 301 302
3 300 303 301
3 303 304 301
3 303 305 304
3 302 292 293
3 302 301 292
3 301 295 292
3 301 304 295
3 300 306 303
3 300 307 306
3 307 308 306
3 307 309 308
3 303 310 305
3 303 306 310
3 306 311 310
3 306 308 311
3 300 312 307
3 300 313 312
3 313 314 312
3 313 315 314
3 307 316 309
3 307 312 316
3 312 317 316
3 312 314 317
3 300 318 313
3 300 302 318
3 302 298 318
3 302 293 298
3 313 319 315
3 313 318 319
3 318 14 319
3 318 298 14
3 320 321 322
3 320 323 321
3 323 324 321
3 323 325 324
3 322 245 246
3 322 321 245
3 321 248 245
3 321 324 248
3 320 326 323
3 320 327 326
3 327 191 326
3 327 192 191
3 323 328 325
3 323 326 328
3 326 193 328
3 326 191 193
3 320 329 327
3 320 330 329
3 330 331 329
3 330 332 331
3 327 206 192
3 327 329 206
3 329 208 206
3 329 331 208
3 320 333 330
3 320 322 333
3 322 253 333
3 322 246 253
3 330 334 332
3 330 333 334
3 333 254 334
3 333 253 254
3 335 336 337
3 335 338 336
3 338 339 336
3 338 340 339
3 337 270 271
3 337 336 270
3 336 273 270
3 336 339 273
3 335 341 338
3 335 342 341
3 342 240 341
3 342 241 240
3 338 343 340
3 338 341 343
3 341 242 343
3 341 240 242
3 335 344 342
3 335 345 344
3 345 346 344
3 345 347 346
3 342 256 241
3 342 344 256
3 344 258 256
3 344 346 258
3 335 348 345
3 335 337 348
3 337 278 348
3 337 271 278
3 345 349 347
3 345 348 349
3 348 279 349
3 348 278 279
3 350 351 352
3 350 353 351
3 353 354 351
3 353 355 354
3 352 308 309
3 352 351 308
3 351 311 308
3 351 354 311
3 350 356 353
3 350 357 356
3 357 265 356
3 357 266 265
3 353 358 355
3 353 356 358
3 356 267 358
3 356 265 267
3 350 359 357
3 350 360 359
3 360 361 359
3 360 362 361
3 357 281 266
3 357 359 281
3 359 283 281
3 359 361 283
3 350 363 360
3 350 352 363
3 352 316 363
3 352 309 316
3 360 364 362
3 360 363 364
3 363 317 364
3 363 316 317
3 365 366 367
3 365 368 366
3 368 369 366
3 368 370 369
3 367 371 372
3 367 366 371
3 366 373 371
3 366 369 373
3 365 374 368
3 365 375 374
3 375 376 374
3 375 377 376
3 368 378 370
3 368 374 378
3 374 379 378
3 374 376 379
3 365 380 375
3 365 381 380
3 381 382 380
3 381 383 382
3 375 384 377
3 375 380 384
3 380 385 384
3 380 382 385
3 365 386 381
3 365 367 386
3 367 387 386
3 367 372 387
3 381 388 383
3 381 386 388
3 386 389 388
3 386 387 389
3 390 391 392
3 390 393 391
3 393 394 391
3 393 395 394
3 392 396 397
3 392 391 396
3 391 398 396
3 391 394 398
3 390 399 393
3 390 400 399
3 400 401 399
3 400 402 401
3 393 403 395
3 393 399 403
3 399 404 403
3 399 401 404
3 390 405 400
3 390 406 405
3 406 407 405
3 406 408 407
3 400 409 402
3 400 405 409
3 405 373 409
3 405 407 373
3 390 410 406
3 390 392 410
3 392 411 410
3 392 397 411
3 406 412 408
3 406 410 412
3 410 413 412
3 410 411 413
3 414 415 416
3 414 417 415
3 417 418 415
3 417 419 418
3 416 420 421
3 416 415 420
3 415 422 420
3 415 418 422
3 414 423 417
3 414 424 423
3 424 425 423
3 424 426 425
3 417 427 419
3 417 423 427
3 423 428 427
3 423 425 428
3 414 429 424
3 414 430 429
3 430 431 429
3 430 432 431
3 424 433 426
3 424 429 433
3 429 434 433
3 429 431 434
3 414 435 430
3 414 416 435
3 416 436 435
3 416 421 436
3 430 437 432
3 430 435 437
3 435 438 437
3 435 436 438
3 439 440 441
3 439 442 440
3 442 443 440
3 442 444 443
3 441 220 221
3 441 440 220
3 440 223 220
3 440 443 223
3 439 445 442
3 439 446 445
3 446 447 445
3 446 448 447
3 442 449 444
3 442 445 449
3 445 450 449
3 445 447 450
3 439 451 446
3 439 452 451
3 452 453 451
3 452 454 453
3 446 455 448
3 446 451 455
3 451 456 455
3 451 453 456
3 439 457 452
3 439 441 457
3 441 228 457
3 441 221 228
3 452 458 454
3 452 457 458
3 457 229 458
3 457 228 229
3 459 460 461
3 459 462 460
3 462 463 460
3 462 464 463
3 461 401 402
3 461 460 401
3 460 404 401
3 460 463 404
3 459 465 462
3 459 466 465
3 466 467 465
3 466 468 467
3 462 469 464
3 462 465 469
3 465 470 469
3 465 467 470
3 459 471 466
3 459 472 471
3 472 378 471
3 472 370 378
3 466 473 468
3 466 471 473
3 471 379 473
3 471 378 379
3 459 474 472
3 459 461 474
3 461 409 474
3 461 402 409
3 472 369 370
3 472 474 369
3 474 373 369
3 474 409 373
3 475 476 477
3 475 478 476
3 478 479 476
3 478 480 479
3 477 467 468
3 477 476 467
3 476 470 467
3 476 479 470
3 475 481 478
3 475 482 481
3 482 215 481
3 482 216 215
3 478 483 480
3 478 481 483
3 481 217 483
3 481 215 217
3 475 484 482
3 475 485 484
3 485 486 484
3 485 487 486
3 482 231 216
3 482 484 231
3 484 233 231
3 484 486 233
3 475 488 485
3 475 477 488
3 477 473 488
3 477 468 473
3 485 489 487
3 485 488 489
3 488 379 489
3 488 473 379
3 490 491 492
3 490 493 491
3 493 494 491
3 493 495 494
3 492 425 426
3 492 491 425
3 491 428 425
3 491 494 428
3 490 496 493
3 490 497 496
3 497 396 496
3 497 397 396
3 493 498 495
3 493 496 498
3 496 398 498
3 496 396 398
3 490 499 497
3 490 500 499
3 500 501 499
3 500 502 501
3 497 411 397
3 497 499 411
3 499 413 411
3 499 501 413
3 490 503 500
3 490 492 503
3 492 433 503
3 492 426 433
3 500 504 502
3 500 503 504
3 503 434 504
3 503 433 434
3 505 506 507
3 505 508 506
3 508 509 506
3 508 510 509
3 507 447 448
3 507 506 447
3 506 450 447
3 506 509 450
3 505 511 508
3 505 512 511
3 512 420 511
3 512 421 420
3 508 513 510
3 508 511 513
3 511 422 513
3 511 420 422
3 505 514 512
3 505 515 514
3 515 516 514
3 515 517 516
3 512 436 421
3 512 514 436
3 514 438 436
3 514 516 438
3 505 518 515
3 505 507 518
3 507 455 518
3 507 448 455
3 515 519 517
3 515 518 519
3 518 456 519
3 518 455 456
3 520 521 522
3 520 523 521
3 523 524 521
3 523 525 524
3 522 526 527
3 522 521 526
3 521 528 526
3 521 524 528
3 520 529 523
3 520 530 529
3 530 531 529
3 530 532 531
3 523 533 525
3 523 529 533
3 529 389 533
3 529 531 389
3 520 534 530
3 520 535 534
3 535 536 534
3 535 537 536
3 530 538 532
3 530 534 538
3 534 539 538
3 534 536 539
3 520 540 535
3 520 522 540
3 522 541 540
3 522 527 541
3 535 542 537
3 535 540 542
3 540 543 542
3 540 541 543
3 544 545 546
3 544 547 545
3 547 489 545
3 547 487 489
3 546 376 377
3 546 545 376
3 545 379 376
3 545 489 379
3 544 548 547
3 544 549 548
3 549 550 548
3 549 551 550
3 547 486 487
3 547 548 486
3 548 233 486
3 548 550 233
3 544 552 549
3 544 553 552
3 553 554 552
3 553 555 554
3 549 556 551
3 549 552 556
3 552 557 556
3 552 554 557
3 544 558 553
3 544 546 558
3 546 384 558
3 546 377 384
3 553 559 555
3 553 558 559
3 558 385 559
3 558 384 385
3 560 561 562
3 560 563 561
3 563 504 561
3 563 502 504
3 562 564 565
3 562 561 564
3 561 434 564
3 561 504 434
3 560 566 563
3 560 567 566
3 567 568 566
3 567 569 568
3 563 501 502
3 563 566 501
3 566 413 501
3 566 568 413
3 560 570 567
3 560 571 570
3 571 572 570
3 571 573 572
3 567 574 569
3 567 570 574
3 570 528 574
3 570 572 528
3 560 575 571
3 560 562 575
3 562 576 575
3 562 565 576
3 571 577 573
3 571 575 577
3 575 578 577
3 575 576 578
3 579 580 581
3 579 582 580
3 582 519 580
3 582 517 519
3 581 583 584
3 581 580 583
3 580 456 583
3 580 519 456
3 579 585 582
3 579 586 585
3 586 587 585
3 586 588 587
3 582 516 517
3 582 585 516
3 585 438 516
3 585 587 438
3 579 589 586
3 579 590 589
3 590 591 589
3 590 592 591
3 586 593 588
3 586 589 593
3 589 594 593
3 589 591 594
3 579 595 590
3 579 581 595
3 581 596 595
3 581 584 596
3 590 597 592
3 590 595 597
3 595 598 597
3 595 596 598
3 599 600 601
3 599 602 600
3 602 232 600
3 602 227 232
3 601 550 551
3 601 600 550
3 600 233 550
3 600 232 233
3 599 603 602
3 599 604 603
3 604 605 603
3 604 606 605
3 602 226 227
3 602 603 226
3 603 229 226
3 603 605 229
3 599 607 604
3 599 608 607
3 608 609 607
3 608 610 609
3 604 611 606
3 604 607 611
3 607 612 611
3 607 609 612
3 599 613 608
3 599 601 613
3 601 556 613
3 601 551 556
3 608 614 610
3 608 613 614
3 613 557 614
3 613 556 557
3 615 616 617
3 615 618 616
3 618 412 616
3 618 408 412
3 617 568 569
3 617 616 568
3 616 413 568
3 616 412 413
3 615 619 618
3 615 620 619
3 620 371 619
3 620 372 371
3 618 407 408
3 618 619 407
3 619 373 407
3 619 371 373
3 615 621 620
3 615 622 621
3 622 533 621
3 622 525 533
3 620 387 372
3 620 621 387
3 621 389 387
3 621 533 389
3 615 623 622
3 615 617 623
3 617 574 623
3 617 569 574
3 622 524 525
3 622 623 524
3 623 528 524
3 623 574 528
3 624 625 626
3 624 627 625
3 627 437 625
3 627 432 437
3 626 587 588
3 626 625 587
3 625 438 587
3 625 437 438
3 624 628 627
3 624 629 628
3 629 564 628
3 629 565 564
3 627 431 432
3 627 628 431
3 628 434 431
3 628 564 434
3 624 630 629
3 624 631 630
3 631 632 630
3 631 633 632
3 629 576 565
3 629 630 576
3 630 578 576
3 630 632 578
3 624 634 631
3 624 626 634
3 626 593 634
3 626 588 593
3 631 635 633
3 631 634 635
3 634 594 635
3 634 593 594
3 636 637 638
3 636 639 637
3 639 458 637
3 639 454 458
3 638 605 606
3 638 637 605
3 637 229 605
3 637 458 229
3 636 640 639
3 636 641 640
3 641 583 640
3 641 584 583
3 639 453 454
3 639 640 453
3 640 456 453
3 640 583 456
3 636 642 641
3 636 643 642
3 643 644 642
3 643 645 644
3 641 596 584
3 641 642 596
3 642 598 596
3 642 644 598
3 636 646 643
3 636 638 646
3 638 611 646
3 638 606 611
3 643 647 645
3 643 646 647
3 646 612 647
3 646 611 612
3 648 649 650
3 648 651 649
3 651 635 649
3 651 633 635
3 650 652 653
3 650 649 652
3 649 594 652
3 649 635 594
3 648 654 651
3 648 655 654
3 655 656 654
3 655 657 656
3 651 632 633
3 651 654 632
3 654 578 632
3 654 656 578
3 648 658 655
3 648 659 658
3 659 660 658
3 659 661 660
3 655 662 657
3 655 658 662
3 658 663 662
3 658 660 663
3 648 664 659
3 648 650 664
3 650 665 664
3 650 653 665
3 659 666 661
3 659 664 666
3 664 667 666
3 664 665 667
3 668 669 670
3 668 671 669
3 671 647 669
3 671 645 647
3 670 672 673
3 670 669 672
3 669 612 672
3 669 647 612
3 668 674 671
3 668 675 674
3 675 676 674
3 675 677 676
3 671 644 645
3 671 674 644
3 674 598 644
3 674 676 598
3 668 678 675
3 668 679 678
3 679 680 678
3 679 681 680
3 675 682 677
3 675 678 682
3 678 683 682
3 678 680 683
3 668 684 679
3 668 670 684
3 670 685 684
3 670 673 685
3 679 686 681
3 679 684 686
3 684 687 686
3 684 685 687
3 688 689 690
3 688 691 689
3 691 388 689
3 691 383 388
3 690 531 532
3 690 689 531
3 689 389 531
3 689 388 389
3 688 692 691
3 688 693 692
3 693 694 692
3 693 695 694
3 691 382 383
3 691 692 382
3 692 385 382
3 692 694 385
3 688 696 693
3 688 697 696
3 697 698 696
3 697 699 698
3 693 700 695
3 693 696 700
3 696 701 700
3 696 698 701
3 688 702 697
3 688 690 702
3 690 538 702
3 690 532 538
3 697 703 699
3 697 702 703
3 702 539 703
3 702 538 539
3 704 705 706
3 704 707 705
3 707 559 705
3 707 555 559
3 706 694 695
3 706 705 694
3 705 385 694
3 705 559 385
3 704 708 707
3 704 709 708
3 709 710 708
3 709 711 710
3 707 554 555
3 707 708 554
3 708 557 554
3 708 710 557
3 704 712 709
3 704 713 712
3 713 714 712
3 713 715 714
3 709 716 711
3 709 712 716
3 712 717 716
3 712 714 717
3 704 718 713
3 704 706 718
3 706 700 718
3 706 695 700
3 713 719 715
3 713 718 719
3 718 701 719
3 718 700 701
3 720 721 722
3 720 723 721
3 723 577 721
3 723 573 577
3 722 656 657
3 722 721 656
3 721 578 656
3 721 577 578
3 720 724 723
3 720 725 724
3 725 526 724
3 725 527 526
3 723 572 573
3 723 724 572
3 724 528 572
3 724 526 528
3 720 726 725
3 720 727 726
3 727 728 726
3 727 729 728
3 725 541 527
3 725 726 541
3 726 543 541
3 726 728 543
3 720 730 727
3 720 722 730
3 722 662 730
3 722 657 662
3 727 731 729
3 727 730 731
3 730 663 731
3 730 662 663
3 732 733 734
3 732 735 733
3 735 597 733
3 735 592 597
3 734 676 677
3 734 733 676
3 733 598 676
3 733 597 598
3 732 736 735
3 732 737 736
3 737 652 736
3 737 653 652
3 735 591 592
3 735 736 591
3 736 594 591
3 736 652 594
3 732 738 737
3 732 739 738
3 739 740 738
3 739 741 740
3 737 665 653
3 737 738 665
3 738 667 665
3 738 740 667
3 732 742 739
3 732 734 742
3 734 682 742
3 734 677 682
3 739 743 741
3 739 742 743
3 742 683 743
3 742 682 683
3 744 745 746
3 744 747 745
3 747 614 745
3 747 610 614
3 746 710 711
3 746 745 710
3 745 557 710
3 745 614 557
3 744 748 747
3 744 749 748
3 749 672 748
3 749 673 672
3 747 609 610
3 747 748 609
3 748 612 609
3 748 672 612
3 744 750 749
3 744 751 750
3 751 752 750
3 751 753 752
3 749 685 673
3 749 750 685
3 750 687 685
3 750 752 687
3 744 754 751
3 744 746 754
3 746 716 754
3 746 711 716
3 751 755 753
3 751 754 755
3 754 717 755
3 754 716 717
3 756 757 758
3 756 759 757
3 759 364 757
3 759 362 364
3 758 760 761
3 758 757 760
3 757 317 760
3 757 364 317
3 756 762 759
3 756 763 762
3 763 764 762
3 763 765 764
3 759 361 362
3 759 762 361
3 762 283 361
3 762 764 283
3 756 766 763
3 756 767 766
3 767 110 766
3 767 104 110
3 763 768 765
3 763 766 768
3 766 82 768
3 766 110 82
3 756 769 767
3 756 758 769
3 758 770 769
3 758 761 770
3 767 103 104
3 767 769 103
3 769 107 103
3 769 770 107
3 771 772 773
3 771 774 772
3 774 282 772
3 774 277 282
3 773 764 765
3 773 772 764
3 772 283 764
3 772 282 283
3 771 775 774
3 771 776 775
3 776 777 775
3 776 778 777
3 774 276 277
3 774 775 276
3 775 279 276
3 775 777 279
3 771 779 776
3 771 780 779
3 780 87 779
3 780 79 87
3 776 781 778
3 776 779 781
3 779 88 781
3 779 87 88
3 771 782 780
3 771 773 782
3 773 768 782
3 773 765 768
3 780 78 79
3 780 782 78
3 782 82 78
3 782 768 82
3 783 784 785
3 783 786 784
3 786 257 784
3 786 252 257
3 785 787 788
3 785 784 787
3 784 258 787
3 784 257 258
3 783 789 786
3 783 790 789
3 790 791 789
3 790 792 791
3 786 251 252
3 786 789 251
3 789 254 251
3 789 791 254
3 783 793 790
3 783 794 793
3 794 62 793
3 794 54 62
3 790 795 792
3 790 793 795
3 793 63 795
3 793 62 63
3 783 796 794
3 783 785 796
3 785 797 796
3 785 788 797
3 794 53 54
3 794 796 53
3 796 57 53
3 796 797 57
3 798 799 800
3 798 801 799
3 801 207 799
3 801 203 207
3 800 802 803
3 800 799 802
3 799 208 802
3 799 207 208
3 798 804 801
3 798 805 804
3 805 6 804
3 805 7 6
3 801 202 203
3 801 804 202
3 804 8 202
3 804 6 8
3 798 806 805
3 798 807 806
3 807 38 806
3 807 30 38
3 805 22 7
3 805 806 22
3 806 24 22
3 806 38 24
3 798 808 807
3 798 800 808
3 800 809 808
3 800 803 809
3 807 29 30
3 807 808 29
3 808 33 29
3 808 809 33
3 810 811 812
3 810 813 811
3 813 349 811
3 813 347 349
3 812 777 778
3 812 811 777
3 811 279 777
3 811 349 279
3 810 814 813
3 810 815 814
3 815 787 814
3 815 788 787
3 813 346 347
3 813 814 346
3 814 258 346
3 814 787 258
3 810 816 815
3 810 817 816
3 817 818 816
3 817 819 818
3 815 797 788
3 815 816 797
3 816 57 797
3 816 818 57
3 810 820 817
3 810 812 820
3 812 781 820
3 812 778 781
3 817 821 819
3 817 820 821
3 820 88 821
3 820 781 88
3 822 823 824
3 822 825 823
3 825 334 823
3 825 332 334
3 824 791 792
3 824 823 791
3 823 254 791
3 823 334 254
3 822 826 825
3 822 827 826
3 827 802 826
3 827 803 802
3 825 331 332
3 825 826 331
3 826 208 331
3 826 802 208
3 822 828 827
3 822 829 828
3 829 158 828
3 829 155 158
3 827 809 803
3 827 828 809
3 828 33 809
3 828 158 33
3 822 830 829
3 822 824 830
3 824 795 830
3 824 792 795
3 829 154 155
3 829 830 154
3 830 63 154
3 830 795 63
3 831 832 833
3 831 834 832
3 834 821 832
3 834 819 821
3 833 85 86
3 833 832 85
3 832 88 85
3 832 821 88
3 831 835 834
3 831 836 835
3 836 55 835
3 836 56 55
3 834 818 819
3 834 835 818
3 835 57 818
3 835 55 57
3 831 837 836
3 831 838 837
3 838 839 837
3 838 840 839
3 836 71 56
3 836 837 71
3 837 73 71
3 837 839 73
3 831 841 838
3 831 833 841
3 833 93 841
3 833 86 93
3 838 842 840
3 838 841 842
3 841 94 842
3 841 93 94
3 843 844 845
3 843 846 844
3 846 319 844
3 846 315 319
3 845 11 12
3 845 844 11
3 844 14 11
3 844 319 14
3 843 847 846
3 843 848 847
3 848 760 847
3 848 761 760
3 846 314 315
3 846 847 314
3 847 317 314
3 847 760 317
3 843 849 848
3 843 850 849
3 850 143 849
3 850 140 143
3 848 770 761
3 848 849 770
3 849 107 770
3 849 143 107
3 843 851 850
3 843 845 851
3 845 19 851
3 845 12 19
3 850 139 140
3 850 851 139
3 851 20 139
3 851 19 20
3 852 853 854
3 852 855 853
3 855 743 853
3 855 741 743
3 854 856 857
3 854 853 856
3 853 683 856
3 853 743 683
3 852 858 855
3 852 859 858
3 859 860 858
3 859 861 860
3 855 740 741
3 855 858 740
3 858 667 740
3 858 860 667
3 852 862 859
3 852 863 862
3 863 864 862
3 863 865 864
3 859 866 861
3 859 862 866
3 862 867 866
3 862 864 867
3 852 868 863
3 852 854 868
3 854 869 868
3 854 857 869
3 863 870 865
3 863 868 870
3 868 871 870
3 868 869 871
3 872 873 874
3 872 875 873
3 875 755 873
3 875 753 755
3 874 876 877
3 874 873 876
3 873 717 876
3 873 755 717
3 872 878 875
3 872 879 878
3 879 880 878
3 879 881 880
3 875 752 753
3 875 878 752
3 878 687 752
3 878 880 687
3 872 882 879
3 872 883 882
3 883 884 882
3 883 885 884
3 879 886 881
3 879 882 886
3 882 887 886
3 882 884 887
3 872 888 883
3 872 874 888
3 874 889 888
3 874 877 889
3 883 890 885
3 883 888 890
3 888 891 890
3 888 889 891
3 892 893 894
3 892 895 893
3 895 542 893
3 895 537 542
3 894 896 897
3 894 893 896
3 893 543 896
3 893 542 543
3 892 898 895
3 892 899 898
3 899 900 898
3 899 901 900
3 895 536 537
3 895 898 536
3 898 539 536
3 898 900 539
3 892 902 899
3 892 903 902
3 903 904 902
3 903 905 904
3 899 906 901
3 899 902 906
3 902 907 906
3 902 904 907
3 892 908 903
3 892 894 908
3 894 909 908
3 894 897 909
3 903 910 905
3 903 908 910
3 908 911 910
3 908 909 911
3 912 913 914
3 912 915 913
3 915 666 913
3 915 661 666
3 914 860 861
3 914 913 860
3 913 667 860
3 913 666 667
3 912 916 915
3 912 917 916
3 917 918 916
3 917 919 918
3 915 660 661
3 915 916 660
3 916 663 660
3 916 918 663
3 912 920 917
3 912 921 920
3 921 922 920
3 921 923 922
3 917 924 919
3 917 920 924
3 920 925 924
3 920 922 925
3 912 926 921
3 912 914 926
3 914 866 926
3 914 861 866
3 921 927 923
3 921 926 927
3 926 867 927
3 926 866 867
3 928 929 930
3 928 931 929
3 931 686 929
3 931 681 686
3 930 880 881
3 930 929 880
3 929 687 880
3 929 686 687
3 928 932 931
3 928 933 932
3 933 856 932
3 933 857 856
3 931 680 681
3 931 932 680
3 932 683 680
3 932 856 683
3 928 934 933
3 928 935 934
3 935 936 934
3 935 937 936
3 933 869 857
3 933 934 869
3 934 871 869
3 934 936 871
3 928 938 935
3 928 930 938
3 930 886 938
3 930 881 886
3 935 939 937
3 935 938 939
3 938 887 939
3 938 886 887
3 940 941 942
3 940 943 941
3 943 703 941
3 943 699 703
3 942 900 901
3 942 941 900
3 941 539 900
3 941 703 539
3 940 944 943
3 940 945 944
3 945 946 944
3 945 947 946
3 943 698 699
3 943 944 698
3 944 701 698
3 944 946 701
3 940 948 945
3 940 949 948
3 949 950 948
3 949 951 950
3 945 952 947
3 945 948 952
3 948 953 952
3 948 950 953
3 940 954 949
3 940 942 954
3 942 906 954
3 942 901 906
3 949 955 951
3 949 954 955
3 954 907 955
3 954 906 907
3 956 957 958
3 956 959 957
3 959 719 957
3 959 715 719
3 958 946 947
3 958 957 946
3 957 701 946
3 957 719 701
3 956 960 959
3 956 961 960
3 961 876 960
3 961 877 876
3 959 714 715
3 959 960 714
3 960 717 714
3 960 876 717
3 956 962 961
3 956 963 962
3 963 964 962
3 963 965 964
3 961 889 877
3 961 962 889
3 962 891 889
3 962 964 891
3 956 966 963
3 956 958 966
3 958 952 966
3 958 947 952
3 963 967 965
3 963 966 967
3 966 953 967
3 966 952 953
3 968 969 970
3 968 971 969
3 971 731 969
3 971 729 731
3 970 918 919
3 970 969 918
3 969 663 918
3 969 731 663
3 968 972 971
3 968 973 972
3 973 896 972
3 973 897 896
3 971 728 729
3 971 972 728
3 972 543 728
3 972 896 543
3 968 974 973
3 968 975 974
3 975 976 974
3 975 977 976
3 973 909 897
3 973 974 909
3 974 911 909
3 974 976 911
3 968 978 975
3 968 970 978
3 970 924 978
3 970 919 924
3 975 979 977
3 975 978 979
3 978 925 979
3 978 924 925
3 980 981 982
3 980 983 981
3 983 890 981
3 983 885 890
3 982 984 985
3 982 981 984
3 981 891 984
3 981 890 891
3 980 986 983
3 980 987 986
3 987 988 986
3 987 989 988
3 983 884 885
3 983 986 884
3 986 887 884
3 986 988 887
3 980 990 987
3 980 991 990
3 991 992 990
3 991 993 992
3 987 994 989
3 987 990 994
3 990 995 994
3 990 992 995
3 980 996 991
3 980 982 996
3 982 997 996
3 982 985 997
3 991 998 993
3 991 996 998
3 996 999 998
3 996 997 999
3 1000 1001 1002
3 1000 1003 1001
3 1003 910 1001
3 1003 905 910
3 1002 1004 1005
3 1002 1001 1004
3 1001 911 1004
3 1001 910 911
3 1000 1006 1003
3 1000 1007 1006
3 1007 1008 1006
3 1007 1009 1008
3 1003 904 905
3 1003 1006 904
3 1006 907 904
3 1006 1008 907
3 1000 1010 1007
3 1000 1011 1010
3 1011 1012 1010
3 1011 1013 1012
3 1007 1014 1009
3 1007 1010 1014
3 1010 1015 1014
3 1010 1012 1015
3 1000 1016 1011
3 1000 1002 1016
3 1002 1017 1016
3 1002 1005 1017
3 1011 1018 1013
3 1011 1016 1018
3 1016 1019 1018
3 1016 1017 1019
3 1020 1021 1022
3 1020 1023 1021
3 1023 927 1021
3 1023 923 927
3 1022 1024 1025
3 1022 1021 1024
3 1021 867 1024
3 1021 927 867
3 1020 1026 1023
3 1020 1027 1026
3 1027 1028 1026
3 1027 1029 1028
3 1023 922 923
3 1023 1026 922
3 1026 925 922
3 1026 1028 925
3 1020 1030 1027
3 1020 1031 1030
3 1031 1032 1030
3 1031 1033 1032
3 1027 1034 1029
3 1027 1030 1034
3 1030 1035 1034
3 1030 1032 1035
3 1020 1036 1031
3 1020 1022 1036
3 1022 1037 1036
3 1022 1025 1037
3 1031 1038 1033
3 1031 1036 1038
3 1036 1039 1038
3 1036 1037 1039
3 1040 1041 1042
3 1040 1043 1041
3 1043 939 1041
3 1043 937 939
3 1042 988 989
3 1042 1041 988
3 1041 887 988
3 1041 939 887
3 1040 1044 1043
3 1040 1045 1044
3 1045 1046 1044
3 1045 1047 1046
3 1043 936 937
3 1043 1044 936
3 1044 871 936
3 1044 1046 871
3 1040 1048 1045
3 1040 1049 1048
3 1049 1050 1048
3 1049 1051 1050
3 1045 1052 1047
3 1045 1048 1052
3 1048 1053 1052
3 1048 1050 1053
3 1040 1054 1049
3 1040 1042 1054
3 1042 994 1054
3 1042 989 994
3 1049 1055 1051
3 1049 1054 1055
3 1054 995 1055
3 1054 994 995
3 1056 1057 1058
3 1056 1059 1057
3 1059 955 1057
3 1059 951 955
3 1058 1008 1009
3 1058 1057 1008
3 1057 907 1008
3 1057 955 907
3 1056 1060 1059
3 1056 1061 1060
3 1061 1062 1060
3 1061 1063 1062
3 1059 950 951
3 1059 1060 950
3 1060 953 950
3 1060 1062 953
3 1056 1064 1061
3 1056 1065 1064
3 1065 1066 1064
3 1065 1067 1066
3 1061 1068 1063
3 1061 1064 1068
3 1064 1069 1068
3 1064 1066 1069
3 1056 1070 1065
3 1056 1058 1070
3 1058 1014 1070
3 1058 1009 1014
3 1065 1071 1067
3 1065 1070 1071
3 1070 1015 1071
3 1070 1014 1015
3 1072 1073 1074
3 1072 1075 1073
3 1075 967 1073
3 1075 965 967
3 1074 1062 1063
3 1074 1073 1062
3 1073 953 1062
3 1073 967 953
3 1072 1076 1075
3 1072 1077 1076
3 1077 984 1076
3 1077 985 984
3 1075 964 965
3 1075 1076 964
3 1076 891 964
3 1076 984 891
3 1072 1078 1077
3 1072 1079 1078
3 1079 1080 1078
3 1079 1081 1080
3 1077 997 985
3 1077 1078 997
3 1078 999 997
3 1078 1080 999
3 1072 1082 1079
3 1072 1074 1082
3 1074 1068 1082
3 1074 1063 1068
3 1079 1083 1081
3 1079 1082 1083
3 1082 1069 1083
3 1082 1068 1069
3 1084 1085 1086
3 1084 1087 1085
3 1087 979 1085
3 1087 977 979
3 1086 1028 1029
3 1086 1085 1028
3 1085 925 1028
3 1085 979 925
3 1084 1088 1087
3 1084 1089 1088
3 1089 1004 1088
3 1089 1005 1004
3 1087 976 977
3 1087 1088 976
3 1088 911 976
3 1088 1004 911
3 1084 1090 1089
3 1084 1091 1090
3 1091 1092 1090
3 1091 1093 1092
3 1089 1017 1005
3 1089 1090 1017
3 1090 1019 1017
3 1090 1092 1019
3 1084 1094 1091
3 1084 1086 1094
3 1086 1034 1094
3 1086 1029 1034
3 1091 1095 1093
3 1091 1094 1095
3 1094 1035 1095
3 1094 1034 1035
3 1096 1097 1098
3 1096 1099 1097
3 1099 870 1097
3 1099 865 870
3 1098 1046 1047
3 1098 1097 1046
3 1097 871 1046
3 1097 870 871
3 1096 1100 1099
3 1096 1101 1100
3 1101 1024 1100
3 1101 1025 1024
3 1099 864 865
3 1099 1100 864
3 1100 867 864
3 1100 1024 867
3 1096 1102 1101
3 1096 1103 1102
3 1103 1104 1102
3 1103 1105 1104
3 1101 1037 1025
3 1101 1102 1037
3 1102 1039 1037
3 1102 1104 1039
3 1096 1106 1103
3 1096 1098 1106
3 1098 1052 1106
3 1098 1047 1052
3 1103 1107 1105
3 1103 1106 1107
3 1106 1053 1107
3 1106 1052 1053
3 1108 1109 1110
3 1108 1111 1109
3 1111 1071 1109
3 1111 1067 1071
3 1110 1112 1113
3 1110 1109 1112
3 1109 1015 1112
3 1109 1071 1015
3 1108 1114 1111
3 1108 1115 1114
3 1115 1116 1114
3 1115 1117 1116
3 1111 1066 1067
3 1111 1114 1066
3 1114 1069 1066
3 1114 1116 1069
3 1108 1118 1115
3 1108 1119 1118
3 1119 1120 1118
3 1119 1121 1120
3 1115 1122 1117
3 1115 1118 1122
3 1118 1123 1122
3 1118 1120 1123
3 1108 1124 1119
3 1108 1110 1124
3 1110 1125 1124
3 1110 1113 1125
3 1119 1126 1121
3 1119 1124 1126
3 1124 1127 1126
3 1124 1125 1127
3 1128 1129 1130
3 1128 1131 1129
3 1131 1083 1129
3 1131 1081 1083
3 1130 1116 1117
3 1130 1129 1116
3 1129 1069 1116
3 1129 1083 1069
3 1128 1132 1131
3 1128 1133 1132
3 1133 1134 1132
3 1133 1135 1134
3 1131 1080 1081
3 1131 1132 1080
3 1132 999 1080
3 1132 1134 999
3 1128 1136 1133
3 1128 1137 1136
3 1137 1138 1136
3 1137 1139 1138
3 1133 1140 1135
3 1133 1136 1140
3 1136 1141 1140
3 1136 1138 1141
3 1128 1142 1137
3 1128 1130 1142
3 1130 1122 1142
3 1130 1117 1122
3 1137 1143 1139
3 1137 1142 1143
3 1142 1123 1143
3 1142 1122 1123
3 1144 1145 1146
3 1144 1147 1145
3 1147 1095 1145
3 1147 1093 1095
3 1146 1148 1149
3 1146 1145 1148
3 1145 1035 1148
3 1145 1095 1035
3 1144 1150 1147
3 1144 1151 1150
3 1151 1152 1150
3 1151 1153 1152
3 1147 1092 1093
3 1147 1150 1092
3 1150 1019 1092
3 1150 1152 1019
3 1144 1154 1151
3 1144 1155 1154
3 1155 1156 1154
3 1155 1157 1156
3 1151 1158 1153
3 1151 1154 1158
3 1154 1159 1158
3 1154 1156 1159
3 1144 1160 1155
3 1144 1146 1160
3 1146 1161 1160
3 1146 1149 1161
3 1155 1162 1157
3 1155 1160 1162
3 1160 1163 1162
3 1160 1161 1163
3 1164 1165 1166
3 1164 1167 1165
3 1167 1107 1165
3 1167 1105 1107
3 1166 1168 1169
3 1166 1165 1168
3 1165 1053 1168
3 1165 1107 1053
3 1164 1170 1167
3 1164 1171 1170
3 1171 1172 1170
3 1171 1173 1172
3 1167 1104 1105
3 1167 1170 1104
3 1170 1039 1104
3 1170 1172 1039
3 1164 1174 1171
3 1164 1175 1174
3 1175 1176 1174
3 1175 1177 1176
3 1171 1178 1173
3 1171 1174 1178
3 1174 1179 1178
3 1174 1176 1179
3 1164 1180 1175
3 1164 1166 1180
3 1166 1181 1180
3 1166 1169 1181
3 1175 1182 1177
3 1175 1180 1182
3 1180 1183 1182
3 1180 1181 1183
3 1184 1185 1186
3 1184 1187 1185
3 1187 998 1185
3 1187 993 998
3 1186 1134 1135
3 1186 1185 1134
3 1185 999 1134
3 1185 998 999
3 1184 1188 1187
3 1184 1189 1188
3 1189 1190 1188
3 1189 1191 1190
3 1187 992 993
3 1187 1188 992
3 1188 995 992
3 1188 1190 995
3 1184 1192 1189
3 1184 1193 1192
3 1193 1194 1192
3 1193 1195 1194
3 1189 1196 1191
3 1189 1192 1196
3 1192 1197 1196
3 1192 1194 1197
3 1184 1198 1193
3 1184 1186 1198
3 1186 1140 1198
3 1186 1135 1140
3 1193 1199 1195
3 1193 1198 1199
3 1198 1141 1199
3 1198 1140 1141
3 1200 1201 1202
3 1200 1203 1201
3 1203 1018 1201
3 1203 1013 1018
3 1202 1152 1153
3 1202 1201 1152
3 1201 1019 1152
3 1201 1018 1019
3 1200 1204 1203
3 1200 1205 1204
3 1205 1112 1204
3 1205 1113 1112
3 1203 1012 1013
3 1203 1204 1012
3 1204 1015 1012
3 1204 1112 1015
3 1200 1206 1205
3 1200 1207 1206
3 1207 1208 1206
3 1207 1209 1208
3 1205 1125 1113
3 1205 1206 1125
3 1206 1127 1125
3 1206 1208 1127
3 1200 1210 1207
3 1200 1202 1210
3 1202 1158 1210
3 1202 1153 1158
3 1207 1211 1209
3 1207 1210 1211
3 1210 1159 1211
3 1210 1158 1159
3 1212 1213 1214
3 1212 1215 1213
3 1215 1038 1213
3 1215 1033 1038
3 1214 1172 1173
3 1214 1213 1172
3 1213 1039 1172
3 1213 1038 1039
3 1212 1216 1215
3 1212 1217 1216
3 1217 1148 1216
3 1217 1149 1148
3 1215 1032 1033
3 1215 1216 1032
3 1216 1035 1032
3 1216 1148 1035
3 1212 1218 1217
3 1212 1219 1218
3 1219 1220 1218
3 1219 1221 1220
3 1217 1161 1149
3 1217 1218 1161
3 1218 1163 1161
3 1218 1220 1163
3 1212 1222 1219
3 1212 1214 1222
3 1214 1178 1222
3 1214 1173 1178
3 1219 1223 1221
3 1219 1222 1223
3 1222 1179 1223
3 1222 1178 1179
3 1224 1225 1226
3 1224 1227 1225
3 1227 1055 1225
3 1227 1051 1055
3 1226 1190 1191
3 1226 1225 1190
3 1225 995 1190
3 1225 1055 995
3 1224 1228 1227
3 1224 1229 1228
3 1229 1168 1228
3 1229 1169 1168
3 1227 1050 1051
3 1227 1228 1050
3 1228 1053 1050
3 1228 1168 1053
3 1224 1230 1229
3 1224 1231 1230
3 1231 1232 1230
3 1231 1233 1232
3 1229 1181 1169
3 1229 1230 1181
3 1230 1183 1181
3 1230 1232 1183
3 1224 1234 1231
3 1224 1226 1234
3 1226 1196 1234
3 1226 1191 1196
3 1231 1235 1233
3 1231 1234 1235
3 1234 1197 1235
3 1234 1196 1197
3 1236 1237 1238
3 1236 1239 1237
3 1239 1199 1237
3 1239 1195 1199
3 1238 1240 1241
3 1238 1237 1240
3 1237 1141 1240
3 1237 1199 1141
3 1236 1242 1239
3 1236 1243 1242
3 1243 1244 1242
3 1243 1245 1244
3 1239 1194 1195
3 1239 1242 1194
3 1242 1197 1194
3 1242 1244 1197
3 1236 1246 1243
3 1236 1247 1246
3 1247 1248 1246
3 1247 1249 1248
3 1243 1250 1245
3 1243 1246 1250
3 1246 1251 1250
3 1246 1248 1251
3 1236 1252 1247
3 1236 1238 1252
3 1238 1253 1252
3 1238 1241 1253
3 1247 1254 1249
3 1247 1252 1254
3 1252 1255 1254
3 1252 1253 1255
3 1256 1257 1258
3 1256 1259 1257
3 1259 1211 1257
3 1259 1209 1211
3 1258 1260 1261
3 1258 1257 1260
3 1257 1159 1260
3 1257 1211 1159
3 1256 1262 1259
3 1256 1263 1262
3 1263 1264 1262
3 1263 1265 1264
3 1259 1208 1209
3 1259 1262 1208
3 1262 1127 1208
3 1262 1264 1127
3 1256 1266 1263
3 1256 1267 1266
3 1267 1268 1266
3 1267 1269 1268
3 1263 1270 1265
3 1263 1266 1270
3 1266 1271 1270
3 1266 1268 1271
3 1256 1272 1267
3 1256 1258 1272
3 1258 1273 1272
3 1258 1261 1273
3 1267 1274 1269
3 1267 1272 1274
3 1272 1275 1274
3 1272 1273 1275
3 1276 1277 1278
3 1276 1279 1277
3 1279 1223 1277
3 1279 1221 1223
3 1278 1280 1281
3 1278 1277 1280
3 1277 1179 1280
3 1277 1223 1179
3 1276 1282 1279
3 1276 1283 1282
3 1283 1284 1282
3 1283 1285 1284
3 1279 1220 1221
3 1279 1282 1220
3 1282 1163 1220
3 1282 1284 1163
3 1276 1286 1283
3 1276 1287 1286
3 1287 1288 1286
3 1287 1289 1288
3 1283 1290 1285
3 1283 1286 1290
3 1286 1291 1290
3 1286 1288 1291
3 1276 1292 1287
3 1276 1278 1292
3 1278 1293 1292
3 1278 1281 1293
3 1287 1294 1289
3 1287 1292 1294
3 1292 1295 1294
3 1292 1293 1295
3 1296 1297 1298
3 1296 1299 1297
3 1299 1235 1297
3 1299 1233 1235
3 1298 1244 1245
3 1298 1297 1244
3 1297 1197 1244
3 1297 1235 1197
3 1296 1300 1299
3 1296 1301 1300
3 1301 1302 1300
3 1301 1303 1302
3 1299 1232 1233
3 1299 1300 1232
3 1300 1183 1232
3 1300 1302 1183
3 1296 1304 1301
3 1296 1305 1304
3 1305 1306 1304
3 1305 1307 1306
3 1301 1308 1303
3 1301 1304 1308
3 1304 1309 1308
3 1304 1306 1309
3 1296 1310 1305
3 1296 1298 1310
3 1298 1250 1310
3 1298 1245 1250
3 1305 1311 1307
3 1305 1310 1311
3 1310 1251 1311
3 1310 1250 1251
3 1312 1313 1314
3 1312 1315 1313
3 1315 1126 1313
3 1315 1121 1126
3 1314 1264 1265
3 1314 1313 1264
3 1313 1127 1264
3 1313 1126 1127
3 1312 1316 1315
3 1312 1317 1316
3 1317 1318 1316
3 1317 1319 1318
3 1315 1120 1121
3 1315 1316 1120
3 1316 1123 1120
3 1316 1318 1123
3 1312 1320 1317
3 1312 1321 1320
3 1321 1322 1320
3 1321 1323 1322
3 1317 1324 1319
3 1317 1320 1324
3 1320 1325 1324
3 1320 1322 1325
3 1312 1326 1321
3 1312 1314 1326
3 1314 1270 1326
3 1314 1265 1270
3 1321 1327 1323
3 1321 1326 1327
3 1326 1271 1327
3 1326 1270 1271
3 1328 1329 1330
3 1328 1331 1329
3 1331 1143 1329
3 1331 1139 1143
3 1330 1318 1319
3 1330 1329 1318
3 1329 1123 1318
3 1329 1143 1123
3 1328 1332 1331
3 1328 1333 1332
3 1333 1240 1332
3 1333 1241 1240
3 1331 1138 1139
3 1331 1332 1138
3 1332 1141 1138
3 1332 1240 1141
3 1328 1334 1333
3 1328 1335 1334
3 1335 1336 1334
3 1335 1337 1336
3 1333 1253 1241
3 1333 1334 1253
3 1334 1255 1253
3 1334 1336 1255
3 1328 1338 1335
3 1328 1330 1338
3 1330 1324 1338
3 1330 1319 1324
3 1335 1339 1337
3 1335 1338 1339
3 1338 1325 1339
3 1338 1324 1325
3 1340 1341 1342
3 1340 1343 1341
3 1343 1162 1341
3 1343 1157 1162
3 1342 1284 1285
3 1342 1341 1284
3 1341 1163 1284
3 1341 1162 1163
3 1340 1344 1343
3 1340 1345 1344
3 1345 1260 1344
3 1345 1261 1260
3 1343 1156 1157
3 1343 1344 1156
3 1344 1159 1156
3 1344 1260 1159
3 1340 1346 1345
3 1340 1347 1346
3 1347 1348 1346
3 1347 1349 1348
3 1345 1273 1261
3 1345 1346 1273
3 1346 1275 1273
3 1346 1348 1275
3 1340 1350 1347
3 1340 1342 1350
3 1342 1290 1350
3 1342 1285 1290
3 1347 1351 1349
3 1347 1350 1351
3 1350 1291 1351
3 1350 1290 1291
3 1352 1353 1354
3 1352 1355 1353
3 1355 1182 1353
3 1355 1177 1182
3 1354 1302 1303
3 1354 1353 1302
3 1353 1183 1302
3 1353 1182 1183
3 1352 1356 1355
3 1352 1357 1356
3 1357 1280 1356
3 1357 1281 1280
3 1355 1176 1177
3 1355 1356 1176
3 1356 1179 1176
3 1356 1280 1179
3 1352 1358 1357
3 1352 1359 1358
3 1359 1360 1358
3 1359 1361 1360
3 1357 1293 1281
3 1357 1358 1293
3 1358 1295 1293
3 1358 1360 1295
3 1352 1362 1359
3 1352 1354 1362
3 1354 1308 1362
3 1354 1303 1308
3 1359 1363 1361
3 1359 1362 1363
3 1362 1309 1363
3 1362 1308 1309
3 1364 1365 1366
3 1364 1367 1365
3 1367 1351 1365
3 1367 1349 1351
3 1366 1368 1369
3 1366 1365 1368
3 1365 1291 1368
3 1365 1351 1291
3 1364 1370 1367
3 1364 1371 1370
3 1371 1372 1370
3 1371 1373 1372
3 1367 1348 1349
3 1367 1370 1348
3 1370 1275 1348
3 1370 1372 1275
3 1364 1374 1371
3 1364 1375 1374
3 1375 1376 1374
3 1375 1377 1376
3 1371 1378 1373
3 1371 1374 1378
3 1374 1379 1378
3 1374 1376 1379
3 1364 1380 1375
3 1364 1366 1380
3 1366 1381 1380
3 1366 1369 1381
3 1375 1382 1377
3 1375 1380 1382
3 1380 1383 1382
3 1380 1381 1383
3 1384 1385 1386
3 1384 1387 1385
3 1387 1363 1385
3 1387 1361 1363
3 1386 1388 1389
3 1386 1385 1388
3 1385 1309 1388
3 1385 1363 1309
3 1384 1390 1387
3 1384 1391 1390
3 1391 1392 1390
3 1391 1393 1392
3 1387 1360 1361
3 1387 1390 1360
3 1390 1295 1360
3 1390 1392 1295
3 1384 1394 1391
3 1384 1395 1394
3 1395 1396 1394
3 1395 1397 1396
3 1391 1398 1393
3 1391 1394 1398
3 1394 1399 1398
3 1394 1396 1399
3 1384 1400 1395
3 1384 1386 1400
3 1386 1401 1400
3 1386 1389 1401
3 1395 1402 1397
3 1395 1400 1402
3 1400 1403 1402
3 1400 1401 1403
3 1404 1405 1406
3 1404 1407 1405
3 1407 1254 1405
3 1407 1249 1254
3 1406 1408 1409
3 1406 1405 1408
3 1405 1255 1408
3 1405 1254 1255
3 1404 1410 1407
3 1404 1411 1410
3 1411 1412 1410
3 1411 1413 1412
3 1407 1248 1249
3 1407 1410 1248
3 1410 1251 1248
3 1410 1412 1251
3 1404 1414 1411
3 1404 1415 1414
3 1415 1416 1414
3 1415 1417 1416
3 1411 1418 1413
3 1411 1414 1418
3 1414 1419 1418
3 1414 1416 1419
3 1404 1420 1415
3 1404 1406 1420
3 1406 1421 1420
3 1406 1409 1421
3 1415 1422 1417
3 1415 1420 1422
3 1420 1423 1422
3 1420 1421 1423
3 1424 1425 1426
3 1424 1427 1425
3 1427 1274 1425
3 1427 1269 1274
3 1426 1372 1373
3 1426 1425 1372
3 1425 1275 1372
3 1425 1274 1275
3 1424 1428 1427
3 1424 1429 1428
3 1429 1430 1428
3 1429 1431 1430
3 1427 1268 1269
3 1427 1428 1268
3 1428 1271 1268
3 1428 1430 1271
3 1424 1432 1429
3 1424 1433 1432
3 1433 1434 1432
3 1433 1435 1434
3 1429 1436 1431
3 1429 1432 1436
3 1432 1437 1436
3 1432 1434 1437
3 1424 1438 1433
3 1424 1426 1438
3 1426 1378 1438
3 1426 1373 1378
3 1433 1439 1435
3 1433 1438 1439
3 1438 1379 1439
3 1438 1378 1379
3 1440 1441 1442
3 1440 1443 1441
3 1443 1294 1441
3 1443 1289 1294
3 1442 1392 1393
3 1442 1441 1392
3 1441 1295 1392
3 1441 1294 1295
3 1440 1444 1443
3 1440 1445 1444
3 1445 1368 1444
3 1445 1369 1368
3 1443 1288 1289
3 1443 1444 1288
3 1444 1291 1288
3 1444 1368 1291
3 1440 1446 1445
3 1440 1447 1446
3 1447 1448 1446
3 1447 1449 1448
3 1445 1381 1369
3 1445 1446 1381
3 1446 1383 1381
3 1446 1448 1383
3 1440 1450 1447
3 1440 1442 1450
3 1442 1398 1450
3 1442 1393 1398
3 1447 1451 1449
3 1447 1450 1451
3 1450 1399 1451
3 1450 1398 1399
3 1452 1453 1454
3 1452 1455 1453
3 1455 1311 1453
3 1455 1307 1311
3 1454 1412 1413
3 1454 1453 1412
3 1453 1251 1412
3 1453 1311 1251
3 1452 1456 1455
3 1452 1457 1456
3 1457 1388 1456
3 1457 1389 1388
3 1455 1306 1307
3 1455 1456 1306
3 1456 1309 1306
3 1456 1388 1309
3 1452 1458 1457
3 1452 1459 1458
3 1459 1460 1458
3 1459 1461 1460
3 1457 1401 1389
3 1457 1458 1401
3 1458 1403 1401
3 1458 1460 1403
3 1452 1462 1459
3 1452 1454 1462
3 1454 1418 1462
3 1454 1413 1418
3 1459 1463 1461
3 1459 1462 1463
3 1462 1419 1463
3 1462 1418 1419
3 1464 1465 1466
3 1464 1467 1465
3 1467 1327 1465
3 1467 1323 1327
3 1466 1430 1431
3 1466 1465 1430
3 1465 1271 1430
3 1465 1327 1271
3 1464 1468 1467
3 1464 1469 1468
3 1469 1470 1468
3 1469 1471 1470
3 1467 1322 1323
3 1467 1468 1322
3 1468 1325 1322
3 1468 1470 1325
3 1464 1472 1469
3 1464 1473 1472
3 1473 1474 1472
3 1473 1475 1474
3 1469 1476 1471
3 1469 1472 1476
3 1472 1477 1476
3 1472 1474 1477
3 1464 1478 1473
3 1464 1466 1478
3 1466 1436 1478
3 1466 1431 1436
3 1473 1479 1475
3 1473 1478 1479
3 1478 1437 1479
3 1478 1436 1437
3 1480 1481 1482
3 1480 1483 1481
3 1483 1339 1481
3 1483 1337 1339
3 1482 1470 1471
3 1482 1481 1470
3 1481 1325 1470
3 1481 1339 1325
3 1480 1484 1483
3 1480 1485 1484
3 1485 1408 1484
3 1485 1409 1408
3 1483 1336 1337
3 1483 1484 1336
3 1484 1255 1336
3 1484 1408 1255
3 1480 1486 1485
3 1480 1487 1486
3 1487 1488 1486
3 1487 1489 1488
3 1485 1421 1409
3 1485 1486 1421
3 1486 1423 1421
3 1486 1488 1423
3 1480 1490 1487
3 1480 1482 1490
3 1482 1476 1490
3 1482 1471 1476
3 1487 1491 1489
3 1487 1490 1491
3 1490 1477 1491
3 1490 1476 1477
3 1492 1493 1494
3 1492 1495 1493
3 1495 1451 1493
3 1495 1449 1451
3 1494 1496 1497
3 1494 1493 1496
3 1493 1399 1496
3 1493 1451 1399
3 1492 1498 1495
3 1492 1499 1498
3 1499 1500 1498
3 1499 1501 1500
3 1495 1448 1449
3 1495 1498 1448
3 1498 1383 1448
3 1498 1500 1383
3 1492 1502 1499
3 1492 1503 1502
3 1503 1504 1502
3 1503 1505 1504
3 1499 1506 1501
3 1499 1502 1506
3 1502 1507 1506
3 1502 1504 1507
3 1492 1508 1503
3 1492 1494 1508
3 1494 1509 1508
3 1494 1497 1509
3 1503 1510 1505
3 1503 1508 1510
3 1508 1511 1510
3 1508 1509 1511
3 1512 1513 1514
3 1512 1515 1513
3 1515 1463 1513
3 1515 1461 1463
3 1514 1516 1517
3 1514 1513 1516
3 1513 1419 1516
3 1513 1463 1419
3 1512 1518 1515
3 1512 1519 1518
3 1519 1520 1518
3 1519 1521 1520
3 1515 1460 1461
3 1515 1518 1460
3 1518 1403 1460
3 1518 1520 1403
3 1512 1522 1519
3 1512 1523 1522
3 1523 1524 1522
3 1523 1525 1524
3 1519 1526 1521
3 1519 1522 1526
3 1522 1527 1526
3 1522 1524 1527
3 1512 1528 1523
3 1512 1514 1528
3 1514 1529 1528
3 1514 1517 1529
3 1523 1530 1525
3 1523 1528 1530
3 1528 1531 1530
3 1528 1529 1531
3 1532 1533 1534
3 1532 1535 1533
3 1535 1479 1533
3 1535 1475 1479
3 1534 1536 1537
3 1534 1533 1536
3 1533 1437 1536
3 1533 1479 1437
3 1532 1538 1535
3 1532 1539 1538
3 1539 1540 1538
3 1539 1541 1540
3 1535 1474 1475
3 1535 1538 1474
3 1538 1477 1474
3 1538 1540 1477
3 1532 1542 1539
3 1532 1543 1542
3 1543 1544 1542
3 1543 1545 1544
3 1539 1546 1541
3 1539 1542 1546
3 1542 1547 1546
3 1542 1544 1547
3 1532 1548 1543
3 1532 1534 1548
3 1534 1549 1548
3 1534 1537 1549
3 1543 1550 1545
3 1543 1548 1550
3 1548 1551 1550
3 1548 1549 1551
3 1552 1553 1554
3 1552 1555 1553
3 1555 1491 1553
3 1555 1489 1491
3 1554 1540 1541
3 1554 1553 1540
3 1553 1477 1540
3 1553 1491 1477
3 1552 1556 1555
3 1552 1557 1556
3 1557 1558 1556
3 1557 1559 1558
3 1555 1488 1489
3 1555 1556 1488
3 1556 1423 1488
3 1556 1558 1423
3 1552 1560 1557
3 1552 1561 1560
3 1561 1562 1560
3 1561 1563 1562
3 1557 1564 1559
3 1557 1560 1564
3 1560 1565 1564
3 1560 1562 1565
3 1552 1566 1561
3 1552 1554 1566
3 1554 1546 1566
3 1554 1541 1546
3 1561 1567 1563
3 1561 1566 1567
3 1566 1547 1567
3 1566 1546 1547
3 1568 1569 1570
3 1568 1571 1569
3 1571 1382 1569
3 1571 1377 1382
3 1570 1500 1501
3 1570 1569 1500
3 1569 1383 1500
3 1569 1382 1383
3 1568 1572 1571
3 1568 1573 1572
3 1573 1574 1572
3 1573 1575 1574
3 1571 1376 1377
3 1571 1572 1376
3 1572 1379 1376
3 1572 1574 1379
3 1568 1576 1573
3 1568 1577 1576
3 1577 1578 1576
3 1577 1579 1578
3 1573 1580 1575
3 1573 1576 1580
3 1576 1581 1580
3 1576 1578 1581
3 1568 1582 1577
3 1568 1570 1582
3 1570 1506 1582
3 1570 1501 1506
3 1577 1583 1579
3 1577 1582 1583
3 1582 1507 1583
3 1582 1506 1507
3 1584 1585 1586
3 1584 1587 1585
3 1587 1402 1585
3 1587 1397 1402
3 1586 1520 1521
3 1586 1585 1520
3 1585 1403 1520
3 1585 1402 1403
3 1584 1588 1587
3 1584 1589 1588
3 1589 1496 1588
3 1589 1497 1496
3 1587 1396 1397
3 1587 1588 1396
3 1588 1399 1396
3 1588 1496 1399
3 1584 1590 1589
3 1584 1591 1590
3 1591 1592 1590
3 1591 1593 1592
3 1589 1509 1497
3 1589 1590 1509
3 1590 1511 1509
3 1590 1592 1511
3 1584 1594 1591
3 1584 1586 1594
3 1586 1526 1594
3 1586 1521 1526
3 1591 1595 1593
3 1591 1594 1595
3 1594 1527 1595
3 1594 1526 1527
3 1596 1597 1598
3 1596 1599 1597
3 1599 1422 1597
3 1599 1417 1422
3 1598 1558 1559
3 1598 1597 1558
3 1597 1423 1558
3 1597 1422 1423
3 1596 1600 1599
3 1596 1601 1600
3 1601 1516 1600
3 1601 1517 1516
3 1599 1416 1417
3 1599 1600 1416
3 1600 1419 1416
3 1600 1516 1419
3 1596 1602 1601
3 1596 1603 1602
3 1603 1604 1602
3 1603 1605 1604
3 1601 1529 1517
3 1601 1602 1529
3 1602 1531 1529
3 1602 1604 1531
3 1596 1606 1603
3 1596 1598 1606
3 1598 1564 1606
3 1598 1559 1564
3 1603 1607 1605
3 1603 1606 1607
3 1606 1565 1607
3 1606 1564 1565
3 1608 1609 1610
3 1608 1611 1609
3 1611 1439 1609
3 1611 1435 1439
3 1610 1574 1575
3 1610 1609 1574
3 1609 1379 1574
3 1609 1439 1379
3 1608 1612 1611
3 1608 1613 1612
3 1613 1536 1612
3 1613 1537 1536
3 1611 1434 1435
3 1611 1612 1434
3 1612 1437 1434
3 1612 1536 1437
3 1608 1614 1613
3 1608 1615 1614
3 1615 1616 1614
3 1615 1617 1616
3 1613 1549 1537
3 1613 1614 1549
3 1614 1551 1549
3 1614 1616 1551
3 1608 1618 1615
3 1608 1610 1618
3 1610 1580 1618
3 1610 1575 1580
3 1615 1619 1617
3 1615 1618 1619
3 1618 1581 1619
3 1618 1580 1581
3 1620 1621 1622
3 1620 1623 1621
3 1623 1595 1621
3 1623 1593 1595
3 1622 1624 1625
3 1622 1621 1624
3 1621 1527 1624
3 1621 1595 1527
3 1620 1626 1623
3 1620 1627 1626
3 1627 1628 1626
3 1627 1629 1628
3 1623 1592 1593
3 1623 1626 1592
3 1626 1511 1592
3 1626 1628 1511
3 1620 1630 1627
3 1620 1631 1630
3 1631 1632 1630
3 1631 1633 1632
3 1627 1634 1629
3 1627 1630 1634
3 1630 1635 1634
3 1630 1632 1635
3 1620 1636 1631
3 1620 1622 1636
3 1622 1637 1636
3 1622 1625 1637
3 1631 1638 1633
3 1631 1636 1638
3 1636 1639 1638
3 1636 1637 1639
3 1640 1641 1642
3 1640 1643 1641
3 1643 1607 1641
3 1643 1605 1607
3 1642 1644 1645
3 1642 1641 1644
3 1641 1565 1644
3 1641 1607 1565
3 1640 1646 1643
3 1640 1647 1646
3 1647 1648 1646
3 1647 1649 1648
3 1643 1604 1605
3 1643 1646 1604
3 1646 1531 1604
3 1646 1648 1531
3 1640 1650 1647
3 1640 1651 1650
3 1651 1652 1650
3 1651 1653 1652
3 1647 1654 1649
3 1647 1650 1654
3 1650 1655 1654
3 1650 1652 1655
3 1640 1656 1651
3 1640 1642 1656
3 1642 1657 1656
3 1642 1645 1657
3 1651 1658 1653
3 1651 1656 1658
3 1656 1659 1658
3 1656 1657 1659
3 1660 1661 1662
3 1660 1663 1661
3 1663 1619 1661
3 1663 1617 1619
3 1662 1664 1665
3 1662 1661 1664
3 1661 1581 1664
3 1661 1619 1581
3 1660 1666 1663
3 1660 1667 1666
3 1667 1668 1666
3 1667 1669 1668
3 1663 1616 1617
3 1663 1666 1616
3 1666 1551 1616
3 1666 1668 1551
3 1660 1670 1667
3 1660 1671 1670
3 1671 1672 1670
3 1671 1673 1672
3 1667 1674 1669
3 1667 1670 1674
3 1670 1675 1674
3 1670 1672 1675
3 1660 1676 1671
3 1660 1662 1676
3 1662 1677 1676
3 1662 1665 1677
3 1671 1678 1673
3 1671 1676 1678
3 1676 1679 1678
3 1676 1677 1679
3 1680 1681 1682
3 1680 1683 1681
3 1683 1510 1681
3 1683 1505 1510
3 1682 1628 1629
3 1682 1681 1628
3 1681 1511 1628
3 1681 1510 1511
3 1680 1684 1683
3 1680 1685 1684
3 1685 1686 1684
3 1685 1687 1686
3 1683 1504 1505
3 1683 1684 1504
3 1684 1507 1504
3 1684 1686 1507
3 1680 1688 1685
3 1680 1689 1688
3 1689 1690 1688
3 1689 1691 1690
3 1685 1692 1687
3 1685 1688 1692
3 1688 1693 1692
3 1688 1690 1693
3 1680 1694 1689
3 1680 1682 1694
3 1682 1634 1694
3 1682 1629 1634
3 1689 1695 1691
3 1689 1694 1695
3 1694 1635 1695
3 1694 1634 1635
3 1696 1697 1698
3 1696 1699 1697
3 1699 1530 1697
3 1699 1525 1530
3 1698 1648 1649
3 1698 1697 1648
3 1697 1531 1648
3 1697 1530 1531
3 1696 1700 1699
3 1696 1701 1700
3 1701 1624 1700
3 1701 1625 1624
3 1699 1524 1525
3 1699 1700 1524
3 1700 1527 1524
3 1700 1624 1527
3 1696 1702 1701
3 1696 1703 1702
3 1703 1704 1702
3 1703 1705 1704
3 1701 1637 1625
3 1701 1702 1637
3 1702 1639 1637
3 1702 1704 1639
3 1696 1706 1703
3 1696 1698 1706
3 1698 1654 1706
3 1698 1649 1654
3 1703 1707 1705
3 1703 1706 1707
3 1706 1655 1707
3 1706 1654 1655
3 1708 1709 1710
3 1708 1711 1709
3 1711 1550 1709
3 1711 1545 1550
3 1710 1668 1669
3 1710 1709 1668
3 1709 1551 1668
3 1709 1550 1551
3 1708 1712 1711
3 1708 1713 1712
3 1713 1714 1712
3 1713 1715 1714
3 1711 1544 1545
3 1711 1712 1544
3 1712 1547 1544
3 1712 1714 1547
3 1708 1716 1713
3 1708 1717 1716
3 1717 1718 1716
3 1717 1719 1718
3 1713 1720 1715
3 1713 1716 1720
3 1716 1721 1720
3 1716 1718 1721
3 1708 1722 1717
3 1708 1710 1722
3 1710 1674 1722
3 1710 1669 1674
3 1717 1723 1719
3 1717 1722 1723
3 1722 1675 1723
3 1722 1674 1675
3 1724 1725 1726
3 1724 1727 1725
3 1727 1567 1725
3 1727 1563 1567
3 1726 1714 1715
3 1726 1725 1714
3 1725 1547 1714
3 1725 1567 1547
3 1724 1728 1727
3 1724 1729 1728
3 1729 1644 1728
3 1729 1645 1644
3 1727 1562 1563
3 1727 1728 1562
3 1728 1565 1562
3 1728 1644 1565
3 1724 1730 1729
3 1724 1731 1730
3 1731 1732 1730
3 1731 1733 1732
3 1729 1657 1645
3 1729 1730 1657
3 1730 1659 1657
3 1730 1732 1659
3 1724 1734 1731
3 1724 1726 1734
3 1726 1720 1734
3 1726 1715 1720
3 1731 1735 1733
3 1731 1734 1735
3 1734 1721 1735
3 1734 1720 1721
3 1736 1737 1738
3 1736 1739 1737
3 1739 1583 1737
3 1739 1579 1583
3 1738 1686 1687
3 1738 1737 1686
3 1737 1507 1686
3 1737 1583 1507
3 1736 1740 1739
3 1736 1741 1740
3 1741 1664 1740
3 1741 1665 1664
3 1739 1578 1579
3 1739 1740 1578
3 1740 1581 1578
3 1740 1664 1581
3 1736 1742 1741
3 1736 1743 1742
3 1743 1744 1742
3 1743 1745 1744
3 1741 1677 1665
3 1741 1742 1677
3 1742 1679 1677
3 1742 1744 1679
3 1736 1746 1743
3 1736 1738 1746
3 1738 1692 1746
3 1738 1687 1692
3 1743 1747 1745
3 1743 1746 1747
3 1746 1693 1747
3 1746 1692 1693
3 1748 1749 1750
3 1748 1751 1749
3 1751 1707 1749
3 1751 1705 1707
3 1750 1752 1753
3 1750 1749 1752
3 1749 1655 1752
3 1749 1707 1655
3 1748 1754 1751
3 1748 1755 1754
3 1755 1756 1754
3 1755 1757 1756
3 1751 1704 1705
3 1751 1754 1704
3 1754 1639 1704
3 1754 1756 1639
3 1748 1758 1755
3 1748 1759 1758
3 1759 1760 1758
3 1759 1761 1760
3 1755 1762 1757
3 1755 1758 1762
3 1758 1763 1762
3 1758 1760 1763
3 1748 1764 1759
3 1748 1750 1764
3 1750 1765 1764
3 1750 1753 1765
3 1759 1766 1761
3 1759 1764 1766
3 1764 1767 1766
3 1764 1765 1767
3 1768 1769 1770
3 1768 1771 1769
3 1771 1723 1769
3 1771 1719 1723
3 1770 1772 1773
3 1770 1769 1772
3 1769 1675 1772
3 1769 1723 1675
3 1768 1774 1771
3 1768 1775 1774
3 1775 1776 1774
3 1775 1777 1776
3 1771 1718 1719
3 1771 1774 1718
3 1774 1721 1718
3 1774 1776 1721
3 1768 1778 1775
3 1768 1779 1778
3 1779 1780 1778
3 1779 1781 1780
3 1775 1782 1777
3 1775 1778 1782
3 1778 1783 1782
3 1778 1780 1783
3 1768 1784 1779
3 1768 1770 1784
3 1770 1785 1784
3 1770 1773 1785
3 1779 1786 1781
3 1779 1784 1786
3 1784 1787 1786
3 1784 1785 1787
3 1788 1789 1790
3 1788 1791 1789
3 1791 1735 1789
3 1791 1733 1735
3 1790 1776 1777
3 1790 1789 1776
3 1789 1721 1776
3 1789 1735 1721
3 1788 1792 1791
3 1788 1793 1792
3 1793 1794 1792
3 1793 1795 1794
3 1791 1732 1733
3 1791 1792 1732
3 1792 1659 1732
3 1792 1794 1659
3 1788 1796 1793
3 1788 1797 1796
3 1797 1798 1796
3 1797 1799 1798
3 1793 1800 1795
3 1793 1796 1800
3 1796 1801 1800
3 1796 1798 1801
3 1788 1802 1797
3 1788 1790 1802
3 1790 1782 1802
3 1790 1777 1782
3 1797 1803 1799
3 1797 1802 1803
3 1802 1783 1803
3 1802 1782 1783
3 1804 1805 1806
3 1804 1807 1805
3 1807 1747 1805
3 1807 1745 1747
3 1806 1808 1809
3 1806 1805 1808
3 1805 1693 1808
3 1805 1747 1693
3 1804 1810 1807
3 1804 1811 1810
3 1811 1812 1810
3 1811 1813 1812
3 1807 1744 1745
3 1807 1810 1744
3 1810 1679 1744
3 1810 1812 1679
3 1804 1814 1811
3 1804 1815 1814
3 1815 1816 1814
3 1815 1817 1816
3 1811 1818 1813
3 1811 1814 1818
3 1814 1819 1818
3 1814 1816 1819
3 1804 1820 1815
3 1804 1806 1820
3 1806 1821 1820
3 1806 1809 1821
3 1815 1822 1817
3 1815 1820 1822
3 1820 1823 1822
3 1820 1821 1823
3 1824 1825 1826
3 1824 1827 1825
3 1827 1638 1825
3 1827 1633 1638
3 1826 1756 1757
3 1826 1825 1756
3 1825 1639 1756
3 1825 1638 1639
3 1824 1828 1827
3 1824 1829 1828
3 1829 1830 1828
3 1829 1831 1830
3 1827 1632 1633
3 1827 1828 1632
3 1828 1635 1632
3 1828 1830 1635
3 1824 1832 1829
3 1824 1833 1832
3 1833 1834 1832
3 1833 1835 1834
3 1829 1836 1831
3 1829 1832 1836
3 1832 1837 1836
3 1832 1834 1837
3 1824 1838 1833
3 1824 1826 1838
3 1826 1762 1838
3 1826 1757 1762
3 1833 1839 1835
3 1833 1838 1839
3 1838 1763 1839
3 1838 1762 1763
3 1840 1841 1842
3 1840 1843 1841
3 1843 1658 1841
3 1843 1653 1658
3 1842 1794 1795
3 1842 1841 1794
3 1841 1659 1794
3 1841 1658 1659
3 1840 1844 1843
3 1840 1845 1844
3 1845 1752 1844
3 1845 1753 1752
3 1843 1652 1653
3 1843 1844 1652
3 1844 1655 1652
3 1844 1752 1655
3 1840 1846 1845
3 1840 1847 1846
3 1847 1848 1846
3 1847 1849 1848
3 1845 1765 1753
3 1845 1846 1765
3 1846 1767 1765
3 1846 1848 1767
3 1840 1850 1847
3 1840 1842 1850
3 1842 1800 1850
3 1842 1795 1800
3 1847 1851 1849
3 1847 1850 1851
3 1850 1801 1851
3 1850 1800 1801
3 1852 1853 1854
3 1852 1855 1853
3 1855 1678 1853
3 1855 1673 1678
3 1854 1812 1813
3 1854 1853 1812
3 1853 1679 1812
3 1853 1678 1679
3 1852 1856 1855
3 1852 1857 1856
3 1857 1772 1856
3 1857 1773 1772
3 1855 1672 1673
3 1855 1856 1672
3 1856 1675 1672
3 1856 1772 1675
3 1852 1858 1857
3 1852 1859 1858
3 1859 1860 1858
3 1859 1861 1860
3 1857 1785 1773
3 1857 1858 1785
3 1858 1787 1785
3 1858 1860 1787
3 1852 1862 1859
3 1852 1854 1862
3 1854 1818 1862
3 1854 1813 1818
3 1859 1863 1861
3 1859 1862 1863
3 1862 1819 1863
3 1862 1818 1819
3 1864 1865 1866
3 1864 1867 1865
3 1867 1695 1865
3 1867 1691 1695
3 1866 1830 1831
3 1866 1865 1830
3 1865 1635 1830
3 1865 1695 1635
3 1864 1868 1867
3 1864 1869 1868
3 1869 1808 1868
3 1869 1809 1808
3 1867 1690 1691
3 1867 1868 1690
3 1868 1693 1690
3 1868 1808 1693
3 1864 1870 1869
3 1864 1871 1870
3 1871 1872 1870
3 1871 1873 1872
3 1869 1821 1809
3 1869 1870 1821
3 1870 1823 1821
3 1870 1872 1823
3 1864 1874 1871
3 1864 1866 1874
3 1866 1836 1874
3 1866 1831 1836
3 1871 1875 1873
3 1871 1874 1875
3 1874 1837 1875
3 1874 1836 1837
3 1876 1877 1878
3 1876 1879 1877
3 1879 1863 1877
3 1879 1861 1863
3 1878 1816 1817
3 1878 1877 1816
3 1877 1819 1816
3 1877 1863 1819
3 1876 1880 1879
3 1876 1881 1880
3 1881 1786 1880
3 1881 1781 1786
3 1879 1860 1861
3 1879 1880 1860
3 1880 1787 1860
3 1880 1786 1787
3 1876 1882 1881
3 1876 1883 1882
3 1883 1803 1882
3 1883 1799 1803
3 1881 1780 1781
3 1881 1882 1780
3 1882 1783 1780
3 1882 1803 1783
3 1876 1884 1883
3 1876 1885 1884
3 1885 1851 1884
3 1885 1849 1851
3 1883 1798 1799
3 1883 1884 1798
3 1884 1801 1798
3 1884 1851 1801
3 1876 1886 1885
3 1876 1887 1886
3 1887 1766 1886
3 1887 1761 1766
3 1885 1848 1849
3 1885 1886 1848
3 1886 1767 1848
3 1886 1766 1767
3 1876 1888 1887
3 1876 1889 1888
3 1889 1839 1888
3 1889 1835 1839
3 1887 1760 1761
3 1887 1888 1760
3 1888 1763 1760
3 1888 1839 1763
3 1876 1890 1889
3 1876 1891 1890
3 1891 1875 1890
3 1891 1873 1875
3 1889 1834 1835
3 1889 1890 1834
3 1890 1837 1834
3 1890 1875 1837
3 1876 1892 1891
3 1876 1878 1892
3 1878 1822 1892
3 1878 1817 1822
3 1891 1872 1873
3 1891 1892 1872
3 1892 1823 1872
3 1892 1822 1823
3 1893 1894 1895
3 1893 1896 1894
3 1896 403 1894
3 1896 395 403
3 1895 1897 1898
3 1895 1894 1897
3 1894 404 1897
3 1894 403 404
3 1893 1899 1896
3 1893 1900 1899
3 1900 1901 1899
3 1900 1902 1901
3 1896 394 395
3 1896 1899 394
3 1899 398 394
3 1899 1901 398
3 1893 1903 1900
3 1893 1904 1903
3 1904 358 1903
3 1904 355 358
3 1900 1905 1902
3 1900 1903 1905
3 1903 267 1905
3 1903 358 267
3 1893 1906 1904
3 1893 1895 1906
3 1895 1907 1906
3 1895 1898 1907
3 1904 354 355
3 1904 1906 354
3 1906 311 354
3 1906 1907 311
3 1908 1909 1910
3 1908 1911 1909
3 1911 427 1909
3 1911 419 427
3 1910 1912 1913
3 1910 1909 1912
3 1909 428 1912
3 1909 427 428
3 1908 1914 1911
3 1908 1915 1914
3 1915 1916 1914
3 1915 1917 1916
3 1911 418 419
3 1911 1914 418
3 1914 422 418
3 1914 1916 422
3 1908 1918 1915
3 1908 1919 1918
3 1919 343 1918
3 1919 340 343
3 1915 1920 1917
3 1915 1918 1920
3 1918 242 1920
3 1918 343 242
3 1908 1921 1919
3 1908 1910 1921
3 1910 1922 1921
3 1910 1913 1922
3 1919 339 340
3 1919 1921 339
3 1921 273 339
3 1921 1922 273
3 1923 1924 1925
3 1923 1926 1924
3 1926 449 1924
3 1926 444 449
3 1925 1927 1928
3 1925 1924 1927
3 1924 450 1927
3 1924 449 450
3 1923 1929 1926
3 1923 1930 1929
3 1930 1931 1929
3 1930 1932 1931
3 1926 443 444
3 1926 1929 443
3 1929 223 443
3 1929 1931 223
3 1923 1933 1930
3 1923 1934 1933
3 1934 328 1933
3 1934 325 328
3 1930 1935 1932
3 1930 1933 1935
3 1933 193 1935
3 1933 328 193
3 1923 1936 1934
3 1923 1925 1936
3 1925 1937 1936
3 1925 1928 1937
3 1934 324 325
3 1934 1936 324
3 1936 248 324
3 1936 1937 248
3 1938 1939 1940
3 1938 1941 1939
3 1941 469 1939
3 1941 464 469
3 1940 1942 1943
3 1940 1939 1942
3 1939 470 1942
3 1939 469 470
3 1938 1944 1941
3 1938 1945 1944
3 1945 1897 1944
3 1945 1898 1897
3 1941 463 464
3 1941 1944 463
3 1944 404 463
3 1944 1897 404
3 1938 1946 1945
3 1938 1947 1946
3 1947 310 1946
3 1947 305 310
3 1945 1907 1898
3 1945 1946 1907
3 1946 311 1907
3 1946 310 311
3 1938 1948 1947
3 1938 1940 1948
3 1940 1949 1948
3 1940 1943 1949
3 1947 304 305
3 1947 1948 304
3 1948 295 304
3 1948 1949 295
3 1950 1951 1952
3 1950 1953 1951
3 1953 483 1951
3 1953 480 483
3 1952 1954 1955
3 1952 1951 1954
3 1951 217 1954
3 1951 483 217
3 1950 1956 1953
3 1950 1957 1956
3 1957 1942 1956
3 1957 1943 1942
3 1953 479 480
3 1953 1956 479
3 1956 470 479
3 1956 1942 470
3 1950 1958 1957
3 1950 1959 1958
3 1959 294 1958
3 1959 289 294
3 1957 1949 1943
3 1957 1958 1949
3 1958 295 1949
3 1958 294 295
3 1950 1960 1959
3 1950 1952 1960
3 1952 1961 1960
3 1952 1955 1961
3 1959 288 289
3 1959 1960 288
3 1960 199 288
3 1960 1961 199
3 1962 1963 1964
3 1962 1965 1963
3 1965 498 1963
3 1965 495 498
3 1964 1901 1902
3 1964 1963 1901
3 1963 398 1901
3 1963 498 398
3 1962 1966 1965
3 1962 1967 1966
3 1967 1912 1966
3 1967 1913 1912
3 1965 494 495
3 1965 1966 494
3 1966 428 494
3 1966 1912 428
3 1962 1968 1967
3 1962 1969 1968
3 1969 272 1968
3 1969 264 272
3 1967 1922 1913
3 1967 1968 1922
3 1968 273 1922
3 1968 272 273
3 1962 1970 1969
3 1962 1964 1970
3 1964 1905 1970
3 1964 1902 1905
3 1969 263 264
3 1969 1970 263
3 1970 267 263
3 1970 1905 267
3 1971 1972 1973
3 1971 1974 1972
3 1974 513 1972
3 1974 510 513
3 1973 1916 1917
3 1973 1972 1916
3 1972 422 1916
3 1972 513 422
3 1971 1975 1974
3 1971 1976 1975
3 1976 1927 1975
3 1976 1928 1927
3 1974 509 510
3 1974 1975 509
3 1975 450 509
3 1975 1927 450
3 1971 1977 1976
3 1971 1978 1977
3 1978 247 1977
3 1978 239 247
3 1976 1937 1928
3 1976 1977 1937
3 1977 248 1937
3 1977 247 248
3 1971 1979 1978
3 1971 1973 1979
3 1973 1920 1979
3 1973 1917 1920
3 1978 238 239
3 1978 1979 238
3 1979 242 238
3 1979 1920 242
3 1980 1981 1982
3 1980 1983 1981
3 1983 222 1981
3 1983 214 222
3 1982 1931 1932
3 1982 1981 1931
3 1981 223 1931
3 1981 222 223
3 1980 1984 1983
3 1980 1985 1984
3 1985 1954 1984
3 1985 1955 1954
3 1983 213 214
3 1983 1984 213
3 1984 217 213
3 1984 1954 217
3 1980 1986 1985
3 1980 1987 1986
3 1987 198 1986
3 1987 190 198
3 1985 1961 1955
3 1985 1986 1961
3 1986 199 1961
3 1986 198 199
3 1980 1988 1987
3 1980 1982 1988
3 1982 1935 1988
3 1982 1932 1935
3 1987 189 190
3 1987 1988 189
3 1988 193 189
3 1988 1935 193
3 1989 1990 1991
3 1989 1992 1990
3 1992 1993 1990
3 1992 1994 1993
3 1991 1995 1996
3 1991 1990 1995
3 1990 1997 1995
3 1990 1993 1997
3 1989 1998 1992
3 1989 1999 1998
3 1999 183 1998
3 1999 178 183
3 1992 2000 1994
3 1992 1998 2000
3 1998 184 2000
3 1998 183 184
3 1989 2001 1999
3 1989 2002 2001
3 2002 2003 2001
3 2002 2004 2003
3 1999 177 178
3 1999 2001 177
3 2001 180 177
3 2001 2003 180
3 1989 2005 2002
3 1989 2006 2005
3 2006 2007 2005
3 2006 2008 2007
3 2002 2009 2004
3 2002 2005 2009
3 2005 2010 2009
3 2005 2007 2010
3 1989 2011 2006
3 1989 2012 2011
3 2012 2013 2011
3 2012 2014 2013
3 2006 2015 2008
3 2006 2011 2015
3 2011 2016 2015
3 2011 2013 2016
3 1989 2017 2012
3 1989 2018 2017
3 2018 2019 2017
3 2018 2020 2019
3 2012 2021 2014
3 2012 2017 2021
3 2017 2022 2021
3 2017 2019 2022
3 1989 2023 2018
3 1989 2024 2023
3 2024 2025 2023
3 2024 2026 2025
3 2018 2027 2020
3 2018 2023 2027
3 2023 2028 2027
3 2023 2025 2028
3 1989 2029 2024
3 1989 1991 2029
3 1991 2030 2029
3 1991 1996 2030
3 2024 2031 2026
3 2024 2029 2031
3 2029 2032 2031
3 2029 2030 2032
3 2033 2034 2035
3 2033 2036 2034
3 2036 47 2034
3 2036 42 47
3 2035 2037 2038
3 2035 2034 2037
3 2034 48 2037
3 2034 47 48
3 2033 2039 2036
3 2033 2040 2039
3 2040 2041 2039
3 2040 2042 2041
3 2036 41 42
3 2036 2039 41
3 2039 44 41
3 2039 2041 44
3 2033 2043 2040
3 2033 2044 2043
3 2044 2031 2043
3 2044 2026 2031
3 2040 2045 2042
3 2040 2043 2045
3 2043 2032 2045
3 2043 2031 2032
3 2033 2046 2044
3 2033 2035 2046
3 2035 2047 2046
3 2035 2038 2047
3 2044 2025 2026
3 2044 2046 2025
3 2046 2028 2025
3 2046 2047 2028
3 2048 2049 2050
3 2048 2051 2049
3 2051 72 2049
3 2051 67 72
3 2050 2052 2053
3 2050 2049 2052
3 2049 73 2052
3 2049 72 73
3 2048 2054 2051
3 2048 2055 2054
3 2055 2056 2054
3 2055 2057 2056
3 2051 66 67
3 2051 2054 66
3 2054 69 66
3 2054 2056 69
3 2048 2058 2055
3 2048 2059 2058
3 2059 2021 2058
3 2059 2014 2021
3 2055 2060 2057
3 2055 2058 2060
3 2058 2022 2060
3 2058 2021 2022
3 2048 2061 2059
3 2048 2050 2061
3 2050 2062 2061
3 2050 2053 2062
3 2059 2013 2014
3 2059 2061 2013
3 2061 2016 2013
3 2061 2062 2016
3 2063 2064 2065
3 2063 2066 2064
3 2066 97 2064
3 2066 92 97
3 2065 173 174
3 2065 2064 173
3 2064 98 173
3 2064 97 98
3 2063 2067 2066
3 2063 2068 2067
3 2068 2069 2067
3 2068 2070 2069
3 2066 91 92
3 2066 2067 91
3 2067 94 91
3 2067 2069 94
3 2063 2071 2068
3 2063 2072 2071
3 2072 2009 2071
3 2072 2004 2009
3 2068 2073 2070
3 2068 2071 2073
3 2071 2010 2073
3 2071 2009 2010
3 2063 2074 2072
3 2063 2065 2074
3 2065 179 2074
3 2065 174 179
3 2072 2003 2004
3 2072 2074 2003
3 2074 180 2003
3 2074 179 180
3 2075 2076 2077
3 2075 2078 2076
3 2078 134 2076
3 2078 130 134
3 2077 2041 2042
3 2077 2076 2041
3 2076 44 2041
3 2076 134 44
3 2075 2079 2078
3 2075 2080 2079
3 2080 2081 2079
3 2080 2082 2081
3 2078 129 130
3 2078 2079 129
3 2079 132 129
3 2079 2081 132
3 2075 2083 2080
3 2075 2084 2083
3 2084 1995 2083
3 2084 1996 1995
3 2080 2085 2082
3 2080 2083 2085
3 2083 1997 2085
3 2083 1995 1997
3 2075 2086 2084
3 2075 2077 2086
3 2077 2045 2086
3 2077 2042 2045
3 2084 2030 1996
3 2084 2086 2030
3 2086 2032 2030
3 2086 2045 2032
3 2087 2088 2089
3 2087 2090 2088
3 2090 149 2088
3 2090 147 149
3 2089 2081 2082
3 2089 2088 2081
3 2088 132 2081
3 2088 149 132
3 2087 2091 2090
3 2087 2092 2091
3 2092 169 2091
3 2092 170 169
3 2090 146 147
3 2090 2091 146
3 2091 118 146
3 2091 169 118
3 2087 2093 2092
3 2087 2094 2093
3 2094 2000 2093
3 2094 1994 2000
3 2092 182 170
3 2092 2093 182
3 2093 184 182
3 2093 2000 184
3 2087 2095 2094
3 2087 2089 2095
3 2089 2085 2095
3 2089 2082 2085
3 2094 1993 1994
3 2094 2095 1993
3 2095 1997 1993
3 2095 2085 1997
3 2096 2097 2098
3 2096 2099 2097
3 2099 164 2097
3 2099 162 164
3 2098 2056 2057
3 2098 2097 2056
3 2097 69 2056
3 2097 164 69
3 2096 2100 2099
3 2096 2101 2100
3 2101 2037 2100
3 2101 2038 2037
3 2099 161 162
3 2099 2100 161
3 2100 48 161
3 2100 2037 48
3 2096 2102 2101
3 2096 2103 2102
3 2103 2027 2102
3 2103 2020 2027
3 2101 2047 2038
3 2101 2102 2047
3 2102 2028 2047
3 2102 2027 2028
3 2096 2104 2103
3 2096 2098 2104
3 2098 2060 2104
3 2098 2057 2060
3 2103 2019 2020
3 2103 2104 2019
3 2104 2022 2019
3 2104 2060 2022
3 2105 2106 2107
3 2105 2108 2106
3 2108 842 2106
3 2108 840 842
3 2107 2069 2070
3 2107 2106 2069
3 2106 94 2069
3 2106 842 94
3 2105 2109 2108
3 2105 2110 2109
3 2110 2052 2109
3 2110 2053 2052
3 2108 839 840
3 2108 2109 839
3 2109 73 839
3 2109 2052 73
3 2105 2111 2110
3 2105 2112 2111
3 2112 2015 2111
3 2112 2008 2015
3 2110 2062 2053
3 2110 2111 2062
3 2111 2016 2062
3 2111 2015 2016
3 2105 2113 2112
3 2105 2107 2113
3 2107 2073 2113
3 2107 2070 2073
3 2112 2007 2008
3 2112 2113 2007
3 2113 2010 2007
3 2113 2073 2010
