ply
format ascii 1.0
element vertex 2178
property float x
property float y
property float z
property float nx
property float ny
property float nz
property float u
property float v
element face 4352
property list uchar int vertex_indices
end_header
-0.010244 0.068444 1.322238 0.920711463 -0.259003225 -0.291903634 0 0
-0.016806 0.061848 1.316357 0.57078742 -0.576187301 -0.584987107 0 0
-0.013672 0.068561 1.315867 0.710032705 -0.217210005 -0.669830853 0 0
-0.013672 0.06138 1.322361 0.712522594 -0.657220841 -0.245707792 0 0
-0.023008 0.058354 1.316684 0.309517689 -0.842748164 -0.440425171 0 0
-0.020511 0.057503 1.322442 0.354804762 -0.919612341 -0.168602263 0 0
-0.023008 0.062159 1.312694 0.321615185 -0.450121253 -0.833039333 0 0
-0.020511 0.068639 1.311802 0.369407357 -0.153403055 -0.916518253 0 0
-0.026382 0.059504 1.3139 0.227702011 -0.703906216 -0.672805941 0 0
-0.012627 0.061224 1.331599 0.731360113 -0.680355921 -0.0472038798 0 0
-0.009101 0.068405 1.3316 0.96073464 -0.271209779 -0.0586021129 0 0
-0.012627 0.061224 1.344524 0.728038496 -0.685536249 0 0 0
-0.009101 0.068405 1.344525 0.961787651 -0.273796484 0 0 0
-0.019678 0.057219 1.331599 0.354608954 -0.934523597 -0.0303007651 0 0
-0.019678 0.057219 1.344524 0.351408364 -0.936222282 0 0 0
-0.007926 0.080334 1.331602 0.996916883 -0.0486008231 -0.0616010432 0 0
-0.009101 0.080334 1.322198 0.951718492 -0.0460008938 -0.303505897 0 0
-0.007926 0.098585 1.331606 0.998069663 0 -0.0621043347 0 0
-0.009101 0.098585 1.322199 0.952096168 0 -0.305798769 0 0
-0.007926 0.080334 1.344531 0.998793882 -0.0490996993 0 0 0
-0.007926 0.098585 1.344541 1 0 0 0 0
-0.012627 0.080334 1.315704 0.723516012 -0.0370008188 -0.689315255 0 0
-0.019679 0.080334 1.311504 0.367999201 -0.0246999464 -0.929497983 0 0
-0.012627 0.098585 1.315704 0.721017517 0 -0.692916835 0 0
-0.019679 0.098585 1.311504 0.365503858 0 -0.930809825 0 0
-0.010244 0.068444 2.148134 0.93659166 -0.301197318 0.179098405 0 0
-0.012627 0.061224 2.132138 0.727336117 -0.685634046 0.0298014798 0 0
-0.009101 0.068405 2.133282 0.960004757 -0.277501375 0.0372001843 0 0
-0.013672 0.06138 2.14624 0.705099517 -0.693999525 0.1455999 0 0
-0.019679 0.057219 2.131261 0.351701795 -0.935904778 0.0197001006 0 0
-0.020511 0.057503 2.144794 0.342521146 -0.934257678 0.0992061247 0 0
-0.012627 0.061224 2.11396 0.728038496 -0.685536249 0 0 0
-0.009101 0.068405 2.114578 0.961787651 -0.273796484 0 0 0
-0.019679 0.057219 2.113522 0.351408364 -0.936222282 0 0 0
-0.016806 0.061848 2.15643 0.608713669 -0.707415885 0.359208066 0 0
-0.013672 0.068561 2.15931 0.816485161 -0.35709351 0.453691754 0 0
-0.023008 0.062159 2.163176 0.393614594 -0.719226666 0.572521227 0 0
-0.020511 0.068639 2.167063 0.533086494 -0.417489423 0.735881357 0 0
-0.023008 0.058354 2.154326 0.302195067 -0.920984965 0.245895986 0 0
-0.026382 0.059504 2.159699 0.239500323 -0.891601204 0.384300519 0 0
-0.012627 0.080334 2.162063 0.873436978 -0.127605402 0.469919894 0 0
-0.009101 0.080334 2.150137 0.980684844 -0.0738988579 0.181097201 0 0
-0.012627 0.098585 2.164552 0.886562687 -0.0515036417 0.459732507 0 0
-0.009101 0.098585 2.1521 0.984320961 -0.0166003535 0.17560374 0 0
-0.019679 0.080334 2.170502 0.586412027 -0.196104022 0.785916119 0 0
-0.019679 0.098585 2.17343 0.608514127 -0.0984022844 0.78741828 0 0
-0.007926 0.080334 2.134613 0.99786985 -0.0530983957 0.0378988549 0 0
-0.007926 0.080334 2.11538 0.998793882 -0.0490996993 0 0 0
-0.007926 0.098585 2.136048 0.999314735 -0.00290004276 0.0369005441 0 0
-0.007926 0.098585 2.116372 1 0 0 0 0
-0.010244 0.33059 1.32226 0.880519662 0.293506554 -0.372208312 0 0
-0.012627 0.318781 1.315704 0.713633784 0.0456021589 -0.699033093 0 0
-0.013672 0.32754 1.315867 0.65443391 0.22251153 -0.722637444 0 0
-0.009101 0.321653 1.322218 0.945167539 0.0622978604 -0.32058899 0 0
-0.012627 0.306779 1.315704 0.721409303 0 -0.69250893 0 0
-0.009101 0.309364 1.322217 0.952385824 0 -0.304895462 0 0
-0.019679 0.316127 1.311504 0.362292781 0.0299994023 -0.931581438 0 0
-0.020511 0.324766 1.311802 0.333714694 0.153206746 -0.930140955 0 0
-0.019679 0.30439 1.311504 0.365503858 0 -0.930809825 0 0
-0.007926 0.3239 1.331683 0.995159781 0.0673040431 -0.0716043014 0 0
-0.009101 0.332961 1.331685 0.941013457 0.321204593 -0.106401522 0 0
-0.007926 0.324679 1.344733 0.997725417 0.0674017171 0.00100002548 0 0
-0.009101 0.333778 1.344738 0.945730969 0.324910639 0.00510016701 0 0
-0.007926 0.311386 1.331679 0.99809476 0 -0.0616996761 0 0
-0.007926 0.312087 1.344723 1 0 0 0 0
-0.012627 0.339185 1.331685 0.697438984 0.70093918 -0.14920834 0 0
-0.013672 0.336743 1.322382 0.647024183 0.636023772 -0.420515717 0 0
-0.019678 0.34319 1.331685 0.347089412 0.922771851 -0.167394894 0 0
-0.020511 0.340675 1.322464 0.323193619 0.845383308 -0.425291603 0 0
-0.012627 0.340015 1.344739 0.700937354 0.713138004 0.0110005862 0 0
-0.019678 0.34402 1.344739 0.348828291 0.937076 0.014401168 0 0
-0.016806 0.333542 1.316357 0.47891988 0.493620491 -0.725930134 0 0
-0.023008 0.330761 1.312694 0.254598344 0.355597687 -0.89929415 0 0
-0.023008 0.337256 1.316684 0.248713897 0.676637808 -0.693038725 0 0
-0.026382 0.334229 1.3139 0.172600162 0.514400484 -0.84000079 0 0
-0.010244 0.441563 2.161215 0.945218101 0.193503706 0.262905035 0 0
-0.007926 0.429912 2.146443 0.998158264 0.0342019964 0.0501029246 0 0
-0.009101 0.44783 2.146071 0.977294361 0.18199895 0.108499374 0 0
-0.009101 0.424088 2.16217 0.979859572 0.0411024989 0.19541188 0 0
-0.007926 0.40421 2.146427 0.999329955 0 0.0366010971 0 0
-0.009101 0.399062 2.1626 0.984602417 0.00170000417 0.174800429 0 0
-0.007926 0.436258 2.126968 0.999414352 0.0326004681 0.0104001493 0 0
-0.009101 0.454574 2.127031 0.982456802 0.176910228 0.0590034114 0 0
-0.007926 0.409863 2.126593 1 0 0 0 0
-0.012627 0.419117 2.174259 0.87081102 0.0611007732 0.487806173 0 0
-0.013672 0.436132 2.172614 0.81209062 0.213697532 0.542993728 0 0
-0.019679 0.41533 2.182816 0.583817021 0.0878025599 0.807123532 0 0
-0.020511 0.432041 2.180533 0.524035958 0.232115927 0.819456229 0 0
-0.012627 0.394693 2.17514 0.887811124 0.00970012154 0.460105765 0 0
-0.019679 0.391377 2.184076 0.610892813 0.0225997341 0.791390689 0 0
-0.016806 0.447155 2.170395 0.644713175 0.469809601 0.603012323 0 0
-0.013672 0.453025 2.159975 0.779822455 0.493914222 0.384611075 0 0
-0.023008 0.453627 2.168674 0.367110233 0.677818894 0.637017757 0 0
-0.020511 0.460017 2.158915 0.454511249 0.750018563 0.480511893 0 0
-0.023008 0.442902 2.177309 0.40370958 0.445810579 0.798918959 0 0
-0.026382 0.44875 2.174091 0.272011245 0.603624954 0.749430982 0 0
-0.012627 0.459593 2.145514 0.832489223 0.500793517 0.236996932 0 0
-0.012627 0.466529 2.126909 0.848926304 0.500115496 0.170905296 0 0
-0.019679 0.466832 2.144971 0.501405074 0.789207987 0.354603589 0 0
-0.019679 0.473841 2.126731 0.522721299 0.805932838 0.277911324 0 0
-0.776647 0.068444 2.148134 -0.99717195 -0.0648981744 0.0378989339 0 0
-0.775393 0.061848 2.15643 -0.954535571 -0.270110066 0.126104699 0 0
-0.775992 0.068561 2.15931 -0.988743184 -0.0940041057 0.116405084 0 0
-0.775992 0.06138 2.14624 -0.973595122 -0.224098877 0.0434997821 0 0
-0.774208 0.058354 2.154326 -0.828723478 -0.541915353 0.139803961 0 0
-0.774686 0.057503 2.144794 -0.849504303 -0.524902659 0.053100269 0 0
-0.774208 0.062159 2.163176 -0.880202517 -0.383201096 0.280000801 0 0
-0.774686 0.068639 2.167063 -0.936959616 -0.178311345 0.300519121 0 0
-0.773564 0.059504 2.159699 -0.796341674 -0.558329218 0.232612173 0 0
-0.776192 0.061224 2.132138 -0.9777292 -0.209706263 0.00830024789 0 0
-0.776865 0.068405 2.133282 -0.998328737 -0.0573016495 0.0075002159 0 0
-0.776192 0.061224 2.11396 -0.97823351 -0.207507108 0 0 0
-0.776865 0.068405 2.114578 -0.998425076 -0.056101409 0 0 0
-0.774845 0.057219 2.131261 -0.857235589 -0.514821373 0.0103004276 0 0
-0.774845 0.057219 2.113522 -0.858804839 -0.512302887 0 0 0
-0.77709 0.080334 2.134613 -0.999921329 -0.0102002176 0.00730015571 0 0
-0.776865 0.080334 2.150137 -0.999252242 -0.0146007633 0.0358018718 0 0
-0.77709 0.098585 2.136048 -0.999975376 -0.000499987688 0.00699982763 0 0
-0.776865 0.098585 2.1521 -0.999402693 -0.00330000889 0.0344000927 0 0
-0.77709 0.080334 2.115381 -0.999955814 -0.0094005247 0 0 0
-0.77709 0.098585 2.116372 -1 0 0 0 0
-0.776192 0.080334 2.162063 -0.993616673 -0.0298005001 0.108801826 0 0
-0.774845 0.080334 2.170502 -0.954684811 -0.0742988179 0.288195415 0 0
-0.776192 0.098585 2.164552 -0.994559979 -0.0117007056 0.103506242 0 0
-0.774845 0.098585 2.17343 -0.960796287 -0.0352998636 0.274998937 0 0
-0.776647 0.068444 1.322238 -0.996367212 -0.0564038048 -0.0638043041 0 0
-0.776191 0.061224 1.331599 -0.978072722 -0.207894202 -0.0123996542 0 0
-0.776865 0.068405 1.3316 -0.998362337 -0.0559978875 -0.0116995586 0 0
-0.775992 0.06138 1.322361 -0.975025366 -0.210905487 -0.0696018107 0 0
-0.774844 0.057219 1.331599 -0.858125362 -0.513215168 -0.0152004493 0 0
-0.774685 0.057503 1.322442 -0.854343662 -0.512726204 -0.0849043391 0 0
-0.776191 0.061224 1.344524 -0.97823351 -0.207507108 0 0 0
-0.776865 0.068405 1.344525 -0.998425076 -0.056101409 0 0 0
-0.774844 0.057219 1.344524 -0.858804839 -0.512302887 0 0 0
-0.775393 0.061848 1.316357 -0.951084241 -0.219196368 -0.217696393 0 0
-0.775992 0.068561 1.315867 -0.976085061 -0.0611990634 -0.208596807 0 0
-0.774208 0.062159 1.312694 -0.842516762 -0.246404902 -0.47900953 0 0
-0.774685 0.068639 1.311802 -0.864414756 -0.0753012854 -0.497108486 0 0
-0.774208 0.058354 1.316684 -0.834514062 -0.494308329 -0.243404101 0 0
-0.773564 0.059504 1.3139 -0.78950105 -0.444700591 -0.423000563 0 0
-0.776191 0.080334 1.315704 -0.978563227 -0.00980063324 -0.205713292 0 0
-0.776865 0.080334 1.322198 -0.997945602 -0.00920042042 -0.0634028973 0 0
-0.776191 0.098585 1.315704 -0.978679032 0 -0.205395599 0 0
-0.776865 0.098585 1.322199 -0.997981912 0 -0.0634988491 0 0
-0.774844 0.080334 1.311504 -0.867717654 -0.0121002462 -0.49691011 0 0
-0.774844 0.098585 1.311504 -0.868273909 0 -0.496085093 0 0
-0.777089 0.080334 1.331602 -0.999887132 -0.00929988031 -0.0117998481 0 0
-0.777089 0.080334 1.34453 -0.999955814 -0.0094005247 0 0 0
-0.777089 0.098585 1.331606 -0.999929188 0 -0.0119003474 0 0
-0.777089 0.098585 1.344541 -1 0 0 0 0
-0.776647 0.441563 2.161215 -0.997620541 0.0409008422 0.0555011428 0 0
-0.776192 0.419117 2.174259 -0.993406288 0.0147000931 0.11370072 0 0
-0.775992 0.436132 2.172614 -0.988223357 0.0575013591 0.141803352 0 0
-0.776865 0.424088 2.162171 -0.999218016 0.00810014605 0.0387006978 0 0
-0.776192 0.394693 2.17514 -0.994616207 0.00230003748 0.103601688 0 0
-0.776865 0.399062 2.1626 -0.999414946 0.000300004487 0.0342005115 0 0
-0.774845 0.41533 2.182816 -0.953744736 0.0355016652 0.298514002 0 0
-0.774686 0.432041 2.180533 -0.934162913 0.104107011 0.341322987 0 0
-0.774845 0.391377 2.184076 -0.961086915 0.00909987611 0.276096241 0 0
-0.77709 0.429912 2.146443 -0.999932133 0.0066002121 0.00960030851 0 0
-0.776865 0.44783 2.146071 -0.999107463 0.0363002712 0.0216001614 0 0
-0.77709 0.436258 2.126968 -0.999978781 0.00619986844 0.00199995756 0 0
-0.776865 0.454574 2.127031 -0.999323454 0.0349008191 0.0116002723 0 0
-0.77709 0.40421 2.146427 -0.999975501 0 0.00699982851 0 0
-0.77709 0.409863 2.126593 -1 0 0 0 0
-0.776192 0.459593 2.145514 -0.990157084 0.126207276 0.0605034881 0 0
-0.775992 0.453025 2.159975 -0.98442053 0.138202882 0.108702267 0 0
-0.774845 0.466832 2.144971 -0.929963719 0.334022886 0.153610525 0 0
-0.774686 0.460017 2.158915 -0.909804422 0.346801685 0.228001108 0 0
-0.776192 0.466529 2.126909 -0.99170657 0.121500805 0.0419002776 0 0
-0.774845 0.473841 2.126731 -0.938608767 0.325603041 0.114001065 0 0
-0.775393 0.447155 2.170395 -0.962529463 0.168205149 0.212706511 0 0
-0.774208 0.442902 2.177309 -0.887093054 0.235498156 0.396996892 0 0
-0.774208 0.453627 2.168674 -0.872208461 0.35260342 0.339003288 0 0
-0.773564 0.44875 2.174091 -0.828645444 0.35301936 0.434423824 0 0
-0.776647 0.33059 1.322259 -0.993615694 0.069201093 -0.0891014074 0 0
-0.777089 0.3239 1.331683 -0.999818872 0.0130002454 -0.0139002624 0 0
-0.776865 0.332961 1.331685 -0.997401955 0.0684001341 -0.0226000443 0 0
-0.776865 0.321653 1.322218 -0.997599317 0.013099991 -0.0679999534 0 0
-0.777089 0.311386 1.331679 -0.999930373 0 -0.0118003584 0 0
-0.776865 0.309364 1.322217 -0.997994566 0 -0.0632996553 0 0
-0.777089 0.324679 1.344733 -0.999916769 0.0129002163 0.000200003354 0 0
-0.776865 0.333778 1.344738 -0.997671198 0.0681980312 0.00109996824 0 0
-0.777089 0.312087 1.344722 -1 0 0 0 0
-0.776191 0.318781 1.315704 -0.976860269 0.01410087 -0.213413167 0 0
-0.775992 0.32754 1.315867 -0.965148862 0.0757038326 -0.250512683 0 0
-0.774844 0.316127 1.311504 -0.863349959 0.0167009664 -0.504329184 0 0
-0.774685 0.324766 1.311802 -0.840545344 0.0881047529 -0.534528836 0 0
-0.776191 0.306779 1.315704 -0.978719217 0 -0.205204029 0 0
-0.774844 0.30439 1.311504 -0.868273909 0 -0.496085093 0 0
-0.775393 0.333542 1.316357 -0.916405531 0.22040133 -0.334102016 0 0
-0.775992 0.336743 1.322382 -0.964398139 0.219499576 -0.147499715 0 0
-0.774208 0.337256 1.316684 -0.770454296 0.444331313 -0.457132215 0 0
-0.774685 0.340675 1.322464 -0.826343144 0.502526238 -0.254213273 0 0
-0.774208 0.330761 1.312694 -0.781836915 0.23171094 -0.57882733 0 0
-0.773564 0.334229 1.313899 -0.695219157 0.378910441 -0.610816831 0 0
-0.776191 0.339185 1.331685 -0.974385491 0.219896726 -0.0470992987 0 0
-0.776191 0.340015 1.344739 -0.975584503 0.219596512 0.0034999444 0 0
-0.774844 0.34319 1.331685 -0.849236395 0.519322256 -0.0954040886 0 0
-0.774844 0.34402 1.344739 -0.854075903 0.520085326 0.00809977147 0 0
-0.009101 0.068405 2.064614 0.961787651 -0.273796484 0 0 0
-0.012627 0.061224 2.032332 0.728038496 -0.685536249 0 0 0
-0.009101 0.068405 2.032418 0.961787651 -0.273796484 0 0 0
-0.012627 0.061224 2.064472 0.728038496 -0.685536249 0 0 0
-0.019679 0.057219 2.032332 0.351408364 -0.936222282 0 0 0
-0.019679 0.057219 2.064429 0.351408364 -0.936222282 0 0 0
-0.012627 0.061224 1.994706 0.728038496 -0.685536249 0 0 0
-0.009101 0.068405 1.994788 0.961787651 -0.273796484 0 0 0
-0.019679 0.057219 1.994706 0.351408364 -0.936222282 0 0 0
-0.012627 0.061224 2.091543 0.728038496 -0.685536249 0 0 0
-0.009101 0.068405 2.091845 0.961787651 -0.273796484 0 0 0
-0.019679 0.057219 2.091368 0.351408364 -0.936222282 0 0 0
-0.007926 0.080334 2.092328 0.998793882 -0.0490996993 0 0 0
-0.007926 0.080334 2.064933 0.998793882 -0.0490996993 0 0 0
-0.007926 0.098585 2.093048 1 0 0 0 0
-0.007926 0.098585 2.065511 1 0 0 0 0
-0.007926 0.080334 2.032676 0.998793882 -0.0490996993 0 0 0
-0.007926 0.080334 1.995035 0.998793882 -0.0490996993 0 0 0
-0.007926 0.098585 2.033193 1 0 0 0 0
-0.007926 0.098585 1.995528 1 0 0 0 0
-0.009101 0.467686 2.0763 0.984100654 0.174500116 0.033100022 0 0
-0.007926 0.453653 2.043231 0.999490955 0.0316997131 0.00359996742 0 0
-0.009101 0.472574 2.043623 0.984199016 0.175999824 0.0193999806 0 0
-0.007926 0.448828 2.075906 0.999479441 0.031699348 0.00599987658 0 0
-0.007926 0.425711 2.042604 1 0 0 0 0
-0.007926 0.421239 2.075266 1 0 0 0 0
-0.007926 0.456573 2.005069 0.999487037 0.031999585 0.00129998314 0 0
-0.009101 0.475366 2.005412 0.983756051 0.179410222 0.00600034188 0 0
-0.007926 0.428538 2.004496 1 0 0 0 0
-0.007926 0.442797 2.103637 0.999453457 0.0319985099 0.0082996135 0 0
-0.009101 0.461439 2.103938 0.983522331 0.174703967 0.0465010558 0 0
-0.007926 0.415748 2.103067 1 0 0 0 0
-0.012627 0.473503 2.104058 0.855293953 0.500596461 0.133699055 0 0
-0.012627 0.479758 2.076517 0.857607393 0.505604358 0.094200812 0 0
-0.019679 0.480814 2.104082 0.533121885 0.817733569 0.217008908 0 0
-0.019679 0.48699 2.076623 0.535997639 0.830496342 0.151599332 0 0
-0.012627 0.484538 2.043842 0.856060436 0.51403629 0.0541038196 0 0
-0.012627 0.487088 2.005589 0.850657923 0.525535785 0.0139009465 0 0
-0.019679 0.491609 2.043953 0.531815114 0.842623948 0.0846024044 0 0
-0.019679 0.493911 2.005669 0.520793196 0.853488849 0.0181997622 0 0
-0.776865 0.068405 2.064614 -0.998425076 -0.056101409 0 0 0
-0.776192 0.061224 2.091543 -0.97823351 -0.207507108 0 0 0
-0.776865 0.068405 2.091845 -0.998425076 -0.056101409 0 0 0
-0.776192 0.061224 2.064472 -0.978253805 -0.207411408 0 0 0
-0.774845 0.057219 2.091368 -0.858804839 -0.512302887 0 0 0
-0.774845 0.057219 2.064429 -0.858804839 -0.512302887 0 0 0
-0.776192 0.061224 2.032332 -0.978253805 -0.207411408 0 0 0
-0.776865 0.068405 2.032418 -0.998425076 -0.056101409 0 0 0
-0.776192 0.061224 1.994706 -0.978253805 -0.207411408 0 0 0
-0.776865 0.068405 1.994788 -0.998425076 -0.056101409 0 0 0
-0.774845 0.057219 2.032332 -0.858804839 -0.512302887 0 0 0
-0.774845 0.057219 1.994706 -0.858804839 -0.512302887 0 0 0
-0.77709 0.080334 2.032676 -0.999955814 -0.0094005247 0 0 0
-0.77709 0.080334 2.064933 -0.999955814 -0.0094005247 0 0 0
-0.77709 0.098585 2.033193 -1 0 0 0 0
-0.77709 0.098585 2.065511 -1 0 0 0 0
-0.77709 0.080334 1.995035 -0.999955814 -0.0094005247 0 0 0
-0.77709 0.098585 1.995528 -1 0 0 0 0
-0.77709 0.080334 2.092328 -0.999955814 -0.0094005247 0 0 0
-0.77709 0.098585 2.093048 -1 0 0 0 0
-0.776865 0.467686 2.0763 -0.999390456 0.0342996724 0.00649993793 0 0
-0.77709 0.442797 2.103637 -0.999980116 0.00609987871 0.00159996818 0 0
-0.776865 0.461439 2.103938 -0.999365842 0.0343988243 0.00919968556 0 0
-0.77709 0.448828 2.075906 -0.999980791 0.00609988282 0.00109997887 0 0
-0.77709 0.415748 2.103067 -1 0 0 0 0
-0.77709 0.421239 2.075266 -1 0 0 0 0
-0.77709 0.453653 2.043231 -0.999981755 0.00599989053 0.000699987229 0 0
-0.776865 0.472574 2.043623 -0.999394024 0.0345997931 0.00379997728 0 0
-0.77709 0.456573 2.005069 -0.999981376 0.00609988639 0.000199996275 0 0
-0.776865 0.475366 2.005412 -0.99937607 0.0352991548 0.00119997127 0 0
-0.77709 0.425711 2.042604 -1 0 0 0 0
-0.77709 0.428538 2.004496 -1 0 0 0 0
-0.776192 0.484538 2.043842 -0.99223397 0.123704235 0.0130004451 0 0
-0.776192 0.479758 2.076517 -0.992381016 0.121097683 0.0226995658 0 0
-0.774845 0.491609 2.043953 -0.94172263 0.334708043 0.0336008074 0 0
-0.774845 0.48699 2.076624 -0.942922277 0.327507737 0.0603014246 0 0
-0.776192 0.487088 2.005589 -0.99179456 0.127799299 0.0032999819 0 0
-0.774845 0.493911 2.005669 -0.938361749 0.345585912 0.00689971874 0 0
-0.776192 0.473503 2.104058 -0.992208588 0.120301041 0.0324002804 0 0
-0.774845 0.480814 2.104082 -0.941973602 0.324190915 0.0870975591 0 0
-0.009101 0.068405 1.567765 0.961787651 -0.273796484 0 0 0
-0.012627 0.061224 1.535761 0.728038496 -0.685536249 0 0 0
-0.009101 0.068405 1.535785 0.961787651 -0.273796484 0 0 0
-0.012627 0.061224 1.567737 0.728038496 -0.685536249 0 0 0
-0.019678 0.057219 1.535761 0.351408364 -0.936222282 0 0 0
-0.019678 0.057219 1.567737 0.351408364 -0.936222282 0 0 0
-0.012627 0.061224 1.507462 0.728038496 -0.685536249 0 0 0
-0.009101 0.068405 1.507484 0.961787651 -0.273796484 0 0 0
-0.019678 0.057219 1.507462 0.351408364 -0.936222282 0 0 0
-0.012627 0.061224 1.602672 0.728038496 -0.685536249 0 0 0
-0.009101 0.068405 1.602704 0.961787651 -0.273796484 0 0 0
-0.012627 0.061224 1.639847 0.728038496 -0.685536249 0 0 0
-0.009101 0.068405 1.639883 0.961787651 -0.273796484 0 0 0
-0.019678 0.057219 1.602672 0.351408364 -0.936222282 0 0 0
-0.019678 0.057219 1.639847 0.351408364 -0.936222282 0 0 0
-0.007926 0.080334 1.6028 0.998793882 -0.0490996993 0 0 0
-0.007926 0.080334 1.567849 0.998793882 -0.0490996993 0 0 0
-0.007926 0.098585 1.602992 1 0 0 0 0
-0.007926 0.098585 1.568018 1 0 0 0 0
-0.007926 0.080334 1.639992 0.998793882 -0.0490996993 0 0 0
-0.007926 0.098585 1.640211 1 0 0 0 0
-0.007926 0.080334 1.535859 0.998793882 -0.0490996993 0 0 0
-0.007926 0.080334 1.507548 0.998793882 -0.0490996993 0 0 0
-0.007926 0.098585 1.536006 1 0 0 0 0
-0.007926 0.098585 1.507676 1 0 0 0 0
-0.009101 0.402952 1.571301 0.959077338 0.268221629 -0.0907073145 0 0
-0.007926 0.379468 1.538806 0.998495397 0.0508997654 -0.020399906 0 0
-0.009101 0.391307 1.53888 0.954552359 0.276115145 -0.112206155 0 0
-0.007926 0.39054 1.571217 0.998711116 0.0482005365 -0.015900177 0 0
-0.007926 0.361398 1.538659 1 0 0 0 0
-0.007926 0.371348 1.571048 1 0 0 0 0
-0.007926 0.367448 1.510117 0.998129256 0.0544015945 -0.0279008178 0 0
-0.009101 0.378686 1.510181 0.947516838 0.283905045 -0.147002612 0 0
-0.007926 0.35058 1.509988 1 0 0 0 0
-0.007926 0.400906 1.606638 0.99886784 0.045703104 -0.0132008966 0 0
-0.009101 0.413894 1.606734 0.962541342 0.259911163 -0.077203316 0 0
-0.007926 0.410805 1.64436 0.998987263 0.0434994454 -0.0114998534 0 0
-0.009101 0.424405 1.644469 0.965629061 0.250707545 -0.0686020646 0 0
-0.007926 0.380634 1.606446 1 0 0 0 0
-0.007926 0.389459 1.644142 1 0 0 0 0
-0.012627 0.421484 1.606766 0.725511949 0.659110856 -0.198003261 0 0
-0.012627 0.410308 1.571329 0.71502981 0.661927596 -0.224909377 0 0
-0.019678 0.42556 1.606766 0.344591039 0.898576633 -0.271692935 0 0
-0.019678 0.414331 1.571329 0.337013702 0.891236234 -0.30351234 0 0
-0.012627 0.432284 1.644506 0.736604003 0.65140354 -0.181900989 0 0
-0.019678 0.436467 1.644506 0.354209539 0.899924235 -0.254306849 0 0
-0.012627 0.398458 1.538905 0.703003779 0.659203543 -0.266901435 0 0
-0.012627 0.385636 1.510203 0.685369855 0.648371482 -0.33148542 0 0
-0.019678 0.402463 1.538905 0.329125721 0.875368408 -0.354127674 0 0
-0.019678 0.389641 1.510203 0.317514857 0.844939536 -0.43042014 0 0
-0.776865 0.068405 1.567765 -0.998425076 -0.056101409 0 0 0
-0.776191 0.061224 1.602672 -0.978253805 -0.207411408 0 0 0
-0.776865 0.068405 1.602704 -0.998425076 -0.056101409 0 0 0
-0.776191 0.061224 1.567737 -0.978253805 -0.207411408 0 0 0
-0.774844 0.057219 1.602672 -0.858804839 -0.512302887 0 0 0
-0.774844 0.057219 1.567737 -0.858804839 -0.512302887 0 0 0
-0.776191 0.061224 1.639847 -0.97823351 -0.207507108 0 0 0
-0.776865 0.068405 1.639883 -0.998425076 -0.056101409 0 0 0
-0.774844 0.057219 1.639847 -0.858804839 -0.512302887 0 0 0
-0.776191 0.061224 1.535761 -0.978253805 -0.207411408 0 0 0
-0.776865 0.068405 1.535785 -0.998425076 -0.056101409 0 0 0
-0.776191 0.061224 1.507462 -0.978253805 -0.207411408 0 0 0
-0.776865 0.068405 1.507483 -0.998425076 -0.056101409 0 0 0
-0.774844 0.057219 1.535761 -0.858804839 -0.512302887 0 0 0
-0.774844 0.057219 1.507462 -0.858804839 -0.512302887 0 0 0
-0.777089 0.080334 1.535859 -0.999955814 -0.0094005247 0 0 0
-0.777089 0.080334 1.567849 -0.999955814 -0.0094005247 0 0 0
-0.777089 0.098585 1.536006 -1 0 0 0 0
-0.777089 0.098585 1.568017 -1 0 0 0 0
-0.777089 0.080334 1.507548 -0.999955814 -0.0094005247 0 0 0
-0.777089 0.098585 1.507676 -1 0 0 0 0
-0.777089 0.080334 1.6028 -0.999955814 -0.0094005247 0 0 0
-0.777089 0.080334 1.639992 -0.999955814 -0.0094005247 0 0 0
-0.777089 0.098585 1.602992 -1 0 0 0 0
-0.777089 0.098585 1.640211 -1 0 0 0 0
-0.776865 0.402952 1.571301 -0.998294674 0.055299705 -0.0186999002 0 0
-0.777089 0.400906 1.606638 -0.999958149 0.00880051176 -0.00250014539 0 0
-0.776865 0.413894 1.606733 -0.998453374 0.0533028494 -0.0158008447 0 0
-0.777089 0.39054 1.571216 -0.999952869 0.00920048644 -0.00310016391 0 0
-0.777089 0.380634 1.606446 -1 0 0 0 0
-0.777089 0.371348 1.571048 -1 0 0 0 0
-0.777089 0.410805 1.64436 -0.99996313 0.00830052403 -0.0022001389 0 0
-0.776865 0.424405 1.644469 -0.998595421 0.0510997657 -0.0139999358 0 0
-0.777089 0.389459 1.644141 -1 0 0 0 0
-0.777089 0.379468 1.538806 -0.999944369 0.00980043485 -0.00390017305 0 0
-0.776865 0.391307 1.53888 -0.998076695 0.0574044111 -0.0234017983 0 0
-0.777089 0.367448 1.510117 -0.999931868 0.0104003315 -0.00530016892 0 0
-0.776865 0.378686 1.510181 -0.997725672 0.0598015387 -0.0311008002 0 0
-0.777089 0.361398 1.538659 -1 0 0 0 0
-0.777089 0.35058 1.509988 -1 0 0 0 0
-0.776191 0.398458 1.538905 -0.974245323 0.208609705 -0.0856039824 0 0
-0.776191 0.410308 1.571329 -0.975954653 0.20619042 -0.0706967152 0 0
-0.774844 0.402463 1.538905 -0.840480993 0.501688654 -0.204695371 0 0
-0.774844 0.414331 1.571329 -0.847211433 0.502606783 -0.172102323 0 0
-0.776191 0.385636 1.510202 -0.971386299 0.210497031 -0.109998448 0 0
-0.774844 0.389641 1.510202 -0.829832497 0.495819417 -0.256010026 0 0
-0.776191 0.421484 1.606766 -0.977389268 0.202397778 -0.061199328 0 0
-0.776191 0.432284 1.644505 -0.978908252 0.196701658 -0.0552004653 0 0
-0.774844 0.42556 1.606766 -0.853128794 0.499216849 -0.151505113 0 0
-0.774844 0.436467 1.644505 -0.860139864 0.490722743 -0.139106447 0 0
-0.009101 0.068405 1.381383 0.961787651 -0.273796484 0 0 0
-0.012627 0.061224 1.361586 0.728038496 -0.685536249 0 0 0
-0.009101 0.068405 1.361589 0.961787651 -0.273796484 0 0 0
-0.012627 0.061224 1.381377 0.728038496 -0.685536249 0 0 0
-0.019678 0.057219 1.361586 0.351408364 -0.936222282 0 0 0
-0.019678 0.057219 1.381377 0.351408364 -0.936222282 0 0 0
-0.012627 0.061224 1.402493 0.728038496 -0.685536249 0 0 0
-0.009101 0.068405 1.402501 0.961787651 -0.273796484 0 0 0
-0.012627 0.061224 1.423524 0.728038496 -0.685536249 0 0 0
-0.009101 0.068405 1.423534 0.961787651 -0.273796484 0 0 0
-0.019678 0.057219 1.402493 0.351408364 -0.936222282 0 0 0
-0.019678 0.057219 1.423524 0.351408364 -0.936222282 0 0 0
-0.007926 0.080334 1.402525 0.998793882 -0.0490996993 0 0 0
-0.007926 0.080334 1.3814 0.998793882 -0.0490996993 0 0 0
-0.007926 0.098585 1.402573 1 0 0 0 0
-0.007926 0.098585 1.381433 1 0 0 0 0
-0.007926 0.080334 1.423566 0.998793882 -0.0490996993 0 0 0
-0.007926 0.098585 1.42363 1 0 0 0 0
-0.007926 0.080334 1.361599 0.998793882 -0.0490996993 0 0 0
-0.007926 0.098585 1.361619 1 0 0 0 0
-0.009101 0.068405 1.462602 0.961787651 -0.273796484 0 0 0
-0.012627 0.061224 1.443064 0.728038496 -0.685536249 0 0 0
-0.009101 0.068405 1.443078 0.961787651 -0.273796484 0 0 0
-0.012627 0.061224 1.462586 0.728038496 -0.685536249 0 0 0
-0.019678 0.057219 1.443064 0.351408364 -0.936222282 0 0 0
-0.019678 0.057219 1.462586 0.351408364 -0.936222282 0 0 0
-0.012627 0.061224 1.483561 0.728038496 -0.685536249 0 0 0
-0.009101 0.068405 1.48358 0.961787651 -0.273796484 0 0 0
-0.019678 0.057219 1.483561 0.351408364 -0.936222282 0 0 0
-0.007926 0.080334 1.483635 0.998793882 -0.0490996993 0 0 0
-0.007926 0.080334 1.462649 0.998793882 -0.0490996993 0 0 0
-0.007926 0.098585 1.483747 1 0 0 0 0
-0.007926 0.098585 1.462744 1 0 0 0 0
-0.007926 0.080334 1.443117 0.998793882 -0.0490996993 0 0 0
-0.007926 0.098585 1.443197 1 0 0 0 0
-0.009101 0.330047 1.382082 0.948942917 0.314714233 0.0215009724 0 0
-0.007926 0.323144 1.362003 0.997865524 0.0649977544 0.00629978235 0 0
-0.009101 0.332167 1.362013 0.94762488 0.317808344 0.0317008323 0 0
-0.007926 0.321125 1.382065 0.997947274 0.0639030272 0.00420019897 0 0
-0.007926 0.310706 1.361983 1 0 0 0 0
-0.007926 0.308889 1.382032 1 0 0 0 0
-0.007926 0.32045 1.403489 0.998053871 0.0623033629 -0.00260014035 0 0
-0.009101 0.329338 1.403513 0.950509191 0.310403002 -0.0135001305 0 0
-0.007926 0.322946 1.424845 0.998135524 0.0595021177 -0.013600484 0 0
-0.009101 0.331959 1.424876 0.950694206 0.301098165 -0.0742995471 0 0
-0.007926 0.308281 1.40344 1 0 0 0 0
-0.007926 0.310527 1.424781 1 0 0 0 0
-0.012627 0.335505 1.403521 0.71282753 0.700627059 -0.0316012205 0 0
-0.012627 0.336225 1.382087 0.708891968 0.703592028 0.0492994414 0 0
-0.019678 0.33951 1.403521 0.353697648 0.934393786 -0.0424997174 0 0
-0.019678 0.34023 1.382087 0.351904907 0.933713021 0.065900919 0 0
-0.012627 0.338167 1.424887 0.708498934 0.682998972 -0.177599733 0 0
-0.019678 0.342172 1.424887 0.345599542 0.907698797 -0.237999685 0 0
-0.012627 0.338379 1.362017 0.70512212 0.705522133 0.0710022274 0 0
-0.019678 0.342384 1.362017 0.349707814 0.932120829 0.0941021028 0 0
-0.009101 0.351322 1.464595 0.939981873 0.292394361 -0.175896608 0 0
-0.007926 0.33044 1.444703 0.997864918 0.0596038777 -0.0267017371 0 0
-0.009101 0.339828 1.444743 0.944217199 0.297705423 -0.140802565 0 0
-0.007926 0.341387 1.464547 0.997693121 0.0586995953 -0.0340997649 0 0
-0.007926 0.317272 1.444624 1 0 0 0 0
-0.007926 0.327125 1.464452 1 0 0 0 0
-0.007926 0.354239 1.485858 0.997815496 0.0567008806 -0.0339005265 0 0
-0.009101 0.364816 1.485913 0.941590885 0.287597216 -0.175198304 0 0
-0.007926 0.338691 1.485747 1 0 0 0 0
-0.012627 0.371546 1.485932 0.670307125 0.633606735 -0.386304106 0 0
-0.012627 0.357838 1.464611 0.667629253 0.634527802 -0.389417063 0 0
-0.019678 0.375551 1.485932 0.306699538 0.812598777 -0.495599254 0 0
-0.019678 0.361843 1.464611 0.306701659 0.810204383 -0.499502702 0 0
-0.012627 0.346161 1.444756 0.683225085 0.655224057 -0.322311834 0 0
-0.019678 0.350166 1.444756 0.321815401 0.848340598 -0.42042012 0 0
-0.776865 0.068405 1.462602 -0.998425076 -0.056101409 0 0 0
-0.776191 0.061224 1.483561 -0.97823351 -0.207507108 0 0 0
-0.776865 0.068405 1.48358 -0.998425076 -0.056101409 0 0 0
-0.776191 0.061224 1.462586 -0.97823351 -0.207507108 0 0 0
-0.774844 0.057219 1.483561 -0.858804839 -0.512302887 0 0 0
-0.774844 0.057219 1.462586 -0.858804839 -0.512302887 0 0 0
-0.776191 0.061224 1.443064 -0.97823351 -0.207507108 0 0 0
-0.776865 0.068405 1.443078 -0.998425076 -0.056101409 0 0 0
-0.776191 0.061224 1.423524 -0.97823351 -0.207507108 0 0 0
-0.776865 0.068405 1.423534 -0.998425076 -0.056101409 0 0 0
-0.774844 0.057219 1.443064 -0.858804839 -0.512302887 0 0 0
-0.774844 0.057219 1.423524 -0.858804839 -0.512302887 0 0 0
-0.777089 0.080334 1.443117 -0.999955814 -0.0094005247 0 0 0
-0.777089 0.080334 1.462649 -0.999955814 -0.0094005247 0 0 0
-0.777089 0.098585 1.443196 -1 0 0 0 0
-0.777089 0.098585 1.462744 -1 0 0 0 0
-0.777089 0.080334 1.423566 -0.999955814 -0.0094005247 0 0 0
-0.777089 0.098585 1.42363 -1 0 0 0 0
-0.777089 0.080334 1.483635 -0.999955814 -0.0094005247 0 0 0
-0.777089 0.098585 1.483747 -1 0 0 0 0
-0.776865 0.068405 1.381383 -0.998425076 -0.056101409 0 0 0
-0.776191 0.061224 1.402493 -0.97823351 -0.207507108 0 0 0
-0.776865 0.068405 1.402501 -0.998425076 -0.056101409 0 0 0
-0.776191 0.061224 1.381377 -0.97823351 -0.207507108 0 0 0
-0.774844 0.057219 1.402493 -0.858804839 -0.512302887 0 0 0
-0.774844 0.057219 1.381377 -0.858804839 -0.512302887 0 0 0
-0.776191 0.061224 1.361585 -0.97823351 -0.207507108 0 0 0
-0.776865 0.068405 1.361589 -0.998425076 -0.056101409 0 0 0
-0.774844 0.057219 1.361586 -0.858804839 -0.512302887 0 0 0
-0.777089 0.080334 1.361599 -0.999955814 -0.0094005247 0 0 0
-0.777089 0.080334 1.3814 -0.999955814 -0.0094005247 0 0 0
-0.777089 0.098585 1.361619 -1 0 0 0 0
-0.777089 0.098585 1.381433 -1 0 0 0 0
-0.777089 0.080334 1.402525 -0.999955814 -0.0094005247 0 0 0
-0.777089 0.098585 1.402573 -1 0 0 0 0
-0.776865 0.351322 1.464595 -0.997356183 0.0623035097 -0.0374021069 0 0
-0.777089 0.354239 1.485858 -0.999919464 0.0109002122 -0.00650012653 0 0
-0.776865 0.364816 1.485913 -0.997424457 0.0612015007 -0.0374009171 0 0
-0.777089 0.341387 1.464547 -0.999914369 0.0113001624 -0.00660009484 0 0
-0.777089 0.338691 1.485747 -1 0 0 0 0
-0.777089 0.327125 1.464452 -1 0 0 0 0
-0.777089 0.33044 1.444703 -0.999922009 0.0114002509 -0.00510011225 0 0
-0.776865 0.339828 1.444743 -0.997583829 0.0628989804 -0.0294995218 0 0
-0.777089 0.322946 1.424844 -0.999931633 0.0114003607 -0.00260008225 0 0
-0.776865 0.331959 1.424876 -0.99790254 0.0629001601 -0.0153000389 0 0
-0.777089 0.317272 1.444624 -1 0 0 0 0
-0.777089 0.310527 1.42478 -1 0 0 0 0
-0.776191 0.346161 1.444756 -0.973310035 0.206802132 -0.0995010259 0 0
-0.776191 0.357838 1.46461 -0.96989677 0.207899308 -0.126799578 0 0
-0.774844 0.350166 1.444756 -0.840134135 0.487219796 -0.238309683 0 0
-0.774844 0.361843 1.46461 -0.824527585 0.482216133 -0.296009903 0 0
-0.776191 0.338167 1.424887 -0.977290994 0.205498106 -0.0516995236 0 0
-0.774844 0.342172 1.424887 -0.859846136 0.494426529 -0.127306831 0 0
-0.776191 0.371546 1.485932 -0.96937644 0.209094918 -0.12879687 0 0
-0.774844 0.375551 1.485932 -0.821991969 0.485495257 -0.297697092 0 0
-0.776865 0.330047 1.382081 -0.997822586 0.0658014894 0.00450010186 0 0
-0.777089 0.32045 1.403488 -0.999927868 0.0120003345 -0.000500013936 0 0
-0.776865 0.329338 1.403512 -0.997900828 0.0647000537 -0.00280000232 0 0
-0.777089 0.321125 1.382065 -0.999924028 0.0123002956 0.000800019225 0 0
-0.777089 0.308281 1.40344 -1 0 0 0 0
-0.777089 0.308889 1.382032 -1 0 0 0 0
-0.777089 0.323144 1.362003 -0.999921149 0.0125002644 0.00120002538 0 0
-0.776865 0.332167 1.362013 -0.997757667 0.0666038495 0.00660038148 0 0
-0.777089 0.310706 1.361983 -1 0 0 0 0
-0.776191 0.338379 1.362016 -0.976395186 0.214898941 0.021699893 0 0
-0.776191 0.336225 1.382087 -0.97709424 0.212298749 0.0146999133 0 0
-0.774844 0.342384 1.362016 -0.857372389 0.512083509 0.0517983319 0 0
-0.774844 0.34023 1.382087 -0.860432521 0.508319212 0.0356013456 0 0
-0.776191 0.335505 1.40352 -0.977741095 0.20960881 -0.0093003909 0 0
-0.774844 0.33951 1.40352 -0.863224391 0.50431425 -0.0226006386 0 0
-0.009101 0.068405 1.719135 0.961787651 -0.273796484 0 0 0
-0.012627 0.061224 1.678541 0.728038496 -0.685536249 0 0 0
-0.009101 0.068405 1.678582 0.961787651 -0.273796484 0 0 0
-0.012627 0.061224 1.719088 0.728038496 -0.685536249 0 0 0
-0.019678 0.057219 1.678541 0.351408364 -0.936222282 0 0 0
-0.019679 0.057219 1.719088 0.351408364 -0.936222282 0 0 0
-0.012627 0.061224 1.76182 0.728038496 -0.685536249 0 0 0
-0.009101 0.068405 1.761873 0.961787651 -0.273796484 0 0 0
-0.012627 0.061224 1.807071 0.728038496 -0.685536249 0 0 0
-0.009101 0.068405 1.80713 0.961787651 -0.273796484 0 0 0
-0.019679 0.057219 1.76182 0.351408364 -0.936222282 0 0 0
-0.019679 0.057219 1.807071 0.351408364 -0.936222282 0 0 0
-0.007926 0.080334 1.762031 0.998793882 -0.0490996993 0 0 0
-0.007926 0.080334 1.719275 0.998793882 -0.0490996993 0 0 0
-0.007926 0.098585 1.762348 1 0 0 0 0
-0.007926 0.098585 1.719557 1 0 0 0 0
-0.007926 0.080334 1.807307 0.998793882 -0.0490996993 0 0 0
-0.007926 0.098585 1.80766 1 0 0 0 0
-0.007926 0.080334 1.678707 0.998793882 -0.0490996993 0 0 0
-0.007926 0.098585 1.678955 1 0 0 0 0
-0.009101 0.068405 1.90401 0.961787651 -0.273796484 0 0 0
-0.012627 0.061224 1.855173 0.728038496 -0.685536249 0 0 0
-0.009101 0.068405 1.855238 0.961787651 -0.273796484 0 0 0
-0.012627 0.061224 1.903938 0.728038496 -0.685536249 0 0 0
-0.019679 0.057219 1.855173 0.351408364 -0.936222282 0 0 0
-0.019679 0.057219 1.903938 0.351408364 -0.936222282 0 0 0
-0.012627 0.061224 1.951178 0.728038496 -0.685536249 0 0 0
-0.009101 0.068405 1.951256 0.961787651 -0.273796484 0 0 0
-0.019679 0.057219 1.951178 0.351408364 -0.936222282 0 0 0
-0.007926 0.080334 1.951488 0.998793882 -0.0490996993 0 0 0
-0.007926 0.080334 1.904224 0.998793882 -0.0490996993 0 0 0
-0.007926 0.098585 1.951952 1 0 0 0 0
-0.007926 0.098585 1.904654 1 0 0 0 0
-0.007926 0.080334 1.855434 0.998793882 -0.0490996993 0 0 0
-0.007926 0.098585 1.855826 1 0 0 0 0
-0.009101 0.44463 1.725044 0.971468374 0.231216274 -0.0528037165 0 0
-0.007926 0.42048 1.683674 0.999082311 0.0415992635 -0.0101998194 0 0
-0.009101 0.434759 1.683798 0.968464366 0.241416045 -0.0616040943 0 0
-0.007926 0.429627 1.724902 0.999178638 0.0395991534 -0.00859981614 0 0
-0.007926 0.398025 1.683425 1 0 0 0 0
-0.007926 0.406064 1.72462 1 0 0 0 0
-0.007926 0.437944 1.768369 0.999260717 0.0378022969 -0.00700042536 0 0
-0.009101 0.453695 1.768532 0.974389545 0.220697632 -0.0430995375 0 0
-0.007926 0.445127 1.814397 0.999334083 0.0361012313 -0.00530018077 0 0
-0.009101 0.461629 1.814586 0.977098017 0.210199573 -0.0330999328 0 0
-0.007926 0.413307 1.768049 1 0 0 0 0
-0.007926 0.419487 1.814034 1 0 0 0 0
-0.012627 0.462868 1.76859 0.780612502 0.612509809 -0.124401992 0 0
-0.012627 0.453312 1.725092 0.764006112 0.628005024 -0.148001184 0 0
-0.019678 0.467771 1.768594 0.407416613 0.894036455 -0.186307597 0 0
-0.019678 0.457913 1.725093 0.385684691 0.897064392 -0.215691438 0 0
-0.012627 0.471338 1.814657 0.79781032 0.594807694 -0.0985012741 0 0
-0.019679 0.476597 1.814667 0.431813585 0.889027969 -0.152204788 0 0
-0.012627 0.443006 1.683839 0.748998019 0.640998305 -0.167699556 0 0
-0.019678 0.447364 1.683839 0.367600618 0.89880151 -0.238800401 0 0
-0.009101 0.472788 1.913136 0.981455365 0.191110781 -0.0149008406 0 0
-0.007926 0.450874 1.863311 0.999397851 0.0344999258 -0.00369999205 0 0
-0.009101 0.468109 1.863531 0.979511162 0.200002279 -0.0236002689 0 0
-0.007926 0.454891 1.91288 0.999442707 0.033301423 -0.00230009829 0 0
-0.007926 0.424334 1.862899 1 0 0 0 0
-0.007926 0.427615 1.912416 1 0 0 0 0
-0.007926 0.456888 1.960876 0.999474764 0.0323991819 -0.000699982326 0 0
-0.009101 0.475322 1.961173 0.982891297 0.18409837 -0.00569994953 0 0
-0.007926 0.429094 1.960357 1 0 0 0 0
-0.012627 0.486652 1.961316 0.842036423 0.539023316 -0.0207008954 0 0
-0.012627 0.483621 1.913249 0.829769496 0.556046571 -0.0479040121 0 0
-0.019679 0.493134 1.96137 0.504027357 0.862846832 -0.038102068 0 0
-0.019679 0.489705 1.913284 0.482226936 0.872348726 -0.0804044911 0 0
-0.012627 0.478386 1.86362 0.814744417 0.57523136 -0.072803969 0 0
-0.019679 0.484051 1.86364 0.457502118 0.881504081 -0.116800541 0 0
-0.776865 0.068405 1.90401 -0.998425076 -0.056101409 0 0 0
-0.776192 0.061224 1.951178 -0.978253805 -0.207411408 0 0 0
-0.776865 0.068405 1.951256 -0.998425076 -0.056101409 0 0 0
-0.776191 0.061224 1.903938 -0.978253805 -0.207411408 0 0 0
-0.774845 0.057219 1.951178 -0.858804839 -0.512302887 0 0 0
-0.774844 0.057219 1.903938 -0.858804839 -0.512302887 0 0 0
-0.776191 0.061224 1.855173 -0.97823351 -0.207507108 0 0 0
-0.776865 0.068405 1.855238 -0.998425076 -0.056101409 0 0 0
-0.776191 0.061224 1.807071 -0.97823351 -0.207507108 0 0 0
-0.776865 0.068405 1.80713 -0.998425076 -0.056101409 0 0 0
-0.774844 0.057219 1.855173 -0.858804839 -0.512302887 0 0 0
-0.774844 0.057219 1.807071 -0.858804839 -0.512302887 0 0 0
-0.777089 0.080334 1.855434 -0.999955814 -0.0094005247 0 0 0
-0.777089 0.080334 1.904224 -0.999955814 -0.0094005247 0 0 0
-0.777089 0.098585 1.855826 -1 0 0 0 0
-0.777089 0.098585 1.904654 -1 0 0 0 0
-0.777089 0.080334 1.807307 -0.999955814 -0.0094005247 0 0 0
-0.777089 0.098585 1.80766 -1 0 0 0 0
-0.77709 0.080334 1.951488 -0.999955814 -0.0094005247 0 0 0
-0.77709 0.098585 1.951952 -1 0 0 0 0
-0.776865 0.068405 1.719135 -0.998425076 -0.056101409 0 0 0
-0.776191 0.061224 1.76182 -0.97823351 -0.207507108 0 0 0
-0.776865 0.068405 1.761873 -0.998425076 -0.056101409 0 0 0
-0.776191 0.061224 1.719088 -0.97823351 -0.207507108 0 0 0
-0.774844 0.057219 1.76182 -0.858804839 -0.512302887 0 0 0
-0.774844 0.057219 1.719088 -0.858804839 -0.512302887 0 0 0
-0.776191 0.061224 1.678541 -0.97823351 -0.207507108 0 0 0
-0.776865 0.068405 1.678582 -0.998425076 -0.056101409 0 0 0
-0.774844 0.057219 1.678541 -0.858804839 -0.512302887 0 0 0
-0.777089 0.080334 1.678706 -0.999955814 -0.0094005247 0 0 0
-0.777089 0.080334 1.719275 -0.999955814 -0.0094005247 0 0 0
-0.777089 0.098585 1.678955 -1 0 0 0 0
-0.777089 0.098585 1.719557 -1 0 0 0 0
-0.777089 0.080334 1.762031 -0.999955814 -0.0094005247 0 0 0
-0.777089 0.098585 1.762348 -1 0 0 0 0
-0.776865 0.472788 1.913136 -0.999281144 0.0377992867 -0.00289994528 0 0
-0.77709 0.456888 1.960876 -0.999980776 0.00619988081 -9.99980776e-05 0 0
-0.776865 0.475322 1.961173 -0.999340279 0.0363014632 -0.00110004434 0 0
-0.77709 0.454891 1.91288 -0.999980076 0.00629987448 -0.00039999203 0 0
-0.77709 0.429094 1.960358 -1 0 0 0 0
-0.77709 0.427615 1.912416 -1 0 0 0 0
-0.777089 0.450874 1.863311 -0.999977976 0.00659985464 -0.000699984583 0 0
-0.776865 0.468109 1.863531 -0.99920059 0.0397000234 -0.00470000277 0 0
-0.777089 0.445127 1.814397 -0.999975696 0.0068998323 -0.000999975696 0 0
-0.776865 0.461629 1.814586 -0.99910001 0.0419000004 -0.00660000007 0 0
-0.777089 0.424334 1.862899 -1 0 0 0 0
-0.777089 0.419487 1.814034 -1 0 0 0 0
-0.776191 0.478386 1.86362 -0.988465691 0.150209983 -0.0193012827 0 0
-0.776191 0.483621 1.913249 -0.98993252 0.141004632 -0.0123004041 0 0
-0.774844 0.484051 1.86364 -0.915470074 0.398786964 -0.0536982446 0 0
-0.774845 0.489705 1.913284 -0.9252721 0.377629426 -0.0356027743 0 0
-0.776191 0.471338 1.814657 -0.986651539 0.16060839 -0.0269014052 0 0
-0.774844 0.476597 1.814667 -0.90401399 0.421206518 -0.0731011312 0 0
-0.776191 0.486652 1.961316 -0.991047249 0.13340636 -0.0053002527 0 0
-0.774845 0.493134 1.96137 -0.9329993 0.35949973 -0.0164999876 0 0
-0.776865 0.44463 1.725044 -0.998856192 0.0466026217 -0.010700602 0 0
-0.777089 0.437944 1.768369 -0.999973236 0.0071998073 -0.00129996521 0 0
-0.776865 0.453695 1.768532 -0.998985715 0.044199368 -0.00859987702 0 0
-0.777089 0.429627 1.724902 -0.999969841 0.00759977079 -0.00159995175 0 0
-0.777089 0.413307 1.768049 -1 0 0 0 0
-0.777089 0.406064 1.72462 -1 0 0 0 0
-0.777089 0.42048 1.683674 -0.999966985 0.00790052923 -0.00190012728 0 0
-0.776865 0.434759 1.683798 -0.998725393 0.0489012433 -0.0125003178 0 0
-0.777089 0.398025 1.683425 -1 0 0 0 0
-0.776191 0.443006 1.683839 -0.980592876 0.189598623 -0.0498996375 0 0
-0.776191 0.453312 1.725092 -0.982576698 0.180814114 -0.0430033568 0 0
-0.774844 0.447364 1.683839 -0.868835984 0.47831981 -0.127805293 0 0
-0.774844 0.457913 1.725093 -0.879793995 0.461996847 -0.111899236 0 0
-0.776191 0.462868 1.76859 -0.984661061 0.170910598 -0.0351021768 0 0
-0.774844 0.467771 1.768594 -0.891810358 0.442705142 -0.0932010825 0 0
-0.056267 0.068444 2.173894 0.049701045 -0.466509808 0.883118568 0 0
-0.033259 0.061848 2.166947 0.162111051 -0.731449865 0.662345154 0 0
-0.031888 0.068561 2.171646 0.217311846 -0.451224597 0.865547182 0 0
-0.05661 0.06138 2.16866 0.038401039 -0.739720013 0.671818176 0 0
-0.034173 0.058354 2.161142 0.118602593 -0.90941988 0.398608714 0 0
-0.056838 0.057503 2.162175 0.0300008375 -0.91562556 0.400911192 0 0
-0.102111 0.061224 2.169231 0.00560017193 -0.743222817 0.669020539 0 0
-0.102111 0.068405 2.174644 0.00739995926 -0.473997391 0.880495153 0 0
-0.177574 0.061224 2.169231 0 -0.744228263 0.667925365 0 0
-0.177574 0.068405 2.174644 0 -0.47582239 0.879541388 0 0
-0.102111 0.057219 2.16252 0.00440029672 -0.916361792 0.400326995 0 0
-0.177574 0.057219 2.16252 0 -0.916460044 0.400126215 0 0
-0.102111 0.080334 2.178941 0.00879996124 -0.259898855 0.965595747 0 0
-0.056153 0.080334 2.178097 0.05780098 -0.254604317 0.965316367 0 0
-0.102111 0.098585 2.182307 0.00949978958 -0.140196895 0.99007807 0 0
-0.056153 0.098585 2.18142 0.0623007841 -0.137701733 0.988512441 0 0
-0.177574 0.080334 2.178941 0 -0.261009776 0.965336157 0 0
-0.177574 0.098585 2.182307 0 -0.140595334 0.990067145 0 0
-0.031431 0.080334 2.175565 0.244596222 -0.238696313 0.939785485 0 0
-0.031431 0.098585 2.178756 0.259315827 -0.128107819 0.957258423 0 0
-0.421981 0.068405 2.174644 0 -0.47582239 0.879541388 0 0
-0.29081 0.061224 2.169231 0 -0.744228263 0.667925365 0 0
-0.29081 0.068405 2.174644 0 -0.47582239 0.879541388 0 0
-0.421981 0.061224 2.169231 0 -0.744228263 0.667925365 0 0
-0.29081 0.057219 2.162519 0 -0.916460044 0.400126215 0 0
-0.421981 0.057219 2.162519 0 -0.916460044 0.400126215 0 0
-0.551251 0.061224 2.169231 0 -0.744228263 0.667925365 0 0
-0.551251 0.068405 2.174644 0 -0.47582239 0.879541388 0 0
-0.658782 0.061224 2.169231 0 -0.744228263 0.667925365 0 0
-0.658782 0.068405 2.174644 0 -0.47582239 0.879541388 0 0
-0.551251 0.057219 2.162519 0 -0.916460044 0.400126215 0 0
-0.658782 0.057219 2.162519 0 -0.916460044 0.400126215 0 0
-0.551251 0.080334 2.178941 0 -0.261009776 0.965336157 0 0
-0.421981 0.080334 2.178941 0 -0.261009776 0.965336157 0 0
-0.551251 0.098585 2.182307 0 -0.140595334 0.990067145 0 0
-0.421981 0.098585 2.182307 0 -0.140595334 0.990067145 0 0
-0.658782 0.080334 2.178941 0 -0.261009776 0.965336157 0 0
-0.658782 0.098585 2.182307 0 -0.140595334 0.990067145 0 0
-0.29081 0.080334 2.178941 0 -0.261009776 0.965336157 0 0
-0.29081 0.098585 2.182307 0 -0.140595334 0.990067145 0 0
-0.759265 0.068444 2.173894 -0.0865060959 -0.462932622 0.882162164 0 0
-0.724738 0.061224 2.169231 -0.00740019544 -0.743119626 0.669117672 0 0
-0.724738 0.068405 2.174644 -0.00979980969 -0.473790799 0.880582899 0 0
-0.7592 0.06138 2.16866 -0.0664007752 -0.736008593 0.673707866 0 0
-0.724738 0.057219 2.162519 -0.00580011748 -0.91631856 0.40040811 0 0
-0.759156 0.057503 2.162175 -0.0516022736 -0.914440291 0.401417687 0 0
-0.77225 0.061848 2.166947 -0.499204383 -0.634205568 0.590405184 0 0
-0.772512 0.068561 2.171646 -0.567117777 -0.37771184 0.731922942 0 0
-0.772076 0.058354 2.161142 -0.423216343 -0.828231983 0.367314184 0 0
-0.7726 0.080334 2.175565 -0.604909612 -0.197503138 0.771412258 0 0
-0.759287 0.080334 2.178097 -0.101502656 -0.253006621 0.962125179 0 0
-0.7726 0.098585 2.178756 -0.624127634 -0.105004649 0.77423428 0 0
-0.759287 0.098585 2.181419 -0.109597325 -0.137096654 0.984475969 0 0
-0.724738 0.080334 2.178941 -0.0116999047 -0.259797884 0.965592135 0 0
-0.724738 0.098585 2.182307 -0.0126007134 -0.140107932 0.990056054 0 0
-0.056267 0.428802 2.187551 0.0482003728 0.258502 0.964807463 0 0
-0.031431 0.413058 2.18795 0.242716591 0.108007383 0.964065901 0 0
-0.031888 0.429795 2.185233 0.211399301 0.247299183 0.945596875 0 0
-0.056153 0.411922 2.190517 0.0570999412 0.118599878 0.991298979 0 0
-0.031431 0.389387 2.189438 0.260408362 0.0331010629 0.964930984 0 0
-0.056153 0.388393 2.192119 0.0624002805 0.0386001735 0.997304483 0 0
-0.102111 0.411544 2.191373 0.00860005586 0.122700797 0.992406446 0 0
-0.102111 0.428471 2.188323 0.00719990439 0.264396489 0.964387193 0 0
-0.177574 0.411544 2.191373 0 0.123702413 0.99231936 0 0
-0.177574 0.428471 2.188323 0 0.265807225 0.964026203 0 0
-0.102111 0.388061 2.193013 0.00950032629 0.040501391 0.999134316 0 0
-0.177574 0.388061 2.193013 0 0.0409025847 0.999163139 0 0
-0.102111 0.440729 2.18371 0.00560006673 0.455905432 0.890010605 0 0
-0.05661 0.440842 2.183095 0.0381017019 0.452520212 0.890939795 0 0
-0.102111 0.450208 2.177376 0.00480010942 0.625614261 0.780117783 0 0
-0.056838 0.450028 2.176973 0.0326011122 0.625021323 0.779926608 0 0
-0.177574 0.440729 2.18371 0 0.456907343 0.889514295 0 0
-0.177574 0.450208 2.177376 0 0.625682325 0.780077963 0 0
-0.033259 0.441182 2.181252 0.163406205 0.445716924 0.880133419 0 0
-0.034173 0.44949 2.175764 0.131309935 0.619846896 0.773658533 0 0
-0.421981 0.428471 2.188323 0 0.265807225 0.964026203 0 0
-0.29081 0.411544 2.191373 0 0.123702413 0.99231936 0 0
-0.29081 0.428471 2.188323 0 0.265807225 0.964026203 0 0
-0.421981 0.411544 2.191373 0 0.123702413 0.99231936 0 0
-0.29081 0.388061 2.193013 0 0.0409025847 0.999163139 0 0
-0.421981 0.388061 2.193013 0 0.0409025847 0.999163139 0 0
-0.551251 0.411544 2.191373 0 0.123702413 0.99231936 0 0
-0.551251 0.428471 2.188323 0 0.265900158 0.964000574 0 0
-0.658782 0.411544 2.191373 0 0.123702413 0.99231936 0 0
-0.658782 0.428471 2.188323 0 0.265900158 0.964000574 0 0
-0.551251 0.388061 2.193013 0 0.0409025847 0.999163139 0 0
-0.658782 0.388061 2.193013 0 0.0409025847 0.999163139 0 0
-0.551251 0.440729 2.183709 0 0.456907343 0.889514295 0 0
-0.421981 0.440729 2.18371 0 0.456907343 0.889514295 0 0
-0.551251 0.450208 2.177376 0 0.625682325 0.780077963 0 0
-0.421981 0.450208 2.177376 0 0.625682325 0.780077963 0 0
-0.658782 0.440729 2.183709 0 0.456907343 0.889514295 0 0
-0.658782 0.450208 2.177376 0 0.625682325 0.780077963 0 0
-0.29081 0.440729 2.183709 0 0.456907343 0.889514295 0 0
-0.29081 0.450208 2.177376 0 0.625682325 0.780077963 0 0
-0.759265 0.428802 2.187551 -0.0844052818 0.255716002 0.963060265 0 0
-0.724738 0.411544 2.191373 -0.0114997395 0.122697221 0.992377523 0 0
-0.724738 0.428471 2.188323 -0.00949994253 0.264298401 0.964394165 0 0
-0.759287 0.411922 2.190517 -0.100499822 0.117299792 0.987998251 0 0
-0.724738 0.388061 2.193013 -0.0126000011 0.0405000036 0.99910009 0 0
-0.759287 0.388393 2.192119 -0.109900907 0.0382003153 0.993208199 0 0
-0.7726 0.413058 2.18795 -0.60672578 0.0897038116 0.789833561 0 0
-0.772512 0.429795 2.185233 -0.568850767 0.205818368 0.796271062 0 0
-0.7726 0.389387 2.189438 -0.626790492 0.0278995768 0.778688187 0 0
-0.77225 0.441182 2.181252 -0.507611571 0.381708701 0.772417607 0 0
-0.7592 0.440842 2.183095 -0.0660022807 0.449515533 0.890830783 0 0
-0.772076 0.44949 2.175764 -0.449135782 0.557544419 0.698155621 0 0
-0.759156 0.450028 2.176973 -0.0559018417 0.624120562 0.779325675 0 0
-0.724738 0.440729 2.183709 -0.00740033894 0.455820877 0.890040765 0 0
-0.724738 0.450208 2.177376 -0.00630009116 0.625609053 0.780111288 0 0
-0.759265 0.068444 1.308133 -0.0522027018 -0.10260531 -0.993351412 0 0
-0.77225 0.061848 1.310478 -0.432510142 -0.333407819 -0.837719645 0 0
-0.772512 0.068561 1.309358 -0.448510966 -0.0986024109 -0.88832172 0 0
-0.7592 0.06138 1.309358 -0.0525021623 -0.359314799 -0.931738374 0 0
-0.772076 0.058354 1.312694 -0.411598349 -0.657497363 -0.631097469 0 0
-0.759156 0.057503 1.311802 -0.0523988451 -0.720584119 -0.691384762 0 0
-0.724738 0.061224 1.308985 -0.00590001906 -0.359301161 -0.933203014 0 0
-0.724738 0.068405 1.307725 -0.00589982543 -0.103896926 -0.994570571 0 0
-0.658782 0.061224 1.308985 0 -0.359394501 -0.933185722 0 0
-0.658782 0.068405 1.307725 0 -0.104205841 -0.994555751 0 0
-0.724738 0.057219 1.311504 -0.00589992171 -0.721690423 -0.692190815 0 0
-0.658782 0.057219 1.311504 0 -0.721702984 -0.692202862 0 0
-0.724738 0.080334 1.307305 -0.00600017314 -0.017500505 -0.99982885 0 0
-0.759287 0.080334 1.307725 -0.0529029105 -0.0170009353 -0.998454932 0 0
-0.724738 0.098585 1.307305 -0.00609988651 0 -0.999981396 0 0
-0.759287 0.098585 1.307725 -0.0531991435 0 -0.998583923 0 0
-0.658782 0.080334 1.307305 0 -0.0176007938 -0.999845094 0 0
-0.658782 0.098585 1.307305 0 0 -1 0 0
-0.772599 0.080334 1.308985 -0.450791863 -0.0160997094 -0.892483891 0 0
-0.772599 0.098585 1.308985 -0.451687866 0 -0.892176032 0 0
-0.421981 0.068405 1.307725 0 -0.104205841 -0.994555751 0 0
-0.551251 0.061224 1.308985 0 -0.359394501 -0.933185722 0 0
-0.551251 0.068405 1.307725 0 -0.104205841 -0.994555751 0 0
-0.421981 0.061224 1.308985 0 -0.359394501 -0.933185722 0 0
-0.551251 0.057219 1.311504 0 -0.721702984 -0.692202862 0 0
-0.421981 0.057219 1.311504 0 -0.721702984 -0.692202862 0 0
-0.29081 0.061224 1.308985 0 -0.359394501 -0.933185722 0 0
-0.29081 0.068405 1.307725 0 -0.104205841 -0.994555751 0 0
-0.177574 0.061224 1.308985 0 -0.359394501 -0.933185722 0 0
-0.177574 0.068405 1.307725 0 -0.104205841 -0.994555751 0 0
-0.29081 0.057219 1.311504 0 -0.721702984 -0.692202862 0 0
-0.177574 0.057219 1.311504 0 -0.721702984 -0.692202862 0 0
-0.29081 0.080334 1.307305 0 -0.0176007938 -0.999845094 0 0
-0.421981 0.080334 1.307305 0 -0.0176007938 -0.999845094 0 0
-0.29081 0.098585 1.307305 0 0 -1 0 0
-0.421981 0.098585 1.307305 0 0 -1 0 0
-0.177574 0.080334 1.307305 0 -0.0176007938 -0.999845094 0 0
-0.177574 0.098585 1.307305 0 0 -1 0 0
-0.551251 0.080334 1.307305 0 -0.0176007938 -0.999845094 0 0
-0.551251 0.098585 1.307305 0 0 -1 0 0
-0.056267 0.068444 1.308133 0.0300010498 -0.103903636 -0.994134785 0 0
-0.102111 0.061224 1.308985 0.00449988559 -0.359390863 -0.933176274 0 0
-0.102111 0.068405 1.307725 0.00449989961 -0.103897682 -0.994577811 0 0
-0.056609 0.06138 1.309358 0.030600885 -0.361610458 -0.931826949 0 0
-0.102111 0.057219 1.311504 0.00449997305 -0.721695677 -0.692195854 0 0
-0.056838 0.057503 1.311802 0.0303012516 -0.721329795 -0.691928581 0 0
-0.033259 0.061848 1.310478 0.129201332 -0.380503923 -0.915709441 0 0
-0.031888 0.068561 1.309358 0.134503907 -0.114903338 -0.984228592 0 0
-0.034173 0.058354 1.312694 0.115107959 -0.717149589 -0.687347528 0 0
-0.031431 0.080334 1.308985 0.131505674 -0.0185007982 -0.991142764 0 0
-0.056152 0.080334 1.307725 0.030000057 -0.0172000327 -0.999401899 0 0
-0.031431 0.098585 1.308985 0.13060455 0 -0.991434542 0 0
-0.056152 0.098585 1.307725 0.0300014964 0 -0.999549854 0 0
-0.102111 0.080334 1.307305 0.00450016529 -0.0175006428 -0.999836725 0 0
-0.102111 0.098585 1.307305 0.00449995444 0 -0.999989875 0 0
-0.759265 0.322527 1.308133 -0.0486004335 0.111200992 -0.992608854 0 0
-0.772599 0.314534 1.308985 -0.447088566 0.0194995013 -0.894277129 0 0
-0.772512 0.323223 1.309358 -0.428620116 0.101704773 -0.897742132 0 0
-0.759287 0.313738 1.307725 -0.0521990041 0.0225995688 -0.998380951 0 0
-0.772599 0.302957 1.308985 -0.451728166 0 -0.892155628 0 0
-0.759287 0.30224 1.307725 -0.0531991435 0 -0.998583923 0 0
-0.724738 0.313473 1.307305 -0.00590002401 0.0236000961 -0.999704069 0 0
-0.724738 0.322295 1.307725 -0.00550024919 0.113305133 -0.993545014 0 0
-0.658782 0.313473 1.307305 0 0.0238003983 -0.99971673 0 0
-0.658782 0.322295 1.307725 0 0.113800416 -0.993503631 0 0
-0.724738 0.302002 1.307305 -0.00609988651 0 -0.999981396 0 0
-0.658782 0.302002 1.307305 0 0 -1 0 0
-0.724738 0.329195 1.308985 -0.00480007486 0.293604579 -0.955914908 0 0
-0.7592 0.329291 1.309358 -0.0426988954 0.292292438 -0.955375285 0 0
-0.724738 0.334899 1.311504 -0.00430015418 0.519218617 -0.854630643 0 0
-0.759156 0.334816 1.311802 -0.0381028996 0.518439452 -0.854265008 0 0
-0.658782 0.329195 1.308985 0 0.293910162 -0.955833048 0 0
-0.658782 0.334899 1.311504 0 0.519296456 -0.854594167 0 0
-0.77225 0.329579 1.310478 -0.385600353 0.270900248 -0.882000807 0 0
-0.772076 0.334566 1.312694 -0.341603503 0.486204986 -0.804308248 0 0
-0.421981 0.322295 1.307725 0 0.113800416 -0.993503631 0 0
-0.551251 0.313473 1.307305 0 0.0238003983 -0.99971673 0 0
-0.551251 0.322295 1.307725 0 0.113800416 -0.993503631 0 0
-0.421981 0.313473 1.307305 0 0.0238003983 -0.99971673 0 0
-0.551251 0.302002 1.307305 0 0 -1 0 0
-0.421981 0.302002 1.307305 0 0 -1 0 0
-0.29081 0.313473 1.307305 0 0.0238003983 -0.99971673 0 0
-0.29081 0.322295 1.307725 0 0.113800416 -0.993503631 0 0
-0.177574 0.313473 1.307305 0 0.0238003983 -0.99971673 0 0
-0.177574 0.322295 1.307725 0 0.113800416 -0.993503631 0 0
-0.29081 0.302002 1.307305 0 0 -1 0 0
-0.177574 0.302002 1.307305 0 0 -1 0 0
-0.29081 0.329195 1.308985 0 0.293910162 -0.955833048 0 0
-0.421981 0.329195 1.308985 0 0.293910162 -0.955833048 0 0
-0.29081 0.334899 1.311504 0 0.519296456 -0.854594167 0 0
-0.421981 0.334899 1.311504 0 0.519296456 -0.854594167 0 0
-0.177574 0.329195 1.308985 0 0.293910162 -0.955833048 0 0
-0.177574 0.334899 1.311504 0 0.519296456 -0.854594167 0 0
-0.551251 0.329195 1.308985 0 0.293910162 -0.955833048 0 0
-0.551251 0.334899 1.311504 0 0.519296456 -0.854594167 0 0
-0.056267 0.322527 1.308133 0.0277998514 0.113099395 -0.993194691 0 0
-0.102111 0.313473 1.307305 0.00450005108 0.0236002679 -0.999711347 0 0
-0.102111 0.322295 1.307725 0.00410016684 0.113404615 -0.993540428 0 0
-0.056152 0.313738 1.307725 0.0294999358 0.0230999498 -0.999297827 0 0
-0.102111 0.302002 1.307305 0.00449995444 0 -0.999989875 0 0
-0.056152 0.30224 1.307725 0.0300014964 0 -0.999549854 0 0
-0.031431 0.314534 1.308985 0.129806394 0.0240011823 -0.99124883 0 0
-0.031888 0.323223 1.309358 0.123100461 0.121700456 -0.984903688 0 0
-0.031431 0.302957 1.308985 0.13060455 0 -0.991434542 0 0
-0.033259 0.329579 1.310478 0.102701375 0.306504103 -0.946312666 0 0
-0.056609 0.329291 1.309358 0.0246993051 0.294691709 -0.955273124 0 0
-0.034173 0.334566 1.312694 0.0862006392 0.517703839 -0.851206312 0 0
-0.056838 0.334816 1.311802 0.0220997828 0.518994898 -0.8544916 0 0
-0.102111 0.329195 1.308985 0.00360007429 0.293606059 -0.955919726 0 0
-0.102111 0.334899 1.311504 0.00320012794 0.519220759 -0.854634169 0 0
-0.056267 0.054004 2.143939 0.0280013266 -0.997047236 0.0715033876 0 0
-0.031431 0.054816 2.130735 0.125004998 -0.992039663 0.0152006077 0 0
-0.031888 0.055172 2.144136 0.124301654 -0.989213167 0.0775010315 0 0
-0.056153 0.053615 2.130472 0.0284996758 -0.999488631 0.0144998351 0 0
-0.031431 0.054816 2.113259 0.124797761 -0.9921822 0 0 0
-0.056152 0.053615 2.113127 0.0285997409 -0.999590944 0 0 0
-0.102111 0.053214 2.130384 0.00429992563 -0.999882707 0.0146997458 0 0
-0.102111 0.053615 2.143873 0.00420007289 -0.99741731 0.0717012444 0 0
-0.177574 0.053214 2.130384 0 -0.999890476 0.014799859 0 0
-0.177574 0.053615 2.143873 0 -0.997404608 0.0720003326 0 0
-0.102111 0.053214 2.113083 0.00429996025 -0.999990755 0 0 0
-0.177574 0.053214 2.113083 0 -1 0 0 0
-0.102111 0.054816 2.154326 0.00410005047 -0.980112065 0.198402442 0 0
-0.05661 0.055172 2.154221 0.0279011279 -0.979539599 0.199308057 0 0
-0.177574 0.054816 2.154326 0 -0.980100853 0.198500173 0 0
-0.033259 0.05624 2.153905 0.118400879 -0.970807203 0.208601548 0 0
-0.421981 0.053615 2.143873 0 -0.997404608 0.0720003326 0 0
-0.29081 0.053214 2.130384 0 -0.999890476 0.014799859 0 0
-0.29081 0.053615 2.143873 0 -0.997404608 0.0720003326 0 0
-0.421981 0.053214 2.130384 0 -0.999890476 0.014799859 0 0
-0.29081 0.053214 2.113083 0 -1 0 0 0
-0.421981 0.053214 2.113083 0 -1 0 0 0
-0.551251 0.053214 2.130384 0 -0.999890476 0.014799859 0 0
-0.551251 0.053615 2.143873 0 -0.997404608 0.0720003326 0 0
-0.658782 0.053214 2.130384 0 -0.999890476 0.014799859 0 0
-0.658782 0.053615 2.143873 0 -0.997404608 0.0720003326 0 0
-0.551251 0.053214 2.113083 0 -1 0 0 0
-0.658782 0.053214 2.113083 0 -1 0 0 0
-0.551251 0.054816 2.154326 0 -0.980100853 0.198500173 0 0
-0.421981 0.054816 2.154326 0 -0.980100853 0.198500173 0 0
-0.658782 0.054816 2.154326 0 -0.980100853 0.198500173 0 0
-0.29081 0.054816 2.154326 0 -0.980100853 0.198500173 0 0
-0.759265 0.054004 2.143939 -0.0489006076 -0.996312379 0.070500876 0 0
-0.724738 0.053214 2.130384 -0.00570043148 -0.999875683 0.0147011128 0 0
-0.724738 0.053615 2.143873 -0.00550006078 -0.997411021 0.0717007923 0 0
-0.759287 0.053615 2.130472 -0.0503016678 -0.99863311 0.0142004708 0 0
-0.724738 0.053214 2.113083 -0.00579990245 -0.99998318 0 0 0
-0.759287 0.053615 2.113127 -0.0508004488 -0.998708824 0 0 0
-0.7726 0.054816 2.130735 -0.437509612 -0.899119754 0.0130002856 0 0
-0.772512 0.055172 2.144136 -0.431489638 -0.899678394 0.0662984079 0 0
-0.7726 0.054816 2.113259 -0.439195784 -0.898391375 0 0 0
-0.77225 0.05624 2.153905 -0.418225452 -0.889654142 0.183311156 0 0
-0.7592 0.055172 2.154221 -0.0479023995 -0.979049042 0.197909914 0 0
-0.724738 0.054816 2.154326 -0.00540003313 -0.980106013 0.198401217 0 0
-0.759265 0.054004 1.322238 -0.049902758 -0.992554855 -0.11110614 0 0
-0.724738 0.054816 1.315704 -0.00570008405 -0.938913844 -0.344105074 0 0
-0.724738 0.053615 1.322197 -0.00559983232 -0.993670245 -0.11219664 0 0
-0.7592 0.055172 1.315867 -0.0505992845 -0.937386746 -0.344595127 0 0
-0.658782 0.054816 1.315704 0 -0.938896784 -0.344198821 0 0
-0.658782 0.053615 1.322197 0 -0.99365107 -0.112505782 0 0
-0.77225 0.05624 1.316357 -0.424509218 -0.845618363 -0.323607027 0 0
-0.772512 0.055172 1.322361 -0.43649474 -0.893189237 -0.108098697 0 0
-0.772599 0.054816 1.331599 -0.438224259 -0.898649746 -0.0197010906 0 0
-0.759287 0.053615 1.331599 -0.0505005843 -0.998511553 -0.0206002383 0 0
-0.772599 0.054816 1.344524 -0.439195784 -0.898391375 0 0 0
-0.759287 0.053615 1.344524 -0.0508004488 -0.998708824 0 0 0
-0.724738 0.053214 1.331599 -0.00569977845 -0.99976114 -0.0210991799 0 0
-0.658782 0.053214 1.331599 0 -0.999773141 -0.0212994278 0 0
-0.724738 0.053214 1.344524 -0.00579990245 -0.99998318 0 0 0
-0.658782 0.053214 1.344524 0 -1 0 0 0
-0.421981 0.053615 1.322197 0 -0.99365107 -0.112505782 0 0
-0.551251 0.053214 1.331599 0 -0.999773141 -0.0212994278 0 0
-0.551251 0.053615 1.322197 0 -0.99365107 -0.112505782 0 0
-0.421981 0.053214 1.331599 0 -0.999773141 -0.0212994278 0 0
-0.551251 0.053214 1.344524 0 -1 0 0 0
-0.421981 0.053214 1.344524 0 -1 0 0 0
-0.29081 0.053214 1.331599 0 -0.999773141 -0.0212994278 0 0
-0.29081 0.053615 1.322197 0 -0.99365107 -0.112505782 0 0
-0.177574 0.053214 1.331599 0 -0.999773141 -0.0212994278 0 0
-0.177574 0.053615 1.322197 0 -0.99365107 -0.112505782 0 0
-0.290809 0.053214 1.344524 0 -1 0 0 0
-0.177574 0.053214 1.344524 0 -1 0 0 0
-0.29081 0.054816 1.315704 0 -0.938896784 -0.344198821 0 0
-0.421981 0.054816 1.315704 0 -0.938896784 -0.344198821 0 0
-0.177574 0.054816 1.315704 0 -0.938896784 -0.344198821 0 0
-0.551251 0.054816 1.315704 0 -0.938896784 -0.344198821 0 0
-0.056267 0.054004 1.322238 0.0287007363 -0.993225482 -0.112602889 0 0
-0.102111 0.053214 1.331599 0.00429986297 -0.999768138 -0.0210993276 0 0
-0.102111 0.053615 1.322197 0.00419990305 -0.993677061 -0.11219741 0 0
-0.056152 0.053615 1.331599 0.0285992117 -0.999372453 -0.0208994239 0 0
-0.102111 0.053214 1.344524 0.00429996025 -0.999990755 0 0 0
-0.056152 0.053615 1.344524 0.0285997409 -0.999590944 0 0 0
-0.031431 0.054816 1.331599 0.12589847 -0.99178795 -0.0224997266 0 0
-0.031888 0.055172 1.322361 0.128802884 -0.983722026 -0.125302806 0 0
-0.031431 0.054816 1.344524 0.124797761 -0.9921822 0 0 0
-0.033259 0.05624 1.316357 0.124206006 -0.921844577 -0.367117752 0 0
-0.056609 0.055172 1.315867 0.0295020763 -0.937465976 -0.346824409 0 0
-0.102111 0.054816 1.315704 0.00429994552 -0.938888104 -0.344195639 0 0
-0.759265 0.466033 2.158432 -0.0689988543 0.848985903 0.523891301 0 0
-0.7726 0.471175 2.144646 -0.552396188 0.760194755 0.34199764 0 0
-0.772512 0.464082 2.158501 -0.521749618 0.728669296 0.44364219 0 0
-0.759287 0.473347 2.144483 -0.0795012899 0.907114718 0.413306706 0 0
-0.7726 0.478228 2.126624 -0.569017751 0.776524224 0.270608442 0 0
-0.759287 0.480422 2.126571 -0.0857066644 0.940073098 0.330025662 0 0
-0.724738 0.474071 2.144429 -0.00910032603 0.908532549 0.417714965 0 0
-0.724738 0.466683 2.158409 -0.00780032551 0.848135393 0.529722106 0 0
-0.658782 0.474071 2.144429 0 0.908251863 0.418423893 0 0
-0.658782 0.466683 2.158409 0 0.847542912 0.530726871 0 0
-0.724738 0.481153 2.126553 -0.00979955952 0.943057611 0.332485055 0 0
-0.658782 0.481153 2.126553 0 0.943029098 0.332710266 0 0
-0.724738 0.458794 2.169167 -0.0066000694 0.752107909 0.659006929 0 0
-0.7592 0.458342 2.169007 -0.0585996584 0.753095609 0.65529618 0 0
-0.658782 0.458794 2.169167 0 0.7516095 0.659608338 0 0
-0.77225 0.456988 2.168527 -0.476608233 0.666711518 0.573009899 0 0
-0.421981 0.466683 2.158409 0 0.847542912 0.530726871 0 0
-0.551251 0.474071 2.144429 0 0.908251863 0.418423893 0 0
-0.551251 0.466683 2.158409 0 0.847542912 0.530726871 0 0
-0.421981 0.474071 2.144429 0 0.908251863 0.418423893 0 0
-0.551251 0.481153 2.126553 0 0.943029098 0.332710266 0 0
-0.421981 0.481153 2.126553 0 0.943029098 0.332710266 0 0
-0.29081 0.474071 2.144429 0 0.908251863 0.418423893 0 0
-0.29081 0.466683 2.158409 0 0.847542912 0.530726871 0 0
-0.177574 0.474071 2.144429 0 0.908251863 0.418423893 0 0
-0.177574 0.466683 2.158409 0 0.847542912 0.530726871 0 0
-0.29081 0.481153 2.126553 0 0.943029098 0.332710266 0 0
-0.177574 0.481153 2.126553 0 0.943029098 0.332710266 0 0
-0.29081 0.458794 2.169167 0 0.7516095 0.659608338 0 0
-0.421981 0.458794 2.169167 0 0.7516095 0.659608338 0 0
-0.177574 0.458794 2.169167 0 0.7516095 0.659608338 0 0
-0.551251 0.458794 2.169167 0 0.7516095 0.659608338 0 0
-0.056267 0.466033 2.158432 0.0394003187 0.849506873 0.526104256 0 0
-0.102111 0.474071 2.144429 0.00680008388 0.908511207 0.417805154 0 0
-0.102111 0.466683 2.158409 0.00590051086 0.848073425 0.529845873 0 0
-0.056153 0.473347 2.144483 0.0451038624 0.908777822 0.414835524 0 0
-0.102111 0.481153 2.126553 0.00739982011 0.943077074 0.332491917 0 0
-0.056153 0.480422 2.126571 0.0486019815 0.94233842 0.3311135 0 0
-0.031431 0.471175 2.144646 0.194803178 0.894314591 0.402806572 0 0
-0.031888 0.464082 2.158501 0.17411258 0.838560588 0.516237299 0 0
-0.031431 0.478228 2.126624 0.206706645 0.9239297 0.321910348 0 0
-0.033259 0.456988 2.168527 0.145297725 0.744088351 0.652089792 0 0
-0.05661 0.458342 2.169007 0.0340012538 0.752927765 0.657224236 0 0
-0.102111 0.458794 2.169167 0.00500014548 0.75202188 0.659119177 0 0
-0.759265 0.344036 1.32226 -0.0439997514 0.908894865 -0.414697657 0 0
-0.77225 0.339149 1.316357 -0.363799976 0.693999955 -0.62129996 0 0
-0.772512 0.342951 1.322382 -0.404399205 0.833898361 -0.375599262 0 0
-0.7592 0.339887 1.315867 -0.0386013524 0.741425976 -0.669923471 0 0
-0.724738 0.340133 1.315704 -0.00430006403 0.740711029 -0.671810003 0 0
-0.724738 0.344398 1.322219 -0.00499990988 0.907883636 -0.419192444 0 0
-0.658782 0.340133 1.315704 0 0.740338154 -0.672234645 0 0
-0.658782 0.344398 1.322219 0 0.907519852 -0.420009188 0 0
-0.724738 0.347195 1.331685 -0.00560006647 0.984711689 -0.174102067 0 0
-0.759287 0.346795 1.331685 -0.0491984294 0.983868591 -0.171994509 0 0
-0.724738 0.348025 1.344739 -0.0058003746 0.999864573 0.0154009946 0 0
-0.759287 0.347625 1.344739 -0.0506997564 0.998595202 0.015399926 0 0
-0.658782 0.347195 1.331685 0 0.984655433 -0.174509824 0 0
-0.658782 0.348025 1.344739 0 0.999879873 0.015499688 0 0
-0.772599 0.345593 1.331685 -0.426002383 0.891604989 -0.153500859 0 0
-0.772599 0.346423 1.344739 -0.43222813 0.901658682 0.0138008982 0 0
-0.421981 0.344398 1.322219 0 0.907519852 -0.420009188 0 0
-0.551251 0.340133 1.315704 0 0.740338154 -0.672234645 0 0
-0.551251 0.344398 1.322219 0 0.907519852 -0.420009188 0 0
-0.421981 0.340133 1.315704 0 0.740338154 -0.672234645 0 0
-0.29081 0.340133 1.315704 0 0.740383342 -0.672184876 0 0
-0.29081 0.344398 1.322219 0 0.907519852 -0.420009188 0 0
-0.177574 0.340133 1.315704 0 0.740338154 -0.672234645 0 0
-0.177574 0.344398 1.322219 0 0.907519852 -0.420009188 0 0
-0.29081 0.347195 1.331685 0 0.984655433 -0.174509824 0 0
-0.421981 0.347195 1.331685 0 0.984655433 -0.174509824 0 0
-0.29081 0.348025 1.344739 0 0.999879873 0.015499688 0 0
-0.421981 0.348025 1.344739 0 0.999879873 0.015499688 0 0
-0.177574 0.347195 1.331685 0 0.984655433 -0.174509824 0 0
-0.177574 0.348025 1.344739 0 0.999879873 0.015499688 0 0
-0.551251 0.347195 1.331685 0 0.984655433 -0.174509824 0 0
-0.551251 0.348025 1.344739 0 0.999879873 0.015499688 0 0
-0.056267 0.344036 1.32226 0.0251994968 0.90888185 -0.416291687 0 0
-0.102111 0.340133 1.315704 0.00329983998 0.740664082 -0.671867419 0 0
-0.102111 0.344398 1.322219 0.00380029659 0.907870853 -0.419232718 0 0
-0.056609 0.339887 1.315867 0.0224009385 0.740731034 -0.67142813 0 0
-0.033259 0.339149 1.316357 0.0960010191 0.731907769 -0.674607161 0 0
-0.031888 0.342951 1.322382 0.114798076 0.90218488 -0.415793031 0 0
-0.031431 0.345593 1.331685 0.122897674 0.977681493 -0.170396774 0 0
-0.056152 0.346795 1.331685 0.0278999117 0.984596884 -0.172599454 0 0
-0.031431 0.346423 1.344739 0.124303295 0.992126297 0.0153004055 0 0
-0.056152 0.347625 1.344739 0.0285992082 0.99947233 0.0153995737 0 0
-0.102111 0.347195 1.331685 0.00420007867 0.984718444 -0.174103261 0 0
-0.102111 0.348025 1.344739 0.0043003103 0.999872148 0.0154011113 0 0
-0.056152 0.053615 2.064389 0.0285997409 -0.999590944 0 0 0
-0.031431 0.054816 2.032332 0.124797761 -0.9921822 0 0 0
-0.031431 0.054816 2.064402 0.124797761 -0.9921822 0 0 0
-0.056152 0.053615 2.032332 0.0285997409 -0.999590944 0 0 0
-0.031431 0.054816 1.994706 0.124797761 -0.9921822 0 0 0
-0.056152 0.053615 1.994706 0.0285997409 -0.999590944 0 0 0
-0.102111 0.053214 2.032332 0.00429996025 -0.999990755 0 0 0
-0.102111 0.053214 2.064385 0.00429996025 -0.999990755 0 0 0
-0.177574 0.053214 2.032332 0 -1 0 0 0
-0.177574 0.053214 2.064385 0 -1 0 0 0
-0.102111 0.053214 1.994706 0.00429996025 -0.999990755 0 0 0
-0.177574 0.053214 1.994706 0 -1 0 0 0
-0.102111 0.053214 2.091193 0.00429996025 -0.999990755 0 0 0
-0.056152 0.053615 2.09121 0.0285997409 -0.999590944 0 0 0
-0.177574 0.053214 2.091193 0 -1 0 0 0
-0.031431 0.054816 2.091263 0.124797761 -0.9921822 0 0 0
-0.421981 0.053214 2.064385 0 -1 0 0 0
-0.29081 0.053214 2.032332 0 -1 0 0 0
-0.29081 0.053214 2.064385 0 -1 0 0 0
-0.421981 0.053214 2.032332 0 -1 0 0 0
-0.29081 0.053214 1.994706 0 -1 0 0 0
-0.421981 0.053214 1.994706 0 -1 0 0 0
-0.551251 0.053214 2.032332 0 -1 0 0 0
-0.551251 0.053214 2.064385 0 -1 0 0 0
-0.658782 0.053214 2.032332 0 -1 0 0 0
-0.658782 0.053214 2.064385 0 -1 0 0 0
-0.551251 0.053214 1.994706 0 -1 0 0 0
-0.658782 0.053214 1.994706 0 -1 0 0 0
-0.551251 0.053214 2.091193 0 -1 0 0 0
-0.421981 0.053214 2.091193 0 -1 0 0 0
-0.658782 0.053214 2.091192 0 -1 0 0 0
-0.29081 0.053214 2.091193 0 -1 0 0 0
-0.759287 0.053615 2.064389 -0.0508004488 -0.998708824 0 0 0
-0.724738 0.053214 2.032332 -0.00579990245 -0.99998318 0 0 0
-0.724738 0.053214 2.064385 -0.00579990245 -0.99998318 0 0 0
-0.759287 0.053615 2.032332 -0.0508004488 -0.998708824 0 0 0
-0.724738 0.053214 1.994706 -0.00579990245 -0.99998318 0 0 0
-0.759287 0.053615 1.994706 -0.0508004488 -0.998708824 0 0 0
-0.7726 0.054816 2.032332 -0.439195784 -0.898391375 0 0 0
-0.7726 0.054816 2.064402 -0.439195784 -0.898391375 0 0 0
-0.772599 0.054816 1.994706 -0.439195784 -0.898391375 0 0 0
-0.7726 0.054816 2.091263 -0.439195784 -0.898391375 0 0 0
-0.759287 0.053615 2.09121 -0.0508004488 -0.998708824 0 0 0
-0.724738 0.053214 2.091192 -0.00579990245 -0.99998318 0 0 0
-0.759287 0.4935 2.076719 -0.0894035199 0.980338597 0.175906926 0 0
-0.772599 0.495852 2.04402 -0.57491859 0.814426335 0.0786025417 0 0
-0.7726 0.49133 2.076687 -0.577680041 0.803372244 0.144495008 0 0
-0.759287 0.497973 2.044053 -0.0884064141 0.991571941 0.0947068712 0 0
-0.772599 0.498004 2.005717 -0.567595547 0.823193542 0.0136998925 0 0
-0.759287 0.500051 2.005741 -0.0856012922 0.996215038 0.0151002279 0 0
-0.724738 0.498681 2.044064 -0.0101997219 0.995472854 0.0944974231 0 0
-0.724738 0.494223 2.07673 -0.0103004739 0.984245286 0.176508121 0 0
-0.658782 0.498681 2.044064 0 0.995534043 0.0944032282 0 0
-0.658782 0.494223 2.07673 0 0.984317989 0.176403224 0 0
-0.724738 0.500733 2.005749 -0.00980048724 0.999849709 0.014300711 0 0
-0.658782 0.500733 2.005749 0 0.99990059 0.0141000083 0 0
-0.724738 0.488126 2.104106 -0.0102003053 0.966328923 0.257107695 0 0
-0.759287 0.487395 2.104104 -0.0886074783 0.962681249 0.255721583 0 0
-0.658782 0.488126 2.104106 0 0.966354344 0.257214465 0 0
-0.7726 0.485201 2.104097 -0.575854697 0.790275064 0.209419892 0 0
-0.421981 0.494223 2.07673 0 0.984317989 0.176403224 0 0
-0.551251 0.498681 2.044064 0 0.995534043 0.0944032282 0 0
-0.551251 0.494223 2.07673 0 0.984317989 0.176403224 0 0
-0.421981 0.498681 2.044064 0 0.995534043 0.0944032282 0 0
-0.551251 0.500733 2.005749 0 0.99990059 0.0141000083 0 0
-0.421981 0.500733 2.005749 0 0.99990059 0.0141000083 0 0
-0.29081 0.498681 2.044064 0 0.995534043 0.0944032282 0 0
-0.29081 0.494223 2.07673 0 0.984317989 0.176403224 0 0
-0.177574 0.498681 2.044064 0 0.995534043 0.0944032282 0 0
-0.177574 0.494223 2.07673 0 0.984317989 0.176403224 0 0
-0.29081 0.500733 2.005749 0 0.99990059 0.0141000083 0 0
-0.177574 0.500733 2.005749 0 0.99990059 0.0141000083 0 0
-0.29081 0.488126 2.104106 0 0.966354344 0.257214465 0 0
-0.421981 0.488126 2.104106 0 0.966354344 0.257214465 0 0
-0.177574 0.488126 2.104106 0 0.966354344 0.257214465 0 0
-0.551251 0.488126 2.104106 0 0.966354344 0.257214465 0 0
-0.056152 0.4935 2.076719 0.0506988073 0.982976876 0.176595846 0 0
-0.102111 0.498681 2.044064 0.00759996861 0.995495889 0.0944996097 0 0
-0.102111 0.494223 2.07673 0.00769977659 0.984271442 0.176494879 0 0
-0.056152 0.497973 2.044053 0.0501003091 0.994206134 0.0951005868 0 0
-0.102111 0.500733 2.005749 0.00740052068 0.999870348 0.0143010062 0 0
-0.056152 0.500051 2.005741 0.0485003642 0.9987075 0.0152001142 0 0
-0.031431 0.495852 2.04402 0.212303056 0.972614001 0.0946013618 0 0
-0.031431 0.49133 2.076687 0.21471322 0.96115918 0.173410677 0 0
-0.031431 0.498004 2.005717 0.206096623 0.978383969 0.0169997215 0 0
-0.031431 0.485201 2.104097 0.212903404 0.944415101 0.250504006 0 0
-0.056152 0.487394 2.104104 0.0502006365 0.965212239 0.256603254 0 0
-0.102111 0.488126 2.104106 0.00760040336 0.966351286 0.257113645 0 0
-0.056152 0.053615 1.567737 0.0285997409 -0.999590944 0 0 0
-0.031431 0.054816 1.535761 0.124797761 -0.9921822 0 0 0
-0.031431 0.054816 1.567737 0.124797761 -0.9921822 0 0 0
-0.056152 0.053615 1.535761 0.0285997409 -0.999590944 0 0 0
-0.031431 0.054816 1.507462 0.124797761 -0.9921822 0 0 0
-0.056152 0.053615 1.507462 0.0285997409 -0.999590944 0 0 0
-0.102111 0.053214 1.535761 0.00429996025 -0.999990755 0 0 0
-0.102111 0.053214 1.567737 0.00429996025 -0.999990755 0 0 0
-0.177574 0.053214 1.535761 0 -1 0 0 0
-0.177574 0.053214 1.567737 0 -1 0 0 0
-0.102111 0.053214 1.507462 0.00429996025 -0.999990755 0 0 0
-0.177574 0.053214 1.507462 0 -1 0 0 0
-0.102111 0.053214 1.602672 0.00429996025 -0.999990755 0 0 0
-0.056152 0.053615 1.602672 0.0285997409 -0.999590944 0 0 0
-0.102111 0.053214 1.639847 0.00429996025 -0.999990755 0 0 0
-0.056152 0.053615 1.639847 0.0285997409 -0.999590944 0 0 0
-0.177574 0.053214 1.602672 0 -1 0 0 0
-0.177574 0.053214 1.639847 0 -1 0 0 0
-0.031431 0.054816 1.602672 0.124797761 -0.9921822 0 0 0
-0.031431 0.054816 1.639847 0.124797761 -0.9921822 0 0 0
-0.421981 0.053214 1.567737 0 -1 0 0 0
-0.29081 0.053214 1.535761 0 -1 0 0 0
-0.29081 0.053214 1.567737 0 -1 0 0 0
-0.421981 0.053214 1.535761 0 -1 0 0 0
-0.290809 0.053214 1.507462 0 -1 0 0 0
-0.421981 0.053214 1.507462 0 -1 0 0 0
-0.551251 0.053214 1.535761 0 -1 0 0 0
-0.551251 0.053214 1.567737 0 -1 0 0 0
-0.658782 0.053214 1.535761 0 -1 0 0 0
-0.658782 0.053214 1.567737 0 -1 0 0 0
-0.551251 0.053214 1.507462 0 -1 0 0 0
-0.658782 0.053214 1.507462 0 -1 0 0 0
-0.551251 0.053214 1.602672 0 -1 0 0 0
-0.421981 0.053214 1.602672 0 -1 0 0 0
-0.551251 0.053214 1.639847 0 -1 0 0 0
-0.421981 0.053214 1.639847 0 -1 0 0 0
-0.658782 0.053214 1.602672 0 -1 0 0 0
-0.658782 0.053214 1.639847 0 -1 0 0 0
-0.29081 0.053214 1.602672 0 -1 0 0 0
-0.29081 0.053214 1.639847 0 -1 0 0 0
-0.759287 0.053615 1.567737 -0.0508004488 -0.998708824 0 0 0
-0.724738 0.053214 1.535761 -0.00579990245 -0.99998318 0 0 0
-0.724738 0.053214 1.567737 -0.00579990245 -0.99998318 0 0 0
-0.759287 0.053615 1.535761 -0.0508004488 -0.998708824 0 0 0
-0.724738 0.053214 1.507462 -0.00579990245 -0.99998318 0 0 0
-0.759287 0.053615 1.507462 -0.0508004488 -0.998708824 0 0 0
-0.772599 0.054816 1.535761 -0.439195784 -0.898391375 0 0 0
-0.772599 0.054816 1.567737 -0.439195784 -0.898391375 0 0 0
-0.772599 0.054816 1.507462 -0.439195784 -0.898391375 0 0 0
-0.772599 0.054816 1.602672 -0.439195784 -0.898391375 0 0 0
-0.759287 0.053615 1.602672 -0.0508004488 -0.998708824 0 0 0
-0.772599 0.054816 1.639847 -0.439195784 -0.898391375 0 0 0
-0.759287 0.053615 1.639847 -0.0508004488 -0.998708824 0 0 0
-0.724738 0.053214 1.602672 -0.00579990245 -0.99998318 0 0 0
-0.724738 0.053214 1.639847 -0.00579990245 -0.99998318 0 0 0
-0.759287 0.417951 1.571329 -0.0482998759 0.945097571 -0.323199169 0 0
-0.772599 0.404866 1.538905 -0.417013161 0.8428266 -0.340210737 0 0
-0.772599 0.416744 1.571329 -0.424895065 0.856890047 -0.29189661 0 0
-0.759287 0.406067 1.538905 -0.0471010829 0.92562128 -0.375508633 0 0
-0.772599 0.392044 1.510202 -0.4054911 0.815282105 -0.413390926 0 0
-0.759287 0.393246 1.510202 -0.0452019336 0.889538051 -0.454619447 0 0
-0.724738 0.406468 1.538905 -0.00540011381 0.926519527 -0.376207929 0 0
-0.724738 0.418354 1.571329 -0.00550004978 0.946108562 -0.32380293 0 0
-0.658782 0.406468 1.538905 0 0.926533036 -0.376213414 0 0
-0.658782 0.418354 1.571329 0 0.946122873 -0.323807828 0 0
-0.724738 0.393646 1.510202 -0.00520009534 0.890216322 -0.455508352 0 0
-0.658782 0.393646 1.510202 0 0.890187805 -0.455593758 0 0
-0.724738 0.429636 1.606765 -0.005599965 0.956494022 -0.291698177 0 0
-0.759287 0.429229 1.606766 -0.0496017282 0.955433288 -0.291010139 0 0
-0.724738 0.440649 1.644505 -0.00579990842 0.961284821 -0.27549565 0 0
-0.759287 0.44023 1.644505 -0.0512032377 0.960160713 -0.274717371 0 0
-0.658782 0.429636 1.606766 0 0.956481114 -0.291794239 0 0
-0.658782 0.440648 1.644505 0 0.961274503 -0.27559269 0 0
-0.772599 0.428006 1.606766 -0.432333211 0.862866284 -0.261820112 0 0
-0.772599 0.438976 1.644505 -0.441514062 0.862927485 -0.245807829 0 0
-0.421981 0.418354 1.571329 0 0.946122873 -0.323807828 0 0
-0.551251 0.406468 1.538905 0 0.926533036 -0.376213414 0 0
-0.551251 0.418354 1.571329 0 0.946122873 -0.323807828 0 0
-0.421981 0.406468 1.538905 0 0.926533036 -0.376213414 0 0
-0.551251 0.393646 1.510203 0 0.890187805 -0.455593758 0 0
-0.421981 0.393646 1.510203 0 0.890187805 -0.455593758 0 0
-0.29081 0.406468 1.538905 0 0.926533036 -0.376213414 0 0
-0.29081 0.418354 1.571329 0 0.946122873 -0.323807828 0 0
-0.177574 0.406468 1.538905 0 0.926533036 -0.376213414 0 0
-0.177574 0.418354 1.571329 0 0.946122873 -0.323807828 0 0
-0.29081 0.393646 1.510203 0 0.890187805 -0.455593758 0 0
-0.177574 0.393646 1.510203 0 0.890187805 -0.455593758 0 0
-0.29081 0.429636 1.606766 0 0.956481114 -0.291794239 0 0
-0.421981 0.429636 1.606766 0 0.956481114 -0.291794239 0 0
-0.29081 0.440649 1.644506 0 0.961274503 -0.27559269 0 0
-0.421981 0.440648 1.644506 0 0.961274503 -0.27559269 0 0
-0.177574 0.429636 1.606766 0 0.956481114 -0.291794239 0 0
-0.177574 0.440648 1.644506 0 0.961274503 -0.27559269 0 0
-0.551251 0.429636 1.606766 0 0.956481114 -0.291794239 0 0
-0.551251 0.440649 1.644505 0 0.961274503 -0.27559269 0 0
-0.056152 0.417951 1.571329 0.0273008848 0.945830655 -0.323510485 0 0
-0.102111 0.406468 1.538905 0.00400011062 0.926525623 -0.376210404 0 0
-0.102111 0.418354 1.571329 0.00410006466 0.94611492 -0.323805106 0 0
-0.056152 0.406067 1.538905 0.0265994672 0.926281447 -0.375892471 0 0
-0.102111 0.393646 1.510203 0.00390009458 0.890221588 -0.455511046 0 0
-0.056152 0.393246 1.510203 0.0255005446 0.890019007 -0.455209721 0 0
-0.031431 0.404866 1.538905 0.115808171 0.920564953 -0.37302632 0 0
-0.031431 0.416744 1.571329 0.118906064 0.939647919 -0.32081636 0 0
-0.031431 0.392044 1.510203 0.111294994 0.885160182 -0.451779677 0 0
-0.031431 0.428006 1.606766 0.12200876 0.949668184 -0.288520715 0 0
-0.056152 0.429229 1.606766 0.0280005862 0.956220019 -0.291306099 0 0
-0.031431 0.438976 1.644506 0.125897932 0.954084325 -0.271795534 0 0
-0.056152 0.44023 1.644506 0.0289010662 0.961035453 -0.274910142 0 0
-0.102111 0.429636 1.606766 0.00420000256 0.956500583 -0.291700178 0 0
-0.102111 0.440649 1.644506 0.00439996194 0.961291685 -0.275497617 0 0
-0.056152 0.053615 1.462586 0.0285997409 -0.999590944 0 0 0
-0.031431 0.054816 1.443064 0.124797761 -0.9921822 0 0 0
-0.031431 0.054816 1.462586 0.124797761 -0.9921822 0 0 0
-0.056152 0.053615 1.443064 0.0285997409 -0.999590944 0 0 0
-0.031431 0.054816 1.423524 0.124797761 -0.9921822 0 0 0
-0.056152 0.053615 1.423524 0.0285997409 -0.999590944 0 0 0
-0.102111 0.053214 1.443064 0.00429996025 -0.999990755 0 0 0
-0.102111 0.053214 1.462586 0.00429996025 -0.999990755 0 0 0
-0.177574 0.053214 1.443064 0 -1 0 0 0
-0.177574 0.053214 1.462586 0 -1 0 0 0
-0.102111 0.053214 1.423524 0.00429996025 -0.999990755 0 0 0
-0.177574 0.053214 1.423524 0 -1 0 0 0
-0.102111 0.053214 1.483562 0.00429996025 -0.999990755 0 0 0
-0.056152 0.053615 1.483562 0.0285997409 -0.999590944 0 0 0
-0.177574 0.053214 1.483562 0 -1 0 0 0
-0.031431 0.054816 1.483562 0.124797761 -0.9921822 0 0 0
-0.421981 0.053214 1.462586 0 -1 0 0 0
-0.290809 0.053214 1.443064 0 -1 0 0 0
-0.290809 0.053214 1.462586 0 -1 0 0 0
-0.421981 0.053214 1.443064 0 -1 0 0 0
-0.290809 0.053214 1.423524 0 -1 0 0 0
-0.421981 0.053214 1.423524 0 -1 0 0 0
-0.551251 0.053214 1.443064 0 -1 0 0 0
-0.551251 0.053214 1.462586 0 -1 0 0 0
-0.658782 0.053214 1.443064 0 -1 0 0 0
-0.658782 0.053214 1.462586 0 -1 0 0 0
-0.551251 0.053214 1.423524 0 -1 0 0 0
-0.658782 0.053214 1.423524 0 -1 0 0 0
-0.551251 0.053214 1.483561 0 -1 0 0 0
-0.421981 0.053214 1.483561 0 -1 0 0 0
-0.658782 0.053214 1.483561 0 -1 0 0 0
-0.290809 0.053214 1.483562 0 -1 0 0 0
-0.759287 0.053615 1.462586 -0.0508004488 -0.998708824 0 0 0
-0.724738 0.053214 1.443064 -0.00579990245 -0.99998318 0 0 0
-0.724738 0.053214 1.462586 -0.00579990245 -0.99998318 0 0 0
-0.759287 0.053615 1.443064 -0.0508004488 -0.998708824 0 0 0
-0.724738 0.053214 1.423524 -0.00579990245 -0.99998318 0 0 0
-0.759287 0.053615 1.423524 -0.0508004488 -0.998708824 0 0 0
-0.772599 0.054816 1.443064 -0.439195784 -0.898391375 0 0 0
-0.772599 0.054816 1.462586 -0.439195784 -0.898391375 0 0 0
-0.772599 0.054816 1.423524 -0.439195784 -0.898391375 0 0 0
-0.772599 0.054816 1.483561 -0.439195784 -0.898391375 0 0 0
-0.759287 0.053615 1.483561 -0.0508004488 -0.998708824 0 0 0
-0.724738 0.053214 1.483561 -0.00579990245 -0.99998318 0 0 0
-0.056152 0.053615 1.381377 0.0285997409 -0.999590944 0 0 0
-0.031431 0.054816 1.361586 0.124797761 -0.9921822 0 0 0
-0.031431 0.054816 1.381377 0.124797761 -0.9921822 0 0 0
-0.056152 0.053615 1.361586 0.0285997409 -0.999590944 0 0 0
-0.102111 0.053214 1.361586 0.00429996025 -0.999990755 0 0 0
-0.102111 0.053214 1.381377 0.00429996025 -0.999990755 0 0 0
-0.177574 0.053214 1.361586 0 -1 0 0 0
-0.177574 0.053214 1.381377 0 -1 0 0 0
-0.102111 0.053214 1.402493 0.00429996025 -0.999990755 0 0 0
-0.056152 0.053615 1.402493 0.0285997409 -0.999590944 0 0 0
-0.177574 0.053214 1.402493 0 -1 0 0 0
-0.031431 0.054816 1.402493 0.124797761 -0.9921822 0 0 0
-0.421981 0.053214 1.381377 0 -1 0 0 0
-0.29081 0.053214 1.361586 0 -1 0 0 0
-0.29081 0.053214 1.381377 0 -1 0 0 0
-0.421981 0.053214 1.361586 0 -1 0 0 0
-0.551251 0.053214 1.361586 0 -1 0 0 0
-0.551251 0.053214 1.381377 0 -1 0 0 0
-0.658782 0.053214 1.361586 0 -1 0 0 0
-0.658782 0.053214 1.381377 0 -1 0 0 0
-0.551251 0.053214 1.402493 0 -1 0 0 0
-0.421981 0.053214 1.402493 0 -1 0 0 0
-0.658782 0.053214 1.402493 0 -1 0 0 0
-0.290809 0.053214 1.402493 0 -1 0 0 0
-0.759287 0.053615 1.381377 -0.0508004488 -0.998708824 0 0 0
-0.724738 0.053214 1.361586 -0.00579990245 -0.99998318 0 0 0
-0.724738 0.053214 1.381377 -0.00579990245 -0.99998318 0 0 0
-0.759287 0.053615 1.361586 -0.0508004488 -0.998708824 0 0 0
-0.772599 0.054816 1.361586 -0.439195784 -0.898391375 0 0 0
-0.772599 0.054816 1.381377 -0.439195784 -0.898391375 0 0 0
-0.772599 0.054816 1.402493 -0.439195784 -0.898391375 0 0 0
-0.759287 0.053615 1.402493 -0.0508004488 -0.998708824 0 0 0
-0.724738 0.053214 1.402493 -0.00579990245 -0.99998318 0 0 0
-0.759287 0.365447 1.46461 -0.0433000602 0.850801183 -0.523700728 0 0
-0.772599 0.352569 1.444756 -0.414721595 0.814142393 -0.406421163 0 0
-0.772599 0.364246 1.46461 -0.397527937 0.780654862 -0.48223389 0 0
-0.759287 0.353771 1.444756 -0.0456021452 0.896042151 -0.441620774 0 0
-0.772599 0.344575 1.424887 -0.441203042 0.867405981 -0.230101587 0 0
-0.759287 0.345777 1.424887 -0.0493014697 0.966728819 -0.251007483 0 0
-0.724738 0.354171 1.444756 -0.00519997845 0.897296281 -0.44139817 0 0
-0.724738 0.365848 1.46461 -0.0049000174 0.851703024 -0.52400186 0 0
-0.658782 0.354171 1.444756 0 0.897348018 -0.441323616 0 0
-0.658782 0.365848 1.46461 0 0.851713249 -0.524008151 0 0
-0.724738 0.346177 1.424887 -0.00560040403 0.968069839 -0.25061808 0 0
-0.658782 0.346177 1.424887 0 0.968115558 -0.250504026 0 0
-0.724738 0.379556 1.485932 -0.00490015558 0.85322709 -0.521516558 0 0
-0.759287 0.379156 1.485932 -0.0433029495 0.85255807 -0.520835475 0 0
-0.658782 0.379556 1.485932 0 0.853192833 -0.521595619 0 0
-0.772599 0.377954 1.485932 -0.396300898 0.784301776 -0.477301081 0 0
-0.421981 0.365848 1.464611 0 0.851713249 -0.524008151 0 0
-0.551251 0.354171 1.444756 0 0.897348018 -0.441323616 0 0
-0.551251 0.365848 1.46461 0 0.851713249 -0.524008151 0 0
-0.421981 0.354171 1.444756 0 0.897348018 -0.441323616 0 0
-0.551251 0.346177 1.424887 0 0.968115558 -0.250504026 0 0
-0.421981 0.346177 1.424887 0 0.968115558 -0.250504026 0 0
-0.29081 0.354171 1.444756 0 0.897348018 -0.441323616 0 0
-0.29081 0.365848 1.464611 0 0.851713249 -0.524008151 0 0
-0.177574 0.354171 1.444756 0 0.897348018 -0.441323616 0 0
-0.177574 0.365848 1.464611 0 0.851713249 -0.524008151 0 0
-0.29081 0.346177 1.424887 0 0.968115558 -0.250504026 0 0
-0.177574 0.346177 1.424887 0 0.968115558 -0.250504026 0 0
-0.29081 0.379556 1.485932 0 0.853192833 -0.521595619 0 0
-0.421981 0.379556 1.485932 0 0.853192833 -0.521595619 0 0
-0.177574 0.379556 1.485932 0 0.853192833 -0.521595619 0 0
-0.551251 0.379556 1.485932 0 0.853192833 -0.521595619 0 0
-0.056152 0.365447 1.464611 0.024400628 0.851421912 -0.523913483 0 0
-0.102111 0.354171 1.444756 0.0039000069 0.897301588 -0.441400781 0 0
-0.102111 0.365848 1.464611 0.00370003223 0.851707418 -0.524004564 0 0
-0.056152 0.353771 1.444756 0.0257021465 0.896874901 -0.441536874 0 0
-0.102111 0.346177 1.424887 0.00420033184 0.968076481 -0.2506198 0 0
-0.056152 0.345777 1.424887 0.0277011401 0.967639824 -0.250810322 0 0
-0.031431 0.352569 1.444756 0.112502303 0.890918237 -0.440009007 0 0
-0.031431 0.364246 1.464611 0.106701365 0.846610833 -0.521406671 0 0
-0.031431 0.344575 1.424887 0.121603232 0.960525526 -0.250206649 0 0
-0.031431 0.377954 1.485932 0.10680236 0.84861875 -0.518111448 0 0
-0.056152 0.379156 1.485932 0.0244005118 0.853017892 -0.521310935 0 0
-0.102111 0.379556 1.485932 0.00370013657 0.853231493 -0.52151925 0 0
-0.759287 0.343835 1.382087 -0.0507025621 0.996250342 0.0701035424 0 0
-0.772599 0.344787 1.362016 -0.437327668 0.894756609 0.0903057134 0 0
-0.772599 0.342633 1.382087 -0.441830671 0.894862119 0.0633043944 0 0
-0.759287 0.345988 1.362016 -0.0504987368 0.993675144 0.100297491 0 0
-0.724738 0.346389 1.362016 -0.00570011757 0.99492052 0.100502073 0 0
-0.724738 0.344235 1.382087 -0.00580009301 0.997515995 0.0702011257 0 0
-0.658782 0.346389 1.362016 0 0.994936684 0.100503706 0 0
-0.658782 0.344235 1.382087 0 0.997532774 0.0702023065 0 0
-0.724738 0.343515 1.40352 -0.00579977474 0.998961201 -0.0451982445 0 0
-0.759287 0.343114 1.40352 -0.0507992642 0.997685549 -0.0451993453 0 0
-0.658782 0.343515 1.40352 0 0.998982513 -0.0450992105 0 0
-0.772599 0.341913 1.40352 -0.446117352 0.894034774 -0.0410015948 0 0
-0.421981 0.344235 1.382087 0 0.997532774 0.0702023065 0 0
-0.551251 0.346389 1.362016 0 0.994936684 0.100503706 0 0
-0.551251 0.344235 1.382087 0 0.997532774 0.0702023065 0 0
-0.421981 0.346389 1.362017 0 0.994936684 0.100503706 0 0
-0.29081 0.346389 1.362017 0 0.994936684 0.100503706 0 0
-0.29081 0.344235 1.382087 0 0.997532774 0.0702023065 0 0
-0.177574 0.346389 1.362017 0 0.994936684 0.100503706 0 0
-0.177574 0.344235 1.382087 0 0.997532774 0.0702023065 0 0
-0.29081 0.343515 1.403521 0 0.998982513 -0.0450992105 0 0
-0.421981 0.343515 1.403521 0 0.998982513 -0.0450992105 0 0
-0.177574 0.343515 1.403521 0 0.998982513 -0.0450992105 0 0
-0.551251 0.343515 1.403521 0 0.998982513 -0.0450992105 0 0
-0.056152 0.343835 1.382087 0.028600652 0.99712273 0.0702016003 0 0
-0.102111 0.346389 1.362017 0.00430011879 0.994927485 0.100502776 0 0
-0.102111 0.344235 1.382087 0.00430010153 0.997523552 0.0702016575 0 0
-0.056152 0.345988 1.362017 0.0285011022 0.99453846 0.100403883 0 0
-0.031431 0.344787 1.362017 0.124105911 0.987247024 0.0997047491 0 0
-0.031431 0.342633 1.382087 0.124705346 0.989742426 0.0697029879 0 0
-0.031431 0.341913 1.403521 0.125102864 0.991122687 -0.0450010301 0 0
-0.056152 0.343114 1.403521 0.0285990997 0.998568566 -0.0451985772 0 0
-0.102111 0.343515 1.403521 0.00429986557 0.998968768 -0.0451985869 0 0
-0.056152 0.053615 1.903938 0.0285997409 -0.999590944 0 0 0
-0.031431 0.054816 1.855173 0.124797761 -0.9921822 0 0 0
-0.031431 0.054816 1.903938 0.124797761 -0.9921822 0 0 0
-0.056152 0.053615 1.855173 0.0285997409 -0.999590944 0 0 0
-0.031431 0.054816 1.807071 0.124797761 -0.9921822 0 0 0
-0.056152 0.053615 1.807071 0.0285997409 -0.999590944 0 0 0
-0.102111 0.053214 1.855173 0.00429996025 -0.999990755 0 0 0
-0.102111 0.053214 1.903938 0.00429996025 -0.999990755 0 0 0
-0.177574 0.053214 1.855173 0 -1 0 0 0
-0.177574 0.053214 1.903938 0 -1 0 0 0
-0.102111 0.053214 1.807071 0.00429996025 -0.999990755 0 0 0
-0.177574 0.053214 1.807071 0 -1 0 0 0
-0.102111 0.053214 1.951178 0.00429996025 -0.999990755 0 0 0
-0.056152 0.053615 1.951178 0.0285997409 -0.999590944 0 0 0
-0.177574 0.053214 1.951178 0 -1 0 0 0
-0.031431 0.054816 1.951178 0.124797761 -0.9921822 0 0 0
-0.421981 0.053214 1.903938 0 -1 0 0 0
-0.29081 0.053214 1.855173 0 -1 0 0 0
-0.29081 0.053214 1.903938 0 -1 0 0 0
-0.421981 0.053214 1.855173 0 -1 0 0 0
-0.29081 0.053214 1.807071 0 -1 0 0 0
-0.421981 0.053214 1.807071 0 -1 0 0 0
-0.551251 0.053214 1.855173 0 -1 0 0 0
-0.551251 0.053214 1.903938 0 -1 0 0 0
-0.658782 0.053214 1.855173 0 -1 0 0 0
-0.658782 0.053214 1.903938 0 -1 0 0 0
-0.551251 0.053214 1.807071 0 -1 0 0 0
-0.658782 0.053214 1.807071 0 -1 0 0 0
-0.551251 0.053214 1.951178 0 -1 0 0 0
-0.421981 0.053214 1.951178 0 -1 0 0 0
-0.658782 0.053214 1.951178 0 -1 0 0 0
-0.29081 0.053214 1.951178 0 -1 0 0 0
-0.759287 0.053615 1.903938 -0.0508004488 -0.998708824 0 0 0
-0.724738 0.053214 1.855173 -0.00579990245 -0.99998318 0 0 0
-0.724738 0.053214 1.903938 -0.00579990245 -0.99998318 0 0 0
-0.759287 0.053615 1.855173 -0.0508004488 -0.998708824 0 0 0
-0.724738 0.053214 1.807071 -0.00579990245 -0.99998318 0 0 0
-0.759287 0.053615 1.807071 -0.0508004488 -0.998708824 0 0 0
-0.772599 0.054816 1.855173 -0.439195784 -0.898391375 0 0 0
-0.772599 0.054816 1.903938 -0.439195784 -0.898391375 0 0 0
-0.772599 0.054816 1.807071 -0.439195784 -0.898391375 0 0 0
-0.772599 0.054816 1.951178 -0.439195784 -0.898391375 0 0 0
-0.759287 0.053615 1.951178 -0.0508004488 -0.998708824 0 0 0
-0.724738 0.053214 1.951178 -0.00579990245 -0.99998318 0 0 0
-0.056152 0.053615 1.719088 0.0285997409 -0.999590944 0 0 0
-0.031431 0.054816 1.678541 0.124797761 -0.9921822 0 0 0
-0.031431 0.054816 1.719088 0.124797761 -0.9921822 0 0 0
-0.056152 0.053615 1.678541 0.0285997409 -0.999590944 0 0 0
-0.102111 0.053214 1.678541 0.00429996025 -0.999990755 0 0 0
-0.102111 0.053214 1.719088 0.00429996025 -0.999990755 0 0 0
-0.177574 0.053214 1.678541 0 -1 0 0 0
-0.177574 0.053214 1.719088 0 -1 0 0 0
-0.102111 0.053214 1.76182 0.00429996025 -0.999990755 0 0 0
-0.056152 0.053615 1.76182 0.0285997409 -0.999590944 0 0 0
-0.177574 0.053214 1.76182 0 -1 0 0 0
-0.031431 0.054816 1.76182 0.124797761 -0.9921822 0 0 0
-0.421981 0.053214 1.719088 0 -1 0 0 0
-0.29081 0.053214 1.678541 0 -1 0 0 0
-0.29081 0.053214 1.719088 0 -1 0 0 0
-0.421981 0.053214 1.678541 0 -1 0 0 0
-0.551251 0.053214 1.678541 0 -1 0 0 0
-0.551251 0.053214 1.719088 0 -1 0 0 0
-0.658782 0.053214 1.678541 0 -1 0 0 0
-0.658782 0.053214 1.719088 0 -1 0 0 0
-0.551251 0.053214 1.76182 0 -1 0 0 0
-0.421981 0.053214 1.76182 0 -1 0 0 0
-0.658782 0.053214 1.76182 0 -1 0 0 0
-0.29081 0.053214 1.76182 0 -1 0 0 0
-0.759287 0.053615 1.719088 -0.0508004488 -0.998708824 0 0 0
-0.724738 0.053214 1.678541 -0.00579990245 -0.99998318 0 0 0
-0.724738 0.053214 1.719088 -0.00579990245 -0.99998318 0 0 0
-0.759287 0.053615 1.678541 -0.0508004488 -0.998708824 0 0 0
-0.772599 0.054816 1.678541 -0.439195784 -0.898391375 0 0 0
-0.772599 0.054816 1.719088 -0.439195784 -0.898391375 0 0 0
-0.772599 0.054816 1.76182 -0.439195784 -0.898391375 0 0 0
-0.759287 0.053615 1.76182 -0.0508004488 -0.998708824 0 0 0
-0.724738 0.053214 1.76182 -0.00579990245 -0.99998318 0 0 0
-0.759287 0.495181 1.913315 -0.0762983226 0.992178187 -0.098797828 0 0
-0.772599 0.48745 1.863652 -0.524519342 0.843431102 -0.116204285 0 0
-0.772599 0.493355 1.913305 -0.542310309 0.836215897 -0.0815015494 0 0
-0.759287 0.489149 1.863658 -0.0709034552 0.987848139 -0.13830674 0 0
-0.772599 0.479753 1.814673 -0.505090883 0.849984658 -0.149697298 0 0
-0.759287 0.481331 1.814676 -0.065601747 0.98232616 -0.175304668 0 0
-0.724738 0.489716 1.86366 -0.00810048722 0.990159555 -0.139708403 0 0
-0.724738 0.495789 1.913319 -0.00870034058 0.994938948 -0.100103919 0 0
-0.658782 0.489716 1.86366 0 0.990164353 -0.139909093 0 0
-0.658782 0.495789 1.913319 0 0.994956664 -0.100305713 0 0
-0.724738 0.481857 1.814677 -0.00750026709 0.984235049 -0.176706293 0 0
-0.658782 0.481857 1.814677 0 0.984227928 -0.17690502 0 0
-0.724738 0.499615 1.961424 -0.00930003511 0.99860377 -0.0520001963 0 0
-0.759287 0.498967 1.961419 -0.0813988702 0.995386184 -0.0507992949 0 0
-0.658782 0.499615 1.961424 0 0.998636551 -0.0522019106 0 0
-0.772599 0.497023 1.961402 -0.557119664 0.829429275 -0.0408014401 0 0
-0.421981 0.495789 1.913319 0 0.994956664 -0.100305713 0 0
-0.551251 0.489716 1.86366 0 0.990164353 -0.139909093 0 0
-0.551251 0.495789 1.913319 0 0.994956664 -0.100305713 0 0
-0.421981 0.489716 1.86366 0 0.990164353 -0.139909093 0 0
-0.551251 0.481857 1.814677 0 0.984227928 -0.17690502 0 0
-0.421981 0.481857 1.814677 0 0.984227928 -0.17690502 0 0
-0.29081 0.489716 1.86366 0 0.990164353 -0.139909093 0 0
-0.29081 0.495789 1.913319 0 0.994956664 -0.100305713 0 0
-0.177574 0.489716 1.86366 0 0.990164353 -0.139909093 0 0
-0.177574 0.495789 1.913319 0 0.994956664 -0.100305713 0 0
-0.29081 0.481857 1.814677 0 0.984227928 -0.17690502 0 0
-0.177574 0.481857 1.814677 0 0.984227928 -0.17690502 0 0
-0.29081 0.499615 1.961424 0 0.998636551 -0.0522019106 0 0
-0.421981 0.499615 1.961424 0 0.998636551 -0.0522019106 0 0
-0.177574 0.499615 1.961424 0 0.998636551 -0.0522019106 0 0
-0.551251 0.499615 1.961424 0 0.998636551 -0.0522019106 0 0
-0.056152 0.495181 1.913315 0.0432021159 0.99414869 -0.0990048489 0 0
-0.102111 0.489716 1.86366 0.00609984952 0.990175573 -0.139696554 0 0
-0.102111 0.495789 1.913319 0.00660036442 0.994954933 -0.100105527 0 0
-0.056152 0.489149 1.863658 0.0401014393 0.989535515 -0.138604975 0 0
-0.102111 0.481857 1.814677 0.00560026913 0.984247299 -0.176708492 0 0
-0.056152 0.481331 1.814676 0.0370024043 0.983763922 -0.175611411 0 0
-0.031431 0.48745 1.863652 0.172608146 0.975846056 -0.13390632 0 0
-0.031431 0.493355 1.913305 0.185108357 0.978144159 -0.0947042755 0 0
-0.031431 0.479753 1.814673 0.160212076 0.972173275 -0.170912882 0 0
-0.031431 0.497023 1.961403 0.196702397 0.979311933 -0.0475005788 0 0
-0.056152 0.498967 1.961419 0.0461015682 0.997633935 -0.0510017349 0 0
-0.102111 0.499615 1.961424 0.00700015765 0.998622489 -0.0520011711 0 0
-0.759287 0.462054 1.725094 -0.056798983 0.969382643 -0.238895723 0 0
-0.772599 0.44998 1.683839 -0.453090786 0.860882494 -0.231495293 0 0
-0.772599 0.460674 1.725094 -0.468309865 0.858318081 -0.209704417 0 0
-0.759287 0.451288 1.683839 -0.0534990833 0.963883484 -0.26089553 0 0
-0.724738 0.451723 1.683839 -0.00609985717 0.965077403 -0.261893868 0 0
-0.724738 0.462514 1.725094 -0.00650016657 0.970724875 -0.240106153 0 0
-0.658782 0.451723 1.683839 0 0.965063214 -0.262017163 0 0
-0.658782 0.462514 1.725094 0 0.97072207 -0.240205461 0 0
-0.724738 0.472674 1.768598 -0.00690012486 0.977417687 -0.211203822 0 0
-0.759287 0.472184 1.768597 -0.0609014476 0.975823196 -0.20990499 0 0
-0.658782 0.472674 1.768598 0 0.977399648 -0.211399924 0 0
-0.772599 0.470713 1.768596 -0.485999261 0.854798701 -0.181999723 0 0
-0.421981 0.462514 1.725094 0 0.97072207 -0.240205461 0 0
-0.551251 0.451723 1.683839 0 0.965063214 -0.262017163 0 0
-0.551251 0.462514 1.725094 0 0.97072207 -0.240205461 0 0
-0.421981 0.451723 1.683839 0 0.965063214 -0.262017163 0 0
-0.29081 0.451723 1.683839 0 0.965063214 -0.262017163 0 0
-0.29081 0.462514 1.725094 0 0.97072207 -0.240205461 0 0
-0.177574 0.451723 1.683839 0 0.965063214 -0.262017163 0 0
-0.177574 0.462514 1.725094 0 0.97072207 -0.240205461 0 0
-0.29081 0.472674 1.768598 0 0.977399648 -0.211399924 0 0
-0.421981 0.472674 1.768598 0 0.977399648 -0.211399924 0 0
-0.177574 0.472674 1.768598 0 0.977399648 -0.211399924 0 0
-0.551251 0.472674 1.768598 0 0.977399648 -0.211399924 0 0
-0.056152 0.462054 1.725094 0.0320013313 0.970440371 -0.239209951 0 0
-0.102111 0.451723 1.683839 0.00459992921 0.965085148 -0.261895969 0 0
-0.102111 0.462514 1.725094 0.00490017026 0.970733729 -0.240108343 0 0
-0.056152 0.451288 1.683839 0.0302003546 0.964811327 -0.261203067 0 0
-0.031431 0.44998 1.683839 0.131498567 0.95728957 -0.257497195 0 0
-0.031431 0.460674 1.725094 0.139308282 0.96195719 -0.235013972 0 0
-0.031431 0.470713 1.768596 0.149000795 0.96720516 -0.205701097 0 0
-0.056152 0.472184 1.768597 0.0343018947 0.977053969 -0.210211611 0 0
-0.102111 0.472674 1.768598 0.00520014758 0.97742774 -0.211205994 0 0
-0.009101 0.155804 1.322203 0.952154384 0 -0.305617456 0 0
-0.007926 0.12473 1.331613 0.998075857 0 -0.0620047125 0 0
-0.009101 0.12473 1.322201 0.952125279 0 -0.305708117 0 0
-0.007926 0.155842 1.331621 0.998075857 0 -0.0620047125 0 0
-0.007926 0.12473 1.344558 1 0 0 0 0
-0.007926 0.155854 1.344579 1 0 0 0 0
-0.007926 0.188988 1.331632 0.998075857 0 -0.0620047125 0 0
-0.009101 0.188838 1.322205 0.952192816 0 -0.305497695 0 0
-0.007926 0.22124 1.331642 0.998082424 0 -0.06189891 0 0
-0.009101 0.220865 1.322208 0.952221901 0 -0.305407024 0 0
-0.007926 0.18904 1.344605 1 0 0 0 0
-0.007926 0.221369 1.344632 1 0 0 0 0
-0.012627 0.188647 1.315704 0.72121344 0 -0.692712909 0 0
-0.012627 0.155756 1.315704 0.721115486 0 -0.692814878 0 0
-0.019679 0.18847 1.311505 0.365503858 0 -0.930809825 0 0
-0.019679 0.155712 1.311505 0.365503858 0 -0.930809825 0 0
-0.012627 0.220386 1.315704 0.72121344 0 -0.692712909 0 0
-0.019679 0.219944 1.311505 0.365503858 0 -0.930809825 0 0
-0.012627 0.12473 1.315704 0.721115486 0 -0.692814878 0 0
-0.019679 0.12473 1.311504 0.365503858 0 -0.930809825 0 0
-0.009101 0.27301 1.322213 0.952318428 0 -0.305105904 0 0
-0.007926 0.249667 1.331653 0.998082424 0 -0.06189891 0 0
-0.009101 0.248918 1.322211 0.952289368 0 -0.305196592 0 0
-0.007926 0.274208 1.331663 0.998088597 0 -0.0617992939 0 0
-0.007926 0.249926 1.344658 1 0 0 0 0
-0.007926 0.274623 1.344684 1 0 0 0 0
-0.007926 0.294802 1.331672 0.998088597 0 -0.0617992939 0 0
-0.009101 0.293154 1.322216 0.95234748 0 -0.305015207 0 0
-0.007926 0.295372 1.344706 1 0 0 0 0
-0.012627 0.291048 1.315704 0.721409303 0 -0.69250893 0 0
-0.012627 0.271478 1.315704 0.721311379 0 -0.692610926 0 0
-0.019679 0.289101 1.311504 0.365503858 0 -0.930809825 0 0
-0.019679 0.270062 1.311505 0.365503858 0 -0.930809825 0 0
-0.012627 0.24796 1.315704 0.721311379 0 -0.692610926 0 0
-0.019679 0.247076 1.311505 0.365503858 0 -0.930809825 0 0
-0.009101 0.157407 2.15551 0.98570482 -0.00780003814 0.168300823 0 0
-0.012627 0.12473 2.166645 0.893035182 -0.0310012213 0.448917685 0 0
-0.009101 0.12473 2.153875 0.985268063 -0.0104996597 0.170694467 0 0
-0.012627 0.157329 2.168439 0.896045175 -0.0219011042 0.443422356 0 0
-0.019679 0.12473 2.175785 0.621805136 -0.0582004807 0.781006451 0 0
-0.019679 0.15727 2.177711 0.628213742 -0.0399008728 0.777016997 0 0
-0.012627 0.194938 2.170035 0.897291359 -0.0173998324 0.441095752 0 0
-0.009101 0.195251 2.157052 0.985885675 -0.00639990701 0.167297569 0 0
-0.012627 0.236114 2.171532 0.897850191 -0.0156008721 0.440024598 0 0
-0.009101 0.236899 2.158546 0.985974424 -0.00579984955 0.166795673 0 0
-0.019679 0.1947 2.179351 0.63091789 -0.0312008847 0.775221982 0 0
-0.019679 0.235521 2.180847 0.631986874 -0.0276994247 0.774483914 0 0
-0.007926 0.195624 2.140459 0.999372413 -0.00129996411 0.0353990228 0 0
-0.007926 0.157501 2.138976 0.999364883 -0.00159994378 0.0355987491 0 0
-0.007926 0.196037 2.120315 1 0 0 0 0
-0.007926 0.157604 2.118888 1 0 0 0 0
-0.007926 0.23783 2.141947 0.99937607 -0.00119997127 0.0352991548 0 0
-0.007926 0.238864 2.12179 1 0 0 0 0
-0.007926 0.12473 2.137504 0.999349724 -0.00200009952 0.0360017913 0 0
-0.007926 0.12473 2.117557 1 0 0 0 0
-0.009101 0.324629 2.161342 0.98589717 -0.00419998795 0.16729952 0 0
-0.012627 0.279415 2.173028 0.897890837 -0.0139998571 0.43999551 0 0
-0.009101 0.280985 2.16004 0.985993601 -0.0052999656 0.166698918 0 0
-0.012627 0.322104 2.174287 0.89713882 -0.010700463 0.441619109 0 0
-0.019679 0.27823 2.182344 0.632095038 -0.0247998053 0.77449392 0 0
-0.019679 0.320196 2.183565 0.630430211 -0.0180008626 0.776037189 0 0
-0.012627 0.361443 2.17507 0.8944593 -0.00420027847 0.447129643 0 0
-0.009101 0.364948 2.16226 0.985526713 -0.00230006234 0.169504594 0 0
-0.019679 0.358789 2.184234 0.624724134 -0.0049001893 0.780830164 0 0
-0.007926 0.369094 2.145822 0.99936242 -0.000599977438 0.0356986576 0 0
-0.007926 0.327622 2.144776 0.999376385 -0.000899978734 0.0352991659 0 0
-0.007926 0.37367 2.125777 1 0 0 0 0
-0.007926 0.330936 2.124632 1 0 0 0 0
-0.007926 0.282848 2.143435 0.999379708 -0.00109997767 0.0351992853 0 0
-0.007926 0.284915 2.123266 1 0 0 0 0
-0.776865 0.157407 2.15551 -0.999457569 -0.00149993632 0.0328986033 0 0
-0.77709 0.12473 2.137504 -0.999976116 -0.000399990446 0.0068998352 0 0
-0.776865 0.12473 2.153875 -0.999440018 -0.00200008008 0.0334013374 0 0
-0.77709 0.157501 2.138976 -0.999976836 -0.000299993051 0.00679984248 0 0
-0.77709 0.12473 2.117557 -1 0 0 0 0
-0.77709 0.157604 2.118888 -1 0 0 0 0
-0.77709 0.195624 2.140459 -0.999977536 -0.000199995507 0.00669984949 0 0
-0.776865 0.195251 2.157052 -0.999464405 -0.0012999537 0.0326988355 0 0
-0.77709 0.23783 2.141947 -0.999977536 -0.000199995507 0.00669984949 0 0
-0.776865 0.236899 2.158546 -0.999467908 -0.00109996468 0.0325989533 0 0
-0.77709 0.196037 2.120315 -1 0 0 0 0
-0.77709 0.238864 2.12179 -1 0 0 0 0
-0.776192 0.194938 2.170035 -0.995218292 -0.00380006985 0.0976017939 0 0
-0.776192 0.157329 2.168439 -0.995134542 -0.00490017009 0.0984034156 0 0
-0.774845 0.1947 2.179351 -0.965548037 -0.0105005224 0.260012936 0 0
-0.774845 0.15727 2.177711 -0.965024512 -0.0136003455 0.26180665 0 0
-0.776192 0.236114 2.171531 -0.995248823 -0.0034001668 0.0973047734 0 0
-0.774845 0.235521 2.180847 -0.965780313 -0.00929981043 0.259194716 0 0
-0.776192 0.12473 2.166645 -0.994952918 -0.00690036701 0.100105324 0 0
-0.774845 0.12473 2.175785 -0.963707642 -0.0201001594 0.266202111 0 0
-0.776865 0.324629 2.161342 -0.999464929 -0.000799971929 0.0326988526 0 0
-0.77709 0.282848 2.143435 -0.999977536 -0.000199995507 0.00669984949 0 0
-0.776865 0.280985 2.16004 -0.999468013 -0.000999967997 0.0325989567 0 0
-0.77709 0.327622 2.144776 -0.999977536 -0.000199995507 0.00669984949 0 0
-0.77709 0.284915 2.123266 -1 0 0 0 0
-0.77709 0.330936 2.124632 -1 0 0 0 0
-0.77709 0.369094 2.145823 -0.999976876 -9.99976876e-05 0.00679984276 0 0
-0.776865 0.364948 2.16226 -0.999451863 -0.000500025947 0.0331017177 0 0
-0.77709 0.37367 2.125777 -1 0 0 0 0
-0.776192 0.361443 2.17507 -0.995036787 -0.000900033275 0.0995036787 0 0
-0.776192 0.322104 2.174287 -0.995203399 -0.00230000785 0.097800334 0 0
-0.774845 0.358789 2.184234 -0.964218638 -0.00130002513 0.265105125 0 0
-0.774845 0.320196 2.183565 -0.965426873 -0.00590016423 0.260607254 0 0
-0.776192 0.279415 2.173028 -0.995249794 -0.0031001551 0.0973048683 0 0
-0.774845 0.27823 2.182344 -0.965788811 -0.00829990385 0.259196997 0 0
-0.776865 0.155804 1.322203 -0.997981912 0 -0.0634988491 0 0
-0.776191 0.12473 1.315704 -0.978679032 0 -0.205395599 0 0
-0.776865 0.12473 1.322201 -0.997981912 0 -0.0634988491 0 0
-0.776191 0.155756 1.315704 -0.978699129 0 -0.205299817 0 0
-0.774844 0.12473 1.311504 -0.868273909 0 -0.496085093 0 0
-0.774844 0.155712 1.311504 -0.868273909 0 -0.496085093 0 0
-0.776191 0.188647 1.315704 -0.978699129 0 -0.205299817 0 0
-0.776865 0.188838 1.322205 -0.997988244 0 -0.0633992532 0 0
-0.776191 0.220386 1.315704 -0.978699129 0 -0.205299817 0 0
-0.776865 0.220865 1.322208 -0.997988244 0 -0.0633992532 0 0
-0.774844 0.18847 1.311504 -0.868273909 0 -0.496085093 0 0
-0.774844 0.219944 1.311504 -0.868273909 0 -0.496085093 0 0
-0.777089 0.188988 1.331631 -0.999929188 0 -0.0119003474 0 0
-0.777089 0.155842 1.331621 -0.999929188 0 -0.0119003474 0 0
-0.777089 0.18904 1.344604 -1 0 0 0 0
-0.777089 0.155854 1.344579 -1 0 0 0 0
-0.777089 0.22124 1.331642 -0.999929188 0 -0.0119003474 0 0
-0.777089 0.221369 1.344631 -1 0 0 0 0
-0.777089 0.12473 1.331613 -0.999929188 0 -0.0119003474 0 0
-0.777089 0.12473 1.344557 -1 0 0 0 0
-0.776865 0.27301 1.322213 -0.997988244 0 -0.0633992532 0 0
-0.776191 0.24796 1.315704 -0.978699129 0 -0.205299817 0 0
-0.776865 0.248918 1.322211 -0.997988244 0 -0.0633992532 0 0
-0.776191 0.271478 1.315704 -0.978699129 0 -0.205299817 0 0
-0.774844 0.247076 1.311504 -0.868273909 0 -0.496085093 0 0
-0.774844 0.270062 1.311504 -0.868273909 0 -0.496085093 0 0
-0.776191 0.291048 1.315704 -0.978719217 0 -0.205204029 0 0
-0.776865 0.293154 1.322215 -0.997994566 0 -0.0632996553 0 0
-0.774844 0.289101 1.311504 -0.868273909 0 -0.496085093 0 0
-0.777089 0.294802 1.331672 -0.999930373 0 -0.0118003584 0 0
-0.777089 0.274208 1.331663 -0.999929188 0 -0.0119003474 0 0
-0.777089 0.295372 1.344706 -1 0 0 0 0
-0.777089 0.274623 1.344684 -1 0 0 0 0
-0.777089 0.249667 1.331653 -0.999929188 0 -0.0119003474 0 0
-0.777089 0.249926 1.344658 -1 0 0 0 0
-0.007926 0.157816 2.067595 1 0 0 0 0
-0.007926 0.12473 2.094063 1 0 0 0 0
-0.007926 0.12473 2.066426 1 0 0 0 0
-0.007926 0.157713 2.095297 1 0 0 0 0
-0.007926 0.196473 2.096679 1 0 0 0 0
-0.007926 0.196886 2.068934 1 0 0 0 0
-0.007926 0.239954 2.098133 1 0 0 0 0
-0.007926 0.240985 2.070357 1 0 0 0 0
-0.007926 0.197229 2.036465 1 0 0 0 0
-0.007926 0.157902 2.035173 1 0 0 0 0
-0.007926 0.197457 1.998656 1 0 0 0 0
-0.007926 0.157959 1.997421 1 0 0 0 0
-0.007926 0.241843 2.037843 1 0 0 0 0
-0.007926 0.242413 1.999972 1 0 0 0 0
-0.007926 0.12473 2.034054 1 0 0 0 0
-0.007926 0.12473 1.996351 1 0 0 0 0
-0.007926 0.337716 2.073124 1 0 0 0 0
-0.007926 0.287095 2.099588 1 0 0 0 0
-0.007926 0.289158 2.07178 1 0 0 0 0
-0.007926 0.334423 2.100954 1 0 0 0 0
-0.007926 0.378466 2.102144 1 0 0 0 0
-0.007926 0.382973 2.074313 1 0 0 0 0
-0.007926 0.386683 2.041676 1 0 0 0 0
-0.007926 0.340446 2.040523 1 0 0 0 0
-0.007926 0.38909 2.003625 1 0 0 0 0
-0.007926 0.342243 2.002532 1 0 0 0 0
-0.007926 0.290874 2.039221 1 0 0 0 0
-0.007926 0.292013 2.001289 1 0 0 0 0
-0.77709 0.157816 2.067596 -1 0 0 0 0
-0.77709 0.12473 2.034054 -1 0 0 0 0
-0.77709 0.12473 2.066426 -1 0 0 0 0
-0.77709 0.157902 2.035173 -1 0 0 0 0
-0.77709 0.12473 1.996351 -1 0 0 0 0
-0.77709 0.157959 1.997421 -1 0 0 0 0
-0.77709 0.197229 2.036465 -1 0 0 0 0
-0.77709 0.196886 2.068934 -1 0 0 0 0
-0.77709 0.241843 2.037843 -1 0 0 0 0
-0.77709 0.240985 2.070357 -1 0 0 0 0
-0.77709 0.197457 1.998656 -1 0 0 0 0
-0.77709 0.242413 1.999972 -1 0 0 0 0
-0.77709 0.196473 2.096679 -1 0 0 0 0
-0.77709 0.157713 2.095297 -1 0 0 0 0
-0.77709 0.239954 2.098133 -1 0 0 0 0
-0.77709 0.12473 2.094063 -1 0 0 0 0
-0.77709 0.337716 2.073125 -1 0 0 0 0
-0.77709 0.290874 2.039221 -1 0 0 0 0
-0.77709 0.289158 2.07178 -1 0 0 0 0
-0.77709 0.340446 2.040523 -1 0 0 0 0
-0.77709 0.292013 2.001289 -1 0 0 0 0
-0.77709 0.342243 2.002532 -1 0 0 0 0
-0.77709 0.386683 2.041676 -1 0 0 0 0
-0.77709 0.382973 2.074313 -1 0 0 0 0
-0.77709 0.38909 2.003625 -1 0 0 0 0
-0.77709 0.378466 2.102144 -1 0 0 0 0
-0.77709 0.334423 2.100954 -1 0 0 0 0
-0.77709 0.287095 2.099588 -1 0 0 0 0
-0.007926 0.156952 1.568663 1 0 0 0 0
-0.007926 0.12473 1.603312 1 0 0 0 0
-0.007926 0.12473 1.568298 1 0 0 0 0
-0.007926 0.157123 1.603727 1 0 0 0 0
-0.007926 0.12473 1.640575 1 0 0 0 0
-0.007926 0.157284 1.641048 1 0 0 0 0
-0.007926 0.194112 1.604207 1 0 0 0 0
-0.007926 0.193428 1.569084 1 0 0 0 0
-0.007926 0.23405 1.604719 1 0 0 0 0
-0.007926 0.23234 1.569533 1 0 0 0 0
-0.007926 0.194758 1.641594 1 0 0 0 0
-0.007926 0.235665 1.642176 1 0 0 0 0
-0.007926 0.192692 1.53694 1 0 0 0 0
-0.007926 0.156768 1.536571 1 0 0 0 0
-0.007926 0.191891 1.50849 1 0 0 0 0
-0.007926 0.156567 1.508169 1 0 0 0 0
-0.007926 0.230501 1.537333 1 0 0 0 0
-0.007926 0.228498 1.508832 1 0 0 0 0
-0.007926 0.12473 1.536252 1 0 0 0 0
-0.007926 0.12473 1.50789 1 0 0 0 0
-0.007926 0.309732 1.570403 1 0 0 0 0
-0.007926 0.275288 1.605231 1 0 0 0 0
-0.007926 0.271868 1.569982 1 0 0 0 0
-0.007926 0.315209 1.60571 1 0 0 0 0
-0.007926 0.278517 1.642758 1 0 0 0 0
-0.007926 0.320386 1.643304 1 0 0 0 0
-0.007926 0.351197 1.606126 1 0 0 0 0
-0.007926 0.343652 1.570768 1 0 0 0 0
-0.007926 0.358343 1.643777 1 0 0 0 0
-0.007926 0.335552 1.538413 1 0 0 0 0
-0.007926 0.303844 1.538094 1 0 0 0 0
-0.007926 0.326737 1.509774 1 0 0 0 0
-0.007926 0.297434 1.509496 1 0 0 0 0
-0.007926 0.26819 1.537726 1 0 0 0 0
-0.007926 0.264183 1.509175 1 0 0 0 0
-0.777089 0.156952 1.568663 -1 0 0 0 0
-0.777089 0.12473 1.536252 -1 0 0 0 0
-0.777089 0.12473 1.568298 -1 0 0 0 0
-0.777089 0.156768 1.536571 -1 0 0 0 0
-0.777089 0.12473 1.50789 -1 0 0 0 0
-0.777089 0.156567 1.508169 -1 0 0 0 0
-0.777089 0.192692 1.53694 -1 0 0 0 0
-0.777089 0.193428 1.569084 -1 0 0 0 0
-0.777089 0.230501 1.537333 -1 0 0 0 0
-0.777089 0.23234 1.569533 -1 0 0 0 0
-0.777089 0.191891 1.50849 -1 0 0 0 0
-0.777089 0.228498 1.508832 -1 0 0 0 0
-0.777089 0.194112 1.604207 -1 0 0 0 0
-0.777089 0.157123 1.603727 -1 0 0 0 0
-0.777089 0.194758 1.641594 -1 0 0 0 0
-0.777089 0.157284 1.641048 -1 0 0 0 0
-0.777089 0.23405 1.604719 -1 0 0 0 0
-0.777089 0.235665 1.642176 -1 0 0 0 0
-0.777089 0.12473 1.603312 -1 0 0 0 0
-0.777089 0.12473 1.640575 -1 0 0 0 0
-0.777089 0.309732 1.570403 -1 0 0 0 0
-0.777089 0.26819 1.537725 -1 0 0 0 0
-0.777089 0.271868 1.569982 -1 0 0 0 0
-0.777089 0.303844 1.538094 -1 0 0 0 0
-0.777089 0.264183 1.509175 -1 0 0 0 0
-0.777089 0.297434 1.509496 -1 0 0 0 0
-0.777089 0.335552 1.538413 -1 0 0 0 0
-0.777089 0.343652 1.570768 -1 0 0 0 0
-0.777089 0.326737 1.509774 -1 0 0 0 0
-0.777089 0.351197 1.606126 -1 0 0 0 0
-0.777089 0.315209 1.60571 -1 0 0 0 0
-0.777089 0.358343 1.643777 -1 0 0 0 0
-0.777089 0.320386 1.643304 -1 0 0 0 0
-0.777089 0.275288 1.60523 -1 0 0 0 0
-0.777089 0.278517 1.642758 -1 0 0 0 0
-0.007926 0.155795 1.38156 1 0 0 0 0
-0.007926 0.12473 1.402653 1 0 0 0 0
-0.007926 0.12473 1.381488 1 0 0 0 0
-0.007926 0.155784 1.402758 1 0 0 0 0
-0.007926 0.12473 1.423737 1 0 0 0 0
-0.007926 0.155826 1.423875 1 0 0 0 0
-0.007926 0.188758 1.402878 1 0 0 0 0
-0.007926 0.188803 1.381644 1 0 0 0 0
-0.007926 0.220665 1.403007 1 0 0 0 0
-0.007926 0.220777 1.381732 1 0 0 0 0
-0.007926 0.188924 1.424035 1 0 0 0 0
-0.007926 0.22108 1.424205 1 0 0 0 0
-0.007926 0.188937 1.361747 1 0 0 0 0
-0.007926 0.155829 1.361697 1 0 0 0 0
-0.007926 0.221114 1.361801 1 0 0 0 0
-0.007926 0.12473 1.361653 1 0 0 0 0
-0.007926 0.272728 1.381904 1 0 0 0 0
-0.007926 0.248517 1.403135 1 0 0 0 0
-0.007926 0.248742 1.381821 1 0 0 0 0
-0.007926 0.272368 1.403255 1 0 0 0 0
-0.007926 0.249349 1.424376 1 0 0 0 0
-0.007926 0.273699 1.424536 1 0 0 0 0
-0.007926 0.292271 1.40336 1 0 0 0 0
-0.007926 0.292767 1.381976 1 0 0 0 0
-0.007926 0.294102 1.424674 1 0 0 0 0
-0.007926 0.294247 1.361949 1 0 0 0 0
-0.007926 0.273805 1.361905 1 0 0 0 0
-0.007926 0.249415 1.361855 1 0 0 0 0
-0.007926 0.156133 1.463108 1 0 0 0 0
-0.007926 0.12473 1.483932 1 0 0 0 0
-0.007926 0.12473 1.462902 1 0 0 0 0
-0.007926 0.156347 1.484172 1 0 0 0 0
-0.007926 0.19101 1.48445 1 0 0 0 0
-0.007926 0.190154 1.463345 1 0 0 0 0
-0.007926 0.226296 1.484747 1 0 0 0 0
-0.007926 0.224154 1.463598 1 0 0 0 0
-0.007926 0.189424 1.443699 1 0 0 0 0
-0.007926 0.155951 1.443501 1 0 0 0 0
-0.007926 0.22233 1.44391 1 0 0 0 0
-0.007926 0.12473 1.443329 1 0 0 0 0
-0.007926 0.283534 1.464089 1 0 0 0 0
-0.007926 0.25978 1.485043 1 0 0 0 0
-0.007926 0.255496 1.463851 1 0 0 0 0
-0.007926 0.290389 1.485321 1 0 0 0 0
-0.007926 0.31705 1.485561 1 0 0 0 0
-0.007926 0.307625 1.464294 1 0 0 0 0
-0.007926 0.299598 1.444492 1 0 0 0 0
-0.007926 0.277696 1.44432 1 0 0 0 0
-0.007926 0.251847 1.444122 1 0 0 0 0
-0.777089 0.156133 1.463108 -1 0 0 0 0
-0.777089 0.12473 1.443329 -1 0 0 0 0
-0.777089 0.12473 1.462902 -1 0 0 0 0
-0.777089 0.155951 1.443501 -1 0 0 0 0
-0.777089 0.12473 1.423737 -1 0 0 0 0
-0.777089 0.155826 1.423875 -1 0 0 0 0
-0.777089 0.189424 1.443699 -1 0 0 0 0
-0.777089 0.190154 1.463345 -1 0 0 0 0
-0.777089 0.22233 1.44391 -1 0 0 0 0
-0.777089 0.224154 1.463598 -1 0 0 0 0
-0.777089 0.188924 1.424035 -1 0 0 0 0
-0.777089 0.22108 1.424205 -1 0 0 0 0
-0.777089 0.19101 1.48445 -1 0 0 0 0
-0.777089 0.156347 1.484172 -1 0 0 0 0
-0.777089 0.226296 1.484747 -1 0 0 0 0
-0.777089 0.12473 1.483932 -1 0 0 0 0
-0.777089 0.283534 1.464089 -1 0 0 0 0
-0.777089 0.251847 1.444122 -1 0 0 0 0
-0.777089 0.255496 1.463851 -1 0 0 0 0
-0.777089 0.277696 1.44432 -1 0 0 0 0
-0.777089 0.249349 1.424376 -1 0 0 0 0
-0.777089 0.273699 1.424536 -1 0 0 0 0
-0.777089 0.299598 1.444492 -1 0 0 0 0
-0.777089 0.307625 1.464294 -1 0 0 0 0
-0.777089 0.294102 1.424674 -1 0 0 0 0
-0.777089 0.31705 1.485561 -1 0 0 0 0
-0.777089 0.290389 1.485321 -1 0 0 0 0
-0.777089 0.25978 1.485043 -1 0 0 0 0
-0.777089 0.155795 1.38156 -1 0 0 0 0
-0.777089 0.12473 1.361653 -1 0 0 0 0
-0.777089 0.12473 1.381488 -1 0 0 0 0
-0.777089 0.155829 1.361697 -1 0 0 0 0
-0.777089 0.188937 1.361747 -1 0 0 0 0
-0.777089 0.188803 1.381644 -1 0 0 0 0
-0.777089 0.221114 1.361801 -1 0 0 0 0
-0.777089 0.220777 1.381732 -1 0 0 0 0
-0.777089 0.188758 1.402878 -1 0 0 0 0
-0.777089 0.155784 1.402757 -1 0 0 0 0
-0.777089 0.220665 1.403006 -1 0 0 0 0
-0.777089 0.12473 1.402653 -1 0 0 0 0
-0.777089 0.272728 1.381904 -1 0 0 0 0
-0.777089 0.249415 1.361855 -1 0 0 0 0
-0.777089 0.248742 1.381821 -1 0 0 0 0
-0.777089 0.273805 1.361905 -1 0 0 0 0
-0.777089 0.294247 1.361949 -1 0 0 0 0
-0.777089 0.292767 1.381976 -1 0 0 0 0
-0.777089 0.292271 1.40336 -1 0 0 0 0
-0.777089 0.272368 1.403255 -1 0 0 0 0
-0.777089 0.248517 1.403135 -1 0 0 0 0
-0.007926 0.157584 1.720635 1 0 0 0 0
-0.007926 0.12473 1.762875 1 0 0 0 0
-0.007926 0.12473 1.720025 1 0 0 0 0
-0.007926 0.157712 1.763561 1 0 0 0 0
-0.007926 0.12473 1.808249 1 0 0 0 0
-0.007926 0.15782 1.809015 1 0 0 0 0
-0.007926 0.196471 1.764352 1 0 0 0 0
-0.007926 0.195957 1.721338 1 0 0 0 0
-0.007926 0.239948 1.765196 1 0 0 0 0
-0.007926 0.238662 1.722088 1 0 0 0 0
-0.007926 0.196902 1.809899 1 0 0 0 0
-0.007926 0.241026 1.810842 1 0 0 0 0
-0.007926 0.195379 1.680528 1 0 0 0 0
-0.007926 0.157439 1.679907 1 0 0 0 0
-0.007926 0.237218 1.68119 1 0 0 0 0
-0.007926 0.12473 1.679369 1 0 0 0 0
-0.007926 0.33002 1.723541 1 0 0 0 0
-0.007926 0.287083 1.76604 1 0 0 0 0
-0.007926 0.284512 1.722838 1 0 0 0 0
-0.007926 0.334163 1.766832 1 0 0 0 0
-0.007926 0.289239 1.811785 1 0 0 0 0
-0.007926 0.33765 1.81267 1 0 0 0 0
-0.007926 0.377476 1.767519 1 0 0 0 0
-0.007926 0.371699 1.724151 1 0 0 0 0
-0.007926 0.382363 1.813439 1 0 0 0 0
-0.007926 0.365249 1.683011 1 0 0 0 0
-0.007926 0.325375 1.682473 1 0 0 0 0
-0.007926 0.281624 1.681852 1 0 0 0 0
-0.007926 0.157955 1.906299 1 0 0 0 0
-0.007926 0.12473 1.952725 1 0 0 0 0
-0.007926 0.12473 1.905369 1 0 0 0 0
-0.007926 0.157975 1.95373 1 0 0 0 0
-0.007926 0.197524 1.95489 1 0 0 0 0
-0.007926 0.197443 1.907373 1 0 0 0 0
-0.007926 0.242579 1.956127 1 0 0 0 0
-0.007926 0.242378 1.908517 1 0 0 0 0
-0.007926 0.197231 1.858307 1 0 0 0 0
-0.007926 0.157902 1.857328 1 0 0 0 0
-0.007926 0.241848 1.859352 1 0 0 0 0
-0.007926 0.12473 1.856479 1 0 0 0 0
-0.007926 0.34206 1.910739 1 0 0 0 0
-0.007926 0.292345 1.957365 1 0 0 0 0
-0.007926 0.291945 1.909662 1 0 0 0 0
-0.007926 0.342741 1.95853 1 0 0 0 0
-0.007926 0.389685 1.959552 1 0 0 0 0
-0.007926 0.388644 1.91168 1 0 0 0 0
-0.007926 0.386145 1.862234 1 0 0 0 0
-0.007926 0.340323 1.861379 1 0 0 0 0
-0.007926 0.290885 1.860397 1 0 0 0 0
-0.777089 0.157955 1.906299 -1 0 0 0 0
-0.777089 0.12473 1.856479 -1 0 0 0 0
-0.777089 0.12473 1.905369 -1 0 0 0 0
-0.777089 0.157902 1.857328 -1 0 0 0 0
-0.777089 0.12473 1.808249 -1 0 0 0 0
-0.777089 0.15782 1.809015 -1 0 0 0 0
-0.777089 0.197231 1.858307 -1 0 0 0 0
-0.777089 0.197443 1.907373 -1 0 0 0 0
-0.777089 0.241849 1.859352 -1 0 0 0 0
-0.77709 0.242378 1.908517 -1 0 0 0 0
-0.777089 0.196902 1.809899 -1 0 0 0 0
-0.777089 0.241026 1.810842 -1 0 0 0 0
-0.77709 0.197524 1.95489 -1 0 0 0 0
-0.77709 0.157975 1.95373 -1 0 0 0 0
-0.77709 0.242579 1.956127 -1 0 0 0 0
-0.77709 0.12473 1.952725 -1 0 0 0 0
-0.77709 0.34206 1.910739 -1 0 0 0 0
-0.777089 0.290885 1.860397 -1 0 0 0 0
-0.77709 0.291945 1.909662 -1 0 0 0 0
-0.777089 0.340323 1.861379 -1 0 0 0 0
-0.777089 0.289239 1.811785 -1 0 0 0 0
-0.777089 0.33765 1.81267 -1 0 0 0 0
-0.777089 0.386145 1.862234 -1 0 0 0 0
-0.77709 0.388644 1.91168 -1 0 0 0 0
-0.777089 0.382363 1.813439 -1 0 0 0 0
-0.77709 0.389685 1.959552 -1 0 0 0 0
-0.77709 0.342741 1.95853 -1 0 0 0 0
-0.77709 0.292345 1.957365 -1 0 0 0 0
-0.777089 0.157584 1.720635 -1 0 0 0 0
-0.777089 0.12473 1.679369 -1 0 0 0 0
-0.777089 0.12473 1.720025 -1 0 0 0 0
-0.777089 0.157439 1.679907 -1 0 0 0 0
-0.777089 0.195379 1.680528 -1 0 0 0 0
-0.777089 0.195957 1.721338 -1 0 0 0 0
-0.777089 0.237218 1.68119 -1 0 0 0 0
-0.777089 0.238662 1.722088 -1 0 0 0 0
-0.777089 0.196471 1.764352 -1 0 0 0 0
-0.777089 0.157712 1.763561 -1 0 0 0 0
-0.777089 0.239948 1.765196 -1 0 0 0 0
-0.777089 0.12473 1.762875 -1 0 0 0 0
-0.777089 0.33002 1.723541 -1 0 0 0 0
-0.777089 0.281624 1.681852 -1 0 0 0 0
-0.777089 0.284512 1.722838 -1 0 0 0 0
-0.777089 0.325375 1.682473 -1 0 0 0 0
-0.777089 0.365249 1.683011 -1 0 0 0 0
-0.777089 0.371699 1.724151 -1 0 0 0 0
-0.777089 0.377476 1.767519 -1 0 0 0 0
-0.777089 0.334163 1.766832 -1 0 0 0 0
-0.777089 0.287083 1.76604 -1 0 0 0 0
-0.056153 0.157216 2.186056 0.0657994881 -0.053599583 0.996392248 0 0
-0.102111 0.12473 2.184926 0.00990048014 -0.0812039381 0.996648334 0 0
-0.056153 0.12473 2.184011 0.0646985048 -0.0801981466 0.994677013 0 0
-0.102111 0.15721 2.186983 0.0099998547 -0.0540992139 0.998485492 0 0
-0.177574 0.12473 2.184926 0 -0.0813985002 0.996681636 0 0
-0.177574 0.15721 2.186983 0 -0.0542016291 0.998530011 0 0
-0.102111 0.194463 2.188666 0.0101000817 -0.0410003317 0.999108083 0 0
-0.056153 0.194487 2.187735 0.0663043119 -0.0408026535 0.996964835 0 0
-0.102111 0.234928 2.190163 0.0100999347 -0.0361997658 0.999293535 0 0
-0.056153 0.234988 2.189231 0.0665021989 -0.0361011937 0.997132971 0 0
-0.177574 0.194463 2.188666 0 -0.0410024231 0.999159047 0 0
-0.177574 0.234928 2.190163 0 -0.0362016123 0.999344507 0 0
-0.031431 0.194558 2.18494 0.274405377 -0.0391007662 0.960818827 0 0
-0.031431 0.157234 2.183274 0.272503607 -0.0508006724 0.960812716 0 0
-0.031431 0.235165 2.186437 0.2750981 -0.0345997611 0.960793366 0 0
-0.031431 0.12473 2.181269 0.26820611 -0.0752017131 0.960421879 0 0
-0.056153 0.318478 2.191915 0.0661977556 -0.0218992575 0.997566178 0 0
-0.102111 0.277044 2.191659 0.0101003395 -0.0321010789 0.999433592 0 0
-0.056153 0.277163 2.190728 0.0664982199 -0.0319991434 0.997273303 0 0
-0.102111 0.318288 2.192842 0.0101001364 -0.0217002931 0.999713501 0 0
-0.177574 0.277044 2.191659 0 -0.0320995079 0.999484678 0 0
-0.177574 0.318288 2.192842 0 -0.0216992305 0.999764544 0 0
-0.102111 0.356134 2.193398 0.00990049514 -0.00140007002 0.999950009 0 0
-0.056153 0.3564 2.192482 0.0650984757 -0.00209995083 0.997876635 0 0
-0.177574 0.356134 2.193398 0 -0.0012999989 0.999999155 0 0
-0.031431 0.357196 2.189733 0.270013733 -0.00380019328 0.962848972 0 0
-0.031431 0.319051 2.189131 0.274089089 -0.0215991402 0.961461725 0 0
-0.031431 0.277519 2.187933 0.275197432 -0.0308997117 0.960891035 0 0
-0.421981 0.15721 2.186983 0 -0.0542016291 0.998530011 0 0
-0.551251 0.12473 2.184926 0 -0.0813985002 0.996681636 0 0
-0.421981 0.12473 2.184926 0 -0.0813985002 0.996681636 0 0
-0.551251 0.15721 2.186983 0 -0.0542016291 0.998530011 0 0
-0.658782 0.12473 2.184926 0 -0.0813985002 0.996681636 0 0
-0.658782 0.15721 2.186983 0 -0.0542016291 0.998530011 0 0
-0.551251 0.194463 2.188666 0 -0.0410024231 0.999159047 0 0
-0.421981 0.194463 2.188666 0 -0.0410024231 0.999159047 0 0
-0.551251 0.234928 2.190163 0 -0.0362016123 0.999344507 0 0
-0.421981 0.234928 2.190163 0 -0.0362016123 0.999344507 0 0
-0.658782 0.194463 2.188666 0 -0.0410024231 0.999159047 0 0
-0.658782 0.234928 2.190163 0 -0.0362016123 0.999344507 0 0
-0.29081 0.194463 2.188666 0 -0.0410024231 0.999159047 0 0
-0.29081 0.15721 2.186983 0 -0.0542016291 0.998530011 0 0
-0.29081 0.234928 2.190163 0 -0.0362016123 0.999344507 0 0
-0.29081 0.12473 2.184926 0 -0.0813985002 0.996681636 0 0
-0.421981 0.318288 2.192842 0 -0.0216992305 0.999764544 0 0
-0.551251 0.277044 2.191659 0 -0.0320995079 0.999484678 0 0
-0.421981 0.277044 2.191659 0 -0.0320995079 0.999484678 0 0
-0.551251 0.318288 2.192842 0 -0.0216992305 0.999764544 0 0
-0.658782 0.277044 2.191659 0 -0.0320995079 0.999484678 0 0
-0.658782 0.318288 2.192842 0 -0.0216992305 0.999764544 0 0
-0.551251 0.356134 2.193398 0 -0.0012999989 0.999999155 0 0
-0.421981 0.356134 2.193398 0 -0.0012999989 0.999999155 0 0
-0.658782 0.356134 2.193398 0 -0.0012999989 0.999999155 0 0
-0.29081 0.356134 2.193398 0 -0.0012999989 0.999999155 0 0
-0.29081 0.318288 2.192842 0 -0.0216992305 0.999764544 0 0
-0.29081 0.277044 2.191659 0 -0.0320995079 0.999484678 0 0
-0.759287 0.157216 2.186056 -0.115705479 -0.0534025289 0.99184697 0 0
-0.7726 0.12473 2.181269 -0.634786689 -0.060898723 0.770283847 0 0
-0.759287 0.12473 2.184011 -0.113700579 -0.0798004062 0.990305041 0 0
-0.7726 0.157234 2.183274 -0.639720158 -0.0408012857 0.767524185 0 0
-0.7726 0.194558 2.18494 -0.641877057 -0.0311988848 0.766172614 0 0
-0.759287 0.194487 2.187735 -0.116605643 -0.040601965 0.992348026 0 0
-0.7726 0.235165 2.186437 -0.642925933 -0.0276011133 0.765430874 0 0
-0.759287 0.234988 2.189231 -0.116899376 -0.0358998085 0.992494705 0 0
-0.724738 0.194463 2.188666 -0.0134995676 -0.0409986868 0.999068 0 0
-0.724738 0.15721 2.186983 -0.0134006102 -0.0541024636 0.998445465 0 0
-0.724738 0.234928 2.190163 -0.0135007201 -0.0362019309 0.999253297 0 0
-0.724738 0.12473 2.184926 -0.0131001532 -0.0812009497 0.996611655 0 0
-0.759287 0.318478 2.191915 -0.11639574 -0.0217992022 0.992963658 0 0
-0.7726 0.277519 2.187933 -0.642711267 -0.0246004312 0.765713423 0 0
-0.759287 0.277163 2.190728 -0.116903625 -0.0319009893 0.992630782 0 0
-0.7726 0.319051 2.189131 -0.641299836 -0.0170999956 0.767099804 0 0
-0.7726 0.357196 2.189732 -0.637029177 -0.00260011909 0.770835305 0 0
-0.759287 0.3564 2.192482 -0.114403675 -0.00220007067 0.99343191 0 0
-0.724738 0.356134 2.193398 -0.0132001551 -0.00150001763 0.999911749 0 0
-0.724738 0.318288 2.192842 -0.0133996614 -0.0216994517 0.999674739 0 0
-0.724738 0.277044 2.191659 -0.0134999121 -0.032099791 0.999393494 0 0
-0.759287 0.155672 1.307725 -0.0531991435 0 -0.998583923 0 0
-0.724738 0.12473 1.307305 -0.00609988651 0 -0.999981396 0 0
-0.759287 0.12473 1.307725 -0.0531991435 0 -0.998583923 0 0
-0.724738 0.155668 1.307305 -0.00609988651 0 -0.999981396 0 0
-0.658782 0.12473 1.307305 0 0 -1 0 0
-0.658782 0.155668 1.307305 0 0 -1 0 0
-0.724738 0.188293 1.307305 -0.00609988651 0 -0.999981396 0 0
-0.759287 0.18831 1.307725 -0.0531991435 0 -0.998583923 0 0
-0.724738 0.219502 1.307305 -0.00609988651 0 -0.999981396 0 0
-0.759287 0.219546 1.307725 -0.0531991435 0 -0.998583923 0 0
-0.658782 0.188293 1.307305 0 0 -1 0 0
-0.658782 0.219502 1.307305 0 0 -1 0 0
-0.772599 0.188363 1.308985 -0.451728166 0 -0.892155628 0 0
-0.772599 0.155685 1.308985 -0.451728166 0 -0.892155628 0 0
-0.772599 0.219679 1.308985 -0.451687866 0 -0.892176032 0 0
-0.772599 0.12473 1.308985 -0.451728166 0 -0.892155628 0 0
-0.759287 0.268788 1.307725 -0.0531991435 0 -0.998583923 0 0
-0.724738 0.246191 1.307305 -0.00609988651 0 -0.999981396 0 0
-0.759287 0.246279 1.307725 -0.0531991435 0 -0.998583923 0 0
-0.724738 0.268647 1.307305 -0.00609988651 0 -0.999981396 0 0
-0.658782 0.246191 1.307305 0 0 -1 0 0
-0.658782 0.268647 1.307305 0 0 -1 0 0
-0.724738 0.287155 1.307305 -0.00609988651 0 -0.999981396 0 0
-0.759287 0.287349 1.307725 -0.0531991435 0 -0.998583923 0 0
-0.658782 0.287155 1.307305 0 0 -1 0 0
-0.772599 0.287933 1.308985 -0.451728166 0 -0.892155628 0 0
-0.772599 0.269213 1.308985 -0.451728166 0 -0.892155628 0 0
-0.772599 0.246545 1.308985 -0.451687866 0 -0.892176032 0 0
-0.421981 0.155668 1.307305 0 0 -1 0 0
-0.29081 0.12473 1.307305 0 0 -1 0 0
-0.421981 0.12473 1.307305 0 0 -1 0 0
-0.29081 0.155668 1.307305 0 0 -1 0 0
-0.177574 0.12473 1.307305 0 0 -1 0 0
-0.177574 0.155668 1.307305 0 0 -1 0 0
-0.29081 0.188293 1.307305 0 0 -1 0 0
-0.421981 0.188293 1.307305 0 0 -1 0 0
-0.29081 0.219502 1.307305 0 0 -1 0 0
-0.421981 0.219502 1.307305 0 0 -1 0 0
-0.177574 0.188293 1.307305 0 0 -1 0 0
-0.177574 0.219502 1.307305 0 0 -1 0 0
-0.551251 0.188293 1.307305 0 0 -1 0 0
-0.551251 0.155668 1.307305 0 0 -1 0 0
-0.551251 0.219502 1.307305 0 0 -1 0 0
-0.551251 0.12473 1.307305 0 0 -1 0 0
-0.421981 0.268647 1.307305 0 0 -1 0 0
-0.29081 0.246191 1.307305 0 0 -1 0 0
-0.421981 0.246191 1.307305 0 0 -1 0 0
-0.29081 0.268647 1.307305 0 0 -1 0 0
-0.177574 0.246191 1.307305 0 0 -1 0 0
-0.177574 0.268647 1.307305 0 0 -1 0 0
-0.29081 0.287155 1.307305 0 0 -1 0 0
-0.421981 0.287155 1.307305 0 0 -1 0 0
-0.177574 0.287155 1.307305 0 0 -1 0 0
-0.551251 0.287155 1.307305 0 0 -1 0 0
-0.551251 0.268647 1.307305 0 0 -1 0 0
-0.551251 0.246191 1.307305 0 0 -1 0 0
-0.056152 0.155672 1.307725 0.0300014964 0 -0.999549854 0 0
-0.031431 0.12473 1.308985 0.13060455 0 -0.991434542 0 0
-0.056152 0.12473 1.307725 0.0300014964 0 -0.999549854 0 0
-0.031431 0.155685 1.308985 0.130702846 0 -0.991421588 0 0
-0.031431 0.188363 1.308985 0.13060455 0 -0.991434542 0 0
-0.056152 0.18831 1.307725 0.0300014964 0 -0.999549854 0 0
-0.031431 0.219679 1.308985 0.13060455 0 -0.991434542 0 0
-0.056152 0.219546 1.307725 0.0300014964 0 -0.999549854 0 0
-0.102111 0.188293 1.307305 0.00449995444 0 -0.999989875 0 0
-0.102111 0.155668 1.307305 0.00449995444 0 -0.999989875 0 0
-0.102111 0.219502 1.307305 0.00449995444 0 -0.999989875 0 0
-0.102111 0.12473 1.307305 0.00449995444 0 -0.999989875 0 0
-0.056152 0.268788 1.307725 0.0300014964 0 -0.999549854 0 0
-0.031431 0.246545 1.308985 0.13060455 0 -0.991434542 0 0
-0.056152 0.246279 1.307725 0.0300014964 0 -0.999549854 0 0
-0.031431 0.269213 1.308985 0.13060455 0 -0.991434542 0 0
-0.031431 0.287933 1.308985 0.13060455 0 -0.991434542 0 0
-0.056152 0.287349 1.307725 0.0300014964 0 -0.999549854 0 0
-0.102111 0.287155 1.307305 0.00449995444 0 -0.999989875 0 0
-0.102111 0.268647 1.307305 0.00449995444 0 -0.999989875 0 0
-0.102111 0.246191 1.307305 0.00449995444 0 -0.999989875 0 0
3 0 1 2
3 0 3 1
3 3 4 1
3 3 5 4
3 2 6 7
3 2 1 6
3 1 8 6
3 1 4 8
3 0 9 3
3 0 10 9
3 10 11 9
3 10 12 11
3 3 13 5
3 3 9 13
3 9 14 13
3 9 11 14
3 0 15 10
3 0 16 15
3 16 17 15
3 16 18 17
3 10 19 12
3 10 15 19
3 15 20 19
3 15 17 20
3 0 21 16
3 0 2 21
3 2 22 21
3 2 7 22
3 16 23 18
3 16 21 23
3 21 24 23
3 21 22 24
3 25 26 27
3 25 28 26
3 28 29 26
3 28 30 29
3 27 31 32
3 27 26 31
3 26 33 31
3 26 29 33
3 25 34 28
3 25 35 34
3 35 36 34
3 35 37 36
3 28 38 30
3 28 34 38
3 34 39 38
3 34 36 39
3 25 40 35
3 25 41 40
3 41 42 40
3 41 43 42
3 35 44 37
3 35 40 44
3 40 45 44
3 40 42 45
3 25 46 41
3 25 27 46
3 27 47 46
3 27 32 47
3 41 48 43
3 41 46 48
3 46 49 48
3 46 47 49
3 50 51 52
3 50 53 51
3 53 54 51
3 53 55 54
3 52 56 57
3 52 51 56
3 51 58 56
3 51 54 58
3 50 59 53
3 50 60 59
3 60 61 59
3 60 62 61
3 53 63 55
3 53 59 63
3 59 64 63
3 59 61 64
3 50 65 60
3 50 66 65
3 66 67 65
3 66 68 67
3 60 69 62
3 60 65 69
3 65 70 69
3 65 67 70
3 50 71 66
3 50 52 71
3 52 72 71
3 52 57 72
3 66 73 68
3 66 71 73
3 71 74 73
3 71 72 74
3 75 76 77
3 75 78 76
3 78 79 76
3 78 80 79
3 77 81 82
3 77 76 81
3 76 83 81
3 76 79 83
3 75 84 78
3 75 85 84
3 85 86 84
3 85 87 86
3 78 88 80
3 78 84 88
3 84 89 88
3 84 86 89
3 75 90 85
3 75 91 90
3 91 92 90
3 91 93 92
3 85 94 87
3 85 90 94
3 90 95 94
3 90 92 95
3 75 96 91
3 75 77 96
3 77 97 96
3 77 82 97
3 91 98 93
3 91 96 98
3 96 99 98
3 96 97 99
3 100 101 102
3 100 103 101
3 103 104 101
3 103 105 104
3 102 106 107
3 102 101 106
3 101 108 106
3 101 104 108
3 100 109 103
3 100 110 109
3 110 111 109
3 110 112 111
3 103 113 105
3 103 109 113
3 109 114 113
3 109 111 114
3 100 115 110
3 100 116 115
3 116 117 115
3 116 118 117
3 110 119 112
3 110 115 119
3 115 120 119
3 115 117 120
3 100 121 116
3 100 102 121
3 102 122 121
3 102 107 122
3 116 123 118
3 116 121 123
3 121 124 123
3 121 122 124
3 125 126 127
3 125 128 126
3 128 129 126
3 128 130 129
3 127 131 132
3 127 126 131
3 126 133 131
3 126 129 133
3 125 134 128
3 125 135 134
3 135 136 134
3 135 137 136
3 128 138 130
3 128 134 138
3 134 139 138
3 134 136 139
3 125 140 135
3 125 141 140
3 141 142 140
3 141 143 142
3 135 144 137
3 135 140 144
3 140 145 144
3 140 142 145
3 125 146 141
3 125 127 146
3 127 147 146
3 127 132 147
3 141 148 143
3 141 146 148
3 146 149 148
3 146 147 149
3 150 151 152
3 150 153 151
3 153 154 151
3 153 155 154
3 152 156 157
3 152 151 156
3 151 158 156
3 151 154 158
3 150 159 153
3 150 160 159
3 160 161 159
3 160 162 161
3 153 163 155
3 153 159 163
3 159 164 163
3 159 161 164
3 150 165 160
3 150 166 165
3 166 167 165
3 166 168 167
3 160 169 162
3 160 165 169
3 165 170 169
3 165 167 170
3 150 171 166
3 150 152 171
3 152 172 171
3 152 157 172
3 166 173 168
3 166 171 173
3 171 174 173
3 171 172 174
3 175 176 177
3 175 178 176
3 178 179 176
3 178 180 179
3 177 181 182
3 177 176 181
3 176 183 181
3 176 179 183
3 175 184 178
3 175 185 184
3 185 186 184
3 185 187 186
3 178 188 180
3 178 184 188
3 184 189 188
3 184 186 189
3 175 190 185
3 175 191 190
3 191 192 190
3 191 193 192
3 185 194 187
3 185 190 194
3 190 195 194
3 190 192 195
3 175 196 191
3 175 177 196
3 177 197 196
3 177 182 197
3 191 198 193
3 191 196 198
3 196 199 198
3 196 197 199
3 200 201 202
3 200 203 201
3 203 204 201
3 203 205 204
3 202 206 207
3 202 201 206
3 201 208 206
3 201 204 208
3 200 209 203
3 200 210 209
3 210 31 209
3 210 32 31
3 203 211 205
3 203 209 211
3 209 33 211
3 209 31 33
3 200 212 210
3 200 213 212
3 213 214 212
3 213 215 214
3 210 47 32
3 210 212 47
3 212 49 47
3 212 214 49
3 200 216 213
3 200 202 216
3 202 217 216
3 202 207 217
3 213 218 215
3 213 216 218
3 216 219 218
3 216 217 219
3 220 221 222
3 220 223 221
3 223 224 221
3 223 225 224
3 222 226 227
3 222 221 226
3 221 228 226
3 221 224 228
3 220 229 223
3 220 230 229
3 230 81 229
3 230 82 81
3 223 231 225
3 223 229 231
3 229 83 231
3 229 81 83
3 220 232 230
3 220 233 232
3 233 234 232
3 233 235 234
3 230 97 82
3 230 232 97
3 232 99 97
3 232 234 99
3 220 236 233
3 220 222 236
3 222 237 236
3 222 227 237
3 233 238 235
3 233 236 238
3 236 239 238
3 236 237 239
3 240 241 242
3 240 243 241
3 243 244 241
3 243 245 244
3 242 111 112
3 242 241 111
3 241 114 111
3 241 244 114
3 240 246 243
3 240 247 246
3 247 248 246
3 247 249 248
3 243 250 245
3 243 246 250
3 246 251 250
3 246 248 251
3 240 252 247
3 240 253 252
3 253 254 252
3 253 255 254
3 247 256 249
3 247 252 256
3 252 257 256
3 252 254 257
3 240 258 253
3 240 242 258
3 242 119 258
3 242 112 119
3 253 259 255
3 253 258 259
3 258 120 259
3 258 119 120
3 260 261 262
3 260 263 261
3 263 264 261
3 263 265 264
3 262 161 162
3 262 261 161
3 261 164 161
3 261 264 164
3 260 266 263
3 260 267 266
3 267 268 266
3 267 269 268
3 263 270 265
3 263 266 270
3 266 271 270
3 266 268 271
3 260 272 267
3 260 273 272
3 273 274 272
3 273 275 274
3 267 276 269
3 267 272 276
3 272 277 276
3 272 274 277
3 260 278 273
3 260 262 278
3 262 169 278
3 262 162 169
3 273 279 275
3 273 278 279
3 278 170 279
3 278 169 170
3 280 281 282
3 280 283 281
3 283 284 281
3 283 285 284
3 282 286 287
3 282 281 286
3 281 288 286
3 281 284 288
3 280 289 283
3 280 290 289
3 290 291 289
3 290 292 291
3 283 293 285
3 283 289 293
3 289 294 293
3 289 291 294
3 280 295 290
3 280 296 295
3 296 297 295
3 296 298 297
3 290 299 292
3 290 295 299
3 295 300 299
3 295 297 300
3 280 301 296
3 280 282 301
3 282 302 301
3 282 287 302
3 296 303 298
3 296 301 303
3 301 304 303
3 301 302 304
3 305 306 307
3 305 308 306
3 308 309 306
3 308 310 309
3 307 311 312
3 307 306 311
3 306 313 311
3 306 309 313
3 305 314 308
3 305 315 314
3 315 316 314
3 315 317 316
3 308 318 310
3 308 314 318
3 314 319 318
3 314 316 319
3 305 320 315
3 305 321 320
3 321 322 320
3 321 323 322
3 315 324 317
3 315 320 324
3 320 325 324
3 320 322 325
3 305 326 321
3 305 307 326
3 307 327 326
3 307 312 327
3 321 328 323
3 321 326 328
3 326 329 328
3 326 327 329
3 330 331 332
3 330 333 331
3 333 334 331
3 333 335 334
3 332 336 337
3 332 331 336
3 331 338 336
3 331 334 338
3 330 339 333
3 330 340 339
3 340 341 339
3 340 342 341
3 333 343 335
3 333 339 343
3 339 344 343
3 339 341 344
3 330 345 340
3 330 346 345
3 346 347 345
3 346 348 347
3 340 349 342
3 340 345 349
3 345 350 349
3 345 347 350
3 330 351 346
3 330 332 351
3 332 352 351
3 332 337 352
3 346 353 348
3 346 351 353
3 351 354 353
3 351 352 354
3 355 356 357
3 355 358 356
3 358 359 356
3 358 360 359
3 357 361 362
3 357 356 361
3 356 363 361
3 356 359 363
3 355 364 358
3 355 365 364
3 365 366 364
3 365 367 366
3 358 368 360
3 358 364 368
3 364 369 368
3 364 366 369
3 355 370 365
3 355 371 370
3 371 372 370
3 371 373 372
3 365 374 367
3 365 370 374
3 370 375 374
3 370 372 375
3 355 376 371
3 355 357 376
3 357 377 376
3 357 362 377
3 371 378 373
3 371 376 378
3 376 379 378
3 376 377 379
3 380 381 382
3 380 383 381
3 383 384 381
3 383 385 384
3 382 11 12
3 382 381 11
3 381 14 11
3 381 384 14
3 380 386 383
3 380 387 386
3 387 388 386
3 387 389 388
3 383 390 385
3 383 386 390
3 386 391 390
3 386 388 391
3 380 392 387
3 380 393 392
3 393 394 392
3 393 395 394
3 387 396 389
3 387 392 396
3 392 397 396
3 392 394 397
3 380 398 393
3 380 382 398
3 382 19 398
3 382 12 19
3 393 399 395
3 393 398 399
3 398 20 399
3 398 19 20
3 400 401 402
3 400 403 401
3 403 404 401
3 403 405 404
3 402 388 389
3 402 401 388
3 401 391 388
3 401 404 391
3 400 406 403
3 400 407 406
3 407 286 406
3 407 287 286
3 403 408 405
3 403 406 408
3 406 288 408
3 406 286 288
3 400 409 407
3 400 410 409
3 410 411 409
3 410 412 411
3 407 302 287
3 407 409 302
3 409 304 302
3 409 411 304
3 400 413 410
3 400 402 413
3 402 396 413
3 402 389 396
3 410 414 412
3 410 413 414
3 413 397 414
3 413 396 397
3 415 416 417
3 415 418 416
3 418 419 416
3 418 420 419
3 417 61 62
3 417 416 61
3 416 64 61
3 416 419 64
3 415 421 418
3 415 422 421
3 422 423 421
3 422 424 423
3 418 425 420
3 418 421 425
3 421 426 425
3 421 423 426
3 415 427 422
3 415 428 427
3 428 429 427
3 428 430 429
3 422 431 424
3 422 427 431
3 427 432 431
3 427 429 432
3 415 433 428
3 415 417 433
3 417 69 433
3 417 62 69
3 428 434 430
3 428 433 434
3 433 70 434
3 433 69 70
3 435 436 437
3 435 438 436
3 438 439 436
3 438 440 439
3 437 423 424
3 437 436 423
3 436 426 423
3 436 439 426
3 435 441 438
3 435 442 441
3 442 311 441
3 442 312 311
3 438 443 440
3 438 441 443
3 441 313 443
3 441 311 313
3 435 444 442
3 435 445 444
3 445 446 444
3 445 447 446
3 442 327 312
3 442 444 327
3 444 329 327
3 444 446 329
3 435 448 445
3 435 437 448
3 437 431 448
3 437 424 431
3 445 449 447
3 445 448 449
3 448 432 449
3 448 431 432
3 450 451 452
3 450 453 451
3 453 454 451
3 453 455 454
3 452 341 342
3 452 451 341
3 451 344 341
3 451 454 344
3 450 456 453
3 450 457 456
3 457 458 456
3 457 459 458
3 453 460 455
3 453 456 460
3 456 461 460
3 456 458 461
3 450 462 457
3 450 463 462
3 463 464 462
3 463 465 464
3 457 466 459
3 457 462 466
3 462 467 466
3 462 464 467
3 450 468 463
3 450 452 468
3 452 349 468
3 452 342 349
3 463 469 465
3 463 468 469
3 468 350 469
3 468 349 350
3 470 471 472
3 470 473 471
3 473 474 471
3 473 475 474
3 472 458 459
3 472 471 458
3 471 461 458
3 471 474 461
3 470 476 473
3 470 477 476
3 477 131 476
3 477 132 131
3 473 478 475
3 473 476 478
3 476 133 478
3 476 131 133
3 470 479 477
3 470 480 479
3 480 481 479
3 480 482 481
3 477 147 132
3 477 479 147
3 479 149 147
3 479 481 149
3 470 483 480
3 470 472 483
3 472 466 483
3 472 459 466
3 480 484 482
3 480 483 484
3 483 467 484
3 483 466 467
3 485 486 487
3 485 488 486
3 488 489 486
3 488 490 489
3 487 366 367
3 487 486 366
3 486 369 366
3 486 489 369
3 485 491 488
3 485 492 491
3 492 493 491
3 492 494 493
3 488 495 490
3 488 491 495
3 491 496 495
3 491 493 496
3 485 497 492
3 485 498 497
3 498 499 497
3 498 500 499
3 492 501 494
3 492 497 501
3 497 502 501
3 497 499 502
3 485 503 498
3 485 487 503
3 487 374 503
3 487 367 374
3 498 504 500
3 498 503 504
3 503 375 504
3 503 374 375
3 505 506 507
3 505 508 506
3 508 509 506
3 508 510 509
3 507 493 494
3 507 506 493
3 506 496 493
3 506 509 496
3 505 511 508
3 505 512 511
3 512 181 511
3 512 182 181
3 508 513 510
3 508 511 513
3 511 183 513
3 511 181 183
3 505 514 512
3 505 515 514
3 515 516 514
3 515 517 516
3 512 197 182
3 512 514 197
3 514 199 197
3 514 516 199
3 505 518 515
3 505 507 518
3 507 501 518
3 507 494 501
3 515 519 517
3 515 518 519
3 518 502 519
3 518 501 502
3 520 521 522
3 520 523 521
3 523 524 521
3 523 525 524
3 522 291 292
3 522 521 291
3 521 294 291
3 521 524 294
3 520 526 523
3 520 527 526
3 527 528 526
3 527 529 528
3 523 530 525
3 523 526 530
3 526 531 530
3 526 528 531
3 520 532 527
3 520 533 532
3 533 534 532
3 533 535 534
3 527 536 529
3 527 532 536
3 532 537 536
3 532 534 537
3 520 538 533
3 520 522 538
3 522 299 538
3 522 292 299
3 533 539 535
3 533 538 539
3 538 300 539
3 538 299 300
3 540 541 542
3 540 543 541
3 543 544 541
3 543 545 544
3 542 528 529
3 542 541 528
3 541 531 528
3 541 544 531
3 540 546 543
3 540 547 546
3 547 206 546
3 547 207 206
3 543 548 545
3 543 546 548
3 546 208 548
3 546 206 208
3 540 549 547
3 540 550 549
3 550 551 549
3 550 552 551
3 547 217 207
3 547 549 217
3 549 219 217
3 549 551 219
3 540 553 550
3 540 542 553
3 542 536 553
3 542 529 536
3 550 554 552
3 550 553 554
3 553 537 554
3 553 536 537
3 555 556 557
3 555 558 556
3 558 559 556
3 558 560 559
3 557 316 317
3 557 556 316
3 556 319 316
3 556 559 319
3 555 561 558
3 555 562 561
3 562 563 561
3 562 564 563
3 558 565 560
3 558 561 565
3 561 566 565
3 561 563 566
3 555 567 562
3 555 568 567
3 568 569 567
3 568 570 569
3 562 571 564
3 562 567 571
3 567 572 571
3 567 569 572
3 555 573 568
3 555 557 573
3 557 324 573
3 557 317 324
3 568 574 570
3 568 573 574
3 573 325 574
3 573 324 325
3 575 576 577
3 575 578 576
3 578 579 576
3 578 580 579
3 577 563 564
3 577 576 563
3 576 566 563
3 576 579 566
3 575 581 578
3 575 582 581
3 582 226 581
3 582 227 226
3 578 583 580
3 578 581 583
3 581 228 583
3 581 226 228
3 575 584 582
3 575 585 584
3 585 586 584
3 585 587 586
3 582 237 227
3 582 584 237
3 584 239 237
3 584 586 239
3 575 588 585
3 575 577 588
3 577 571 588
3 577 564 571
3 585 589 587
3 585 588 589
3 588 572 589
3 588 571 572
3 590 591 592
3 590 593 591
3 593 594 591
3 593 595 594
3 592 248 249
3 592 591 248
3 591 251 248
3 591 594 251
3 590 596 593
3 590 597 596
3 597 598 596
3 597 599 598
3 593 600 595
3 593 596 600
3 596 601 600
3 596 598 601
3 590 602 597
3 590 603 602
3 603 604 602
3 603 605 604
3 597 606 599
3 597 602 606
3 602 607 606
3 602 604 607
3 590 608 603
3 590 592 608
3 592 256 608
3 592 249 256
3 603 609 605
3 603 608 609
3 608 257 609
3 608 256 257
3 610 611 612
3 610 613 611
3 613 614 611
3 613 615 614
3 612 598 599
3 612 611 598
3 611 601 598
3 611 614 601
3 610 616 613
3 610 617 616
3 617 336 616
3 617 337 336
3 613 618 615
3 613 616 618
3 616 338 618
3 616 336 338
3 610 619 617
3 610 620 619
3 620 621 619
3 620 622 621
3 617 352 337
3 617 619 352
3 619 354 352
3 619 621 354
3 610 623 620
3 610 612 623
3 612 606 623
3 612 599 606
3 620 624 622
3 620 623 624
3 623 607 624
3 623 606 607
3 625 626 627
3 625 628 626
3 628 629 626
3 628 630 629
3 627 268 269
3 627 626 268
3 626 271 268
3 626 629 271
3 625 631 628
3 625 632 631
3 632 633 631
3 632 634 633
3 628 635 630
3 628 631 635
3 631 636 635
3 631 633 636
3 625 637 632
3 625 638 637
3 638 639 637
3 638 640 639
3 632 641 634
3 632 637 641
3 637 642 641
3 637 639 642
3 625 643 638
3 625 627 643
3 627 276 643
3 627 269 276
3 638 644 640
3 638 643 644
3 643 277 644
3 643 276 277
3 645 646 647
3 645 648 646
3 648 649 646
3 648 650 649
3 647 633 634
3 647 646 633
3 646 636 633
3 646 649 636
3 645 651 648
3 645 652 651
3 652 361 651
3 652 362 361
3 648 653 650
3 648 651 653
3 651 363 653
3 651 361 363
3 645 654 652
3 645 655 654
3 655 656 654
3 655 657 656
3 652 377 362
3 652 654 377
3 654 379 377
3 654 656 379
3 645 658 655
3 645 647 658
3 647 641 658
3 647 634 641
3 655 659 657
3 655 658 659
3 658 642 659
3 658 641 642
3 660 661 662
3 660 663 661
3 663 664 661
3 663 665 664
3 662 36 37
3 662 661 36
3 661 39 36
3 661 664 39
3 660 666 663
3 660 667 666
3 667 668 666
3 667 669 668
3 663 670 665
3 663 666 670
3 666 671 670
3 666 668 671
3 660 672 667
3 660 673 672
3 673 674 672
3 673 675 674
3 667 676 669
3 667 672 676
3 672 677 676
3 672 674 677
3 660 678 673
3 660 662 678
3 662 44 678
3 662 37 44
3 673 679 675
3 673 678 679
3 678 45 679
3 678 44 45
3 680 681 682
3 680 683 681
3 683 684 681
3 683 685 684
3 682 668 669
3 682 681 668
3 681 671 668
3 681 684 671
3 680 686 683
3 680 687 686
3 687 688 686
3 687 689 688
3 683 690 685
3 683 686 690
3 686 691 690
3 686 688 691
3 680 692 687
3 680 693 692
3 693 694 692
3 693 695 694
3 687 696 689
3 687 692 696
3 692 697 696
3 692 694 697
3 680 698 693
3 680 682 698
3 682 676 698
3 682 669 676
3 693 699 695
3 693 698 699
3 698 677 699
3 698 676 677
3 700 701 702
3 700 703 701
3 703 704 701
3 703 705 704
3 702 688 689
3 702 701 688
3 701 691 688
3 701 704 691
3 700 706 703
3 700 707 706
3 707 106 706
3 707 107 106
3 703 708 705
3 703 706 708
3 706 108 708
3 706 106 108
3 700 709 707
3 700 710 709
3 710 711 709
3 710 712 711
3 707 122 107
3 707 709 122
3 709 124 122
3 709 711 124
3 700 713 710
3 700 702 713
3 702 696 713
3 702 689 696
3 710 714 712
3 710 713 714
3 713 697 714
3 713 696 697
3 715 716 717
3 715 718 716
3 718 719 716
3 718 720 719
3 717 86 87
3 717 716 86
3 716 89 86
3 716 719 89
3 715 721 718
3 715 722 721
3 722 723 721
3 722 724 723
3 718 725 720
3 718 721 725
3 721 726 725
3 721 723 726
3 715 727 722
3 715 728 727
3 728 729 727
3 728 730 729
3 722 731 724
3 722 727 731
3 727 732 731
3 727 729 732
3 715 733 728
3 715 717 733
3 717 94 733
3 717 87 94
3 728 734 730
3 728 733 734
3 733 95 734
3 733 94 95
3 735 736 737
3 735 738 736
3 738 739 736
3 738 740 739
3 737 723 724
3 737 736 723
3 736 726 723
3 736 739 726
3 735 741 738
3 735 742 741
3 742 743 741
3 742 744 743
3 738 745 740
3 738 741 745
3 741 746 745
3 741 743 746
3 735 747 742
3 735 748 747
3 748 749 747
3 748 750 749
3 742 751 744
3 742 747 751
3 747 752 751
3 747 749 752
3 735 753 748
3 735 737 753
3 737 731 753
3 737 724 731
3 748 754 750
3 748 753 754
3 753 732 754
3 753 731 732
3 755 756 757
3 755 758 756
3 758 759 756
3 758 760 759
3 757 743 744
3 757 756 743
3 756 746 743
3 756 759 746
3 755 761 758
3 755 762 761
3 762 156 761
3 762 157 156
3 758 763 760
3 758 761 763
3 761 158 763
3 761 156 158
3 755 764 762
3 755 765 764
3 765 766 764
3 765 767 766
3 762 172 157
3 762 764 172
3 764 174 172
3 764 766 174
3 755 768 765
3 755 757 768
3 757 751 768
3 757 744 751
3 765 769 767
3 765 768 769
3 768 752 769
3 768 751 752
3 770 771 772
3 770 773 771
3 773 774 771
3 773 775 774
3 772 136 137
3 772 771 136
3 771 139 136
3 771 774 139
3 770 776 773
3 770 777 776
3 777 778 776
3 777 779 778
3 773 780 775
3 773 776 780
3 776 781 780
3 776 778 781
3 770 782 777
3 770 783 782
3 783 784 782
3 783 785 784
3 777 786 779
3 777 782 786
3 782 787 786
3 782 784 787
3 770 788 783
3 770 772 788
3 772 144 788
3 772 137 144
3 783 789 785
3 783 788 789
3 788 145 789
3 788 144 145
3 790 791 792
3 790 793 791
3 793 794 791
3 793 795 794
3 792 778 779
3 792 791 778
3 791 781 778
3 791 794 781
3 790 796 793
3 790 797 796
3 797 798 796
3 797 799 798
3 793 800 795
3 793 796 800
3 796 801 800
3 796 798 801
3 790 802 797
3 790 803 802
3 803 804 802
3 803 805 804
3 797 806 799
3 797 802 806
3 802 807 806
3 802 804 807
3 790 808 803
3 790 792 808
3 792 786 808
3 792 779 786
3 803 809 805
3 803 808 809
3 808 787 809
3 808 786 787
3 810 811 812
3 810 813 811
3 813 814 811
3 813 815 814
3 812 798 799
3 812 811 798
3 811 801 798
3 811 814 801
3 810 816 813
3 810 817 816
3 817 6 816
3 817 7 6
3 813 818 815
3 813 816 818
3 816 8 818
3 816 6 8
3 810 819 817
3 810 820 819
3 820 821 819
3 820 822 821
3 817 22 7
3 817 819 22
3 819 24 22
3 819 821 24
3 810 823 820
3 810 812 823
3 812 806 823
3 812 799 806
3 820 824 822
3 820 823 824
3 823 807 824
3 823 806 807
3 825 826 827
3 825 828 826
3 828 829 826
3 828 830 829
3 827 186 187
3 827 826 186
3 826 189 186
3 826 829 189
3 825 831 828
3 825 832 831
3 832 833 831
3 832 834 833
3 828 835 830
3 828 831 835
3 831 836 835
3 831 833 836
3 825 837 832
3 825 838 837
3 838 839 837
3 838 840 839
3 832 841 834
3 832 837 841
3 837 842 841
3 837 839 842
3 825 843 838
3 825 827 843
3 827 194 843
3 827 187 194
3 838 844 840
3 838 843 844
3 843 195 844
3 843 194 195
3 845 846 847
3 845 848 846
3 848 849 846
3 848 850 849
3 847 833 834
3 847 846 833
3 846 836 833
3 846 849 836
3 845 851 848
3 845 852 851
3 852 853 851
3 852 854 853
3 848 855 850
3 848 851 855
3 851 856 855
3 851 853 856
3 845 857 852
3 845 858 857
3 858 859 857
3 858 860 859
3 852 861 854
3 852 857 861
3 857 862 861
3 857 859 862
3 845 863 858
3 845 847 863
3 847 841 863
3 847 834 841
3 858 864 860
3 858 863 864
3 863 842 864
3 863 841 842
3 865 866 867
3 865 868 866
3 868 869 866
3 868 870 869
3 867 853 854
3 867 866 853
3 866 856 853
3 866 869 856
3 865 871 868
3 865 872 871
3 872 56 871
3 872 57 56
3 868 873 870
3 868 871 873
3 871 58 873
3 871 56 58
3 865 874 872
3 865 875 874
3 875 876 874
3 875 877 876
3 872 72 57
3 872 874 72
3 874 74 72
3 874 876 74
3 865 878 875
3 865 867 878
3 867 861 878
3 867 854 861
3 875 879 877
3 875 878 879
3 878 862 879
3 878 861 862
3 880 881 882
3 880 883 881
3 883 884 881
3 883 885 884
3 882 29 30
3 882 881 29
3 881 33 29
3 881 884 33
3 880 886 883
3 880 887 886
3 887 888 886
3 887 889 888
3 883 890 885
3 883 886 890
3 886 891 890
3 886 888 891
3 880 892 887
3 880 893 892
3 893 670 892
3 893 665 670
3 887 894 889
3 887 892 894
3 892 671 894
3 892 670 671
3 880 895 893
3 880 882 895
3 882 38 895
3 882 30 38
3 893 664 665
3 893 895 664
3 895 39 664
3 895 38 39
3 896 897 898
3 896 899 897
3 899 900 897
3 899 901 900
3 898 888 889
3 898 897 888
3 897 891 888
3 897 900 891
3 896 902 899
3 896 903 902
3 903 904 902
3 903 905 904
3 899 906 901
3 899 902 906
3 902 907 906
3 902 904 907
3 896 908 903
3 896 909 908
3 909 690 908
3 909 685 690
3 903 910 905
3 903 908 910
3 908 691 910
3 908 690 691
3 896 911 909
3 896 898 911
3 898 894 911
3 898 889 894
3 909 684 685
3 909 911 684
3 911 671 684
3 911 894 671
3 912 913 914
3 912 915 913
3 915 916 913
3 915 917 916
3 914 904 905
3 914 913 904
3 913 907 904
3 913 916 907
3 912 918 915
3 912 919 918
3 919 113 918
3 919 105 113
3 915 920 917
3 915 918 920
3 918 114 920
3 918 113 114
3 912 921 919
3 912 922 921
3 922 708 921
3 922 705 708
3 919 104 105
3 919 921 104
3 921 108 104
3 921 708 108
3 912 923 922
3 912 914 923
3 914 910 923
3 914 905 910
3 922 704 705
3 922 923 704
3 923 691 704
3 923 910 691
3 924 925 926
3 924 927 925
3 927 780 925
3 927 775 780
3 926 928 929
3 926 925 928
3 925 781 928
3 925 780 781
3 924 930 927
3 924 931 930
3 931 138 930
3 931 130 138
3 927 774 775
3 927 930 774
3 930 139 774
3 930 138 139
3 924 932 931
3 924 933 932
3 933 934 932
3 933 935 934
3 931 129 130
3 931 932 129
3 932 133 129
3 932 934 133
3 924 936 933
3 924 926 936
3 926 937 936
3 926 929 937
3 933 938 935
3 933 936 938
3 936 939 938
3 936 937 939
3 940 941 942
3 940 943 941
3 943 944 941
3 943 945 944
3 942 937 929
3 942 941 937
3 941 939 937
3 941 944 939
3 940 946 943
3 940 947 946
3 947 948 946
3 947 949 948
3 943 950 945
3 943 946 950
3 946 951 950
3 946 948 951
3 940 952 947
3 940 953 952
3 953 800 952
3 953 795 800
3 947 954 949
3 947 952 954
3 952 801 954
3 952 800 801
3 940 955 953
3 940 942 955
3 942 928 955
3 942 929 928
3 953 794 795
3 953 955 794
3 955 781 794
3 955 928 781
3 956 957 958
3 956 959 957
3 959 960 957
3 959 961 960
3 958 948 949
3 958 957 948
3 957 951 948
3 957 960 951
3 956 962 959
3 956 963 962
3 963 13 962
3 963 5 13
3 959 964 961
3 959 962 964
3 962 14 964
3 962 13 14
3 956 965 963
3 956 966 965
3 966 818 965
3 966 815 818
3 963 4 5
3 963 965 4
3 965 8 4
3 965 818 8
3 956 967 966
3 956 958 967
3 958 954 967
3 958 949 954
3 966 814 815
3 966 967 814
3 967 801 814
3 967 954 801
3 968 969 970
3 968 971 969
3 971 972 969
3 971 973 972
3 970 167 168
3 970 969 167
3 969 170 167
3 969 972 170
3 968 974 971
3 968 975 974
3 975 976 974
3 975 977 976
3 971 978 973
3 971 974 978
3 974 979 978
3 974 976 979
3 968 980 975
3 968 981 980
3 981 769 980
3 981 767 769
3 975 982 977
3 975 980 982
3 980 752 982
3 980 769 752
3 968 983 981
3 968 970 983
3 970 173 983
3 970 168 173
3 981 766 767
3 981 983 766
3 983 174 766
3 983 173 174
3 984 985 986
3 984 987 985
3 987 988 985
3 987 989 988
3 986 976 977
3 986 985 976
3 985 979 976
3 985 988 979
3 984 990 987
3 984 991 990
3 991 992 990
3 991 993 992
3 987 994 989
3 987 990 994
3 990 995 994
3 990 992 995
3 984 996 991
3 984 997 996
3 997 754 996
3 997 750 754
3 991 998 993
3 991 996 998
3 996 732 998
3 996 754 732
3 984 999 997
3 984 986 999
3 986 982 999
3 986 977 982
3 997 749 750
3 997 999 749
3 999 752 749
3 999 982 752
3 1000 1001 1002
3 1000 1003 1001
3 1003 1004 1001
3 1003 1005 1004
3 1002 992 993
3 1002 1001 992
3 1001 995 992
3 1001 1004 995
3 1000 1006 1003
3 1000 1007 1006
3 1007 98 1006
3 1007 93 98
3 1003 1008 1005
3 1003 1006 1008
3 1006 99 1008
3 1006 98 99
3 1000 1009 1007
3 1000 1010 1009
3 1010 734 1009
3 1010 730 734
3 1007 92 93
3 1007 1009 92
3 1009 95 92
3 1009 734 95
3 1000 1011 1010
3 1000 1002 1011
3 1002 998 1011
3 1002 993 998
3 1010 729 730
3 1010 1011 729
3 1011 732 729
3 1011 998 732
3 1012 1013 1014
3 1012 1015 1013
3 1015 844 1013
3 1015 840 844
3 1014 192 193
3 1014 1013 192
3 1013 195 192
3 1013 844 195
3 1012 1016 1015
3 1012 1017 1016
3 1017 1018 1016
3 1017 1019 1018
3 1015 839 840
3 1015 1016 839
3 1016 842 839
3 1016 1018 842
3 1012 1020 1017
3 1012 1021 1020
3 1021 1022 1020
3 1021 1023 1022
3 1017 1024 1019
3 1017 1020 1024
3 1020 1025 1024
3 1020 1022 1025
3 1012 1026 1021
3 1012 1014 1026
3 1014 198 1026
3 1014 193 198
3 1021 1027 1023
3 1021 1026 1027
3 1026 199 1027
3 1026 198 199
3 1028 1029 1030
3 1028 1031 1029
3 1031 864 1029
3 1031 860 864
3 1030 1018 1019
3 1030 1029 1018
3 1029 842 1018
3 1029 864 842
3 1028 1032 1031
3 1028 1033 1032
3 1033 1034 1032
3 1033 1035 1034
3 1031 859 860
3 1031 1032 859
3 1032 862 859
3 1032 1034 862
3 1028 1036 1033
3 1028 1037 1036
3 1037 1038 1036
3 1037 1039 1038
3 1033 1040 1035
3 1033 1036 1040
3 1036 1041 1040
3 1036 1038 1041
3 1028 1042 1037
3 1028 1030 1042
3 1030 1024 1042
3 1030 1019 1024
3 1037 1043 1039
3 1037 1042 1043
3 1042 1025 1043
3 1042 1024 1025
3 1044 1045 1046
3 1044 1047 1045
3 1047 879 1045
3 1047 877 879
3 1046 1034 1035
3 1046 1045 1034
3 1045 862 1034
3 1045 879 862
3 1044 1048 1047
3 1044 1049 1048
3 1049 73 1048
3 1049 68 73
3 1047 876 877
3 1047 1048 876
3 1048 74 876
3 1048 73 74
3 1044 1050 1049
3 1044 1051 1050
3 1051 1052 1050
3 1051 1053 1052
3 1049 67 68
3 1049 1050 67
3 1050 70 67
3 1050 1052 70
3 1044 1054 1051
3 1044 1046 1054
3 1046 1040 1054
3 1046 1035 1040
3 1051 1055 1053
3 1051 1054 1055
3 1054 1041 1055
3 1054 1040 1041
3 1056 1057 1058
3 1056 1059 1057
3 1059 1060 1057
3 1059 1061 1060
3 1058 204 205
3 1058 1057 204
3 1057 208 204
3 1057 1060 208
3 1056 1062 1059
3 1056 1063 1062
3 1063 1064 1062
3 1063 1065 1064
3 1059 1066 1061
3 1059 1062 1066
3 1062 1067 1066
3 1062 1064 1067
3 1056 1068 1063
3 1056 1069 1068
3 1069 890 1068
3 1069 885 890
3 1063 1070 1065
3 1063 1068 1070
3 1068 891 1070
3 1068 890 891
3 1056 1071 1069
3 1056 1058 1071
3 1058 211 1071
3 1058 205 211
3 1069 884 885
3 1069 1071 884
3 1071 33 884
3 1071 211 33
3 1072 1073 1074
3 1072 1075 1073
3 1075 1076 1073
3 1075 1077 1076
3 1074 1064 1065
3 1074 1073 1064
3 1073 1067 1064
3 1073 1076 1067
3 1072 1078 1075
3 1072 1079 1078
3 1079 1080 1078
3 1079 1081 1080
3 1075 1082 1077
3 1075 1078 1082
3 1078 1083 1082
3 1078 1080 1083
3 1072 1084 1079
3 1072 1085 1084
3 1085 906 1084
3 1085 901 906
3 1079 1086 1081
3 1079 1084 1086
3 1084 907 1086
3 1084 906 907
3 1072 1087 1085
3 1072 1074 1087
3 1074 1070 1087
3 1074 1065 1070
3 1085 900 901
3 1085 1087 900
3 1087 891 900
3 1087 1070 891
3 1088 1089 1090
3 1088 1091 1089
3 1091 1092 1089
3 1091 1093 1092
3 1090 1080 1081
3 1090 1089 1080
3 1089 1083 1080
3 1089 1092 1083
3 1088 1094 1091
3 1088 1095 1094
3 1095 250 1094
3 1095 245 250
3 1091 1096 1093
3 1091 1094 1096
3 1094 251 1096
3 1094 250 251
3 1088 1097 1095
3 1088 1098 1097
3 1098 920 1097
3 1098 917 920
3 1095 244 245
3 1095 1097 244
3 1097 114 244
3 1097 920 114
3 1088 1099 1098
3 1088 1090 1099
3 1090 1086 1099
3 1090 1081 1086
3 1098 916 917
3 1098 1099 916
3 1099 907 916
3 1099 1086 907
3 1100 1101 1102
3 1100 1103 1101
3 1103 1104 1101
3 1103 1105 1104
3 1102 274 275
3 1102 1101 274
3 1101 277 274
3 1101 1104 277
3 1100 1106 1103
3 1100 1107 1106
3 1107 1108 1106
3 1107 1109 1108
3 1103 1110 1105
3 1103 1106 1110
3 1106 1111 1110
3 1106 1108 1111
3 1100 1112 1107
3 1100 1113 1112
3 1113 978 1112
3 1113 973 978
3 1107 1114 1109
3 1107 1112 1114
3 1112 979 1114
3 1112 978 979
3 1100 1115 1113
3 1100 1102 1115
3 1102 279 1115
3 1102 275 279
3 1113 972 973
3 1113 1115 972
3 1115 170 972
3 1115 279 170
3 1116 1117 1118
3 1116 1119 1117
3 1119 1120 1117
3 1119 1121 1120
3 1118 1108 1109
3 1118 1117 1108
3 1117 1111 1108
3 1117 1120 1111
3 1116 1122 1119
3 1116 1123 1122
3 1123 1124 1122
3 1123 1125 1124
3 1119 1126 1121
3 1119 1122 1126
3 1122 1127 1126
3 1122 1124 1127
3 1116 1128 1123
3 1116 1129 1128
3 1129 994 1128
3 1129 989 994
3 1123 1130 1125
3 1123 1128 1130
3 1128 995 1130
3 1128 994 995
3 1116 1131 1129
3 1116 1118 1131
3 1118 1114 1131
3 1118 1109 1114
3 1129 988 989
3 1129 1131 988
3 1131 979 988
3 1131 1114 979
3 1132 1133 1134
3 1132 1135 1133
3 1135 1136 1133
3 1135 1137 1136
3 1134 1124 1125
3 1134 1133 1124
3 1133 1127 1124
3 1133 1136 1127
3 1132 1138 1135
3 1132 1139 1138
3 1139 238 1138
3 1139 235 238
3 1135 1140 1137
3 1135 1138 1140
3 1138 239 1140
3 1138 238 239
3 1132 1141 1139
3 1132 1142 1141
3 1142 1008 1141
3 1142 1005 1008
3 1139 234 235
3 1139 1141 234
3 1141 99 234
3 1141 1008 99
3 1132 1143 1142
3 1132 1134 1143
3 1134 1130 1143
3 1134 1125 1130
3 1142 1004 1005
3 1142 1143 1004
3 1143 995 1004
3 1143 1130 995
3 1144 1145 1146
3 1144 1147 1145
3 1147 1148 1145
3 1147 1149 1148
3 1146 284 285
3 1146 1145 284
3 1145 288 284
3 1145 1148 288
3 1144 1150 1147
3 1144 1151 1150
3 1151 1152 1150
3 1151 1153 1152
3 1147 1154 1149
3 1147 1150 1154
3 1150 1155 1154
3 1150 1152 1155
3 1144 1156 1151
3 1144 1157 1156
3 1157 1158 1156
3 1157 1159 1158
3 1151 1160 1153
3 1151 1156 1160
3 1156 1161 1160
3 1156 1158 1161
3 1144 1162 1157
3 1144 1146 1162
3 1146 293 1162
3 1146 285 293
3 1157 1163 1159
3 1157 1162 1163
3 1162 294 1163
3 1162 293 294
3 1164 1165 1166
3 1164 1167 1165
3 1167 1168 1165
3 1167 1169 1168
3 1166 1152 1153
3 1166 1165 1152
3 1165 1155 1152
3 1165 1168 1155
3 1164 1170 1167
3 1164 1171 1170
3 1171 1172 1170
3 1171 1173 1172
3 1167 1174 1169
3 1167 1170 1174
3 1170 1175 1174
3 1170 1172 1175
3 1164 1176 1171
3 1164 1177 1176
3 1177 1178 1176
3 1177 1179 1178
3 1171 1180 1173
3 1171 1176 1180
3 1176 1181 1180
3 1176 1178 1181
3 1164 1182 1177
3 1164 1166 1182
3 1166 1160 1182
3 1166 1153 1160
3 1177 1183 1179
3 1177 1182 1183
3 1182 1161 1183
3 1182 1160 1161
3 1184 1185 1186
3 1184 1187 1185
3 1187 1188 1185
3 1187 1189 1188
3 1186 1172 1173
3 1186 1185 1172
3 1185 1175 1172
3 1185 1188 1175
3 1184 1190 1187
3 1184 1191 1190
3 1191 343 1190
3 1191 335 343
3 1187 1192 1189
3 1187 1190 1192
3 1190 344 1192
3 1190 343 344
3 1184 1193 1191
3 1184 1194 1193
3 1194 1195 1193
3 1194 1196 1195
3 1191 334 335
3 1191 1193 334
3 1193 338 334
3 1193 1195 338
3 1184 1197 1194
3 1184 1186 1197
3 1186 1180 1197
3 1186 1173 1180
3 1194 1198 1196
3 1194 1197 1198
3 1197 1181 1198
3 1197 1180 1181
3 1199 1200 1201
3 1199 1202 1200
3 1202 1203 1200
3 1202 1204 1203
3 1201 372 373
3 1201 1200 372
3 1200 375 372
3 1200 1203 375
3 1199 1205 1202
3 1199 1206 1205
3 1206 1207 1205
3 1206 1208 1207
3 1202 1209 1204
3 1202 1205 1209
3 1205 1210 1209
3 1205 1207 1210
3 1199 1211 1206
3 1199 1212 1211
3 1212 1213 1211
3 1212 1214 1213
3 1206 1215 1208
3 1206 1211 1215
3 1211 1216 1215
3 1211 1213 1216
3 1199 1217 1212
3 1199 1201 1217
3 1201 378 1217
3 1201 373 378
3 1212 1218 1214
3 1212 1217 1218
3 1217 379 1218
3 1217 378 379
3 1219 1220 1221
3 1219 1222 1220
3 1222 1223 1220
3 1222 1224 1223
3 1221 1207 1208
3 1221 1220 1207
3 1220 1210 1207
3 1220 1223 1210
3 1219 1225 1222
3 1219 1226 1225
3 1226 1227 1225
3 1226 1228 1227
3 1222 1229 1224
3 1222 1225 1229
3 1225 1230 1229
3 1225 1227 1230
3 1219 1231 1226
3 1219 1232 1231
3 1232 1233 1231
3 1232 1234 1233
3 1226 1235 1228
3 1226 1231 1235
3 1231 1236 1235
3 1231 1233 1236
3 1219 1237 1232
3 1219 1221 1237
3 1221 1215 1237
3 1221 1208 1215
3 1232 1238 1234
3 1232 1237 1238
3 1237 1216 1238
3 1237 1215 1216
3 1239 1240 1241
3 1239 1242 1240
3 1242 1243 1240
3 1242 1244 1243
3 1241 1227 1228
3 1241 1240 1227
3 1240 1230 1227
3 1240 1243 1230
3 1239 1245 1242
3 1239 1246 1245
3 1246 328 1245
3 1246 323 328
3 1242 1247 1244
3 1242 1245 1247
3 1245 329 1247
3 1245 328 329
3 1239 1248 1246
3 1239 1249 1248
3 1249 1250 1248
3 1249 1251 1250
3 1246 322 323
3 1246 1248 322
3 1248 325 322
3 1248 1250 325
3 1239 1252 1249
3 1239 1241 1252
3 1241 1235 1252
3 1241 1228 1235
3 1249 1253 1251
3 1249 1252 1253
3 1252 1236 1253
3 1252 1235 1236
3 1254 1255 1256
3 1254 1257 1255
3 1257 1258 1255
3 1257 1259 1258
3 1256 404 405
3 1256 1255 404
3 1255 391 404
3 1255 1258 391
3 1254 1260 1257
3 1254 1261 1260
3 1261 1262 1260
3 1261 1263 1262
3 1257 1264 1259
3 1257 1260 1264
3 1260 1265 1264
3 1260 1262 1265
3 1254 1266 1261
3 1254 1267 1266
3 1267 1154 1266
3 1267 1149 1154
3 1261 1268 1263
3 1261 1266 1268
3 1266 1155 1268
3 1266 1154 1155
3 1254 1269 1267
3 1254 1256 1269
3 1256 408 1269
3 1256 405 408
3 1267 1148 1149
3 1267 1269 1148
3 1269 288 1148
3 1269 408 288
3 1270 1271 1272
3 1270 1273 1271
3 1273 1274 1271
3 1273 1275 1274
3 1272 1262 1263
3 1272 1271 1262
3 1271 1265 1262
3 1271 1274 1265
3 1270 1276 1273
3 1270 1277 1276
3 1277 1278 1276
3 1277 1279 1278
3 1273 1280 1275
3 1273 1276 1280
3 1276 1281 1280
3 1276 1278 1281
3 1270 1282 1277
3 1270 1283 1282
3 1283 1174 1282
3 1283 1169 1174
3 1277 1284 1279
3 1277 1282 1284
3 1282 1175 1284
3 1282 1174 1175
3 1270 1285 1283
3 1270 1272 1285
3 1272 1268 1285
3 1272 1263 1268
3 1283 1168 1169
3 1283 1285 1168
3 1285 1155 1168
3 1285 1268 1155
3 1286 1287 1288
3 1286 1289 1287
3 1289 1290 1287
3 1289 1291 1290
3 1288 1278 1279
3 1288 1287 1278
3 1287 1281 1278
3 1287 1290 1281
3 1286 1292 1289
3 1286 1293 1292
3 1293 460 1292
3 1293 455 460
3 1289 1294 1291
3 1289 1292 1294
3 1292 461 1294
3 1292 460 461
3 1286 1295 1293
3 1286 1296 1295
3 1296 1192 1295
3 1296 1189 1192
3 1293 454 455
3 1293 1295 454
3 1295 344 454
3 1295 1192 344
3 1286 1297 1296
3 1286 1288 1297
3 1288 1284 1297
3 1288 1279 1284
3 1296 1188 1189
3 1296 1297 1188
3 1297 1175 1188
3 1297 1284 1175
3 1298 1299 1300
3 1298 1301 1299
3 1301 964 1299
3 1301 961 964
3 1300 384 385
3 1300 1299 384
3 1299 14 384
3 1299 964 14
3 1298 1302 1301
3 1298 1303 1302
3 1303 1304 1302
3 1303 1305 1304
3 1301 960 961
3 1301 1302 960
3 1302 951 960
3 1302 1304 951
3 1298 1306 1303
3 1298 1307 1306
3 1307 1264 1306
3 1307 1259 1264
3 1303 1308 1305
3 1303 1306 1308
3 1306 1265 1308
3 1306 1264 1265
3 1298 1309 1307
3 1298 1300 1309
3 1300 390 1309
3 1300 385 390
3 1307 1258 1259
3 1307 1309 1258
3 1309 391 1258
3 1309 390 391
3 1310 1311 1312
3 1310 1313 1311
3 1313 950 1311
3 1313 945 950
3 1312 1304 1305
3 1312 1311 1304
3 1311 951 1304
3 1311 950 951
3 1310 1314 1313
3 1310 1315 1314
3 1315 1316 1314
3 1315 1317 1316
3 1313 944 945
3 1313 1314 944
3 1314 939 944
3 1314 1316 939
3 1310 1318 1315
3 1310 1319 1318
3 1319 1280 1318
3 1319 1275 1280
3 1315 1320 1317
3 1315 1318 1320
3 1318 1281 1320
3 1318 1280 1281
3 1310 1321 1319
3 1310 1312 1321
3 1312 1308 1321
3 1312 1305 1308
3 1319 1274 1275
3 1319 1321 1274
3 1321 1265 1274
3 1321 1308 1265
3 1322 1323 1324
3 1322 1325 1323
3 1325 938 1323
3 1325 935 938
3 1324 1316 1317
3 1324 1323 1316
3 1323 939 1316
3 1323 938 939
3 1322 1326 1325
3 1322 1327 1326
3 1327 478 1326
3 1327 475 478
3 1325 934 935
3 1325 1326 934
3 1326 133 934
3 1326 478 133
3 1322 1328 1327
3 1322 1329 1328
3 1329 1294 1328
3 1329 1291 1294
3 1327 474 475
3 1327 1328 474
3 1328 461 474
3 1328 1294 461
3 1322 1330 1329
3 1322 1324 1330
3 1324 1320 1330
3 1324 1317 1320
3 1329 1290 1291
3 1329 1330 1290
3 1330 1281 1290
3 1330 1320 1281
3 1331 1332 1333
3 1331 1334 1332
3 1334 1335 1332
3 1334 1336 1335
3 1333 499 500
3 1333 1332 499
3 1332 502 499
3 1332 1335 502
3 1331 1337 1334
3 1331 1338 1337
3 1338 1339 1337
3 1338 1340 1339
3 1334 1341 1336
3 1334 1337 1341
3 1337 1342 1341
3 1337 1339 1342
3 1331 1343 1338
3 1331 1344 1343
3 1344 1209 1343
3 1344 1204 1209
3 1338 1345 1340
3 1338 1343 1345
3 1343 1210 1345
3 1343 1209 1210
3 1331 1346 1344
3 1331 1333 1346
3 1333 504 1346
3 1333 500 504
3 1344 1203 1204
3 1344 1346 1203
3 1346 375 1203
3 1346 504 375
3 1347 1348 1349
3 1347 1350 1348
3 1350 1351 1348
3 1350 1352 1351
3 1349 1339 1340
3 1349 1348 1339
3 1348 1342 1339
3 1348 1351 1342
3 1347 1353 1350
3 1347 1354 1353
3 1354 1355 1353
3 1354 1356 1355
3 1350 1357 1352
3 1350 1353 1357
3 1353 1358 1357
3 1353 1355 1358
3 1347 1359 1354
3 1347 1360 1359
3 1360 1229 1359
3 1360 1224 1229
3 1354 1361 1356
3 1354 1359 1361
3 1359 1230 1361
3 1359 1229 1230
3 1347 1362 1360
3 1347 1349 1362
3 1349 1345 1362
3 1349 1340 1345
3 1360 1223 1224
3 1360 1362 1223
3 1362 1210 1223
3 1362 1345 1210
3 1363 1364 1365
3 1363 1366 1364
3 1366 1367 1364
3 1366 1368 1367
3 1365 1355 1356
3 1365 1364 1355
3 1364 1358 1355
3 1364 1367 1358
3 1363 1369 1366
3 1363 1370 1369
3 1370 449 1369
3 1370 447 449
3 1366 1371 1368
3 1366 1369 1371
3 1369 432 1371
3 1369 449 432
3 1363 1372 1370
3 1363 1373 1372
3 1373 1247 1372
3 1373 1244 1247
3 1370 446 447
3 1370 1372 446
3 1372 329 446
3 1372 1247 329
3 1363 1374 1373
3 1363 1365 1374
3 1365 1361 1374
3 1365 1356 1361
3 1373 1243 1244
3 1373 1374 1243
3 1374 1230 1243
3 1374 1361 1230
3 1375 1376 1377
3 1375 1378 1376
3 1378 1027 1376
3 1378 1023 1027
3 1377 516 517
3 1377 1376 516
3 1376 199 516
3 1376 1027 199
3 1375 1379 1378
3 1375 1380 1379
3 1380 1381 1379
3 1380 1382 1381
3 1378 1022 1023
3 1378 1379 1022
3 1379 1025 1022
3 1379 1381 1025
3 1375 1383 1380
3 1375 1384 1383
3 1384 1341 1383
3 1384 1336 1341
3 1380 1385 1382
3 1380 1383 1385
3 1383 1342 1385
3 1383 1341 1342
3 1375 1386 1384
3 1375 1377 1386
3 1377 519 1386
3 1377 517 519
3 1384 1335 1336
3 1384 1386 1335
3 1386 502 1335
3 1386 519 502
3 1387 1388 1389
3 1387 1390 1388
3 1390 1043 1388
3 1390 1039 1043
3 1389 1381 1382
3 1389 1388 1381
3 1388 1025 1381
3 1388 1043 1025
3 1387 1391 1390
3 1387 1392 1391
3 1392 1393 1391
3 1392 1394 1393
3 1390 1038 1039
3 1390 1391 1038
3 1391 1041 1038
3 1391 1393 1041
3 1387 1395 1392
3 1387 1396 1395
3 1396 1357 1395
3 1396 1352 1357
3 1392 1397 1394
3 1392 1395 1397
3 1395 1358 1397
3 1395 1357 1358
3 1387 1398 1396
3 1387 1389 1398
3 1389 1385 1398
3 1389 1382 1385
3 1396 1351 1352
3 1396 1398 1351
3 1398 1342 1351
3 1398 1385 1342
3 1399 1400 1401
3 1399 1402 1400
3 1402 1055 1400
3 1402 1053 1055
3 1401 1393 1394
3 1401 1400 1393
3 1400 1041 1393
3 1400 1055 1041
3 1399 1403 1402
3 1399 1404 1403
3 1404 434 1403
3 1404 430 434
3 1402 1052 1053
3 1402 1403 1052
3 1403 70 1052
3 1403 434 70
3 1399 1405 1404
3 1399 1406 1405
3 1406 1371 1405
3 1406 1368 1371
3 1404 429 430
3 1404 1405 429
3 1405 432 429
3 1405 1371 432
3 1399 1407 1406
3 1399 1401 1407
3 1401 1397 1407
3 1401 1394 1397
3 1406 1367 1368
3 1406 1407 1367
3 1407 1358 1367
3 1407 1397 1358
3 1408 1409 1410
3 1408 1411 1409
3 1411 1412 1409
3 1411 1413 1412
3 1410 544 545
3 1410 1409 544
3 1409 531 544
3 1409 1412 531
3 1408 1414 1411
3 1408 1415 1414
3 1415 1416 1414
3 1415 1417 1416
3 1411 1418 1413
3 1411 1414 1418
3 1414 1419 1418
3 1414 1416 1419
3 1408 1420 1415
3 1408 1421 1420
3 1421 1066 1420
3 1421 1061 1066
3 1415 1422 1417
3 1415 1420 1422
3 1420 1067 1422
3 1420 1066 1067
3 1408 1423 1421
3 1408 1410 1423
3 1410 548 1423
3 1410 545 548
3 1421 1060 1061
3 1421 1423 1060
3 1423 208 1060
3 1423 548 208
3 1424 1425 1426
3 1424 1427 1425
3 1427 1428 1425
3 1427 1429 1428
3 1426 1416 1417
3 1426 1425 1416
3 1425 1419 1416
3 1425 1428 1419
3 1424 1430 1427
3 1424 1431 1430
3 1431 1432 1430
3 1431 1433 1432
3 1427 1434 1429
3 1427 1430 1434
3 1430 1435 1434
3 1430 1432 1435
3 1424 1436 1431
3 1424 1437 1436
3 1437 1082 1436
3 1437 1077 1082
3 1431 1438 1433
3 1431 1436 1438
3 1436 1083 1438
3 1436 1082 1083
3 1424 1439 1437
3 1424 1426 1439
3 1426 1422 1439
3 1426 1417 1422
3 1437 1076 1077
3 1437 1439 1076
3 1439 1067 1076
3 1439 1422 1067
3 1440 1441 1442
3 1440 1443 1441
3 1443 1444 1441
3 1443 1445 1444
3 1442 1432 1433
3 1442 1441 1432
3 1441 1435 1432
3 1441 1444 1435
3 1440 1446 1443
3 1440 1447 1446
3 1447 600 1446
3 1447 595 600
3 1443 1448 1445
3 1443 1446 1448
3 1446 601 1448
3 1446 600 601
3 1440 1449 1447
3 1440 1450 1449
3 1450 1096 1449
3 1450 1093 1096
3 1447 594 595
3 1447 1449 594
3 1449 251 594
3 1449 1096 251
3 1440 1451 1450
3 1440 1442 1451
3 1442 1438 1451
3 1442 1433 1438
3 1450 1092 1093
3 1450 1451 1092
3 1451 1083 1092
3 1451 1438 1083
3 1452 1453 1454
3 1452 1455 1453
3 1455 1163 1453
3 1455 1159 1163
3 1454 524 525
3 1454 1453 524
3 1453 294 524
3 1453 1163 294
3 1452 1456 1455
3 1452 1457 1456
3 1457 1458 1456
3 1457 1459 1458
3 1455 1158 1159
3 1455 1456 1158
3 1456 1161 1158
3 1456 1458 1161
3 1452 1460 1457
3 1452 1461 1460
3 1461 1418 1460
3 1461 1413 1418
3 1457 1462 1459
3 1457 1460 1462
3 1460 1419 1462
3 1460 1418 1419
3 1452 1463 1461
3 1452 1454 1463
3 1454 530 1463
3 1454 525 530
3 1461 1412 1413
3 1461 1463 1412
3 1463 531 1412
3 1463 530 531
3 1464 1465 1466
3 1464 1467 1465
3 1467 1183 1465
3 1467 1179 1183
3 1466 1458 1459
3 1466 1465 1458
3 1465 1161 1458
3 1465 1183 1161
3 1464 1468 1467
3 1464 1469 1468
3 1469 1470 1468
3 1469 1471 1470
3 1467 1178 1179
3 1467 1468 1178
3 1468 1181 1178
3 1468 1470 1181
3 1464 1472 1469
3 1464 1473 1472
3 1473 1434 1472
3 1473 1429 1434
3 1469 1474 1471
3 1469 1472 1474
3 1472 1435 1474
3 1472 1434 1435
3 1464 1475 1473
3 1464 1466 1475
3 1466 1462 1475
3 1466 1459 1462
3 1473 1428 1429
3 1473 1475 1428
3 1475 1419 1428
3 1475 1462 1419
3 1476 1477 1478
3 1476 1479 1477
3 1479 1198 1477
3 1479 1196 1198
3 1478 1470 1471
3 1478 1477 1470
3 1477 1181 1470
3 1477 1198 1181
3 1476 1480 1479
3 1476 1481 1480
3 1481 618 1480
3 1481 615 618
3 1479 1195 1196
3 1479 1480 1195
3 1480 338 1195
3 1480 618 338
3 1476 1482 1481
3 1476 1483 1482
3 1483 1448 1482
3 1483 1445 1448
3 1481 614 615
3 1481 1482 614
3 1482 601 614
3 1482 1448 601
3 1476 1484 1483
3 1476 1478 1484
3 1478 1474 1484
3 1478 1471 1474
3 1483 1444 1445
3 1483 1484 1444
3 1484 1435 1444
3 1484 1474 1435
3 1485 1486 1487
3 1485 1488 1486
3 1488 1489 1486
3 1488 1490 1489
3 1487 639 640
3 1487 1486 639
3 1486 642 639
3 1486 1489 642
3 1485 1491 1488
3 1485 1492 1491
3 1492 1493 1491
3 1492 1494 1493
3 1488 1495 1490
3 1488 1491 1495
3 1491 1496 1495
3 1491 1493 1496
3 1485 1497 1492
3 1485 1498 1497
3 1498 1110 1497
3 1498 1105 1110
3 1492 1499 1494
3 1492 1497 1499
3 1497 1111 1499
3 1497 1110 1111
3 1485 1500 1498
3 1485 1487 1500
3 1487 644 1500
3 1487 640 644
3 1498 1104 1105
3 1498 1500 1104
3 1500 277 1104
3 1500 644 277
3 1501 1502 1503
3 1501 1504 1502
3 1504 1505 1502
3 1504 1506 1505
3 1503 1493 1494
3 1503 1502 1493
3 1502 1496 1493
3 1502 1505 1496
3 1501 1507 1504
3 1501 1508 1507
3 1508 1509 1507
3 1508 1510 1509
3 1504 1511 1506
3 1504 1507 1511
3 1507 1512 1511
3 1507 1509 1512
3 1501 1513 1508
3 1501 1514 1513
3 1514 1126 1513
3 1514 1121 1126
3 1508 1515 1510
3 1508 1513 1515
3 1513 1127 1515
3 1513 1126 1127
3 1501 1516 1514
3 1501 1503 1516
3 1503 1499 1516
3 1503 1494 1499
3 1514 1120 1121
3 1514 1516 1120
3 1516 1111 1120
3 1516 1499 1111
3 1517 1518 1519
3 1517 1520 1518
3 1520 1521 1518
3 1520 1522 1521
3 1519 1509 1510
3 1519 1518 1509
3 1518 1512 1509
3 1518 1521 1512
3 1517 1523 1520
3 1517 1524 1523
3 1524 589 1523
3 1524 587 589
3 1520 1525 1522
3 1520 1523 1525
3 1523 572 1525
3 1523 589 572
3 1517 1526 1524
3 1517 1527 1526
3 1527 1140 1526
3 1527 1137 1140
3 1524 586 587
3 1524 1526 586
3 1526 239 586
3 1526 1140 239
3 1517 1528 1527
3 1517 1519 1528
3 1519 1515 1528
3 1519 1510 1515
3 1527 1136 1137
3 1527 1528 1136
3 1528 1127 1136
3 1528 1515 1127
3 1529 1530 1531
3 1529 1532 1530
3 1532 1218 1530
3 1532 1214 1218
3 1531 656 657
3 1531 1530 656
3 1530 379 656
3 1530 1218 379
3 1529 1533 1532
3 1529 1534 1533
3 1534 1535 1533
3 1534 1536 1535
3 1532 1213 1214
3 1532 1533 1213
3 1533 1216 1213
3 1533 1535 1216
3 1529 1537 1534
3 1529 1538 1537
3 1538 1495 1537
3 1538 1490 1495
3 1534 1539 1536
3 1534 1537 1539
3 1537 1496 1539
3 1537 1495 1496
3 1529 1540 1538
3 1529 1531 1540
3 1531 659 1540
3 1531 657 659
3 1538 1489 1490
3 1538 1540 1489
3 1540 642 1489
3 1540 659 642
3 1541 1542 1543
3 1541 1544 1542
3 1544 1238 1542
3 1544 1234 1238
3 1543 1535 1536
3 1543 1542 1535
3 1542 1216 1535
3 1542 1238 1216
3 1541 1545 1544
3 1541 1546 1545
3 1546 1547 1545
3 1546 1548 1547
3 1544 1233 1234
3 1544 1545 1233
3 1545 1236 1233
3 1545 1547 1236
3 1541 1549 1546
3 1541 1550 1549
3 1550 1511 1549
3 1550 1506 1511
3 1546 1551 1548
3 1546 1549 1551
3 1549 1512 1551
3 1549 1511 1512
3 1541 1552 1550
3 1541 1543 1552
3 1543 1539 1552
3 1543 1536 1539
3 1550 1505 1506
3 1550 1552 1505
3 1552 1496 1505
3 1552 1539 1496
3 1553 1554 1555
3 1553 1556 1554
3 1556 1253 1554
3 1556 1251 1253
3 1555 1547 1548
3 1555 1554 1547
3 1554 1236 1547
3 1554 1253 1236
3 1553 1557 1556
3 1553 1558 1557
3 1558 574 1557
3 1558 570 574
3 1556 1250 1251
3 1556 1557 1250
3 1557 325 1250
3 1557 574 325
3 1553 1559 1558
3 1553 1560 1559
3 1560 1525 1559
3 1560 1522 1525
3 1558 569 570
3 1558 1559 569
3 1559 572 569
3 1559 1525 572
3 1553 1561 1560
3 1553 1555 1561
3 1555 1551 1561
3 1555 1548 1551
3 1560 1521 1522
3 1560 1561 1521
3 1561 1512 1521
3 1561 1551 1512
3 1562 1563 1564
3 1562 1565 1563
3 1565 1566 1563
3 1565 1567 1566
3 1564 17 18
3 1564 1563 17
3 1563 20 17
3 1563 1566 20
3 1562 1568 1565
3 1562 1569 1568
3 1569 1570 1568
3 1569 1571 1570
3 1565 1572 1567
3 1565 1568 1572
3 1568 1573 1572
3 1568 1570 1573
3 1562 1574 1569
3 1562 1575 1574
3 1575 1576 1574
3 1575 1577 1576
3 1569 1578 1571
3 1569 1574 1578
3 1574 1579 1578
3 1574 1576 1579
3 1562 1580 1575
3 1562 1564 1580
3 1564 23 1580
3 1564 18 23
3 1575 1581 1577
3 1575 1580 1581
3 1580 24 1581
3 1580 23 24
3 1582 1583 1584
3 1582 1585 1583
3 1585 1586 1583
3 1585 1587 1586
3 1584 1570 1571
3 1584 1583 1570
3 1583 1573 1570
3 1583 1586 1573
3 1582 1588 1585
3 1582 1589 1588
3 1589 63 1588
3 1589 55 63
3 1585 1590 1587
3 1585 1588 1590
3 1588 64 1590
3 1588 63 64
3 1582 1591 1589
3 1582 1592 1591
3 1592 1593 1591
3 1592 1594 1593
3 1589 54 55
3 1589 1591 54
3 1591 58 54
3 1591 1593 58
3 1582 1595 1592
3 1582 1584 1595
3 1584 1578 1595
3 1584 1571 1578
3 1592 1596 1594
3 1592 1595 1596
3 1595 1579 1596
3 1595 1578 1579
3 1597 1598 1599
3 1597 1600 1598
3 1600 1601 1598
3 1600 1602 1601
3 1599 42 43
3 1599 1598 42
3 1598 45 42
3 1598 1601 45
3 1597 1603 1600
3 1597 1604 1603
3 1604 1605 1603
3 1604 1606 1605
3 1600 1607 1602
3 1600 1603 1607
3 1603 1608 1607
3 1603 1605 1608
3 1597 1609 1604
3 1597 1610 1609
3 1610 1611 1609
3 1610 1612 1611
3 1604 1613 1606
3 1604 1609 1613
3 1609 1614 1613
3 1609 1611 1614
3 1597 1615 1610
3 1597 1599 1615
3 1599 48 1615
3 1599 43 48
3 1610 1616 1612
3 1610 1615 1616
3 1615 49 1616
3 1615 48 49
3 1617 1618 1619
3 1617 1620 1618
3 1620 1621 1618
3 1620 1622 1621
3 1619 1605 1606
3 1619 1618 1605
3 1618 1608 1605
3 1618 1621 1608
3 1617 1623 1620
3 1617 1624 1623
3 1624 88 1623
3 1624 80 88
3 1620 1625 1622
3 1620 1623 1625
3 1623 89 1625
3 1623 88 89
3 1617 1626 1624
3 1617 1627 1626
3 1627 1628 1626
3 1627 1629 1628
3 1624 79 80
3 1624 1626 79
3 1626 83 79
3 1626 1628 83
3 1617 1630 1627
3 1617 1619 1630
3 1619 1613 1630
3 1619 1606 1613
3 1627 1631 1629
3 1627 1630 1631
3 1630 1614 1631
3 1630 1613 1614
3 1632 1633 1634
3 1632 1635 1633
3 1635 1636 1633
3 1635 1637 1636
3 1634 117 118
3 1634 1633 117
3 1633 120 117
3 1633 1636 120
3 1632 1638 1635
3 1632 1639 1638
3 1639 1640 1638
3 1639 1641 1640
3 1635 1642 1637
3 1635 1638 1642
3 1638 1643 1642
3 1638 1640 1643
3 1632 1644 1639
3 1632 1645 1644
3 1645 1646 1644
3 1645 1647 1646
3 1639 1648 1641
3 1639 1644 1648
3 1644 1649 1648
3 1644 1646 1649
3 1632 1650 1645
3 1632 1634 1650
3 1634 123 1650
3 1634 118 123
3 1645 1651 1647
3 1645 1650 1651
3 1650 124 1651
3 1650 123 124
3 1652 1653 1654
3 1652 1655 1653
3 1655 1656 1653
3 1655 1657 1656
3 1654 1640 1641
3 1654 1653 1640
3 1653 1643 1640
3 1653 1656 1643
3 1652 1658 1655
3 1652 1659 1658
3 1659 163 1658
3 1659 155 163
3 1655 1660 1657
3 1655 1658 1660
3 1658 164 1660
3 1658 163 164
3 1652 1661 1659
3 1652 1662 1661
3 1662 1663 1661
3 1662 1664 1663
3 1659 154 155
3 1659 1661 154
3 1661 158 154
3 1661 1663 158
3 1652 1665 1662
3 1652 1654 1665
3 1654 1648 1665
3 1654 1641 1648
3 1662 1666 1664
3 1662 1665 1666
3 1665 1649 1666
3 1665 1648 1649
3 1667 1668 1669
3 1667 1670 1668
3 1670 1671 1668
3 1670 1672 1671
3 1669 142 143
3 1669 1668 142
3 1668 145 142
3 1668 1671 145
3 1667 1673 1670
3 1667 1674 1673
3 1674 1675 1673
3 1674 1676 1675
3 1670 1677 1672
3 1670 1673 1677
3 1673 1678 1677
3 1673 1675 1678
3 1667 1679 1674
3 1667 1680 1679
3 1680 1681 1679
3 1680 1682 1681
3 1674 1683 1676
3 1674 1679 1683
3 1679 1684 1683
3 1679 1681 1684
3 1667 1685 1680
3 1667 1669 1685
3 1669 148 1685
3 1669 143 148
3 1680 1686 1682
3 1680 1685 1686
3 1685 149 1686
3 1685 148 149
3 1687 1688 1689
3 1687 1690 1688
3 1690 1691 1688
3 1690 1692 1691
3 1689 1675 1676
3 1689 1688 1675
3 1688 1678 1675
3 1688 1691 1678
3 1687 1693 1690
3 1687 1694 1693
3 1694 188 1693
3 1694 180 188
3 1690 1695 1692
3 1690 1693 1695
3 1693 189 1695
3 1693 188 189
3 1687 1696 1694
3 1687 1697 1696
3 1697 1698 1696
3 1697 1699 1698
3 1694 179 180
3 1694 1696 179
3 1696 183 179
3 1696 1698 183
3 1687 1700 1697
3 1687 1689 1700
3 1689 1683 1700
3 1689 1676 1683
3 1697 1701 1699
3 1697 1700 1701
3 1700 1684 1701
3 1700 1683 1684
3 1702 1703 1704
3 1702 1705 1703
3 1705 1616 1703
3 1705 1612 1616
3 1704 214 215
3 1704 1703 214
3 1703 49 214
3 1703 1616 49
3 1702 1706 1705
3 1702 1707 1706
3 1707 1708 1706
3 1707 1709 1708
3 1705 1611 1612
3 1705 1706 1611
3 1706 1614 1611
3 1706 1708 1614
3 1702 1710 1707
3 1702 1711 1710
3 1711 1712 1710
3 1711 1713 1712
3 1707 1714 1709
3 1707 1710 1714
3 1710 1715 1714
3 1710 1712 1715
3 1702 1716 1711
3 1702 1704 1716
3 1704 218 1716
3 1704 215 218
3 1711 1717 1713
3 1711 1716 1717
3 1716 219 1717
3 1716 218 219
3 1718 1719 1720
3 1718 1721 1719
3 1721 1631 1719
3 1721 1629 1631
3 1720 1708 1709
3 1720 1719 1708
3 1719 1614 1708
3 1719 1631 1614
3 1718 1722 1721
3 1718 1723 1722
3 1723 231 1722
3 1723 225 231
3 1721 1628 1629
3 1721 1722 1628
3 1722 83 1628
3 1722 231 83
3 1718 1724 1723
3 1718 1725 1724
3 1725 1726 1724
3 1725 1727 1726
3 1723 224 225
3 1723 1724 224
3 1724 228 224
3 1724 1726 228
3 1718 1728 1725
3 1718 1720 1728
3 1720 1714 1728
3 1720 1709 1714
3 1725 1729 1727
3 1725 1728 1729
3 1728 1715 1729
3 1728 1714 1715
3 1730 1731 1732
3 1730 1733 1731
3 1733 1734 1731
3 1733 1735 1734
3 1732 254 255
3 1732 1731 254
3 1731 257 254
3 1731 1734 257
3 1730 1736 1733
3 1730 1737 1736
3 1737 1738 1736
3 1737 1739 1738
3 1733 1740 1735
3 1733 1736 1740
3 1736 1741 1740
3 1736 1738 1741
3 1730 1742 1737
3 1730 1743 1742
3 1743 1642 1742
3 1743 1637 1642
3 1737 1744 1739
3 1737 1742 1744
3 1742 1643 1744
3 1742 1642 1643
3 1730 1745 1743
3 1730 1732 1745
3 1732 259 1745
3 1732 255 259
3 1743 1636 1637
3 1743 1745 1636
3 1745 120 1636
3 1745 259 120
3 1746 1747 1748
3 1746 1749 1747
3 1749 1750 1747
3 1749 1751 1750
3 1748 1738 1739
3 1748 1747 1738
3 1747 1741 1738
3 1747 1750 1741
3 1746 1752 1749
3 1746 1753 1752
3 1753 270 1752
3 1753 265 270
3 1749 1754 1751
3 1749 1752 1754
3 1752 271 1754
3 1752 270 271
3 1746 1755 1753
3 1746 1756 1755
3 1756 1660 1755
3 1756 1657 1660
3 1753 264 265
3 1753 1755 264
3 1755 164 264
3 1755 1660 164
3 1746 1757 1756
3 1746 1748 1757
3 1748 1744 1757
3 1748 1739 1744
3 1756 1656 1657
3 1756 1757 1656
3 1757 1643 1656
3 1757 1744 1643
3 1758 1759 1760
3 1758 1761 1759
3 1761 1762 1759
3 1761 1763 1762
3 1760 297 298
3 1760 1759 297
3 1759 300 297
3 1759 1762 300
3 1758 1764 1761
3 1758 1765 1764
3 1765 1766 1764
3 1765 1767 1766
3 1761 1768 1763
3 1761 1764 1768
3 1764 1769 1768
3 1764 1766 1769
3 1758 1770 1765
3 1758 1771 1770
3 1771 1772 1770
3 1771 1773 1772
3 1765 1774 1767
3 1765 1770 1774
3 1770 1775 1774
3 1770 1772 1775
3 1758 1776 1771
3 1758 1760 1776
3 1760 303 1776
3 1760 298 303
3 1771 1777 1773
3 1771 1776 1777
3 1776 304 1777
3 1776 303 304
3 1778 1779 1780
3 1778 1781 1779
3 1781 1782 1779
3 1781 1783 1782
3 1780 1766 1767
3 1780 1779 1766
3 1779 1769 1766
3 1779 1782 1769
3 1778 1784 1781
3 1778 1785 1784
3 1785 318 1784
3 1785 310 318
3 1781 1786 1783
3 1781 1784 1786
3 1784 319 1786
3 1784 318 319
3 1778 1787 1785
3 1778 1788 1787
3 1788 1789 1787
3 1788 1790 1789
3 1785 309 310
3 1785 1787 309
3 1787 313 309
3 1787 1789 313
3 1778 1791 1788
3 1778 1780 1791
3 1780 1774 1791
3 1780 1767 1774
3 1788 1792 1790
3 1788 1791 1792
3 1791 1775 1792
3 1791 1774 1775
3 1793 1794 1795
3 1793 1796 1794
3 1796 1797 1794
3 1796 1798 1797
3 1795 347 348
3 1795 1794 347
3 1794 350 347
3 1794 1797 350
3 1793 1799 1796
3 1793 1800 1799
3 1800 1801 1799
3 1800 1802 1801
3 1796 1803 1798
3 1796 1799 1803
3 1799 1804 1803
3 1799 1801 1804
3 1793 1805 1800
3 1793 1806 1805
3 1806 1807 1805
3 1806 1808 1807
3 1800 1809 1802
3 1800 1805 1809
3 1805 1810 1809
3 1805 1807 1810
3 1793 1811 1806
3 1793 1795 1811
3 1795 353 1811
3 1795 348 353
3 1806 1812 1808
3 1806 1811 1812
3 1811 354 1812
3 1811 353 354
3 1813 1814 1815
3 1813 1816 1814
3 1816 1817 1814
3 1816 1818 1817
3 1815 1801 1802
3 1815 1814 1801
3 1814 1804 1801
3 1814 1817 1804
3 1813 1819 1816
3 1813 1820 1819
3 1820 368 1819
3 1820 360 368
3 1816 1821 1818
3 1816 1819 1821
3 1819 369 1821
3 1819 368 369
3 1813 1822 1820
3 1813 1823 1822
3 1823 1824 1822
3 1823 1825 1824
3 1820 359 360
3 1820 1822 359
3 1822 363 359
3 1822 1824 363
3 1813 1826 1823
3 1813 1815 1826
3 1815 1809 1826
3 1815 1802 1809
3 1823 1827 1825
3 1823 1826 1827
3 1826 1810 1827
3 1826 1809 1810
3 1828 1829 1830
3 1828 1831 1829
3 1831 1832 1829
3 1831 1833 1832
3 1830 394 395
3 1830 1829 394
3 1829 397 394
3 1829 1832 397
3 1828 1834 1831
3 1828 1835 1834
3 1835 1836 1834
3 1835 1837 1836
3 1831 1838 1833
3 1831 1834 1838
3 1834 1839 1838
3 1834 1836 1839
3 1828 1840 1835
3 1828 1841 1840
3 1841 1572 1840
3 1841 1567 1572
3 1835 1842 1837
3 1835 1840 1842
3 1840 1573 1842
3 1840 1572 1573
3 1828 1843 1841
3 1828 1830 1843
3 1830 399 1843
3 1830 395 399
3 1841 1566 1567
3 1841 1843 1566
3 1843 20 1566
3 1843 399 20
3 1844 1845 1846
3 1844 1847 1845
3 1847 1848 1845
3 1847 1849 1848
3 1846 1836 1837
3 1846 1845 1836
3 1845 1839 1836
3 1845 1848 1839
3 1844 1850 1847
3 1844 1851 1850
3 1851 425 1850
3 1851 420 425
3 1847 1852 1849
3 1847 1850 1852
3 1850 426 1852
3 1850 425 426
3 1844 1853 1851
3 1844 1854 1853
3 1854 1590 1853
3 1854 1587 1590
3 1851 419 420
3 1851 1853 419
3 1853 64 419
3 1853 1590 64
3 1844 1855 1854
3 1844 1846 1855
3 1846 1842 1855
3 1846 1837 1842
3 1854 1586 1587
3 1854 1855 1586
3 1855 1573 1586
3 1855 1842 1573
3 1856 1857 1858
3 1856 1859 1857
3 1859 1777 1857
3 1859 1773 1777
3 1858 411 412
3 1858 1857 411
3 1857 304 411
3 1857 1777 304
3 1856 1860 1859
3 1856 1861 1860
3 1861 1862 1860
3 1861 1863 1862
3 1859 1772 1773
3 1859 1860 1772
3 1860 1775 1772
3 1860 1862 1775
3 1856 1864 1861
3 1856 1865 1864
3 1865 1838 1864
3 1865 1833 1838
3 1861 1866 1863
3 1861 1864 1866
3 1864 1839 1866
3 1864 1838 1839
3 1856 1867 1865
3 1856 1858 1867
3 1858 414 1867
3 1858 412 414
3 1865 1832 1833
3 1865 1867 1832
3 1867 397 1832
3 1867 414 397
3 1868 1869 1870
3 1868 1871 1869
3 1871 1792 1869
3 1871 1790 1792
3 1870 1862 1863
3 1870 1869 1862
3 1869 1775 1862
3 1869 1792 1775
3 1868 1872 1871
3 1868 1873 1872
3 1873 443 1872
3 1873 440 443
3 1871 1789 1790
3 1871 1872 1789
3 1872 313 1789
3 1872 443 313
3 1868 1874 1873
3 1868 1875 1874
3 1875 1852 1874
3 1875 1849 1852
3 1873 439 440
3 1873 1874 439
3 1874 426 439
3 1874 1852 426
3 1868 1876 1875
3 1868 1870 1876
3 1870 1866 1876
3 1870 1863 1866
3 1875 1848 1849
3 1875 1876 1848
3 1876 1839 1848
3 1876 1866 1839
3 1877 1878 1879
3 1877 1880 1878
3 1880 1881 1878
3 1880 1882 1881
3 1879 464 465
3 1879 1878 464
3 1878 467 464
3 1878 1881 467
3 1877 1883 1880
3 1877 1884 1883
3 1884 1885 1883
3 1884 1886 1885
3 1880 1887 1882
3 1880 1883 1887
3 1883 1888 1887
3 1883 1885 1888
3 1877 1889 1884
3 1877 1890 1889
3 1890 1803 1889
3 1890 1798 1803
3 1884 1891 1886
3 1884 1889 1891
3 1889 1804 1891
3 1889 1803 1804
3 1877 1892 1890
3 1877 1879 1892
3 1879 469 1892
3 1879 465 469
3 1890 1797 1798
3 1890 1892 1797
3 1892 350 1797
3 1892 469 350
3 1893 1894 1895
3 1893 1896 1894
3 1896 1897 1894
3 1896 1898 1897
3 1895 1885 1886
3 1895 1894 1885
3 1894 1888 1885
3 1894 1897 1888
3 1893 1899 1896
3 1893 1900 1899
3 1900 495 1899
3 1900 490 495
3 1896 1901 1898
3 1896 1899 1901
3 1899 496 1901
3 1899 495 496
3 1893 1902 1900
3 1893 1903 1902
3 1903 1821 1902
3 1903 1818 1821
3 1900 489 490
3 1900 1902 489
3 1902 369 489
3 1902 1821 369
3 1893 1904 1903
3 1893 1895 1904
3 1895 1891 1904
3 1895 1886 1891
3 1903 1817 1818
3 1903 1904 1817
3 1904 1804 1817
3 1904 1891 1804
3 1905 1906 1907
3 1905 1908 1906
3 1908 1686 1906
3 1908 1682 1686
3 1907 481 482
3 1907 1906 481
3 1906 149 481
3 1906 1686 149
3 1905 1909 1908
3 1905 1910 1909
3 1910 1911 1909
3 1910 1912 1911
3 1908 1681 1682
3 1908 1909 1681
3 1909 1684 1681
3 1909 1911 1684
3 1905 1913 1910
3 1905 1914 1913
3 1914 1887 1913
3 1914 1882 1887
3 1910 1915 1912
3 1910 1913 1915
3 1913 1888 1915
3 1913 1887 1888
3 1905 1916 1914
3 1905 1907 1916
3 1907 484 1916
3 1907 482 484
3 1914 1881 1882
3 1914 1916 1881
3 1916 467 1881
3 1916 484 467
3 1917 1918 1919
3 1917 1920 1918
3 1920 1701 1918
3 1920 1699 1701
3 1919 1911 1912
3 1919 1918 1911
3 1918 1684 1911
3 1918 1701 1684
3 1917 1921 1920
3 1917 1922 1921
3 1922 513 1921
3 1922 510 513
3 1920 1698 1699
3 1920 1921 1698
3 1921 183 1698
3 1921 513 183
3 1917 1923 1922
3 1917 1924 1923
3 1924 1901 1923
3 1924 1898 1901
3 1922 509 510
3 1922 1923 509
3 1923 496 509
3 1923 1901 496
3 1917 1925 1924
3 1917 1919 1925
3 1919 1915 1925
3 1919 1912 1915
3 1924 1897 1898
3 1924 1925 1897
3 1925 1888 1897
3 1925 1915 1888
3 1926 1927 1928
3 1926 1929 1927
3 1929 1930 1927
3 1929 1931 1930
3 1928 534 535
3 1928 1927 534
3 1927 537 534
3 1927 1930 537
3 1926 1932 1929
3 1926 1933 1932
3 1933 1934 1932
3 1933 1935 1934
3 1929 1936 1931
3 1929 1932 1936
3 1932 1937 1936
3 1932 1934 1937
3 1926 1938 1933
3 1926 1939 1938
3 1939 1768 1938
3 1939 1763 1768
3 1933 1940 1935
3 1933 1938 1940
3 1938 1769 1940
3 1938 1768 1769
3 1926 1941 1939
3 1926 1928 1941
3 1928 539 1941
3 1928 535 539
3 1939 1762 1763
3 1939 1941 1762
3 1941 300 1762
3 1941 539 300
3 1942 1943 1944
3 1942 1945 1943
3 1945 1946 1943
3 1945 1947 1946
3 1944 1934 1935
3 1944 1943 1934
3 1943 1937 1934
3 1943 1946 1937
3 1942 1948 1945
3 1942 1949 1948
3 1949 565 1948
3 1949 560 565
3 1945 1950 1947
3 1945 1948 1950
3 1948 566 1950
3 1948 565 566
3 1942 1951 1949
3 1942 1952 1951
3 1952 1786 1951
3 1952 1783 1786
3 1949 559 560
3 1949 1951 559
3 1951 319 559
3 1951 1786 319
3 1942 1953 1952
3 1942 1944 1953
3 1944 1940 1953
3 1944 1935 1940
3 1952 1782 1783
3 1952 1953 1782
3 1953 1769 1782
3 1953 1940 1769
3 1954 1955 1956
3 1954 1957 1955
3 1957 1717 1955
3 1957 1713 1717
3 1956 551 552
3 1956 1955 551
3 1955 219 551
3 1955 1717 219
3 1954 1958 1957
3 1954 1959 1958
3 1959 1960 1958
3 1959 1961 1960
3 1957 1712 1713
3 1957 1958 1712
3 1958 1715 1712
3 1958 1960 1715
3 1954 1962 1959
3 1954 1963 1962
3 1963 1936 1962
3 1963 1931 1936
3 1959 1964 1961
3 1959 1962 1964
3 1962 1937 1964
3 1962 1936 1937
3 1954 1965 1963
3 1954 1956 1965
3 1956 554 1965
3 1956 552 554
3 1963 1930 1931
3 1963 1965 1930
3 1965 537 1930
3 1965 554 537
3 1966 1967 1968
3 1966 1969 1967
3 1969 1729 1967
3 1969 1727 1729
3 1968 1960 1961
3 1968 1967 1960
3 1967 1715 1960
3 1967 1729 1715
3 1966 1970 1969
3 1966 1971 1970
3 1971 583 1970
3 1971 580 583
3 1969 1726 1727
3 1969 1970 1726
3 1970 228 1726
3 1970 583 228
3 1966 1972 1971
3 1966 1973 1972
3 1973 1950 1972
3 1973 1947 1950
3 1971 579 580
3 1971 1972 579
3 1972 566 579
3 1972 1950 566
3 1966 1974 1973
3 1966 1968 1974
3 1968 1964 1974
3 1968 1961 1964
3 1973 1946 1947
3 1973 1974 1946
3 1974 1937 1946
3 1974 1964 1937
3 1975 1976 1977
3 1975 1978 1976
3 1978 1979 1976
3 1978 1980 1979
3 1977 604 605
3 1977 1976 604
3 1976 607 604
3 1976 1979 607
3 1975 1981 1978
3 1975 1982 1981
3 1982 1983 1981
3 1982 1984 1983
3 1978 1985 1980
3 1978 1981 1985
3 1981 1986 1985
3 1981 1983 1986
3 1975 1987 1982
3 1975 1988 1987
3 1988 1740 1987
3 1988 1735 1740
3 1982 1989 1984
3 1982 1987 1989
3 1987 1741 1989
3 1987 1740 1741
3 1975 1990 1988
3 1975 1977 1990
3 1977 609 1990
3 1977 605 609
3 1988 1734 1735
3 1988 1990 1734
3 1990 257 1734
3 1990 609 257
3 1991 1992 1993
3 1991 1994 1992
3 1994 1995 1992
3 1994 1996 1995
3 1993 1983 1984
3 1993 1992 1983
3 1992 1986 1983
3 1992 1995 1986
3 1991 1997 1994
3 1991 1998 1997
3 1998 635 1997
3 1998 630 635
3 1994 1999 1996
3 1994 1997 1999
3 1997 636 1999
3 1997 635 636
3 1991 2000 1998
3 1991 2001 2000
3 2001 1754 2000
3 2001 1751 1754
3 1998 629 630
3 1998 2000 629
3 2000 271 629
3 2000 1754 271
3 1991 2002 2001
3 1991 1993 2002
3 1993 1989 2002
3 1993 1984 1989
3 2001 1750 1751
3 2001 2002 1750
3 2002 1741 1750
3 2002 1989 1741
3 2003 2004 2005
3 2003 2006 2004
3 2006 1812 2004
3 2006 1808 1812
3 2005 621 622
3 2005 2004 621
3 2004 354 621
3 2004 1812 354
3 2003 2007 2006
3 2003 2008 2007
3 2008 2009 2007
3 2008 2010 2009
3 2006 1807 1808
3 2006 2007 1807
3 2007 1810 1807
3 2007 2009 1810
3 2003 2011 2008
3 2003 2012 2011
3 2012 1985 2011
3 2012 1980 1985
3 2008 2013 2010
3 2008 2011 2013
3 2011 1986 2013
3 2011 1985 1986
3 2003 2014 2012
3 2003 2005 2014
3 2005 624 2014
3 2005 622 624
3 2012 1979 1980
3 2012 2014 1979
3 2014 607 1979
3 2014 624 607
3 2015 2016 2017
3 2015 2018 2016
3 2018 1827 2016
3 2018 1825 1827
3 2017 2009 2010
3 2017 2016 2009
3 2016 1810 2009
3 2016 1827 1810
3 2015 2019 2018
3 2015 2020 2019
3 2020 653 2019
3 2020 650 653
3 2018 1824 1825
3 2018 2019 1824
3 2019 363 1824
3 2019 653 363
3 2015 2021 2020
3 2015 2022 2021
3 2022 1999 2021
3 2022 1996 1999
3 2020 649 650
3 2020 2021 649
3 2021 636 649
3 2021 1999 636
3 2015 2023 2022
3 2015 2017 2023
3 2017 2013 2023
3 2017 2010 2013
3 2022 1995 1996
3 2022 2023 1995
3 2023 1986 1995
3 2023 2013 1986
3 2024 2025 2026
3 2024 2027 2025
3 2027 2028 2025
3 2027 2029 2028
3 2026 674 675
3 2026 2025 674
3 2025 677 674
3 2025 2028 677
3 2024 2030 2027
3 2024 2031 2030
3 2031 2032 2030
3 2031 2033 2032
3 2027 2034 2029
3 2027 2030 2034
3 2030 2035 2034
3 2030 2032 2035
3 2024 2036 2031
3 2024 2037 2036
3 2037 1607 2036
3 2037 1602 1607
3 2031 2038 2033
3 2031 2036 2038
3 2036 1608 2038
3 2036 1607 1608
3 2024 2039 2037
3 2024 2026 2039
3 2026 679 2039
3 2026 675 679
3 2037 1601 1602
3 2037 2039 1601
3 2039 45 1601
3 2039 679 45
3 2040 2041 2042
3 2040 2043 2041
3 2043 2044 2041
3 2043 2045 2044
3 2042 2032 2033
3 2042 2041 2032
3 2041 2035 2032
3 2041 2044 2035
3 2040 2046 2043
3 2040 2047 2046
3 2047 725 2046
3 2047 720 725
3 2043 2048 2045
3 2043 2046 2048
3 2046 726 2048
3 2046 725 726
3 2040 2049 2047
3 2040 2050 2049
3 2050 1625 2049
3 2050 1622 1625
3 2047 719 720
3 2047 2049 719
3 2049 89 719
3 2049 1625 89
3 2040 2051 2050
3 2040 2042 2051
3 2042 2038 2051
3 2042 2033 2038
3 2050 1621 1622
3 2050 2051 1621
3 2051 1608 1621
3 2051 2038 1608
3 2052 2053 2054
3 2052 2055 2053
3 2055 2056 2053
3 2055 2057 2056
3 2054 694 695
3 2054 2053 694
3 2053 697 694
3 2053 2056 697
3 2052 2058 2055
3 2052 2059 2058
3 2059 2060 2058
3 2059 2061 2060
3 2055 2062 2057
3 2055 2058 2062
3 2058 2063 2062
3 2058 2060 2063
3 2052 2064 2059
3 2052 2065 2064
3 2065 2034 2064
3 2065 2029 2034
3 2059 2066 2061
3 2059 2064 2066
3 2064 2035 2066
3 2064 2034 2035
3 2052 2067 2065
3 2052 2054 2067
3 2054 699 2067
3 2054 695 699
3 2065 2028 2029
3 2065 2067 2028
3 2067 677 2028
3 2067 699 677
3 2068 2069 2070
3 2068 2071 2069
3 2071 2072 2069
3 2071 2073 2072
3 2070 2060 2061
3 2070 2069 2060
3 2069 2063 2060
3 2069 2072 2063
3 2068 2074 2071
3 2068 2075 2074
3 2075 745 2074
3 2075 740 745
3 2071 2076 2073
3 2071 2074 2076
3 2074 746 2076
3 2074 745 746
3 2068 2077 2075
3 2068 2078 2077
3 2078 2048 2077
3 2078 2045 2048
3 2075 739 740
3 2075 2077 739
3 2077 726 739
3 2077 2048 726
3 2068 2079 2078
3 2068 2070 2079
3 2070 2066 2079
3 2070 2061 2066
3 2078 2044 2045
3 2078 2079 2044
3 2079 2035 2044
3 2079 2066 2035
3 2080 2081 2082
3 2080 2083 2081
3 2083 1651 2081
3 2083 1647 1651
3 2082 711 712
3 2082 2081 711
3 2081 124 711
3 2081 1651 124
3 2080 2084 2083
3 2080 2085 2084
3 2085 2086 2084
3 2085 2087 2086
3 2083 1646 1647
3 2083 2084 1646
3 2084 1649 1646
3 2084 2086 1649
3 2080 2088 2085
3 2080 2089 2088
3 2089 2062 2088
3 2089 2057 2062
3 2085 2090 2087
3 2085 2088 2090
3 2088 2063 2090
3 2088 2062 2063
3 2080 2091 2089
3 2080 2082 2091
3 2082 714 2091
3 2082 712 714
3 2089 2056 2057
3 2089 2091 2056
3 2091 697 2056
3 2091 714 697
3 2092 2093 2094
3 2092 2095 2093
3 2095 1666 2093
3 2095 1664 1666
3 2094 2086 2087
3 2094 2093 2086
3 2093 1649 2086
3 2093 1666 1649
3 2092 2096 2095
3 2092 2097 2096
3 2097 763 2096
3 2097 760 763
3 2095 1663 1664
3 2095 2096 1663
3 2096 158 1663
3 2096 763 158
3 2092 2098 2097
3 2092 2099 2098
3 2099 2076 2098
3 2099 2073 2076
3 2097 759 760
3 2097 2098 759
3 2098 746 759
3 2098 2076 746
3 2092 2100 2099
3 2092 2094 2100
3 2094 2090 2100
3 2094 2087 2090
3 2099 2072 2073
3 2099 2100 2072
3 2100 2063 2072
3 2100 2090 2063
3 2101 2102 2103
3 2101 2104 2102
3 2104 2105 2102
3 2104 2106 2105
3 2103 784 785
3 2103 2102 784
3 2102 787 784
3 2102 2105 787
3 2101 2107 2104
3 2101 2108 2107
3 2108 2109 2107
3 2108 2110 2109
3 2104 2111 2106
3 2104 2107 2111
3 2107 2112 2111
3 2107 2109 2112
3 2101 2113 2108
3 2101 2114 2113
3 2114 1677 2113
3 2114 1672 1677
3 2108 2115 2110
3 2108 2113 2115
3 2113 1678 2115
3 2113 1677 1678
3 2101 2116 2114
3 2101 2103 2116
3 2103 789 2116
3 2103 785 789
3 2114 1671 1672
3 2114 2116 1671
3 2116 145 1671
3 2116 789 145
3 2117 2118 2119
3 2117 2120 2118
3 2120 2121 2118
3 2120 2122 2121
3 2119 2109 2110
3 2119 2118 2109
3 2118 2112 2109
3 2118 2121 2112
3 2117 2123 2120
3 2117 2124 2123
3 2124 835 2123
3 2124 830 835
3 2120 2125 2122
3 2120 2123 2125
3 2123 836 2125
3 2123 835 836
3 2117 2126 2124
3 2117 2127 2126
3 2127 1695 2126
3 2127 1692 1695
3 2124 829 830
3 2124 2126 829
3 2126 189 829
3 2126 1695 189
3 2117 2128 2127
3 2117 2119 2128
3 2119 2115 2128
3 2119 2110 2115
3 2127 1691 1692
3 2127 2128 1691
3 2128 1678 1691
3 2128 2115 1678
3 2129 2130 2131
3 2129 2132 2130
3 2132 2133 2130
3 2132 2134 2133
3 2131 804 805
3 2131 2130 804
3 2130 807 804
3 2130 2133 807
3 2129 2135 2132
3 2129 2136 2135
3 2136 2137 2135
3 2136 2138 2137
3 2132 2139 2134
3 2132 2135 2139
3 2135 2140 2139
3 2135 2137 2140
3 2129 2141 2136
3 2129 2142 2141
3 2142 2111 2141
3 2142 2106 2111
3 2136 2143 2138
3 2136 2141 2143
3 2141 2112 2143
3 2141 2111 2112
3 2129 2144 2142
3 2129 2131 2144
3 2131 809 2144
3 2131 805 809
3 2142 2105 2106
3 2142 2144 2105
3 2144 787 2105
3 2144 809 787
3 2145 2146 2147
3 2145 2148 2146
3 2148 2149 2146
3 2148 2150 2149
3 2147 2137 2138
3 2147 2146 2137
3 2146 2140 2137
3 2146 2149 2140
3 2145 2151 2148
3 2145 2152 2151
3 2152 855 2151
3 2152 850 855
3 2148 2153 2150
3 2148 2151 2153
3 2151 856 2153
3 2151 855 856
3 2145 2154 2152
3 2145 2155 2154
3 2155 2125 2154
3 2155 2122 2125
3 2152 849 850
3 2152 2154 849
3 2154 836 849
3 2154 2125 836
3 2145 2156 2155
3 2145 2147 2156
3 2147 2143 2156
3 2147 2138 2143
3 2155 2121 2122
3 2155 2156 2121
3 2156 2112 2121
3 2156 2143 2112
3 2157 2158 2159
3 2157 2160 2158
3 2160 1581 2158
3 2160 1577 1581
3 2159 821 822
3 2159 2158 821
3 2158 24 821
3 2158 1581 24
3 2157 2161 2160
3 2157 2162 2161
3 2162 2163 2161
3 2162 2164 2163
3 2160 1576 1577
3 2160 2161 1576
3 2161 1579 1576
3 2161 2163 1579
3 2157 2165 2162
3 2157 2166 2165
3 2166 2139 2165
3 2166 2134 2139
3 2162 2167 2164
3 2162 2165 2167
3 2165 2140 2167
3 2165 2139 2140
3 2157 2168 2166
3 2157 2159 2168
3 2159 824 2168
3 2159 822 824
3 2166 2133 2134
3 2166 2168 2133
3 2168 807 2133
3 2168 824 807
3 2169 2170 2171
3 2169 2172 2170
3 2172 1596 2170
3 2172 1594 1596
3 2171 2163 2164
3 2171 2170 2163
3 2170 1579 2163
3 2170 1596 1579
3 2169 2173 2172
3 2169 2174 2173
3 2174 873 2173
3 2174 870 873
3 2172 1593 1594
3 2172 2173 1593
3 2173 58 1593
3 2173 873 58
3 2169 2175 2174
3 2169 2176 2175
3 2176 2153 2175
3 2176 2150 2153
3 2174 869 870
3 2174 2175 869
3 2175 856 869
3 2175 2153 856
3 2169 2177 2176
3 2169 2171 2177
3 2171 2167 2177
3 2171 2164 2167
3 2176 2149 2150
3 2176 2177 2149
3 2177 2140 2149
3 2177 2167 2140
