ply
format ascii 1.0
element vertex 2916
property float x
property float y
property float z
property float nx
property float ny
property float nz
property float u
property float v
element face 972
property list uchar int vertex_indices
end_header
-3.008469 0.368383 1.670751 0.0222625223 -0.999752159 0 0 0
-3.003619 0.368491 1.663799 0.0222625223 -0.999752159 0 0 0
-3.003619 0.368491 1.670751 0.0222625223 -0.999752159 0 0 0
-3.008469 0.368383 1.670751 0.0222625223 -0.999752159 0 0 0
-3.008469 0.368383 1.663799 0.0222625223 -0.999752159 0 0 0
-3.003619 0.368491 1.663799 0.0222625223 -0.999752159 0 0 0
-3.001775 0.348538 1.670751 -0.164332115 0.986405067 0 0 0
-3.006559 0.347741 1.663799 -0.164332115 0.986405067 0 0 0
-3.006559 0.347741 1.670751 -0.164332115 0.986405067 0 0 0
-3.001775 0.348538 1.670751 -0.164332115 0.986405067 0 0 0
-3.001775 0.348538 1.663799 -0.164332115 0.986405067 0 0 0
-3.006559 0.347741 1.663799 -0.164332115 0.986405067 0 0 0
-3.00357 0.358817 1.663488 0 0 1 0 0
-3.008453 0.368209 1.663488 0 0 1 0 0
-3.007563 0.358442 1.663488 0 0 1 0 0
-3.00357 0.358817 1.663488 0 0 1 0 0
-3.003626 0.368316 1.663488 0 0 1 0 0
-3.008453 0.368209 1.663488 0 0 1 0 0
-3.001812 0.348709 1.663488 0 0 1 0 0
-3.007532 0.3581 1.663488 0 0 1 0 0
-3.006576 0.347916 1.663488 0 0 1 0 0
-3.001812 0.348709 1.663488 0 0 1 0 0
-3.003539 0.358475 1.663488 0 0 1 0 0
-3.007532 0.3581 1.663488 0 0 1 0 0
-3.003626 0.368316 1.671063 0 0 -1 0 0
-3.007563 0.358442 1.671063 0 0 -1 0 0
-3.008453 0.368209 1.671063 0 0 -1 0 0
-3.003626 0.368316 1.671063 0 -0 -1 0 0
-3.00357 0.358817 1.671063 0 -0 -1 0 0
-3.007563 0.358442 1.671063 0 -0 -1 0 0
-3.003539 0.358475 1.671063 0 0 -1 0 0
-3.006576 0.347916 1.671063 0 0 -1 0 0
-3.007532 0.3581 1.671063 0 0 -1 0 0
-3.003539 0.358475 1.671063 0 -0 -1 0 0
-3.001812 0.348709 1.671063 0 -0 -1 0 0
-3.006576 0.347916 1.671063 0 -0 -1 0 0
-3.003132 0.368329 1.663799 -0.999982501 -0.00591580605 0 0 0
-3.003076 0.358863 1.670751 -0.999982501 -0.00591580605 0 0 0
-3.003132 0.368329 1.670751 -0.999982501 -0.00591580605 0 0 0
-3.003132 0.368329 1.663799 -0.999982501 -0.00591580605 0 0 0
-3.003076 0.358863 1.663799 -0.999982501 -0.00591580605 0 0 0
-3.003076 0.358863 1.670751 -0.999982501 -0.00591580605 0 0 0
-3.001324 0.348788 1.663799 -0.984724427 -0.17412008 0 0 0
-3.003045 0.358521 1.670751 -0.984724427 -0.17412008 0 0 0
-3.003045 0.358521 1.663799 -0.984724427 -0.17412008 0 0 0
-3.001324 0.348788 1.663799 -0.984724427 -0.17412008 0 0 0
-3.001324 0.348788 1.670751 -0.984724427 -0.17412008 0 0 0
-3.003045 0.358521 1.670751 -0.984724427 -0.17412008 0 0 0
-3.008469 0.368383 1.670751 0.019346851 -0.872778034 -0.487733742 0 0
-3.003626 0.368316 1.671063 0.019346851 -0.872778034 -0.487733742 0 0
-3.008453 0.368209 1.671063 0.019346851 -0.872778034 -0.487733742 0 0
-3.008469 0.368383 1.670751 0.0194220403 -0.872193475 -0.488775333 0 0
-3.003619 0.368491 1.670751 0.0194220403 -0.872193475 -0.488775333 0 0
-3.003626 0.368316 1.671063 0.0194220403 -0.872193475 -0.488775333 0 0
-3.003132 0.368329 1.663799 -0.315643182 -0.948877959 0 0 0
-3.003619 0.368491 1.670751 -0.315643182 -0.948877959 0 0 0
-3.003619 0.368491 1.663799 -0.315643182 -0.948877959 0 0 0
-3.003132 0.368329 1.663799 -0.315643182 -0.948877959 0 0 0
-3.003132 0.368329 1.670751 -0.315643182 -0.948877959 0 0 0
-3.003619 0.368491 1.670751 -0.315643182 -0.948877959 0 0 0
-3.008453 0.368209 1.663488 0.0194201083 -0.872106716 0.488930194 0 0
-3.003619 0.368491 1.663799 0.0194201083 -0.872106716 0.488930194 0 0
-3.008469 0.368383 1.663799 0.0194201083 -0.872106716 0.488930194 0 0
-3.008453 0.368209 1.663488 0.0193190488 -0.871523817 0.489972459 0 0
-3.003626 0.368316 1.663488 0.0193190488 -0.871523817 0.489972459 0 0
-3.003619 0.368491 1.663799 0.0193190488 -0.871523817 0.489972459 0 0
-3.006559 0.347741 1.663799 -0.143016388 0.85918042 0.491279267 0 0
-3.001812 0.348709 1.663488 -0.143016388 0.85918042 0.491279267 0 0
-3.006576 0.347916 1.663488 -0.143016388 0.85918042 0.491279267 0 0
-3.006559 0.347741 1.663799 -0.143263651 0.859941413 0.489873752 0 0
-3.001775 0.348538 1.663799 -0.143263651 0.859941413 0.489873752 0 0
-3.001812 0.348709 1.663488 -0.143263651 0.859941413 0.489873752 0 0
-3.001775 0.348538 1.663799 -0.484819438 0.874614265 0 0 0
-3.001324 0.348788 1.670751 -0.484819438 0.874614265 0 0 0
-3.001324 0.348788 1.663799 -0.484819438 0.874614265 0 0 0
-3.001775 0.348538 1.663799 -0.484819438 0.874614265 0 0 0
-3.001775 0.348538 1.670751 -0.484819438 0.874614265 0 0 0
-3.001324 0.348788 1.670751 -0.484819438 0.874614265 0 0 0
-3.006576 0.347916 1.671063 -0.143244615 0.859827152 -0.49007984 0 0
-3.001775 0.348538 1.670751 -0.143244615 0.859827152 -0.49007984 0 0
-3.006559 0.347741 1.670751 -0.143244615 0.859827152 -0.49007984 0 0
-3.006576 0.347916 1.671063 -0.14325659 0.860623447 -0.488676613 0 0
-3.001812 0.348709 1.671063 -0.14325659 0.860623447 -0.488676613 0 0
-3.001775 0.348538 1.670751 -0.14325659 0.860623447 -0.488676613 0 0
-3.003626 0.368316 1.663488 -0.532705794 -0.0031514393 0.846294633 0 0
-3.003076 0.358863 1.663799 -0.532705794 -0.0031514393 0.846294633 0 0
-3.003132 0.368329 1.663799 -0.532705794 -0.0031514393 0.846294633 0 0
-3.003626 0.368316 1.663488 -0.532555821 -0.0031396069 0.84638906 0 0
-3.00357 0.358817 1.663488 -0.532555821 -0.0031396069 0.84638906 0 0
-3.003076 0.358863 1.663799 -0.532555821 -0.0031396069 0.84638906 0 0
-3.007532 0.3581 1.663488 0 -0 1 0 0
-3.00357 0.358817 1.663488 0 -0 1 0 0
-3.007563 0.358442 1.663488 0 -0 1 0 0
-3.007532 0.3581 1.663488 0 0 1 0 0
-3.003539 0.358475 1.663488 0 0 1 0 0
-3.00357 0.358817 1.663488 0 0 1 0 0
-3.001324 0.348788 1.663799 -0.524399216 -0.0927337136 0.846407656 0 0
-3.003539 0.358475 1.663488 -0.524399216 -0.0927337136 0.846407656 0 0
-3.001812 0.348709 1.663488 -0.524399216 -0.0927337136 0.846407656 0 0
-3.001324 0.348788 1.663799 -0.524277252 -0.092703293 0.84648654 0 0
-3.003045 0.358521 1.663799 -0.524277252 -0.092703293 0.84648654 0 0
-3.003539 0.358475 1.663488 -0.524277252 -0.092703293 0.84648654 0 0
-3.007563 0.358442 1.671063 0 0 -1 0 0
-3.003539 0.358475 1.671063 0 0 -1 0 0
-3.007532 0.3581 1.671063 0 0 -1 0 0
-3.007563 0.358442 1.671063 0 0 -1 0 0
-3.00357 0.358817 1.671063 0 0 -1 0 0
-3.003539 0.358475 1.671063 0 0 -1 0 0
-3.003132 0.368329 1.670751 -0.53393113 -0.00314771484 -0.845522111 0 0
-3.00357 0.358817 1.671063 -0.53393113 -0.00314771484 -0.845522111 0 0
-3.003626 0.368316 1.671063 -0.53393113 -0.00314771484 -0.845522111 0 0
-3.003132 0.368329 1.670751 -0.533780113 -0.00315779488 -0.845617419 0 0
-3.003076 0.358863 1.670751 -0.533780113 -0.00315779488 -0.845617419 0 0
-3.00357 0.358817 1.671063 -0.533780113 -0.00315779488 -0.845617419 0 0
-3.001812 0.348709 1.671063 -0.52560698 -0.092938417 -0.845635709 0 0
-3.003045 0.358521 1.670751 -0.52560698 -0.092938417 -0.845635709 0 0
-3.001324 0.348788 1.670751 -0.52560698 -0.092938417 -0.845635709 0 0
-3.001812 0.348709 1.671063 -0.525482514 -0.0929252817 -0.845714502 0 0
-3.003539 0.358475 1.671063 -0.525482514 -0.0929252817 -0.845714502 0 0
-3.003045 0.358521 1.670751 -0.525482514 -0.0929252817 -0.845714502 0 0
-3.003045 0.358521 1.663799 -0.995917041 -0.0902731821 0 0 0
-3.003076 0.358863 1.670751 -0.995917041 -0.0902731821 0 0 0
-3.003076 0.358863 1.663799 -0.995917041 -0.0902731821 0 0 0
-3.003045 0.358521 1.663799 -0.995917041 -0.0902731821 0 0 0
-3.003045 0.358521 1.670751 -0.995917041 -0.0902731821 0 0 0
-3.003076 0.358863 1.670751 -0.995917041 -0.0902731821 0 0 0
-3.003539 0.358475 1.671063 -0.5301733 -0.0480566441 -0.846526332 0 0
-3.003076 0.358863 1.670751 -0.5301733 -0.0480566441 -0.846526332 0 0
-3.003045 0.358521 1.670751 -0.5301733 -0.0480566441 -0.846526332 0 0
-3.003539 0.358475 1.671063 -0.5301733 -0.0480566441 -0.846526332 0 0
-3.00357 0.358817 1.671063 -0.5301733 -0.0480566441 -0.846526332 0 0
-3.003076 0.358863 1.670751 -0.5301733 -0.0480566441 -0.846526332 0 0
-3.00357 0.358817 1.663488 -0.528953929 -0.0479461164 0.847295055 0 0
-3.003045 0.358521 1.663799 -0.528953929 -0.0479461164 0.847295055 0 0
-3.003076 0.358863 1.663799 -0.528953929 -0.0479461164 0.847295055 0 0
-3.00357 0.358817 1.663488 -0.528953929 -0.0479461164 0.847295055 0 0
-3.003539 0.358475 1.663488 -0.528953929 -0.0479461164 0.847295055 0 0
-3.003045 0.358521 1.663799 -0.528953929 -0.0479461164 0.847295055 0 0
-3.001775 0.348538 1.670751 -0.42715643 0.7705902 -0.472999077 0 0
-3.001812 0.348709 1.671063 -0.42715643 0.7705902 -0.472999077 0 0
-3.001324 0.348788 1.670751 -0.42715643 0.7705902 -0.472999077 0 0
-3.001775 0.348538 1.663799 -0.426848979 0.770035559 0.474178433 0 0
-3.001324 0.348788 1.663799 -0.426848979 0.770035559 0.474178433 0 0
-3.001812 0.348709 1.663488 -0.426848979 0.770035559 0.474178433 0 0
-3.003619 0.368491 1.670751 -0.27781683 -0.835165408 -0.474675206 0 0
-3.003132 0.368329 1.670751 -0.27781683 -0.835165408 -0.474675206 0 0
-3.003626 0.368316 1.671063 -0.27781683 -0.835165408 -0.474675206 0 0
-3.003619 0.368491 1.663799 -0.27761545 -0.834560024 0.47585631 0 0
-3.003626 0.368316 1.663488 -0.27761545 -0.834560024 0.47585631 0 0
-3.003132 0.368329 1.663799 -0.27761545 -0.834560024 0.47585631 0 0
-3.008469 0.368383 1.684414 0.0222625223 -0.999752159 0 0 0
-3.003619 0.368491 1.677462 0.0222625223 -0.999752159 0 0 0
-3.003619 0.368491 1.684414 0.0222625223 -0.999752159 0 0 0
-3.008469 0.368383 1.684414 0.0222625223 -0.999752159 0 0 0
-3.008469 0.368383 1.677462 0.0222625223 -0.999752159 0 0 0
-3.003619 0.368491 1.677462 0.0222625223 -0.999752159 0 0 0
-3.001775 0.348538 1.684414 -0.164332115 0.986405067 0 0 0
-3.006559 0.347741 1.677462 -0.164332115 0.986405067 0 0 0
-3.006559 0.347741 1.684414 -0.164332115 0.986405067 0 0 0
-3.001775 0.348538 1.684414 -0.164332115 0.986405067 0 0 0
-3.001775 0.348538 1.677462 -0.164332115 0.986405067 0 0 0
-3.006559 0.347741 1.677462 -0.164332115 0.986405067 0 0 0
-3.00357 0.358817 1.67715 0 0 1 0 0
-3.008453 0.368209 1.67715 0 0 1 0 0
-3.007563 0.358442 1.67715 0 0 1 0 0
-3.00357 0.358817 1.67715 0 0 1 0 0
-3.003626 0.368316 1.67715 0 0 1 0 0
-3.008453 0.368209 1.67715 0 0 1 0 0
-3.001812 0.348709 1.67715 0 0 1 0 0
-3.007532 0.3581 1.67715 0 0 1 0 0
-3.006576 0.347916 1.67715 0 0 1 0 0
-3.001812 0.348709 1.67715 0 0 1 0 0
-3.003539 0.358475 1.67715 0 0 1 0 0
-3.007532 0.3581 1.67715 0 0 1 0 0
-3.003626 0.368316 1.684725 0 0 -1 0 0
-3.007563 0.358442 1.684725 0 0 -1 0 0
-3.008453 0.368209 1.684725 0 0 -1 0 0
-3.003626 0.368316 1.684725 0 -0 -1 0 0
-3.00357 0.358817 1.684725 0 -0 -1 0 0
-3.007563 0.358442 1.684725 0 -0 -1 0 0
-3.003539 0.358475 1.684725 0 0 -1 0 0
-3.006576 0.347916 1.684725 0 0 -1 0 0
-3.007532 0.3581 1.684725 0 0 -1 0 0
-3.003539 0.358475 1.684725 0 -0 -1 0 0
-3.001812 0.348709 1.684725 0 -0 -1 0 0
-3.006576 0.347916 1.684725 0 -0 -1 0 0
-3.003132 0.368329 1.677462 -0.999982501 -0.00591580605 0 0 0
-3.003076 0.358863 1.684414 -0.999982501 -0.00591580605 0 0 0
-3.003132 0.368329 1.684414 -0.999982501 -0.00591580605 0 0 0
-3.003132 0.368329 1.677462 -0.999982501 -0.00591580605 0 0 0
-3.003076 0.358863 1.677462 -0.999982501 -0.00591580605 0 0 0
-3.003076 0.358863 1.684414 -0.999982501 -0.00591580605 0 0 0
-3.001324 0.348788 1.677462 -0.984724427 -0.17412008 0 0 0
-3.003045 0.358521 1.684414 -0.984724427 -0.17412008 0 0 0
-3.003045 0.358521 1.677462 -0.984724427 -0.17412008 0 0 0
-3.001324 0.348788 1.677462 -0.984724427 -0.17412008 0 0 0
-3.001324 0.348788 1.684414 -0.984724427 -0.17412008 0 0 0
-3.003045 0.358521 1.684414 -0.984724427 -0.17412008 0 0 0
-3.008469 0.368383 1.684414 0.0193320458 -0.872110139 -0.488927579 0 0
-3.003626 0.368316 1.684725 0.0193320458 -0.872110139 -0.488927579 0 0
-3.008453 0.368209 1.684725 0.0193320458 -0.872110139 -0.488927579 0 0
-3.008469 0.368383 1.684414 0.0194071141 -0.871523177 -0.489970117 0 0
-3.003619 0.368491 1.684414 0.0194071141 -0.871523177 -0.489970117 0 0
-3.003626 0.368316 1.684725 0.0194071141 -0.871523177 -0.489970117 0 0
-3.003132 0.368329 1.677462 -0.315643182 -0.948877959 0 0 0
-3.003619 0.368491 1.684414 -0.315643182 -0.948877959 0 0 0
-3.003619 0.368491 1.677462 -0.315643182 -0.948877959 0 0 0
-3.003132 0.368329 1.677462 -0.315643182 -0.948877959 0 0 0
-3.003132 0.368329 1.684414 -0.315643182 -0.948877959 0 0 0
-3.003619 0.368491 1.684414 -0.315643182 -0.948877959 0 0 0
-3.008453 0.368209 1.67715 0.0194349811 -0.872774615 0.487736355 0 0
-3.003619 0.368491 1.677462 0.0194349811 -0.872774615 0.487736355 0 0
-3.008469 0.368383 1.677462 0.0194349811 -0.872774615 0.487736355 0 0
-3.008453 0.368209 1.67715 0.0193339074 -0.872194122 0.488777673 0 0
-3.003626 0.368316 1.67715 0.0193339074 -0.872194122 0.488777673 0 0
-3.003619 0.368491 1.677462 0.0193339074 -0.872194122 0.488777673 0 0
-3.006559 0.347741 1.677462 -0.143126973 0.859844765 0.490083309 0 0
-3.001812 0.348709 1.67715 -0.143126973 0.859844765 0.490083309 0 0
-3.006576 0.347916 1.67715 -0.143126973 0.859844765 0.490083309 0 0
-3.006559 0.347741 1.677462 -0.143373793 0.860602543 0.488679055 0 0
-3.001775 0.348538 1.677462 -0.143373793 0.860602543 0.488679055 0 0
-3.001812 0.348709 1.67715 -0.143373793 0.860602543 0.488679055 0 0
-3.001775 0.348538 1.677462 -0.484819438 0.874614265 0 0 0
-3.001324 0.348788 1.684414 -0.484819438 0.874614265 0 0 0
-3.001324 0.348788 1.677462 -0.484819438 0.874614265 0 0 0
-3.001775 0.348538 1.677462 -0.484819438 0.874614265 0 0 0
-3.001775 0.348538 1.684414 -0.484819438 0.874614265 0 0 0
-3.001324 0.348788 1.684414 -0.484819438 0.874614265 0 0 0
-3.006576 0.347916 1.684725 -0.143133941 0.85916283 -0.491275795 0 0
-3.001775 0.348538 1.684414 -0.143133941 0.85916283 -0.491275795 0 0
-3.006559 0.347741 1.684414 -0.143133941 0.85916283 -0.491275795 0 0
-3.006576 0.347916 1.684725 -0.143146539 0.859962308 -0.489871307 0 0
-3.001812 0.348709 1.684725 -0.143146539 0.859962308 -0.489871307 0 0
-3.001775 0.348538 1.684414 -0.143146539 0.859962308 -0.489871307 0 0
-3.003626 0.368316 1.67715 -0.533930905 -0.00315868695 0.845522212 0 0
-3.003076 0.358863 1.677462 -0.533930905 -0.00315868695 0.845522212 0 0
-3.003132 0.368329 1.677462 -0.533930905 -0.00315868695 0.845522212 0 0
-3.003626 0.368316 1.67715 -0.533780862 -0.00314682896 0.845616987 0 0
-3.00357 0.358817 1.67715 -0.533780862 -0.00314682896 0.845616987 0 0
-3.003076 0.358863 1.677462 -0.533780862 -0.00314682896 0.845616987 0 0
-3.007532 0.3581 1.67715 0 -0 1 0 0
-3.00357 0.358817 1.67715 0 -0 1 0 0
-3.007563 0.358442 1.67715 0 -0 1 0 0
-3.007532 0.3581 1.67715 0 0 1 0 0
-3.003539 0.358475 1.67715 0 0 1 0 0
-3.00357 0.358817 1.67715 0 0 1 0 0
-3.001324 0.348788 1.677462 -0.525605548 -0.0929470388 0.845635652 0 0
-3.003539 0.358475 1.67715 -0.525605548 -0.0929470388 0.845635652 0 0
-3.001812 0.348709 1.67715 -0.525605548 -0.0929470388 0.845635652 0 0
-3.001324 0.348788 1.677462 -0.525483528 -0.0929165881 0.845714827 0 0
-3.003045 0.358521 1.677462 -0.525483528 -0.0929165881 0.845714827 0 0
-3.003539 0.358475 1.67715 -0.525483528 -0.0929165881 0.845714827 0 0
-3.007563 0.358442 1.684725 0 0 -1 0 0
-3.003539 0.358475 1.684725 0 0 -1 0 0
-3.007532 0.3581 1.684725 0 0 -1 0 0
-3.007563 0.358442 1.684725 0 0 -1 0 0
-3.00357 0.358817 1.684725 0 0 -1 0 0
-3.003539 0.358475 1.684725 0 0 -1 0 0
-3.003132 0.368329 1.684414 -0.532706018 -0.00314049237 -0.846294532 0 0
-3.00357 0.358817 1.684725 -0.532706018 -0.00314049237 -0.846294532 0 0
-3.003626 0.368316 1.684725 -0.532706018 -0.00314049237 -0.846294532 0 0
-3.003132 0.368329 1.684414 -0.532555073 -0.00315054765 -0.84638949 0 0
-3.003076 0.358863 1.684414 -0.532555073 -0.00315054765 -0.84638949 0 0
-3.00357 0.358817 1.684725 -0.532555073 -0.00315054765 -0.84638949 0 0
-3.001812 0.348709 1.684725 -0.524400645 -0.0927251116 -0.846407713 0 0
-3.003045 0.358521 1.684414 -0.524400645 -0.0927251116 -0.846407713 0 0
-3.001324 0.348788 1.684414 -0.524400645 -0.0927251116 -0.846407713 0 0
-3.001812 0.348709 1.684725 -0.524276241 -0.0927119668 -0.846486217 0 0
-3.003539 0.358475 1.684725 -0.524276241 -0.0927119668 -0.846486217 0 0
-3.003045 0.358521 1.684414 -0.524276241 -0.0927119668 -0.846486217 0 0
-3.003045 0.358521 1.677462 -0.995917041 -0.0902731821 0 0 0
-3.003076 0.358863 1.684414 -0.995917041 -0.0902731821 0 0 0
-3.003076 0.358863 1.677462 -0.995917041 -0.0902731821 0 0 0
-3.003045 0.358521 1.677462 -0.995917041 -0.0902731821 0 0 0
-3.003045 0.358521 1.684414 -0.995917041 -0.0902731821 0 0 0
-3.003076 0.358863 1.684414 -0.995917041 -0.0902731821 0 0 0
-3.003539 0.358475 1.684725 -0.528953929 -0.0479461164 -0.847295055 0 0
-3.003076 0.358863 1.684414 -0.528953929 -0.0479461164 -0.847295055 0 0
-3.003045 0.358521 1.684414 -0.528953929 -0.0479461164 -0.847295055 0 0
-3.003539 0.358475 1.684725 -0.528953929 -0.0479461164 -0.847295055 0 0
-3.00357 0.358817 1.684725 -0.528953929 -0.0479461164 -0.847295055 0 0
-3.003076 0.358863 1.684414 -0.528953929 -0.0479461164 -0.847295055 0 0
-3.00357 0.358817 1.67715 -0.5301733 -0.0480566441 0.846526332 0 0
-3.003045 0.358521 1.677462 -0.5301733 -0.0480566441 0.846526332 0 0
-3.003076 0.358863 1.677462 -0.5301733 -0.0480566441 0.846526332 0 0
-3.00357 0.358817 1.67715 -0.5301733 -0.0480566441 0.846526332 0 0
-3.003539 0.358475 1.67715 -0.5301733 -0.0480566441 0.846526332 0 0
-3.003045 0.358521 1.677462 -0.5301733 -0.0480566441 0.846526332 0 0
-3.001775 0.348538 1.684414 -0.426848979 0.770035559 -0.474178433 0 0
-3.001812 0.348709 1.684725 -0.426848979 0.770035559 -0.474178433 0 0
-3.001324 0.348788 1.684414 -0.426848979 0.770035559 -0.474178433 0 0
-3.001775 0.348538 1.677462 -0.42715643 0.7705902 0.472999077 0 0
-3.001324 0.348788 1.677462 -0.42715643 0.7705902 0.472999077 0 0
-3.001812 0.348709 1.67715 -0.42715643 0.7705902 0.472999077 0 0
-3.003619 0.368491 1.684414 -0.27761545 -0.834560024 -0.47585631 0 0
-3.003132 0.368329 1.684414 -0.27761545 -0.834560024 -0.47585631 0 0
-3.003626 0.368316 1.684725 -0.27761545 -0.834560024 -0.47585631 0 0
-3.003619 0.368491 1.677462 -0.27781683 -0.835165408 0.474675206 0 0
-3.003626 0.368316 1.67715 -0.27781683 -0.835165408 0.474675206 0 0
-3.003132 0.368329 1.677462 -0.27781683 -0.835165408 0.474675206 0 0
-3.003394 0.332557 1.674116 1 0 0 0 0
-3.003394 0.327759 1.676377 1 0 0 0 0
-3.003394 0.327759 1.674116 1 0 0 0 0
-3.003394 0.332557 1.674116 1 0 -0 0 0
-3.003394 0.332557 1.676377 1 0 -0 0 0
-3.003394 0.327759 1.676377 1 0 -0 0 0
-3.003394 0.327759 1.671855 1 0 0 0 0
-3.003394 0.332557 1.674116 1 0 0 0 0
-3.003394 0.327759 1.674116 1 0 0 0 0
-3.003394 0.327759 1.671855 1 0 0 0 0
-3.003394 0.332557 1.671855 1 0 0 0 0
-3.003394 0.332557 1.674116 1 0 0 0 0
-3.003394 0.327759 1.674116 1 0 0 0 0
-3.003394 0.307 1.676466 1 0 0 0 0
-3.003394 0.307 1.674236 1 0 0 0 0
-3.003394 0.327759 1.674116 1 0 -0 0 0
-3.003394 0.327759 1.676377 1 0 -0 0 0
-3.003394 0.307 1.676466 1 0 -0 0 0
-3.003394 0.307 1.672006 1 0 0 0 0
-3.003394 0.327759 1.674116 1 0 0 0 0
-3.003394 0.307 1.674236 1 0 0 0 0
-3.003394 0.307 1.672006 1 -0 0 0 0
-3.003394 0.327759 1.671855 1 -0 0 0 0
-3.003394 0.327759 1.674116 1 -0 0 0 0
-3.003394 0.332557 1.676377 1 0 0 0 0
-3.003394 0.327759 1.685519 1 0 0 0 0
-3.003394 0.327759 1.676377 1 0 0 0 0
-3.003394 0.332557 1.676377 1 0 -0 0 0
-3.003394 0.332557 1.685519 1 0 -0 0 0
-3.003394 0.327759 1.685519 1 0 -0 0 0
-3.003394 0.327759 1.662714 1 0 0 0 0
-3.003394 0.332557 1.671855 1 0 0 0 0
-3.003394 0.327759 1.671855 1 0 0 0 0
-3.003394 0.327759 1.662714 1 0 0 0 0
-3.003394 0.332557 1.662714 1 0 0 0 0
-3.003394 0.332557 1.671855 1 0 0 0 0
-3.003394 0.327759 1.676377 1 0 0 0 0
-3.003394 0.307 1.685481 1 0 0 0 0
-3.003394 0.307 1.676466 1 0 0 0 0
-3.003394 0.327759 1.676377 1 0 -0 0 0
-3.003394 0.327759 1.685519 1 0 -0 0 0
-3.003394 0.307 1.685481 1 0 -0 0 0
-3.003394 0.307 1.662991 1 0 0 0 0
-3.003394 0.327759 1.671855 1 0 0 0 0
-3.003394 0.307 1.672006 1 0 0 0 0
-3.003394 0.307 1.662991 1 -0 0 0 0
-3.003394 0.327759 1.662714 1 -0 0 0 0
-3.003394 0.327759 1.671855 1 -0 0 0 0
-3.003394 0.332557 1.705833 1 0 0 0 0
-3.003394 0.327759 1.710732 1 0 0 0 0
-3.003394 0.327759 1.705833 1 0 0 0 0
-3.003394 0.332557 1.705833 1 0 -0 0 0
-3.003394 0.332557 1.710732 1 0 -0 0 0
-3.003394 0.327759 1.710732 1 0 -0 0 0
-3.003394 0.327759 1.637501 1 0 0 0 0
-3.003394 0.332557 1.642399 1 0 0 0 0
-3.003394 0.327759 1.642399 1 0 0 0 0
-3.003394 0.327759 1.637501 1 0 0 0 0
-3.003394 0.332557 1.637501 1 0 0 0 0
-3.003394 0.332557 1.642399 1 0 0 0 0
-3.003394 0.327759 1.705833 1 0 0 0 0
-3.003394 0.307 1.710346 1 0 0 0 0
-3.003394 0.307 1.705516 1 0 0 0 0
-3.003394 0.327759 1.705833 1 0 -0 0 0
-3.003394 0.327759 1.710732 1 0 -0 0 0
-3.003394 0.307 1.710346 1 0 -0 0 0
-3.003394 0.307 1.638126 1 0 0 0 0
-3.003394 0.327759 1.642399 1 0 0 0 0
-3.003394 0.307 1.642956 1 0 0 0 0
-3.003394 0.307 1.638126 1 -0 0 0 0
-3.003394 0.327759 1.637501 1 -0 0 0 0
-3.003394 0.327759 1.642399 1 -0 0 0 0
-3.003394 0.332557 1.685519 1 0 0 0 0
-3.003394 0.327759 1.694999 1 0 0 0 0
-3.003394 0.327759 1.685519 1 0 0 0 0
-3.003394 0.332557 1.685519 1 0 -0 0 0
-3.003394 0.332557 1.694999 1 0 -0 0 0
-3.003394 0.327759 1.694999 1 0 -0 0 0
-3.003394 0.327759 1.653234 1 0 0 0 0
-3.003394 0.332557 1.662714 1 0 0 0 0
-3.003394 0.327759 1.662714 1 0 0 0 0
-3.003394 0.327759 1.653234 1 0 0 0 0
-3.003394 0.332557 1.653234 1 0 0 0 0
-3.003394 0.332557 1.662714 1 0 0 0 0
-3.003394 0.327759 1.685519 1 0 0 0 0
-3.003394 0.307 1.69483 1 0 0 0 0
-3.003394 0.307 1.685481 1 0 0 0 0
-3.003394 0.327759 1.685519 1 0 -0 0 0
-3.003394 0.327759 1.694999 1 0 -0 0 0
-3.003394 0.307 1.69483 1 0 -0 0 0
-3.003394 0.307 1.653641 1 0 0 0 0
-3.003394 0.327759 1.662714 1 0 0 0 0
-3.003394 0.307 1.662991 1 0 0 0 0
-3.003394 0.307 1.653641 1 -0 0 0 0
-3.003394 0.327759 1.653234 1 -0 0 0 0
-3.003394 0.327759 1.662714 1 -0 0 0 0
-3.003394 0.332557 1.702402 1 0 0 0 0
-3.003394 0.327759 1.705833 1 0 0 0 0
-3.003394 0.327759 1.702402 1 0 0 0 0
-3.003394 0.332557 1.702402 1 0 -0 0 0
-3.003394 0.332557 1.705833 1 0 -0 0 0
-3.003394 0.327759 1.705833 1 0 -0 0 0
-3.003394 0.327759 1.642399 1 0 0 0 0
-3.003394 0.332557 1.64583 1 0 0 0 0
-3.003394 0.327759 1.64583 1 0 0 0 0
-3.003394 0.327759 1.642399 1 0 0 0 0
-3.003394 0.332557 1.642399 1 0 0 0 0
-3.003394 0.332557 1.64583 1 0 0 0 0
-3.003394 0.327759 1.702402 1 0 0 0 0
-3.003394 0.307 1.705516 1 0 0 0 0
-3.003394 0.307 1.702132 1 0 0 0 0
-3.003394 0.327759 1.702402 1 0 -0 0 0
-3.003394 0.327759 1.705833 1 0 -0 0 0
-3.003394 0.307 1.705516 1 0 -0 0 0
-3.003394 0.307 1.642956 1 0 0 0 0
-3.003394 0.327759 1.64583 1 0 0 0 0
-3.003394 0.307 1.64634 1 0 0 0 0
-3.003394 0.307 1.642956 1 -0 0 0 0
-3.003394 0.327759 1.642399 1 -0 0 0 0
-3.003394 0.327759 1.64583 1 -0 0 0 0
-3.003394 0.327759 1.694999 1 0 0 0 0
-3.003394 0.307 1.702132 1 0 0 0 0
-3.003394 0.307 1.69483 1 0 0 0 0
-3.003394 0.327759 1.694999 1 0 -0 0 0
-3.003394 0.327759 1.702402 1 0 -0 0 0
-3.003394 0.307 1.702132 1 0 -0 0 0
-3.003394 0.307 1.64634 1 0 0 0 0
-3.003394 0.327759 1.653234 1 0 0 0 0
-3.003394 0.307 1.653641 1 0 0 0 0
-3.003394 0.307 1.64634 1 -0 0 0 0
-3.003394 0.327759 1.64583 1 -0 0 0 0
-3.003394 0.327759 1.653234 1 -0 0 0 0
-3.003394 0.332557 1.710732 1 0 0 0 0
-3.003394 0.327759 1.714742 1 0 0 0 0
-3.003394 0.327759 1.710732 1 0 0 0 0
-3.003394 0.332557 1.710732 1 0 -0 0 0
-3.003394 0.332557 1.714742 1 0 -0 0 0
-3.003394 0.327759 1.714742 1 0 -0 0 0
-3.003394 0.327759 1.633491 1 0 0 0 0
-3.003394 0.332557 1.637501 1 0 0 0 0
-3.003394 0.327759 1.637501 1 0 0 0 0
-3.003394 0.327759 1.633491 1 0 0 0 0
-3.003394 0.332557 1.633491 1 0 0 0 0
-3.003394 0.332557 1.637501 1 0 0 0 0
-3.003394 0.327759 1.710732 1 0 0 0 0
-3.003394 0.307 1.714301 1 0 0 0 0
-3.003394 0.307 1.710346 1 0 0 0 0
-3.003394 0.327759 1.710732 1 0 -0 0 0
-3.003394 0.327759 1.714742 1 0 -0 0 0
-3.003394 0.307 1.714301 1 0 -0 0 0
-3.003394 0.307 1.634171 1 0 0 0 0
-3.003394 0.327759 1.637501 1 0 0 0 0
-3.003394 0.307 1.638126 1 0 0 0 0
-3.003394 0.307 1.634171 1 -0 0 0 0
-3.003394 0.327759 1.633491 1 -0 0 0 0
-3.003394 0.327759 1.637501 1 -0 0 0 0
-3.003394 0.327759 1.714742 1 0 0 0 0
-3.003394 0.307 1.721295 1 0 0 0 0
-3.003394 0.307 1.714301 1 0 0 0 0
-3.003394 0.327759 1.714742 1 0 -0 0 0
-3.003394 0.327759 1.721834 1 0 -0 0 0
-3.003394 0.307 1.721295 1 0 -0 0 0
-3.003394 0.307 1.627177 1 0 0 0 0
-3.003394 0.327759 1.633491 1 0 0 0 0
-3.003394 0.307 1.634171 1 0 0 0 0
-3.003394 0.307 1.627177 1 -0 0 0 0
-3.003394 0.327759 1.626399 1 -0 0 0 0
-3.003394 0.327759 1.633491 1 -0 0 0 0
-3.003394 0.339153 1.674116 1 0 0 0 0
-3.003394 0.332557 1.676377 1 0 0 0 0
-3.003394 0.332557 1.674116 1 0 0 0 0
-3.003394 0.339153 1.674116 1 0 -0 0 0
-3.003394 0.339153 1.676377 1 0 -0 0 0
-3.003394 0.332557 1.676377 1 0 -0 0 0
-3.003394 0.332557 1.671855 1 0 0 0 0
-3.003394 0.339153 1.674116 1 0 0 0 0
-3.003394 0.332557 1.674116 1 0 0 0 0
-3.003394 0.332557 1.671855 1 0 0 0 0
-3.003394 0.339153 1.671855 1 0 0 0 0
-3.003394 0.339153 1.674116 1 0 0 0 0
-3.003394 0.339153 1.676377 1 0 0 0 0
-3.003394 0.332557 1.685519 1 0 0 0 0
-3.003394 0.332557 1.676377 1 0 0 0 0
-3.003394 0.339153 1.676377 1 0 -0 0 0
-3.003394 0.339153 1.685519 1 0 -0 0 0
-3.003394 0.332557 1.685519 1 0 -0 0 0
-3.003394 0.332557 1.662714 1 0 0 0 0
-3.003394 0.339153 1.671855 1 0 0 0 0
-3.003394 0.332557 1.671855 1 0 0 0 0
-3.003394 0.332557 1.662714 1 0 0 0 0
-3.003394 0.339153 1.662714 1 0 0 0 0
-3.003394 0.339153 1.671855 1 0 0 0 0
-3.003394 0.339153 1.705833 1 0 0 0 0
-3.003394 0.332557 1.710732 1 0 0 0 0
-3.003394 0.332557 1.705833 1 0 0 0 0
-3.003394 0.339153 1.705833 1 0 -0 0 0
-3.003394 0.339153 1.710732 1 0 -0 0 0
-3.003394 0.332557 1.710732 1 0 -0 0 0
-3.003394 0.332557 1.637501 1 0 0 0 0
-3.003394 0.339153 1.642399 1 0 0 0 0
-3.003394 0.332557 1.642399 1 0 0 0 0
-3.003394 0.332557 1.637501 1 0 0 0 0
-3.003394 0.339153 1.637501 1 0 0 0 0
-3.003394 0.339153 1.642399 1 0 0 0 0
-3.003394 0.339153 1.685519 1 0 0 0 0
-3.003394 0.332557 1.694999 1 0 0 0 0
-3.003394 0.332557 1.685519 1 0 0 0 0
-3.003394 0.339153 1.685519 1 0 -0 0 0
-3.003394 0.339153 1.694999 1 0 -0 0 0
-3.003394 0.332557 1.694999 1 0 -0 0 0
-3.003394 0.332557 1.653234 1 0 0 0 0
-3.003394 0.339153 1.662714 1 0 0 0 0
-3.003394 0.332557 1.662714 1 0 0 0 0
-3.003394 0.332557 1.653234 1 0 0 0 0
-3.003394 0.339153 1.653234 1 0 0 0 0
-3.003394 0.339153 1.662714 1 0 0 0 0
-3.003394 0.339153 1.702402 1 0 0 0 0
-3.003394 0.332557 1.705833 1 0 0 0 0
-3.003394 0.332557 1.702402 1 0 0 0 0
-3.003394 0.339153 1.702402 1 0 -0 0 0
-3.003394 0.339153 1.705833 1 0 -0 0 0
-3.003394 0.332557 1.705833 1 0 -0 0 0
-3.003394 0.332557 1.642399 1 0 0 0 0
-3.003394 0.339153 1.64583 1 0 0 0 0
-3.003394 0.332557 1.64583 1 0 0 0 0
-3.003394 0.332557 1.642399 1 0 0 0 0
-3.003394 0.339153 1.642399 1 0 0 0 0
-3.003394 0.339153 1.64583 1 0 0 0 0
-3.003394 0.339153 1.694999 1 0 0 0 0
-3.003394 0.332557 1.702402 1 0 0 0 0
-3.003394 0.332557 1.694999 1 0 0 0 0
-3.003394 0.339153 1.694999 1 0 -0 0 0
-3.003394 0.339153 1.702402 1 0 -0 0 0
-3.003394 0.332557 1.702402 1 0 -0 0 0
-3.003394 0.332557 1.64583 1 0 0 0 0
-3.003394 0.339153 1.653234 1 0 0 0 0
-3.003394 0.332557 1.653234 1 0 0 0 0
-3.003394 0.332557 1.64583 1 0 0 0 0
-3.003394 0.339153 1.64583 1 0 0 0 0
-3.003394 0.339153 1.653234 1 0 0 0 0
-3.003394 0.339153 1.710732 1 0 0 0 0
-3.003394 0.332557 1.714742 1 0 0 0 0
-3.003394 0.332557 1.710732 1 0 0 0 0
-3.003394 0.339153 1.710732 1 0 -0 0 0
-3.003394 0.339153 1.714742 1 0 -0 0 0
-3.003394 0.332557 1.714742 1 0 -0 0 0
-3.003394 0.332557 1.633491 1 0 0 0 0
-3.003394 0.339153 1.637501 1 0 0 0 0
-3.003394 0.332557 1.637501 1 0 0 0 0
-3.003394 0.332557 1.633491 1 0 0 0 0
-3.003394 0.339153 1.633491 1 0 0 0 0
-3.003394 0.339153 1.637501 1 0 0 0 0
-3.003394 0.339153 1.714742 1 0 0 0 0
-3.003394 0.332557 1.721834 1 0 0 0 0
-3.003394 0.332557 1.714742 1 0 0 0 0
-3.003394 0.339153 1.714742 1 0 0 0 0
-3.003394 0.338851 1.721834 1 0 0 0 0
-3.003394 0.332557 1.721834 1 0 0 0 0
-3.003394 0.332557 1.626399 1 0 0 0 0
-3.003394 0.339153 1.633491 1 0 0 0 0
-3.003394 0.332557 1.633491 1 0 0 0 0
-3.003394 0.332557 1.626399 1 0 0 0 0
-3.003394 0.338851 1.626399 1 0 0 0 0
-3.003394 0.339153 1.633491 1 0 0 0 0
-3.003394 0.327759 1.721834 1 0 0 0 0
-3.003394 0.332557 1.724123 1 0 0 0 0
-3.003394 0.327759 1.724123 1 0 0 0 0
-3.003394 0.327759 1.721834 1 0 0 0 0
-3.003394 0.332557 1.721834 1 0 0 0 0
-3.003394 0.332557 1.724123 1 0 0 0 0
-3.003394 0.332557 1.62411 1 0 0 0 0
-3.003394 0.327759 1.626399 1 0 0 0 0
-3.003394 0.327759 1.62411 1 0 0 0 0
-3.003394 0.332557 1.62411 1 0 -0 0 0
-3.003394 0.332557 1.626399 1 0 -0 0 0
-3.003394 0.327759 1.626399 1 0 -0 0 0
-3.003394 0.307 1.721295 1 0 0 0 0
-3.003394 0.327759 1.724123 1 0 0 0 0
-3.003394 0.307 1.723553 1 0 0 0 0
-3.003394 0.307 1.721295 1 0 0 0 0
-3.003394 0.327759 1.721834 1 0 0 0 0
-3.003394 0.327759 1.724123 1 0 0 0 0
-3.003394 0.327759 1.62411 1 0 0 0 0
-3.003394 0.307 1.627177 1 0 0 0 0
-3.003394 0.307 1.624919 1 0 0 0 0
-3.003394 0.327759 1.62411 1 0 -0 0 0
-3.003394 0.327759 1.626399 1 0 -0 0 0
-3.003394 0.307 1.627177 1 0 -0 0 0
-3.003394 0.332557 1.721834 1 0 0 0 0
-3.003394 0.338851 1.724123 1 0 0 0 0
-3.003394 0.332557 1.724123 1 0 0 0 0
-3.003394 0.332557 1.721834 1 0 0 0 0
-3.003394 0.338851 1.721834 1 0 0 0 0
-3.003394 0.338851 1.724123 1 0 0 0 0
-3.003394 0.338851 1.62411 1 0 0 0 0
-3.003394 0.332557 1.626399 1 0 0 0 0
-3.003394 0.332557 1.62411 1 0 0 0 0
-3.003394 0.338851 1.62411 1 0 -0 0 0
-3.003394 0.338851 1.626399 1 0 -0 0 0
-3.003394 0.332557 1.626399 1 0 -0 0 0
-3.003394 0.327759 1.724123 1 0 0 0 0
-3.003394 0.332557 1.727907 1 0 0 0 0
-3.003394 0.327759 1.727907 1 0 0 0 0
-3.003394 0.327759 1.724123 1 0 0 0 0
-3.003394 0.332557 1.724123 1 0 0 0 0
-3.003394 0.332557 1.727907 1 0 0 0 0
-3.003394 0.332557 1.620326 1 0 0 0 0
-3.003394 0.327759 1.62411 1 0 0 0 0
-3.003394 0.327759 1.620326 1 0 0 0 0
-3.003394 0.332557 1.620326 1 0 -0 0 0
-3.003394 0.332557 1.62411 1 0 -0 0 0
-3.003394 0.327759 1.62411 1 0 -0 0 0
-3.003394 0.327759 1.727907 1 0 0 0 0
-3.003394 0.332557 1.731691 1 0 0 0 0
-3.003394 0.327759 1.731691 1 0 0 0 0
-3.003394 0.327759 1.727907 1 0 0 0 0
-3.003394 0.332557 1.727907 1 0 0 0 0
-3.003394 0.332557 1.731691 1 0 0 0 0
-3.003394 0.332557 1.616542 1 0 0 0 0
-3.003394 0.327759 1.620326 1 0 0 0 0
-3.003394 0.327759 1.616542 1 0 0 0 0
-3.003394 0.332557 1.616542 1 0 -0 0 0
-3.003394 0.332557 1.620326 1 0 -0 0 0
-3.003394 0.327759 1.620326 1 0 -0 0 0
-3.003394 0.307 1.723553 1 0 0 0 0
-3.003394 0.327759 1.727907 1 0 0 0 0
-3.003394 0.307 1.727285 1 0 0 0 0
-3.003394 0.307 1.723553 1 0 0 0 0
-3.003394 0.327759 1.724123 1 0 0 0 0
-3.003394 0.327759 1.727907 1 0 0 0 0
-3.003394 0.327759 1.620326 1 0 0 0 0
-3.003394 0.307 1.624919 1 0 0 0 0
-3.003394 0.307 1.621187 1 0 0 0 0
-3.003394 0.327759 1.620326 1 0 -0 0 0
-3.003394 0.327759 1.62411 1 0 -0 0 0
-3.003394 0.307 1.624919 1 0 -0 0 0
-3.003394 0.307 1.727285 1 0 0 0 0
-3.003394 0.327759 1.731691 1 0 0 0 0
-3.003394 0.307 1.731016 1 0 0 0 0
-3.003394 0.307 1.727285 1 0 0 0 0
-3.003394 0.327759 1.727907 1 0 0 0 0
-3.003394 0.327759 1.731691 1 0 0 0 0
-3.003394 0.327759 1.616542 1 0 0 0 0
-3.003394 0.307 1.621187 1 0 0 0 0
-3.003394 0.307 1.617456 1 0 0 0 0
-3.003394 0.327759 1.616542 1 0 -0 0 0
-3.003394 0.327759 1.620326 1 0 -0 0 0
-3.003394 0.307 1.621187 1 0 -0 0 0
-3.003394 0.332557 1.724123 1 0 0 0 0
-3.003394 0.338844 1.7279 1 0 0 0 0
-3.003394 0.332557 1.727907 1 0 0 0 0
-3.003394 0.332557 1.724123 1 0 0 0 0
-3.003394 0.338851 1.724123 1 0 0 0 0
-3.003394 0.338844 1.7279 1 0 0 0 0
-3.003394 0.338844 1.620333 1 0 0 0 0
-3.003394 0.332557 1.62411 1 0 0 0 0
-3.003394 0.332557 1.620326 1 0 0 0 0
-3.003394 0.338844 1.620333 1 0 -0 0 0
-3.003394 0.338851 1.62411 1 0 -0 0 0
-3.003394 0.332557 1.62411 1 0 -0 0 0
-3.003394 0.332557 1.727907 1 0 0 0 0
-3.003394 0.338851 1.731691 1 0 0 0 0
-3.003394 0.332557 1.731691 1 0 0 0 0
-3.003394 0.332557 1.727907 1 -0 0 0 0
-3.003394 0.338844 1.7279 1 -0 0 0 0
-3.003394 0.338851 1.731691 1 -0 0 0 0
-3.003394 0.338851 1.616542 1 0 0 0 0
-3.003394 0.332557 1.620326 1 0 0 0 0
-3.003394 0.332557 1.616542 1 0 0 0 0
-3.003394 0.338851 1.616542 1 0 0 0 0
-3.003394 0.338844 1.620333 1 0 0 0 0
-3.003394 0.332557 1.620326 1 0 0 0 0
-3.003394 0.369119 1.674116 1 0 0 0 0
-3.003394 0.35457 1.676377 1 0 0 0 0
-3.003394 0.35457 1.674116 1 0 0 0 0
-3.003394 0.369119 1.674116 1 0 -0 0 0
-3.003394 0.369119 1.676377 1 0 -0 0 0
-3.003394 0.35457 1.676377 1 0 -0 0 0
-3.003394 0.35457 1.671855 1 0 0 0 0
-3.003394 0.369119 1.674116 1 0 0 0 0
-3.003394 0.35457 1.674116 1 0 0 0 0
-3.003394 0.35457 1.671855 1 0 0 0 0
-3.003394 0.369119 1.671855 1 0 0 0 0
-3.003394 0.369119 1.674116 1 0 0 0 0
-3.003394 0.35457 1.674116 1 0 0 0 0
-3.003394 0.347182 1.676377 1 0 0 0 0
-3.003394 0.347182 1.674116 1 0 0 0 0
-3.003394 0.35457 1.674116 1 0 -0 0 0
-3.003394 0.35457 1.676377 1 0 -0 0 0
-3.003394 0.347182 1.676377 1 0 -0 0 0
-3.003394 0.347182 1.671855 1 0 0 0 0
-3.003394 0.35457 1.674116 1 0 0 0 0
-3.003394 0.347182 1.674116 1 0 0 0 0
-3.003394 0.347182 1.671855 1 0 0 0 0
-3.003394 0.35457 1.671855 1 0 0 0 0
-3.003394 0.35457 1.674116 1 0 0 0 0
-3.003394 0.369119 1.705833 1 0 0 0 0
-3.003394 0.35457 1.710732 1 0 0 0 0
-3.003394 0.35457 1.705833 1 0 0 0 0
-3.003394 0.369119 1.705833 1 0 -0 0 0
-3.003394 0.369119 1.710732 1 0 -0 0 0
-3.003394 0.35457 1.710732 1 0 -0 0 0
-3.003394 0.35457 1.637501 1 0 0 0 0
-3.003394 0.369119 1.642399 1 0 0 0 0
-3.003394 0.35457 1.642399 1 0 0 0 0
-3.003394 0.35457 1.637501 1 0 0 0 0
-3.003394 0.369119 1.637501 1 0 0 0 0
-3.003394 0.369119 1.642399 1 0 0 0 0
-3.003394 0.369119 1.685519 1 0 0 0 0
-3.003394 0.35457 1.694999 1 0 0 0 0
-3.003394 0.35457 1.685519 1 0 0 0 0
-3.003394 0.369119 1.685519 1 0 -0 0 0
-3.003394 0.369119 1.694999 1 0 -0 0 0
-3.003394 0.35457 1.694999 1 0 -0 0 0
-3.003394 0.35457 1.653234 1 0 0 0 0
-3.003394 0.369119 1.662714 1 0 0 0 0
-3.003394 0.35457 1.662714 1 0 0 0 0
-3.003394 0.35457 1.653234 1 0 0 0 0
-3.003394 0.369119 1.653234 1 0 0 0 0
-3.003394 0.369119 1.662714 1 0 0 0 0
-3.003394 0.35457 1.685519 1 0 0 0 0
-3.003394 0.347182 1.694999 1 0 0 0 0
-3.003394 0.347182 1.685519 1 0 0 0 0
-3.003394 0.35457 1.685519 1 0 -0 0 0
-3.003394 0.35457 1.694999 1 0 -0 0 0
-3.003394 0.347182 1.694999 1 0 -0 0 0
-3.003394 0.347182 1.653234 1 0 0 0 0
-3.003394 0.35457 1.662714 1 0 0 0 0
-3.003394 0.347182 1.662714 1 0 0 0 0
-3.003394 0.347182 1.653234 1 0 0 0 0
-3.003394 0.35457 1.653234 1 0 0 0 0
-3.003394 0.35457 1.662714 1 0 0 0 0
-3.003394 0.369119 1.702403 1 0 0 0 0
-3.003394 0.35457 1.705833 1 0 0 0 0
-3.003394 0.35457 1.702403 1 0 0 0 0
-3.003394 0.369119 1.702403 1 0 -0 0 0
-3.003394 0.369119 1.705833 1 0 -0 0 0
-3.003394 0.35457 1.705833 1 0 -0 0 0
-3.003394 0.35457 1.642399 1 0 0 0 0
-3.003394 0.369119 1.64583 1 0 0 0 0
-3.003394 0.35457 1.64583 1 0 0 0 0
-3.003394 0.35457 1.642399 1 0 0 0 0
-3.003394 0.369119 1.642399 1 0 0 0 0
-3.003394 0.369119 1.64583 1 0 0 0 0
-3.003394 0.35457 1.702403 1 0 0 0 0
-3.003394 0.345519 1.705833 1 0 0 0 0
-3.003394 0.347182 1.702402 1 0 0 0 0
-3.003394 0.35457 1.702403 1 0 -0 0 0
-3.003394 0.35457 1.705833 1 0 -0 0 0
-3.003394 0.345519 1.705833 1 0 -0 0 0
-3.003394 0.345519 1.642399 1 0 0 0 0
-3.003394 0.35457 1.64583 1 0 0 0 0
-3.003394 0.347182 1.64583 1 0 0 0 0
-3.003394 0.345519 1.642399 1 0 0 0 0
-3.003394 0.35457 1.642399 1 0 0 0 0
-3.003394 0.35457 1.64583 1 0 0 0 0
-3.003394 0.369119 1.694999 1 0 0 0 0
-3.003394 0.35457 1.702403 1 0 0 0 0
-3.003394 0.35457 1.694999 1 0 0 0 0
-3.003394 0.369119 1.694999 1 0 -0 0 0
-3.003394 0.369119 1.702403 1 0 -0 0 0
-3.003394 0.35457 1.702403 1 0 -0 0 0
-3.003394 0.35457 1.64583 1 0 0 0 0
-3.003394 0.369119 1.653234 1 0 0 0 0
-3.003394 0.35457 1.653234 1 0 0 0 0
-3.003394 0.35457 1.64583 1 0 0 0 0
-3.003394 0.369119 1.64583 1 0 0 0 0
-3.003394 0.369119 1.653234 1 0 0 0 0
-3.003394 0.35457 1.694999 1 0 0 0 0
-3.003394 0.347182 1.702402 1 0 0 0 0
-3.003394 0.347182 1.694999 1 0 0 0 0
-3.003394 0.35457 1.694999 1 0 -0 0 0
-3.003394 0.35457 1.702403 1 0 -0 0 0
-3.003394 0.347182 1.702402 1 0 -0 0 0
-3.003394 0.347182 1.64583 1 0 0 0 0
-3.003394 0.35457 1.653234 1 0 0 0 0
-3.003394 0.347182 1.653234 1 0 0 0 0
-3.003394 0.347182 1.64583 1 0 0 0 0
-3.003394 0.35457 1.64583 1 0 0 0 0
-3.003394 0.35457 1.653234 1 0 0 0 0
-3.003394 0.369119 1.710732 1 0 0 0 0
-3.003394 0.35457 1.714742 1 0 0 0 0
-3.003394 0.35457 1.710732 1 0 0 0 0
-3.003394 0.369119 1.710732 1 0 -0 0 0
-3.003394 0.369119 1.714742 1 0 -0 0 0
-3.003394 0.35457 1.714742 1 0 -0 0 0
-3.003394 0.35457 1.633491 1 0 0 0 0
-3.003394 0.369119 1.637501 1 0 0 0 0
-3.003394 0.35457 1.637501 1 0 0 0 0
-3.003394 0.35457 1.633491 1 0 0 0 0
-3.003394 0.369119 1.633491 1 0 0 0 0
-3.003394 0.369119 1.637501 1 0 0 0 0
-3.003394 0.35457 1.710732 1 0 0 0 0
-3.003394 0.347182 1.714742 1 0 0 0 0
-3.003394 0.345519 1.710732 1 0 0 0 0
-3.003394 0.35457 1.710732 1 0 -0 0 0
-3.003394 0.35457 1.714742 1 0 -0 0 0
-3.003394 0.347182 1.714742 1 0 -0 0 0
-3.003394 0.347182 1.633491 1 0 -0 0 0
-3.003394 0.35457 1.637501 1 0 -0 0 0
-3.003394 0.345519 1.637501 1 0 -0 0 0
-3.003394 0.347182 1.633491 1 0 0 0 0
-3.003394 0.35457 1.633491 1 0 0 0 0
-3.003394 0.35457 1.637501 1 0 0 0 0
-3.003394 0.369119 1.714742 1 0 0 0 0
-3.003394 0.35457 1.721834 1 0 0 0 0
-3.003394 0.35457 1.714742 1 0 0 0 0
-3.003394 0.369119 1.714742 1 0 -0 0 0
-3.003394 0.369119 1.721834 1 0 -0 0 0
-3.003394 0.35457 1.721834 1 0 -0 0 0
-3.003394 0.35457 1.626399 1 0 0 0 0
-3.003394 0.369119 1.633491 1 0 0 0 0
-3.003394 0.35457 1.633491 1 0 0 0 0
-3.003394 0.35457 1.626399 1 0 0 0 0
-3.003394 0.369119 1.626399 1 0 0 0 0
-3.003394 0.369119 1.633491 1 0 0 0 0
-3.003394 0.35457 1.714742 1 0 0 0 0
-3.003394 0.346453 1.721834 1 0 0 0 0
-3.003394 0.347182 1.714742 1 0 0 0 0
-3.003394 0.35457 1.714742 1 0 -0 0 0
-3.003394 0.35457 1.721834 1 0 -0 0 0
-3.003394 0.346453 1.721834 1 0 -0 0 0
-3.003394 0.346453 1.626399 1 0 0 0 0
-3.003394 0.35457 1.633491 1 0 0 0 0
-3.003394 0.347182 1.633491 1 0 0 0 0
-3.003394 0.346453 1.626399 1 0 0 0 0
-3.003394 0.35457 1.626399 1 0 0 0 0
-3.003394 0.35457 1.633491 1 0 0 0 0
-3.003394 0.346453 1.724123 1 -0 0 0 0
-3.003394 0.35457 1.721834 1 -0 0 0 0
-3.003394 0.35457 1.724123 1 -0 0 0 0
-3.003394 0.346453 1.724123 1 0 0 0 0
-3.003394 0.346453 1.721834 1 0 0 0 0
-3.003394 0.35457 1.721834 1 0 0 0 0
-3.003394 0.35457 1.626399 1 0 0 0 0
-3.003394 0.346453 1.62411 1 0 0 0 0
-3.003394 0.35457 1.62411 1 0 0 0 0
-3.003394 0.35457 1.626399 1 0 0 0 0
-3.003394 0.346453 1.626399 1 0 0 0 0
-3.003394 0.346453 1.62411 1 0 0 0 0
-3.003394 0.35457 1.724123 1 -0 0 0 0
-3.003394 0.369119 1.721834 1 -0 0 0 0
-3.003394 0.369119 1.724123 1 -0 0 0 0
-3.003394 0.35457 1.724123 1 0 0 0 0
-3.003394 0.35457 1.721834 1 0 0 0 0
-3.003394 0.369119 1.721834 1 0 0 0 0
-3.003394 0.369119 1.626399 1 0 0 0 0
-3.003394 0.35457 1.62411 1 0 0 0 0
-3.003394 0.369119 1.62411 1 0 0 0 0
-3.003394 0.369119 1.626399 1 0 0 0 0
-3.003394 0.35457 1.626399 1 0 0 0 0
-3.003394 0.35457 1.62411 1 0 0 0 0
-3.003394 0.346425 1.7279 1 -0 0 0 0
-3.003394 0.35457 1.724123 1 -0 0 0 0
-3.003394 0.35457 1.727907 1 -0 0 0 0
-3.003394 0.346425 1.7279 1 0 0 0 0
-3.003394 0.346453 1.724123 1 0 0 0 0
-3.003394 0.35457 1.724123 1 0 0 0 0
-3.003394 0.35457 1.62411 1 0 0 0 0
-3.003394 0.346425 1.620333 1 0 0 0 0
-3.003394 0.35457 1.620326 1 0 0 0 0
-3.003394 0.35457 1.62411 1 0 0 0 0
-3.003394 0.346453 1.62411 1 0 0 0 0
-3.003394 0.346425 1.620333 1 0 0 0 0
-3.003394 0.35457 1.727907 1 -0 0 0 0
-3.003394 0.369119 1.724123 1 -0 0 0 0
-3.003394 0.369119 1.727907 1 -0 0 0 0
-3.003394 0.35457 1.727907 1 0 0 0 0
-3.003394 0.35457 1.724123 1 0 0 0 0
-3.003394 0.369119 1.724123 1 0 0 0 0
-3.003394 0.369119 1.62411 1 0 0 0 0
-3.003394 0.35457 1.620326 1 0 0 0 0
-3.003394 0.369119 1.620326 1 0 0 0 0
-3.003394 0.369119 1.62411 1 0 0 0 0
-3.003394 0.35457 1.62411 1 0 0 0 0
-3.003394 0.35457 1.620326 1 0 0 0 0
-3.003394 0.346453 1.731691 1 -0 0 0 0
-3.003394 0.35457 1.727907 1 -0 0 0 0
-3.003394 0.35457 1.731691 1 -0 0 0 0
-3.003394 0.346453 1.731691 1 0 0 0 0
-3.003394 0.346425 1.7279 1 0 0 0 0
-3.003394 0.35457 1.727907 1 0 0 0 0
-3.003394 0.35457 1.620326 1 0 0 0 0
-3.003394 0.346453 1.616542 1 0 0 0 0
-3.003394 0.35457 1.616542 1 0 0 0 0
-3.003394 0.35457 1.620326 1 0 0 0 0
-3.003394 0.346425 1.620333 1 0 0 0 0
-3.003394 0.346453 1.616542 1 0 0 0 0
-3.003394 0.35457 1.731691 1 -0 0 0 0
-3.003394 0.369119 1.727907 1 -0 0 0 0
-3.003394 0.369119 1.731691 1 -0 0 0 0
-3.003394 0.35457 1.731691 1 0 0 0 0
-3.003394 0.35457 1.727907 1 0 0 0 0
-3.003394 0.369119 1.727907 1 0 0 0 0
-3.003394 0.369119 1.620326 1 0 0 0 0
-3.003394 0.35457 1.616542 1 0 0 0 0
-3.003394 0.369119 1.616542 1 0 0 0 0
-3.003394 0.369119 1.620326 1 0 0 0 0
-3.003394 0.35457 1.620326 1 0 0 0 0
-3.003394 0.35457 1.616542 1 0 0 0 0
-3.003394 0.347182 1.674116 1 0 0 0 0
-3.003394 0.34261 1.676377 1 0 0 0 0
-3.003394 0.34261 1.674116 1 0 0 0 0
-3.003394 0.347182 1.674116 1 0 -0 0 0
-3.003394 0.347182 1.676377 1 0 -0 0 0
-3.003394 0.34261 1.676377 1 0 -0 0 0
-3.003394 0.34261 1.671855 1 0 0 0 0
-3.003394 0.347182 1.674116 1 0 0 0 0
-3.003394 0.34261 1.674116 1 0 0 0 0
-3.003394 0.34261 1.671855 1 0 0 0 0
-3.003394 0.347182 1.671855 1 0 0 0 0
-3.003394 0.347182 1.674116 1 0 0 0 0
-3.003394 0.34261 1.674116 1 0 0 0 0
-3.003394 0.339153 1.676377 1 0 0 0 0
-3.003394 0.339153 1.674116 1 0 0 0 0
-3.003394 0.34261 1.674116 1 0 -0 0 0
-3.003394 0.34261 1.676377 1 0 -0 0 0
-3.003394 0.339153 1.676377 1 0 -0 0 0
-3.003394 0.339153 1.671855 1 0 0 0 0
-3.003394 0.34261 1.674116 1 0 0 0 0
-3.003394 0.339153 1.674116 1 0 0 0 0
-3.003394 0.339153 1.671855 1 0 0 0 0
-3.003394 0.34261 1.671855 1 0 0 0 0
-3.003394 0.34261 1.674116 1 0 0 0 0
-3.003394 0.347182 1.676377 1 0 0 0 0
-3.003394 0.34261 1.685519 1 0 0 0 0
-3.003394 0.34261 1.676377 1 0 0 0 0
-3.003394 0.347182 1.676377 1 0 -0 0 0
-3.003394 0.347182 1.685519 1 0 -0 0 0
-3.003394 0.34261 1.685519 1 0 -0 0 0
-3.003394 0.34261 1.662714 1 0 0 0 0
-3.003394 0.347182 1.671855 1 0 0 0 0
-3.003394 0.34261 1.671855 1 0 0 0 0
-3.003394 0.34261 1.662714 1 0 0 0 0
-3.003394 0.347182 1.662714 1 0 0 0 0
-3.003394 0.347182 1.671855 1 0 0 0 0
-3.003394 0.34261 1.676377 1 0 0 0 0
-3.003394 0.339153 1.685519 1 0 0 0 0
-3.003394 0.339153 1.676377 1 0 0 0 0
-3.003394 0.34261 1.676377 1 0 -0 0 0
-3.003394 0.34261 1.685519 1 0 -0 0 0
-3.003394 0.339153 1.685519 1 0 -0 0 0
-3.003394 0.339153 1.662714 1 0 0 0 0
-3.003394 0.34261 1.671855 1 0 0 0 0
-3.003394 0.339153 1.671855 1 0 0 0 0
-3.003394 0.339153 1.662714 1 0 0 0 0
-3.003394 0.34261 1.662714 1 0 0 0 0
-3.003394 0.34261 1.671855 1 0 0 0 0
-3.003394 0.345519 1.705833 1 0 0 0 0
-3.003394 0.34261 1.710732 1 0 0 0 0
-3.003394 0.34261 1.705833 1 0 0 0 0
-3.003394 0.345519 1.705833 1 0 -0 0 0
-3.003394 0.345519 1.710732 1 0 -0 0 0
-3.003394 0.34261 1.710732 1 0 -0 0 0
-3.003394 0.34261 1.637501 1 0 0 0 0
-3.003394 0.345519 1.642399 1 0 0 0 0
-3.003394 0.34261 1.642399 1 0 0 0 0
-3.003394 0.34261 1.637501 1 0 0 0 0
-3.003394 0.345519 1.637501 1 0 0 0 0
-3.003394 0.345519 1.642399 1 0 0 0 0
-3.003394 0.34261 1.705833 1 0 0 0 0
-3.003394 0.339153 1.710732 1 0 0 0 0
-3.003394 0.339153 1.705833 1 0 0 0 0
-3.003394 0.34261 1.705833 1 0 -0 0 0
-3.003394 0.34261 1.710732 1 0 -0 0 0
-3.003394 0.339153 1.710732 1 0 -0 0 0
-3.003394 0.339153 1.637501 1 0 0 0 0
-3.003394 0.34261 1.642399 1 0 0 0 0
-3.003394 0.339153 1.642399 1 0 0 0 0
-3.003394 0.339153 1.637501 1 0 0 0 0
-3.003394 0.34261 1.637501 1 0 0 0 0
-3.003394 0.34261 1.642399 1 0 0 0 0
-3.003394 0.347182 1.685519 1 0 0 0 0
-3.003394 0.34261 1.694999 1 0 0 0 0
-3.003394 0.34261 1.685519 1 0 0 0 0
-3.003394 0.347182 1.685519 1 0 -0 0 0
-3.003394 0.347182 1.694999 1 0 -0 0 0
-3.003394 0.34261 1.694999 1 0 -0 0 0
-3.003394 0.34261 1.653234 1 0 0 0 0
-3.003394 0.347182 1.662714 1 0 0 0 0
-3.003394 0.34261 1.662714 1 0 0 0 0
-3.003394 0.34261 1.653234 1 0 0 0 0
-3.003394 0.347182 1.653234 1 0 0 0 0
-3.003394 0.347182 1.662714 1 0 0 0 0
-3.003394 0.34261 1.685519 1 0 0 0 0
-3.003394 0.339153 1.694999 1 0 0 0 0
-3.003394 0.339153 1.685519 1 0 0 0 0
-3.003394 0.34261 1.685519 1 0 -0 0 0
-3.003394 0.34261 1.694999 1 0 -0 0 0
-3.003394 0.339153 1.694999 1 0 -0 0 0
-3.003394 0.339153 1.653234 1 0 0 0 0
-3.003394 0.34261 1.662714 1 0 0 0 0
-3.003394 0.339153 1.662714 1 0 0 0 0
-3.003394 0.339153 1.653234 1 0 0 0 0
-3.003394 0.34261 1.653234 1 0 0 0 0
-3.003394 0.34261 1.662714 1 0 0 0 0
-3.003394 0.347182 1.702402 1 0 0 0 0
-3.003394 0.34261 1.705833 1 0 0 0 0
-3.003394 0.34261 1.702402 1 0 0 0 0
-3.003394 0.347182 1.702402 1 0 0 0 0
-3.003394 0.345519 1.705833 1 0 0 0 0
-3.003394 0.34261 1.705833 1 0 0 0 0
-3.003394 0.34261 1.642399 1 0 0 0 0
-3.003394 0.347182 1.64583 1 0 0 0 0
-3.003394 0.34261 1.64583 1 0 0 0 0
-3.003394 0.34261 1.642399 1 0 0 0 0
-3.003394 0.345519 1.642399 1 0 0 0 0
-3.003394 0.347182 1.64583 1 0 0 0 0
-3.003394 0.34261 1.702402 1 0 0 0 0
-3.003394 0.339153 1.705833 1 0 0 0 0
-3.003394 0.339153 1.702402 1 0 0 0 0
-3.003394 0.34261 1.702402 1 0 -0 0 0
-3.003394 0.34261 1.705833 1 0 -0 0 0
-3.003394 0.339153 1.705833 1 0 -0 0 0
-3.003394 0.339153 1.642399 1 0 0 0 0
-3.003394 0.34261 1.64583 1 0 0 0 0
-3.003394 0.339153 1.64583 1 0 0 0 0
-3.003394 0.339153 1.642399 1 0 0 0 0
-3.003394 0.34261 1.642399 1 0 0 0 0
-3.003394 0.34261 1.64583 1 0 0 0 0
-3.003394 0.347182 1.694999 1 0 0 0 0
-3.003394 0.34261 1.702402 1 0 0 0 0
-3.003394 0.34261 1.694999 1 0 0 0 0
-3.003394 0.347182 1.694999 1 0 -0 0 0
-3.003394 0.347182 1.702402 1 0 -0 0 0
-3.003394 0.34261 1.702402 1 0 -0 0 0
-3.003394 0.34261 1.64583 1 0 0 0 0
-3.003394 0.347182 1.653234 1 0 0 0 0
-3.003394 0.34261 1.653234 1 0 0 0 0
-3.003394 0.34261 1.64583 1 0 0 0 0
-3.003394 0.347182 1.64583 1 0 0 0 0
-3.003394 0.347182 1.653234 1 0 0 0 0
-3.003394 0.34261 1.694999 1 0 0 0 0
-3.003394 0.339153 1.702402 1 0 0 0 0
-3.003394 0.339153 1.694999 1 0 0 0 0
-3.003394 0.34261 1.694999 1 0 -0 0 0
-3.003394 0.34261 1.702402 1 0 -0 0 0
-3.003394 0.339153 1.702402 1 0 -0 0 0
-3.003394 0.339153 1.64583 1 0 0 0 0
-3.003394 0.34261 1.653234 1 0 0 0 0
-3.003394 0.339153 1.653234 1 0 0 0 0
-3.003394 0.339153 1.64583 1 0 0 0 0
-3.003394 0.34261 1.64583 1 0 0 0 0
-3.003394 0.34261 1.653234 1 0 0 0 0
-3.003394 0.345519 1.710732 1 0 0 0 0
-3.003394 0.34261 1.714742 1 0 0 0 0
-3.003394 0.34261 1.710732 1 0 0 0 0
-3.003394 0.345519 1.710732 1 0 -0 0 0
-3.003394 0.347182 1.714742 1 0 -0 0 0
-3.003394 0.34261 1.714742 1 0 -0 0 0
-3.003394 0.34261 1.633491 1 0 0 0 0
-3.003394 0.345519 1.637501 1 0 0 0 0
-3.003394 0.34261 1.637501 1 0 0 0 0
-3.003394 0.34261 1.633491 1 0 0 0 0
-3.003394 0.347182 1.633491 1 0 0 0 0
-3.003394 0.345519 1.637501 1 0 0 0 0
-3.003394 0.34261 1.710732 1 0 0 0 0
-3.003394 0.339153 1.714742 1 0 0 0 0
-3.003394 0.339153 1.710732 1 0 0 0 0
-3.003394 0.34261 1.710732 1 0 -0 0 0
-3.003394 0.34261 1.714742 1 0 -0 0 0
-3.003394 0.339153 1.714742 1 0 -0 0 0
-3.003394 0.339153 1.633491 1 0 0 0 0
-3.003394 0.34261 1.637501 1 0 0 0 0
-3.003394 0.339153 1.637501 1 0 0 0 0
-3.003394 0.339153 1.633491 1 0 0 0 0
-3.003394 0.34261 1.633491 1 0 0 0 0
-3.003394 0.34261 1.637501 1 0 0 0 0
-3.003394 0.347182 1.714742 1 0 0 0 0
-3.003394 0.34261 1.721834 1 0 0 0 0
-3.003394 0.34261 1.714742 1 0 0 0 0
-3.003394 0.347182 1.714742 1 0 0 0 0
-3.003394 0.346453 1.721834 1 0 0 0 0
-3.003394 0.34261 1.721834 1 0 0 0 0
-3.003394 0.34261 1.626399 1 0 0 0 0
-3.003394 0.347182 1.633491 1 0 0 0 0
-3.003394 0.34261 1.633491 1 0 0 0 0
-3.003394 0.34261 1.626399 1 0 0 0 0
-3.003394 0.346453 1.626399 1 0 0 0 0
-3.003394 0.347182 1.633491 1 0 0 0 0
-3.003394 0.34261 1.714742 1 0 0 0 0
-3.003394 0.338851 1.721834 1 0 0 0 0
-3.003394 0.339153 1.714742 1 0 0 0 0
-3.003394 0.34261 1.714742 1 0 -0 0 0
-3.003394 0.34261 1.721834 1 0 -0 0 0
-3.003394 0.338851 1.721834 1 0 -0 0 0
-3.003394 0.338851 1.626399 1 0 0 0 0
-3.003394 0.34261 1.633491 1 0 0 0 0
-3.003394 0.339153 1.633491 1 0 0 0 0
-3.003394 0.338851 1.626399 1 0 0 0 0
-3.003394 0.34261 1.626399 1 0 0 0 0
-3.003394 0.34261 1.633491 1 0 0 0 0
-3.003394 0.338851 1.724123 1 0 0 0 0
-3.003394 0.34261 1.721834 1 0 0 0 0
-3.003394 0.342613 1.724118 1 0 0 0 0
-3.003394 0.338851 1.724123 1 0 0 0 0
-3.003394 0.338851 1.721834 1 0 0 0 0
-3.003394 0.34261 1.721834 1 0 0 0 0
-3.003394 0.34261 1.626399 1 0 0 0 0
-3.003394 0.338851 1.62411 1 0 0 0 0
-3.003394 0.342613 1.624115 1 0 0 0 0
-3.003394 0.34261 1.626399 1 0 0 0 0
-3.003394 0.338851 1.626399 1 0 0 0 0
-3.003394 0.338851 1.62411 1 0 0 0 0
-3.003394 0.342613 1.724118 1 -0 0 0 0
-3.003394 0.346453 1.721834 1 -0 0 0 0
-3.003394 0.346453 1.724123 1 -0 0 0 0
-3.003394 0.342613 1.724118 1 0 0 0 0
-3.003394 0.34261 1.721834 1 0 0 0 0
-3.003394 0.346453 1.721834 1 0 0 0 0
-3.003394 0.346453 1.626399 1 0 0 0 0
-3.003394 0.342613 1.624115 1 0 0 0 0
-3.003394 0.346453 1.62411 1 0 0 0 0
-3.003394 0.346453 1.626399 1 0 0 0 0
-3.003394 0.34261 1.626399 1 0 0 0 0
-3.003394 0.342613 1.624115 1 0 0 0 0
-3.003394 0.346453 1.724123 1 0 0 0 0
-3.003394 0.34529 1.72522 1 0 0 0 0
-3.003394 0.342613 1.724118 1 0 0 0 0
-3.003394 0.346453 1.724123 1 0 0 0 0
-3.003394 0.346425 1.7279 1 0 0 0 0
-3.003394 0.34529 1.72522 1 0 0 0 0
-3.003394 0.34529 1.623013 1 0 -0 0 0
-3.003394 0.346453 1.62411 1 0 -0 0 0
-3.003394 0.342613 1.624115 1 0 -0 0 0
-3.003394 0.34529 1.623013 1 -0 0 0 0
-3.003394 0.346425 1.620333 1 -0 0 0 0
-3.003394 0.346453 1.62411 1 -0 0 0 0
-3.003394 0.346453 1.731691 1 0 0 0 0
-3.003394 0.34529 1.730566 1 0 0 0 0
-3.003394 0.346425 1.7279 1 0 0 0 0
-3.003394 0.346453 1.731691 1 0 0 0 0
-3.003394 0.342613 1.731682 1 0 0 0 0
-3.003394 0.34529 1.730566 1 0 0 0 0
-3.003394 0.34529 1.617667 1 -0 0 0 0
-3.003394 0.346453 1.616542 1 -0 0 0 0
-3.003394 0.346425 1.620333 1 -0 0 0 0
-3.003394 0.34529 1.617667 1 0 0 0 0
-3.003394 0.342613 1.616551 1 0 0 0 0
-3.003394 0.346453 1.616542 1 0 0 0 0
-3.003394 0.338851 1.731691 1 0 0 0 0
-3.003394 0.339944 1.730566 1 0 0 0 0
-3.003394 0.342613 1.731682 1 0 0 0 0
-3.003394 0.338851 1.731691 1 0 0 0 0
-3.003394 0.338844 1.7279 1 0 0 0 0
-3.003394 0.339944 1.730566 1 0 0 0 0
-3.003394 0.339944 1.617667 1 0 0 0 0
-3.003394 0.338851 1.616542 1 0 0 0 0
-3.003394 0.342613 1.616551 1 0 0 0 0
-3.003394 0.339944 1.617667 1 0 0 0 0
-3.003394 0.338844 1.620333 1 0 0 0 0
-3.003394 0.338851 1.616542 1 0 0 0 0
-3.003394 0.338851 1.724123 1 0 -0 0 0
-3.003394 0.339944 1.72522 1 0 -0 0 0
-3.003394 0.338844 1.7279 1 0 -0 0 0
-3.003394 0.338851 1.724123 1 -0 0 0 0
-3.003394 0.342613 1.724118 1 -0 0 0 0
-3.003394 0.339944 1.72522 1 -0 0 0 0
-3.003394 0.339944 1.623013 1 0 0 0 0
-3.003394 0.338851 1.62411 1 0 0 0 0
-3.003394 0.338844 1.620333 1 0 0 0 0
-3.003394 0.339944 1.623013 1 0 -0 0 0
-3.003394 0.342613 1.624115 1 0 -0 0 0
-3.003394 0.338851 1.62411 1 0 -0 0 0
-3.003394 0.347182 1.685519 0.499722453 0 -0.866185586 0 0
-3.004304 0.354671 1.684994 0.499722453 0 -0.866185586 0 0
-3.003394 0.35457 1.685519 0.499722453 0 -0.866185586 0 0
-3.003394 0.347182 1.685519 0.499722453 0 -0.866185586 0 0
-3.004304 0.347594 1.684994 0.499722453 0 -0.866185586 0 0
-3.004304 0.354671 1.684994 0.499722453 0 -0.866185586 0 0
-3.004304 0.354671 1.663239 0.499722453 0 0.866185586 0 0
-3.003394 0.347182 1.662714 0.499722453 0 0.866185586 0 0
-3.003394 0.35457 1.662714 0.499722453 0 0.866185586 0 0
-3.004304 0.354671 1.663239 0.499722453 0 0.866185586 0 0
-3.004304 0.347594 1.663239 0.499722453 0 0.866185586 0 0
-3.003394 0.347182 1.662714 0.499722453 0 0.866185586 0 0
-3.003394 0.35457 1.685519 0.499722453 0 -0.866185586 0 0
-3.004304 0.368606 1.684994 0.499722453 0 -0.866185586 0 0
-3.003394 0.369119 1.685519 0.499722453 0 -0.866185586 0 0
-3.003394 0.35457 1.685519 0.499722453 0 -0.866185586 0 0
-3.004304 0.354671 1.684994 0.499722453 0 -0.866185586 0 0
-3.004304 0.368606 1.684994 0.499722453 0 -0.866185586 0 0
-3.004304 0.368606 1.663239 0.499722453 0 0.866185586 0 0
-3.003394 0.35457 1.662714 0.499722453 0 0.866185586 0 0
-3.003394 0.369119 1.662714 0.499722453 0 0.866185586 0 0
-3.004304 0.368606 1.663239 0.499722453 0 0.866185586 0 0
-3.004304 0.354671 1.663239 0.499722453 0 0.866185586 0 0
-3.003394 0.35457 1.662714 0.499722453 0 0.866185586 0 0
-3.003394 0.35457 1.676377 0.499722453 0 0.866185586 0 0
-3.004304 0.347594 1.676902 0.499722453 0 0.866185586 0 0
-3.003394 0.347182 1.676377 0.499722453 0 0.866185586 0 0
-3.003394 0.35457 1.676377 0.499722453 0 0.866185586 0 0
-3.004304 0.354671 1.676902 0.499722453 0 0.866185586 0 0
-3.004304 0.347594 1.676902 0.499722453 0 0.866185586 0 0
-3.004304 0.347594 1.671331 0.499007791 0 -0.866597499 0 0
-3.003394 0.35457 1.671855 0.499007791 0 -0.866597499 0 0
-3.003394 0.347182 1.671855 0.499007791 0 -0.866597499 0 0
-3.004304 0.347594 1.671331 0.499007791 0 -0.866597499 0 0
-3.004304 0.354671 1.671331 0.499007791 0 -0.866597499 0 0
-3.003394 0.35457 1.671855 0.499007791 0 -0.866597499 0 0
-3.003394 0.369119 1.676377 0.499722453 0 0.866185586 0 0
-3.004304 0.354671 1.676902 0.499722453 0 0.866185586 0 0
-3.003394 0.35457 1.676377 0.499722453 0 0.866185586 0 0
-3.003394 0.369119 1.676377 0.499722453 0 0.866185586 0 0
-3.004304 0.368606 1.676902 0.499722453 0 0.866185586 0 0
-3.004304 0.354671 1.676902 0.499722453 0 0.866185586 0 0
-3.004304 0.354671 1.671331 0.499007791 0 -0.866597499 0 0
-3.003394 0.369119 1.671855 0.499007791 0 -0.866597499 0 0
-3.003394 0.35457 1.671855 0.499007791 0 -0.866597499 0 0
-3.004304 0.354671 1.671331 0.499007791 0 -0.866597499 0 0
-3.004304 0.368606 1.671331 0.499007791 0 -0.866597499 0 0
-3.003394 0.369119 1.671855 0.499007791 0 -0.866597499 0 0
-3.003394 0.347182 1.676377 0.412444855 0.910982569 -0 0 0
-3.004304 0.347594 1.684994 0.412444855 0.910982569 -0 0 0
-3.003394 0.347182 1.685519 0.412444855 0.910982569 -0 0 0
-3.003394 0.347182 1.676377 0.412444855 0.910982569 0 0 0
-3.004304 0.347594 1.676902 0.412444855 0.910982569 0 0 0
-3.004304 0.347594 1.684994 0.412444855 0.910982569 0 0 0
-3.004304 0.347594 1.663239 0.412444855 0.910982569 0 0 0
-3.003394 0.347182 1.671855 0.412444855 0.910982569 0 0 0
-3.003394 0.347182 1.662714 0.412444855 0.910982569 0 0 0
-3.004304 0.347594 1.663239 0.412444855 0.910982569 -0 0 0
-3.004304 0.347594 1.671331 0.412444855 0.910982569 -0 0 0
-3.003394 0.347182 1.671855 0.412444855 0.910982569 -0 0 0
-3.003394 0.369119 1.685519 0.491079105 -0.871114982 0 0 0
-3.004304 0.368606 1.676902 0.491079105 -0.871114982 0 0 0
-3.003394 0.369119 1.676377 0.491079105 -0.871114982 0 0 0
-3.003394 0.369119 1.685519 0.491079105 -0.871114982 0 0 0
-3.004304 0.368606 1.684994 0.491079105 -0.871114982 0 0 0
-3.004304 0.368606 1.676902 0.491079105 -0.871114982 0 0 0
-3.004304 0.368606 1.671331 0.491079105 -0.871114982 0 0 0
-3.003394 0.369119 1.662714 0.491079105 -0.871114982 0 0 0
-3.003394 0.369119 1.671855 0.491079105 -0.871114982 0 0 0
-3.004304 0.368606 1.671331 0.491079105 -0.871114982 0 0 0
-3.004304 0.368606 1.663239 0.491079105 -0.871114982 0 0 0
-3.003394 0.369119 1.662714 0.491079105 -0.871114982 0 0 0
-3.003394 0.35457 1.710732 0.514495755 -0.857492926 0 0 0
-3.004304 0.354024 1.706403 0.514495755 -0.857492926 0 0 0
-3.003394 0.35457 1.705833 0.514495755 -0.857492926 0 0 0
-3.003394 0.35457 1.710732 0.514495755 -0.857492926 0 0 0
-3.004304 0.354024 1.710162 0.514495755 -0.857492926 0 0 0
-3.004304 0.354024 1.706403 0.514495755 -0.857492926 0 0 0
-3.004304 0.354024 1.641829 0.514495755 -0.857492926 0 0 0
-3.003394 0.35457 1.637501 0.514495755 -0.857492926 0 0 0
-3.003394 0.35457 1.642399 0.514495755 -0.857492926 0 0 0
-3.004304 0.354024 1.641829 0.514495755 -0.857492926 0 0 0
-3.004304 0.354024 1.638071 0.514495755 -0.857492926 0 0 0
-3.003394 0.35457 1.637501 0.514495755 -0.857492926 0 0 0
-3.003394 0.345519 1.710732 0.530835797 0 -0.847474694 0 0
-3.004304 0.354024 1.710162 0.530835797 0 -0.847474694 0 0
-3.003394 0.35457 1.710732 0.530835797 0 -0.847474694 0 0
-3.003394 0.345519 1.710732 0.530835797 0 -0.847474694 0 0
-3.004304 0.346065 1.710162 0.530835797 0 -0.847474694 0 0
-3.004304 0.354024 1.710162 0.530835797 0 -0.847474694 0 0
-3.004304 0.354024 1.638071 0.530835797 0 0.847474694 0 0
-3.003394 0.345519 1.637501 0.530835797 0 0.847474694 0 0
-3.003394 0.35457 1.637501 0.530835797 0 0.847474694 0 0
-3.004304 0.354024 1.638071 0.530835797 0 0.847474694 0 0
-3.004304 0.346065 1.638071 0.530835797 0 0.847474694 0 0
-3.003394 0.345519 1.637501 0.530835797 0 0.847474694 0 0
-3.003394 0.35457 1.705833 0.530835797 0 0.847474694 0 0
-3.004304 0.346065 1.706403 0.530835797 0 0.847474694 0 0
-3.003394 0.345519 1.705833 0.530835797 0 0.847474694 0 0
-3.003394 0.35457 1.705833 0.530835797 0 0.847474694 0 0
-3.004304 0.354024 1.706403 0.530835797 0 0.847474694 0 0
-3.004304 0.346065 1.706403 0.530835797 0 0.847474694 0 0
-3.004304 0.346065 1.641829 0.530835797 0 -0.847474694 0 0
-3.003394 0.35457 1.642399 0.530835797 0 -0.847474694 0 0
-3.003394 0.345519 1.642399 0.530835797 0 -0.847474694 0 0
-3.004304 0.346065 1.641829 0.530835797 0 -0.847474694 0 0
-3.004304 0.354024 1.641829 0.530835797 0 -0.847474694 0 0
-3.003394 0.35457 1.642399 0.530835797 0 -0.847474694 0 0
-3.003394 0.345519 1.705833 0.514495755 0.857492926 -0 0 0
-3.004304 0.346065 1.710162 0.514495755 0.857492926 -0 0 0
-3.003394 0.345519 1.710732 0.514495755 0.857492926 -0 0 0
-3.003394 0.345519 1.705833 0.514495755 0.857492926 0 0 0
-3.004304 0.346065 1.706403 0.514495755 0.857492926 0 0 0
-3.004304 0.346065 1.710162 0.514495755 0.857492926 0 0 0
-3.004304 0.346065 1.638071 0.514495755 0.857492926 0 0 0
-3.003394 0.345519 1.642399 0.514495755 0.857492926 0 0 0
-3.003394 0.345519 1.637501 0.514495755 0.857492926 0 0 0
-3.004304 0.346065 1.638071 0.514495755 0.857492926 -0 0 0
-3.004304 0.346065 1.641829 0.514495755 0.857492926 -0 0 0
-3.003394 0.345519 1.642399 0.514495755 0.857492926 -0 0 0
-3.003394 0.327759 1.694999 0.460431056 0.887695467 -0 0 0
-3.004304 0.328231 1.701818 0.460431056 0.887695467 -0 0 0
-3.003394 0.327759 1.702402 0.460431056 0.887695467 -0 0 0
-3.003394 0.327759 1.694999 0.460431056 0.887695467 0 0 0
-3.004304 0.328231 1.695583 0.460431056 0.887695467 0 0 0
-3.004304 0.328231 1.701818 0.460431056 0.887695467 0 0 0
-3.004304 0.328231 1.646414 0.460431056 0.887695467 0 0 0
-3.003394 0.327759 1.653234 0.460431056 0.887695467 0 0 0
-3.003394 0.327759 1.64583 0.460431056 0.887695467 0 0 0
-3.004304 0.328231 1.646414 0.460431056 0.887695467 -0 0 0
-3.004304 0.328231 1.65265 0.460431056 0.887695467 -0 0 0
-3.003394 0.327759 1.653234 0.460431056 0.887695467 -0 0 0
-3.003394 0.327759 1.702402 0.540103033 0 -0.841598903 0 0
-3.004304 0.332086 1.701818 0.540103033 0 -0.841598903 0 0
-3.003394 0.332557 1.702402 0.540103033 0 -0.841598903 0 0
-3.003394 0.327759 1.702402 0.540103033 0 -0.841598903 0 0
-3.004304 0.328231 1.701818 0.540103033 0 -0.841598903 0 0
-3.004304 0.332086 1.701818 0.540103033 0 -0.841598903 0 0
-3.004304 0.332086 1.646414 0.540103033 0 0.841598903 0 0
-3.003394 0.327759 1.64583 0.540103033 0 0.841598903 0 0
-3.003394 0.332557 1.64583 0.540103033 0 0.841598903 0 0
-3.004304 0.332086 1.646414 0.540103033 0 0.841598903 0 0
-3.004304 0.328231 1.646414 0.540103033 0 0.841598903 0 0
-3.003394 0.327759 1.64583 0.540103033 0 0.841598903 0 0
-3.003394 0.332557 1.694999 0.540103033 0 0.841598903 0 0
-3.004304 0.328231 1.695583 0.540103033 0 0.841598903 0 0
-3.003394 0.327759 1.694999 0.540103033 0 0.841598903 0 0
-3.003394 0.332557 1.694999 0.540103033 0 0.841598903 0 0
-3.004304 0.332086 1.695583 0.540103033 0 0.841598903 0 0
-3.004304 0.328231 1.695583 0.540103033 0 0.841598903 0 0
-3.004304 0.328231 1.65265 0.540103033 0 -0.841598903 0 0
-3.003394 0.332557 1.653234 0.540103033 0 -0.841598903 0 0
-3.003394 0.327759 1.653234 0.540103033 0 -0.841598903 0 0
-3.004304 0.328231 1.65265 0.540103033 0 -0.841598903 0 0
-3.004304 0.332086 1.65265 0.540103033 0 -0.841598903 0 0
-3.003394 0.332557 1.653234 0.540103033 0 -0.841598903 0 0
-3.003394 0.332557 1.702402 0.459661849 -0.888094018 0 0 0
-3.004304 0.332086 1.695583 0.459661849 -0.888094018 0 0 0
-3.003394 0.332557 1.694999 0.459661849 -0.888094018 0 0 0
-3.003394 0.332557 1.702402 0.459661849 -0.888094018 0 0 0
-3.004304 0.332086 1.701818 0.459661849 -0.888094018 0 0 0
-3.004304 0.332086 1.695583 0.459661849 -0.888094018 0 0 0
-3.004304 0.332086 1.65265 0.459661849 -0.888094018 0 0 0
-3.003394 0.332557 1.64583 0.459661849 -0.888094018 0 0 0
-3.003394 0.332557 1.653234 0.459661849 -0.888094018 0 0 0
-3.004304 0.332086 1.65265 0.459661849 -0.888094018 0 0 0
-3.004304 0.332086 1.646414 0.459661849 -0.888094018 0 0 0
-3.003394 0.332557 1.64583 0.459661849 -0.888094018 0 0 0
-3.003394 0.327759 1.714742 0.430472525 0.902603681 -0 0 0
-3.004304 0.328193 1.72133 0.430472525 0.902603681 -0 0 0
-3.003394 0.327759 1.721834 0.430472525 0.902603681 -0 0 0
-3.003394 0.327759 1.714742 0.430472525 0.902603681 0 0 0
-3.004304 0.328193 1.715246 0.430472525 0.902603681 0 0 0
-3.004304 0.328193 1.72133 0.430472525 0.902603681 0 0 0
-3.004304 0.328193 1.626903 0.430472525 0.902603681 0 0 0
-3.003394 0.327759 1.633491 0.430472525 0.902603681 0 0 0
-3.003394 0.327759 1.626399 0.430472525 0.902603681 0 0 0
-3.004304 0.328193 1.626903 0.430472525 0.902603681 -0 0 0
-3.004304 0.328193 1.632987 0.430472525 0.902603681 -0 0 0
-3.003394 0.327759 1.633491 0.430472525 0.902603681 -0 0 0
-3.003394 0.327759 1.721834 0.484499828 0 -0.874791356 0 0
-3.004304 0.332124 1.72133 0.484499828 0 -0.874791356 0 0
-3.003394 0.332557 1.721834 0.484499828 0 -0.874791356 0 0
-3.003394 0.327759 1.721834 0.484499828 0 -0.874791356 0 0
-3.004304 0.328193 1.72133 0.484499828 0 -0.874791356 0 0
-3.004304 0.332124 1.72133 0.484499828 0 -0.874791356 0 0
-3.004304 0.332124 1.626903 0.484499828 0 0.874791356 0 0
-3.003394 0.327759 1.626399 0.484499828 0 0.874791356 0 0
-3.003394 0.332557 1.626399 0.484499828 0 0.874791356 0 0
-3.004304 0.332124 1.626903 0.484499828 0 0.874791356 0 0
-3.004304 0.328193 1.626903 0.484499828 0 0.874791356 0 0
-3.003394 0.327759 1.626399 0.484499828 0 0.874791356 0 0
-3.003394 0.332557 1.714742 0.484499828 0 0.874791356 0 0
-3.004304 0.328193 1.715246 0.484499828 0 0.874791356 0 0
-3.003394 0.327759 1.714742 0.484499828 0 0.874791356 0 0
-3.003394 0.332557 1.714742 0.484499828 0 0.874791356 0 0
-3.004304 0.332124 1.715246 0.484499828 0 0.874791356 0 0
-3.004304 0.328193 1.715246 0.484499828 0 0.874791356 0 0
-3.004304 0.328193 1.632987 0.484499828 0 -0.874791356 0 0
-3.003394 0.332557 1.633491 0.484499828 0 -0.874791356 0 0
-3.003394 0.327759 1.633491 0.484499828 0 -0.874791356 0 0
-3.004304 0.328193 1.632987 0.484499828 0 -0.874791356 0 0
-3.004304 0.332124 1.632987 0.484499828 0 -0.874791356 0 0
-3.003394 0.332557 1.633491 0.484499828 0 -0.874791356 0 0
-3.003394 0.332557 1.721834 0.429663936 -0.902988872 0 0 0
-3.004304 0.332124 1.715246 0.429663936 -0.902988872 0 0 0
-3.003394 0.332557 1.714742 0.429663936 -0.902988872 0 0 0
-3.003394 0.332557 1.721834 0.429663936 -0.902988872 0 0 0
-3.004304 0.332124 1.72133 0.429663936 -0.902988872 0 0 0
-3.004304 0.332124 1.715246 0.429663936 -0.902988872 0 0 0
-3.004304 0.332124 1.632987 0.429663936 -0.902988872 0 0 0
-3.003394 0.332557 1.626399 0.429663936 -0.902988872 0 0 0
-3.003394 0.332557 1.633491 0.429663936 -0.902988872 0 0 0
-3.004304 0.332124 1.632987 0.429663936 -0.902988872 0 0 0
-3.004304 0.332124 1.626903 0.429663936 -0.902988872 0 0 0
-3.003394 0.332557 1.626399 0.429663936 -0.902988872 0 0 0
-3.004304 0.332124 1.72133 0 -1 -0 0 0
-3.007336 0.332124 1.715246 0 -1 -0 0 0
-3.004304 0.332124 1.715246 0 -1 -0 0 0
-3.004304 0.332124 1.72133 -0 -1 0 0 0
-3.007336 0.332124 1.72133 -0 -1 0 0 0
-3.007336 0.332124 1.715246 -0 -1 0 0 0
-3.007336 0.332124 1.632987 0 -1 0 0 0
-3.004304 0.332124 1.626903 0 -1 0 0 0
-3.004304 0.332124 1.632987 0 -1 0 0 0
-3.007336 0.332124 1.632987 0 -1 0 0 0
-3.007336 0.332124 1.626903 0 -1 0 0 0
-3.004304 0.332124 1.626903 0 -1 0 0 0
-3.004304 0.332124 1.715246 0 0 1 0 0
-3.007336 0.328193 1.715246 0 0 1 0 0
-3.004304 0.328193 1.715246 0 0 1 0 0
-3.004304 0.332124 1.715246 0 0 1 0 0
-3.007336 0.332124 1.715246 0 0 1 0 0
-3.007336 0.328193 1.715246 0 0 1 0 0
-3.007336 0.328193 1.632987 0 0 -1 0 0
-3.004304 0.332124 1.632987 0 0 -1 0 0
-3.004304 0.328193 1.632987 0 0 -1 0 0
-3.007336 0.328193 1.632987 0 0 -1 0 0
-3.007336 0.332124 1.632987 0 0 -1 0 0
-3.004304 0.332124 1.632987 0 0 -1 0 0
-3.004304 0.328193 1.72133 0 0 -1 0 0
-3.007336 0.332124 1.72133 0 0 -1 0 0
-3.004304 0.332124 1.72133 0 0 -1 0 0
-3.004304 0.328193 1.72133 0 0 -1 0 0
-3.007336 0.328193 1.72133 0 0 -1 0 0
-3.007336 0.332124 1.72133 0 0 -1 0 0
-3.007336 0.332124 1.626903 -0 0 1 0 0
-3.004304 0.328193 1.626903 -0 0 1 0 0
-3.004304 0.332124 1.626903 -0 0 1 0 0
-3.007336 0.332124 1.626903 0 0 1 0 0
-3.007336 0.328193 1.626903 0 0 1 0 0
-3.004304 0.328193 1.626903 0 0 1 0 0
-3.004304 0.328193 1.715246 0 1 -0 0 0
-3.007336 0.328193 1.72133 0 1 -0 0 0
-3.004304 0.328193 1.72133 0 1 -0 0 0
-3.004304 0.328193 1.715246 0 1 0 0 0
-3.007336 0.328193 1.715246 0 1 0 0 0
-3.007336 0.328193 1.72133 0 1 0 0 0
-3.007336 0.328193 1.626903 0 1 0 0 0
-3.004304 0.328193 1.632987 0 1 0 0 0
-3.004304 0.328193 1.626903 0 1 0 0 0
-3.007336 0.328193 1.626903 0 1 0 0 0
-3.007336 0.328193 1.632987 0 1 0 0 0
-3.004304 0.328193 1.632987 0 1 0 0 0
-3.004304 0.332086 1.701818 0 -1 -0 0 0
-3.007336 0.332086 1.695583 0 -1 -0 0 0
-3.004304 0.332086 1.695583 0 -1 -0 0 0
-3.004304 0.332086 1.701818 -0 -1 0 0 0
-3.007336 0.332086 1.701818 -0 -1 0 0 0
-3.007336 0.332086 1.695583 -0 -1 0 0 0
-3.007336 0.332086 1.65265 0 -1 0 0 0
-3.004304 0.332086 1.646414 0 -1 0 0 0
-3.004304 0.332086 1.65265 0 -1 0 0 0
-3.007336 0.332086 1.65265 0 -1 0 0 0
-3.007336 0.332086 1.646414 0 -1 0 0 0
-3.004304 0.332086 1.646414 0 -1 0 0 0
-3.004304 0.332086 1.695583 0 0 1 0 0
-3.007336 0.328231 1.695583 0 0 1 0 0
-3.004304 0.328231 1.695583 0 0 1 0 0
-3.004304 0.332086 1.695583 0 0 1 0 0
-3.007336 0.332086 1.695583 0 0 1 0 0
-3.007336 0.328231 1.695583 0 0 1 0 0
-3.007336 0.328231 1.65265 0 0 -1 0 0
-3.004304 0.332086 1.65265 0 0 -1 0 0
-3.004304 0.328231 1.65265 0 0 -1 0 0
-3.007336 0.328231 1.65265 0 0 -1 0 0
-3.007336 0.332086 1.65265 0 0 -1 0 0
-3.004304 0.332086 1.65265 0 0 -1 0 0
-3.004304 0.328231 1.701818 0 0 -1 0 0
-3.007336 0.332086 1.701818 0 0 -1 0 0
-3.004304 0.332086 1.701818 0 0 -1 0 0
-3.004304 0.328231 1.701818 0 0 -1 0 0
-3.007336 0.328231 1.701818 0 0 -1 0 0
-3.007336 0.332086 1.701818 0 0 -1 0 0
-3.007336 0.332086 1.646414 -0 0 1 0 0
-3.004304 0.328231 1.646414 -0 0 1 0 0
-3.004304 0.332086 1.646414 -0 0 1 0 0
-3.007336 0.332086 1.646414 0 0 1 0 0
-3.007336 0.328231 1.646414 0 0 1 0 0
-3.004304 0.328231 1.646414 0 0 1 0 0
-3.004304 0.328231 1.695583 0 1 -0 0 0
-3.007336 0.328231 1.701818 0 1 -0 0 0
-3.004304 0.328231 1.701818 0 1 -0 0 0
-3.004304 0.328231 1.695583 0 1 0 0 0
-3.007336 0.328231 1.695583 0 1 0 0 0
-3.007336 0.328231 1.701818 0 1 0 0 0
-3.007336 0.328231 1.646414 0 1 0 0 0
-3.004304 0.328231 1.65265 0 1 0 0 0
-3.004304 0.328231 1.646414 0 1 0 0 0
-3.007336 0.328231 1.646414 0 1 0 0 0
-3.007336 0.328231 1.65265 0 1 0 0 0
-3.004304 0.328231 1.65265 0 1 0 0 0
-3.004304 0.346065 1.706403 0 1 -0 0 0
-3.007336 0.346065 1.710162 0 1 -0 0 0
-3.004304 0.346065 1.710162 0 1 -0 0 0
-3.004304 0.346065 1.706403 0 1 0 0 0
-3.007336 0.346065 1.706403 0 1 0 0 0
-3.007336 0.346065 1.710162 0 1 0 0 0
-3.007336 0.346065 1.638071 0 1 0 0 0
-3.004304 0.346065 1.641829 0 1 0 0 0
-3.004304 0.346065 1.638071 0 1 0 0 0
-3.007336 0.346065 1.638071 0 1 0 0 0
-3.007336 0.346065 1.641829 0 1 0 0 0
-3.004304 0.346065 1.641829 0 1 0 0 0
-3.004304 0.354024 1.706403 0 0 1 0 0
-3.007336 0.346065 1.706403 0 0 1 0 0
-3.004304 0.346065 1.706403 0 0 1 0 0
-3.004304 0.354024 1.706403 0 0 1 0 0
-3.007336 0.354024 1.706403 0 0 1 0 0
-3.007336 0.346065 1.706403 0 0 1 0 0
-3.007336 0.346065 1.641829 0 0 -1 0 0
-3.004304 0.354024 1.641829 0 0 -1 0 0
-3.004304 0.346065 1.641829 0 0 -1 0 0
-3.007336 0.346065 1.641829 0 0 -1 0 0
-3.007336 0.354024 1.641829 0 0 -1 0 0
-3.004304 0.354024 1.641829 0 0 -1 0 0
-3.004304 0.346065 1.710162 0 0 -1 0 0
-3.007336 0.354024 1.710162 0 0 -1 0 0
-3.004304 0.354024 1.710162 0 0 -1 0 0
-3.004304 0.346065 1.710162 0 0 -1 0 0
-3.007336 0.346065 1.710162 0 0 -1 0 0
-3.007336 0.354024 1.710162 0 0 -1 0 0
-3.007336 0.354024 1.638071 -0 0 1 0 0
-3.004304 0.346065 1.638071 -0 0 1 0 0
-3.004304 0.354024 1.638071 -0 0 1 0 0
-3.007336 0.354024 1.638071 0 0 1 0 0
-3.007336 0.346065 1.638071 0 0 1 0 0
-3.004304 0.346065 1.638071 0 0 1 0 0
-3.004304 0.354024 1.710162 0 -1 -0 0 0
-3.007336 0.354024 1.706403 0 -1 -0 0 0
-3.004304 0.354024 1.706403 0 -1 -0 0 0
-3.004304 0.354024 1.710162 -0 -1 0 0 0
-3.007336 0.354024 1.710162 -0 -1 0 0 0
-3.007336 0.354024 1.706403 -0 -1 0 0 0
-3.007336 0.354024 1.641829 0 -1 0 0 0
-3.004304 0.354024 1.638071 0 -1 0 0 0
-3.004304 0.354024 1.641829 0 -1 0 0 0
-3.007336 0.354024 1.641829 0 -1 0 0 0
-3.007336 0.354024 1.638071 0 -1 0 0 0
-3.004304 0.354024 1.638071 0 -1 0 0 0
-3.004304 0.368606 1.684994 0 -1 -0 0 0
-3.007336 0.368606 1.676902 0 -1 -0 0 0
-3.004304 0.368606 1.676902 0 -1 -0 0 0
-3.004304 0.368606 1.684994 -0 -1 0 0 0
-3.007336 0.368606 1.684994 -0 -1 0 0 0
-3.007336 0.368606 1.676902 -0 -1 0 0 0
-3.007336 0.368606 1.671331 0 -1 0 0 0
-3.004304 0.368606 1.663239 0 -1 0 0 0
-3.004304 0.368606 1.671331 0 -1 0 0 0
-3.007336 0.368606 1.671331 0 -1 0 0 0
-3.007336 0.368606 1.663239 0 -1 0 0 0
-3.004304 0.368606 1.663239 0 -1 0 0 0
-3.004304 0.347594 1.676902 0 1 -0 0 0
-3.007336 0.347594 1.684994 0 1 -0 0 0
-3.004304 0.347594 1.684994 0 1 -0 0 0
-3.004304 0.347594 1.676902 0 1 0 0 0
-3.007336 0.347594 1.676902 0 1 0 0 0
-3.007336 0.347594 1.684994 0 1 0 0 0
-3.007336 0.347594 1.663239 0 1 0 0 0
-3.004304 0.347594 1.671331 0 1 0 0 0
-3.004304 0.347594 1.663239 0 1 0 0 0
-3.007336 0.347594 1.663239 0 1 0 0 0
-3.007336 0.347594 1.671331 0 1 0 0 0
-3.004304 0.347594 1.671331 0 1 0 0 0
-3.004304 0.368606 1.676902 0 0 1 0 0
-3.007336 0.354671 1.676902 0 0 1 0 0
-3.004304 0.354671 1.676902 0 0 1 0 0
-3.004304 0.368606 1.676902 0 0 1 0 0
-3.007336 0.368606 1.676902 0 0 1 0 0
-3.007336 0.354671 1.676902 0 0 1 0 0
-3.007336 0.354671 1.671331 0 0 -1 0 0
-3.004304 0.368606 1.671331 0 0 -1 0 0
-3.004304 0.354671 1.671331 0 0 -1 0 0
-3.007336 0.354671 1.671331 0 0 -1 0 0
-3.007336 0.368606 1.671331 0 0 -1 0 0
-3.004304 0.368606 1.671331 0 0 -1 0 0
-3.004304 0.354671 1.676902 0 0 1 0 0
-3.007336 0.347594 1.676902 0 0 1 0 0
-3.004304 0.347594 1.676902 0 0 1 0 0
-3.004304 0.354671 1.676902 0 0 1 0 0
-3.007336 0.354671 1.676902 0 0 1 0 0
-3.007336 0.347594 1.676902 0 0 1 0 0
-3.007336 0.347594 1.671331 0 0 -1 0 0
-3.004304 0.354671 1.671331 0 0 -1 0 0
-3.004304 0.347594 1.671331 0 0 -1 0 0
-3.007336 0.347594 1.671331 0 0 -1 0 0
-3.007336 0.354671 1.671331 0 0 -1 0 0
-3.004304 0.354671 1.671331 0 0 -1 0 0
-3.004304 0.354671 1.684994 0 0 -1 0 0
-3.007336 0.368606 1.684994 0 0 -1 0 0
-3.004304 0.368606 1.684994 0 0 -1 0 0
-3.004304 0.354671 1.684994 0 0 -1 0 0
-3.007336 0.354671 1.684994 0 0 -1 0 0
-3.007336 0.368606 1.684994 0 0 -1 0 0
-3.007336 0.368606 1.663239 -0 0 1 0 0
-3.004304 0.354671 1.663239 -0 0 1 0 0
-3.004304 0.368606 1.663239 -0 0 1 0 0
-3.007336 0.368606 1.663239 0 0 1 0 0
-3.007336 0.354671 1.663239 0 0 1 0 0
-3.004304 0.354671 1.663239 0 0 1 0 0
-3.004304 0.347594 1.684994 0 0 -1 0 0
-3.007336 0.354671 1.684994 0 0 -1 0 0
-3.004304 0.354671 1.684994 0 0 -1 0 0
-3.004304 0.347594 1.684994 0 0 -1 0 0
-3.007336 0.347594 1.684994 0 0 -1 0 0
-3.007336 0.354671 1.684994 0 0 -1 0 0
-3.007336 0.354671 1.663239 -0 0 1 0 0
-3.004304 0.347594 1.663239 -0 0 1 0 0
-3.004304 0.354671 1.663239 -0 0 1 0 0
-3.007336 0.354671 1.663239 0 0 1 0 0
-3.007336 0.347594 1.663239 0 0 1 0 0
-3.004304 0.347594 1.663239 0 0 1 0 0
-3.003394 0.338969 1.740474 0.823329289 0 0.567563989 0 0
-3.004022 0.342599 1.741385 0.823329289 0 0.567563989 0 0
-3.004022 0.338831 1.741385 0.823329289 0 0.567563989 0 0
-3.003394 0.338969 1.740474 0.823329289 -0 0.567563989 0 0
-3.003394 0.342633 1.740474 0.823329289 -0 0.567563989 0 0
-3.004022 0.342599 1.741385 0.823329289 -0 0.567563989 0 0
-3.004022 0.342599 1.606848 0.164908335 0 -0.986308897 0 0
-3.003394 0.338851 1.606953 0.164908335 0 -0.986308897 0 0
-3.004022 0.338831 1.606848 0.164908335 0 -0.986308897 0 0
-3.004022 0.342599 1.606848 0.164908335 0 -0.986308897 0 0
-3.003394 0.34261 1.606953 0.164908335 0 -0.986308897 0 0
-3.003394 0.338851 1.606953 0.164908335 0 -0.986308897 0 0
-3.004022 0.338831 1.741385 0.164161901 0 0.986433409 0 0
-3.008745 0.342522 1.742171 0.164161901 0 0.986433409 0 0
-3.008745 0.338688 1.742171 0.164161901 0 0.986433409 0 0
-3.004022 0.338831 1.741385 0.164161901 -0 0.986433409 0 0
-3.004022 0.342599 1.741385 0.164161901 -0 0.986433409 0 0
-3.008745 0.342522 1.742171 0.164161901 -0 0.986433409 0 0
-3.008745 0.342522 1.606062 0.164161901 0 -0.986433409 0 0
-3.004022 0.338831 1.606848 0.164161901 0 -0.986433409 0 0
-3.008745 0.338688 1.606062 0.164161901 0 -0.986433409 0 0
-3.008745 0.342522 1.606062 0.164161901 0 -0.986433409 0 0
-3.004022 0.342599 1.606848 0.164161901 0 -0.986433409 0 0
-3.004022 0.338831 1.606848 0.164161901 0 -0.986433409 0 0
-3.003394 0.342633 1.740474 0.823329289 0 0.567563989 0 0
-3.004022 0.346451 1.741385 0.823329289 0 0.567563989 0 0
-3.004022 0.342599 1.741385 0.823329289 0 0.567563989 0 0
-3.003394 0.342633 1.740474 0.823329289 -0 0.567563989 0 0
-3.003394 0.346378 1.740474 0.823329289 -0 0.567563989 0 0
-3.004022 0.346451 1.741385 0.823329289 -0 0.567563989 0 0
-3.004022 0.346451 1.606848 0.164908335 0 -0.986308897 0 0
-3.003394 0.34261 1.606953 0.164908335 0 -0.986308897 0 0
-3.004022 0.342599 1.606848 0.164908335 0 -0.986308897 0 0
-3.004022 0.346451 1.606848 0.164908335 0 -0.986308897 0 0
-3.003394 0.346452 1.606953 0.164908335 0 -0.986308897 0 0
-3.003394 0.34261 1.606953 0.164908335 0 -0.986308897 0 0
-3.004022 0.342599 1.741385 0.164161901 0 0.986433409 0 0
-3.008745 0.346443 1.742171 0.164161901 0 0.986433409 0 0
-3.008745 0.342522 1.742171 0.164161901 0 0.986433409 0 0
-3.004022 0.342599 1.741385 0.164161901 -0 0.986433409 0 0
-3.004022 0.346451 1.741385 0.164161901 -0 0.986433409 0 0
-3.008745 0.346443 1.742171 0.164161901 -0 0.986433409 0 0
-3.008745 0.346443 1.606062 0.164161901 0 -0.986433409 0 0
-3.004022 0.342599 1.606848 0.164161901 0 -0.986433409 0 0
-3.008745 0.342522 1.606062 0.164161901 0 -0.986433409 0 0
-3.008745 0.346443 1.606062 0.164161901 0 -0.986433409 0 0
-3.004022 0.346451 1.606848 0.164161901 0 -0.986433409 0 0
-3.004022 0.342599 1.606848 0.164161901 0 -0.986433409 0 0
-3.003394 0.346378 1.740474 0.823329289 0 0.567563989 0 0
-3.004022 0.354588 1.741385 0.823329289 0 0.567563989 0 0
-3.004022 0.346451 1.741385 0.823329289 0 0.567563989 0 0
-3.003394 0.346378 1.740474 0.823329289 -0 0.567563989 0 0
-3.003394 0.35429 1.740474 0.823329289 -0 0.567563989 0 0
-3.004022 0.354588 1.741385 0.823329289 -0 0.567563989 0 0
-3.004022 0.354588 1.606848 0.164908335 0 -0.986308897 0 0
-3.003394 0.346452 1.606953 0.164908335 0 -0.986308897 0 0
-3.004022 0.346451 1.606848 0.164908335 0 -0.986308897 0 0
-3.004022 0.354588 1.606848 0.164908335 0 -0.986308897 0 0
-3.003394 0.35457 1.606953 0.164908335 0 -0.986308897 0 0
-3.003394 0.346452 1.606953 0.164908335 0 -0.986308897 0 0
-3.004022 0.346451 1.741385 0.164161901 0 0.986433409 0 0
-3.008745 0.354724 1.742171 0.164161901 0 0.986433409 0 0
-3.008745 0.346443 1.742171 0.164161901 0 0.986433409 0 0
-3.004022 0.346451 1.741385 0.164161901 -0 0.986433409 0 0
-3.004022 0.354588 1.741385 0.164161901 -0 0.986433409 0 0
-3.008745 0.354724 1.742171 0.164161901 -0 0.986433409 0 0
-3.008745 0.354724 1.606062 0.164161901 0 -0.986433409 0 0
-3.004022 0.346451 1.606848 0.164161901 0 -0.986433409 0 0
-3.008745 0.346443 1.606062 0.164161901 0 -0.986433409 0 0
-3.008745 0.354724 1.606062 0.164161901 0 -0.986433409 0 0
-3.004022 0.354588 1.606848 0.164161901 0 -0.986433409 0 0
-3.004022 0.346451 1.606848 0.164161901 0 -0.986433409 0 0
-3.003394 0.35429 1.740474 0.823329289 0 0.567563989 0 0
-3.004022 0.369171 1.741385 0.823329289 0 0.567563989 0 0
-3.004022 0.354588 1.741385 0.823329289 0 0.567563989 0 0
-3.003394 0.35429 1.740474 0.823329289 -0 0.567563989 0 0
-3.003394 0.36847 1.740474 0.823329289 -0 0.567563989 0 0
-3.004022 0.369171 1.741385 0.823329289 -0 0.567563989 0 0
-3.004022 0.369171 1.606848 0.164908335 0 -0.986308897 0 0
-3.003394 0.35457 1.606953 0.164908335 0 -0.986308897 0 0
-3.004022 0.354588 1.606848 0.164908335 0 -0.986308897 0 0
-3.004022 0.369171 1.606848 0.164908335 0 -0.986308897 0 0
-3.003394 0.369119 1.606953 0.164908335 0 -0.986308897 0 0
-3.003394 0.35457 1.606953 0.164908335 0 -0.986308897 0 0
-3.004022 0.354588 1.741385 0.164161901 0 0.986433409 0 0
-3.008745 0.369565 1.742171 0.164161901 0 0.986433409 0 0
-3.008745 0.354724 1.742171 0.164161901 0 0.986433409 0 0
-3.004022 0.354588 1.741385 0.164161901 -0 0.986433409 0 0
-3.004022 0.369171 1.741385 0.164161901 -0 0.986433409 0 0
-3.008745 0.369565 1.742171 0.164161901 -0 0.986433409 0 0
-3.008745 0.369565 1.606062 0.164161901 0 -0.986433409 0 0
-3.004022 0.354588 1.606848 0.164161901 0 -0.986433409 0 0
-3.008745 0.354724 1.606062 0.164161901 0 -0.986433409 0 0
-3.008745 0.369565 1.606062 0.164161901 0 -0.986433409 0 0
-3.004022 0.369171 1.606848 0.164161901 0 -0.986433409 0 0
-3.004022 0.354588 1.606848 0.164161901 0 -0.986433409 0 0
-3.003394 0.378529 1.727285 0.843696684 0.53682018 0 0 0
-3.004022 0.379516 1.724185 0.843696684 0.53682018 0 0 0
-3.004022 0.379516 1.727978 0.843696684 0.53682018 0 0 0
-3.003394 0.378529 1.727285 0.843696684 0.53682018 0 0 0
-3.003394 0.378529 1.723553 0.843696684 0.53682018 0 0 0
-3.004022 0.379516 1.724185 0.843696684 0.53682018 0 0 0
-3.004022 0.379516 1.624048 0.843696684 0.53682018 0 0 0
-3.003394 0.378529 1.621187 0.843696684 0.53682018 0 0 0
-3.004022 0.379516 1.620255 0.843696684 0.53682018 0 0 0
-3.004022 0.379516 1.624048 0.843696684 0.53682018 0 0 0
-3.003394 0.378529 1.624919 0.843696684 0.53682018 0 0 0
-3.003394 0.378529 1.621187 0.843696684 0.53682018 0 0 0
-3.004022 0.379516 1.727978 0.121266511 0.992619984 0 0 0
-3.008745 0.380093 1.724649 0.121266511 0.992619984 0 0 0
-3.008745 0.380093 1.728513 0.121266511 0.992619984 0 0 0
-3.004022 0.379516 1.727978 0.121266511 0.992619984 0 0 0
-3.004022 0.379516 1.724185 0.121266511 0.992619984 0 0 0
-3.008745 0.380093 1.724649 0.121266511 0.992619984 0 0 0
-3.008745 0.380093 1.623584 0.121266511 0.992619984 0 0 0
-3.004022 0.379516 1.620255 0.121266511 0.992619984 0 0 0
-3.008745 0.380093 1.61972 0.121266511 0.992619984 0 0 0
-3.008745 0.380093 1.623584 0.121266511 0.992619984 0 0 0
-3.004022 0.379516 1.624048 0.121266511 0.992619984 0 0 0
-3.004022 0.379516 1.620255 0.121266511 0.992619984 0 0 0
-3.003394 0.378529 1.731016 0.843696684 0.53682018 0 0 0
-3.004022 0.379516 1.727978 0.843696684 0.53682018 0 0 0
-3.004022 0.379516 1.731771 0.843696684 0.53682018 0 0 0
-3.003394 0.378529 1.731016 0.843696684 0.53682018 0 0 0
-3.003394 0.378529 1.727285 0.843696684 0.53682018 0 0 0
-3.004022 0.379516 1.727978 0.843696684 0.53682018 0 0 0
-3.004022 0.379516 1.620255 0.843696684 0.53682018 0 0 0
-3.003394 0.378529 1.617456 0.843696684 0.53682018 0 0 0
-3.004022 0.379516 1.616461 0.843696684 0.53682018 0 0 0
-3.004022 0.379516 1.620255 0.843696684 0.53682018 0 0 0
-3.003394 0.378529 1.621187 0.843696684 0.53682018 0 0 0
-3.003394 0.378529 1.617456 0.843696684 0.53682018 0 0 0
-3.004022 0.379516 1.731771 0.121266511 0.992619984 0 0 0
-3.008745 0.380093 1.728513 0.121266511 0.992619984 0 0 0
-3.008745 0.380093 1.732377 0.121266511 0.992619984 0 0 0
-3.004022 0.379516 1.731771 0.121266511 0.992619984 0 0 0
-3.004022 0.379516 1.727978 0.121266511 0.992619984 0 0 0
-3.008745 0.380093 1.728513 0.121266511 0.992619984 0 0 0
-3.008745 0.380093 1.61972 0.121266511 0.992619984 0 0 0
-3.004022 0.379516 1.616461 0.121266511 0.992619984 0 0 0
-3.008745 0.380093 1.615855 0.121266511 0.992619984 0 0 0
-3.008745 0.380093 1.61972 0.121266511 0.992619984 0 0 0
-3.004022 0.379516 1.620255 0.121266511 0.992619984 0 0 0
-3.004022 0.379516 1.616461 0.121266511 0.992619984 0 0 0
-3.003394 0.307 1.723553 0.857348249 -0.514736807 0 0 0
-3.004022 0.305954 1.727978 0.857348249 -0.514736807 0 0 0
-3.004022 0.305954 1.724185 0.857348249 -0.514736807 0 0 0
-3.003394 0.307 1.723553 0.857348249 -0.514736807 0 0 0
-3.003394 0.307 1.727285 0.857348249 -0.514736807 0 0 0
-3.004022 0.305954 1.727978 0.857348249 -0.514736807 0 0 0
-3.004022 0.305954 1.620255 0.857348249 -0.514736807 0 0 0
-3.003394 0.307 1.624919 0.857348249 -0.514736807 0 0 0
-3.004022 0.305954 1.624048 0.857348249 -0.514736807 0 0 0
-3.004022 0.305954 1.620255 0.857348249 -0.514736807 0 0 0
-3.003394 0.307 1.621187 0.857348249 -0.514736807 0 0 0
-3.003394 0.307 1.624919 0.857348249 -0.514736807 0 0 0
-3.004022 0.305954 1.724185 0.151931378 -0.988391044 0 0 0
-3.008745 0.305228 1.728513 0.151931378 -0.988391044 0 0 0
-3.008745 0.305228 1.724649 0.151931378 -0.988391044 0 0 0
-3.004022 0.305954 1.724185 0.151931378 -0.988391044 0 0 0
-3.004022 0.305954 1.727978 0.151931378 -0.988391044 0 0 0
-3.008745 0.305228 1.728513 0.151931378 -0.988391044 0 0 0
-3.008745 0.305228 1.61972 0.151931378 -0.988391044 0 0 0
-3.004022 0.305954 1.624048 0.151931378 -0.988391044 0 0 0
-3.008745 0.305228 1.623584 0.151931378 -0.988391044 0 0 0
-3.008745 0.305228 1.61972 0.151931378 -0.988391044 0 0 0
-3.004022 0.305954 1.620255 0.151931378 -0.988391044 0 0 0
-3.004022 0.305954 1.624048 0.151931378 -0.988391044 0 0 0
-3.003394 0.307 1.727285 0.857348249 -0.514736807 0 0 0
-3.004022 0.305954 1.731771 0.857348249 -0.514736807 0 0 0
-3.004022 0.305954 1.727978 0.857348249 -0.514736807 0 0 0
-3.003394 0.307 1.727285 0.857348249 -0.514736807 0 0 0
-3.003394 0.307 1.731016 0.857348249 -0.514736807 0 0 0
-3.004022 0.305954 1.731771 0.857348249 -0.514736807 0 0 0
-3.004022 0.305954 1.616461 0.857348249 -0.514736807 0 0 0
-3.003394 0.307 1.621187 0.857348249 -0.514736807 0 0 0
-3.004022 0.305954 1.620255 0.857348249 -0.514736807 0 0 0
-3.004022 0.305954 1.616461 0.857348249 -0.514736807 0 0 0
-3.003394 0.307 1.617456 0.857348249 -0.514736807 0 0 0
-3.003394 0.307 1.621187 0.857348249 -0.514736807 0 0 0
-3.004022 0.305954 1.727978 0.151931378 -0.988391044 0 0 0
-3.008745 0.305228 1.732377 0.151931378 -0.988391044 0 0 0
-3.008745 0.305228 1.728513 0.151931378 -0.988391044 0 0 0
-3.004022 0.305954 1.727978 0.151931378 -0.988391044 0 0 0
-3.004022 0.305954 1.731771 0.151931378 -0.988391044 0 0 0
-3.008745 0.305228 1.732377 0.151931378 -0.988391044 0 0 0
-3.008745 0.305228 1.615855 0.151931378 -0.988391044 0 0 0
-3.004022 0.305954 1.620255 0.151931378 -0.988391044 0 0 0
-3.008745 0.305228 1.61972 0.151931378 -0.988391044 0 0 0
-3.008745 0.305228 1.615855 0.151931378 -0.988391044 0 0 0
-3.004022 0.305954 1.616461 0.151931378 -0.988391044 0 0 0
-3.004022 0.305954 1.620255 0.151931378 -0.988391044 0 0 0
-3.003394 0.378529 1.723553 0.843696684 0.53682018 0 0 0
-3.004022 0.379516 1.72189 0.843696684 0.53682018 0 0 0
-3.004022 0.379516 1.724185 0.843696684 0.53682018 0 0 0
-3.003394 0.378529 1.723553 0.843696684 0.53682018 0 0 0
-3.003394 0.378529 1.721295 0.843696684 0.53682018 0 0 0
-3.004022 0.379516 1.72189 0.843696684 0.53682018 0 0 0
-3.004022 0.379516 1.626343 0.843696684 0.53682018 0 0 0
-3.003394 0.378529 1.624919 0.843696684 0.53682018 0 0 0
-3.004022 0.379516 1.624048 0.843696684 0.53682018 0 0 0
-3.004022 0.379516 1.626343 0.843696684 0.53682018 0 0 0
-3.003394 0.378529 1.627177 0.843696684 0.53682018 0 0 0
-3.003394 0.378529 1.624919 0.843696684 0.53682018 0 0 0
-3.004022 0.379516 1.724185 0.121266511 0.992619984 0 0 0
-3.008745 0.380093 1.722311 0.121266511 0.992619984 0 0 0
-3.008745 0.380093 1.724649 0.121266511 0.992619984 0 0 0
-3.004022 0.379516 1.724185 0.121266511 0.992619984 0 0 0
-3.004022 0.379516 1.72189 0.121266511 0.992619984 0 0 0
-3.008745 0.380093 1.722311 0.121266511 0.992619984 0 0 0
-3.008745 0.380093 1.625922 0.121266511 0.992619984 0 0 0
-3.004022 0.379516 1.624048 0.121266511 0.992619984 0 0 0
-3.008745 0.380093 1.623584 0.121266511 0.992619984 0 0 0
-3.008745 0.380093 1.625922 0.121266511 0.992619984 0 0 0
-3.004022 0.379516 1.626343 0.121266511 0.992619984 0 0 0
-3.004022 0.379516 1.624048 0.121266511 0.992619984 0 0 0
-3.003394 0.307 1.721295 0.857348249 -0.514736807 0 0 0
-3.004022 0.305954 1.724185 0.857348249 -0.514736807 0 0 0
-3.004022 0.305954 1.72189 0.857348249 -0.514736807 0 0 0
-3.003394 0.307 1.721295 0.857348249 -0.514736807 0 0 0
-3.003394 0.307 1.723553 0.857348249 -0.514736807 0 0 0
-3.004022 0.305954 1.724185 0.857348249 -0.514736807 0 0 0
-3.004022 0.305954 1.624048 0.857348249 -0.514736807 0 0 0
-3.003394 0.307 1.627177 0.857348249 -0.514736807 0 0 0
-3.004022 0.305954 1.626343 0.857348249 -0.514736807 0 0 0
-3.004022 0.305954 1.624048 0.857348249 -0.514736807 0 0 0
-3.003394 0.307 1.624919 0.857348249 -0.514736807 0 0 0
-3.003394 0.307 1.627177 0.857348249 -0.514736807 0 0 0
-3.004022 0.305954 1.72189 0.151931378 -0.988391044 0 0 0
-3.008745 0.305228 1.724649 0.151931378 -0.988391044 0 0 0
-3.008745 0.305228 1.722311 0.151931378 -0.988391044 0 0 0
-3.004022 0.305954 1.72189 0.151931378 -0.988391044 0 0 0
-3.004022 0.305954 1.724185 0.151931378 -0.988391044 0 0 0
-3.008745 0.305228 1.724649 0.151931378 -0.988391044 0 0 0
-3.008745 0.305228 1.623584 0.151931378 -0.988391044 0 0 0
-3.004022 0.305954 1.626343 0.151931378 -0.988391044 0 0 0
-3.008745 0.305228 1.625922 0.151931378 -0.988391044 0 0 0
-3.008745 0.305228 1.623584 0.151931378 -0.988391044 0 0 0
-3.004022 0.305954 1.624048 0.151931378 -0.988391044 0 0 0
-3.004022 0.305954 1.626343 0.151931378 -0.988391044 0 0 0
-3.003394 0.332835 1.740474 0.823329289 0 0.567563989 0 0
-3.004022 0.338831 1.741385 0.823329289 0 0.567563989 0 0
-3.004022 0.332524 1.741385 0.823329289 0 0.567563989 0 0
-3.003394 0.332835 1.740474 0.823329289 -0 0.567563989 0 0
-3.003394 0.338969 1.740474 0.823329289 -0 0.567563989 0 0
-3.004022 0.338831 1.741385 0.823329289 -0 0.567563989 0 0
-3.004022 0.338831 1.606848 0.164908335 0 -0.986308897 0 0
-3.003394 0.332557 1.606953 0.164908335 0 -0.986308897 0 0
-3.004022 0.332524 1.606848 0.164908335 0 -0.986308897 0 0
-3.004022 0.338831 1.606848 0.164908335 0 -0.986308897 0 0
-3.003394 0.338851 1.606953 0.164908335 0 -0.986308897 0 0
-3.003394 0.332557 1.606953 0.164908335 0 -0.986308897 0 0
-3.004022 0.332524 1.741385 0.164161901 0 0.986433409 0 0
-3.008745 0.338688 1.742171 0.164161901 0 0.986433409 0 0
-3.008745 0.332268 1.742171 0.164161901 0 0.986433409 0 0
-3.004022 0.332524 1.741385 0.164161901 -0 0.986433409 0 0
-3.004022 0.338831 1.741385 0.164161901 -0 0.986433409 0 0
-3.008745 0.338688 1.742171 0.164161901 -0 0.986433409 0 0
-3.008745 0.338688 1.606062 0.164161901 0 -0.986433409 0 0
-3.004022 0.332524 1.606848 0.164161901 0 -0.986433409 0 0
-3.008745 0.332268 1.606062 0.164161901 0 -0.986433409 0 0
-3.008745 0.338688 1.606062 0.164161901 0 -0.986433409 0 0
-3.004022 0.338831 1.606848 0.164161901 0 -0.986433409 0 0
-3.004022 0.332524 1.606848 0.164161901 0 -0.986433409 0 0
-3.003394 0.328158 1.740474 0.823329289 0 0.567563989 0 0
-3.004022 0.332524 1.741385 0.823329289 0 0.567563989 0 0
-3.004022 0.327714 1.741385 0.823329289 0 0.567563989 0 0
-3.003394 0.328158 1.740474 0.823329289 -0 0.567563989 0 0
-3.003394 0.332835 1.740474 0.823329289 -0 0.567563989 0 0
-3.004022 0.332524 1.741385 0.823329289 -0 0.567563989 0 0
-3.004022 0.332524 1.606848 0.164908335 0 -0.986308897 0 0
-3.003394 0.327759 1.606953 0.164908335 0 -0.986308897 0 0
-3.004022 0.327714 1.606848 0.164908335 0 -0.986308897 0 0
-3.004022 0.332524 1.606848 0.164908335 0 -0.986308897 0 0
-3.003394 0.332557 1.606953 0.164908335 0 -0.986308897 0 0
-3.003394 0.327759 1.606953 0.164908335 0 -0.986308897 0 0
-3.004022 0.327714 1.741385 0.164161901 0 0.986433409 0 0
-3.008745 0.332268 1.742171 0.164161901 0 0.986433409 0 0
-3.008745 0.327373 1.742171 0.164161901 0 0.986433409 0 0
-3.004022 0.327714 1.741385 0.164161901 -0 0.986433409 0 0
-3.004022 0.332524 1.741385 0.164161901 -0 0.986433409 0 0
-3.008745 0.332268 1.742171 0.164161901 -0 0.986433409 0 0
-3.008745 0.332268 1.606062 0.164161901 0 -0.986433409 0 0
-3.004022 0.327714 1.606848 0.164161901 0 -0.986433409 0 0
-3.008745 0.327373 1.606062 0.164161901 0 -0.986433409 0 0
-3.008745 0.332268 1.606062 0.164161901 0 -0.986433409 0 0
-3.004022 0.332524 1.606848 0.164161901 0 -0.986433409 0 0
-3.004022 0.327714 1.606848 0.164161901 0 -0.986433409 0 0
-3.003394 0.307 1.740474 0.823329289 0 0.567563989 0 0
-3.004022 0.327714 1.741385 0.823329289 0 0.567563989 0 0
-3.004022 0.305954 1.741385 0.823329289 0 0.567563989 0 0
-3.003394 0.307 1.740474 0.823329289 -0 0.567563989 0 0
-3.003394 0.328158 1.740474 0.823329289 -0 0.567563989 0 0
-3.004022 0.327714 1.741385 0.823329289 -0 0.567563989 0 0
-3.004022 0.327714 1.606848 0.877662138 0 -0.479279846 0 0
-3.003394 0.307 1.607998 0.877662138 0 -0.479279846 0 0
-3.004022 0.305954 1.606848 0.877662138 0 -0.479279846 0 0
-3.004022 0.327714 1.606848 0.168159373 -0.049560012 -0.984513195 0 0
-3.003394 0.327759 1.606953 0.168159373 -0.049560012 -0.984513195 0 0
-3.003394 0.307 1.607998 0.168159373 -0.049560012 -0.984513195 0 0
-3.004022 0.305954 1.741385 0.164161901 0 0.986433409 0 0
-3.008745 0.327373 1.742171 0.164161901 0 0.986433409 0 0
-3.008745 0.305228 1.742171 0.164161901 0 0.986433409 0 0
-3.004022 0.305954 1.741385 0.164161901 -0 0.986433409 0 0
-3.004022 0.327714 1.741385 0.164161901 -0 0.986433409 0 0
-3.008745 0.327373 1.742171 0.164161901 -0 0.986433409 0 0
-3.008745 0.327373 1.606062 0.164161901 0 -0.986433409 0 0
-3.004022 0.305954 1.606848 0.164161901 0 -0.986433409 0 0
-3.008745 0.305228 1.606062 0.164161901 0 -0.986433409 0 0
-3.008745 0.327373 1.606062 0.164161901 0 -0.986433409 0 0
-3.004022 0.327714 1.606848 0.164161901 0 -0.986433409 0 0
-3.004022 0.305954 1.606848 0.164161901 0 -0.986433409 0 0
-3.003394 0.378529 1.721295 0.843696684 0.53682018 0 0 0
-3.004022 0.379516 1.71478 0.843696684 0.53682018 0 0 0
-3.004022 0.379516 1.72189 0.843696684 0.53682018 0 0 0
-3.003394 0.378529 1.721295 0.843696684 0.53682018 0 0 0
-3.003394 0.378529 1.714301 0.843696684 0.53682018 0 0 0
-3.004022 0.379516 1.71478 0.843696684 0.53682018 0 0 0
-3.004022 0.379516 1.633453 0.843696684 0.53682018 0 0 0
-3.003394 0.378529 1.627177 0.843696684 0.53682018 0 0 0
-3.004022 0.379516 1.626343 0.843696684 0.53682018 0 0 0
-3.004022 0.379516 1.633453 0.843696684 0.53682018 0 0 0
-3.003394 0.378529 1.634171 0.843696684 0.53682018 0 0 0
-3.003394 0.378529 1.627177 0.843696684 0.53682018 0 0 0
-3.004022 0.379516 1.72189 0.121266511 0.992619984 0 0 0
-3.008745 0.380093 1.715068 0.121266511 0.992619984 0 0 0
-3.008745 0.380093 1.722311 0.121266511 0.992619984 0 0 0
-3.004022 0.379516 1.72189 0.121266511 0.992619984 0 0 0
-3.004022 0.379516 1.71478 0.121266511 0.992619984 0 0 0
-3.008745 0.380093 1.715068 0.121266511 0.992619984 0 0 0
-3.008745 0.380093 1.633165 0.121266511 0.992619984 0 0 0
-3.004022 0.379516 1.626343 0.121266511 0.992619984 0 0 0
-3.008745 0.380093 1.625922 0.121266511 0.992619984 0 0 0
-3.008745 0.380093 1.633165 0.121266511 0.992619984 0 0 0
-3.004022 0.379516 1.633453 0.121266511 0.992619984 0 0 0
-3.004022 0.379516 1.626343 0.121266511 0.992619984 0 0 0
-3.003394 0.307 1.714301 0.857348249 -0.514736807 0 0 0
-3.004022 0.305954 1.72189 0.857348249 -0.514736807 0 0 0
-3.004022 0.305954 1.71478 0.857348249 -0.514736807 0 0 0
-3.003394 0.307 1.714301 0.857348249 -0.514736807 0 0 0
-3.003394 0.307 1.721295 0.857348249 -0.514736807 0 0 0
-3.004022 0.305954 1.72189 0.857348249 -0.514736807 0 0 0
-3.004022 0.305954 1.626343 0.857348249 -0.514736807 0 0 0
-3.003394 0.307 1.634171 0.857348249 -0.514736807 0 0 0
-3.004022 0.305954 1.633453 0.857348249 -0.514736807 0 0 0
-3.004022 0.305954 1.626343 0.857348249 -0.514736807 0 0 0
-3.003394 0.307 1.627177 0.857348249 -0.514736807 0 0 0
-3.003394 0.307 1.634171 0.857348249 -0.514736807 0 0 0
-3.004022 0.305954 1.71478 0.151931378 -0.988391044 0 0 0
-3.008745 0.305228 1.722311 0.151931378 -0.988391044 0 0 0
-3.008745 0.305228 1.715068 0.151931378 -0.988391044 0 0 0
-3.004022 0.305954 1.71478 0.151931378 -0.988391044 0 0 0
-3.004022 0.305954 1.72189 0.151931378 -0.988391044 0 0 0
-3.008745 0.305228 1.722311 0.151931378 -0.988391044 0 0 0
-3.008745 0.305228 1.625922 0.151931378 -0.988391044 0 0 0
-3.004022 0.305954 1.633453 0.151931378 -0.988391044 0 0 0
-3.008745 0.305228 1.633165 0.151931378 -0.988391044 0 0 0
-3.008745 0.305228 1.625922 0.151931378 -0.988391044 0 0 0
-3.004022 0.305954 1.626343 0.151931378 -0.988391044 0 0 0
-3.004022 0.305954 1.633453 0.151931378 -0.988391044 0 0 0
-3.003394 0.378529 1.714301 0.843696684 0.53682018 0 0 0
-3.004022 0.379516 1.71076 0.843696684 0.53682018 0 0 0
-3.004022 0.379516 1.71478 0.843696684 0.53682018 0 0 0
-3.003394 0.378529 1.714301 0.843696684 0.53682018 0 0 0
-3.003394 0.378529 1.710346 0.843696684 0.53682018 0 0 0
-3.004022 0.379516 1.71076 0.843696684 0.53682018 0 0 0
-3.004022 0.379516 1.637473 0.843696684 0.53682018 0 0 0
-3.003394 0.378529 1.634171 0.843696684 0.53682018 0 0 0
-3.004022 0.379516 1.633453 0.843696684 0.53682018 0 0 0
-3.004022 0.379516 1.637473 0.843696684 0.53682018 0 0 0
-3.003394 0.378529 1.638126 0.843696684 0.53682018 0 0 0
-3.003394 0.378529 1.634171 0.843696684 0.53682018 0 0 0
-3.004022 0.379516 1.71478 0.121266511 0.992619984 0 0 0
-3.008745 0.380093 1.710973 0.121266511 0.992619984 0 0 0
-3.008745 0.380093 1.715068 0.121266511 0.992619984 0 0 0
-3.004022 0.379516 1.71478 0.121266511 0.992619984 0 0 0
-3.004022 0.379516 1.71076 0.121266511 0.992619984 0 0 0
-3.008745 0.380093 1.710973 0.121266511 0.992619984 0 0 0
-3.008745 0.380093 1.63726 0.121266511 0.992619984 0 0 0
-3.004022 0.379516 1.633453 0.121266511 0.992619984 0 0 0
-3.008745 0.380093 1.633165 0.121266511 0.992619984 0 0 0
-3.008745 0.380093 1.63726 0.121266511 0.992619984 0 0 0
-3.004022 0.379516 1.637473 0.121266511 0.992619984 0 0 0
-3.004022 0.379516 1.633453 0.121266511 0.992619984 0 0 0
-3.003394 0.307 1.710346 0.857348249 -0.514736807 0 0 0
-3.004022 0.305954 1.71478 0.857348249 -0.514736807 0 0 0
-3.004022 0.305954 1.71076 0.857348249 -0.514736807 0 0 0
-3.003394 0.307 1.710346 0.857348249 -0.514736807 0 0 0
-3.003394 0.307 1.714301 0.857348249 -0.514736807 0 0 0
-3.004022 0.305954 1.71478 0.857348249 -0.514736807 0 0 0
-3.004022 0.305954 1.633453 0.857348249 -0.514736807 0 0 0
-3.003394 0.307 1.638126 0.857348249 -0.514736807 0 0 0
-3.004022 0.305954 1.637473 0.857348249 -0.514736807 0 0 0
-3.004022 0.305954 1.633453 0.857348249 -0.514736807 0 0 0
-3.003394 0.307 1.634171 0.857348249 -0.514736807 0 0 0
-3.003394 0.307 1.638126 0.857348249 -0.514736807 0 0 0
-3.004022 0.305954 1.71076 0.151931378 -0.988391044 0 0 0
-3.008745 0.305228 1.715068 0.151931378 -0.988391044 0 0 0
-3.008745 0.305228 1.710973 0.151931378 -0.988391044 0 0 0
-3.004022 0.305954 1.71076 0.151931378 -0.988391044 0 0 0
-3.004022 0.305954 1.71478 0.151931378 -0.988391044 0 0 0
-3.008745 0.305228 1.715068 0.151931378 -0.988391044 0 0 0
-3.008745 0.305228 1.633165 0.151931378 -0.988391044 0 0 0
-3.004022 0.305954 1.637473 0.151931378 -0.988391044 0 0 0
-3.008745 0.305228 1.63726 0.151931378 -0.988391044 0 0 0
-3.008745 0.305228 1.633165 0.151931378 -0.988391044 0 0 0
-3.004022 0.305954 1.633453 0.151931378 -0.988391044 0 0 0
-3.004022 0.305954 1.637473 0.151931378 -0.988391044 0 0 0
-3.003394 0.378529 1.705516 0.843696684 0.53682018 0 0 0
-3.004022 0.379516 1.70241 0.843696684 0.53682018 0 0 0
-3.004022 0.379516 1.70585 0.843696684 0.53682018 0 0 0
-3.003394 0.378529 1.705516 0.843696684 0.53682018 0 0 0
-3.003394 0.378529 1.702132 0.843696684 0.53682018 0 0 0
-3.004022 0.379516 1.70241 0.843696684 0.53682018 0 0 0
-3.004022 0.379516 1.645823 0.843696684 0.53682018 0 0 0
-3.003394 0.378529 1.642956 0.843696684 0.53682018 0 0 0
-3.004022 0.379516 1.642383 0.843696684 0.53682018 0 0 0
-3.004022 0.379516 1.645823 0.843696684 0.53682018 0 0 0
-3.003394 0.378529 1.64634 0.843696684 0.53682018 0 0 0
-3.003394 0.378529 1.642956 0.843696684 0.53682018 0 0 0
-3.004022 0.379516 1.70585 0.121266511 0.992619984 0 0 0
-3.008745 0.380093 1.702467 0.121266511 0.992619984 0 0 0
-3.008745 0.380093 1.705971 0.121266511 0.992619984 0 0 0
-3.004022 0.379516 1.70585 0.121266511 0.992619984 0 0 0
-3.004022 0.379516 1.70241 0.121266511 0.992619984 0 0 0
-3.008745 0.380093 1.702467 0.121266511 0.992619984 0 0 0
-3.008745 0.380093 1.645766 0.121266511 0.992619984 0 0 0
-3.004022 0.379516 1.642383 0.121266511 0.992619984 0 0 0
-3.008745 0.380093 1.642262 0.121266511 0.992619984 0 0 0
-3.008745 0.380093 1.645766 0.121266511 0.992619984 0 0 0
-3.004022 0.379516 1.645823 0.121266511 0.992619984 0 0 0
-3.004022 0.379516 1.642383 0.121266511 0.992619984 0 0 0
-3.003394 0.378529 1.702132 0.843696684 0.53682018 0 0 0
-3.004022 0.379516 1.694988 0.843696684 0.53682018 0 0 0
-3.004022 0.379516 1.70241 0.843696684 0.53682018 0 0 0
-3.003394 0.378529 1.702132 0.843696684 0.53682018 0 0 0
-3.003394 0.378529 1.69483 0.843696684 0.53682018 0 0 0
-3.004022 0.379516 1.694988 0.843696684 0.53682018 0 0 0
-3.004022 0.379516 1.653245 0.843696684 0.53682018 0 0 0
-3.003394 0.378529 1.64634 0.843696684 0.53682018 0 0 0
-3.004022 0.379516 1.645823 0.843696684 0.53682018 0 0 0
-3.004022 0.379516 1.653245 0.843696684 0.53682018 0 0 0
-3.003394 0.378529 1.653641 0.843696684 0.53682018 0 0 0
-3.003394 0.378529 1.64634 0.843696684 0.53682018 0 0 0
-3.004022 0.379516 1.70241 0.121266511 0.992619984 0 0 0
-3.008745 0.380093 1.694906 0.121266511 0.992619984 0 0 0
-3.008745 0.380093 1.702467 0.121266511 0.992619984 0 0 0
-3.004022 0.379516 1.70241 0.121266511 0.992619984 0 0 0
-3.004022 0.379516 1.694988 0.121266511 0.992619984 0 0 0
-3.008745 0.380093 1.694906 0.121266511 0.992619984 0 0 0
-3.008745 0.380093 1.653327 0.121266511 0.992619984 0 0 0
-3.004022 0.379516 1.645823 0.121266511 0.992619984 0 0 0
-3.008745 0.380093 1.645766 0.121266511 0.992619984 0 0 0
-3.008745 0.380093 1.653327 0.121266511 0.992619984 0 0 0
-3.004022 0.379516 1.653245 0.121266511 0.992619984 0 0 0
-3.004022 0.379516 1.645823 0.121266511 0.992619984 0 0 0
-3.003394 0.307 1.702132 0.857348249 -0.514736807 0 0 0
-3.004022 0.305954 1.70585 0.857348249 -0.514736807 0 0 0
-3.004022 0.305954 1.70241 0.857348249 -0.514736807 0 0 0
-3.003394 0.307 1.702132 0.857348249 -0.514736807 0 0 0
-3.003394 0.307 1.705516 0.857348249 -0.514736807 0 0 0
-3.004022 0.305954 1.70585 0.857348249 -0.514736807 0 0 0
-3.004022 0.305954 1.642383 0.857348249 -0.514736807 0 0 0
-3.003394 0.307 1.64634 0.857348249 -0.514736807 0 0 0
-3.004022 0.305954 1.645823 0.857348249 -0.514736807 0 0 0
-3.004022 0.305954 1.642383 0.857348249 -0.514736807 0 0 0
-3.003394 0.307 1.642956 0.857348249 -0.514736807 0 0 0
-3.003394 0.307 1.64634 0.857348249 -0.514736807 0 0 0
-3.004022 0.305954 1.70241 0.151931378 -0.988391044 0 0 0
-3.008745 0.305228 1.705971 0.151931378 -0.988391044 0 0 0
-3.008745 0.305228 1.702467 0.151931378 -0.988391044 0 0 0
-3.004022 0.305954 1.70241 0.151931378 -0.988391044 0 0 0
-3.004022 0.305954 1.70585 0.151931378 -0.988391044 0 0 0
-3.008745 0.305228 1.705971 0.151931378 -0.988391044 0 0 0
-3.008745 0.305228 1.642262 0.151931378 -0.988391044 0 0 0
-3.004022 0.305954 1.645823 0.151931378 -0.988391044 0 0 0
-3.008745 0.305228 1.645766 0.151931378 -0.988391044 0 0 0
-3.008745 0.305228 1.642262 0.151931378 -0.988391044 0 0 0
-3.004022 0.305954 1.642383 0.151931378 -0.988391044 0 0 0
-3.004022 0.305954 1.645823 0.151931378 -0.988391044 0 0 0
-3.003394 0.307 1.69483 0.857348249 -0.514736807 0 0 0
-3.004022 0.305954 1.70241 0.857348249 -0.514736807 0 0 0
-3.004022 0.305954 1.694988 0.857348249 -0.514736807 0 0 0
-3.003394 0.307 1.69483 0.857348249 -0.514736807 0 0 0
-3.003394 0.307 1.702132 0.857348249 -0.514736807 0 0 0
-3.004022 0.305954 1.70241 0.857348249 -0.514736807 0 0 0
-3.004022 0.305954 1.645823 0.857348249 -0.514736807 0 0 0
-3.003394 0.307 1.653641 0.857348249 -0.514736807 0 0 0
-3.004022 0.305954 1.653245 0.857348249 -0.514736807 0 0 0
-3.004022 0.305954 1.645823 0.857348249 -0.514736807 0 0 0
-3.003394 0.307 1.64634 0.857348249 -0.514736807 0 0 0
-3.003394 0.307 1.653641 0.857348249 -0.514736807 0 0 0
-3.004022 0.305954 1.694988 0.151931378 -0.988391044 0 0 0
-3.008745 0.305228 1.702467 0.151931378 -0.988391044 0 0 0
-3.008745 0.305228 1.694906 0.151931378 -0.988391044 0 0 0
-3.004022 0.305954 1.694988 0.151931378 -0.988391044 0 0 0
-3.004022 0.305954 1.70241 0.151931378 -0.988391044 0 0 0
-3.008745 0.305228 1.702467 0.151931378 -0.988391044 0 0 0
-3.008745 0.305228 1.645766 0.151931378 -0.988391044 0 0 0
-3.004022 0.305954 1.653245 0.151931378 -0.988391044 0 0 0
-3.008745 0.305228 1.653327 0.151931378 -0.988391044 0 0 0
-3.008745 0.305228 1.645766 0.151931378 -0.988391044 0 0 0
-3.004022 0.305954 1.645823 0.151931378 -0.988391044 0 0 0
-3.004022 0.305954 1.653245 0.151931378 -0.988391044 0 0 0
-3.003394 0.378529 1.69483 0.843696684 0.53682018 0 0 0
-3.004022 0.379516 1.685484 0.843696684 0.53682018 0 0 0
-3.004022 0.379516 1.694988 0.843696684 0.53682018 0 0 0
-3.003394 0.378529 1.69483 0.843696684 0.53682018 0 0 0
-3.003394 0.378529 1.685481 0.843696684 0.53682018 0 0 0
-3.004022 0.379516 1.685484 0.843696684 0.53682018 0 0 0
-3.004022 0.379516 1.662749 0.843696684 0.53682018 0 0 0
-3.003394 0.378529 1.653641 0.843696684 0.53682018 0 0 0
-3.004022 0.379516 1.653245 0.843696684 0.53682018 0 0 0
-3.004022 0.379516 1.662749 0.843696684 0.53682018 0 0 0
-3.003394 0.378529 1.662991 0.843696684 0.53682018 0 0 0
-3.003394 0.378529 1.653641 0.843696684 0.53682018 0 0 0
-3.004022 0.379516 1.694988 0.121266511 0.992619984 0 0 0
-3.008745 0.380093 1.685224 0.121266511 0.992619984 0 0 0
-3.008745 0.380093 1.694906 0.121266511 0.992619984 0 0 0
-3.004022 0.379516 1.694988 0.121266511 0.992619984 0 0 0
-3.004022 0.379516 1.685484 0.121266511 0.992619984 0 0 0
-3.008745 0.380093 1.685224 0.121266511 0.992619984 0 0 0
-3.008745 0.380093 1.663009 0.121266511 0.992619984 0 0 0
-3.004022 0.379516 1.653245 0.121266511 0.992619984 0 0 0
-3.008745 0.380093 1.653327 0.121266511 0.992619984 0 0 0
-3.008745 0.380093 1.663009 0.121266511 0.992619984 0 0 0
-3.004022 0.379516 1.662749 0.121266511 0.992619984 0 0 0
-3.004022 0.379516 1.653245 0.121266511 0.992619984 0 0 0
-3.003394 0.307 1.685481 0.857348249 -0.514736807 0 0 0
-3.004022 0.305954 1.694988 0.857348249 -0.514736807 0 0 0
-3.004022 0.305954 1.685484 0.857348249 -0.514736807 0 0 0
-3.003394 0.307 1.685481 0.857348249 -0.514736807 0 0 0
-3.003394 0.307 1.69483 0.857348249 -0.514736807 0 0 0
-3.004022 0.305954 1.694988 0.857348249 -0.514736807 0 0 0
-3.004022 0.305954 1.653245 0.857348249 -0.514736807 0 0 0
-3.003394 0.307 1.662991 0.857348249 -0.514736807 0 0 0
-3.004022 0.305954 1.662749 0.857348249 -0.514736807 0 0 0
-3.004022 0.305954 1.653245 0.857348249 -0.514736807 0 0 0
-3.003394 0.307 1.653641 0.857348249 -0.514736807 0 0 0
-3.003394 0.307 1.662991 0.857348249 -0.514736807 0 0 0
-3.004022 0.305954 1.685484 0.151931378 -0.988391044 0 0 0
-3.008745 0.305228 1.694906 0.151931378 -0.988391044 0 0 0
-3.008745 0.305228 1.685224 0.151931378 -0.988391044 0 0 0
-3.004022 0.305954 1.685484 0.151931378 -0.988391044 0 0 0
-3.004022 0.305954 1.694988 0.151931378 -0.988391044 0 0 0
-3.008745 0.305228 1.694906 0.151931378 -0.988391044 0 0 0
-3.008745 0.305228 1.653327 0.151931378 -0.988391044 0 0 0
-3.004022 0.305954 1.662749 0.151931378 -0.988391044 0 0 0
-3.008745 0.305228 1.663009 0.151931378 -0.988391044 0 0 0
-3.008745 0.305228 1.653327 0.151931378 -0.988391044 0 0 0
-3.004022 0.305954 1.653245 0.151931378 -0.988391044 0 0 0
-3.004022 0.305954 1.662749 0.151931378 -0.988391044 0 0 0
-3.003394 0.378529 1.710346 0.843696684 0.53682018 0 0 0
-3.004022 0.379516 1.70585 0.843696684 0.53682018 0 0 0
-3.004022 0.379516 1.71076 0.843696684 0.53682018 0 0 0
-3.003394 0.378529 1.710346 0.843696684 0.53682018 0 0 0
-3.003394 0.378529 1.705516 0.843696684 0.53682018 0 0 0
-3.004022 0.379516 1.70585 0.843696684 0.53682018 0 0 0
-3.004022 0.379516 1.642383 0.843696684 0.53682018 0 0 0
-3.003394 0.378529 1.638126 0.843696684 0.53682018 0 0 0
-3.004022 0.379516 1.637473 0.843696684 0.53682018 0 0 0
-3.004022 0.379516 1.642383 0.843696684 0.53682018 0 0 0
-3.003394 0.378529 1.642956 0.843696684 0.53682018 0 0 0
-3.003394 0.378529 1.638126 0.843696684 0.53682018 0 0 0
-3.004022 0.379516 1.71076 0.121266511 0.992619984 0 0 0
-3.008745 0.380093 1.705971 0.121266511 0.992619984 0 0 0
-3.008745 0.380093 1.710973 0.121266511 0.992619984 0 0 0
-3.004022 0.379516 1.71076 0.121266511 0.992619984 0 0 0
-3.004022 0.379516 1.70585 0.121266511 0.992619984 0 0 0
-3.008745 0.380093 1.705971 0.121266511 0.992619984 0 0 0
-3.008745 0.380093 1.642262 0.121266511 0.992619984 0 0 0
-3.004022 0.379516 1.637473 0.121266511 0.992619984 0 0 0
-3.008745 0.380093 1.63726 0.121266511 0.992619984 0 0 0
-3.008745 0.380093 1.642262 0.121266511 0.992619984 0 0 0
-3.004022 0.379516 1.642383 0.121266511 0.992619984 0 0 0
-3.004022 0.379516 1.637473 0.121266511 0.992619984 0 0 0
-3.003394 0.307 1.705516 0.857348249 -0.514736807 0 0 0
-3.004022 0.305954 1.71076 0.857348249 -0.514736807 0 0 0
-3.004022 0.305954 1.70585 0.857348249 -0.514736807 0 0 0
-3.003394 0.307 1.705516 0.857348249 -0.514736807 0 0 0
-3.003394 0.307 1.710346 0.857348249 -0.514736807 0 0 0
-3.004022 0.305954 1.71076 0.857348249 -0.514736807 0 0 0
-3.004022 0.305954 1.637473 0.857348249 -0.514736807 0 0 0
-3.003394 0.307 1.642956 0.857348249 -0.514736807 0 0 0
-3.004022 0.305954 1.642383 0.857348249 -0.514736807 0 0 0
-3.004022 0.305954 1.637473 0.857348249 -0.514736807 0 0 0
-3.003394 0.307 1.638126 0.857348249 -0.514736807 0 0 0
-3.003394 0.307 1.642956 0.857348249 -0.514736807 0 0 0
-3.004022 0.305954 1.70585 0.151931378 -0.988391044 0 0 0
-3.008745 0.305228 1.710973 0.151931378 -0.988391044 0 0 0
-3.008745 0.305228 1.705971 0.151931378 -0.988391044 0 0 0
-3.004022 0.305954 1.70585 0.151931378 -0.988391044 0 0 0
-3.004022 0.305954 1.71076 0.151931378 -0.988391044 0 0 0
-3.008745 0.305228 1.710973 0.151931378 -0.988391044 0 0 0
-3.008745 0.305228 1.63726 0.151931378 -0.988391044 0 0 0
-3.004022 0.305954 1.642383 0.151931378 -0.988391044 0 0 0
-3.008745 0.305228 1.642262 0.151931378 -0.988391044 0 0 0
-3.008745 0.305228 1.63726 0.151931378 -0.988391044 0 0 0
-3.004022 0.305954 1.637473 0.151931378 -0.988391044 0 0 0
-3.004022 0.305954 1.642383 0.151931378 -0.988391044 0 0 0
-3.003394 0.378529 1.685481 0.843696684 0.53682018 0 0 0
-3.004022 0.379516 1.67632 0.843696684 0.53682018 0 0 0
-3.004022 0.379516 1.685484 0.843696684 0.53682018 0 0 0
-3.003394 0.378529 1.685481 0.843696684 0.53682018 0 0 0
-3.003394 0.378529 1.676466 0.843696684 0.53682018 0 0 0
-3.004022 0.379516 1.67632 0.843696684 0.53682018 0 0 0
-3.004022 0.379516 1.671913 0.843696684 0.53682018 0 0 0
-3.003394 0.378529 1.662991 0.843696684 0.53682018 0 0 0
-3.004022 0.379516 1.662749 0.843696684 0.53682018 0 0 0
-3.004022 0.379516 1.671913 0.843696684 0.53682018 0 0 0
-3.003394 0.378529 1.672006 0.843696684 0.53682018 0 0 0
-3.003394 0.378529 1.662991 0.843696684 0.53682018 0 0 0
-3.004022 0.379516 1.685484 0.121266511 0.992619984 0 0 0
-3.008745 0.380093 1.675889 0.121266511 0.992619984 0 0 0
-3.008745 0.380093 1.685224 0.121266511 0.992619984 0 0 0
-3.004022 0.379516 1.685484 0.121266511 0.992619984 0 0 0
-3.004022 0.379516 1.67632 0.121266511 0.992619984 0 0 0
-3.008745 0.380093 1.675889 0.121266511 0.992619984 0 0 0
-3.008745 0.380093 1.672344 0.121266511 0.992619984 0 0 0
-3.004022 0.379516 1.662749 0.121266511 0.992619984 0 0 0
-3.008745 0.380093 1.663009 0.121266511 0.992619984 0 0 0
-3.008745 0.380093 1.672344 0.121266511 0.992619984 0 0 0
-3.004022 0.379516 1.671913 0.121266511 0.992619984 0 0 0
-3.004022 0.379516 1.662749 0.121266511 0.992619984 0 0 0
-3.003394 0.307 1.676466 0.857348249 -0.514736807 0 0 0
-3.004022 0.305954 1.685484 0.857348249 -0.514736807 0 0 0
-3.004022 0.305954 1.67632 0.857348249 -0.514736807 0 0 0
-3.003394 0.307 1.676466 0.857348249 -0.514736807 0 0 0
-3.003394 0.307 1.685481 0.857348249 -0.514736807 0 0 0
-3.004022 0.305954 1.685484 0.857348249 -0.514736807 0 0 0
-3.004022 0.305954 1.662749 0.857348249 -0.514736807 0 0 0
-3.003394 0.307 1.672006 0.857348249 -0.514736807 0 0 0
-3.004022 0.305954 1.671913 0.857348249 -0.514736807 0 0 0
-3.004022 0.305954 1.662749 0.857348249 -0.514736807 0 0 0
-3.003394 0.307 1.662991 0.857348249 -0.514736807 0 0 0
-3.003394 0.307 1.672006 0.857348249 -0.514736807 0 0 0
-3.004022 0.305954 1.67632 0.151931378 -0.988391044 0 0 0
-3.008745 0.305228 1.685224 0.151931378 -0.988391044 0 0 0
-3.008745 0.305228 1.675889 0.151931378 -0.988391044 0 0 0
-3.004022 0.305954 1.67632 0.151931378 -0.988391044 0 0 0
-3.004022 0.305954 1.685484 0.151931378 -0.988391044 0 0 0
-3.008745 0.305228 1.685224 0.151931378 -0.988391044 0 0 0
-3.008745 0.305228 1.663009 0.151931378 -0.988391044 0 0 0
-3.004022 0.305954 1.671913 0.151931378 -0.988391044 0 0 0
-3.008745 0.305228 1.672344 0.151931378 -0.988391044 0 0 0
-3.008745 0.305228 1.663009 0.151931378 -0.988391044 0 0 0
-3.004022 0.305954 1.662749 0.151931378 -0.988391044 0 0 0
-3.004022 0.305954 1.671913 0.151931378 -0.988391044 0 0 0
-3.003394 0.378529 1.676466 0.843696684 0.53682018 0 0 0
-3.004022 0.379516 1.674116 0.843696684 0.53682018 0 0 0
-3.004022 0.379516 1.67632 0.843696684 0.53682018 0 0 0
-3.003394 0.378529 1.676466 0.843696684 0.53682018 0 0 0
-3.003394 0.378529 1.674236 0.843696684 0.53682018 0 0 0
-3.004022 0.379516 1.674116 0.843696684 0.53682018 0 0 0
-3.004022 0.379516 1.674116 0.843696684 0.53682018 0 0 0
-3.003394 0.378529 1.672006 0.843696684 0.53682018 0 0 0
-3.004022 0.379516 1.671913 0.843696684 0.53682018 0 0 0
-3.004022 0.379516 1.674116 0.843696684 0.53682018 0 0 0
-3.003394 0.378529 1.674236 0.843696684 0.53682018 0 0 0
-3.003394 0.378529 1.672006 0.843696684 0.53682018 0 0 0
-3.004022 0.379516 1.67632 0.121266511 0.992619984 0 0 0
-3.008745 0.380093 1.674116 0.121266511 0.992619984 0 0 0
-3.008745 0.380093 1.675889 0.121266511 0.992619984 0 0 0
-3.004022 0.379516 1.67632 0.121266511 0.992619984 0 0 0
-3.004022 0.379516 1.674116 0.121266511 0.992619984 0 0 0
-3.008745 0.380093 1.674116 0.121266511 0.992619984 0 0 0
-3.008745 0.380093 1.674116 0.121266511 0.992619984 0 0 0
-3.004022 0.379516 1.671913 0.121266511 0.992619984 0 0 0
-3.008745 0.380093 1.672344 0.121266511 0.992619984 0 0 0
-3.008745 0.380093 1.674116 0.121266511 0.992619984 0 0 0
-3.004022 0.379516 1.674116 0.121266511 0.992619984 0 0 0
-3.004022 0.379516 1.671913 0.121266511 0.992619984 0 0 0
-3.003394 0.307 1.674236 0.857348249 -0.514736807 0 0 0
-3.004022 0.305954 1.67632 0.857348249 -0.514736807 0 0 0
-3.004022 0.305954 1.674116 0.857348249 -0.514736807 0 0 0
-3.003394 0.307 1.674236 0.857348249 -0.514736807 0 0 0
-3.003394 0.307 1.676466 0.857348249 -0.514736807 0 0 0
-3.004022 0.305954 1.67632 0.857348249 -0.514736807 0 0 0
-3.004022 0.305954 1.671913 0.857348249 -0.514736807 0 0 0
-3.003394 0.307 1.674236 0.857348249 -0.514736807 0 0 0
-3.004022 0.305954 1.674116 0.857348249 -0.514736807 0 0 0
-3.004022 0.305954 1.671913 0.857348249 -0.514736807 0 0 0
-3.003394 0.307 1.672006 0.857348249 -0.514736807 0 0 0
-3.003394 0.307 1.674236 0.857348249 -0.514736807 0 0 0
-3.004022 0.305954 1.674116 0.151931378 -0.988391044 0 0 0
-3.008745 0.305228 1.675889 0.151931378 -0.988391044 0 0 0
-3.008745 0.305228 1.674116 0.151931378 -0.988391044 0 0 0
-3.004022 0.305954 1.674116 0.151931378 -0.988391044 0 0 0
-3.004022 0.305954 1.67632 0.151931378 -0.988391044 0 0 0
-3.008745 0.305228 1.675889 0.151931378 -0.988391044 0 0 0
-3.008745 0.305228 1.672344 0.151931378 -0.988391044 0 0 0
-3.004022 0.305954 1.674116 0.151931378 -0.988391044 0 0 0
-3.008745 0.305228 1.674116 0.151931378 -0.988391044 0 0 0
-3.008745 0.305228 1.672344 0.151931378 -0.988391044 0 0 0
-3.004022 0.305954 1.671913 0.151931378 -0.988391044 0 0 0
-3.004022 0.305954 1.674116 0.151931378 -0.988391044 0 0 0
-3.003394 0.327759 1.731691 1 0 0 0 0
-3.003394 0.332557 1.73972 1 0 0 0 0
-3.003394 0.327759 1.73972 1 0 0 0 0
-3.003394 0.327759 1.731691 1 0 0 0 0
-3.003394 0.332557 1.731691 1 0 0 0 0
-3.003394 0.332557 1.73972 1 0 0 0 0
-3.003394 0.332557 1.608513 1 0 0 0 0
-3.003394 0.327759 1.616542 1 0 0 0 0
-3.003394 0.327759 1.608513 1 0 0 0 0
-3.003394 0.332557 1.608513 1 0 -0 0 0
-3.003394 0.332557 1.616542 1 0 -0 0 0
-3.003394 0.327759 1.616542 1 0 -0 0 0
-3.003394 0.327759 1.73972 1 0 0 0 0
-3.003394 0.332835 1.740474 1 0 0 0 0
-3.003394 0.328158 1.740474 1 0 0 0 0
-3.003394 0.327759 1.73972 1 0 0 0 0
-3.003394 0.332557 1.73972 1 0 0 0 0
-3.003394 0.332835 1.740474 1 0 0 0 0
-3.003394 0.332557 1.606953 1 0 0 0 0
-3.003394 0.327759 1.608513 1 0 0 0 0
-3.003394 0.327759 1.606953 1 0 0 0 0
-3.003394 0.332557 1.606953 1 0 -0 0 0
-3.003394 0.332557 1.608513 1 0 -0 0 0
-3.003394 0.327759 1.608513 1 0 -0 0 0
-3.003394 0.307 1.731016 1 0 0 0 0
-3.003394 0.327759 1.73972 1 0 0 0 0
-3.003394 0.307 1.738935 1 0 0 0 0
-3.003394 0.307 1.731016 1 0 0 0 0
-3.003394 0.327759 1.731691 1 0 0 0 0
-3.003394 0.327759 1.73972 1 0 0 0 0
-3.003394 0.327759 1.608513 1 0 0 0 0
-3.003394 0.307 1.617456 1 0 0 0 0
-3.003394 0.307 1.609537 1 0 0 0 0
-3.003394 0.327759 1.608513 1 0 -0 0 0
-3.003394 0.327759 1.616542 1 0 -0 0 0
-3.003394 0.307 1.617456 1 0 -0 0 0
-3.003394 0.307 1.738935 1 0 0 0 0
-3.003394 0.328158 1.740474 1 0 0 0 0
-3.003394 0.307 1.740474 1 0 0 0 0
-3.003394 0.307 1.738935 1 0 0 0 0
-3.003394 0.327759 1.73972 1 0 0 0 0
-3.003394 0.328158 1.740474 1 0 0 0 0
-3.003394 0.327759 1.606953 1 0 0 0 0
-3.003394 0.307 1.609537 1 0 0 0 0
-3.003394 0.307 1.607998 1 0 0 0 0
-3.003394 0.327759 1.606953 1 0 -0 0 0
-3.003394 0.327759 1.608513 1 0 -0 0 0
-3.003394 0.307 1.609537 1 0 -0 0 0
-3.003394 0.332557 1.731691 1 0 0 0 0
-3.003394 0.338851 1.73972 1 0 0 0 0
-3.003394 0.332557 1.73972 1 0 0 0 0
-3.003394 0.332557 1.731691 1 0 0 0 0
-3.003394 0.338851 1.731691 1 0 0 0 0
-3.003394 0.338851 1.73972 1 0 0 0 0
-3.003394 0.338851 1.608513 1 0 0 0 0
-3.003394 0.332557 1.616542 1 0 0 0 0
-3.003394 0.332557 1.608513 1 0 0 0 0
-3.003394 0.338851 1.608513 1 0 -0 0 0
-3.003394 0.338851 1.616542 1 0 -0 0 0
-3.003394 0.332557 1.616542 1 0 -0 0 0
-3.003394 0.332557 1.73972 1 0 0 0 0
-3.003394 0.338969 1.740474 1 0 0 0 0
-3.003394 0.332835 1.740474 1 0 0 0 0
-3.003394 0.332557 1.73972 1 0 0 0 0
-3.003394 0.338851 1.73972 1 0 0 0 0
-3.003394 0.338969 1.740474 1 0 0 0 0
-3.003394 0.338851 1.606953 1 0 0 0 0
-3.003394 0.332557 1.608513 1 0 0 0 0
-3.003394 0.332557 1.606953 1 0 0 0 0
-3.003394 0.338851 1.606953 1 0 -0 0 0
-3.003394 0.338851 1.608513 1 0 -0 0 0
-3.003394 0.332557 1.608513 1 0 -0 0 0
-3.003394 0.35429 1.740474 1 0 0 0 0
-3.003394 0.346452 1.73972 1 0 0 0 0
-3.003394 0.35457 1.73972 1 0 0 0 0
-3.003394 0.35429 1.740474 1 0 0 0 0
-3.003394 0.346378 1.740474 1 0 0 0 0
-3.003394 0.346452 1.73972 1 0 0 0 0
-3.003394 0.346452 1.608513 1 -0 0 0 0
-3.003394 0.35457 1.606953 1 -0 0 0 0
-3.003394 0.35457 1.608513 1 -0 0 0 0
-3.003394 0.346452 1.608513 1 0 0 0 0
-3.003394 0.346452 1.606953 1 0 0 0 0
-3.003394 0.35457 1.606953 1 0 0 0 0
-3.003394 0.35457 1.73972 1 0 0 0 0
-3.003394 0.346453 1.731691 1 0 0 0 0
-3.003394 0.35457 1.731691 1 0 0 0 0
-3.003394 0.35457 1.73972 1 0 0 0 0
-3.003394 0.346452 1.73972 1 0 0 0 0
-3.003394 0.346453 1.731691 1 0 0 0 0
-3.003394 0.346453 1.616542 1 -0 0 0 0
-3.003394 0.35457 1.608513 1 -0 0 0 0
-3.003394 0.35457 1.616542 1 -0 0 0 0
-3.003394 0.346453 1.616542 1 0 0 0 0
-3.003394 0.346452 1.608513 1 0 0 0 0
-3.003394 0.35457 1.608513 1 0 0 0 0
-3.003394 0.36847 1.740474 1 0 0 0 0
-3.003394 0.35457 1.73972 1 0 0 0 0
-3.003394 0.369119 1.73972 1 0 0 0 0
-3.003394 0.36847 1.740474 1 0 0 0 0
-3.003394 0.35429 1.740474 1 0 0 0 0
-3.003394 0.35457 1.73972 1 0 0 0 0
-3.003394 0.35457 1.608513 1 -0 0 0 0
-3.003394 0.369119 1.606953 1 -0 0 0 0
-3.003394 0.369119 1.608513 1 -0 0 0 0
-3.003394 0.35457 1.608513 1 0 0 0 0
-3.003394 0.35457 1.606953 1 0 0 0 0
-3.003394 0.369119 1.606953 1 0 0 0 0
-3.003394 0.369119 1.73972 1 0 0 0 0
-3.003394 0.35457 1.731691 1 0 0 0 0
-3.003394 0.369119 1.731691 1 0 0 0 0
-3.003394 0.369119 1.73972 1 0 0 0 0
-3.003394 0.35457 1.73972 1 0 0 0 0
-3.003394 0.35457 1.731691 1 0 0 0 0
-3.003394 0.35457 1.616542 1 -0 0 0 0
-3.003394 0.369119 1.608513 1 -0 0 0 0
-3.003394 0.369119 1.616542 1 -0 0 0 0
-3.003394 0.35457 1.616542 1 0 0 0 0
-3.003394 0.35457 1.608513 1 0 0 0 0
-3.003394 0.369119 1.608513 1 0 0 0 0
-3.003394 0.342633 1.740474 1 0 0 0 0
-3.003394 0.338851 1.73972 1 0 0 0 0
-3.003394 0.34261 1.739719 1 0 0 0 0
-3.003394 0.342633 1.740474 1 0 0 0 0
-3.003394 0.338969 1.740474 1 0 0 0 0
-3.003394 0.338851 1.73972 1 0 0 0 0
-3.003394 0.338851 1.608513 1 -0 0 0 0
-3.003394 0.34261 1.606953 1 -0 0 0 0
-3.003394 0.34261 1.608514 1 -0 0 0 0
-3.003394 0.338851 1.608513 1 0 0 0 0
-3.003394 0.338851 1.606953 1 0 0 0 0
-3.003394 0.34261 1.606953 1 0 0 0 0
-3.003394 0.34261 1.739719 1 0 0 0 0
-3.003394 0.338851 1.731691 1 0 0 0 0
-3.003394 0.342613 1.731682 1 0 0 0 0
-3.003394 0.34261 1.739719 1 0 0 0 0
-3.003394 0.338851 1.73972 1 0 0 0 0
-3.003394 0.338851 1.731691 1 0 0 0 0
-3.003394 0.338851 1.616542 1 -0 0 0 0
-3.003394 0.34261 1.608514 1 -0 0 0 0
-3.003394 0.342613 1.616551 1 -0 0 0 0
-3.003394 0.338851 1.616542 1 0 0 0 0
-3.003394 0.338851 1.608513 1 0 0 0 0
-3.003394 0.34261 1.608514 1 0 0 0 0
-3.003394 0.346378 1.740474 1 0 0 0 0
-3.003394 0.34261 1.739719 1 0 0 0 0
-3.003394 0.346452 1.73972 1 0 0 0 0
-3.003394 0.346378 1.740474 1 0 0 0 0
-3.003394 0.342633 1.740474 1 0 0 0 0
-3.003394 0.34261 1.739719 1 0 0 0 0
-3.003394 0.34261 1.608514 1 0 0 0 0
-3.003394 0.346452 1.606953 1 0 0 0 0
-3.003394 0.346452 1.608513 1 0 0 0 0
-3.003394 0.34261 1.608514 1 0 0 0 0
-3.003394 0.34261 1.606953 1 0 0 0 0
-3.003394 0.346452 1.606953 1 0 0 0 0
-3.003394 0.346452 1.73972 1 0 0 0 0
-3.003394 0.342613 1.731682 1 0 0 0 0
-3.003394 0.346453 1.731691 1 0 0 0 0
-3.003394 0.346452 1.73972 1 0 0 0 0
-3.003394 0.34261 1.739719 1 0 0 0 0
-3.003394 0.342613 1.731682 1 0 0 0 0
-3.003394 0.342613 1.616551 1 0 0 0 0
-3.003394 0.346452 1.608513 1 0 0 0 0
-3.003394 0.346453 1.616542 1 0 0 0 0
-3.003394 0.342613 1.616551 1 0 0 0 0
-3.003394 0.34261 1.608514 1 0 0 0 0
-3.003394 0.346452 1.608513 1 0 0 0 0
-3.003394 0.378529 1.738935 0.843696684 0.53682018 -0 0 0
-3.004022 0.379516 1.741385 0.843696684 0.53682018 -0 0 0
-3.003394 0.378529 1.740474 0.843696684 0.53682018 -0 0 0
-3.003394 0.378529 1.738935 0.843696684 0.53682018 0 0 0
-3.004022 0.379516 1.739821 0.843696684 0.53682018 0 0 0
-3.004022 0.379516 1.741385 0.843696684 0.53682018 0 0 0
-3.004022 0.379516 1.606848 0.843696684 0.53682018 0 0 0
-3.003394 0.378529 1.609537 0.843696684 0.53682018 0 0 0
-3.003394 0.378529 1.607998 0.843696684 0.53682018 0 0 0
-3.004022 0.379516 1.606848 0.843696684 0.53682018 -0 0 0
-3.004022 0.379516 1.608412 0.843696684 0.53682018 -0 0 0
-3.003394 0.378529 1.609537 0.843696684 0.53682018 -0 0 0
-3.004022 0.379516 1.739821 0.843696684 0.53682018 0 0 0
-3.003394 0.378529 1.731016 0.843696684 0.53682018 0 0 0
-3.004022 0.379516 1.731771 0.843696684 0.53682018 0 0 0
-3.004022 0.379516 1.739821 0.843696684 0.53682018 0 0 0
-3.003394 0.378529 1.738935 0.843696684 0.53682018 0 0 0
-3.003394 0.378529 1.731016 0.843696684 0.53682018 0 0 0
-3.003394 0.378529 1.617456 0.843696684 0.53682018 0 0 0
-3.004022 0.379516 1.608412 0.843696684 0.53682018 0 0 0
-3.004022 0.379516 1.616461 0.843696684 0.53682018 0 0 0
-3.003394 0.378529 1.617456 0.843696684 0.53682018 0 0 0
-3.003394 0.378529 1.609537 0.843696684 0.53682018 0 0 0
-3.004022 0.379516 1.608412 0.843696684 0.53682018 0 0 0
-3.008745 0.380093 1.742171 0.121266511 0.992619984 0 0 0
-3.004022 0.379516 1.739821 0.121266511 0.992619984 0 0 0
-3.008745 0.380093 1.740577 0.121266511 0.992619984 0 0 0
-3.008745 0.380093 1.742171 0.121266511 0.992619984 0 0 0
-3.004022 0.379516 1.741385 0.121266511 0.992619984 0 0 0
-3.004022 0.379516 1.739821 0.121266511 0.992619984 0 0 0
-3.004022 0.379516 1.608412 0.121266511 0.992619984 0 0 0
-3.008745 0.380093 1.606062 0.121266511 0.992619984 0 0 0
-3.008745 0.380093 1.607655 0.121266511 0.992619984 0 0 0
-3.004022 0.379516 1.608412 0.121266511 0.992619984 0 0 0
-3.004022 0.379516 1.606848 0.121266511 0.992619984 0 0 0
-3.008745 0.380093 1.606062 0.121266511 0.992619984 0 0 0
-3.008745 0.380093 1.740577 0.121266511 0.992619984 0 0 0
-3.004022 0.379516 1.731771 0.121266511 0.992619984 0 0 0
-3.008745 0.380093 1.732377 0.121266511 0.992619984 0 0 0
-3.008745 0.380093 1.740577 0.121266511 0.992619984 0 0 0
-3.004022 0.379516 1.739821 0.121266511 0.992619984 0 0 0
-3.004022 0.379516 1.731771 0.121266511 0.992619984 0 0 0
-3.004022 0.379516 1.616461 0.121266511 0.992619984 0 0 0
-3.008745 0.380093 1.607655 0.121266511 0.992619984 0 0 0
-3.008745 0.380093 1.615855 0.121266511 0.992619984 0 0 0
-3.004022 0.379516 1.616461 0.121266511 0.992619984 0 0 0
-3.004022 0.379516 1.608412 0.121266511 0.992619984 0 0 0
-3.008745 0.380093 1.607655 0.121266511 0.992619984 0 0 0
-3.004022 0.305954 1.731771 0.857348249 -0.514736807 0 0 0
-3.003394 0.307 1.738935 0.857348249 -0.514736807 0 0 0
-3.004022 0.305954 1.739821 0.857348249 -0.514736807 0 0 0
-3.004022 0.305954 1.731771 0.857348249 -0.514736807 0 0 0
-3.003394 0.307 1.731016 0.857348249 -0.514736807 0 0 0
-3.003394 0.307 1.738935 0.857348249 -0.514736807 0 0 0
-3.003394 0.307 1.609537 0.857348249 -0.514736807 0 0 0
-3.004022 0.305954 1.616461 0.857348249 -0.514736807 0 0 0
-3.004022 0.305954 1.608412 0.857348249 -0.514736807 0 0 0
-3.003394 0.307 1.609537 0.857348249 -0.514736807 0 0 0
-3.003394 0.307 1.617456 0.857348249 -0.514736807 0 0 0
-3.004022 0.305954 1.616461 0.857348249 -0.514736807 0 0 0
-3.004022 0.305954 1.739821 0.857348249 -0.514736807 0 0 0
-3.003394 0.307 1.740474 0.857348249 -0.514736807 0 0 0
-3.004022 0.305954 1.741385 0.857348249 -0.514736807 0 0 0
-3.004022 0.305954 1.739821 0.857348249 -0.514736807 0 0 0
-3.003394 0.307 1.738935 0.857348249 -0.514736807 0 0 0
-3.003394 0.307 1.740474 0.857348249 -0.514736807 0 0 0
-3.003394 0.307 1.607998 0.857348249 -0.514736807 0 0 0
-3.004022 0.305954 1.608412 0.857348249 -0.514736807 0 0 0
-3.004022 0.305954 1.606848 0.857348249 -0.514736807 0 0 0
-3.003394 0.307 1.607998 0.857348249 -0.514736807 0 0 0
-3.003394 0.307 1.609537 0.857348249 -0.514736807 0 0 0
-3.004022 0.305954 1.608412 0.857348249 -0.514736807 0 0 0
-3.008745 0.305228 1.732377 0.151931378 -0.988391044 0 0 0
-3.004022 0.305954 1.739821 0.151931378 -0.988391044 0 0 0
-3.008745 0.305228 1.740577 0.151931378 -0.988391044 0 0 0
-3.008745 0.305228 1.732377 0.151931378 -0.988391044 0 0 0
-3.004022 0.305954 1.731771 0.151931378 -0.988391044 0 0 0
-3.004022 0.305954 1.739821 0.151931378 -0.988391044 0 0 0
-3.004022 0.305954 1.608412 0.151931378 -0.988391044 0 0 0
-3.008745 0.305228 1.615855 0.151931378 -0.988391044 0 0 0
-3.008745 0.305228 1.607655 0.151931378 -0.988391044 0 0 0
-3.004022 0.305954 1.608412 0.151931378 -0.988391044 0 0 0
-3.004022 0.305954 1.616461 0.151931378 -0.988391044 0 0 0
-3.008745 0.305228 1.615855 0.151931378 -0.988391044 0 0 0
-3.008745 0.305228 1.740577 0.151931378 -0.988391044 0 0 0
-3.004022 0.305954 1.741385 0.151931378 -0.988391044 0 0 0
-3.008745 0.305228 1.742171 0.151931378 -0.988391044 0 0 0
-3.008745 0.305228 1.740577 0.151931378 -0.988391044 0 0 0
-3.004022 0.305954 1.739821 0.151931378 -0.988391044 0 0 0
-3.004022 0.305954 1.741385 0.151931378 -0.988391044 0 0 0
-3.004022 0.305954 1.606848 0.151931378 -0.988391044 0 0 0
-3.008745 0.305228 1.607655 0.151931378 -0.988391044 0 0 0
-3.008745 0.305228 1.606062 0.151931378 -0.988391044 0 0 0
-3.004022 0.305954 1.606848 0.151931378 -0.988391044 0 0 0
-3.004022 0.305954 1.608412 0.151931378 -0.988391044 0 0 0
-3.008745 0.305228 1.607655 0.151931378 -0.988391044 0 0 0
-3.003394 0.378529 1.674236 1 0 0 0 0
-3.003394 0.377798 1.676377 1 0 0 0 0
-3.003394 0.377798 1.674116 1 0 0 0 0
-3.003394 0.378529 1.674236 1 0 -0 0 0
-3.003394 0.378529 1.676466 1 0 -0 0 0
-3.003394 0.377798 1.676377 1 0 -0 0 0
-3.003394 0.377798 1.671855 1 0 0 0 0
-3.003394 0.378529 1.674236 1 0 0 0 0
-3.003394 0.377798 1.674116 1 0 0 0 0
-3.003394 0.377798 1.671855 1 0 0 0 0
-3.003394 0.378529 1.672006 1 0 0 0 0
-3.003394 0.378529 1.674236 1 0 0 0 0
-3.003394 0.377798 1.674116 1 0 0 0 0
-3.003394 0.369119 1.676377 1 0 0 0 0
-3.003394 0.369119 1.674116 1 0 0 0 0
-3.003394 0.377798 1.674116 1 0 -0 0 0
-3.003394 0.377798 1.676377 1 0 -0 0 0
-3.003394 0.369119 1.676377 1 0 -0 0 0
-3.003394 0.369119 1.671855 1 0 0 0 0
-3.003394 0.377798 1.674116 1 0 0 0 0
-3.003394 0.369119 1.674116 1 0 0 0 0
-3.003394 0.369119 1.671855 1 0 0 0 0
-3.003394 0.377798 1.671855 1 0 0 0 0
-3.003394 0.377798 1.674116 1 0 0 0 0
-3.003394 0.378529 1.676466 1 0 0 0 0
-3.003394 0.377798 1.685519 1 0 0 0 0
-3.003394 0.377798 1.676377 1 0 0 0 0
-3.003394 0.378529 1.676466 1 0 -0 0 0
-3.003394 0.378529 1.685481 1 0 -0 0 0
-3.003394 0.377798 1.685519 1 0 -0 0 0
-3.003394 0.377798 1.662714 1 0 0 0 0
-3.003394 0.378529 1.672006 1 0 0 0 0
-3.003394 0.377798 1.671855 1 0 0 0 0
-3.003394 0.377798 1.662714 1 0 0 0 0
-3.003394 0.378529 1.662991 1 0 0 0 0
-3.003394 0.378529 1.672006 1 0 0 0 0
-3.003394 0.377798 1.676377 1 0 0 0 0
-3.003394 0.369119 1.685519 1 0 0 0 0
-3.003394 0.369119 1.676377 1 0 0 0 0
-3.003394 0.377798 1.676377 1 0 -0 0 0
-3.003394 0.377798 1.685519 1 0 -0 0 0
-3.003394 0.369119 1.685519 1 0 -0 0 0
-3.003394 0.369119 1.662714 1 0 0 0 0
-3.003394 0.377798 1.671855 1 0 0 0 0
-3.003394 0.369119 1.671855 1 0 0 0 0
-3.003394 0.369119 1.662714 1 0 0 0 0
-3.003394 0.377798 1.662714 1 0 0 0 0
-3.003394 0.377798 1.671855 1 0 0 0 0
-3.003394 0.378529 1.705516 1 0 0 0 0
-3.003394 0.377798 1.710732 1 0 0 0 0
-3.003394 0.377798 1.705833 1 0 0 0 0
-3.003394 0.378529 1.705516 1 0 -0 0 0
-3.003394 0.378529 1.710346 1 0 -0 0 0
-3.003394 0.377798 1.710732 1 0 -0 0 0
-3.003394 0.377798 1.637501 1 0 0 0 0
-3.003394 0.378529 1.642956 1 0 0 0 0
-3.003394 0.377798 1.642399 1 0 0 0 0
-3.003394 0.377798 1.637501 1 0 0 0 0
-3.003394 0.378529 1.638126 1 0 0 0 0
-3.003394 0.378529 1.642956 1 0 0 0 0
-3.003394 0.377798 1.705833 1 0 0 0 0
-3.003394 0.369119 1.710732 1 0 0 0 0
-3.003394 0.369119 1.705833 1 0 0 0 0
-3.003394 0.377798 1.705833 1 0 -0 0 0
-3.003394 0.377798 1.710732 1 0 -0 0 0
-3.003394 0.369119 1.710732 1 0 -0 0 0
-3.003394 0.369119 1.637501 1 0 0 0 0
-3.003394 0.377798 1.642399 1 0 0 0 0
-3.003394 0.369119 1.642399 1 0 0 0 0
-3.003394 0.369119 1.637501 1 0 0 0 0
-3.003394 0.377798 1.637501 1 0 0 0 0
-3.003394 0.377798 1.642399 1 0 0 0 0
-3.003394 0.378529 1.685481 1 0 0 0 0
-3.003394 0.377798 1.694999 1 0 0 0 0
-3.003394 0.377798 1.685519 1 0 0 0 0
-3.003394 0.378529 1.685481 1 0 -0 0 0
-3.003394 0.378529 1.69483 1 0 -0 0 0
-3.003394 0.377798 1.694999 1 0 -0 0 0
-3.003394 0.377798 1.653234 1 0 0 0 0
-3.003394 0.378529 1.662991 1 0 0 0 0
-3.003394 0.377798 1.662714 1 0 0 0 0
-3.003394 0.377798 1.653234 1 0 0 0 0
-3.003394 0.378529 1.653641 1 0 0 0 0
-3.003394 0.378529 1.662991 1 0 0 0 0
-3.003394 0.377798 1.685519 1 0 0 0 0
-3.003394 0.369119 1.694999 1 0 0 0 0
-3.003394 0.369119 1.685519 1 0 0 0 0
-3.003394 0.377798 1.685519 1 0 -0 0 0
-3.003394 0.377798 1.694999 1 0 -0 0 0
-3.003394 0.369119 1.694999 1 0 -0 0 0
-3.003394 0.369119 1.653234 1 0 0 0 0
-3.003394 0.377798 1.662714 1 0 0 0 0
-3.003394 0.369119 1.662714 1 0 0 0 0
-3.003394 0.369119 1.653234 1 0 0 0 0
-3.003394 0.377798 1.653234 1 0 0 0 0
-3.003394 0.377798 1.662714 1 0 0 0 0
-3.003394 0.378529 1.702132 1 0 0 0 0
-3.003394 0.377798 1.705833 1 0 0 0 0
-3.003394 0.377798 1.702403 1 0 0 0 0
-3.003394 0.378529 1.702132 1 0 -0 0 0
-3.003394 0.378529 1.705516 1 0 -0 0 0
-3.003394 0.377798 1.705833 1 0 -0 0 0
-3.003394 0.377798 1.642399 1 0 0 0 0
-3.003394 0.378529 1.64634 1 0 0 0 0
-3.003394 0.377798 1.64583 1 0 0 0 0
-3.003394 0.377798 1.642399 1 0 0 0 0
-3.003394 0.378529 1.642956 1 0 0 0 0
-3.003394 0.378529 1.64634 1 0 0 0 0
-3.003394 0.377798 1.702403 1 0 0 0 0
-3.003394 0.369119 1.705833 1 0 0 0 0
-3.003394 0.369119 1.702403 1 0 0 0 0
-3.003394 0.377798 1.702403 1 0 -0 0 0
-3.003394 0.377798 1.705833 1 0 -0 0 0
-3.003394 0.369119 1.705833 1 0 -0 0 0
-3.003394 0.369119 1.642399 1 0 0 0 0
-3.003394 0.377798 1.64583 1 0 0 0 0
-3.003394 0.369119 1.64583 1 0 0 0 0
-3.003394 0.369119 1.642399 1 0 0 0 0
-3.003394 0.377798 1.642399 1 0 0 0 0
-3.003394 0.377798 1.64583 1 0 0 0 0
-3.003394 0.378529 1.69483 1 0 0 0 0
-3.003394 0.377798 1.702403 1 0 0 0 0
-3.003394 0.377798 1.694999 1 0 0 0 0
-3.003394 0.378529 1.69483 1 0 -0 0 0
-3.003394 0.378529 1.702132 1 0 -0 0 0
-3.003394 0.377798 1.702403 1 0 -0 0 0
-3.003394 0.377798 1.64583 1 0 0 0 0
-3.003394 0.378529 1.653641 1 0 0 0 0
-3.003394 0.377798 1.653234 1 0 0 0 0
-3.003394 0.377798 1.64583 1 0 0 0 0
-3.003394 0.378529 1.64634 1 0 0 0 0
-3.003394 0.378529 1.653641 1 0 0 0 0
-3.003394 0.377798 1.694999 1 0 0 0 0
-3.003394 0.369119 1.702403 1 0 0 0 0
-3.003394 0.369119 1.694999 1 0 0 0 0
-3.003394 0.377798 1.694999 1 0 -0 0 0
-3.003394 0.377798 1.702403 1 0 -0 0 0
-3.003394 0.369119 1.702403 1 0 -0 0 0
-3.003394 0.369119 1.64583 1 0 0 0 0
-3.003394 0.377798 1.653234 1 0 0 0 0
-3.003394 0.369119 1.653234 1 0 0 0 0
-3.003394 0.369119 1.64583 1 0 0 0 0
-3.003394 0.377798 1.64583 1 0 0 0 0
-3.003394 0.377798 1.653234 1 0 0 0 0
-3.003394 0.378529 1.710346 1 0 0 0 0
-3.003394 0.377798 1.714742 1 0 0 0 0
-3.003394 0.377798 1.710732 1 0 0 0 0
-3.003394 0.378529 1.710346 1 0 -0 0 0
-3.003394 0.378529 1.714301 1 0 -0 0 0
-3.003394 0.377798 1.714742 1 0 -0 0 0
-3.003394 0.377798 1.633491 1 0 0 0 0
-3.003394 0.378529 1.638126 1 0 0 0 0
-3.003394 0.377798 1.637501 1 0 0 0 0
-3.003394 0.377798 1.633491 1 0 0 0 0
-3.003394 0.378529 1.634171 1 0 0 0 0
-3.003394 0.378529 1.638126 1 0 0 0 0
-3.003394 0.377798 1.710732 1 0 0 0 0
-3.003394 0.369119 1.714742 1 0 0 0 0
-3.003394 0.369119 1.710732 1 0 0 0 0
-3.003394 0.377798 1.710732 1 0 -0 0 0
-3.003394 0.377798 1.714742 1 0 -0 0 0
-3.003394 0.369119 1.714742 1 0 -0 0 0
-3.003394 0.369119 1.633491 1 0 0 0 0
-3.003394 0.377798 1.637501 1 0 0 0 0
-3.003394 0.369119 1.637501 1 0 0 0 0
-3.003394 0.369119 1.633491 1 0 0 0 0
-3.003394 0.377798 1.633491 1 0 0 0 0
-3.003394 0.377798 1.637501 1 0 0 0 0
-3.003394 0.378529 1.714301 1 0 0 0 0
-3.003394 0.377798 1.721834 1 0 0 0 0
-3.003394 0.377798 1.714742 1 0 0 0 0
-3.003394 0.378529 1.714301 1 0 -0 0 0
-3.003394 0.378529 1.721295 1 0 -0 0 0
-3.003394 0.377798 1.721834 1 0 -0 0 0
-3.003394 0.377798 1.626399 1 0 0 0 0
-3.003394 0.378529 1.634171 1 0 0 0 0
-3.003394 0.377798 1.633491 1 0 0 0 0
-3.003394 0.377798 1.626399 1 0 0 0 0
-3.003394 0.378529 1.627177 1 0 0 0 0
-3.003394 0.378529 1.634171 1 0 0 0 0
-3.003394 0.377798 1.714742 1 0 0 0 0
-3.003394 0.369119 1.721834 1 0 0 0 0
-3.003394 0.369119 1.714742 1 0 0 0 0
-3.003394 0.377798 1.714742 1 0 -0 0 0
-3.003394 0.377798 1.721834 1 0 -0 0 0
-3.003394 0.369119 1.721834 1 0 -0 0 0
-3.003394 0.369119 1.626399 1 0 0 0 0
-3.003394 0.377798 1.633491 1 0 0 0 0
-3.003394 0.369119 1.633491 1 0 0 0 0
-3.003394 0.369119 1.626399 1 0 0 0 0
-3.003394 0.377798 1.626399 1 0 0 0 0
-3.003394 0.377798 1.633491 1 0 0 0 0
-3.003394 0.378529 1.721295 1 0 0 0 0
-3.003394 0.377798 1.724123 1 0 0 0 0
-3.003394 0.377798 1.721834 1 0 0 0 0
-3.003394 0.378529 1.721295 1 0 -0 0 0
-3.003394 0.378529 1.723553 1 0 -0 0 0
-3.003394 0.377798 1.724123 1 0 -0 0 0
-3.003394 0.377798 1.62411 1 0 0 0 0
-3.003394 0.378529 1.627177 1 0 0 0 0
-3.003394 0.377798 1.626399 1 0 0 0 0
-3.003394 0.377798 1.62411 1 0 0 0 0
-3.003394 0.378529 1.624919 1 0 0 0 0
-3.003394 0.378529 1.627177 1 0 0 0 0
-3.003394 0.377798 1.721834 1 0 0 0 0
-3.003394 0.369119 1.724123 1 0 0 0 0
-3.003394 0.369119 1.721834 1 0 0 0 0
-3.003394 0.377798 1.721834 1 0 -0 0 0
-3.003394 0.377798 1.724123 1 0 -0 0 0
-3.003394 0.369119 1.724123 1 0 -0 0 0
-3.003394 0.369119 1.62411 1 0 0 0 0
-3.003394 0.377798 1.626399 1 0 0 0 0
-3.003394 0.369119 1.626399 1 0 0 0 0
-3.003394 0.369119 1.62411 1 0 0 0 0
-3.003394 0.377798 1.62411 1 0 0 0 0
-3.003394 0.377798 1.626399 1 0 0 0 0
-3.003394 0.378529 1.727285 1 0 0 0 0
-3.003394 0.377798 1.731691 1 0 0 0 0
-3.003394 0.377798 1.727907 1 0 0 0 0
-3.003394 0.378529 1.727285 1 0 -0 0 0
-3.003394 0.378529 1.731016 1 0 -0 0 0
-3.003394 0.377798 1.731691 1 0 -0 0 0
-3.003394 0.377798 1.616542 1 0 0 0 0
-3.003394 0.378529 1.621187 1 0 0 0 0
-3.003394 0.377798 1.620326 1 0 0 0 0
-3.003394 0.377798 1.616542 1 0 0 0 0
-3.003394 0.378529 1.617456 1 0 0 0 0
-3.003394 0.378529 1.621187 1 0 0 0 0
-3.003394 0.377798 1.727907 1 0 0 0 0
-3.003394 0.369119 1.731691 1 0 0 0 0
-3.003394 0.369119 1.727907 1 0 0 0 0
-3.003394 0.377798 1.727907 1 0 -0 0 0
-3.003394 0.377798 1.731691 1 0 -0 0 0
-3.003394 0.369119 1.731691 1 0 -0 0 0
-3.003394 0.369119 1.616542 1 0 0 0 0
-3.003394 0.377798 1.620326 1 0 0 0 0
-3.003394 0.369119 1.620326 1 0 0 0 0
-3.003394 0.369119 1.616542 1 0 0 0 0
-3.003394 0.377798 1.616542 1 0 0 0 0
-3.003394 0.377798 1.620326 1 0 0 0 0
-3.003394 0.378529 1.723553 1 0 0 0 0
-3.003394 0.377798 1.727907 1 0 0 0 0
-3.003394 0.377798 1.724123 1 0 0 0 0
-3.003394 0.378529 1.723553 1 0 -0 0 0
-3.003394 0.378529 1.727285 1 0 -0 0 0
-3.003394 0.377798 1.727907 1 0 -0 0 0
-3.003394 0.377798 1.620326 1 0 0 0 0
-3.003394 0.378529 1.624919 1 0 0 0 0
-3.003394 0.377798 1.62411 1 0 0 0 0
-3.003394 0.377798 1.620326 1 0 0 0 0
-3.003394 0.378529 1.621187 1 0 0 0 0
-3.003394 0.378529 1.624919 1 0 0 0 0
-3.003394 0.377798 1.724123 1 0 0 0 0
-3.003394 0.369119 1.727907 1 0 0 0 0
-3.003394 0.369119 1.724123 1 0 0 0 0
-3.003394 0.377798 1.724123 1 0 -0 0 0
-3.003394 0.377798 1.727907 1 0 -0 0 0
-3.003394 0.369119 1.727907 1 0 -0 0 0
-3.003394 0.369119 1.620326 1 0 0 0 0
-3.003394 0.377798 1.62411 1 0 0 0 0
-3.003394 0.369119 1.62411 1 0 0 0 0
-3.003394 0.369119 1.620326 1 0 0 0 0
-3.003394 0.377798 1.620326 1 0 0 0 0
-3.003394 0.377798 1.62411 1 0 0 0 0
-3.004022 0.369171 1.741385 0.823329289 -0 0.567563989 0 0
-3.003394 0.376929 1.740474 0.823329289 -0 0.567563989 0 0
-3.004022 0.377871 1.741385 0.823329289 -0 0.567563989 0 0
-3.004022 0.369171 1.741385 0.823329289 0 0.567563989 0 0
-3.003394 0.36847 1.740474 0.823329289 0 0.567563989 0 0
-3.003394 0.376929 1.740474 0.823329289 0 0.567563989 0 0
-3.003394 0.377798 1.606953 0.164908335 0 -0.986308897 0 0
-3.004022 0.369171 1.606848 0.164908335 0 -0.986308897 0 0
-3.004022 0.377871 1.606848 0.164908335 0 -0.986308897 0 0
-3.003394 0.377798 1.606953 0.164908335 0 -0.986308897 0 0
-3.003394 0.369119 1.606953 0.164908335 0 -0.986308897 0 0
-3.004022 0.369171 1.606848 0.164908335 0 -0.986308897 0 0
-3.003394 0.378529 1.740474 0.823329289 0 0.567563989 0 0
-3.004022 0.377871 1.741385 0.823329289 0 0.567563989 0 0
-3.003394 0.376929 1.740474 0.823329289 0 0.567563989 0 0
-3.003394 0.378529 1.740474 0.823329289 0 0.567563989 0 0
-3.004022 0.379516 1.741385 0.823329289 0 0.567563989 0 0
-3.004022 0.377871 1.741385 0.823329289 0 0.567563989 0 0
-3.004022 0.377871 1.606848 0.187692008 0.804853352 -0.563012249 0 0
-3.003394 0.378529 1.607998 0.187692008 0.804853352 -0.563012249 0 0
-3.003394 0.377798 1.606953 0.187692008 0.804853352 -0.563012249 0 0
-3.004022 0.377871 1.606848 0.877662138 0 -0.479279846 0 0
-3.004022 0.379516 1.606848 0.877662138 0 -0.479279846 0 0
-3.003394 0.378529 1.607998 0.877662138 0 -0.479279846 0 0
-3.008745 0.369565 1.742171 0.164161901 -0 0.986433409 0 0
-3.004022 0.377871 1.741385 0.164161901 -0 0.986433409 0 0
-3.008745 0.378419 1.742171 0.164161901 -0 0.986433409 0 0
-3.008745 0.369565 1.742171 0.164161901 0 0.986433409 0 0
-3.004022 0.369171 1.741385 0.164161901 0 0.986433409 0 0
-3.004022 0.377871 1.741385 0.164161901 0 0.986433409 0 0
-3.004022 0.377871 1.606848 0.164161901 0 -0.986433409 0 0
-3.008745 0.369565 1.606062 0.164161901 0 -0.986433409 0 0
-3.008745 0.378419 1.606062 0.164161901 0 -0.986433409 0 0
-3.004022 0.377871 1.606848 0.164161901 0 -0.986433409 0 0
-3.004022 0.369171 1.606848 0.164161901 0 -0.986433409 0 0
-3.008745 0.369565 1.606062 0.164161901 0 -0.986433409 0 0
-3.008745 0.378419 1.742171 0.164161901 -0 0.986433409 0 0
-3.004022 0.379516 1.741385 0.164161901 -0 0.986433409 0 0
-3.008745 0.380093 1.742171 0.164161901 -0 0.986433409 0 0
-3.008745 0.378419 1.742171 0.164161901 0 0.986433409 0 0
-3.004022 0.377871 1.741385 0.164161901 0 0.986433409 0 0
-3.004022 0.379516 1.741385 0.164161901 0 0.986433409 0 0
-3.004022 0.379516 1.606848 0.164161901 0 -0.986433409 0 0
-3.008745 0.378419 1.606062 0.164161901 0 -0.986433409 0 0
-3.008745 0.380093 1.606062 0.164161901 0 -0.986433409 0 0
-3.004022 0.379516 1.606848 0.164161901 0 -0.986433409 0 0
-3.004022 0.377871 1.606848 0.164161901 0 -0.986433409 0 0
-3.008745 0.378419 1.606062 0.164161901 0 -0.986433409 0 0
-3.003394 0.376929 1.740474 1 -0 0 0 0
-3.003394 0.378529 1.738935 1 -0 0 0 0
-3.003394 0.378529 1.740474 1 -0 0 0 0
-3.003394 0.376929 1.740474 -1 0 0 0 0
-3.003394 0.377798 1.73972 -1 0 0 0 0
-3.003394 0.378529 1.738935 -1 0 0 0 0
-3.003394 0.378529 1.609537 1 0 0 0 0
-3.003394 0.377798 1.606953 1 0 0 0 0
-3.003394 0.378529 1.607998 1 0 0 0 0
-3.003394 0.378529 1.609537 1 0 0 0 0
-3.003394 0.377798 1.608513 1 0 0 0 0
-3.003394 0.377798 1.606953 1 0 0 0 0
-3.003394 0.377798 1.73972 1 0 0 0 0
-3.003394 0.36847 1.740474 1 0 0 0 0
-3.003394 0.369119 1.73972 1 0 0 0 0
-3.003394 0.377798 1.73972 1 0 0 0 0
-3.003394 0.376929 1.740474 1 0 0 0 0
-3.003394 0.36847 1.740474 1 0 0 0 0
-3.003394 0.369119 1.606953 1 0 0 0 0
-3.003394 0.377798 1.608513 1 0 0 0 0
-3.003394 0.369119 1.608513 1 0 0 0 0
-3.003394 0.369119 1.606953 1 0 0 0 0
-3.003394 0.377798 1.606953 1 0 0 0 0
-3.003394 0.377798 1.608513 1 0 0 0 0
-3.003394 0.378529 1.731016 1 0 0 0 0
-3.003394 0.377798 1.73972 1 0 0 0 0
-3.003394 0.377798 1.731691 1 0 0 0 0
-3.003394 0.378529 1.731016 1 0 -0 0 0
-3.003394 0.378529 1.738935 1 0 -0 0 0
-3.003394 0.377798 1.73972 1 0 -0 0 0
-3.003394 0.377798 1.608513 1 0 0 0 0
-3.003394 0.378529 1.617456 1 0 0 0 0
-3.003394 0.377798 1.616542 1 0 0 0 0
-3.003394 0.377798 1.608513 1 0 0 0 0
-3.003394 0.378529 1.609537 1 0 0 0 0
-3.003394 0.378529 1.617456 1 0 0 0 0
-3.003394 0.377798 1.731691 1 0 0 0 0
-3.003394 0.369119 1.73972 1 0 0 0 0
-3.003394 0.369119 1.731691 1 0 0 0 0
-3.003394 0.377798 1.731691 1 0 -0 0 0
-3.003394 0.377798 1.73972 1 0 -0 0 0
-3.003394 0.369119 1.73972 1 0 -0 0 0
-3.003394 0.369119 1.608513 1 0 0 0 0
-3.003394 0.377798 1.616542 1 0 0 0 0
-3.003394 0.369119 1.616542 1 0 0 0 0
-3.003394 0.369119 1.608513 1 0 0 0 0
-3.003394 0.377798 1.608513 1 0 0 0 0
-3.003394 0.377798 1.616542 1 0 0 0 0
3 0 1 2
3 3 4 5
3 6 7 8
3 9 10 11
3 12 13 14
3 15 16 17
3 18 19 20
3 21 22 23
3 24 25 26
3 27 28 29
3 30 31 32
3 33 34 35
3 36 37 38
3 39 40 41
3 42 43 44
3 45 46 47
3 48 49 50
3 51 52 53
3 54 55 56
3 57 58 59
3 60 61 62
3 63 64 65
3 66 67 68
3 69 70 71
3 72 73 74
3 75 76 77
3 78 79 80
3 81 82 83
3 84 85 86
3 87 88 89
3 90 91 92
3 93 94 95
3 96 97 98
3 99 100 101
3 102 103 104
3 105 106 107
3 108 109 110
3 111 112 113
3 114 115 116
3 117 118 119
3 120 121 122
3 123 124 125
3 126 127 128
3 129 130 131
3 132 133 134
3 135 136 137
3 138 139 140
3 141 142 143
3 144 145 146
3 147 148 149
3 150 151 152
3 153 154 155
3 156 157 158
3 159 160 161
3 162 163 164
3 165 166 167
3 168 169 170
3 171 172 173
3 174 175 176
3 177 178 179
3 180 181 182
3 183 184 185
3 186 187 188
3 189 190 191
3 192 193 194
3 195 196 197
3 198 199 200
3 201 202 203
3 204 205 206
3 207 208 209
3 210 211 212
3 213 214 215
3 216 217 218
3 219 220 221
3 222 223 224
3 225 226 227
3 228 229 230
3 231 232 233
3 234 235 236
3 237 238 239
3 240 241 242
3 243 244 245
3 246 247 248
3 249 250 251
3 252 253 254
3 255 256 257
3 258 259 260
3 261 262 263
3 264 265 266
3 267 268 269
3 270 271 272
3 273 274 275
3 276 277 278
3 279 280 281
3 282 283 284
3 285 286 287
3 288 289 290
3 291 292 293
3 294 295 296
3 297 298 299
3 300 301 302
3 303 304 305
3 306 307 308
3 309 310 311
3 312 313 314
3 315 316 317
3 318 319 320
3 321 322 323
3 324 325 326
3 327 328 329
3 330 331 332
3 333 334 335
3 336 337 338
3 339 340 341
3 342 343 344
3 345 346 347
3 348 349 350
3 351 352 353
3 354 355 356
3 357 358 359
3 360 361 362
3 363 364 365
3 366 367 368
3 369 370 371
3 372 373 374
3 375 376 377
3 378 379 380
3 381 382 383
3 384 385 386
3 387 388 389
3 390 391 392
3 393 394 395
3 396 397 398
3 399 400 401
3 402 403 404
3 405 406 407
3 408 409 410
3 411 412 413
3 414 415 416
3 417 418 419
3 420 421 422
3 423 424 425
3 426 427 428
3 429 430 431
3 432 433 434
3 435 436 437
3 438 439 440
3 441 442 443
3 444 445 446
3 447 448 449
3 450 451 452
3 453 454 455
3 456 457 458
3 459 460 461
3 462 463 464
3 465 466 467
3 468 469 470
3 471 472 473
3 474 475 476
3 477 478 479
3 480 481 482
3 483 484 485
3 486 487 488
3 489 490 491
3 492 493 494
3 495 496 497
3 498 499 500
3 501 502 503
3 504 505 506
3 507 508 509
3 510 511 512
3 513 514 515
3 516 517 518
3 519 520 521
3 522 523 524
3 525 526 527
3 528 529 530
3 531 532 533
3 534 535 536
3 537 538 539
3 540 541 542
3 543 544 545
3 546 547 548
3 549 550 551
3 552 553 554
3 555 556 557
3 558 559 560
3 561 562 563
3 564 565 566
3 567 568 569
3 570 571 572
3 573 574 575
3 576 577 578
3 579 580 581
3 582 583 584
3 585 586 587
3 588 589 590
3 591 592 593
3 594 595 596
3 597 598 599
3 600 601 602
3 603 604 605
3 606 607 608
3 609 610 611
3 612 613 614
3 615 616 617
3 618 619 620
3 621 622 623
3 624 625 626
3 627 628 629
3 630 631 632
3 633 634 635
3 636 637 638
3 639 640 641
3 642 643 644
3 645 646 647
3 648 649 650
3 651 652 653
3 654 655 656
3 657 658 659
3 660 661 662
3 663 664 665
3 666 667 668
3 669 670 671
3 672 673 674
3 675 676 677
3 678 679 680
3 681 682 683
3 684 685 686
3 687 688 689
3 690 691 692
3 693 694 695
3 696 697 698
3 699 700 701
3 702 703 704
3 705 706 707
3 708 709 710
3 711 712 713
3 714 715 716
3 717 718 719
3 720 721 722
3 723 724 725
3 726 727 728
3 729 730 731
3 732 733 734
3 735 736 737
3 738 739 740
3 741 742 743
3 744 745 746
3 747 748 749
3 750 751 752
3 753 754 755
3 756 757 758
3 759 760 761
3 762 763 764
3 765 766 767
3 768 769 770
3 771 772 773
3 774 775 776
3 777 778 779
3 780 781 782
3 783 784 785
3 786 787 788
3 789 790 791
3 792 793 794
3 795 796 797
3 798 799 800
3 801 802 803
3 804 805 806
3 807 808 809
3 810 811 812
3 813 814 815
3 816 817 818
3 819 820 821
3 822 823 824
3 825 826 827
3 828 829 830
3 831 832 833
3 834 835 836
3 837 838 839
3 840 841 842
3 843 844 845
3 846 847 848
3 849 850 851
3 852 853 854
3 855 856 857
3 858 859 860
3 861 862 863
3 864 865 866
3 867 868 869
3 870 871 872
3 873 874 875
3 876 877 878
3 879 880 881
3 882 883 884
3 885 886 887
3 888 889 890
3 891 892 893
3 894 895 896
3 897 898 899
3 900 901 902
3 903 904 905
3 906 907 908
3 909 910 911
3 912 913 914
3 915 916 917
3 918 919 920
3 921 922 923
3 924 925 926
3 927 928 929
3 930 931 932
3 933 934 935
3 936 937 938
3 939 940 941
3 942 943 944
3 945 946 947
3 948 949 950
3 951 952 953
3 954 955 956
3 957 958 959
3 960 961 962
3 963 964 965
3 966 967 968
3 969 970 971
3 972 973 974
3 975 976 977
3 978 979 980
3 981 982 983
3 984 985 986
3 987 988 989
3 990 991 992
3 993 994 995
3 996 997 998
3 999 1000 1001
3 1002 1003 1004
3 1005 1006 1007
3 1008 1009 1010
3 1011 1012 1013
3 1014 1015 1016
3 1017 1018 1019
3 1020 1021 1022
3 1023 1024 1025
3 1026 1027 1028
3 1029 1030 1031
3 1032 1033 1034
3 1035 1036 1037
3 1038 1039 1040
3 1041 1042 1043
3 1044 1045 1046
3 1047 1048 1049
3 1050 1051 1052
3 1053 1054 1055
3 1056 1057 1058
3 1059 1060 1061
3 1062 1063 1064
3 1065 1066 1067
3 1068 1069 1070
3 1071 1072 1073
3 1074 1075 1076
3 1077 1078 1079
3 1080 1081 1082
3 1083 1084 1085
3 1086 1087 1088
3 1089 1090 1091
3 1092 1093 1094
3 1095 1096 1097
3 1098 1099 1100
3 1101 1102 1103
3 1104 1105 1106
3 1107 1108 1109
3 1110 1111 1112
3 1113 1114 1115
3 1116 1117 1118
3 1119 1120 1121
3 1122 1123 1124
3 1125 1126 1127
3 1128 1129 1130
3 1131 1132 1133
3 1134 1135 1136
3 1137 1138 1139
3 1140 1141 1142
3 1143 1144 1145
3 1146 1147 1148
3 1149 1150 1151
3 1152 1153 1154
3 1155 1156 1157
3 1158 1159 1160
3 1161 1162 1163
3 1164 1165 1166
3 1167 1168 1169
3 1170 1171 1172
3 1173 1174 1175
3 1176 1177 1178
3 1179 1180 1181
3 1182 1183 1184
3 1185 1186 1187
3 1188 1189 1190
3 1191 1192 1193
3 1194 1195 1196
3 1197 1198 1199
3 1200 1201 1202
3 1203 1204 1205
3 1206 1207 1208
3 1209 1210 1211
3 1212 1213 1214
3 1215 1216 1217
3 1218 1219 1220
3 1221 1222 1223
3 1224 1225 1226
3 1227 1228 1229
3 1230 1231 1232
3 1233 1234 1235
3 1236 1237 1238
3 1239 1240 1241
3 1242 1243 1244
3 1245 1246 1247
3 1248 1249 1250
3 1251 1252 1253
3 1254 1255 1256
3 1257 1258 1259
3 1260 1261 1262
3 1263 1264 1265
3 1266 1267 1268
3 1269 1270 1271
3 1272 1273 1274
3 1275 1276 1277
3 1278 1279 1280
3 1281 1282 1283
3 1284 1285 1286
3 1287 1288 1289
3 1290 1291 1292
3 1293 1294 1295
3 1296 1297 1298
3 1299 1300 1301
3 1302 1303 1304
3 1305 1306 1307
3 1308 1309 1310
3 1311 1312 1313
3 1314 1315 1316
3 1317 1318 1319
3 1320 1321 1322
3 1323 1324 1325
3 1326 1327 1328
3 1329 1330 1331
3 1332 1333 1334
3 1335 1336 1337
3 1338 1339 1340
3 1341 1342 1343
3 1344 1345 1346
3 1347 1348 1349
3 1350 1351 1352
3 1353 1354 1355
3 1356 1357 1358
3 1359 1360 1361
3 1362 1363 1364
3 1365 1366 1367
3 1368 1369 1370
3 1371 1372 1373
3 1374 1375 1376
3 1377 1378 1379
3 1380 1381 1382
3 1383 1384 1385
3 1386 1387 1388
3 1389 1390 1391
3 1392 1393 1394
3 1395 1396 1397
3 1398 1399 1400
3 1401 1402 1403
3 1404 1405 1406
3 1407 1408 1409
3 1410 1411 1412
3 1413 1414 1415
3 1416 1417 1418
3 1419 1420 1421
3 1422 1423 1424
3 1425 1426 1427
3 1428 1429 1430
3 1431 1432 1433
3 1434 1435 1436
3 1437 1438 1439
3 1440 1441 1442
3 1443 1444 1445
3 1446 1447 1448
3 1449 1450 1451
3 1452 1453 1454
3 1455 1456 1457
3 1458 1459 1460
3 1461 1462 1463
3 1464 1465 1466
3 1467 1468 1469
3 1470 1471 1472
3 1473 1474 1475
3 1476 1477 1478
3 1479 1480 1481
3 1482 1483 1484
3 1485 1486 1487
3 1488 1489 1490
3 1491 1492 1493
3 1494 1495 1496
3 1497 1498 1499
3 1500 1501 1502
3 1503 1504 1505
3 1506 1507 1508
3 1509 1510 1511
3 1512 1513 1514
3 1515 1516 1517
3 1518 1519 1520
3 1521 1522 1523
3 1524 1525 1526
3 1527 1528 1529
3 1530 1531 1532
3 1533 1534 1535
3 1536 1537 1538
3 1539 1540 1541
3 1542 1543 1544
3 1545 1546 1547
3 1548 1549 1550
3 1551 1552 1553
3 1554 1555 1556
3 1557 1558 1559
3 1560 1561 1562
3 1563 1564 1565
3 1566 1567 1568
3 1569 1570 1571
3 1572 1573 1574
3 1575 1576 1577
3 1578 1579 1580
3 1581 1582 1583
3 1584 1585 1586
3 1587 1588 1589
3 1590 1591 1592
3 1593 1594 1595
3 1596 1597 1598
3 1599 1600 1601
3 1602 1603 1604
3 1605 1606 1607
3 1608 1609 1610
3 1611 1612 1613
3 1614 1615 1616
3 1617 1618 1619
3 1620 1621 1622
3 1623 1624 1625
3 1626 1627 1628
3 1629 1630 1631
3 1632 1633 1634
3 1635 1636 1637
3 1638 1639 1640
3 1641 1642 1643
3 1644 1645 1646
3 1647 1648 1649
3 1650 1651 1652
3 1653 1654 1655
3 1656 1657 1658
3 1659 1660 1661
3 1662 1663 1664
3 1665 1666 1667
3 1668 1669 1670
3 1671 1672 1673
3 1674 1675 1676
3 1677 1678 1679
3 1680 1681 1682
3 1683 1684 1685
3 1686 1687 1688
3 1689 1690 1691
3 1692 1693 1694
3 1695 1696 1697
3 1698 1699 1700
3 1701 1702 1703
3 1704 1705 1706
3 1707 1708 1709
3 1710 1711 1712
3 1713 1714 1715
3 1716 1717 1718
3 1719 1720 1721
3 1722 1723 1724
3 1725 1726 1727
3 1728 1729 1730
3 1731 1732 1733
3 1734 1735 1736
3 1737 1738 1739
3 1740 1741 1742
3 1743 1744 1745
3 1746 1747 1748
3 1749 1750 1751
3 1752 1753 1754
3 1755 1756 1757
3 1758 1759 1760
3 1761 1762 1763
3 1764 1765 1766
3 1767 1768 1769
3 1770 1771 1772
3 1773 1774 1775
3 1776 1777 1778
3 1779 1780 1781
3 1782 1783 1784
3 1785 1786 1787
3 1788 1789 1790
3 1791 1792 1793
3 1794 1795 1796
3 1797 1798 1799
3 1800 1801 1802
3 1803 1804 1805
3 1806 1807 1808
3 1809 1810 1811
3 1812 1813 1814
3 1815 1816 1817
3 1818 1819 1820
3 1821 1822 1823
3 1824 1825 1826
3 1827 1828 1829
3 1830 1831 1832
3 1833 1834 1835
3 1836 1837 1838
3 1839 1840 1841
3 1842 1843 1844
3 1845 1846 1847
3 1848 1849 1850
3 1851 1852 1853
3 1854 1855 1856
3 1857 1858 1859
3 1860 1861 1862
3 1863 1864 1865
3 1866 1867 1868
3 1869 1870 1871
3 1872 1873 1874
3 1875 1876 1877
3 1878 1879 1880
3 1881 1882 1883
3 1884 1885 1886
3 1887 1888 1889
3 1890 1891 1892
3 1893 1894 1895
3 1896 1897 1898
3 1899 1900 1901
3 1902 1903 1904
3 1905 1906 1907
3 1908 1909 1910
3 1911 1912 1913
3 1914 1915 1916
3 1917 1918 1919
3 1920 1921 1922
3 1923 1924 1925
3 1926 1927 1928
3 1929 1930 1931
3 1932 1933 1934
3 1935 1936 1937
3 1938 1939 1940
3 1941 1942 1943
3 1944 1945 1946
3 1947 1948 1949
3 1950 1951 1952
3 1953 1954 1955
3 1956 1957 1958
3 1959 1960 1961
3 1962 1963 1964
3 1965 1966 1967
3 1968 1969 1970
3 1971 1972 1973
3 1974 1975 1976
3 1977 1978 1979
3 1980 1981 1982
3 1983 1984 1985
3 1986 1987 1988
3 1989 1990 1991
3 1992 1993 1994
3 1995 1996 1997
3 1998 1999 2000
3 2001 2002 2003
3 2004 2005 2006
3 2007 2008 2009
3 2010 2011 2012
3 2013 2014 2015
3 2016 2017 2018
3 2019 2020 2021
3 2022 2023 2024
3 2025 2026 2027
3 2028 2029 2030
3 2031 2032 2033
3 2034 2035 2036
3 2037 2038 2039
3 2040 2041 2042
3 2043 2044 2045
3 2046 2047 2048
3 2049 2050 2051
3 2052 2053 2054
3 2055 2056 2057
3 2058 2059 2060
3 2061 2062 2063
3 2064 2065 2066
3 2067 2068 2069
3 2070 2071 2072
3 2073 2074 2075
3 2076 2077 2078
3 2079 2080 2081
3 2082 2083 2084
3 2085 2086 2087
3 2088 2089 2090
3 2091 2092 2093
3 2094 2095 2096
3 2097 2098 2099
3 2100 2101 2102
3 2103 2104 2105
3 2106 2107 2108
3 2109 2110 2111
3 2112 2113 2114
3 2115 2116 2117
3 2118 2119 2120
3 2121 2122 2123
3 2124 2125 2126
3 2127 2128 2129
3 2130 2131 2132
3 2133 2134 2135
3 2136 2137 2138
3 2139 2140 2141
3 2142 2143 2144
3 2145 2146 2147
3 2148 2149 2150
3 2151 2152 2153
3 2154 2155 2156
3 2157 2158 2159
3 2160 2161 2162
3 2163 2164 2165
3 2166 2167 2168
3 2169 2170 2171
3 2172 2173 2174
3 2175 2176 2177
3 2178 2179 2180
3 2181 2182 2183
3 2184 2185 2186
3 2187 2188 2189
3 2190 2191 2192
3 2193 2194 2195
3 2196 2197 2198
3 2199 2200 2201
3 2202 2203 2204
3 2205 2206 2207
3 2208 2209 2210
3 2211 2212 2213
3 2214 2215 2216
3 2217 2218 2219
3 2220 2221 2222
3 2223 2224 2225
3 2226 2227 2228
3 2229 2230 2231
3 2232 2233 2234
3 2235 2236 2237
3 2238 2239 2240
3 2241 2242 2243
3 2244 2245 2246
3 2247 2248 2249
3 2250 2251 2252
3 2253 2254 2255
3 2256 2257 2258
3 2259 2260 2261
3 2262 2263 2264
3 2265 2266 2267
3 2268 2269 2270
3 2271 2272 2273
3 2274 2275 2276
3 2277 2278 2279
3 2280 2281 2282
3 2283 2284 2285
3 2286 2287 2288
3 2289 2290 2291
3 2292 2293 2294
3 2295 2296 2297
3 2298 2299 2300
3 2301 2302 2303
3 2304 2305 2306
3 2307 2308 2309
3 2310 2311 2312
3 2313 2314 2315
3 2316 2317 2318
3 2319 2320 2321
3 2322 2323 2324
3 2325 2326 2327
3 2328 2329 2330
3 2331 2332 2333
3 2334 2335 2336
3 2337 2338 2339
3 2340 2341 2342
3 2343 2344 2345
3 2346 2347 2348
3 2349 2350 2351
3 2352 2353 2354
3 2355 2356 2357
3 2358 2359 2360
3 2361 2362 2363
3 2364 2365 2366
3 2367 2368 2369
3 2370 2371 2372
3 2373 2374 2375
3 2376 2377 2378
3 2379 2380 2381
3 2382 2383 2384
3 2385 2386 2387
3 2388 2389 2390
3 2391 2392 2393
3 2394 2395 2396
3 2397 2398 2399
3 2400 2401 2402
3 2403 2404 2405
3 2406 2407 2408
3 2409 2410 2411
3 2412 2413 2414
3 2415 2416 2417
3 2418 2419 2420
3 2421 2422 2423
3 2424 2425 2426
3 2427 2428 2429
3 2430 2431 2432
3 2433 2434 2435
3 2436 2437 2438
3 2439 2440 2441
3 2442 2443 2444
3 2445 2446 2447
3 2448 2449 2450
3 2451 2452 2453
3 2454 2455 2456
3 2457 2458 2459
3 2460 2461 2462
3 2463 2464 2465
3 2466 2467 2468
3 2469 2470 2471
3 2472 2473 2474
3 2475 2476 2477
3 2478 2479 2480
3 2481 2482 2483
3 2484 2485 2486
3 2487 2488 2489
3 2490 2491 2492
3 2493 2494 2495
3 2496 2497 2498
3 2499 2500 2501
3 2502 2503 2504
3 2505 2506 2507
3 2508 2509 2510
3 2511 2512 2513
3 2514 2515 2516
3 2517 2518 2519
3 2520 2521 2522
3 2523 2524 2525
3 2526 2527 2528
3 2529 2530 2531
3 2532 2533 2534
3 2535 2536 2537
3 2538 2539 2540
3 2541 2542 2543
3 2544 2545 2546
3 2547 2548 2549
3 2550 2551 2552
3 2553 2554 2555
3 2556 2557 2558
3 2559 2560 2561
3 2562 2563 2564
3 2565 2566 2567
3 2568 2569 2570
3 2571 2572 2573
3 2574 2575 2576
3 2577 2578 2579
3 2580 2581 2582
3 2583 2584 2585
3 2586 2587 2588
3 2589 2590 2591
3 2592 2593 2594
3 2595 2596 2597
3 2598 2599 2600
3 2601 2602 2603
3 2604 2605 2606
3 2607 2608 2609
3 2610 2611 2612
3 2613 2614 2615
3 2616 2617 2618
3 2619 2620 2621
3 2622 2623 2624
3 2625 2626 2627
3 2628 2629 2630
3 2631 2632 2633
3 2634 2635 2636
3 2637 2638 2639
3 2640 2641 2642
3 2643 2644 2645
3 2646 2647 2648
3 2649 2650 2651
3 2652 2653 2654
3 2655 2656 2657
3 2658 2659 2660
3 2661 2662 2663
3 2664 2665 2666
3 2667 2668 2669
3 2670 2671 2672
3 2673 2674 2675
3 2676 2677 2678
3 2679 2680 2681
3 2682 2683 2684
3 2685 2686 2687
3 2688 2689 2690
3 2691 2692 2693
3 2694 2695 2696
3 2697 2698 2699
3 2700 2701 2702
3 2703 2704 2705
3 2706 2707 2708
3 2709 2710 2711
3 2712 2713 2714
3 2715 2716 2717
3 2718 2719 2720
3 2721 2722 2723
3 2724 2725 2726
3 2727 2728 2729
3 2730 2731 2732
3 2733 2734 2735
3 2736 2737 2738
3 2739 2740 2741
3 2742 2743 2744
3 2745 2746 2747
3 2748 2749 2750
3 2751 2752 2753
3 2754 2755 2756
3 2757 2758 2759
3 2760 2761 2762
3 2763 2764 2765
3 2766 2767 2768
3 2769 2770 2771
3 2772 2773 2774
3 2775 2776 2777
3 2778 2779 2780
3 2781 2782 2783
3 2784 2785 2786
3 2787 2788 2789
3 2790 2791 2792
3 2793 2794 2795
3 2796 2797 2798
3 2799 2800 2801
3 2802 2803 2804
3 2805 2806 2807
3 2808 2809 2810
3 2811 2812 2813
3 2814 2815 2816
3 2817 2818 2819
3 2820 2821 2822
3 2823 2824 2825
3 2826 2827 2828
3 2829 2830 2831
3 2832 2833 2834
3 2835 2836 2837
3 2838 2839 2840
3 2841 2842 2843
3 2844 2845 2846
3 2847 2848 2849
3 2850 2851 2852
3 2853 2854 2855
3 2856 2857 2858
3 2859 2860 2861
3 2862 2863 2864
3 2865 2866 2867
3 2868 2869 2870
3 2871 2872 2873
3 2874 2875 2876
3 2877 2878 2879
3 2880 2881 2882
3 2883 2884 2885
3 2886 2887 2888
3 2889 2890 2891
3 2892 2893 2894
3 2895 2896 2897
3 2898 2899 2900
3 2901 2902 2903
3 2904 2905 2906
3 2907 2908 2909
3 2910 2911 2912
3 2913 2914 2915
