ply
format ascii 1.0
element vertex 1800
property float x
property float y
property float z
property float nx
property float ny
property float nz
property float u
property float v
element face 600
property list uchar int vertex_indices
end_header
-0.627305 2.471254 0.469561 0.139693027 0.889634219 -0.434783641 0 0
-0.627581 2.471442 0.469857 0.139693027 0.889634219 -0.434783641 0 0
-0.627305 2.471449 0.46996 0.139693027 0.889634219 -0.434783641 0 0
-0.627305 2.471254 0.469561 0.101714867 0.87995187 -0.464046109 0 0
-0.627677 2.471297 0.469561 0.101714867 0.87995187 -0.464046109 0 0
-0.627581 2.471442 0.469857 0.101714867 0.87995187 -0.464046109 0 0
-0.627305 2.471254 0.469561 0.110393696 0.955033831 -0.275179239 0 0
-0.627677 2.471144 0.46903 0.110393696 0.955033831 -0.275179239 0 0
-0.627677 2.471297 0.469561 0.110393696 0.955033831 -0.275179239 0 0
-0.627305 2.471254 0.469561 0.107199346 0.955983211 -0.27313806 0 0
-0.627305 2.471102 0.469029 0.107199346 0.955983211 -0.27313806 0 0
-0.627677 2.471144 0.46903 0.107199346 0.955983211 -0.27313806 0 0
-0.627305 2.471254 0.469561 1.85672565e-05 0.961523947 -0.274721128 0 0
-0.575519 2.471101 0.469029 1.85672565e-05 0.961523947 -0.274721128 0 0
-0.627305 2.471102 0.469029 1.85672565e-05 0.961523947 -0.274721128 0 0
-0.627305 2.471254 0.469561 0 0.961045315 -0.276390852 0 0
-0.575519 2.471254 0.469561 0 0.961045315 -0.276390852 0 0
-0.575519 2.471101 0.469029 0 0.961045315 -0.276390852 0 0
-0.627305 2.471254 0.469561 0 0.898443585 -0.43908897 0 0
-0.575519 2.471449 0.46996 0 0.898443585 -0.43908897 0 0
-0.575519 2.471254 0.469561 0 0.898443585 -0.43908897 0 0
-0.627305 2.471254 0.469561 0 0.898443585 -0.43908897 0 0
-0.627305 2.471449 0.46996 0 0.898443585 -0.43908897 0 0
-0.575519 2.471449 0.46996 0 0.898443585 -0.43908897 0 0
-0.627305 2.471051 0.468497 0.111433096 0.989236774 -0.0948328487 0 0
-0.627677 2.471144 0.46903 0.111433096 0.989236774 -0.0948328487 0 0
-0.627305 2.471102 0.469029 0.111433096 0.989236774 -0.0948328487 0 0
-0.627305 2.471051 0.468497 0.111433096 0.989236774 -0.0948328487 0 0
-0.627677 2.471093 0.468498 0.111433096 0.989236774 -0.0948328487 0 0
-0.627677 2.471144 0.46903 0.111433096 0.989236774 -0.0948328487 0 0
-0.627305 2.471051 0.468497 0.111936576 0.989180448 0.0948274489 0 0
-0.627677 2.471144 0.467966 0.111936576 0.989180448 0.0948274489 0 0
-0.627677 2.471093 0.468498 0.111936576 0.989180448 0.0948274489 0 0
-0.627305 2.471051 0.468497 0.111682953 0.989191874 0.0950071291 0 0
-0.627305 2.471102 0.467966 0.111682953 0.989191874 0.0950071291 0 0
-0.627677 2.471144 0.467966 0.111682953 0.989191874 0.0950071291 0 0
-0.627305 2.471051 0.468497 1.92217844e-05 0.995419327 0.0956052461 0 0
-0.575519 2.471101 0.467966 1.92217844e-05 0.995419327 0.0956052461 0 0
-0.627305 2.471102 0.467966 1.92217844e-05 0.995419327 0.0956052461 0 0
-0.627305 2.471051 0.468497 1.92217844e-05 0.995419327 0.0956052461 0 0
-0.575519 2.47105 0.468497 1.92217844e-05 0.995419327 0.0956052461 0 0
-0.575519 2.471101 0.467966 1.92217844e-05 0.995419327 0.0956052461 0 0
-0.627305 2.471051 0.468497 1.92221144e-05 0.995436414 -0.095427175 0 0
-0.575519 2.471101 0.469029 1.92221144e-05 0.995436414 -0.095427175 0 0
-0.575519 2.47105 0.468497 1.92221144e-05 0.995436414 -0.095427175 0 0
-0.627305 2.471051 0.468497 1.92221144e-05 0.995436414 -0.095427175 0 0
-0.627305 2.471102 0.469029 1.92221144e-05 0.995436414 -0.095427175 0 0
-0.575519 2.471101 0.469029 1.92221144e-05 0.995436414 -0.095427175 0 0
-0.627305 2.471254 0.467434 0.107925065 0.955907717 0.273116491 0 0
-0.627677 2.471144 0.467966 0.107925065 0.955907717 0.273116491 0 0
-0.627305 2.471102 0.467966 0.107925065 0.955907717 0.273116491 0 0
-0.627305 2.471254 0.467434 0.11112432 0.95495559 0.275156695 0 0
-0.627677 2.471297 0.467435 0.11112432 0.95495559 0.275156695 0 0
-0.627677 2.471144 0.467966 0.11112432 0.95495559 0.275156695 0 0
-0.627305 2.471254 0.467434 0.102859751 0.879029975 0.465538585 0 0
-0.627581 2.471442 0.46714 0.102859751 0.879029975 0.465538585 0 0
-0.627677 2.471297 0.467435 0.102859751 0.879029975 0.465538585 0 0
-0.627305 2.471254 0.467434 0.141573106 0.888963217 0.435547305 0 0
-0.627305 2.471449 0.467036 0.141573106 0.888963217 0.435547305 0 0
-0.627581 2.471442 0.46714 0.141573106 0.888963217 0.435547305 0 0
-0.627305 2.471254 0.467434 0 0.898008131 0.439978858 0 0
-0.575519 2.471449 0.467036 0 0.898008131 0.439978858 0 0
-0.627305 2.471449 0.467036 0 0.898008131 0.439978858 0 0
-0.627305 2.471254 0.467434 -0 0.898008131 0.439978858 0 0
-0.575519 2.471254 0.467434 -0 0.898008131 0.439978858 0 0
-0.575519 2.471449 0.467036 -0 0.898008131 0.439978858 0 0
-0.627305 2.471254 0.467434 -0 0.961045315 0.276390852 0 0
-0.575519 2.471101 0.467966 -0 0.961045315 0.276390852 0 0
-0.575519 2.471254 0.467434 -0 0.961045315 0.276390852 0 0
-0.627305 2.471254 0.467434 1.85672565e-05 0.961523947 0.274721128 0 0
-0.627305 2.471102 0.467966 1.85672565e-05 0.961523947 0.274721128 0 0
-0.575519 2.471101 0.467966 1.85672565e-05 0.961523947 0.274721128 0 0
-0.421153 2.471253 0.469561 5.82021679e-06 0.898443585 -0.43908897 0 0
-0.575519 2.471449 0.46996 5.82021679e-06 0.898443585 -0.43908897 0 0
-0.421153 2.471448 0.46996 5.82021679e-06 0.898443585 -0.43908897 0 0
-0.421153 2.471253 0.469561 5.82021679e-06 0.898443585 -0.43908897 0 0
-0.575519 2.471254 0.469561 5.82021679e-06 0.898443585 -0.43908897 0 0
-0.575519 2.471449 0.46996 5.82021679e-06 0.898443585 -0.43908897 0 0
-0.421153 2.471253 0.469561 6.22575771e-06 0.961045315 -0.276390852 0 0
-0.575519 2.471101 0.469029 6.22575771e-06 0.961045315 -0.276390852 0 0
-0.575519 2.471254 0.469561 6.22575771e-06 0.961045315 -0.276390852 0 0
-0.421153 2.471253 0.469561 0 0.961523948 -0.274721128 0 0
-0.421153 2.471101 0.469029 0 0.961523948 -0.274721128 0 0
-0.575519 2.471101 0.469029 0 0.961523948 -0.274721128 0 0
-0.421153 2.471253 0.469561 -4.6753767e-05 0.961523947 -0.274721128 0 0
-0.215496 2.471111 0.469029 -4.6753767e-05 0.961523947 -0.274721128 0 0
-0.421153 2.471101 0.469029 -4.6753767e-05 0.961523947 -0.274721128 0 0
-0.421153 2.471253 0.469561 -0.000156957555 0.9493947 -0.314085465 0 0
-0.215496 2.471287 0.469561 -0.000156957555 0.9493947 -0.314085465 0 0
-0.215496 2.471111 0.469029 -0.000156957555 0.9493947 -0.314085465 0 0
-0.421153 2.471253 0.469561 -0.000152723397 0.923783402 -0.3829154 0 0
-0.215496 2.471447 0.469947 -0.000152723397 0.923783402 -0.3829154 0 0
-0.215496 2.471287 0.469561 -0.000152723397 0.923783402 -0.3829154 0 0
-0.421153 2.471253 0.469561 -2.33870621e-05 0.898443585 -0.43908897 0 0
-0.421153 2.471448 0.46996 -2.33870621e-05 0.898443585 -0.43908897 0 0
-0.215496 2.471447 0.469947 -2.33870621e-05 0.898443585 -0.43908897 0 0
-0.421153 2.47105 0.468497 0 0.995436414 -0.095427175 0 0
-0.575519 2.471101 0.469029 0 0.995436414 -0.095427175 0 0
-0.421153 2.471101 0.469029 0 0.995436414 -0.095427175 0 0
-0.421153 2.47105 0.468497 0 0.995436414 -0.095427175 0 0
-0.575519 2.47105 0.468497 0 0.995436414 -0.095427175 0 0
-0.575519 2.471101 0.469029 0 0.995436414 -0.095427175 0 0
-0.421153 2.47105 0.468497 0 0.995419327 0.0956052461 0 0
-0.575519 2.471101 0.467966 0 0.995419327 0.0956052461 0 0
-0.575519 2.47105 0.468497 0 0.995419327 0.0956052461 0 0
-0.421153 2.47105 0.468497 0 0.995419327 0.0956052461 0 0
-0.421153 2.471101 0.467966 0 0.995419327 0.0956052461 0 0
-0.575519 2.471101 0.467966 0 0.995419327 0.0956052461 0 0
-0.421153 2.47105 0.468497 -4.8401918e-05 0.995419326 0.095605246 0 0
-0.215496 2.471111 0.467966 -4.8401918e-05 0.995419326 0.095605246 0 0
-0.421153 2.471101 0.467966 -4.8401918e-05 0.995419326 0.095605246 0 0
-0.421153 2.47105 0.468497 -0.000160495129 0.998617816 0.0525588324 0 0
-0.215496 2.471083 0.468498 -0.000160495129 0.998617816 0.0525588324 0 0
-0.215496 2.471111 0.467966 -0.000160495129 0.998617816 0.0525588324 0 0
-0.421153 2.47105 0.468497 -0.000159982684 0.998612617 -0.0526575391 0 0
-0.215496 2.471111 0.469029 -0.000159982684 0.998612617 -0.0526575391 0 0
-0.215496 2.471083 0.468498 -0.000159982684 0.998612617 -0.0526575391 0 0
-0.421153 2.47105 0.468497 -4.84027489e-05 0.995436413 -0.0954271749 0 0
-0.421153 2.471101 0.469029 -4.84027489e-05 0.995436413 -0.0954271749 0 0
-0.215496 2.471111 0.469029 -4.84027489e-05 0.995436413 -0.0954271749 0 0
-0.421153 2.471253 0.467434 0 0.961523948 0.274721128 0 0
-0.575519 2.471101 0.467966 0 0.961523948 0.274721128 0 0
-0.421153 2.471101 0.467966 0 0.961523948 0.274721128 0 0
-0.421153 2.471253 0.467434 6.22575771e-06 0.961045315 0.276390852 0 0
-0.575519 2.471254 0.467434 6.22575771e-06 0.961045315 0.276390852 0 0
-0.575519 2.471101 0.467966 6.22575771e-06 0.961045315 0.276390852 0 0
-0.421153 2.471253 0.467434 5.81739587e-06 0.898008131 0.439978858 0 0
-0.575519 2.471449 0.467036 5.81739587e-06 0.898008131 0.439978858 0 0
-0.575519 2.471254 0.467434 5.81739587e-06 0.898008131 0.439978858 0 0
-0.421153 2.471253 0.467434 5.81739587e-06 0.898008131 0.439978858 0 0
-0.421153 2.471448 0.467036 5.81739587e-06 0.898008131 0.439978858 0 0
-0.575519 2.471449 0.467036 5.81739587e-06 0.898008131 0.439978858 0 0
-0.421153 2.471253 0.467434 -2.34454311e-05 0.898008131 0.439978858 0 0
-0.215496 2.471447 0.467049 -2.34454311e-05 0.898008131 0.439978858 0 0
-0.421153 2.471448 0.467036 -2.34454311e-05 0.898008131 0.439978858 0 0
-0.421153 2.471253 0.467434 -0.000152665191 0.923431331 0.38376367 0 0
-0.215496 2.471287 0.467434 -0.000152665191 0.923431331 0.38376367 0 0
-0.215496 2.471447 0.467049 -0.000152665191 0.923431331 0.38376367 0 0
-0.421153 2.471253 0.467434 -0.000156957555 0.9493947 0.314085465 0 0
-0.215496 2.471111 0.467966 -0.000156957555 0.9493947 0.314085465 0 0
-0.215496 2.471287 0.467434 -0.000156957555 0.9493947 0.314085465 0 0
-0.421153 2.471253 0.467434 -4.6753767e-05 0.961523947 0.274721128 0 0
-0.421153 2.471101 0.467966 -4.6753767e-05 0.961523947 0.274721128 0 0
-0.215496 2.471111 0.467966 -4.6753767e-05 0.961523947 0.274721128 0 0
-0.421153 2.513527 0.469571 -2.76967773e-05 -0.898898643 -0.438156625 0 0
-0.215496 2.513333 0.469956 -2.76967773e-05 -0.898898643 -0.438156625 0 0
-0.421153 2.513333 0.469969 -2.76967773e-05 -0.898898643 -0.438156625 0 0
-0.421153 2.513527 0.469571 -0.000152665191 -0.923431331 -0.38376367 0 0
-0.215496 2.513493 0.469571 -0.000152665191 -0.923431331 -0.38376367 0 0
-0.215496 2.513333 0.469956 -0.000152665191 -0.923431331 -0.38376367 0 0
-0.421153 2.513527 0.469571 -0.000156957555 -0.9493947 -0.314085465 0 0
-0.215496 2.513669 0.469039 -0.000156957555 -0.9493947 -0.314085465 0 0
-0.215496 2.513493 0.469571 -0.000156957555 -0.9493947 -0.314085465 0 0
-0.421153 2.513527 0.469571 -5.1403543e-05 -0.961045313 -0.276390851 0 0
-0.421153 2.51368 0.469039 -5.1403543e-05 -0.961045313 -0.276390851 0 0
-0.215496 2.513669 0.469039 -5.1403543e-05 -0.961045313 -0.276390851 0 0
-0.421153 2.513527 0.469571 -6.22575771e-06 -0.961045315 -0.276390852 0 0
-0.575519 2.513681 0.469039 -6.22575771e-06 -0.961045315 -0.276390852 0 0
-0.421153 2.51368 0.469039 -6.22575771e-06 -0.961045315 -0.276390852 0 0
-0.421153 2.513527 0.469571 -6.22575771e-06 -0.961045315 -0.276390852 0 0
-0.575519 2.513528 0.469571 -6.22575771e-06 -0.961045315 -0.276390852 0 0
-0.575519 2.513681 0.469039 -6.22575771e-06 -0.961045315 -0.276390852 0 0
-0.421153 2.513527 0.469571 -5.81739587e-06 -0.898008131 -0.439978858 0 0
-0.575519 2.513333 0.469969 -5.81739587e-06 -0.898008131 -0.439978858 0 0
-0.575519 2.513528 0.469571 -5.81739587e-06 -0.898008131 -0.439978858 0 0
-0.421153 2.513527 0.469571 0 -0.898898644 -0.438156625 0 0
-0.421153 2.513333 0.469969 0 -0.898898644 -0.438156625 0 0
-0.575519 2.513333 0.469969 0 -0.898898644 -0.438156625 0 0
-0.421153 2.513731 0.468508 -5.32421098e-05 -0.995419326 -0.095605246 0 0
-0.215496 2.513669 0.469039 -5.32421098e-05 -0.995419326 -0.095605246 0 0
-0.421153 2.51368 0.469039 -5.32421098e-05 -0.995419326 -0.095605246 0 0
-0.421153 2.513731 0.468508 -0.000170213984 -0.998714591 -0.0506866428 0 0
-0.215496 2.513696 0.468507 -0.000170213984 -0.998714591 -0.0506866428 0 0
-0.215496 2.513669 0.469039 -0.000170213984 -0.998714591 -0.0506866428 0 0
-0.421153 2.513731 0.468508 -0.000169719774 -0.998709755 0.0507818519 0 0
-0.215496 2.513669 0.467976 -0.000169719774 -0.998709755 0.0507818519 0 0
-0.215496 2.513696 0.468507 -0.000169719774 -0.998709755 0.0507818519 0 0
-0.421153 2.513731 0.468508 -5.32430238e-05 -0.995436413 0.0954271749 0 0
-0.421153 2.51368 0.467976 -5.32430238e-05 -0.995436413 0.0954271749 0 0
-0.215496 2.513669 0.467976 -5.32430238e-05 -0.995436413 0.0954271749 0 0
-0.421153 2.513731 0.468508 -6.44854705e-06 -0.995436414 0.095427175 0 0
-0.575519 2.513681 0.467976 -6.44854705e-06 -0.995436414 0.095427175 0 0
-0.421153 2.51368 0.467976 -6.44854705e-06 -0.995436414 0.095427175 0 0
-0.421153 2.513731 0.468508 -6.44854705e-06 -0.995436414 0.095427175 0 0
-0.575519 2.513732 0.468508 -6.44854705e-06 -0.995436414 0.095427175 0 0
-0.575519 2.513681 0.467976 -6.44854705e-06 -0.995436414 0.095427175 0 0
-0.421153 2.513731 0.468508 -6.44843636e-06 -0.995419327 -0.0956052461 0 0
-0.575519 2.513681 0.469039 -6.44843636e-06 -0.995419327 -0.0956052461 0 0
-0.575519 2.513732 0.468508 -6.44843636e-06 -0.995419327 -0.0956052461 0 0
-0.421153 2.513731 0.468508 -6.44843636e-06 -0.995419327 -0.0956052461 0 0
-0.421153 2.51368 0.469039 -6.44843636e-06 -0.995419327 -0.0956052461 0 0
-0.575519 2.513681 0.469039 -6.44843636e-06 -0.995419327 -0.0956052461 0 0
-0.421153 2.513527 0.467444 -5.1403543e-05 -0.961045313 0.276390851 0 0
-0.215496 2.513669 0.467976 -5.1403543e-05 -0.961045313 0.276390851 0 0
-0.421153 2.51368 0.467976 -5.1403543e-05 -0.961045313 0.276390851 0 0
-0.421153 2.513527 0.467444 -0.000156957555 -0.9493947 0.314085465 0 0
-0.215496 2.513493 0.467444 -0.000156957555 -0.9493947 0.314085465 0 0
-0.215496 2.513669 0.467976 -0.000156957555 -0.9493947 0.314085465 0 0
-0.421153 2.513527 0.467444 -0.000152665191 -0.923431331 0.38376367 0 0
-0.215496 2.513333 0.467059 -0.000152665191 -0.923431331 0.38376367 0 0
-0.215496 2.513493 0.467444 -0.000152665191 -0.923431331 0.38376367 0 0
-0.421153 2.513527 0.467444 -2.97668515e-05 -0.899330923 0.43726867 0 0
-0.421153 2.513333 0.467045 -2.97668515e-05 -0.899330923 0.43726867 0 0
-0.215496 2.513333 0.467059 -2.97668515e-05 -0.899330923 0.43726867 0 0
-0.421153 2.513527 0.467444 0 -0.899330924 0.43726867 0 0
-0.575519 2.513333 0.467045 0 -0.899330924 0.43726867 0 0
-0.421153 2.513333 0.467045 0 -0.899330924 0.43726867 0 0
-0.421153 2.513527 0.467444 -5.82021679e-06 -0.898443585 0.43908897 0 0
-0.575519 2.513528 0.467444 -5.82021679e-06 -0.898443585 0.43908897 0 0
-0.575519 2.513333 0.467045 -5.82021679e-06 -0.898443585 0.43908897 0 0
-0.421153 2.513527 0.467444 -6.22575771e-06 -0.961045315 0.276390852 0 0
-0.575519 2.513681 0.467976 -6.22575771e-06 -0.961045315 0.276390852 0 0
-0.575519 2.513528 0.467444 -6.22575771e-06 -0.961045315 0.276390852 0 0
-0.421153 2.513527 0.467444 -6.22575771e-06 -0.961045315 0.276390852 0 0
-0.421153 2.51368 0.467976 -6.22575771e-06 -0.961045315 0.276390852 0 0
-0.575519 2.513681 0.467976 -6.22575771e-06 -0.961045315 0.276390852 0 0
-0.627305 2.513528 0.469571 0.110409397 -0.955169669 -0.274701052 0 0
-0.627677 2.513638 0.469039 0.110409397 -0.955169669 -0.274701052 0 0
-0.627305 2.513681 0.469039 0.110409397 -0.955169669 -0.274701052 0 0
-0.627305 2.513528 0.469571 0.107925065 -0.955907717 -0.273116491 0 0
-0.627677 2.513486 0.469571 0.107925065 -0.955907717 -0.273116491 0 0
-0.627677 2.513638 0.469039 0.107925065 -0.955907717 -0.273116491 0 0
-0.627305 2.513528 0.469571 0.099198113 -0.878611858 -0.467119831 0 0
-0.627581 2.51334 0.469866 0.099198113 -0.878611858 -0.467119831 0 0
-0.627677 2.513486 0.469571 0.099198113 -0.878611858 -0.467119831 0 0
-0.627305 2.513528 0.469571 0.142504328 -0.889724645 -0.433684877 0 0
-0.627305 2.513334 0.469969 0.142504328 -0.889724645 -0.433684877 0 0
-0.627581 2.51334 0.469866 0.142504328 -0.889724645 -0.433684877 0 0
-0.627305 2.513528 0.469571 -1.7357947e-05 -0.898898644 -0.438156625 0 0
-0.575519 2.513333 0.469969 -1.7357947e-05 -0.898898644 -0.438156625 0 0
-0.627305 2.513334 0.469969 -1.7357947e-05 -0.898898644 -0.438156625 0 0
-0.627305 2.513528 0.469571 0 -0.898008131 -0.439978858 0 0
-0.575519 2.513528 0.469571 0 -0.898008131 -0.439978858 0 0
-0.575519 2.513333 0.469969 0 -0.898008131 -0.439978858 0 0
-0.627305 2.513528 0.469571 0 -0.961045315 -0.276390852 0 0
-0.575519 2.513681 0.469039 0 -0.961045315 -0.276390852 0 0
-0.575519 2.513528 0.469571 0 -0.961045315 -0.276390852 0 0
-0.627305 2.513528 0.469571 0 -0.961045315 -0.276390852 0 0
-0.627305 2.513681 0.469039 0 -0.961045315 -0.276390852 0 0
-0.575519 2.513681 0.469039 0 -0.961045315 -0.276390852 0 0
-0.627305 2.513732 0.468508 0 -0.995419327 -0.0956052461 0 0
-0.575519 2.513681 0.469039 0 -0.995419327 -0.0956052461 0 0
-0.627305 2.513681 0.469039 0 -0.995419327 -0.0956052461 0 0
-0.627305 2.513732 0.468508 0 -0.995419327 -0.0956052461 0 0
-0.575519 2.513732 0.468508 0 -0.995419327 -0.0956052461 0 0
-0.575519 2.513681 0.469039 0 -0.995419327 -0.0956052461 0 0
-0.627305 2.513732 0.468508 0 -0.995436414 0.095427175 0 0
-0.575519 2.513681 0.467976 0 -0.995436414 0.095427175 0 0
-0.575519 2.513732 0.468508 0 -0.995436414 0.095427175 0 0
-0.627305 2.513732 0.468508 0 -0.995436414 0.095427175 0 0
-0.627305 2.513681 0.467976 0 -0.995436414 0.095427175 0 0
-0.575519 2.513681 0.467976 0 -0.995436414 0.095427175 0 0
-0.627305 2.513732 0.468508 0.114309662 -0.988911495 0.0948016659 0 0
-0.627677 2.513638 0.467976 0.114309662 -0.988911495 0.0948016659 0 0
-0.627305 2.513681 0.467976 0.114309662 -0.988911495 0.0948016659 0 0
-0.627305 2.513732 0.468508 0.114055732 -0.988923572 0.09498136 0 0
-0.627677 2.513689 0.468507 0.114055732 -0.988923572 0.09498136 0 0
-0.627677 2.513638 0.467976 0.114055732 -0.988923572 0.09498136 0 0
-0.627305 2.513732 0.468508 0.114561164 -0.988882656 -0.0947989013 0 0
-0.627677 2.513638 0.469039 0.114561164 -0.988882656 -0.0947989013 0 0
-0.627677 2.513689 0.468507 0.114561164 -0.988882656 -0.0947989013 0 0
-0.627305 2.513732 0.468508 0.114307726 -0.988894742 -0.0949785911 0 0
-0.627305 2.513681 0.469039 0.114307726 -0.988894742 -0.0949785911 0 0
-0.627677 2.513638 0.469039 0.114307726 -0.988894742 -0.0949785911 0 0
-0.627305 2.513528 0.467444 0 -0.961045315 0.276390852 0 0
-0.575519 2.513681 0.467976 0 -0.961045315 0.276390852 0 0
-0.627305 2.513681 0.467976 0 -0.961045315 0.276390852 0 0
-0.627305 2.513528 0.467444 0 -0.961045315 0.276390852 0 0
-0.575519 2.513528 0.467444 0 -0.961045315 0.276390852 0 0
-0.575519 2.513681 0.467976 0 -0.961045315 0.276390852 0 0
-0.627305 2.513528 0.467444 0 -0.898443585 0.43908897 0 0
-0.575519 2.513333 0.467045 0 -0.898443585 0.43908897 0 0
-0.575519 2.513528 0.467444 0 -0.898443585 0.43908897 0 0
-0.627305 2.513528 0.467444 -1.73662944e-05 -0.899330924 0.43726867 0 0
-0.627305 2.513334 0.467045 -1.73662944e-05 -0.899330924 0.43726867 0 0
-0.575519 2.513333 0.467045 -1.73662944e-05 -0.899330924 0.43726867 0 0
-0.627305 2.513528 0.467444 0.142173859 -0.890195252 0.432826764 0 0
-0.627581 2.51334 0.467148 0.142173859 -0.890195252 0.432826764 0 0
-0.627305 2.513334 0.467045 0.142173859 -0.890195252 0.432826764 0 0
-0.627305 2.513528 0.467444 0.0992711956 -0.879259161 0.465884704 0 0
-0.627677 2.513486 0.467444 0.0992711956 -0.879259161 0.465884704 0 0
-0.627581 2.51334 0.467148 0.0992711956 -0.879259161 0.465884704 0 0
-0.627305 2.513528 0.467444 0.107925065 -0.955907717 0.273116491 0 0
-0.627677 2.513638 0.467976 0.107925065 -0.955907717 0.273116491 0 0
-0.627677 2.513486 0.467444 0.107925065 -0.955907717 0.273116491 0 0
-0.627305 2.513528 0.467444 0.110409397 -0.955169669 0.274701052 0 0
-0.627305 2.513681 0.467976 0.110409397 -0.955169669 0.274701052 0 0
-0.627677 2.513638 0.467976 0.110409397 -0.955169669 0.274701052 0 0
-0.421153 2.513156 0.470101 0 -0.59782388 -0.801627475 0 0
-0.575519 2.513333 0.469969 0 -0.59782388 -0.801627475 0 0
-0.421153 2.513333 0.469969 0 -0.59782388 -0.801627475 0 0
-0.421153 2.513156 0.470101 -3.88686628e-06 -0.6 -0.8 0 0
-0.575519 2.513157 0.470101 -3.88686628e-06 -0.6 -0.8 0 0
-0.575519 2.513333 0.469969 -3.88686628e-06 -0.6 -0.8 0 0
-0.421153 2.513156 0.470101 2.45568992e-09 0.00037907503 -0.999999928 0 0
-0.575519 2.507881 0.470099 2.45568992e-09 0.00037907503 -0.999999928 0 0
-0.575519 2.513157 0.470101 2.45568992e-09 0.00037907503 -0.999999928 0 0
-0.421153 2.513156 0.470101 0 0.000379146892 -0.999999928 0 0
-0.421153 2.507881 0.470099 0 0.000379146892 -0.999999928 0 0
-0.575519 2.507881 0.470099 0 0.000379146892 -0.999999928 0 0
-0.421153 2.513156 0.470101 -0.000381949119 0.000379146865 -0.999999855 0 0
-0.215496 2.509333 0.470021 -0.000381949119 0.000379146865 -0.999999855 0 0
-0.421153 2.507881 0.470099 -0.000381949119 0.000379146865 -0.999999855 0 0
-0.421153 2.513156 0.470101 -0.000514100519 -0.00673036699 -0.999977219 0 0
-0.215496 2.513196 0.469995 -0.000514100519 -0.00673036699 -0.999977219 0 0
-0.215496 2.509333 0.470021 -0.000514100519 -0.00673036699 -0.999977219 0 0
-0.421153 2.513156 0.470101 -0.000442473693 -0.273793757 -0.961788325 0 0
-0.215496 2.513333 0.469956 -0.000442473693 -0.273793757 -0.961788325 0 0
-0.215496 2.513196 0.469995 -0.000442473693 -0.273793757 -0.961788325 0 0
-0.421153 2.513156 0.470101 -5.06725138e-05 -0.597823879 -0.801627474 0 0
-0.421153 2.513333 0.469969 -5.06725138e-05 -0.597823879 -0.801627474 0 0
-0.215496 2.513333 0.469956 -5.06725138e-05 -0.597823879 -0.801627474 0 0
-0.421153 2.49239 0.470098 0 6.45536116e-05 -0.999999998 0 0
-0.575519 2.507881 0.470099 0 6.45536116e-05 -0.999999998 0 0
-0.421153 2.507881 0.470099 0 6.45536116e-05 -0.999999998 0 0
-0.421153 2.49239 0.470098 4.18212424e-10 6.45577791e-05 -0.999999998 0 0
-0.575519 2.492391 0.470098 4.18212424e-10 6.45577791e-05 -0.999999998 0 0
-0.575519 2.507881 0.470099 4.18212424e-10 6.45577791e-05 -0.999999998 0 0
-0.421153 2.49239 0.470098 8.36424843e-10 0.000129115557 -0.999999992 0 0
-0.575519 2.476901 0.470096 8.36424843e-10 0.000129115557 -0.999999992 0 0
-0.575519 2.492391 0.470098 8.36424843e-10 0.000129115557 -0.999999992 0 0
-0.421153 2.49239 0.470098 8.36424843e-10 0.000129115557 -0.999999992 0 0
-0.421153 2.4769 0.470096 8.36424843e-10 0.000129115557 -0.999999992 0 0
-0.575519 2.476901 0.470096 8.36424843e-10 0.000129115557 -0.999999992 0 0
-0.421153 2.49239 0.470098 -0.000378360031 0.000129115548 -0.99999992 0 0
-0.215496 2.475447 0.470018 -0.000378360031 0.000129115548 -0.99999992 0 0
-0.421153 2.4769 0.470096 -0.000378360031 0.000129115548 -0.99999992 0 0
-0.421153 2.49239 0.470098 -0.000520283042 -0.00159357623 -0.999998595 0 0
-0.215496 2.49239 0.469991 -0.000520283042 -0.00159357623 -0.999998595 0 0
-0.215496 2.475447 0.470018 -0.000520283042 -0.00159357623 -0.999998595 0 0
-0.421153 2.49239 0.470098 -0.000520282887 0.00177063973 -0.999998297 0 0
-0.215496 2.509333 0.470021 -0.000520282887 0.00177063973 -0.999998297 0 0
-0.215496 2.49239 0.469991 -0.000520282887 0.00177063973 -0.999998297 0 0
-0.421153 2.49239 0.470098 -0.000379728023 6.4553607e-05 -0.999999926 0 0
-0.421153 2.507881 0.470099 -0.000379728023 6.4553607e-05 -0.999999926 0 0
-0.215496 2.509333 0.470021 -0.000379728023 6.4553607e-05 -0.999999926 0 0
-0.421153 2.471625 0.470094 2.45615545e-09 0.000379146892 -0.999999928 0 0
-0.575519 2.476901 0.470096 2.45615545e-09 0.000379146892 -0.999999928 0 0
-0.421153 2.4769 0.470096 2.45615545e-09 0.000379146892 -0.999999928 0 0
-0.421153 2.471625 0.470094 2.45615545e-09 0.000379146892 -0.999999928 0 0
-0.575519 2.471626 0.470094 2.45615545e-09 0.000379146892 -0.999999928 0 0
-0.575519 2.476901 0.470096 2.45615545e-09 0.000379146892 -0.999999928 0 0
-0.421153 2.471625 0.470094 3.91017115e-06 0.60359748 -0.797289209 0 0
-0.575519 2.471449 0.46996 3.91017115e-06 0.60359748 -0.797289209 0 0
-0.575519 2.471626 0.470094 3.91017115e-06 0.60359748 -0.797289209 0 0
-0.421153 2.471625 0.470094 3.91017115e-06 0.60359748 -0.797289209 0 0
-0.421153 2.471448 0.46996 3.91017115e-06 0.60359748 -0.797289209 0 0
-0.575519 2.471449 0.46996 3.91017115e-06 0.60359748 -0.797289209 0 0
-0.421153 2.471625 0.470094 -4.74633113e-05 0.603597479 -0.797289208 0 0
-0.215496 2.471447 0.469947 -4.74633113e-05 0.603597479 -0.797289208 0 0
-0.421153 2.471448 0.46996 -4.74633113e-05 0.603597479 -0.797289208 0 0
-0.421153 2.471625 0.470094 -0.000436625054 0.286706249 -0.958018442 0 0
-0.215496 2.471584 0.469988 -0.000436625054 0.286706249 -0.958018442 0 0
-0.215496 2.471447 0.469947 -0.000436625054 0.286706249 -0.958018442 0 0
-0.421153 2.471625 0.470094 -0.00051385751 0.00776574979 -0.999969714 0 0
-0.215496 2.475447 0.470018 -0.00051385751 0.00776574979 -0.999969714 0 0
-0.215496 2.471584 0.469988 -0.00051385751 0.00776574979 -0.999969714 0 0
-0.421153 2.471625 0.470094 -0.000376593495 0.000379146865 -0.999999857 0 0
-0.421153 2.4769 0.470096 -0.000376593495 0.000379146865 -0.999999857 0 0
-0.215496 2.475447 0.470018 -0.000376593495 0.000379146865 -0.999999857 0 0
-0.627305 2.513157 0.470101 0.275118974 -0.574753969 -0.770692822 0 0
-0.627581 2.51334 0.469866 0.275118974 -0.574753969 -0.770692822 0 0
-0.627305 2.513334 0.469969 0.275118974 -0.574753969 -0.770692822 0 0
-0.627305 2.513157 0.470101 0.167096444 -0.673111039 -0.72041676 0 0
-0.627677 2.513207 0.469968 0.167096444 -0.673111039 -0.72041676 0 0
-0.627581 2.51334 0.469866 0.167096444 -0.673111039 -0.72041676 0 0
-0.627305 2.513157 0.470101 0.3366995 0.000356131651 -0.941612086 0 0
-0.627677 2.507919 0.469966 0.3366995 0.000356131651 -0.941612086 0 0
-0.627677 2.513207 0.469968 0.3366995 0.000356131651 -0.941612086 0 0
-0.627305 2.513157 0.470101 0.336689387 0.000356943026 -0.941615701 0 0
-0.627305 2.507881 0.470099 0.336689387 0.000356943026 -0.941615701 0 0
-0.627677 2.507919 0.469966 0.336689387 0.000356943026 -0.941615701 0 0
-0.627305 2.513157 0.470101 0 0.00037907503 -0.999999928 0 0
-0.575519 2.507881 0.470099 0 0.00037907503 -0.999999928 0 0
-0.627305 2.507881 0.470099 0 0.00037907503 -0.999999928 0 0
-0.627305 2.513157 0.470101 0 0.00037907503 -0.999999928 0 0
-0.575519 2.513157 0.470101 0 0.00037907503 -0.999999928 0 0
-0.575519 2.507881 0.470099 0 0.00037907503 -0.999999928 0 0
-0.627305 2.513157 0.470101 0 -0.6 -0.8 0 0
-0.575519 2.513333 0.469969 0 -0.6 -0.8 0 0
-0.575519 2.513157 0.470101 0 -0.6 -0.8 0 0
-0.627305 2.513157 0.470101 -1.15441216e-05 -0.59782388 -0.801627475 0 0
-0.627305 2.513334 0.469969 -1.15441216e-05 -0.59782388 -0.801627475 0 0
-0.575519 2.513333 0.469969 -1.15441216e-05 -0.59782388 -0.801627475 0 0
-0.627305 2.492391 0.470098 0.336662585 6.07892415e-05 -0.94162535 0 0
-0.627677 2.507919 0.469966 0.336662585 6.07892415e-05 -0.94162535 0 0
-0.627305 2.507881 0.470099 0.336662585 6.07892415e-05 -0.94162535 0 0
-0.627305 2.492391 0.470098 0.336657079 6.06406053e-05 -0.941627319 0 0
-0.627677 2.492391 0.469965 0.336657079 6.06406053e-05 -0.941627319 0 0
-0.627677 2.507919 0.469966 0.336657079 6.06406053e-05 -0.941627319 0 0
-0.627305 2.492391 0.470098 0.336657077 0.00012128121 -0.941627314 0 0
-0.627677 2.476863 0.469963 0.336657077 0.00012128121 -0.941627314 0 0
-0.627677 2.492391 0.469965 0.336657077 0.00012128121 -0.941627314 0 0
-0.627305 2.492391 0.470098 0.336646065 0.000121579245 -0.94163125 0 0
-0.627305 2.476901 0.470096 0.336646065 0.000121579245 -0.94163125 0 0
-0.627677 2.476863 0.469963 0.336646065 0.000121579245 -0.94163125 0 0
-0.627305 2.492391 0.470098 0 0.000129115557 -0.999999992 0 0
-0.575519 2.476901 0.470096 0 0.000129115557 -0.999999992 0 0
-0.627305 2.476901 0.470096 0 0.000129115557 -0.999999992 0 0
-0.627305 2.492391 0.470098 0 0.000129115557 -0.999999992 0 0
-0.575519 2.492391 0.470098 0 0.000129115557 -0.999999992 0 0
-0.575519 2.476901 0.470096 0 0.000129115557 -0.999999992 0 0
-0.627305 2.492391 0.470098 0 6.45577791e-05 -0.999999998 0 0
-0.575519 2.507881 0.470099 0 6.45577791e-05 -0.999999998 0 0
-0.575519 2.492391 0.470098 0 6.45577791e-05 -0.999999998 0 0
-0.627305 2.492391 0.470098 0 6.45577791e-05 -0.999999998 0 0
-0.627305 2.507881 0.470099 0 6.45577791e-05 -0.999999998 0 0
-0.575519 2.507881 0.470099 0 6.45577791e-05 -0.999999998 0 0
-0.627305 2.471626 0.470094 0.336624722 0.000357019458 -0.941638821 0 0
-0.627677 2.476863 0.469963 0.336624722 0.000357019458 -0.941638821 0 0
-0.627305 2.476901 0.470096 0.336624722 0.000357019458 -0.941638821 0 0
-0.627305 2.471626 0.470094 0.336613766 0.000356143244 -0.941642738 0 0
-0.627677 2.471575 0.469961 0.336613766 0.000356143244 -0.941642738 0 0
-0.627677 2.476863 0.469963 0.336613766 0.000356143244 -0.941642738 0 0
-0.627305 2.471626 0.470094 0.163223227 0.678144074 -0.716574346 0 0
-0.627581 2.471442 0.469857 0.163223227 0.678144074 -0.716574346 0 0
-0.627677 2.471575 0.469961 0.163223227 0.678144074 -0.716574346 0 0
-0.627305 2.471626 0.470094 0.271619893 0.580904997 -0.76731481 0 0
-0.627305 2.471449 0.46996 0.271619893 0.580904997 -0.76731481 0 0
-0.627581 2.471442 0.469857 0.271619893 0.580904997 -0.76731481 0 0
-0.627305 2.471626 0.470094 0 0.60359748 -0.797289209 0 0
-0.575519 2.471449 0.46996 0 0.60359748 -0.797289209 0 0
-0.627305 2.471449 0.46996 0 0.60359748 -0.797289209 0 0
-0.627305 2.471626 0.470094 0 0.60359748 -0.797289209 0 0
-0.575519 2.471626 0.470094 0 0.60359748 -0.797289209 0 0
-0.575519 2.471449 0.46996 0 0.60359748 -0.797289209 0 0
-0.627305 2.471626 0.470094 0 0.000379146892 -0.999999928 0 0
-0.575519 2.476901 0.470096 0 0.000379146892 -0.999999928 0 0
-0.575519 2.471626 0.470094 0 0.000379146892 -0.999999928 0 0
-0.627305 2.471626 0.470094 0 0.000379146892 -0.999999928 0 0
-0.627305 2.476901 0.470096 0 0.000379146892 -0.999999928 0 0
-0.575519 2.476901 0.470096 0 0.000379146892 -0.999999928 0 0
-0.421153 2.471625 0.466904 3.87276913e-06 0.59782388 0.801627475 0 0
-0.575519 2.471449 0.467036 3.87276913e-06 0.59782388 0.801627475 0 0
-0.421153 2.471448 0.467036 3.87276913e-06 0.59782388 0.801627475 0 0
-0.421153 2.471625 0.466904 3.87276913e-06 0.59782388 0.801627475 0 0
-0.575519 2.471626 0.466904 3.87276913e-06 0.59782388 0.801627475 0 0
-0.575519 2.471449 0.467036 3.87276913e-06 0.59782388 0.801627475 0 0
-0.421153 2.471625 0.466904 -2.45615545e-09 -0.000379146892 0.999999928 0 0
-0.575519 2.476901 0.466906 -2.45615545e-09 -0.000379146892 0.999999928 0 0
-0.575519 2.471626 0.466904 -2.45615545e-09 -0.000379146892 0.999999928 0 0
-0.421153 2.471625 0.466904 -2.45615545e-09 -0.000379146892 0.999999928 0 0
-0.421153 2.4769 0.466906 -2.45615545e-09 -0.000379146892 0.999999928 0 0
-0.575519 2.476901 0.466906 -2.45615545e-09 -0.000379146892 0.999999928 0 0
-0.421153 2.471625 0.466904 -0.000381950963 -0.000379146865 0.999999855 0 0
-0.215496 2.475447 0.466984 -0.000381950963 -0.000379146865 0.999999855 0 0
-0.421153 2.4769 0.466906 -0.000381950963 -0.000379146865 0.999999855 0 0
-0.421153 2.471625 0.466904 -0.000514067793 0.00673036699 0.999977219 0 0
-0.215496 2.471584 0.46701 -0.000514067793 0.00673036699 0.999977219 0 0
-0.215496 2.475447 0.466984 -0.000514067793 0.00673036699 0.999977219 0 0
-0.421153 2.471625 0.466904 -0.00044114238 0.273793757 0.961788326 0 0
-0.215496 2.471447 0.467049 -0.00044114238 0.273793757 0.961788326 0 0
-0.215496 2.471584 0.46701 -0.00044114238 0.273793757 0.961788326 0 0
-0.421153 2.471625 0.466904 -4.7765616e-05 0.597823879 0.801627474 0 0
-0.421153 2.471448 0.467036 -4.7765616e-05 0.597823879 0.801627474 0 0
-0.215496 2.471447 0.467049 -4.7765616e-05 0.597823879 0.801627474 0 0
-0.421153 2.49239 0.466908 -8.36424843e-10 -0.000129115557 0.999999992 0 0
-0.575519 2.476901 0.466906 -8.36424843e-10 -0.000129115557 0.999999992 0 0
-0.421153 2.4769 0.466906 -8.36424843e-10 -0.000129115557 0.999999992 0 0
-0.421153 2.49239 0.466908 -8.36424843e-10 -0.000129115557 0.999999992 0 0
-0.575519 2.492391 0.466908 -8.36424843e-10 -0.000129115557 0.999999992 0 0
-0.575519 2.476901 0.466906 -8.36424843e-10 -0.000129115557 0.999999992 0 0
-0.421153 2.49239 0.466908 -4.18212424e-10 -6.45577791e-05 0.999999998 0 0
-0.575519 2.507881 0.466909 -4.18212424e-10 -6.45577791e-05 0.999999998 0 0
-0.575519 2.492391 0.466908 -4.18212424e-10 -6.45577791e-05 0.999999998 0 0
-0.421153 2.49239 0.466908 0 -6.45536116e-05 0.999999998 0 0
-0.421153 2.507881 0.466909 0 -6.45536116e-05 0.999999998 0 0
-0.575519 2.507881 0.466909 0 -6.45536116e-05 0.999999998 0 0
-0.421153 2.49239 0.466908 -0.000378816488 -6.4553607e-05 0.999999926 0 0
-0.215496 2.509333 0.466987 -0.000378816488 -6.4553607e-05 0.999999926 0 0
-0.421153 2.507881 0.466909 -0.000378816488 -6.4553607e-05 0.999999926 0 0
-0.421153 2.49239 0.466908 -0.000515420585 0.00159357623 0.999998597 0 0
-0.215496 2.49239 0.467014 -0.000515420585 0.00159357623 0.999998597 0 0
-0.215496 2.509333 0.466987 -0.000515420585 0.00159357623 0.999998597 0 0
-0.421153 2.49239 0.466908 -0.000515420432 -0.00177063973 0.9999983 0 0
-0.215496 2.475447 0.466984 -0.000515420432 -0.00177063973 0.9999983 0 0
-0.215496 2.49239 0.467014 -0.000515420432 -0.00177063973 0.9999983 0 0
-0.421153 2.49239 0.466908 -0.000380184475 -0.000129115548 0.999999919 0 0
-0.421153 2.4769 0.466906 -0.000380184475 -0.000129115548 0.999999919 0 0
-0.215496 2.475447 0.466984 -0.000380184475 -0.000129115548 0.999999919 0 0
-0.421153 2.513156 0.466911 0 -0.000379146892 0.999999928 0 0
-0.575519 2.507881 0.466909 0 -0.000379146892 0.999999928 0 0
-0.421153 2.507881 0.466909 0 -0.000379146892 0.999999928 0 0
-0.421153 2.513156 0.466911 -2.45568992e-09 -0.00037907503 0.999999928 0 0
-0.575519 2.513157 0.466911 -2.45568992e-09 -0.00037907503 0.999999928 0 0
-0.575519 2.507881 0.466909 -2.45568992e-09 -0.00037907503 0.999999928 0 0
-0.421153 2.513156 0.466911 -3.92424998e-06 -0.605770772 0.795639222 0 0
-0.575519 2.513333 0.467045 -3.92424998e-06 -0.605770772 0.795639222 0 0
-0.575519 2.513157 0.466911 -3.92424998e-06 -0.605770772 0.795639222 0 0
-0.421153 2.513156 0.466911 0 -0.60359748 0.797289209 0 0
-0.421153 2.513333 0.467045 0 -0.60359748 0.797289209 0 0
-0.575519 2.513333 0.467045 0 -0.60359748 0.797289209 0 0
-0.421153 2.513156 0.466911 -5.42750741e-05 -0.603597479 0.797289207 0 0
-0.215496 2.513333 0.467059 -5.42750741e-05 -0.603597479 0.797289207 0 0
-0.421153 2.513333 0.467045 -5.42750741e-05 -0.603597479 0.797289207 0 0
-0.421153 2.513156 0.466911 -0.000435775615 -0.293104878 0.956080196 0 0
-0.215496 2.513196 0.467017 -0.000435775615 -0.293104878 0.956080196 0 0
-0.215496 2.513333 0.467059 -0.000435775615 -0.293104878 0.956080196 0 0
-0.421153 2.513156 0.466911 -0.000513895271 -0.00776574979 0.999969714 0 0
-0.215496 2.509333 0.466987 -0.000513895271 -0.00776574979 0.999969714 0 0
-0.215496 2.513196 0.467017 -0.000513895271 -0.00776574979 0.999969714 0 0
-0.421153 2.513156 0.466911 -0.000376595339 -0.000379146865 0.999999857 0 0
-0.421153 2.507881 0.466909 -0.000376595339 -0.000379146865 0.999999857 0 0
-0.215496 2.509333 0.466987 -0.000376595339 -0.000379146865 0.999999857 0 0
-0.627305 2.471626 0.466904 0.275774971 0.5746416 0.770542145 0 0
-0.627581 2.471442 0.46714 0.275774971 0.5746416 0.770542145 0 0
-0.627305 2.471449 0.467036 0.275774971 0.5746416 0.770542145 0 0
-0.627305 2.471626 0.466904 0.16442281 0.675408075 0.718880429 0 0
-0.627677 2.471575 0.467037 0.16442281 0.675408075 0.718880429 0 0
-0.627581 2.471442 0.46714 0.16442281 0.675408075 0.718880429 0 0
-0.627305 2.471626 0.466904 0.336700349 -0.000356131536 0.941611782 0 0
-0.627677 2.476863 0.467039 0.336700349 -0.000356131536 0.941611782 0 0
-0.627677 2.471575 0.467037 0.336700349 -0.000356131536 0.941611782 0 0
-0.627305 2.471626 0.466904 0.336689394 -0.000357010692 0.941615699 0 0
-0.627305 2.476901 0.466906 0.336689394 -0.000357010692 0.941615699 0 0
-0.627677 2.476863 0.467039 0.336689394 -0.000357010692 0.941615699 0 0
-0.627305 2.471626 0.466904 0 -0.000379146892 0.999999928 0 0
-0.575519 2.476901 0.466906 0 -0.000379146892 0.999999928 0 0
-0.627305 2.476901 0.466906 0 -0.000379146892 0.999999928 0 0
-0.627305 2.471626 0.466904 0 -0.000379146892 0.999999928 0 0
-0.575519 2.471626 0.466904 0 -0.000379146892 0.999999928 0 0
-0.575519 2.476901 0.466906 0 -0.000379146892 0.999999928 0 0
-0.627305 2.471626 0.466904 -0 0.59782388 0.801627475 0 0
-0.575519 2.471449 0.467036 -0 0.59782388 0.801627475 0 0
-0.575519 2.471626 0.466904 -0 0.59782388 0.801627475 0 0
-0.627305 2.471626 0.466904 0 0.59782388 0.801627475 0 0
-0.627305 2.471449 0.467036 0 0.59782388 0.801627475 0 0
-0.575519 2.471449 0.467036 0 0.59782388 0.801627475 0 0
-0.627305 2.492391 0.466908 0.336668089 -0.000121578228 0.941623377 0 0
-0.627677 2.476863 0.467039 0.336668089 -0.000121578228 0.941623377 0 0
-0.627305 2.476901 0.466906 0.336668089 -0.000121578228 0.941623377 0 0
-0.627305 2.492391 0.466908 0.336657077 -0.00012128121 0.941627314 0 0
-0.627677 2.492391 0.467041 0.336657077 -0.00012128121 0.941627314 0 0
-0.627677 2.476863 0.467039 0.336657077 -0.00012128121 0.941627314 0 0
-0.627305 2.492391 0.466908 0.336657079 -6.06406053e-05 0.941627319 0 0
-0.627677 2.507919 0.467042 0.336657079 -6.06406053e-05 0.941627319 0 0
-0.627677 2.492391 0.467041 0.336657079 -6.06406053e-05 0.941627319 0 0
-0.627305 2.492391 0.466908 0.336651573 -6.07894956e-05 0.941629287 0 0
-0.627305 2.507881 0.466909 0.336651573 -6.07894956e-05 0.941629287 0 0
-0.627677 2.507919 0.467042 0.336651573 -6.07894956e-05 0.941629287 0 0
-0.627305 2.492391 0.466908 0 -6.45577791e-05 0.999999998 0 0
-0.575519 2.507881 0.466909 0 -6.45577791e-05 0.999999998 0 0
-0.627305 2.507881 0.466909 0 -6.45577791e-05 0.999999998 0 0
-0.627305 2.492391 0.466908 0 -6.45577791e-05 0.999999998 0 0
-0.575519 2.492391 0.466908 0 -6.45577791e-05 0.999999998 0 0
-0.575519 2.507881 0.466909 0 -6.45577791e-05 0.999999998 0 0
-0.627305 2.492391 0.466908 0 -0.000129115557 0.999999992 0 0
-0.575519 2.476901 0.466906 0 -0.000129115557 0.999999992 0 0
-0.575519 2.492391 0.466908 0 -0.000129115557 0.999999992 0 0
-0.627305 2.492391 0.466908 0 -0.000129115557 0.999999992 0 0
-0.627305 2.476901 0.466906 0 -0.000129115557 0.999999992 0 0
-0.575519 2.476901 0.466906 0 -0.000129115557 0.999999992 0 0
-0.627305 2.513157 0.466911 0.336624728 -0.000356951789 0.941638819 0 0
-0.627677 2.507919 0.467042 0.336624728 -0.000356951789 0.941638819 0 0
-0.627305 2.507881 0.466909 0.336624728 -0.000356951789 0.941638819 0 0
-0.627305 2.513157 0.466911 0.336614615 -0.00035614313 0.941642434 0 0
-0.627677 2.513207 0.467044 0.336614615 -0.00035614313 0.941642434 0 0
-0.627677 2.507919 0.467042 0.336614615 -0.00035614313 0.941642434 0 0
-0.627305 2.513157 0.466911 0.164706081 -0.678606462 0.715796882 0 0
-0.627581 2.51334 0.467148 0.164706081 -0.678606462 0.715796882 0 0
-0.627677 2.513207 0.467044 0.164706081 -0.678606462 0.715796882 0 0
-0.627305 2.513157 0.466911 0.273567665 -0.580571902 0.766874826 0 0
-0.627305 2.513334 0.467045 0.273567665 -0.580571902 0.766874826 0 0
-0.627581 2.51334 0.467148 0.273567665 -0.580571902 0.766874826 0 0
-0.627305 2.513157 0.466911 -1.16556112e-05 -0.60359748 0.797289209 0 0
-0.575519 2.513333 0.467045 -1.16556112e-05 -0.60359748 0.797289209 0 0
-0.627305 2.513334 0.467045 -1.16556112e-05 -0.60359748 0.797289209 0 0
-0.627305 2.513157 0.466911 0 -0.605770772 0.795639222 0 0
-0.575519 2.513157 0.466911 0 -0.605770772 0.795639222 0 0
-0.575519 2.513333 0.467045 0 -0.605770772 0.795639222 0 0
-0.627305 2.513157 0.466911 0 -0.00037907503 0.999999928 0 0
-0.575519 2.507881 0.466909 0 -0.00037907503 0.999999928 0 0
-0.575519 2.513157 0.466911 0 -0.00037907503 0.999999928 0 0
-0.627305 2.513157 0.466911 0 -0.00037907503 0.999999928 0 0
-0.627305 2.507881 0.466909 0 -0.00037907503 0.999999928 0 0
-0.575519 2.507881 0.466909 0 -0.00037907503 0.999999928 0 0
-0.627801 2.513359 0.469569 0.95474023 5.58364749e-05 -0.297440902 0 0
-0.627677 2.507919 0.469966 0.95474023 5.58364749e-05 -0.297440902 0 0
-0.627801 2.508032 0.469568 0.95474023 5.58364749e-05 -0.297440902 0 0
-0.627801 2.513359 0.469569 0.95495936 0.00011223018 -0.296736596 0 0
-0.627677 2.513207 0.469968 0.95495936 0.00011223018 -0.296736596 0 0
-0.627677 2.507919 0.469966 0.95495936 0.00011223018 -0.296736596 0 0
-0.627801 2.513359 0.469569 0.532645089 -0.722501732 -0.440772567 0 0
-0.627581 2.51334 0.469866 0.532645089 -0.722501732 -0.440772567 0 0
-0.627677 2.513207 0.469968 0.532645089 -0.722501732 -0.440772567 0 0
-0.627801 2.513359 0.469569 0.623463346 -0.600857702 -0.500263409 0 0
-0.627677 2.513486 0.469571 0.623463346 -0.600857702 -0.500263409 0 0
-0.627581 2.51334 0.469866 0.623463346 -0.600857702 -0.500263409 0 0
-0.627801 2.513359 0.469569 0.703263636 -0.683575404 -0.195307258 0 0
-0.627677 2.513638 0.469039 0.703263636 -0.683575404 -0.195307258 0 0
-0.627677 2.513486 0.469571 0.703263636 -0.683575404 -0.195307258 0 0
-0.627801 2.513359 0.469569 0.705367534 -0.681810067 -0.193885725 0 0
-0.627801 2.51351 0.469038 0.705367534 -0.681810067 -0.193885725 0 0
-0.627677 2.513638 0.469039 0.705367534 -0.681810067 -0.193885725 0 0
-0.627801 2.513359 0.469569 1 0 0 0 0
-0.627801 2.508145 0.469036 1 0 0 0 0
-0.627801 2.51351 0.469038 1 0 0 0 0
-0.627801 2.513359 0.469569 1 0 0 0 0
-0.627801 2.508032 0.469568 1 0 0 0 0
-0.627801 2.508145 0.469036 1 0 0 0 0
-0.627801 2.492391 0.469566 1 -0 0 0 0
-0.627801 2.508145 0.469036 1 -0 0 0 0
-0.627801 2.508032 0.469568 1 -0 0 0 0
-0.627801 2.492391 0.469566 1 0 0 0 0
-0.627801 2.492391 0.469034 1 0 0 0 0
-0.627801 2.508145 0.469036 1 0 0 0 0
-0.627801 2.492391 0.469566 1 0 0 0 0
-0.627801 2.476637 0.469033 1 0 0 0 0
-0.627801 2.492391 0.469034 1 0 0 0 0
-0.627801 2.492391 0.469566 1 0 0 0 0
-0.627801 2.47675 0.469564 1 0 0 0 0
-0.627801 2.476637 0.469033 1 0 0 0 0
-0.627801 2.492391 0.469566 0.954944204 3.79496691e-05 -0.296785387 0 0
-0.627677 2.476863 0.469963 0.954944204 3.79496691e-05 -0.296785387 0 0
-0.627801 2.47675 0.469564 0.954944204 3.79496691e-05 -0.296785387 0 0
-0.627801 2.492391 0.469566 0.95494725 3.82245732e-05 -0.296775586 0 0
-0.627677 2.492391 0.469965 0.95494725 3.82245732e-05 -0.296775586 0 0
-0.627677 2.476863 0.469963 0.95494725 3.82245732e-05 -0.296775586 0 0
-0.627801 2.492391 0.469566 0.95494725 1.91122866e-05 -0.296775587 0 0
-0.627677 2.507919 0.469966 0.95494725 1.91122866e-05 -0.296775587 0 0
-0.627677 2.492391 0.469965 0.95494725 1.91122866e-05 -0.296775587 0 0
-0.627801 2.492391 0.469566 0.954738795 3.80340783e-05 -0.297445509 0 0
-0.627801 2.508032 0.469568 0.954738795 3.80340783e-05 -0.297445509 0 0
-0.627677 2.507919 0.469966 0.954738795 3.80340783e-05 -0.297445509 0 0
-0.627801 2.471424 0.469563 1 -0 0 0 0
-0.627801 2.476637 0.469033 1 -0 0 0 0
-0.627801 2.47675 0.469564 1 -0 0 0 0
-0.627801 2.471424 0.469563 1 0 0 0 0
-0.627801 2.471272 0.469031 1 0 0 0 0
-0.627801 2.476637 0.469033 1 0 0 0 0
-0.627801 2.471424 0.469563 0.703661339 0.683196915 -0.195199119 0 0
-0.627677 2.471144 0.46903 0.703661339 0.683196915 -0.195199119 0 0
-0.627801 2.471272 0.469031 0.703661339 0.683196915 -0.195199119 0 0
-0.627801 2.471424 0.469563 0.699815265 0.686398777 -0.197775919 0 0
-0.627677 2.471297 0.469561 0.699815265 0.686398777 -0.197775919 0 0
-0.627677 2.471144 0.46903 0.699815265 0.686398777 -0.197775919 0 0
-0.627801 2.471424 0.469563 0.616321782 0.609613652 -0.498516455 0 0
-0.627581 2.471442 0.469857 0.616321782 0.609613652 -0.498516455 0 0
-0.627677 2.471297 0.469561 0.616321782 0.609613652 -0.498516455 0 0
-0.627801 2.471424 0.469563 0.528739868 0.725778196 -0.440091084 0 0
-0.627677 2.471575 0.469961 0.528739868 0.725778196 -0.440091084 0 0
-0.627581 2.471442 0.469857 0.528739868 0.725778196 -0.440091084 0 0
-0.627801 2.471424 0.469563 0.954723599 0.000112516741 -0.297494262 0 0
-0.627677 2.476863 0.469963 0.954723599 0.000112516741 -0.297494262 0 0
-0.627677 2.471575 0.469961 0.954723599 0.000112516741 -0.297494262 0 0
-0.627801 2.471424 0.469563 0.954942776 5.57247424e-05 -0.296789978 0 0
-0.627801 2.47675 0.469564 0.954942776 5.57247424e-05 -0.296789978 0 0
-0.627677 2.476863 0.469963 0.954942776 5.57247424e-05 -0.296789978 0 0
-0.627801 2.513561 0.468506 0.716380043 -0.694514297 0.066704763 0 0
-0.627677 2.513638 0.467976 0.716380043 -0.694514297 0.066704763 0 0
-0.627677 2.513689 0.468507 0.716380043 -0.694514297 0.066704763 0 0
-0.627801 2.513561 0.468506 0.716124996 -0.6947868 0.0666055015 0 0
-0.627801 2.51351 0.467974 0.716124996 -0.6947868 0.0666055015 0 0
-0.627677 2.513638 0.467976 0.716124996 -0.6947868 0.0666055015 0 0
-0.627801 2.513561 0.468506 1 0 0 0 0
-0.627801 2.508145 0.467973 1 0 0 0 0
-0.627801 2.51351 0.467974 1 0 0 0 0
-0.627801 2.513561 0.468506 1 0 0 0 0
-0.627801 2.508183 0.468504 1 0 0 0 0
-0.627801 2.508145 0.467973 1 0 0 0 0
-0.627801 2.513561 0.468506 1 0 0 0 0
-0.627801 2.508145 0.469036 1 0 0 0 0
-0.627801 2.508183 0.468504 1 0 0 0 0
-0.627801 2.513561 0.468506 1 0 0 0 0
-0.627801 2.51351 0.469038 1 0 0 0 0
-0.627801 2.508145 0.469036 1 0 0 0 0
-0.627801 2.513561 0.468506 0.716908667 -0.693985516 -0.0665286867 0 0
-0.627677 2.513638 0.469039 0.716908667 -0.693985516 -0.0665286867 0 0
-0.627801 2.51351 0.469038 0.716908667 -0.693985516 -0.0665286867 0 0
-0.627801 2.513561 0.468506 0.716908667 -0.693985516 -0.0665286867 0 0
-0.627677 2.513689 0.468507 0.716908667 -0.693985516 -0.0665286867 0 0
-0.627677 2.513638 0.469039 0.716908667 -0.693985516 -0.0665286867 0 0
-0.627801 2.492391 0.468503 1 -0 0 0 0
-0.627801 2.508145 0.467973 1 -0 0 0 0
-0.627801 2.508183 0.468504 1 -0 0 0 0
-0.627801 2.492391 0.468503 1 0 0 0 0
-0.627801 2.492391 0.467971 1 0 0 0 0
-0.627801 2.508145 0.467973 1 0 0 0 0
-0.627801 2.492391 0.468503 1 0 0 0 0
-0.627801 2.476637 0.467969 1 0 0 0 0
-0.627801 2.492391 0.467971 1 0 0 0 0
-0.627801 2.492391 0.468503 1 0 0 0 0
-0.627801 2.4766 0.468501 1 0 0 0 0
-0.627801 2.476637 0.467969 1 0 0 0 0
-0.627801 2.492391 0.468503 1 0 0 0 0
-0.627801 2.476637 0.469033 1 0 0 0 0
-0.627801 2.4766 0.468501 1 0 0 0 0
-0.627801 2.492391 0.468503 1 0 -0 0 0
-0.627801 2.492391 0.469034 1 0 -0 0 0
-0.627801 2.476637 0.469033 1 0 -0 0 0
-0.627801 2.492391 0.468503 1 0 0 0 0
-0.627801 2.508145 0.469036 1 0 0 0 0
-0.627801 2.492391 0.469034 1 0 0 0 0
-0.627801 2.492391 0.468503 1 0 0 0 0
-0.627801 2.508183 0.468504 1 0 0 0 0
-0.627801 2.508145 0.469036 1 0 0 0 0
-0.627801 2.471222 0.468499 1 -0 0 0 0
-0.627801 2.476637 0.467969 1 -0 0 0 0
-0.627801 2.4766 0.468501 1 -0 0 0 0
-0.627801 2.471222 0.468499 1 0 0 0 0
-0.627801 2.471272 0.467968 1 0 0 0 0
-0.627801 2.476637 0.467969 1 0 0 0 0
-0.627801 2.471222 0.468499 0.717215879 0.693782135 0.0653278846 0 0
-0.627677 2.471144 0.467966 0.717215879 0.693782135 0.0653278846 0 0
-0.627801 2.471272 0.467968 0.717215879 0.693782135 0.0653278846 0 0
-0.627801 2.471222 0.468499 0.719612573 0.691206951 0.0662623205 0 0
-0.627677 2.471093 0.468498 0.719612573 0.691206951 0.0662623205 0 0
-0.627677 2.471144 0.467966 0.719612573 0.691206951 0.0662623205 0 0
-0.627801 2.471222 0.468499 0.719096673 0.691738766 -0.0663133027 0 0
-0.627677 2.471144 0.46903 0.719096673 0.691738766 -0.0663133027 0 0
-0.627677 2.471093 0.468498 0.719096673 0.691738766 -0.0663133027 0 0
-0.627801 2.471222 0.468499 0.716453311 0.694574141 -0.0652795245 0 0
-0.627801 2.471272 0.469031 0.716453311 0.694574141 -0.0652795245 0 0
-0.627677 2.471144 0.46903 0.716453311 0.694574141 -0.0652795245 0 0
-0.627801 2.471222 0.468499 1 0 0 0 0
-0.627801 2.476637 0.469033 1 0 0 0 0
-0.627801 2.471272 0.469031 1 0 0 0 0
-0.627801 2.471222 0.468499 1 0 0 0 0
-0.627801 2.4766 0.468501 1 0 0 0 0
-0.627801 2.476637 0.469033 1 0 0 0 0
-0.627801 2.513359 0.467443 0.617758438 -0.607101173 0.499802639 0 0
-0.627581 2.51334 0.467148 0.617758438 -0.607101173 0.499802639 0 0
-0.627677 2.513486 0.467444 0.617758438 -0.607101173 0.499802639 0 0
-0.627801 2.513359 0.467443 0.528196952 -0.725829569 0.440657936 0 0
-0.627677 2.513207 0.467044 0.528196952 -0.725829569 0.440657936 0 0
-0.627581 2.51334 0.467148 0.528196952 -0.725829569 0.440657936 0 0
-0.627801 2.513359 0.467443 0.954935124 -0.000112259676 0.296814583 0 0
-0.627677 2.507919 0.467042 0.954935124 -0.000112259676 0.296814583 0 0
-0.627677 2.513207 0.467044 0.954935124 -0.000112259676 0.296814583 0 0
-0.627801 2.513359 0.467443 0.9549383 -0.000111433964 0.296804364 0 0
-0.627801 2.508032 0.467441 0.9549383 -0.000111433964 0.296804364 0 0
-0.627677 2.507919 0.467042 0.9549383 -0.000111433964 0.296804364 0 0
-0.627801 2.513359 0.467443 1 0 0 0 0
-0.627801 2.508145 0.467973 1 0 0 0 0
-0.627801 2.508032 0.467441 1 0 0 0 0
-0.627801 2.513359 0.467443 1 0 -0 0 0
-0.627801 2.51351 0.467974 1 0 -0 0 0
-0.627801 2.508145 0.467973 1 0 -0 0 0
-0.627801 2.513359 0.467443 0.702998883 -0.684069672 0.194528287 0 0
-0.627677 2.513638 0.467976 0.702998883 -0.684069672 0.194528287 0 0
-0.627801 2.51351 0.467974 0.702998883 -0.684069672 0.194528287 0 0
-0.627801 2.513359 0.467443 0.700863493 -0.685850633 0.195957324 0 0
-0.627677 2.513486 0.467444 0.700863493 -0.685850633 0.195957324 0 0
-0.627677 2.513638 0.467976 0.700863493 -0.685850633 0.195957324 0 0
-0.627801 2.492391 0.467439 0.954944204 -3.79496691e-05 0.296785387 0 0
-0.627677 2.507919 0.467042 0.954944204 -3.79496691e-05 0.296785387 0 0
-0.627801 2.508032 0.467441 0.954944204 -3.79496691e-05 0.296785387 0 0
-0.627801 2.492391 0.467439 0.954735729 -1.91560634e-05 0.297455353 0 0
-0.627677 2.492391 0.467041 0.954735729 -1.91560634e-05 0.297455353 0 0
-0.627677 2.507919 0.467042 0.954735729 -1.91560634e-05 0.297455353 0 0
-0.627801 2.492391 0.467439 0.954735729 -3.83121268e-05 0.297455353 0 0
-0.627677 2.476863 0.467039 0.954735729 -3.83121268e-05 0.297455353 0 0
-0.627677 2.492391 0.467041 0.954735729 -3.83121268e-05 0.297455353 0 0
-0.627801 2.492391 0.467439 0.954948773 -1.89738947e-05 0.296770686 0 0
-0.627801 2.47675 0.467438 0.954948773 -1.89738947e-05 0.296770686 0 0
-0.627677 2.476863 0.467039 0.954948773 -1.89738947e-05 0.296770686 0 0
-0.627801 2.492391 0.467439 1 0 0 0 0
-0.627801 2.476637 0.467969 1 0 0 0 0
-0.627801 2.47675 0.467438 1 0 0 0 0
-0.627801 2.492391 0.467439 1 0 -0 0 0
-0.627801 2.492391 0.467971 1 0 -0 0 0
-0.627801 2.476637 0.467969 1 0 -0 0 0
-0.627801 2.492391 0.467439 1 0 0 0 0
-0.627801 2.508145 0.467973 1 0 0 0 0
-0.627801 2.492391 0.467971 1 0 0 0 0
-0.627801 2.492391 0.467439 1 0 0 0 0
-0.627801 2.508032 0.467441 1 0 0 0 0
-0.627801 2.508145 0.467973 1 0 0 0 0
-0.627801 2.471424 0.467436 0.954956188 -0.000111433273 0.296746805 0 0
-0.627677 2.476863 0.467039 0.954956188 -0.000111433273 0.296746805 0 0
-0.627801 2.47675 0.467438 0.954956188 -0.000111433273 0.296746805 0 0
-0.627801 2.471424 0.467436 0.954959281 -0.000112230277 0.296736852 0 0
-0.627677 2.471575 0.467037 0.954959281 -0.000112230277 0.296736852 0 0
-0.627677 2.476863 0.467039 0.954959281 -0.000112230277 0.296736852 0 0
-0.627801 2.471424 0.467436 0.531789161 0.724040709 0.439278203 0 0
-0.627581 2.471442 0.46714 0.531789161 0.724040709 0.439278203 0 0
-0.627677 2.471575 0.467037 0.531789161 0.724040709 0.439278203 0 0
-0.627801 2.471424 0.467436 0.622018884 0.603396356 0.499004354 0 0
-0.627677 2.471297 0.467435 0.622018884 0.603396356 0.499004354 0 0
-0.627581 2.471442 0.46714 0.622018884 0.603396356 0.499004354 0 0
-0.627801 2.471424 0.467436 0.702244579 0.68410404 0.197114723 0 0
-0.627677 2.471144 0.467966 0.702244579 0.68410404 0.197114723 0 0
-0.627677 2.471297 0.467435 0.702244579 0.68410404 0.197114723 0 0
-0.627801 2.471424 0.467436 0.706033728 0.680930307 0.194551516 0 0
-0.627801 2.471272 0.467968 0.706033728 0.680930307 0.194551516 0 0
-0.627677 2.471144 0.467966 0.706033728 0.680930307 0.194551516 0 0
-0.627801 2.471424 0.467436 1 0 -0 0 0
-0.627801 2.476637 0.467969 1 0 -0 0 0
-0.627801 2.471272 0.467968 1 0 -0 0 0
-0.627801 2.471424 0.467436 1 0 0 0 0
-0.627801 2.47675 0.467438 1 0 0 0 0
-0.627801 2.476637 0.467969 1 0 0 0 0
0.196313 2.471254 0.469561 -0.101698645 0.879811534 -0.464315679 0 0
0.196588 2.471442 0.469857 -0.101698645 0.879811534 -0.464315679 0 0
0.196685 2.471297 0.469561 -0.101698645 0.879811534 -0.464315679 0 0
0.196313 2.471254 0.469561 -0.140191036 0.889570982 -0.434752736 0 0
0.196313 2.471449 0.46996 -0.140191036 0.889570982 -0.434752736 0 0
0.196588 2.471442 0.469857 -0.140191036 0.889570982 -0.434752736 0 0
0.196313 2.471254 0.469561 0 0.898443585 -0.43908897 0 0
0.144527 2.471449 0.46996 0 0.898443585 -0.43908897 0 0
0.196313 2.471449 0.46996 0 0.898443585 -0.43908897 0 0
0.196313 2.471254 0.469561 0 0.898443585 -0.43908897 0 0
0.144527 2.471254 0.469561 0 0.898443585 -0.43908897 0 0
0.144527 2.471449 0.46996 0 0.898443585 -0.43908897 0 0
0.196313 2.471254 0.469561 0 0.961045315 -0.276390852 0 0
0.144527 2.471101 0.469029 0 0.961045315 -0.276390852 0 0
0.144527 2.471254 0.469561 0 0.961045315 -0.276390852 0 0
0.196313 2.471254 0.469561 0 0.961045315 -0.276390852 0 0
0.196313 2.471101 0.469029 0 0.961045315 -0.276390852 0 0
0.144527 2.471101 0.469029 0 0.961045315 -0.276390852 0 0
0.196313 2.471254 0.469561 -0.109679866 0.955247294 -0.274723376 0 0
0.196685 2.471144 0.46903 -0.109679866 0.955247294 -0.274723376 0 0
0.196313 2.471101 0.469029 -0.109679866 0.955247294 -0.274723376 0 0
0.196313 2.471254 0.469561 -0.110393696 0.955033831 -0.275179239 0 0
0.196685 2.471297 0.469561 -0.110393696 0.955033831 -0.275179239 0 0
0.196685 2.471144 0.46903 -0.110393696 0.955033831 -0.275179239 0 0
0.196313 2.471051 0.468497 -0.111433096 0.989236774 -0.0948328487 0 0
0.196685 2.471144 0.46903 -0.111433096 0.989236774 -0.0948328487 0 0
0.196685 2.471093 0.468498 -0.111433096 0.989236774 -0.0948328487 0 0
0.196313 2.471051 0.468497 -0.11408298 0.989112329 -0.092961685 0 0
0.196313 2.471101 0.469029 -0.11408298 0.989112329 -0.092961685 0 0
0.196685 2.471144 0.46903 -0.11408298 0.989112329 -0.092961685 0 0
0.196313 2.471051 0.468497 0 0.995612459 -0.0935725995 0 0
0.144527 2.471101 0.469029 0 0.995612459 -0.0935725995 0 0
0.196313 2.471101 0.469029 0 0.995612459 -0.0935725995 0 0
0.196313 2.471051 0.468497 -1.92221144e-05 0.995436414 -0.095427175 0 0
0.144527 2.47105 0.468497 -1.92221144e-05 0.995436414 -0.095427175 0 0
0.144527 2.471101 0.469029 -1.92221144e-05 0.995436414 -0.095427175 0 0
0.196313 2.471051 0.468497 -1.92217844e-05 0.995419327 0.0956052461 0 0
0.144527 2.471101 0.467966 -1.92217844e-05 0.995419327 0.0956052461 0 0
0.144527 2.47105 0.468497 -1.92217844e-05 0.995419327 0.0956052461 0 0
0.196313 2.471051 0.468497 0 0.995596027 0.0937472718 0 0
0.196313 2.471101 0.467966 0 0.995596027 0.0937472718 0 0
0.144527 2.471101 0.467966 0 0.995596027 0.0937472718 0 0
0.196313 2.471051 0.468497 -0.114327751 0.98906799 0.0931325791 0 0
0.196685 2.471144 0.467966 -0.114327751 0.98906799 0.0931325791 0 0
0.196313 2.471101 0.467966 -0.114327751 0.98906799 0.0931325791 0 0
0.196313 2.471051 0.468497 -0.111936576 0.989180448 0.0948274489 0 0
0.196685 2.471093 0.468498 -0.111936576 0.989180448 0.0948274489 0 0
0.196685 2.471144 0.467966 -0.111936576 0.989180448 0.0948274489 0 0
0.196313 2.471254 0.467434 -0.110409397 0.955169669 0.274701052 0 0
0.196685 2.471144 0.467966 -0.110409397 0.955169669 0.274701052 0 0
0.196685 2.471297 0.467434 -0.110409397 0.955169669 0.274701052 0 0
0.196313 2.471254 0.467434 -0.110409397 0.955169669 0.274701052 0 0
0.196313 2.471101 0.467966 -0.110409397 0.955169669 0.274701052 0 0
0.196685 2.471144 0.467966 -0.110409397 0.955169669 0.274701052 0 0
0.196313 2.471254 0.467434 0 0.961045315 0.276390852 0 0
0.144527 2.471101 0.467966 0 0.961045315 0.276390852 0 0
0.196313 2.471101 0.467966 0 0.961045315 0.276390852 0 0
0.196313 2.471254 0.467434 0 0.961045315 0.276390852 0 0
0.144527 2.471254 0.467434 0 0.961045315 0.276390852 0 0
0.144527 2.471101 0.467966 0 0.961045315 0.276390852 0 0
0.196313 2.471254 0.467434 0 0.898008131 0.439978858 0 0
0.144527 2.471449 0.467036 0 0.898008131 0.439978858 0 0
0.144527 2.471254 0.467434 0 0.898008131 0.439978858 0 0
0.196313 2.471254 0.467434 0 0.898008131 0.439978858 0 0
0.196313 2.471449 0.467036 0 0.898008131 0.439978858 0 0
0.144527 2.471449 0.467036 0 0.898008131 0.439978858 0 0
0.196313 2.471254 0.467434 -0.140525297 0.889097276 0.435612987 0 0
0.196588 2.471442 0.467139 -0.140525297 0.889097276 0.435612987 0 0
0.196313 2.471449 0.467036 -0.140525297 0.889097276 0.435612987 0 0
0.196313 2.471254 0.467434 -0.101624278 0.879168175 0.465548951 0 0
0.196685 2.471297 0.467434 -0.101624278 0.879168175 0.465548951 0 0
0.196588 2.471442 0.467139 -0.101624278 0.879168175 0.465548951 0 0
-0.009839 2.471253 0.469561 -5.82021679e-06 0.898443585 -0.43908897 0 0
0.144527 2.471449 0.46996 -5.82021679e-06 0.898443585 -0.43908897 0 0
0.144527 2.471254 0.469561 -5.82021679e-06 0.898443585 -0.43908897 0 0
-0.009839 2.471253 0.469561 -5.82021679e-06 0.898443585 -0.43908897 0 0
-0.009839 2.471448 0.46996 -5.82021679e-06 0.898443585 -0.43908897 0 0
0.144527 2.471449 0.46996 -5.82021679e-06 0.898443585 -0.43908897 0 0
-0.009839 2.471253 0.469561 2.33870621e-05 0.898443585 -0.43908897 0 0
-0.215496 2.471447 0.469947 2.33870621e-05 0.898443585 -0.43908897 0 0
-0.009839 2.471448 0.46996 2.33870621e-05 0.898443585 -0.43908897 0 0
-0.009839 2.471253 0.469561 0.000152723397 0.923783402 -0.3829154 0 0
-0.215496 2.471287 0.469561 0.000152723397 0.923783402 -0.3829154 0 0
-0.215496 2.471447 0.469947 0.000152723397 0.923783402 -0.3829154 0 0
-0.009839 2.471253 0.469561 0.000156957555 0.9493947 -0.314085465 0 0
-0.215496 2.471111 0.469029 0.000156957555 0.9493947 -0.314085465 0 0
-0.215496 2.471287 0.469561 0.000156957555 0.9493947 -0.314085465 0 0
-0.009839 2.471253 0.469561 4.6753767e-05 0.961523947 -0.274721128 0 0
-0.009839 2.471101 0.469029 4.6753767e-05 0.961523947 -0.274721128 0 0
-0.215496 2.471111 0.469029 4.6753767e-05 0.961523947 -0.274721128 0 0
-0.009839 2.471253 0.469561 0 0.961523948 -0.274721128 0 0
0.144527 2.471101 0.469029 0 0.961523948 -0.274721128 0 0
-0.009839 2.471101 0.469029 0 0.961523948 -0.274721128 0 0
-0.009839 2.471253 0.469561 -6.22575771e-06 0.961045315 -0.276390852 0 0
0.144527 2.471254 0.469561 -6.22575771e-06 0.961045315 -0.276390852 0 0
0.144527 2.471101 0.469029 -6.22575771e-06 0.961045315 -0.276390852 0 0
-0.009839 2.47105 0.468497 0 0.995436414 -0.095427175 0 0
0.144527 2.471101 0.469029 0 0.995436414 -0.095427175 0 0
0.144527 2.47105 0.468497 0 0.995436414 -0.095427175 0 0
-0.009839 2.47105 0.468497 0 0.995436414 -0.095427175 0 0
-0.009839 2.471101 0.469029 0 0.995436414 -0.095427175 0 0
0.144527 2.471101 0.469029 0 0.995436414 -0.095427175 0 0
-0.009839 2.47105 0.468497 4.84027489e-05 0.995436413 -0.0954271749 0 0
-0.215496 2.471111 0.469029 4.84027489e-05 0.995436413 -0.0954271749 0 0
-0.009839 2.471101 0.469029 4.84027489e-05 0.995436413 -0.0954271749 0 0
-0.009839 2.47105 0.468497 0.000159982684 0.998612617 -0.0526575391 0 0
-0.215496 2.471083 0.468498 0.000159982684 0.998612617 -0.0526575391 0 0
-0.215496 2.471111 0.469029 0.000159982684 0.998612617 -0.0526575391 0 0
-0.009839 2.47105 0.468497 0.000160495129 0.998617816 0.0525588324 0 0
-0.215496 2.471111 0.467966 0.000160495129 0.998617816 0.0525588324 0 0
-0.215496 2.471083 0.468498 0.000160495129 0.998617816 0.0525588324 0 0
-0.009839 2.47105 0.468497 4.8401918e-05 0.995419326 0.095605246 0 0
-0.009839 2.471101 0.467966 4.8401918e-05 0.995419326 0.095605246 0 0
-0.215496 2.471111 0.467966 4.8401918e-05 0.995419326 0.095605246 0 0
-0.009839 2.47105 0.468497 0 0.995419327 0.0956052461 0 0
0.144527 2.471101 0.467966 0 0.995419327 0.0956052461 0 0
-0.009839 2.471101 0.467966 0 0.995419327 0.0956052461 0 0
-0.009839 2.47105 0.468497 -0 0.995419327 0.0956052461 0 0
0.144527 2.47105 0.468497 -0 0.995419327 0.0956052461 0 0
0.144527 2.471101 0.467966 -0 0.995419327 0.0956052461 0 0
-0.009839 2.471253 0.467434 -6.22575771e-06 0.961045315 0.276390852 0 0
0.144527 2.471101 0.467966 -6.22575771e-06 0.961045315 0.276390852 0 0
0.144527 2.471254 0.467434 -6.22575771e-06 0.961045315 0.276390852 0 0
-0.009839 2.471253 0.467434 0 0.961523948 0.274721128 0 0
-0.009839 2.471101 0.467966 0 0.961523948 0.274721128 0 0
0.144527 2.471101 0.467966 0 0.961523948 0.274721128 0 0
-0.009839 2.471253 0.467434 4.6753767e-05 0.961523947 0.274721128 0 0
-0.215496 2.471111 0.467966 4.6753767e-05 0.961523947 0.274721128 0 0
-0.009839 2.471101 0.467966 4.6753767e-05 0.961523947 0.274721128 0 0
-0.009839 2.471253 0.467434 0.000156957555 0.9493947 0.314085465 0 0
-0.215496 2.471287 0.467434 0.000156957555 0.9493947 0.314085465 0 0
-0.215496 2.471111 0.467966 0.000156957555 0.9493947 0.314085465 0 0
-0.009839 2.471253 0.467434 0.000152665191 0.923431331 0.38376367 0 0
-0.215496 2.471447 0.467049 0.000152665191 0.923431331 0.38376367 0 0
-0.215496 2.471287 0.467434 0.000152665191 0.923431331 0.38376367 0 0
-0.009839 2.471253 0.467434 2.34454311e-05 0.898008131 0.439978858 0 0
-0.009839 2.471448 0.467036 2.34454311e-05 0.898008131 0.439978858 0 0
-0.215496 2.471447 0.467049 2.34454311e-05 0.898008131 0.439978858 0 0
-0.009839 2.471253 0.467434 -5.81739587e-06 0.898008131 0.439978858 0 0
0.144527 2.471449 0.467036 -5.81739587e-06 0.898008131 0.439978858 0 0
-0.009839 2.471448 0.467036 -5.81739587e-06 0.898008131 0.439978858 0 0
-0.009839 2.471253 0.467434 -5.81739587e-06 0.898008131 0.439978858 0 0
0.144527 2.471254 0.467434 -5.81739587e-06 0.898008131 0.439978858 0 0
0.144527 2.471449 0.467036 -5.81739587e-06 0.898008131 0.439978858 0 0
-0.009839 2.513527 0.469571 0.000152665191 -0.923431331 -0.38376367 0 0
-0.215496 2.513333 0.469956 0.000152665191 -0.923431331 -0.38376367 0 0
-0.215496 2.513493 0.469571 0.000152665191 -0.923431331 -0.38376367 0 0
-0.009839 2.513527 0.469571 2.76967773e-05 -0.898898643 -0.438156625 0 0
-0.009839 2.513333 0.469969 2.76967773e-05 -0.898898643 -0.438156625 0 0
-0.215496 2.513333 0.469956 2.76967773e-05 -0.898898643 -0.438156625 0 0
-0.009839 2.513527 0.469571 0 -0.898898644 -0.438156625 0 0
0.144527 2.513333 0.469969 0 -0.898898644 -0.438156625 0 0
-0.009839 2.513333 0.469969 0 -0.898898644 -0.438156625 0 0
-0.009839 2.513527 0.469571 5.81739587e-06 -0.898008131 -0.439978858 0 0
0.144527 2.513528 0.469571 5.81739587e-06 -0.898008131 -0.439978858 0 0
0.144527 2.513333 0.469969 5.81739587e-06 -0.898008131 -0.439978858 0 0
-0.009839 2.513527 0.469571 6.22575771e-06 -0.961045315 -0.276390852 0 0
0.144527 2.513681 0.469039 6.22575771e-06 -0.961045315 -0.276390852 0 0
0.144527 2.513528 0.469571 6.22575771e-06 -0.961045315 -0.276390852 0 0
-0.009839 2.513527 0.469571 6.22571736e-06 -0.961045312 -0.276390863 0 0
-0.00984 2.51368 0.469039 6.22571736e-06 -0.961045312 -0.276390863 0 0
0.144527 2.513681 0.469039 6.22571736e-06 -0.961045312 -0.276390863 0 0
-0.009839 2.513527 0.469571 5.14037916e-05 -0.961045288 -0.276390941 0 0
-0.215496 2.513669 0.469039 5.14037916e-05 -0.961045288 -0.276390941 0 0
-0.00984 2.51368 0.469039 5.14037916e-05 -0.961045288 -0.276390941 0 0
-0.009839 2.513527 0.469571 0.000156957555 -0.9493947 -0.314085465 0 0
-0.215496 2.513493 0.469571 0.000156957555 -0.9493947 -0.314085465 0 0
-0.215496 2.513669 0.469039 0.000156957555 -0.9493947 -0.314085465 0 0
-0.00984 2.513731 0.468508 0.000170214812 -0.998714591 -0.0506866428 0 0
-0.215496 2.513669 0.469039 0.000170214812 -0.998714591 -0.0506866428 0 0
-0.215496 2.513696 0.468507 0.000170214812 -0.998714591 -0.0506866428 0 0
-0.00984 2.513731 0.468508 5.32423687e-05 -0.995419326 -0.095605246 0 0
-0.00984 2.51368 0.469039 5.32423687e-05 -0.995419326 -0.095605246 0 0
-0.215496 2.513669 0.469039 5.32423687e-05 -0.995419326 -0.095605246 0 0
-0.00984 2.513731 0.468508 6.44839459e-06 -0.995419327 -0.0956052461 0 0
0.144527 2.513681 0.469039 6.44839459e-06 -0.995419327 -0.0956052461 0 0
-0.00984 2.51368 0.469039 6.44839459e-06 -0.995419327 -0.0956052461 0 0
-0.00984 2.513731 0.468508 6.44839459e-06 -0.995419327 -0.0956052461 0 0
0.144527 2.513732 0.468508 6.44839459e-06 -0.995419327 -0.0956052461 0 0
0.144527 2.513681 0.469039 6.44839459e-06 -0.995419327 -0.0956052461 0 0
-0.00984 2.513731 0.468508 6.44850528e-06 -0.995436414 0.095427175 0 0
0.144527 2.513681 0.467976 6.44850528e-06 -0.995436414 0.095427175 0 0
0.144527 2.513732 0.468508 6.44850528e-06 -0.995436414 0.095427175 0 0
-0.00984 2.513731 0.468508 6.44850528e-06 -0.995436414 0.095427175 0 0
-0.00984 2.51368 0.467976 6.44850528e-06 -0.995436414 0.095427175 0 0
0.144527 2.513681 0.467976 6.44850528e-06 -0.995436414 0.095427175 0 0
-0.00984 2.513731 0.468508 5.32432827e-05 -0.995436413 0.0954271749 0 0
-0.215496 2.513669 0.467976 5.32432827e-05 -0.995436413 0.0954271749 0 0
-0.00984 2.51368 0.467976 5.32432827e-05 -0.995436413 0.0954271749 0 0
-0.00984 2.513731 0.468508 0.000169720599 -0.998709755 0.0507818519 0 0
-0.215496 2.513696 0.468507 0.000169720599 -0.998709755 0.0507818519 0 0
-0.215496 2.513669 0.467976 0.000169720599 -0.998709755 0.0507818519 0 0
-0.00984 2.513527 0.467444 0.000156958318 -0.9493947 0.314085465 0 0
-0.215496 2.513669 0.467976 0.000156958318 -0.9493947 0.314085465 0 0
-0.215496 2.513493 0.467444 0.000156958318 -0.9493947 0.314085465 0 0
-0.00984 2.513527 0.467444 5.1403793e-05 -0.961045313 0.276390851 0 0
-0.00984 2.51368 0.467976 5.1403793e-05 -0.961045313 0.276390851 0 0
-0.215496 2.513669 0.467976 5.1403793e-05 -0.961045313 0.276390851 0 0
-0.00984 2.513527 0.467444 6.22571738e-06 -0.961045315 0.276390852 0 0
0.144527 2.513681 0.467976 6.22571738e-06 -0.961045315 0.276390852 0 0
-0.00984 2.51368 0.467976 6.22571738e-06 -0.961045315 0.276390852 0 0
-0.00984 2.513527 0.467444 6.22571738e-06 -0.961045315 0.276390852 0 0
0.144527 2.513528 0.467444 6.22571738e-06 -0.961045315 0.276390852 0 0
0.144527 2.513681 0.467976 6.22571738e-06 -0.961045315 0.276390852 0 0
-0.00984 2.513527 0.467444 5.82017909e-06 -0.898443585 0.43908897 0 0
0.144527 2.513333 0.467045 5.82017909e-06 -0.898443585 0.43908897 0 0
0.144527 2.513528 0.467444 5.82017909e-06 -0.898443585 0.43908897 0 0
-0.00984 2.513527 0.467444 0 -0.899330924 0.43726867 0 0
-0.009839 2.513333 0.467045 0 -0.899330924 0.43726867 0 0
0.144527 2.513333 0.467045 0 -0.899330924 0.43726867 0 0
-0.00984 2.513527 0.467444 2.97668556e-05 -0.899330894 0.43726873 0 0
-0.215496 2.513333 0.467059 2.97668556e-05 -0.899330894 0.43726873 0 0
-0.009839 2.513333 0.467045 2.97668556e-05 -0.899330894 0.43726873 0 0
-0.00984 2.513527 0.467444 0.000152665934 -0.923431331 0.38376367 0 0
-0.215496 2.513493 0.467444 0.000152665934 -0.923431331 0.38376367 0 0
-0.215496 2.513333 0.467059 0.000152665934 -0.923431331 0.38376367 0 0
0.196313 2.513528 0.469571 -0.107925065 -0.955907717 -0.273116491 0 0
0.196685 2.513638 0.469039 -0.107925065 -0.955907717 -0.273116491 0 0
0.196685 2.513486 0.469571 -0.107925065 -0.955907717 -0.273116491 0 0
0.196313 2.513528 0.469571 -0.110409397 -0.955169669 -0.274701052 0 0
0.196313 2.513681 0.469039 -0.110409397 -0.955169669 -0.274701052 0 0
0.196685 2.513638 0.469039 -0.110409397 -0.955169669 -0.274701052 0 0
0.196313 2.513528 0.469571 0 -0.961045315 -0.276390852 0 0
0.144527 2.513681 0.469039 0 -0.961045315 -0.276390852 0 0
0.196313 2.513681 0.469039 0 -0.961045315 -0.276390852 0 0
0.196313 2.513528 0.469571 -0 -0.961045315 -0.276390852 0 0
0.144527 2.513528 0.469571 -0 -0.961045315 -0.276390852 0 0
0.144527 2.513681 0.469039 -0 -0.961045315 -0.276390852 0 0
0.196313 2.513528 0.469571 -0 -0.898008131 -0.439978858 0 0
0.144527 2.513333 0.469969 -0 -0.898008131 -0.439978858 0 0
0.144527 2.513528 0.469571 -0 -0.898008131 -0.439978858 0 0
0.196313 2.513528 0.469571 1.7357947e-05 -0.898898644 -0.438156625 0 0
0.196313 2.513334 0.469969 1.7357947e-05 -0.898898644 -0.438156625 0 0
0.144527 2.513333 0.469969 1.7357947e-05 -0.898898644 -0.438156625 0 0
0.196313 2.513528 0.469571 -0.143011946 -0.889658831 -0.433652797 0 0
0.196588 2.51334 0.469866 -0.143011946 -0.889658831 -0.433652797 0 0
0.196313 2.513334 0.469969 -0.143011946 -0.889658831 -0.433652797 0 0
0.196313 2.513528 0.469571 -0.0991825295 -0.878473832 -0.467382661 0 0
0.196685 2.513486 0.469571 -0.0991825295 -0.878473832 -0.467382661 0 0
0.196588 2.51334 0.469866 -0.0991825295 -0.878473832 -0.467382661 0 0
0.196313 2.513732 0.468508 -0 -0.995419327 -0.0956052461 0 0
0.144527 2.513681 0.469039 -0 -0.995419327 -0.0956052461 0 0
0.144527 2.513732 0.468508 -0 -0.995419327 -0.0956052461 0 0
0.196313 2.513732 0.468508 0 -0.995419327 -0.0956052461 0 0
0.196313 2.513681 0.469039 0 -0.995419327 -0.0956052461 0 0
0.144527 2.513681 0.469039 0 -0.995419327 -0.0956052461 0 0
0.196313 2.513732 0.468508 -0.114307726 -0.988894742 -0.0949785911 0 0
0.196685 2.513638 0.469039 -0.114307726 -0.988894742 -0.0949785911 0 0
0.196313 2.513681 0.469039 -0.114307726 -0.988894742 -0.0949785911 0 0
0.196313 2.513732 0.468508 -0.114561164 -0.988882656 -0.0947989013 0 0
0.196685 2.513689 0.468507 -0.114561164 -0.988882656 -0.0947989013 0 0
0.196685 2.513638 0.469039 -0.114561164 -0.988882656 -0.0947989013 0 0
0.196313 2.513732 0.468508 -0.114055732 -0.988923572 0.09498136 0 0
0.196685 2.513638 0.467976 -0.114055732 -0.988923572 0.09498136 0 0
0.196685 2.513689 0.468507 -0.114055732 -0.988923572 0.09498136 0 0
0.196313 2.513732 0.468508 -0.114309662 -0.988911495 0.0948016659 0 0
0.196313 2.513681 0.467976 -0.114309662 -0.988911495 0.0948016659 0 0
0.196685 2.513638 0.467976 -0.114309662 -0.988911495 0.0948016659 0 0
0.196313 2.513732 0.468508 0 -0.995436414 0.095427175 0 0
0.144527 2.513681 0.467976 0 -0.995436414 0.095427175 0 0
0.196313 2.513681 0.467976 0 -0.995436414 0.095427175 0 0
0.196313 2.513732 0.468508 0 -0.995436414 0.095427175 0 0
0.144527 2.513732 0.468508 0 -0.995436414 0.095427175 0 0
0.144527 2.513681 0.467976 0 -0.995436414 0.095427175 0 0
0.196313 2.513528 0.467444 0 -0.961045315 0.276390852 0 0
0.144527 2.513681 0.467976 0 -0.961045315 0.276390852 0 0
0.144527 2.513528 0.467444 0 -0.961045315 0.276390852 0 0
0.196313 2.513528 0.467444 0 -0.961045315 0.276390852 0 0
0.196313 2.513681 0.467976 0 -0.961045315 0.276390852 0 0
0.144527 2.513681 0.467976 0 -0.961045315 0.276390852 0 0
0.196313 2.513528 0.467444 -0.110409397 -0.955169669 0.274701052 0 0
0.196685 2.513638 0.467976 -0.110409397 -0.955169669 0.274701052 0 0
0.196313 2.513681 0.467976 -0.110409397 -0.955169669 0.274701052 0 0
0.196313 2.513528 0.467444 -0.107925065 -0.955907717 0.273116491 0 0
0.196685 2.513486 0.467444 -0.107925065 -0.955907717 0.273116491 0 0
0.196685 2.513638 0.467976 -0.107925065 -0.955907717 0.273116491 0 0
0.196313 2.513528 0.467444 -0.0992556829 -0.879121763 0.466147225 0 0
0.196588 2.51334 0.467148 -0.0992556829 -0.879121763 0.466147225 0 0
0.196685 2.513486 0.467444 -0.0992556829 -0.879121763 0.466147225 0 0
0.196313 2.513528 0.467444 -0.142680349 -0.890129708 0.432794895 0 0
0.196313 2.513334 0.467045 -0.142680349 -0.890129708 0.432794895 0 0
0.196588 2.51334 0.467148 -0.142680349 -0.890129708 0.432794895 0 0
0.196313 2.513528 0.467444 1.73662944e-05 -0.899330924 0.43726867 0 0
0.144527 2.513333 0.467045 1.73662944e-05 -0.899330924 0.43726867 0 0
0.196313 2.513334 0.467045 1.73662944e-05 -0.899330924 0.43726867 0 0
0.196313 2.513528 0.467444 0 -0.898443585 0.43908897 0 0
0.144527 2.513528 0.467444 0 -0.898443585 0.43908897 0 0
0.144527 2.513333 0.467045 0 -0.898443585 0.43908897 0 0
-0.009839 2.513156 0.470101 3.88686628e-06 -0.6 -0.8 0 0
0.144527 2.513333 0.469969 3.88686628e-06 -0.6 -0.8 0 0
0.144527 2.513157 0.470101 3.88686628e-06 -0.6 -0.8 0 0
-0.009839 2.513156 0.470101 0 -0.59782388 -0.801627475 0 0
-0.009839 2.513333 0.469969 0 -0.59782388 -0.801627475 0 0
0.144527 2.513333 0.469969 0 -0.59782388 -0.801627475 0 0
-0.009839 2.513156 0.470101 5.06725138e-05 -0.597823879 -0.801627474 0 0
-0.215496 2.513333 0.469956 5.06725138e-05 -0.597823879 -0.801627474 0 0
-0.009839 2.513333 0.469969 5.06725138e-05 -0.597823879 -0.801627474 0 0
-0.009839 2.513156 0.470101 0.000442473693 -0.273793757 -0.961788325 0 0
-0.215496 2.513196 0.469995 0.000442473693 -0.273793757 -0.961788325 0 0
-0.215496 2.513333 0.469956 0.000442473693 -0.273793757 -0.961788325 0 0
-0.009839 2.513156 0.470101 0.000514100519 -0.00673036699 -0.999977219 0 0
-0.215496 2.509333 0.470021 0.000514100519 -0.00673036699 -0.999977219 0 0
-0.215496 2.513196 0.469995 0.000514100519 -0.00673036699 -0.999977219 0 0
-0.009839 2.513156 0.470101 0.000381949119 0.000379146865 -0.999999855 0 0
-0.009839 2.507881 0.470099 0.000381949119 0.000379146865 -0.999999855 0 0
-0.215496 2.509333 0.470021 0.000381949119 0.000379146865 -0.999999855 0 0
-0.009839 2.513156 0.470101 0 0.000379146892 -0.999999928 0 0
0.144527 2.507881 0.470099 0 0.000379146892 -0.999999928 0 0
-0.009839 2.507881 0.470099 0 0.000379146892 -0.999999928 0 0
-0.009839 2.513156 0.470101 -2.45568992e-09 0.00037907503 -0.999999928 0 0
0.144527 2.513157 0.470101 -2.45568992e-09 0.00037907503 -0.999999928 0 0
0.144527 2.507881 0.470099 -2.45568992e-09 0.00037907503 -0.999999928 0 0
-0.009839 2.49239 0.470098 -4.18212424e-10 6.45577791e-05 -0.999999998 0 0
0.144527 2.507881 0.470099 -4.18212424e-10 6.45577791e-05 -0.999999998 0 0
0.144527 2.492391 0.470098 -4.18212424e-10 6.45577791e-05 -0.999999998 0 0
-0.009839 2.49239 0.470098 0 6.45536116e-05 -0.999999998 0 0
-0.009839 2.507881 0.470099 0 6.45536116e-05 -0.999999998 0 0
0.144527 2.507881 0.470099 0 6.45536116e-05 -0.999999998 0 0
-0.009839 2.49239 0.470098 0.000379728023 6.4553607e-05 -0.999999926 0 0
-0.215496 2.509333 0.470021 0.000379728023 6.4553607e-05 -0.999999926 0 0
-0.009839 2.507881 0.470099 0.000379728023 6.4553607e-05 -0.999999926 0 0
-0.009839 2.49239 0.470098 0.000520282887 0.00177063973 -0.999998297 0 0
-0.215496 2.49239 0.469991 0.000520282887 0.00177063973 -0.999998297 0 0
-0.215496 2.509333 0.470021 0.000520282887 0.00177063973 -0.999998297 0 0
-0.009839 2.49239 0.470098 0.000520283042 -0.00159357623 -0.999998595 0 0
-0.215496 2.475447 0.470018 0.000520283042 -0.00159357623 -0.999998595 0 0
-0.215496 2.49239 0.469991 0.000520283042 -0.00159357623 -0.999998595 0 0
-0.009839 2.49239 0.470098 0.000378360031 0.000129115548 -0.99999992 0 0
-0.009839 2.4769 0.470096 0.000378360031 0.000129115548 -0.99999992 0 0
-0.215496 2.475447 0.470018 0.000378360031 0.000129115548 -0.99999992 0 0
-0.009839 2.49239 0.470098 -8.36424843e-10 0.000129115557 -0.999999992 0 0
0.144527 2.476901 0.470096 -8.36424843e-10 0.000129115557 -0.999999992 0 0
-0.009839 2.4769 0.470096 -8.36424843e-10 0.000129115557 -0.999999992 0 0
-0.009839 2.49239 0.470098 -8.36424843e-10 0.000129115557 -0.999999992 0 0
0.144527 2.492391 0.470098 -8.36424843e-10 0.000129115557 -0.999999992 0 0
0.144527 2.476901 0.470096 -8.36424843e-10 0.000129115557 -0.999999992 0 0
-0.009839 2.471625 0.470094 0 0.00037907503 -0.999999928 0 0
0.144527 2.476901 0.470096 0 0.00037907503 -0.999999928 0 0
0.144527 2.471625 0.470094 0 0.00037907503 -0.999999928 0 0
-0.009839 2.471625 0.470094 -2.45615545e-09 0.000379146892 -0.999999928 0 0
-0.009839 2.4769 0.470096 -2.45615545e-09 0.000379146892 -0.999999928 0 0
0.144527 2.476901 0.470096 -2.45615545e-09 0.000379146892 -0.999999928 0 0
-0.009839 2.471625 0.470094 0.000376593495 0.000379146865 -0.999999857 0 0
-0.215496 2.475447 0.470018 0.000376593495 0.000379146865 -0.999999857 0 0
-0.009839 2.4769 0.470096 0.000376593495 0.000379146865 -0.999999857 0 0
-0.009839 2.471625 0.470094 0.00051385751 0.00776574979 -0.999969714 0 0
-0.215496 2.471584 0.469988 0.00051385751 0.00776574979 -0.999969714 0 0
-0.215496 2.475447 0.470018 0.00051385751 0.00776574979 -0.999969714 0 0
-0.009839 2.471625 0.470094 0.000436625054 0.286706249 -0.958018442 0 0
-0.215496 2.471447 0.469947 0.000436625054 0.286706249 -0.958018442 0 0
-0.215496 2.471584 0.469988 0.000436625054 0.286706249 -0.958018442 0 0
-0.009839 2.471625 0.470094 4.74633113e-05 0.603597479 -0.797289208 0 0
-0.009839 2.471448 0.46996 4.74633113e-05 0.603597479 -0.797289208 0 0
-0.215496 2.471447 0.469947 4.74633113e-05 0.603597479 -0.797289208 0 0
-0.009839 2.471625 0.470094 -3.91017115e-06 0.60359748 -0.797289209 0 0
0.144527 2.471449 0.46996 -3.91017115e-06 0.60359748 -0.797289209 0 0
-0.009839 2.471448 0.46996 -3.91017115e-06 0.60359748 -0.797289209 0 0
-0.009839 2.471625 0.470094 0 0.605770772 -0.795639222 0 0
0.144527 2.471625 0.470094 0 0.605770772 -0.795639222 0 0
0.144527 2.471449 0.46996 0 0.605770772 -0.795639222 0 0
0.196313 2.513157 0.470101 -0.166818396 -0.673753384 -0.719880546 0 0
0.196588 2.51334 0.469866 -0.166818396 -0.673753384 -0.719880546 0 0
0.196685 2.513207 0.469968 -0.166818396 -0.673753384 -0.719880546 0 0
0.196313 2.513157 0.470101 -0.276043301 -0.574595553 -0.7704804 0 0
0.196313 2.513334 0.469969 -0.276043301 -0.574595553 -0.7704804 0 0
0.196588 2.51334 0.469866 -0.276043301 -0.574595553 -0.7704804 0 0
0.196313 2.513157 0.470101 1.15441216e-05 -0.59782388 -0.801627475 0 0
0.144527 2.513333 0.469969 1.15441216e-05 -0.59782388 -0.801627475 0 0
0.196313 2.513334 0.469969 1.15441216e-05 -0.59782388 -0.801627475 0 0
0.196313 2.513157 0.470101 -0 -0.6 -0.8 0 0
0.144527 2.513157 0.470101 -0 -0.6 -0.8 0 0
0.144527 2.513333 0.469969 -0 -0.6 -0.8 0 0
0.196313 2.513157 0.470101 0 0.00037907503 -0.999999928 0 0
0.144527 2.507881 0.470099 0 0.00037907503 -0.999999928 0 0
0.144527 2.513157 0.470101 0 0.00037907503 -0.999999928 0 0
0.196313 2.513157 0.470101 0 0.00037907503 -0.999999928 0 0
0.196313 2.507881 0.470099 0 0.00037907503 -0.999999928 0 0
0.144527 2.507881 0.470099 0 0.00037907503 -0.999999928 0 0
0.196313 2.513157 0.470101 -0.336689387 0.000356943026 -0.941615701 0 0
0.196685 2.507919 0.469966 -0.336689387 0.000356943026 -0.941615701 0 0
0.196313 2.507881 0.470099 -0.336689387 0.000356943026 -0.941615701 0 0
0.196313 2.513157 0.470101 -0.3366995 0.000356131651 -0.941612086 0 0
0.196685 2.513207 0.469968 -0.3366995 0.000356131651 -0.941612086 0 0
0.196685 2.507919 0.469966 -0.3366995 0.000356131651 -0.941612086 0 0
0.196313 2.492391 0.470098 -0.336657079 6.06406053e-05 -0.941627319 0 0
0.196685 2.507919 0.469966 -0.336657079 6.06406053e-05 -0.941627319 0 0
0.196685 2.492391 0.469965 -0.336657079 6.06406053e-05 -0.941627319 0 0
0.196313 2.492391 0.470098 -0.336662585 6.07892415e-05 -0.94162535 0 0
0.196313 2.507881 0.470099 -0.336662585 6.07892415e-05 -0.94162535 0 0
0.196685 2.507919 0.469966 -0.336662585 6.07892415e-05 -0.94162535 0 0
0.196313 2.492391 0.470098 0 6.45577791e-05 -0.999999998 0 0
0.144527 2.507881 0.470099 0 6.45577791e-05 -0.999999998 0 0
0.196313 2.507881 0.470099 0 6.45577791e-05 -0.999999998 0 0
0.196313 2.492391 0.470098 0 6.45577791e-05 -0.999999998 0 0
0.144527 2.492391 0.470098 0 6.45577791e-05 -0.999999998 0 0
0.144527 2.507881 0.470099 0 6.45577791e-05 -0.999999998 0 0
0.196313 2.492391 0.470098 0 0.000129115557 -0.999999992 0 0
0.144527 2.476901 0.470096 0 0.000129115557 -0.999999992 0 0
0.144527 2.492391 0.470098 0 0.000129115557 -0.999999992 0 0
0.196313 2.492391 0.470098 0 0.000129115557 -0.999999992 0 0
0.196313 2.476901 0.470096 0 0.000129115557 -0.999999992 0 0
0.144527 2.476901 0.470096 0 0.000129115557 -0.999999992 0 0
0.196313 2.492391 0.470098 -0.336646065 0.000121579245 -0.94163125 0 0
0.196685 2.476863 0.469963 -0.336646065 0.000121579245 -0.94163125 0 0
0.196313 2.476901 0.470096 -0.336646065 0.000121579245 -0.94163125 0 0
0.196313 2.492391 0.470098 -0.336657077 0.00012128121 -0.941627314 0 0
0.196685 2.492391 0.469965 -0.336657077 0.00012128121 -0.941627314 0 0
0.196685 2.476863 0.469963 -0.336657077 0.00012128121 -0.941627314 0 0
0.196313 2.471626 0.470094 -0.336613766 0.000356143244 -0.941642738 0 0
0.196685 2.476863 0.469963 -0.336613766 0.000356143244 -0.941642738 0 0
0.196685 2.471575 0.469961 -0.336613766 0.000356143244 -0.941642738 0 0
0.196313 2.471626 0.470094 -0.336624722 0.000357019458 -0.941638821 0 0
0.196313 2.476901 0.470096 -0.336624722 0.000357019458 -0.941638821 0 0
0.196685 2.476863 0.469963 -0.336624722 0.000357019458 -0.941638821 0 0
0.196313 2.471626 0.470094 0 0.000379146892 -0.999999928 0 0
0.144527 2.476901 0.470096 0 0.000379146892 -0.999999928 0 0
0.196313 2.476901 0.470096 0 0.000379146892 -0.999999928 0 0
0.196313 2.471626 0.470094 -7.32002915e-09 0.00037907503 -0.999999928 0 0
0.144527 2.471625 0.470094 -7.32002915e-09 0.00037907503 -0.999999928 0 0
0.144527 2.476901 0.470096 -7.32002915e-09 0.00037907503 -0.999999928 0 0
0.196313 2.471626 0.470094 -1.16975779e-05 0.605770772 -0.795639222 0 0
0.144527 2.471449 0.46996 -1.16975779e-05 0.605770772 -0.795639222 0 0
0.144527 2.471625 0.470094 -1.16975779e-05 0.605770772 -0.795639222 0 0
0.196313 2.471626 0.470094 0 0.60359748 -0.797289209 0 0
0.196313 2.471449 0.46996 0 0.60359748 -0.797289209 0 0
0.144527 2.471449 0.46996 0 0.60359748 -0.797289209 0 0
0.196313 2.471626 0.470094 -0.272534363 0.580748931 -0.767108663 0 0
0.196588 2.471442 0.469857 -0.272534363 0.580748931 -0.767108663 0 0
0.196313 2.471449 0.46996 -0.272534363 0.580748931 -0.767108663 0 0
0.196313 2.471626 0.470094 -0.16295099 0.678762908 -0.7160502 0 0
0.196685 2.471575 0.469961 -0.16295099 0.678762908 -0.7160502 0 0
0.196588 2.471442 0.469857 -0.16295099 0.678762908 -0.7160502 0 0
-0.009839 2.471625 0.466904 -3.87276913e-06 0.59782388 0.801627475 0 0
0.144527 2.471449 0.467036 -3.87276913e-06 0.59782388 0.801627475 0 0
0.144527 2.471626 0.466904 -3.87276913e-06 0.59782388 0.801627475 0 0
-0.009839 2.471625 0.466904 -3.87276913e-06 0.59782388 0.801627475 0 0
-0.009839 2.471448 0.467036 -3.87276913e-06 0.59782388 0.801627475 0 0
0.144527 2.471449 0.467036 -3.87276913e-06 0.59782388 0.801627475 0 0
-0.009839 2.471625 0.466904 4.7765616e-05 0.597823879 0.801627474 0 0
-0.215496 2.471447 0.467049 4.7765616e-05 0.597823879 0.801627474 0 0
-0.009839 2.471448 0.467036 4.7765616e-05 0.597823879 0.801627474 0 0
-0.009839 2.471625 0.466904 0.00044114238 0.273793757 0.961788326 0 0
-0.215496 2.471584 0.46701 0.00044114238 0.273793757 0.961788326 0 0
-0.215496 2.471447 0.467049 0.00044114238 0.273793757 0.961788326 0 0
-0.009839 2.471625 0.466904 0.000514067793 0.00673036699 0.999977219 0 0
-0.215496 2.475447 0.466984 0.000514067793 0.00673036699 0.999977219 0 0
-0.215496 2.471584 0.46701 0.000514067793 0.00673036699 0.999977219 0 0
-0.009839 2.471625 0.466904 0.000381950963 -0.000379146865 0.999999855 0 0
-0.009839 2.4769 0.466906 0.000381950963 -0.000379146865 0.999999855 0 0
-0.215496 2.475447 0.466984 0.000381950963 -0.000379146865 0.999999855 0 0
-0.009839 2.471625 0.466904 2.45615545e-09 -0.000379146892 0.999999928 0 0
0.144527 2.476901 0.466906 2.45615545e-09 -0.000379146892 0.999999928 0 0
-0.009839 2.4769 0.466906 2.45615545e-09 -0.000379146892 0.999999928 0 0
-0.009839 2.471625 0.466904 2.45615545e-09 -0.000379146892 0.999999928 0 0
0.144527 2.471626 0.466904 2.45615545e-09 -0.000379146892 0.999999928 0 0
0.144527 2.476901 0.466906 2.45615545e-09 -0.000379146892 0.999999928 0 0
-0.009839 2.49239 0.466908 8.36424843e-10 -0.000129115557 0.999999992 0 0
0.144527 2.476901 0.466906 8.36424843e-10 -0.000129115557 0.999999992 0 0
0.144527 2.492391 0.466908 8.36424843e-10 -0.000129115557 0.999999992 0 0
-0.009839 2.49239 0.466908 8.36424843e-10 -0.000129115557 0.999999992 0 0
-0.009839 2.4769 0.466906 8.36424843e-10 -0.000129115557 0.999999992 0 0
0.144527 2.476901 0.466906 8.36424843e-10 -0.000129115557 0.999999992 0 0
-0.009839 2.49239 0.466908 0.000380184475 -0.000129115548 0.999999919 0 0
-0.215496 2.475447 0.466984 0.000380184475 -0.000129115548 0.999999919 0 0
-0.009839 2.4769 0.466906 0.000380184475 -0.000129115548 0.999999919 0 0
-0.009839 2.49239 0.466908 0.000515420432 -0.00177063973 0.9999983 0 0
-0.215496 2.49239 0.467014 0.000515420432 -0.00177063973 0.9999983 0 0
-0.215496 2.475447 0.466984 0.000515420432 -0.00177063973 0.9999983 0 0
-0.009839 2.49239 0.466908 0.000515420585 0.00159357623 0.999998597 0 0
-0.215496 2.509333 0.466987 0.000515420585 0.00159357623 0.999998597 0 0
-0.215496 2.49239 0.467014 0.000515420585 0.00159357623 0.999998597 0 0
-0.009839 2.49239 0.466908 0.000378816488 -6.4553607e-05 0.999999926 0 0
-0.009839 2.507881 0.466909 0.000378816488 -6.4553607e-05 0.999999926 0 0
-0.215496 2.509333 0.466987 0.000378816488 -6.4553607e-05 0.999999926 0 0
-0.009839 2.49239 0.466908 0 -6.45536116e-05 0.999999998 0 0
0.144527 2.507881 0.466909 0 -6.45536116e-05 0.999999998 0 0
-0.009839 2.507881 0.466909 0 -6.45536116e-05 0.999999998 0 0
-0.009839 2.49239 0.466908 4.18212424e-10 -6.45577791e-05 0.999999998 0 0
0.144527 2.492391 0.466908 4.18212424e-10 -6.45577791e-05 0.999999998 0 0
0.144527 2.507881 0.466909 4.18212424e-10 -6.45577791e-05 0.999999998 0 0
-0.009839 2.513156 0.466911 2.45568992e-09 -0.00037907503 0.999999928 0 0
0.144527 2.507881 0.466909 2.45568992e-09 -0.00037907503 0.999999928 0 0
0.144527 2.513157 0.466911 2.45568992e-09 -0.00037907503 0.999999928 0 0
-0.009839 2.513156 0.466911 0 -0.000379146892 0.999999928 0 0
-0.009839 2.507881 0.466909 0 -0.000379146892 0.999999928 0 0
0.144527 2.507881 0.466909 0 -0.000379146892 0.999999928 0 0
-0.009839 2.513156 0.466911 0.000376595339 -0.000379146865 0.999999857 0 0
-0.215496 2.509333 0.466987 0.000376595339 -0.000379146865 0.999999857 0 0
-0.009839 2.507881 0.466909 0.000376595339 -0.000379146865 0.999999857 0 0
-0.009839 2.513156 0.466911 0.000513895271 -0.00776574979 0.999969714 0 0
-0.215496 2.513196 0.467017 0.000513895271 -0.00776574979 0.999969714 0 0
-0.215496 2.509333 0.466987 0.000513895271 -0.00776574979 0.999969714 0 0
-0.009839 2.513156 0.466911 0.000435775615 -0.293104878 0.956080196 0 0
-0.215496 2.513333 0.467059 0.000435775615 -0.293104878 0.956080196 0 0
-0.215496 2.513196 0.467017 0.000435775615 -0.293104878 0.956080196 0 0
-0.009839 2.513156 0.466911 5.42750741e-05 -0.603597479 0.797289207 0 0
-0.009839 2.513333 0.467045 5.42750741e-05 -0.603597479 0.797289207 0 0
-0.215496 2.513333 0.467059 5.42750741e-05 -0.603597479 0.797289207 0 0
-0.009839 2.513156 0.466911 0 -0.60359748 0.797289209 0 0
0.144527 2.513333 0.467045 0 -0.60359748 0.797289209 0 0
-0.009839 2.513333 0.467045 0 -0.60359748 0.797289209 0 0
-0.009839 2.513156 0.466911 3.92424998e-06 -0.605770772 0.795639222 0 0
0.144527 2.513157 0.466911 3.92424998e-06 -0.605770772 0.795639222 0 0
0.144527 2.513333 0.467045 3.92424998e-06 -0.605770772 0.795639222 0 0
0.196313 2.471626 0.466904 -0.165350817 0.673281196 0.720660488 0 0
0.196588 2.471442 0.467139 -0.165350817 0.673281196 0.720660488 0 0
0.196685 2.471575 0.467037 -0.165350817 0.673281196 0.720660488 0 0
0.196313 2.471626 0.466904 -0.274111411 0.574925996 0.770923494 0 0
0.196313 2.471449 0.467036 -0.274111411 0.574925996 0.770923494 0 0
0.196588 2.471442 0.467139 -0.274111411 0.574925996 0.770923494 0 0
0.196313 2.471626 0.466904 0 0.59782388 0.801627475 0 0
0.144527 2.471449 0.467036 0 0.59782388 0.801627475 0 0
0.196313 2.471449 0.467036 0 0.59782388 0.801627475 0 0
0.196313 2.471626 0.466904 0 0.59782388 0.801627475 0 0
0.144527 2.471626 0.466904 0 0.59782388 0.801627475 0 0
0.144527 2.471449 0.467036 0 0.59782388 0.801627475 0 0
0.196313 2.471626 0.466904 0 -0.000379146892 0.999999928 0 0
0.144527 2.476901 0.466906 0 -0.000379146892 0.999999928 0 0
0.144527 2.471626 0.466904 0 -0.000379146892 0.999999928 0 0
0.196313 2.471626 0.466904 0 -0.000379146892 0.999999928 0 0
0.196313 2.476901 0.466906 0 -0.000379146892 0.999999928 0 0
0.144527 2.476901 0.466906 0 -0.000379146892 0.999999928 0 0
0.196313 2.471626 0.466904 -0.336689394 -0.000357010692 0.941615699 0 0
0.196685 2.476863 0.467039 -0.336689394 -0.000357010692 0.941615699 0 0
0.196313 2.476901 0.466906 -0.336689394 -0.000357010692 0.941615699 0 0
0.196313 2.471626 0.466904 -0.336700349 -0.000356131536 0.941611782 0 0
0.196685 2.471575 0.467037 -0.336700349 -0.000356131536 0.941611782 0 0
0.196685 2.476863 0.467039 -0.336700349 -0.000356131536 0.941611782 0 0
0.196313 2.492391 0.466908 -0.334409845 -6.06921525e-05 0.942427744 0 0
0.196685 2.476863 0.467039 -0.334409845 -6.06921525e-05 0.942427744 0 0
0.196685 2.492391 0.46704 -0.334409845 -6.06921525e-05 0.942427744 0 0
0.196313 2.492391 0.466908 -0.336668089 -0.000121578228 0.941623377 0 0
0.196313 2.476901 0.466906 -0.336668089 -0.000121578228 0.941623377 0 0
0.196685 2.476863 0.467039 -0.336668089 -0.000121578228 0.941623377 0 0
0.196313 2.492391 0.466908 0 -0.000129115557 0.999999992 0 0
0.144527 2.476901 0.466906 0 -0.000129115557 0.999999992 0 0
0.196313 2.476901 0.466906 0 -0.000129115557 0.999999992 0 0
0.196313 2.492391 0.466908 0 -0.000129115557 0.999999992 0 0
0.144527 2.492391 0.466908 0 -0.000129115557 0.999999992 0 0
0.144527 2.476901 0.466906 0 -0.000129115557 0.999999992 0 0
0.196313 2.492391 0.466908 0 -6.45577791e-05 0.999999998 0 0
0.144527 2.507881 0.466909 0 -6.45577791e-05 0.999999998 0 0
0.144527 2.492391 0.466908 0 -6.45577791e-05 0.999999998 0 0
0.196313 2.492391 0.466908 0 -6.45577791e-05 0.999999998 0 0
0.196313 2.507881 0.466909 0 -6.45577791e-05 0.999999998 0 0
0.144527 2.507881 0.466909 0 -6.45577791e-05 0.999999998 0 0
0.196313 2.492391 0.466908 -0.336651573 -6.07894956e-05 0.941629287 0 0
0.196685 2.507919 0.467042 -0.336651573 -6.07894956e-05 0.941629287 0 0
0.196313 2.507881 0.466909 -0.336651573 -6.07894956e-05 0.941629287 0 0
0.196313 2.492391 0.466908 -0.334409843 -0.000121384304 0.942427739 0 0
0.196685 2.492391 0.46704 -0.334409843 -0.000121384304 0.942427739 0 0
0.196685 2.507919 0.467042 -0.334409843 -0.000121384304 0.942427739 0 0
0.196313 2.513157 0.466911 -0.336614615 -0.00035614313 0.941642434 0 0
0.196685 2.507919 0.467042 -0.336614615 -0.00035614313 0.941642434 0 0
0.196685 2.513207 0.467044 -0.336614615 -0.00035614313 0.941642434 0 0
0.196313 2.513157 0.466911 -0.336624728 -0.000356951789 0.941638819 0 0
0.196313 2.507881 0.466909 -0.336624728 -0.000356951789 0.941638819 0 0
0.196685 2.507919 0.467042 -0.336624728 -0.000356951789 0.941638819 0 0
0.196313 2.513157 0.466911 0 -0.00037907503 0.999999928 0 0
0.144527 2.507881 0.466909 0 -0.00037907503 0.999999928 0 0
0.196313 2.507881 0.466909 0 -0.00037907503 0.999999928 0 0
0.196313 2.513157 0.466911 0 -0.00037907503 0.999999928 0 0
0.144527 2.513157 0.466911 0 -0.00037907503 0.999999928 0 0
0.144527 2.507881 0.466909 0 -0.00037907503 0.999999928 0 0
0.196313 2.513157 0.466911 0 -0.605770772 0.795639222 0 0
0.144527 2.513333 0.467045 0 -0.605770772 0.795639222 0 0
0.144527 2.513157 0.466911 0 -0.605770772 0.795639222 0 0
0.196313 2.513157 0.466911 1.16556112e-05 -0.60359748 0.797289209 0 0
0.196313 2.513334 0.467045 1.16556112e-05 -0.60359748 0.797289209 0 0
0.144527 2.513333 0.467045 1.16556112e-05 -0.60359748 0.797289209 0 0
0.196313 2.513157 0.466911 -0.274487632 -0.580413681 0.766665833 0 0
0.196588 2.51334 0.467148 -0.274487632 -0.580413681 0.766665833 0 0
0.196313 2.513334 0.467045 -0.274487632 -0.580413681 0.766665833 0 0
0.196313 2.513157 0.466911 -0.164432685 -0.679231148 0.715267041 0 0
0.196685 2.513207 0.467044 -0.164432685 -0.679231148 0.715267041 0 0
0.196588 2.51334 0.467148 -0.164432685 -0.679231148 0.715267041 0 0
-0.215496 2.471422 0.469563 1 0 0 0 0
-0.215496 2.471111 0.469029 1 0 0 0 0
-0.215496 2.471271 0.469031 1 0 0 0 0
-0.215496 2.471422 0.469563 1 0 0 0 0
-0.215496 2.471287 0.469561 1 0 0 0 0
-0.215496 2.471111 0.469029 1 0 0 0 0
-0.215496 2.471422 0.469563 1 0 -0 0 0
-0.215496 2.471447 0.469947 1 0 -0 0 0
-0.215496 2.471287 0.469561 1 0 -0 0 0
-0.215496 2.471422 0.469563 1 0 0 0 0
-0.215496 2.471584 0.469988 1 0 0 0 0
-0.215496 2.471447 0.469947 1 0 0 0 0
-0.215496 2.471422 0.469563 1 0 0 0 0
-0.215496 2.475447 0.470018 1 0 0 0 0
-0.215496 2.471584 0.469988 1 0 0 0 0
-0.215496 2.471422 0.469563 1 0 0 0 0
-0.215496 2.476749 0.469564 1 0 0 0 0
-0.215496 2.475447 0.470018 1 0 0 0 0
-0.215496 2.471422 0.469563 1 -0 0 0 0
-0.215496 2.476636 0.469033 1 -0 0 0 0
-0.215496 2.476749 0.469564 1 -0 0 0 0
-0.215496 2.471422 0.469563 1 0 0 0 0
-0.215496 2.471271 0.469031 1 0 0 0 0
-0.215496 2.476636 0.469033 1 0 0 0 0
-0.215496 2.49239 0.469566 1 0 0 0 0
-0.215496 2.476636 0.469033 1 0 0 0 0
-0.215496 2.49239 0.469034 1 0 0 0 0
-0.215496 2.49239 0.469566 1 0 0 0 0
-0.215496 2.476749 0.469564 1 0 0 0 0
-0.215496 2.476636 0.469033 1 0 0 0 0
-0.215496 2.49239 0.469566 1 0 0 0 0
-0.215496 2.475447 0.470018 1 0 0 0 0
-0.215496 2.476749 0.469564 1 0 0 0 0
-0.215496 2.49239 0.469566 1 0 -0 0 0
-0.215496 2.49239 0.469991 1 0 -0 0 0
-0.215496 2.475447 0.470018 1 0 -0 0 0
-0.215496 2.49239 0.469566 1 0 0 0 0
-0.215496 2.509333 0.470021 1 0 0 0 0
-0.215496 2.49239 0.469991 1 0 0 0 0
-0.215496 2.49239 0.469566 1 0 0 0 0
-0.215496 2.508031 0.469568 1 0 0 0 0
-0.215496 2.509333 0.470021 1 0 0 0 0
-0.215496 2.49239 0.469566 1 -0 0 0 0
-0.215496 2.508144 0.469036 1 -0 0 0 0
-0.215496 2.508031 0.469568 1 -0 0 0 0
-0.215496 2.49239 0.469566 1 0 0 0 0
-0.215496 2.49239 0.469034 1 0 0 0 0
-0.215496 2.508144 0.469036 1 0 0 0 0
-0.215496 2.513357 0.469569 1 0 0 0 0
-0.215496 2.508144 0.469036 1 0 0 0 0
-0.215496 2.513509 0.469038 1 0 0 0 0
-0.215496 2.513357 0.469569 1 0 0 0 0
-0.215496 2.508031 0.469568 1 0 0 0 0
-0.215496 2.508144 0.469036 1 0 0 0 0
-0.215496 2.513357 0.469569 1 0 0 0 0
-0.215496 2.509333 0.470021 1 0 0 0 0
-0.215496 2.508031 0.469568 1 0 0 0 0
-0.215496 2.513357 0.469569 1 0 0 0 0
-0.215496 2.513196 0.469995 1 0 0 0 0
-0.215496 2.509333 0.470021 1 0 0 0 0
-0.215496 2.513357 0.469569 1 0 0 0 0
-0.215496 2.513333 0.469956 1 0 0 0 0
-0.215496 2.513196 0.469995 1 0 0 0 0
-0.215496 2.513357 0.469569 1 0 -0 0 0
-0.215496 2.513493 0.469571 1 0 -0 0 0
-0.215496 2.513333 0.469956 1 0 -0 0 0
-0.215496 2.513357 0.469569 1 -0 0 0 0
-0.215496 2.513669 0.469039 1 -0 0 0 0
-0.215496 2.513493 0.469571 1 -0 0 0 0
-0.215496 2.513357 0.469569 1 0 0 0 0
-0.215496 2.513509 0.469038 1 0 0 0 0
-0.215496 2.513669 0.469039 1 0 0 0 0
-0.215496 2.47122 0.468499 1 0 0 0 0
-0.215496 2.471111 0.467966 1 0 0 0 0
-0.215496 2.471271 0.467968 1 0 0 0 0
-0.215496 2.47122 0.468499 1 0 0 0 0
-0.215496 2.471083 0.468498 1 0 0 0 0
-0.215496 2.471111 0.467966 1 0 0 0 0
-0.215496 2.47122 0.468499 1 0 0 0 0
-0.215496 2.471111 0.469029 1 0 0 0 0
-0.215496 2.471083 0.468498 1 0 0 0 0
-0.215496 2.47122 0.468499 1 0 -0 0 0
-0.215496 2.471271 0.469031 1 0 -0 0 0
-0.215496 2.471111 0.469029 1 0 -0 0 0
-0.215496 2.47122 0.468499 1 0 0 0 0
-0.215496 2.476636 0.469033 1 0 0 0 0
-0.215496 2.471271 0.469031 1 0 0 0 0
-0.215496 2.47122 0.468499 1 0 0 0 0
-0.215496 2.476598 0.468501 1 0 0 0 0
-0.215496 2.476636 0.469033 1 0 0 0 0
-0.215496 2.47122 0.468499 1 -0 0 0 0
-0.215496 2.476636 0.467969 1 -0 0 0 0
-0.215496 2.476598 0.468501 1 -0 0 0 0
-0.215496 2.47122 0.468499 1 0 0 0 0
-0.215496 2.471271 0.467968 1 0 0 0 0
-0.215496 2.476636 0.467969 1 0 0 0 0
-0.215496 2.49239 0.468503 1 0 0 0 0
-0.215496 2.476636 0.467969 1 0 0 0 0
-0.215496 2.49239 0.467971 1 0 0 0 0
-0.215496 2.49239 0.468503 1 0 0 0 0
-0.215496 2.476598 0.468501 1 0 0 0 0
-0.215496 2.476636 0.467969 1 0 0 0 0
-0.215496 2.49239 0.468503 1 0 0 0 0
-0.215496 2.476636 0.469033 1 0 0 0 0
-0.215496 2.476598 0.468501 1 0 0 0 0
-0.215496 2.49239 0.468503 1 0 -0 0 0
-0.215496 2.49239 0.469034 1 0 -0 0 0
-0.215496 2.476636 0.469033 1 0 -0 0 0
-0.215496 2.49239 0.468503 1 0 0 0 0
-0.215496 2.508144 0.469036 1 0 0 0 0
-0.215496 2.49239 0.469034 1 0 0 0 0
-0.215496 2.49239 0.468503 1 0 0 0 0
-0.215496 2.508181 0.468504 1 0 0 0 0
-0.215496 2.508144 0.469036 1 0 0 0 0
-0.215496 2.49239 0.468503 1 -0 0 0 0
-0.215496 2.508144 0.467973 1 -0 0 0 0
-0.215496 2.508181 0.468504 1 -0 0 0 0
-0.215496 2.49239 0.468503 1 0 0 0 0
-0.215496 2.49239 0.467971 1 0 0 0 0
-0.215496 2.508144 0.467973 1 0 0 0 0
-0.215496 2.513559 0.468506 1 0 0 0 0
-0.215496 2.508144 0.467973 1 0 0 0 0
-0.215496 2.513509 0.467974 1 0 0 0 0
-0.215496 2.513559 0.468506 1 0 0 0 0
-0.215496 2.508181 0.468504 1 0 0 0 0
-0.215496 2.508144 0.467973 1 0 0 0 0
-0.215496 2.513559 0.468506 1 0 0 0 0
-0.215496 2.508144 0.469036 1 0 0 0 0
-0.215496 2.508181 0.468504 1 0 0 0 0
-0.215496 2.513559 0.468506 1 0 0 0 0
-0.215496 2.513509 0.469038 1 0 0 0 0
-0.215496 2.508144 0.469036 1 0 0 0 0
-0.215496 2.513559 0.468506 1 0 -0 0 0
-0.215496 2.513669 0.469039 1 0 -0 0 0
-0.215496 2.513509 0.469038 1 0 -0 0 0
-0.215496 2.513559 0.468506 1 0 0 0 0
-0.215496 2.513696 0.468507 1 0 0 0 0
-0.215496 2.513669 0.469039 1 0 0 0 0
-0.215496 2.513559 0.468506 1 -0 0 0 0
-0.215496 2.513669 0.467976 1 -0 0 0 0
-0.215496 2.513696 0.468507 1 -0 0 0 0
-0.215496 2.513559 0.468506 1 0 0 0 0
-0.215496 2.513509 0.467974 1 0 0 0 0
-0.215496 2.513669 0.467976 1 0 0 0 0
-0.215496 2.471422 0.467436 1 0 0 0 0
-0.215496 2.471447 0.467049 1 0 0 0 0
-0.215496 2.471584 0.46701 1 0 0 0 0
-0.215496 2.471422 0.467436 1 0 0 0 0
-0.215496 2.471287 0.467434 1 0 0 0 0
-0.215496 2.471447 0.467049 1 0 0 0 0
-0.215496 2.471422 0.467436 1 0 0 0 0
-0.215496 2.471111 0.467966 1 0 0 0 0
-0.215496 2.471287 0.467434 1 0 0 0 0
-0.215496 2.471422 0.467436 1 0 0 0 0
-0.215496 2.471271 0.467968 1 0 0 0 0
-0.215496 2.471111 0.467966 1 0 0 0 0
-0.215496 2.471422 0.467436 1 0 -0 0 0
-0.215496 2.476636 0.467969 1 0 -0 0 0
-0.215496 2.471271 0.467968 1 0 -0 0 0
-0.215496 2.471422 0.467436 1 0 0 0 0
-0.215496 2.476749 0.467438 1 0 0 0 0
-0.215496 2.476636 0.467969 1 0 0 0 0
-0.215496 2.471422 0.467436 1 -0 0 0 0
-0.215496 2.475447 0.466984 1 -0 0 0 0
-0.215496 2.476749 0.467438 1 -0 0 0 0
-0.215496 2.471422 0.467436 1 0 0 0 0
-0.215496 2.471584 0.46701 1 0 0 0 0
-0.215496 2.475447 0.466984 1 0 0 0 0
-0.215496 2.49239 0.467439 1 0 0 0 0
-0.215496 2.475447 0.466984 1 0 0 0 0
-0.215496 2.49239 0.467014 1 0 0 0 0
-0.215496 2.49239 0.467439 1 0 0 0 0
-0.215496 2.476749 0.467438 1 0 0 0 0
-0.215496 2.475447 0.466984 1 0 0 0 0
-0.215496 2.49239 0.467439 1 0 0 0 0
-0.215496 2.476636 0.467969 1 0 0 0 0
-0.215496 2.476749 0.467438 1 0 0 0 0
-0.215496 2.49239 0.467439 1 0 -0 0 0
-0.215496 2.49239 0.467971 1 0 -0 0 0
-0.215496 2.476636 0.467969 1 0 -0 0 0
-0.215496 2.49239 0.467439 1 0 0 0 0
-0.215496 2.508144 0.467973 1 0 0 0 0
-0.215496 2.49239 0.467971 1 0 0 0 0
-0.215496 2.49239 0.467439 1 0 0 0 0
-0.215496 2.508031 0.467441 1 0 0 0 0
-0.215496 2.508144 0.467973 1 0 0 0 0
-0.215496 2.49239 0.467439 1 -0 0 0 0
-0.215496 2.509333 0.466987 1 -0 0 0 0
-0.215496 2.508031 0.467441 1 -0 0 0 0
-0.215496 2.49239 0.467439 1 0 0 0 0
-0.215496 2.49239 0.467014 1 0 0 0 0
-0.215496 2.509333 0.466987 1 0 0 0 0
-0.215496 2.513357 0.467443 1 0 0 0 0
-0.215496 2.509333 0.466987 1 0 0 0 0
-0.215496 2.513196 0.467017 1 0 0 0 0
-0.215496 2.513357 0.467443 1 0 0 0 0
-0.215496 2.508031 0.467441 1 0 0 0 0
-0.215496 2.509333 0.466987 1 0 0 0 0
-0.215496 2.513357 0.467443 1 0 0 0 0
-0.215496 2.508144 0.467973 1 0 0 0 0
-0.215496 2.508031 0.467441 1 0 0 0 0
-0.215496 2.513357 0.467443 1 0 -0 0 0
-0.215496 2.513509 0.467974 1 0 -0 0 0
-0.215496 2.508144 0.467973 1 0 -0 0 0
-0.215496 2.513357 0.467443 1 0 0 0 0
-0.215496 2.513669 0.467976 1 0 0 0 0
-0.215496 2.513509 0.467974 1 0 0 0 0
-0.215496 2.513357 0.467443 1 0 0 0 0
-0.215496 2.513493 0.467444 1 0 0 0 0
-0.215496 2.513669 0.467976 1 0 0 0 0
-0.215496 2.513357 0.467443 1 -0 0 0 0
-0.215496 2.513333 0.467059 1 -0 0 0 0
-0.215496 2.513493 0.467444 1 -0 0 0 0
-0.215496 2.513357 0.467443 1 0 0 0 0
-0.215496 2.513196 0.467017 1 0 0 0 0
-0.215496 2.513333 0.467059 1 0 0 0 0
0.196809 2.513359 0.469569 -0.95495936 0.00011223018 -0.296736596 0 0
0.196685 2.507919 0.469966 -0.95495936 0.00011223018 -0.296736596 0 0
0.196685 2.513207 0.469968 -0.95495936 0.00011223018 -0.296736596 0 0
0.196809 2.513359 0.469569 -0.95474023 5.58364749e-05 -0.297440902 0 0
0.196809 2.508032 0.469568 -0.95474023 5.58364749e-05 -0.297440902 0 0
0.196685 2.507919 0.469966 -0.95474023 5.58364749e-05 -0.297440902 0 0
0.196809 2.513359 0.469569 -1 0 0 0 0
0.196809 2.508145 0.469036 -1 0 0 0 0
0.196809 2.508032 0.469568 -1 0 0 0 0
0.196809 2.513359 0.469569 -1 0 -0 0 0
0.196809 2.51351 0.469038 -1 0 -0 0 0
0.196809 2.508145 0.469036 -1 0 -0 0 0
0.196809 2.513359 0.469569 -0.705367534 -0.681810067 -0.193885725 0 0
0.196685 2.513638 0.469039 -0.705367534 -0.681810067 -0.193885725 0 0
0.196809 2.51351 0.469038 -0.705367534 -0.681810067 -0.193885725 0 0
0.196809 2.513359 0.469569 -0.703263636 -0.683575404 -0.195307258 0 0
0.196685 2.513486 0.469571 -0.703263636 -0.683575404 -0.195307258 0 0
0.196685 2.513638 0.469039 -0.703263636 -0.683575404 -0.195307258 0 0
0.196809 2.513359 0.469569 -0.622821266 -0.600205911 -0.501843138 0 0
0.196588 2.51334 0.469866 -0.622821266 -0.600205911 -0.501843138 0 0
0.196685 2.513486 0.469571 -0.622821266 -0.600205911 -0.501843138 0 0
0.196809 2.513359 0.469569 -0.529972208 -0.724505574 -0.440705266 0 0
0.196685 2.513207 0.469968 -0.529972208 -0.724505574 -0.440705266 0 0
0.196588 2.51334 0.469866 -0.529972208 -0.724505574 -0.440705266 0 0
0.196809 2.492391 0.469566 -1 0 0 0 0
0.196809 2.508145 0.469036 -1 0 0 0 0
0.196809 2.492391 0.469034 -1 0 0 0 0
0.196809 2.492391 0.469566 -1 0 0 0 0
0.196809 2.508032 0.469568 -1 0 0 0 0
0.196809 2.508145 0.469036 -1 0 0 0 0
0.196809 2.492391 0.469566 -0.954738795 3.80340783e-05 -0.297445509 0 0
0.196685 2.507919 0.469966 -0.954738795 3.80340783e-05 -0.297445509 0 0
0.196809 2.508032 0.469568 -0.954738795 3.80340783e-05 -0.297445509 0 0
0.196809 2.492391 0.469566 -0.95494725 1.91122866e-05 -0.296775587 0 0
0.196685 2.492391 0.469965 -0.95494725 1.91122866e-05 -0.296775587 0 0
0.196685 2.507919 0.469966 -0.95494725 1.91122866e-05 -0.296775587 0 0
0.196809 2.492391 0.469566 -0.95494725 3.82245732e-05 -0.296775586 0 0
0.196685 2.476863 0.469963 -0.95494725 3.82245732e-05 -0.296775586 0 0
0.196685 2.492391 0.469965 -0.95494725 3.82245732e-05 -0.296775586 0 0
0.196809 2.492391 0.469566 -0.954944204 3.79496691e-05 -0.296785387 0 0
0.196809 2.47675 0.469564 -0.954944204 3.79496691e-05 -0.296785387 0 0
0.196685 2.476863 0.469963 -0.954944204 3.79496691e-05 -0.296785387 0 0
0.196809 2.492391 0.469566 -1 0 0 0 0
0.196809 2.476637 0.469033 -1 0 0 0 0
0.196809 2.47675 0.469564 -1 0 0 0 0
0.196809 2.492391 0.469566 -1 0 -0 0 0
0.196809 2.492391 0.469034 -1 0 -0 0 0
0.196809 2.476637 0.469033 -1 0 -0 0 0
0.196809 2.471424 0.469563 -1 0 -0 0 0
0.196809 2.476637 0.469033 -1 0 -0 0 0
0.196809 2.471272 0.469031 -1 0 -0 0 0
0.196809 2.471424 0.469563 -1 0 0 0 0
0.196809 2.47675 0.469564 -1 0 0 0 0
0.196809 2.476637 0.469033 -1 0 0 0 0
0.196809 2.471424 0.469563 -0.954942776 5.57247424e-05 -0.296789978 0 0
0.196685 2.476863 0.469963 -0.954942776 5.57247424e-05 -0.296789978 0 0
0.196809 2.47675 0.469564 -0.954942776 5.57247424e-05 -0.296789978 0 0
0.196809 2.471424 0.469563 -0.954723599 0.000112516741 -0.297494262 0 0
0.196685 2.471575 0.469961 -0.954723599 0.000112516741 -0.297494262 0 0
0.196685 2.476863 0.469963 -0.954723599 0.000112516741 -0.297494262 0 0
0.196809 2.471424 0.469563 -0.526082274 0.727754211 -0.440012783 0 0
0.196588 2.471442 0.469857 -0.526082274 0.727754211 -0.440012783 0 0
0.196685 2.471575 0.469961 -0.526082274 0.727754211 -0.440012783 0 0
0.196809 2.471424 0.469563 -0.61566435 0.608996386 -0.500080804 0 0
0.196685 2.471297 0.469561 -0.61566435 0.608996386 -0.500080804 0 0
0.196588 2.471442 0.469857 -0.61566435 0.608996386 -0.500080804 0 0
0.196809 2.471424 0.469563 -0.699815265 0.686398777 -0.197775919 0 0
0.196685 2.471144 0.46903 -0.699815265 0.686398777 -0.197775919 0 0
0.196685 2.471297 0.469561 -0.699815265 0.686398777 -0.197775919 0 0
0.196809 2.471424 0.469563 -0.703661339 0.683196915 -0.195199119 0 0
0.196809 2.471272 0.469031 -0.703661339 0.683196915 -0.195199119 0 0
0.196685 2.471144 0.46903 -0.703661339 0.683196915 -0.195199119 0 0
0.196809 2.513561 0.468506 -0.716124996 -0.6947868 0.0666055015 0 0
0.196685 2.513638 0.467976 -0.716124996 -0.6947868 0.0666055015 0 0
0.196809 2.51351 0.467974 -0.716124996 -0.6947868 0.0666055015 0 0
0.196809 2.513561 0.468506 -0.716380043 -0.694514297 0.066704763 0 0
0.196685 2.513689 0.468507 -0.716380043 -0.694514297 0.066704763 0 0
0.196685 2.513638 0.467976 -0.716380043 -0.694514297 0.066704763 0 0
0.196809 2.513561 0.468506 -0.716908667 -0.693985516 -0.0665286867 0 0
0.196685 2.513638 0.469039 -0.716908667 -0.693985516 -0.0665286867 0 0
0.196685 2.513689 0.468507 -0.716908667 -0.693985516 -0.0665286867 0 0
0.196809 2.513561 0.468506 -0.716908667 -0.693985516 -0.0665286867 0 0
0.196809 2.51351 0.469038 -0.716908667 -0.693985516 -0.0665286867 0 0
0.196685 2.513638 0.469039 -0.716908667 -0.693985516 -0.0665286867 0 0
0.196809 2.513561 0.468506 -1 0 0 0 0
0.196809 2.508145 0.469036 -1 0 0 0 0
0.196809 2.51351 0.469038 -1 0 0 0 0
0.196809 2.513561 0.468506 -1 -0 0 0 0
0.196809 2.508183 0.468504 -1 -0 0 0 0
0.196809 2.508145 0.469036 -1 -0 0 0 0
0.196809 2.513561 0.468506 -1 0 0 0 0
0.196809 2.508145 0.467973 -1 0 0 0 0
0.196809 2.508183 0.468504 -1 0 0 0 0
0.196809 2.513561 0.468506 -1 0 0 0 0
0.196809 2.51351 0.467974 -1 0 0 0 0
0.196809 2.508145 0.467973 -1 0 0 0 0
0.196809 2.492391 0.468503 -1 0 0 0 0
0.196809 2.508145 0.467973 -1 0 0 0 0
0.196809 2.492391 0.467971 -1 0 0 0 0
0.196809 2.492391 0.468503 -1 0 0 0 0
0.196809 2.508183 0.468504 -1 0 0 0 0
0.196809 2.508145 0.467973 -1 0 0 0 0
0.196809 2.492391 0.468503 -1 0 0 0 0
0.196809 2.508145 0.469036 -1 0 0 0 0
0.196809 2.508183 0.468504 -1 0 0 0 0
0.196809 2.492391 0.468503 -1 0 0 0 0
0.196809 2.492391 0.469034 -1 0 0 0 0
0.196809 2.508145 0.469036 -1 0 0 0 0
0.196809 2.492391 0.468503 -1 0 0 0 0
0.196809 2.476637 0.469033 -1 0 0 0 0
0.196809 2.492391 0.469034 -1 0 0 0 0
0.196809 2.492391 0.468503 -1 -0 0 0 0
0.196809 2.4766 0.468501 -1 -0 0 0 0
0.196809 2.476637 0.469033 -1 -0 0 0 0
0.196809 2.492391 0.468503 -1 0 0 0 0
0.196809 2.476637 0.467969 -1 0 0 0 0
0.196809 2.4766 0.468501 -1 0 0 0 0
0.196809 2.492391 0.468503 -1 0 -0 0 0
0.196809 2.492391 0.467971 -1 0 -0 0 0
0.196809 2.476637 0.467969 -1 0 -0 0 0
0.196809 2.471222 0.468499 -1 0 0 0 0
0.196809 2.476637 0.467969 -1 0 0 0 0
0.196809 2.471272 0.467967 -1 0 0 0 0
0.196809 2.471222 0.468499 -1 0 0 0 0
0.196809 2.4766 0.468501 -1 0 0 0 0
0.196809 2.476637 0.467969 -1 0 0 0 0
0.196809 2.471222 0.468499 -1 0 0 0 0
0.196809 2.476637 0.469033 -1 0 0 0 0
0.196809 2.4766 0.468501 -1 0 0 0 0
0.196809 2.471222 0.468499 -1 0 0 0 0
0.196809 2.471272 0.469031 -1 0 0 0 0
0.196809 2.476637 0.469033 -1 0 0 0 0
0.196809 2.471222 0.468499 -0.716453311 0.694574141 -0.0652795245 0 0
0.196685 2.471144 0.46903 -0.716453311 0.694574141 -0.0652795245 0 0
0.196809 2.471272 0.469031 -0.716453311 0.694574141 -0.0652795245 0 0
0.196809 2.471222 0.468499 -0.719096673 0.691738766 -0.0663133027 0 0
0.196685 2.471093 0.468498 -0.719096673 0.691738766 -0.0663133027 0 0
0.196685 2.471144 0.46903 -0.719096673 0.691738766 -0.0663133027 0 0
0.196809 2.471222 0.468499 -0.719612573 0.691206951 0.0662623205 0 0
0.196685 2.471144 0.467966 -0.719612573 0.691206951 0.0662623205 0 0
0.196685 2.471093 0.468498 -0.719612573 0.691206951 0.0662623205 0 0
0.196809 2.471222 0.468499 -0.71696517 0.694050397 0.0652303004 0 0
0.196809 2.471272 0.467967 -0.71696517 0.694050397 0.0652303004 0 0
0.196685 2.471144 0.467966 -0.71696517 0.694050397 0.0652303004 0 0
0.196809 2.513359 0.467443 -0.525537414 -0.727802814 0.440583125 0 0
0.196588 2.51334 0.467148 -0.525537414 -0.727802814 0.440583125 0 0
0.196685 2.513207 0.467044 -0.525537414 -0.727802814 0.440583125 0 0
0.196809 2.513359 0.467443 -0.617105037 -0.606475524 0.501366943 0 0
0.196685 2.513486 0.467444 -0.617105037 -0.606475524 0.501366943 0 0
0.196588 2.51334 0.467148 -0.617105037 -0.606475524 0.501366943 0 0
0.196809 2.513359 0.467443 -0.700863493 -0.685850633 0.195957324 0 0
0.196685 2.513638 0.467976 -0.700863493 -0.685850633 0.195957324 0 0
0.196685 2.513486 0.467444 -0.700863493 -0.685850633 0.195957324 0 0
0.196809 2.513359 0.467443 -0.702998883 -0.684069672 0.194528287 0 0
0.196809 2.51351 0.467974 -0.702998883 -0.684069672 0.194528287 0 0
0.196685 2.513638 0.467976 -0.702998883 -0.684069672 0.194528287 0 0
0.196809 2.513359 0.467443 -1 0 0 0 0
0.196809 2.508145 0.467973 -1 0 0 0 0
0.196809 2.51351 0.467974 -1 0 0 0 0
0.196809 2.513359 0.467443 -1 -0 0 0 0
0.196809 2.508032 0.467441 -1 -0 0 0 0
0.196809 2.508145 0.467973 -1 -0 0 0 0
0.196809 2.513359 0.467443 -0.9549383 -0.000111433964 0.296804364 0 0
0.196685 2.507919 0.467042 -0.9549383 -0.000111433964 0.296804364 0 0
0.196809 2.508032 0.467441 -0.9549383 -0.000111433964 0.296804364 0 0
0.196809 2.513359 0.467443 -0.954935124 -0.000112259676 0.296814583 0 0
0.196685 2.513207 0.467044 -0.954935124 -0.000112259676 0.296814583 0 0
0.196685 2.507919 0.467042 -0.954935124 -0.000112259676 0.296814583 0 0
0.196809 2.492391 0.467439 -0.95494725 -3.82245732e-05 0.296775586 0 0
0.196685 2.507919 0.467042 -0.95494725 -3.82245732e-05 0.296775586 0 0
0.196685 2.492391 0.46704 -0.95494725 -3.82245732e-05 0.296775586 0 0
0.196809 2.492391 0.467439 -0.954944204 -3.79496691e-05 0.296785387 0 0
0.196809 2.508032 0.467441 -0.954944204 -3.79496691e-05 0.296785387 0 0
0.196685 2.507919 0.467042 -0.954944204 -3.79496691e-05 0.296785387 0 0
0.196809 2.492391 0.467439 -1 0 0 0 0
0.196809 2.508145 0.467973 -1 0 0 0 0
0.196809 2.508032 0.467441 -1 0 0 0 0
0.196809 2.492391 0.467439 -1 0 0 0 0
0.196809 2.492391 0.467971 -1 0 0 0 0
0.196809 2.508145 0.467973 -1 0 0 0 0
0.196809 2.492391 0.467439 -1 0 0 0 0
0.196809 2.476637 0.467969 -1 0 0 0 0
0.196809 2.492391 0.467971 -1 0 0 0 0
0.196809 2.492391 0.467439 -1 -0 0 0 0
0.196809 2.47675 0.467438 -1 -0 0 0 0
0.196809 2.476637 0.467969 -1 -0 0 0 0
0.196809 2.492391 0.467439 -0.954948773 -1.89738947e-05 0.296770686 0 0
0.196685 2.476863 0.467039 -0.954948773 -1.89738947e-05 0.296770686 0 0
0.196809 2.47675 0.467438 -0.954948773 -1.89738947e-05 0.296770686 0 0
0.196809 2.492391 0.467439 -0.95494725 -1.91122866e-05 0.296775587 0 0
0.196685 2.492391 0.46704 -0.95494725 -1.91122866e-05 0.296775587 0 0
0.196685 2.476863 0.467039 -0.95494725 -1.91122866e-05 0.296775587 0 0
0.196809 2.471424 0.467436 -0.954959281 -0.000112230277 0.296736852 0 0
0.196685 2.476863 0.467039 -0.954959281 -0.000112230277 0.296736852 0 0
0.196685 2.471575 0.467037 -0.954959281 -0.000112230277 0.296736852 0 0
0.196809 2.471424 0.467436 -0.954956188 -0.000111433273 0.296746805 0 0
0.196809 2.47675 0.467438 -0.954956188 -0.000111433273 0.296746805 0 0
0.196685 2.476863 0.467039 -0.954956188 -0.000111433273 0.296746805 0 0
0.196809 2.471424 0.467436 -1 0 0 0 0
0.196809 2.476637 0.467969 -1 0 0 0 0
0.196809 2.47675 0.467438 -1 0 0 0 0
0.196809 2.471424 0.467436 -1 0 0 0 0
0.196809 2.471272 0.467967 -1 0 0 0 0
0.196809 2.476637 0.467969 -1 0 0 0 0
0.196809 2.471424 0.467436 -0.705196621 0.681634855 0.195119582 0 0
0.196685 2.471144 0.467966 -0.705196621 0.681634855 0.195119582 0 0
0.196809 2.471272 0.467967 -0.705196621 0.681634855 0.195119582 0 0
0.196809 2.471424 0.467436 -0.703097113 0.683393404 0.196539832 0 0
0.196685 2.471297 0.467434 -0.703097113 0.683393404 0.196539832 0 0
0.196685 2.471144 0.467966 -0.703097113 0.683393404 0.196539832 0 0
0.196809 2.471424 0.467436 -0.623440077 0.600834079 0.500320776 0 0
0.196588 2.471442 0.467139 -0.623440077 0.600834079 0.500320776 0 0
0.196685 2.471297 0.467434 -0.623440077 0.600834079 0.500320776 0 0
0.196809 2.471424 0.467436 -0.531325499 0.724388576 0.439265757 0 0
0.196685 2.471575 0.467037 -0.531325499 0.724388576 0.439265757 0 0
0.196588 2.471442 0.467139 -0.531325499 0.724388576 0.439265757 0 0
3 0 1 2
3 3 4 5
3 6 7 8
3 9 10 11
3 12 13 14
3 15 16 17
3 18 19 20
3 21 22 23
3 24 25 26
3 27 28 29
3 30 31 32
3 33 34 35
3 36 37 38
3 39 40 41
3 42 43 44
3 45 46 47
3 48 49 50
3 51 52 53
3 54 55 56
3 57 58 59
3 60 61 62
3 63 64 65
3 66 67 68
3 69 70 71
3 72 73 74
3 75 76 77
3 78 79 80
3 81 82 83
3 84 85 86
3 87 88 89
3 90 91 92
3 93 94 95
3 96 97 98
3 99 100 101
3 102 103 104
3 105 106 107
3 108 109 110
3 111 112 113
3 114 115 116
3 117 118 119
3 120 121 122
3 123 124 125
3 126 127 128
3 129 130 131
3 132 133 134
3 135 136 137
3 138 139 140
3 141 142 143
3 144 145 146
3 147 148 149
3 150 151 152
3 153 154 155
3 156 157 158
3 159 160 161
3 162 163 164
3 165 166 167
3 168 169 170
3 171 172 173
3 174 175 176
3 177 178 179
3 180 181 182
3 183 184 185
3 186 187 188
3 189 190 191
3 192 193 194
3 195 196 197
3 198 199 200
3 201 202 203
3 204 205 206
3 207 208 209
3 210 211 212
3 213 214 215
3 216 217 218
3 219 220 221
3 222 223 224
3 225 226 227
3 228 229 230
3 231 232 233
3 234 235 236
3 237 238 239
3 240 241 242
3 243 244 245
3 246 247 248
3 249 250 251
3 252 253 254
3 255 256 257
3 258 259 260
3 261 262 263
3 264 265 266
3 267 268 269
3 270 271 272
3 273 274 275
3 276 277 278
3 279 280 281
3 282 283 284
3 285 286 287
3 288 289 290
3 291 292 293
3 294 295 296
3 297 298 299
3 300 301 302
3 303 304 305
3 306 307 308
3 309 310 311
3 312 313 314
3 315 316 317
3 318 319 320
3 321 322 323
3 324 325 326
3 327 328 329
3 330 331 332
3 333 334 335
3 336 337 338
3 339 340 341
3 342 343 344
3 345 346 347
3 348 349 350
3 351 352 353
3 354 355 356
3 357 358 359
3 360 361 362
3 363 364 365
3 366 367 368
3 369 370 371
3 372 373 374
3 375 376 377
3 378 379 380
3 381 382 383
3 384 385 386
3 387 388 389
3 390 391 392
3 393 394 395
3 396 397 398
3 399 400 401
3 402 403 404
3 405 406 407
3 408 409 410
3 411 412 413
3 414 415 416
3 417 418 419
3 420 421 422
3 423 424 425
3 426 427 428
3 429 430 431
3 432 433 434
3 435 436 437
3 438 439 440
3 441 442 443
3 444 445 446
3 447 448 449
3 450 451 452
3 453 454 455
3 456 457 458
3 459 460 461
3 462 463 464
3 465 466 467
3 468 469 470
3 471 472 473
3 474 475 476
3 477 478 479
3 480 481 482
3 483 484 485
3 486 487 488
3 489 490 491
3 492 493 494
3 495 496 497
3 498 499 500
3 501 502 503
3 504 505 506
3 507 508 509
3 510 511 512
3 513 514 515
3 516 517 518
3 519 520 521
3 522 523 524
3 525 526 527
3 528 529 530
3 531 532 533
3 534 535 536
3 537 538 539
3 540 541 542
3 543 544 545
3 546 547 548
3 549 550 551
3 552 553 554
3 555 556 557
3 558 559 560
3 561 562 563
3 564 565 566
3 567 568 569
3 570 571 572
3 573 574 575
3 576 577 578
3 579 580 581
3 582 583 584
3 585 586 587
3 588 589 590
3 591 592 593
3 594 595 596
3 597 598 599
3 600 601 602
3 603 604 605
3 606 607 608
3 609 610 611
3 612 613 614
3 615 616 617
3 618 619 620
3 621 622 623
3 624 625 626
3 627 628 629
3 630 631 632
3 633 634 635
3 636 637 638
3 639 640 641
3 642 643 644
3 645 646 647
3 648 649 650
3 651 652 653
3 654 655 656
3 657 658 659
3 660 661 662
3 663 664 665
3 666 667 668
3 669 670 671
3 672 673 674
3 675 676 677
3 678 679 680
3 681 682 683
3 684 685 686
3 687 688 689
3 690 691 692
3 693 694 695
3 696 697 698
3 699 700 701
3 702 703 704
3 705 706 707
3 708 709 710
3 711 712 713
3 714 715 716
3 717 718 719
3 720 721 722
3 723 724 725
3 726 727 728
3 729 730 731
3 732 733 734
3 735 736 737
3 738 739 740
3 741 742 743
3 744 745 746
3 747 748 749
3 750 751 752
3 753 754 755
3 756 757 758
3 759 760 761
3 762 763 764
3 765 766 767
3 768 769 770
3 771 772 773
3 774 775 776
3 777 778 779
3 780 781 782
3 783 784 785
3 786 787 788
3 789 790 791
3 792 793 794
3 795 796 797
3 798 799 800
3 801 802 803
3 804 805 806
3 807 808 809
3 810 811 812
3 813 814 815
3 816 817 818
3 819 820 821
3 822 823 824
3 825 826 827
3 828 829 830
3 831 832 833
3 834 835 836
3 837 838 839
3 840 841 842
3 843 844 845
3 846 847 848
3 849 850 851
3 852 853 854
3 855 856 857
3 858 859 860
3 861 862 863
3 864 865 866
3 867 868 869
3 870 871 872
3 873 874 875
3 876 877 878
3 879 880 881
3 882 883 884
3 885 886 887
3 888 889 890
3 891 892 893
3 894 895 896
3 897 898 899
3 900 901 902
3 903 904 905
3 906 907 908
3 909 910 911
3 912 913 914
3 915 916 917
3 918 919 920
3 921 922 923
3 924 925 926
3 927 928 929
3 930 931 932
3 933 934 935
3 936 937 938
3 939 940 941
3 942 943 944
3 945 946 947
3 948 949 950
3 951 952 953
3 954 955 956
3 957 958 959
3 960 961 962
3 963 964 965
3 966 967 968
3 969 970 971
3 972 973 974
3 975 976 977
3 978 979 980
3 981 982 983
3 984 985 986
3 987 988 989
3 990 991 992
3 993 994 995
3 996 997 998
3 999 1000 1001
3 1002 1003 1004
3 1005 1006 1007
3 1008 1009 1010
3 1011 1012 1013
3 1014 1015 1016
3 1017 1018 1019
3 1020 1021 1022
3 1023 1024 1025
3 1026 1027 1028
3 1029 1030 1031
3 1032 1033 1034
3 1035 1036 1037
3 1038 1039 1040
3 1041 1042 1043
3 1044 1045 1046
3 1047 1048 1049
3 1050 1051 1052
3 1053 1054 1055
3 1056 1057 1058
3 1059 1060 1061
3 1062 1063 1064
3 1065 1066 1067
3 1068 1069 1070
3 1071 1072 1073
3 1074 1075 1076
3 1077 1078 1079
3 1080 1081 1082
3 1083 1084 1085
3 1086 1087 1088
3 1089 1090 1091
3 1092 1093 1094
3 1095 1096 1097
3 1098 1099 1100
3 1101 1102 1103
3 1104 1105 1106
3 1107 1108 1109
3 1110 1111 1112
3 1113 1114 1115
3 1116 1117 1118
3 1119 1120 1121
3 1122 1123 1124
3 1125 1126 1127
3 1128 1129 1130
3 1131 1132 1133
3 1134 1135 1136
3 1137 1138 1139
3 1140 1141 1142
3 1143 1144 1145
3 1146 1147 1148
3 1149 1150 1151
3 1152 1153 1154
3 1155 1156 1157
3 1158 1159 1160
3 1161 1162 1163
3 1164 1165 1166
3 1167 1168 1169
3 1170 1171 1172
3 1173 1174 1175
3 1176 1177 1178
3 1179 1180 1181
3 1182 1183 1184
3 1185 1186 1187
3 1188 1189 1190
3 1191 1192 1193
3 1194 1195 1196
3 1197 1198 1199
3 1200 1201 1202
3 1203 1204 1205
3 1206 1207 1208
3 1209 1210 1211
3 1212 1213 1214
3 1215 1216 1217
3 1218 1219 1220
3 1221 1222 1223
3 1224 1225 1226
3 1227 1228 1229
3 1230 1231 1232
3 1233 1234 1235
3 1236 1237 1238
3 1239 1240 1241
3 1242 1243 1244
3 1245 1246 1247
3 1248 1249 1250
3 1251 1252 1253
3 1254 1255 1256
3 1257 1258 1259
3 1260 1261 1262
3 1263 1264 1265
3 1266 1267 1268
3 1269 1270 1271
3 1272 1273 1274
3 1275 1276 1277
3 1278 1279 1280
3 1281 1282 1283
3 1284 1285 1286
3 1287 1288 1289
3 1290 1291 1292
3 1293 1294 1295
3 1296 1297 1298
3 1299 1300 1301
3 1302 1303 1304
3 1305 1306 1307
3 1308 1309 1310
3 1311 1312 1313
3 1314 1315 1316
3 1317 1318 1319
3 1320 1321 1322
3 1323 1324 1325
3 1326 1327 1328
3 1329 1330 1331
3 1332 1333 1334
3 1335 1336 1337
3 1338 1339 1340
3 1341 1342 1343
3 1344 1345 1346
3 1347 1348 1349
3 1350 1351 1352
3 1353 1354 1355
3 1356 1357 1358
3 1359 1360 1361
3 1362 1363 1364
3 1365 1366 1367
3 1368 1369 1370
3 1371 1372 1373
3 1374 1375 1376
3 1377 1378 1379
3 1380 1381 1382
3 1383 1384 1385
3 1386 1387 1388
3 1389 1390 1391
3 1392 1393 1394
3 1395 1396 1397
3 1398 1399 1400
3 1401 1402 1403
3 1404 1405 1406
3 1407 1408 1409
3 1410 1411 1412
3 1413 1414 1415
3 1416 1417 1418
3 1419 1420 1421
3 1422 1423 1424
3 1425 1426 1427
3 1428 1429 1430
3 1431 1432 1433
3 1434 1435 1436
3 1437 1438 1439
3 1440 1441 1442
3 1443 1444 1445
3 1446 1447 1448
3 1449 1450 1451
3 1452 1453 1454
3 1455 1456 1457
3 1458 1459 1460
3 1461 1462 1463
3 1464 1465 1466
3 1467 1468 1469
3 1470 1471 1472
3 1473 1474 1475
3 1476 1477 1478
3 1479 1480 1481
3 1482 1483 1484
3 1485 1486 1487
3 1488 1489 1490
3 1491 1492 1493
3 1494 1495 1496
3 1497 1498 1499
3 1500 1501 1502
3 1503 1504 1505
3 1506 1507 1508
3 1509 1510 1511
3 1512 1513 1514
3 1515 1516 1517
3 1518 1519 1520
3 1521 1522 1523
3 1524 1525 1526
3 1527 1528 1529
3 1530 1531 1532
3 1533 1534 1535
3 1536 1537 1538
3 1539 1540 1541
3 1542 1543 1544
3 1545 1546 1547
3 1548 1549 1550
3 1551 1552 1553
3 1554 1555 1556
3 1557 1558 1559
3 1560 1561 1562
3 1563 1564 1565
3 1566 1567 1568
3 1569 1570 1571
3 1572 1573 1574
3 1575 1576 1577
3 1578 1579 1580
3 1581 1582 1583
3 1584 1585 1586
3 1587 1588 1589
3 1590 1591 1592
3 1593 1594 1595
3 1596 1597 1598
3 1599 1600 1601
3 1602 1603 1604
3 1605 1606 1607
3 1608 1609 1610
3 1611 1612 1613
3 1614 1615 1616
3 1617 1618 1619
3 1620 1621 1622
3 1623 1624 1625
3 1626 1627 1628
3 1629 1630 1631
3 1632 1633 1634
3 1635 1636 1637
3 1638 1639 1640
3 1641 1642 1643
3 1644 1645 1646
3 1647 1648 1649
3 1650 1651 1652
3 1653 1654 1655
3 1656 1657 1658
3 1659 1660 1661
3 1662 1663 1664
3 1665 1666 1667
3 1668 1669 1670
3 1671 1672 1673
3 1674 1675 1676
3 1677 1678 1679
3 1680 1681 1682
3 1683 1684 1685
3 1686 1687 1688
3 1689 1690 1691
3 1692 1693 1694
3 1695 1696 1697
3 1698 1699 1700
3 1701 1702 1703
3 1704 1705 1706
3 1707 1708 1709
3 1710 1711 1712
3 1713 1714 1715
3 1716 1717 1718
3 1719 1720 1721
3 1722 1723 1724
3 1725 1726 1727
3 1728 1729 1730
3 1731 1732 1733
3 1734 1735 1736
3 1737 1738 1739
3 1740 1741 1742
3 1743 1744 1745
3 1746 1747 1748
3 1749 1750 1751
3 1752 1753 1754
3 1755 1756 1757
3 1758 1759 1760
3 1761 1762 1763
3 1764 1765 1766
3 1767 1768 1769
3 1770 1771 1772
3 1773 1774 1775
3 1776 1777 1778
3 1779 1780 1781
3 1782 1783 1784
3 1785 1786 1787
3 1788 1789 1790
3 1791 1792 1793
3 1794 1795 1796
3 1797 1798 1799
