ply
format ascii 1.0
element vertex 3464
property float x
property float y
property float z
property float nx
property float ny
property float nz
property float u
property float v
element face 6912
property list uchar int vertex_indices
end_header
1.853326 0.315902 2.941984 -0.000199999996 0.99999998 0 0 0
1.849843 0.315874 2.910785 -0.0237004519 0.99971906 0.00030000572 0 0
1.850594 0.315874 2.942011 -0.0239003258 0.999713626 0.00120001636 0 0
1.852587 0.315902 2.910785 -9.99999995e-05 0.999999995 0 0 0
1.849843 0.315874 2.878445 -0.0236005068 0.999721469 0 0 0
1.852587 0.315902 2.878445 0 1 0 0 0
1.847557 0.315789 2.910785 -0.0699037375 0.997553336 0.000900048122 0 0
1.848317 0.315789 2.942034 -0.0705003715 0.997505257 0.00360001897 0 0
1.847557 0.315789 2.878445 -0.0694987487 0.997582039 0 0 0
1.85533 0.315874 2.910785 0.0235005596 0.999723804 -0.000200004762 0 0
1.856058 0.315874 2.941957 0.0235005458 0.999723219 -0.00110002555 0 0
1.857616 0.315789 2.910785 0.0693992102 0.997588648 -0.000799990896 0 0
1.858335 0.315789 2.941934 0.0693988313 0.997583201 -0.00339994275 0 0
1.85533 0.315874 2.878445 0.0236005068 0.999721469 0 0 0
1.857616 0.315789 2.878445 0.0694987487 0.997582039 0 0 0
1.858243 0.315874 2.970791 0.0235004612 0.99971962 -0.00290005691 0 0
1.855544 0.315902 2.9709 -0.000299999985 0.99999995 9.9999995e-05 0 0
1.862612 0.315874 2.996119 0.0232002978 0.999712831 -0.00600007701 0 0
1.859981 0.315902 2.996391 -0.000499999928 0.999999855 0.000199999971 0 0
1.860491 0.315789 2.970701 0.0694036486 0.997552443 -0.00850044688 0 0
1.864804 0.315789 2.995893 0.0686987737 0.997482195 -0.0175996858 0 0
1.852846 0.315874 2.971009 -0.0242999977 0.999699905 0.00309999971 0 0
1.850598 0.315789 2.971099 -0.0714003799 0.997405306 0.00920004894 0 0
1.85735 0.315874 2.996662 -0.0245993997 0.999675603 0.00659983893 0 0
1.855158 0.315789 2.996889 -0.0721006269 0.997208671 0.0194001687 0 0
1.853326 0.304431 2.941984 -0.000199999996 -0.99999998 0 0 0
1.85533 0.304465 2.910785 0.0277004496 -0.999616224 -0.000300004869 0 0
1.856058 0.304465 2.941957 0.0277004274 -0.999615424 -0.00130002006 0 0
1.852587 0.304431 2.910785 -9.99999995e-05 -0.999999995 0 0 0
1.85533 0.304465 2.878445 0.0278003753 -0.999613495 0 0 0
1.852587 0.304431 2.878445 0 -1 0 0 0
1.857616 0.304564 2.910785 0.0817046058 -0.996656183 -0.000900050737 0 0
1.858335 0.304564 2.941934 0.0817039852 -0.996648613 -0.00400019511 0 0
1.857616 0.304564 2.878445 0.0819033102 -0.99664028 0 0 0
1.849843 0.304465 2.910785 -0.0280002205 -0.999607872 0.000300002363 0 0
1.850594 0.304465 2.942011 -0.0282000372 -0.999601319 0.00140000185 0 0
1.847557 0.304564 2.910785 -0.0823005823 -0.996607051 0.00100000708 0 0
1.848317 0.304564 2.942034 -0.083003331 -0.996539992 0.00430017257 0 0
1.849843 0.304465 2.878445 -0.0278003753 -0.999613495 0 0 0
1.847557 0.304564 2.878445 -0.0819033102 -0.99664028 0 0 0
1.852846 0.304465 2.971009 -0.0286994613 -0.999581238 0.00369993055 0 0
1.855544 0.304431 2.9709 -0.000399999966 -0.999999915 9.99999915e-05 0 0
1.85735 0.304465 2.996662 -0.0290014198 -0.999548934 0.00780038188 0 0
1.859981 0.304431 2.996391 -0.000599999865 -0.999999775 0.000299999933 0 0
1.850598 0.304564 2.971099 -0.0840998074 -0.996397718 0.010899975 0 0
1.855158 0.304564 2.996889 -0.0850015037 -0.996117621 0.0229004051 0 0
1.858243 0.304465 2.970791 0.0277002907 -0.999610491 -0.00340003568 0 0
1.860491 0.304564 2.970701 0.0817998855 -0.996598605 -0.009999986 0 0
1.862612 0.304465 2.996119 0.0273000758 -0.999602774 -0.00700001943 0 0
1.864804 0.304564 2.995893 0.0809004166 -0.996505132 -0.0208001071 0 0
1.900372 0.315327 3.064654 0.654712476 0.0634012081 0.753214353 0 0
1.902092 0.315627 3.063088 0.640831113 0.303514736 0.705134235 0 0
1.900351 0.315638 3.064628 0.628280103 0.286590924 0.723277094 0 0
1.902308 0.315325 3.062941 0.670706509 0.07110069 0.738307165 0 0
1.903519 0.315616 3.061769 0.639729182 0.391817873 0.661230163 0 0
1.903892 0.315322 3.061476 0.697701472 0.109300231 0.708001494 0 0
1.901922 0.315749 3.063155 0.513927211 0.64273403 0.56813008 0 0
1.900308 0.315769 3.064578 0.499621781 0.647328221 0.575625095 0 0
1.903015 0.315709 3.062163 0.531502761 0.635003299 0.560602912 0 0
1.90238 0.314713 3.062891 0.671206387 0.00970009229 0.741207053 0 0
1.900379 0.314713 3.064662 0.656110048 0.00900013784 0.754611557 0 0
1.90238 0.313675 3.062891 0.670923798 0 0.741526302 0 0
1.900379 0.313675 3.064662 0.656136623 0 0.754642122 0 0
1.904016 0.314713 3.061379 0.699342612 0.0143008714 0.714643545 0 0
1.904016 0.313675 3.061379 0.697947595 0 0.716148836 0 0
1.898348 0.314713 3.066397 0.639944497 0.0102007093 0.768353425 0 0
1.898407 0.315325 3.066332 0.636736712 0.074804313 0.767444248 0 0
1.896622 0.314713 3.067802 0.605894144 0.0155998492 0.795392313 0 0
1.896736 0.315322 3.067692 0.598689742 0.117697983 0.792286424 0 0
1.898348 0.313675 3.066397 0.640420443 0 0.768024516 0 0
1.896622 0.313675 3.067802 0.607843511 0 0.794056841 0 0
1.898583 0.315627 3.066137 0.605802138 0.314301109 0.73090258 0 0
1.898673 0.315749 3.065975 0.485510541 0.650814129 0.583712673 0 0
1.897077 0.315616 3.067362 0.557333324 0.411324594 0.721243124 0 0
1.897537 0.315709 3.066916 0.470232887 0.652045602 0.594741595 0 0
1.846268 0.31533 2.942054 -0.738387322 0.67328844 0.0382993424 0 0
1.845271 0.314713 2.910785 -0.984315306 0.176002737 0.0121001882 0 0
1.846041 0.314713 2.942057 -0.983287837 0.174797838 0.0508993704 0 0
1.8455 0.31533 2.910785 -0.736393295 0.676493841 0.00899991806 0 0
1.845271 0.314713 2.878445 -0.984317989 0.176403224 0 0 0
1.8455 0.31533 2.878445 -0.734841784 0.678238566 0 0 0
1.845271 0.313675 2.910785 -0.999924348 0 0.0123002995 0 0
1.846041 0.313675 2.942057 -0.998657325 0 0.0518029736 0 0
1.845271 0.313675 2.878445 -1 0 0 0 0
1.846186 0.315648 2.910785 -0.266719008 0.963768685 0.0033002352 0 0
1.846951 0.315648 2.942048 -0.269102717 0.963009722 0.0140001413 0 0
1.846186 0.315648 2.878445 -0.265198319 0.964193887 0 0 0
1.849249 0.315648 2.971153 -0.272712489 0.96144403 0.0354016213 0 0
1.848574 0.31533 2.97118 -0.738906406 0.667105784 0.0948008219 0 0
1.853843 0.315648 2.997025 -0.274991826 0.958571507 0.0742977915 0 0
1.853185 0.31533 2.997092 -0.729290133 0.656391119 0.193097387 0 0
1.848349 0.314713 2.971189 -0.977098901 0.172199806 0.124999859 0 0
1.848349 0.313675 2.971189 -0.991864839 0 0.127295487 0 0
1.852966 0.314713 2.997115 -0.953337248 0.167606549 0.251109811 0 0
1.852966 0.313675 2.997115 -0.966678303 0 0.255994254 0 0
1.860384 0.31533 2.941914 0.732709961 0.679609239 -0.035600484 0 0
1.858987 0.315648 2.910785 0.264402152 0.96440785 -0.00300002442 0 0
1.859701 0.315648 2.941921 0.263916573 0.964460565 -0.0128008039 0 0
1.859673 0.31533 2.910785 0.733806791 0.679306287 -0.00840007774 0 0
1.858987 0.315648 2.878445 0.265316861 0.964161274 0 0 0
1.859673 0.31533 2.878445 0.734887783 0.678188725 0 0 0
1.859902 0.314713 2.910785 0.984273612 0.176295274 -0.0111996997 0 0
1.860611 0.314713 2.941912 0.983287871 0.175697833 -0.0476994116 0 0
1.859902 0.313675 2.910785 0.999935013 0 -0.0114003992 0 0
1.860611 0.313675 2.941912 0.998827968 0 -0.0484013553 0 0
1.859902 0.314713 2.878445 0.984335348 0.176306331 0 0 0
1.859902 0.313675 2.878445 1 0 0 0 0
1.862739 0.314713 2.97061 0.977498133 0.173899668 -0.119399772 0 0
1.862515 0.31533 2.970619 0.729091404 0.678591999 -0.0890989495 0 0
1.866996 0.314713 2.995667 0.953618443 0.170603299 -0.248004796 0 0
1.866777 0.31533 2.995689 0.712884883 0.676385657 -0.185196073 0 0
1.862739 0.313675 2.97061 0.992675744 0 -0.120809218 0 0
1.866996 0.313675 2.995667 0.968164046 0 -0.250316559 0 0
1.86184 0.315648 2.970646 0.263296559 0.964187398 -0.0318995831 0 0
1.866119 0.315648 2.995757 0.259001502 0.963605589 -0.066200384 0 0
1.900379 0.310243 3.064662 0.656136623 0 0.754642122 0 0
1.90238 0.312095 3.062891 0.670923798 0 0.741526302 0 0
1.900379 0.312095 3.064662 0.656136623 0 0.754642122 0 0
1.90238 0.310243 3.062891 0.670923798 0 0.741526302 0 0
1.904016 0.312095 3.061379 0.697947595 0 0.716148836 0 0
1.904016 0.310243 3.061379 0.697947595 0 0.716148836 0 0
1.90238 0.308385 3.062891 0.670923798 0 0.741526302 0 0
1.900379 0.308385 3.064662 0.656136623 0 0.754642122 0 0
1.90238 0.30679 3.062891 0.670923798 0 0.741526302 0 0
1.900379 0.30679 3.064662 0.656136623 0 0.754642122 0 0
1.904016 0.308385 3.061379 0.697947595 0 0.716148836 0 0
1.904016 0.30679 3.061379 0.697947595 0 0.716148836 0 0
1.898348 0.308385 3.066397 0.640420443 0 0.768024516 0 0
1.898348 0.310243 3.066397 0.640420443 0 0.768024516 0 0
1.896622 0.308385 3.067802 0.607843511 0 0.794056841 0 0
1.896622 0.310243 3.067802 0.607906562 0 0.794008571 0 0
1.898348 0.30679 3.066397 0.640420443 0 0.768024516 0 0
1.896622 0.30679 3.067802 0.607843511 0 0.794056841 0 0
1.898348 0.312095 3.066397 0.640420443 0 0.768024516 0 0
1.896622 0.312095 3.067802 0.607843511 0 0.794056841 0 0
1.900372 0.305082 3.064654 0.654923637 -0.0585021114 0.753427192 0 0
1.90238 0.305727 3.062891 0.671208937 -0.00930012383 0.741209869 0 0
1.900379 0.305727 3.064662 0.656112358 -0.00860016199 0.754614213 0 0
1.902308 0.305086 3.062941 0.670924482 -0.0655023902 0.738626953 0 0
1.904016 0.305727 3.061379 0.699298507 -0.0136999708 0.714698474 0 0
1.903892 0.305089 3.061476 0.698220678 -0.100302971 0.708820992 0 0
1.902092 0.304756 3.063088 0.648200091 -0.266800037 0.7132001 0 0
1.900351 0.304743 3.064628 0.634724434 -0.251609686 0.730628126 0 0
1.901922 0.304611 3.063155 0.544117447 -0.585518775 0.600919269 0 0
1.900308 0.304588 3.064578 0.528821003 -0.590823465 0.6093242 0 0
1.903519 0.304769 3.061769 0.651776181 -0.350087206 0.672775414 0 0
1.903015 0.304659 3.062163 0.563013721 -0.575114016 0.593514464 0 0
1.898583 0.304756 3.066137 0.613128661 -0.276712935 0.739934589 0 0
1.898407 0.305086 3.066332 0.637038383 -0.0689041516 0.767746258 0 0
1.897077 0.304769 3.067362 0.567634181 -0.369022221 0.735944316 0 0
1.896736 0.305089 3.067692 0.599435991 -0.108406509 0.793047616 0 0
1.898673 0.304611 3.065975 0.514014022 -0.594016205 0.618816882 0 0
1.897537 0.304659 3.066916 0.499295561 -0.592694731 0.631994382 0 0
1.898348 0.305727 3.066397 0.640006102 -0.00980009344 0.768307326 0 0
1.896622 0.305727 3.067802 0.605900612 -0.014900015 0.795400803 0 0
1.846268 0.305079 2.942054 -0.755213466 -0.654311666 0.0391006972 0 0
1.846186 0.30473 2.910785 -0.292699314 -0.956197758 0.00359999156 0 0
1.846951 0.30473 2.942048 -0.295203204 -0.95531037 0.0154001672 0 0
1.8455 0.305079 2.910785 -0.753399077 -0.657499195 0.00919998873 0 0
1.846186 0.30473 2.878445 -0.291217328 -0.956656923 0 0 0
1.8455 0.305079 2.878445 -0.751938256 -0.659233539 0 0 0
1.845271 0.305727 2.910785 -0.985626602 -0.168504548 0.0121003266 0 0
1.846041 0.305727 2.942057 -0.984586487 -0.167297704 0.0509993 0 0
1.845271 0.30679 2.910785 -0.999924348 0 0.0123002995 0 0
1.846041 0.30679 2.942057 -0.998657325 0 0.0518029736 0 0
1.845271 0.305727 2.878445 -0.985648889 -0.168808373 0 0 0
1.845271 0.30679 2.878445 -1 0 0 0 0
1.848349 0.305727 2.971189 -0.978358733 -0.164809894 0.12510751 0 0
1.848574 0.305079 2.97118 -0.755436488 -0.648031301 0.0968046758 0 0
1.852966 0.305727 2.997115 -0.954475823 -0.160395937 0.25149363 0 0
1.853185 0.305079 2.997092 -0.745038277 -0.637232739 0.197110127 0 0
1.848349 0.30679 2.971189 -0.991864839 0 0.127295487 0 0
1.852966 0.30679 2.997115 -0.966678303 0 0.255994254 0 0
1.849249 0.30473 2.971153 -0.29889867 -0.953495757 0.0387998273 0 0
1.853843 0.30473 2.997024 -0.301105885 -0.95011857 0.0813015891 0 0
1.846041 0.310243 2.942057 -0.998657325 0 0.0518029736 0 0
1.845271 0.308385 2.910785 -0.999924348 0 0.0123002995 0 0
1.846041 0.308385 2.942057 -0.998657325 0 0.0518029736 0 0
1.845271 0.310243 2.910785 -0.999924348 0 0.0123002995 0 0
1.845271 0.308385 2.878445 -1 0 0 0 0
1.845271 0.310243 2.878445 -1 0 0 0 0
1.845271 0.312095 2.910785 -0.999924348 0 0.0123002995 0 0
1.846041 0.312095 2.942057 -0.998657325 0 0.0518029736 0 0
1.845271 0.312095 2.878445 -1 0 0 0 0
1.848349 0.312095 2.971189 -0.991864839 0 0.127295487 0 0
1.848349 0.310243 2.971189 -0.991864839 0 0.127295487 0 0
1.852966 0.312095 2.997115 -0.966678303 0 0.255994254 0 0
1.852966 0.310243 2.997115 -0.966678303 0 0.255994254 0 0
1.848349 0.308385 2.971189 -0.991864839 0 0.127295487 0 0
1.852966 0.308385 2.997115 -0.966678303 0 0.255994254 0 0
1.860611 0.310243 2.941912 0.998827968 0 -0.0484013553 0 0
1.859902 0.312095 2.910785 0.999935013 0 -0.0114003992 0 0
1.860611 0.312095 2.941912 0.998827968 0 -0.0484013553 0 0
1.859902 0.310243 2.910785 0.999935013 0 -0.0114003992 0 0
1.859902 0.312095 2.878445 1 0 0 0 0
1.859902 0.310243 2.878445 1 0 0 0 0
1.859902 0.308385 2.910785 0.999935013 0 -0.0114003992 0 0
1.860611 0.308385 2.941912 0.998827968 0 -0.0484013553 0 0
1.859902 0.30679 2.910785 0.999935013 0 -0.0114003992 0 0
1.860611 0.30679 2.941912 0.998827968 0 -0.0484013553 0 0
1.859902 0.308385 2.878445 1 0 0 0 0
1.859902 0.30679 2.878445 1 0 0 0 0
1.862739 0.308385 2.97061 0.992675744 0 -0.120809218 0 0
1.862739 0.310243 2.97061 0.992675744 0 -0.120809218 0 0
1.866996 0.308385 2.995667 0.968164046 0 -0.250316559 0 0
1.866996 0.310243 2.995667 0.968164046 0 -0.250316559 0 0
1.862739 0.30679 2.97061 0.992675744 0 -0.120809218 0 0
1.866996 0.30679 2.995667 0.968164046 0 -0.250316559 0 0
1.862739 0.312095 2.97061 0.992675744 0 -0.120809218 0 0
1.866996 0.312095 2.995667 0.968164046 0 -0.250316559 0 0
1.860384 0.305079 2.941914 0.750017581 -0.66041548 -0.0364008532 0 0
1.859902 0.305727 2.910785 0.985587069 -0.168797785 -0.0111998531 0 0
1.860611 0.305727 2.941912 0.984610038 -0.168101714 -0.0478004873 0 0
1.859673 0.305079 2.910785 0.751022907 -0.660220137 -0.00860026231 0 0
1.859902 0.305727 2.878445 0.98566837 -0.168694587 0 0 0
1.859673 0.305079 2.878445 0.752031281 -0.659127417 0 0 0
1.858987 0.30473 2.910785 0.290308333 -0.956927469 -0.00330009473 0 0
1.859701 0.30473 2.941921 0.289795792 -0.956986105 -0.0139997967 0 0
1.858987 0.30473 2.878445 0.291217328 -0.956656923 0 0 0
1.86184 0.30473 2.970646 0.289298545 -0.956595188 -0.0350998234 0 0
1.862515 0.305079 2.970619 0.746409315 -0.659208227 -0.0912011382 0 0
1.866119 0.30473 2.995757 0.284621256 -0.955871387 -0.0728054373 0 0
1.866777 0.305079 2.995689 0.73004441 -0.656539939 -0.189711541 0 0
1.862739 0.305727 2.97061 0.978779172 -0.166396459 -0.119597455 0 0
1.866996 0.305727 2.995667 0.954857045 -0.16320975 -0.248214829 0 0
1.876257 0.315902 3.033944 -0.000299999973 0.99999991 0.000299999973 0 0
1.869894 0.315874 3.016772 0.022699848 0.999693307 -0.00989993372 0 0
1.867376 0.315902 3.017315 -0.000499999915 0.99999983 0.000299999949 0 0
1.878639 0.315874 3.033075 0.0215995298 0.999678237 -0.0132997105 0 0
1.871992 0.315789 3.01632 0.0672004203 0.997306238 -0.0294001839 0 0
1.880625 0.315789 3.032351 0.0636991789 0.997187146 -0.0394994909 0 0
1.8874 0.315874 3.045352 0.0199995655 0.999678282 -0.0155996611 0 0
1.885153 0.315902 3.046549 -0.000199999992 0.99999996 0.000199999992 0 0
1.894726 0.315874 3.05393 0.0190996766 0.999683076 -0.0163997224 0 0
1.892593 0.315902 3.055399 0 1 0 0 0
1.889272 0.315789 3.044356 0.0589987669 0.997179159 -0.0463990303 0 0
1.896504 0.315789 3.052706 0.0562017431 0.99723093 -0.0487015105 0 0
1.882906 0.315874 3.047745 -0.0207012598 0.999660836 0.0158009616 0 0
1.873874 0.315874 3.034813 -0.0225011294 0.999650174 0.0139006977 0 0
1.881034 0.315789 3.048741 -0.0611040507 0.997066098 0.0461030563 0 0
1.871889 0.315789 3.035538 -0.0662052831 0.996979557 0.0406032401 0 0
1.890459 0.315874 3.056868 -0.0193996852 0.99968378 0.0159997404 0 0
1.888681 0.315789 3.058093 -0.0574030757 0.997253434 0.0468025077 0 0
1.864858 0.315874 3.017858 -0.0239013641 0.999657052 0.0107006107 0 0
1.86276 0.315789 3.018311 -0.070202923 0.997041513 0.0313013033 0 0
1.899412 0.315889 3.063512 0.0113005389 0.999847684 0.0133006343 0 0
1.89917 0.315874 3.059132 0.0200998558 0.999692827 -0.014499896 0 0
1.897105 0.315902 3.060767 0.00109999826 0.999998415 0.00139999778 0 0
1.901375 0.315861 3.061847 0.0320994808 0.999483833 -0.00129997897 0 0
1.90089 0.315789 3.05777 0.0572014478 0.997325243 -0.0455011516 0 0
1.903012 0.315779 3.060459 0.0764029091 0.996737952 -0.02600099 0 0
1.901988 0.315824 3.062965 0.253298164 0.934393226 0.250498184 0 0
1.900238 0.315849 3.064494 0.214314109 0.944962209 0.247216275 0 0
1.903449 0.315749 3.061687 0.34051801 0.893447256 0.292915493 0 0
1.898476 0.315824 3.066009 0.205213535 0.938161879 0.27881839 0 0
1.897446 0.315861 3.065173 -0.00720006358 0.999508826 0.0305002693 0 0
1.897003 0.315749 3.067273 0.229201666 0.901906557 0.366102662 0 0
1.895807 0.315779 3.066557 -0.0399021049 0.996852585 0.0685036137 0 0
1.89504 0.315874 3.062402 -0.0177998556 0.999691893 0.0172998597 0 0
1.893319 0.315789 3.063764 -0.0548012909 0.997323492 0.0484011401 0 0
1.899412 0.304447 3.063512 0.0133998252 -0.999786958 0.0156997952 0 0
1.901988 0.304524 3.062965 0.282494801 -0.917983105 0.278394876 0 0
1.900238 0.304494 3.064494 0.240611351 -0.930043876 0.277713101 0 0
1.901375 0.304479 3.061847 0.0378992581 -0.999280439 -0.00149997064 0 0
1.903449 0.304611 3.061687 0.371811437 -0.873226861 0.31500969 0 0
1.903012 0.304576 3.060459 0.0899974527 -0.995471824 -0.0305991339 0 0
1.89917 0.304465 3.059132 0.0237017261 -0.999572797 -0.0171012454 0 0
1.897105 0.304431 3.060767 0.00129999724 -0.999997875 0.0015999966 0 0
1.894726 0.304465 3.05393 0.0226013166 -0.999558226 -0.0193011243 0 0
1.892593 0.304431 3.055399 0 -1 0 0 0
1.90089 0.304564 3.05777 0.0673986473 -0.996280005 -0.0536989223 0 0
1.896504 0.304564 3.052706 0.0662035615 -0.99615359 -0.0574030881 0 0
1.89504 0.304465 3.062402 -0.0210014974 -0.999571267 0.0204014546 0 0
1.897446 0.304479 3.065173 -0.00850013286 -0.999315619 0.0360005627 0 0
1.893319 0.304564 3.063764 -0.0644992602 -0.996288573 0.0569993462 0 0
1.895807 0.304576 3.066557 -0.0470017692 -0.995637476 0.080603034 0 0
1.890459 0.304465 3.056868 -0.0229013527 -0.999559041 0.0189011164 0 0
1.888681 0.304564 3.058093 -0.0675989441 -0.99618444 0.0551991378 0 0
1.898476 0.304524 3.066009 0.228404484 -0.922318105 0.311706119 0 0
1.897003 0.304611 3.067273 0.246507845 -0.882328081 0.400912759 0 0
1.876257 0.304431 3.033944 -0.00039999995 -0.999999875 0.000299999963 0 0
1.8874 0.304465 3.045352 0.02360123 -0.999552093 -0.018400959 0 0
1.885153 0.304431 3.046549 -0.000199999992 -0.99999996 0.000199999992 0 0
1.878639 0.304465 3.033075 0.0255013135 -0.999551483 -0.0157008087 0 0
1.889272 0.304564 3.044356 0.0694986952 -0.996081299 -0.054698973 0 0
1.880625 0.304564 3.032351 0.0750989944 -0.996086662 -0.046599376 0 0
1.869894 0.304465 3.016772 0.0268019381 -0.999572282 -0.0117008461 0 0
1.867376 0.304431 3.017315 -0.000499999898 -0.999999795 0.000399999918 0 0
1.871992 0.304564 3.01632 0.07920431 -0.996254213 -0.0347018884 0 0
1.864858 0.304465 3.017858 -0.0282006451 -0.999522864 0.0126002882 0 0
1.873874 0.304465 3.034813 -0.026600309 -0.999511609 0.0164001905 0 0
1.86276 0.304564 3.018311 -0.0826992677 -0.995891181 0.0368996733 0 0
1.871889 0.304564 3.035538 -0.0780005273 -0.995806732 0.0478003231 0 0
1.882906 0.304465 3.047745 -0.0245006559 -0.999526758 0.0186004979 0 0
1.881034 0.304564 3.048741 -0.0720014339 -0.995919834 0.0544010834 0 0
1.894333 0.315329 3.067813 -0.458193604 0.633791152 0.6231913 0 0
1.895537 0.314713 3.068583 0.0600007938 0.104501383 0.992713134 0 0
1.895683 0.315325 3.068449 0.0859004286 0.496102476 0.864004311 0 0
1.894169 0.314713 3.067953 -0.587523263 0.159006296 0.793431417 0 0
1.895537 0.313675 3.068583 0.0958991384 0 0.995391056 0 0
1.894169 0.313675 3.067953 -0.590873692 0 0.80676408 0 0
1.891599 0.314713 3.065127 -0.748408562 0.168001922 0.64160734 0 0
1.891771 0.31533 3.064991 -0.568802525 0.66220294 0.487802166 0 0
1.886903 0.314713 3.059317 -0.76682024 0.166404392 0.619916363 0 0
1.887081 0.31533 3.059195 -0.583019182 0.661421761 0.471815523 0 0
1.891599 0.313675 3.065127 -0.759087168 0 0.650988995 0 0
1.886903 0.313675 3.059317 -0.777717402 0 0.628614065 0 0
1.892287 0.315648 3.064582 -0.211209977 0.960345363 0.182008597 0 0
1.894824 0.315643 3.067393 -0.173708601 0.952847181 0.24881232 0 0
1.887614 0.315648 3.058827 -0.217701213 0.959905347 0.176600984 0 0
1.896122 0.315627 3.06805 0.253506148 0.758918404 0.599814546 0 0
1.870102 0.31533 3.03619 -0.652700724 0.646800718 0.394500438 0 0
1.879161 0.314713 3.049738 -0.791246903 0.162409627 0.589534946 0 0
1.879348 0.31533 3.049638 -0.608446676 0.650949936 0.453934823 0 0
1.869903 0.314713 3.036262 -0.845095331 0.16099911 0.509797183 0 0
1.879161 0.313675 3.049738 -0.801581175 0 0.597885959 0 0
1.869903 0.313675 3.036262 -0.855687704 0 0.517492564 0 0
1.860661 0.314713 3.018764 -0.903945691 0.163108245 0.395319982 0 0
1.860871 0.31533 3.018718 -0.696467232 0.649269453 0.305585623 0 0
1.860661 0.313675 3.018764 -0.915633256 0 0.402014601 0 0
1.861501 0.315648 3.018583 -0.266496277 0.956486638 0.11879834 0 0
1.870697 0.315648 3.035973 -0.250715749 0.955860044 0.153209624 0 0
1.87991 0.315648 3.049339 -0.231699849 0.957099378 0.173999887 0 0
1.882412 0.31533 3.031698 0.634943625 0.660745398 -0.400327505 0 0
1.87409 0.314713 3.015867 0.90121537 0.165302819 -0.400606832 0 0
1.87388 0.31533 3.015912 0.681132443 0.666831762 -0.3023144 0 0
1.88261 0.314713 3.031626 0.834115235 0.162502968 -0.527109628 0 0
1.87409 0.313675 3.015867 0.914441402 0 -0.404718324 0 0
1.88261 0.313675 3.031626 0.846037391 0 -0.533123562 0 0
1.891145 0.314713 3.043359 0.769885904 0.163097014 -0.616988703 0 0
1.890958 0.31533 3.043459 0.586814409 0.659916204 -0.469211522 0 0
1.898282 0.314713 3.051481 0.740913674 0.16580306 -0.650812011 0 0
1.898104 0.31533 3.051604 0.564313865 0.660616232 -0.495112165 0 0
1.891145 0.313675 3.043359 0.780751715 0 -0.624841388 0 0
1.898282 0.313675 3.051481 0.751187436 0 -0.66008896 0 0
1.890396 0.315648 3.043758 0.221308275 0.95933587 -0.175206551 0 0
1.881816 0.315648 3.031916 0.238901513 0.959606079 -0.148600941 0 0
1.897571 0.315648 3.051971 0.211892599 0.959566483 -0.185293528 0 0
1.873251 0.315648 3.016048 0.252706205 0.961223603 -0.110402711 0 0
1.904493 0.315329 3.059212 0.704047803 0.629542744 -0.328622313 0 0
1.902611 0.314713 3.056407 0.76169888 0.167899753 -0.62579908 0 0
1.902439 0.31533 3.056543 0.579401472 0.66160168 -0.476001209 0 0
1.904658 0.314713 3.059074 0.893094722 0.157499069 -0.42139751 0 0
1.902611 0.313675 3.056407 0.772645665 0 -0.63483752 0 0
1.904658 0.313675 3.059074 0.907105796 0 -0.42090269 0 0
1.904951 0.314713 3.060419 0.965608034 0.100000832 0.240001997 0 0
1.904799 0.315325 3.060545 0.839414136 0.488608228 0.238004008 0 0
1.904951 0.313675 3.060419 0.961353943 0 0.275315448 0 0
1.904342 0.315627 3.060924 0.560033043 0.750244266 0.351420734 0 0
1.903997 0.315643 3.059628 0.282997456 0.951291448 -0.122298901 0 0
1.901923 0.315648 3.056952 0.2161025 0.96021111 -0.176902047 0 0
1.894169 0.310243 3.067953 -0.590921362 0 0.806729164 0 0
1.895537 0.308385 3.068583 0.0958991384 0 0.995391056 0 0
1.895537 0.310243 3.068583 0.0958991384 0 0.995391056 0 0
1.894169 0.308385 3.067953 -0.590873692 0 0.80676408 0 0
1.895537 0.30679 3.068583 0.0958991384 0 0.995391056 0 0
1.894169 0.30679 3.067953 -0.590873692 0 0.80676408 0 0
1.891599 0.308385 3.065127 -0.759087168 0 0.650988995 0 0
1.891599 0.310243 3.065127 -0.759087168 0 0.650988995 0 0
1.886903 0.308385 3.059317 -0.777717402 0 0.628614065 0 0
1.886903 0.310243 3.059317 -0.777717402 0 0.628614065 0 0
1.891599 0.30679 3.065127 -0.759087168 0 0.650988995 0 0
1.886903 0.30679 3.059317 -0.777717402 0 0.628614065 0 0
1.891599 0.312095 3.065127 -0.759087168 0 0.650988995 0 0
1.894169 0.312095 3.067953 -0.590921362 0 0.806729164 0 0
1.886903 0.312095 3.059317 -0.777717402 0 0.628614065 0 0
1.895537 0.312095 3.068583 0.0958000575 0 0.995400597 0 0
1.869903 0.310243 3.036262 -0.855687704 0 0.517492564 0 0
1.879161 0.308385 3.049738 -0.801581175 0 0.597885959 0 0
1.879161 0.310243 3.049738 -0.801581175 0 0.597885959 0 0
1.869903 0.308385 3.036262 -0.855687704 0 0.517492564 0 0
1.879161 0.30679 3.049738 -0.801581175 0 0.597885959 0 0
1.869903 0.30679 3.036262 -0.855687704 0 0.517492564 0 0
1.860661 0.308385 3.018764 -0.915633256 0 0.402014601 0 0
1.860661 0.310243 3.018764 -0.915633256 0 0.402014601 0 0
1.860661 0.30679 3.018764 -0.915633256 0 0.402014601 0 0
1.860661 0.312095 3.018764 -0.915633256 0 0.402014601 0 0
1.869903 0.312095 3.036262 -0.855687704 0 0.517492564 0 0
1.879161 0.312095 3.049738 -0.801581175 0 0.597885959 0 0
1.894333 0.305081 3.067813 -0.467285657 -0.615281114 0.634880513 0 0
1.896122 0.304756 3.06805 0.2471942 -0.746482484 0.617785504 0 0
1.895683 0.305086 3.068449 0.0819017114 -0.478209992 0.874418271 0 0
1.894824 0.304737 3.067393 -0.189400806 -0.943704015 0.271201154 0 0
1.892287 0.30473 3.064582 -0.231513091 -0.952153841 0.199511282 0 0
1.891771 0.305079 3.064991 -0.581423406 -0.642825877 0.498720076 0 0
1.887614 0.30473 3.058827 -0.238695233 -0.951580997 0.193696132 0 0
1.887081 0.305079 3.059195 -0.596114244 -0.641815336 0.482411527 0 0
1.891599 0.305727 3.065127 -0.749305661 -0.160801215 0.642404853 0 0
1.894169 0.305727 3.067953 -0.587931438 -0.152308144 0.79444248 0 0
1.886903 0.305727 3.059317 -0.767709051 -0.159201877 0.620707318 0 0
1.895537 0.305727 3.068583 0.0613022848 -0.0996037123 0.993137015 0 0
1.870102 0.305079 3.03619 -0.666702954 -0.627102778 0.402801784 0 0
1.87991 0.30473 3.049339 -0.253802845 -0.948310631 0.190502136 0 0
1.879348 0.305079 3.049638 -0.621718024 -0.631218299 0.463713443 0 0
1.870697 0.30473 3.035973 -0.274399351 -0.946897761 0.167599604 0 0
1.861501 0.30473 3.018583 -0.291713323 -0.94764328 0.129905933 0 0
1.860871 0.305079 3.018718 -0.711437828 -0.629733484 0.311916585 0 0
1.860661 0.305727 3.018764 -0.904937637 -0.156006488 0.395916467 0 0
1.869903 0.305727 3.036262 -0.845982129 -0.153996747 0.510489216 0 0
1.879161 0.305727 3.049738 -0.792136594 -0.155407179 0.590227266 0 0
1.88261 0.310243 3.031626 0.846037391 0 -0.533123562 0 0
1.87409 0.308385 3.015867 0.914441402 0 -0.404718324 0 0
1.87409 0.310243 3.015867 0.914441402 0 -0.404718324 0 0
1.88261 0.308385 3.031626 0.846037391 0 -0.533123562 0 0
1.87409 0.30679 3.015867 0.914441402 0 -0.404718324 0 0
1.88261 0.30679 3.031626 0.846037391 0 -0.533123562 0 0
1.891145 0.308385 3.043359 0.780751715 0 -0.624841388 0 0
1.891145 0.310243 3.043359 0.780751715 0 -0.624841388 0 0
1.898282 0.308385 3.051481 0.751187436 0 -0.66008896 0 0
1.898282 0.310243 3.051481 0.751187436 0 -0.66008896 0 0
1.891145 0.30679 3.043359 0.780751715 0 -0.624841388 0 0
1.898282 0.30679 3.051481 0.751187436 0 -0.66008896 0 0
1.891145 0.312095 3.043359 0.780790756 0 -0.624792602 0 0
1.88261 0.312095 3.031626 0.846037391 0 -0.533123562 0 0
1.898282 0.312095 3.051481 0.751187436 0 -0.66008896 0 0
1.87409 0.312095 3.015867 0.914441402 0 -0.404718324 0 0
1.904658 0.310243 3.059074 0.907105796 0 -0.42090269 0 0
1.902611 0.308385 3.056407 0.772645665 0 -0.63483752 0 0
1.902611 0.310243 3.056407 0.772645665 0 -0.63483752 0 0
1.904658 0.308385 3.059074 0.907105796 0 -0.42090269 0 0
1.902611 0.30679 3.056407 0.772645665 0 -0.63483752 0 0
1.904658 0.30679 3.059074 0.907105796 0 -0.42090269 0 0
1.904951 0.308385 3.060419 0.96132747 0 0.27540787 0 0
1.904951 0.310243 3.060419 0.96132747 0 0.27540787 0 0
1.904951 0.30679 3.060419 0.961353943 0 0.275315448 0 0
1.904951 0.312095 3.060419 0.961353943 0 0.275315448 0 0
1.904658 0.312095 3.059074 0.907105796 0 -0.42090269 0 0
1.902611 0.312095 3.056407 0.772645665 0 -0.63483752 0 0
1.882412 0.305079 3.031698 0.649517995 -0.640517746 -0.409711351 0 0
1.873251 0.30473 3.016048 0.277417554 -0.953060307 -0.121307676 0 0
1.87388 0.305079 3.015912 0.697114099 -0.64671308 -0.30950626 0 0
1.881816 0.30473 3.031916 0.262110241 -0.951137162 -0.163206377 0 0
1.890396 0.30473 3.043758 0.242711745 -0.950846013 -0.192309306 0 0
1.890958 0.305079 3.043459 0.600204778 -0.639805093 -0.480003821 0 0
1.897571 0.30473 3.051971 0.232300657 -0.951202692 -0.203100575 0 0
1.898104 0.305079 3.051604 0.577023009 -0.640925557 -0.506220186 0 0
1.891145 0.305727 3.043359 0.770791548 -0.155998289 -0.617693227 0 0
1.88261 0.305727 3.031626 0.835096468 -0.155399343 -0.527697768 0 0
1.898282 0.305727 3.051481 0.741786837 -0.158697184 -0.651588438 0 0
1.87409 0.305727 3.015867 0.902290025 -0.158098252 -0.401095566 0 0
1.904493 0.305081 3.059212 0.71703472 -0.611029587 -0.335416241 0 0
1.901923 0.30473 3.056952 0.236802907 -0.952011686 -0.19390238 0 0
1.902439 0.305079 3.056543 0.592220023 -0.642321717 -0.486516449 0 0
1.903997 0.304737 3.059628 0.308202296 -0.941907017 -0.133500995 0 0
1.904342 0.304756 3.060924 0.578514156 -0.737518047 0.348408526 0 0
1.904799 0.305086 3.060545 0.850395297 -0.470297399 0.235898695 0 0
1.904951 0.305727 3.060419 0.965755885 -0.095305515 0.241313964 0 0
1.904658 0.305727 3.059074 0.89413032 -0.150905117 -0.421614297 0 0
1.902611 0.305727 3.056407 0.762608129 -0.160601712 -0.62660668 0 0
1.853326 0.315902 2.814906 -0.000199999996 0.99999998 0 0 0
1.849843 0.315874 2.846104 -0.0237004519 0.99971906 -0.00030000572 0 0
1.852587 0.315902 2.846104 -9.99999995e-05 0.999999995 0 0 0
1.850594 0.315874 2.814878 -0.0239003258 0.999713626 -0.00120001636 0 0
1.847557 0.315789 2.846104 -0.0699037375 0.997553336 -0.000900048122 0 0
1.848317 0.315789 2.814856 -0.0705003715 0.997505257 -0.00360001897 0 0
1.852846 0.315874 2.785881 -0.0242999977 0.999699905 -0.00309999971 0 0
1.855544 0.315902 2.78599 -0.000299999985 0.99999995 -9.9999995e-05 0 0
1.85735 0.315874 2.760227 -0.0245993997 0.999675603 -0.00659983893 0 0
1.859981 0.315902 2.760499 -0.000499999928 0.999999855 -0.000199999971 0 0
1.850598 0.315789 2.785791 -0.0714003799 0.997405306 -0.00920004894 0 0
1.855158 0.315789 2.760001 -0.0721006269 0.997208671 -0.0194001687 0 0
1.858243 0.315874 2.786098 0.0235004612 0.99971962 0.00290005691 0 0
1.856058 0.315874 2.814933 0.0235005458 0.999723219 0.00110002555 0 0
1.860491 0.315789 2.786189 0.0694036486 0.997552443 0.00850044688 0 0
1.858335 0.315789 2.814955 0.0693988313 0.997583201 0.00339994275 0 0
1.862612 0.315874 2.760771 0.0232002978 0.999712831 0.00600007701 0 0
1.864804 0.315789 2.760997 0.0686987737 0.997482195 0.0175996858 0 0
1.85533 0.315874 2.846104 0.0235005596 0.999723804 0.000200004762 0 0
1.857616 0.315789 2.846104 0.0693992102 0.997588648 0.000799990896 0 0
1.853326 0.304431 2.814906 -0.000199999996 -0.99999998 0 0 0
1.85533 0.304465 2.846104 0.0277004496 -0.999616224 0.000300004869 0 0
1.852587 0.304431 2.846104 -9.99999995e-05 -0.999999995 0 0 0
1.856058 0.304465 2.814933 0.0277004274 -0.999615424 0.00130002006 0 0
1.857616 0.304564 2.846104 0.0817046058 -0.996656183 0.000900050737 0 0
1.858335 0.304564 2.814955 0.0817039852 -0.996648613 0.00400019511 0 0
1.858243 0.304465 2.786098 0.0277002907 -0.999610491 0.00340003568 0 0
1.855544 0.304431 2.78599 -0.000399999966 -0.999999915 -9.99999915e-05 0 0
1.862612 0.304465 2.760771 0.0273000758 -0.999602774 0.00700001943 0 0
1.859981 0.304431 2.760499 -0.000599999865 -0.999999775 -0.000299999933 0 0
1.860491 0.304564 2.786189 0.0817998855 -0.996598605 0.009999986 0 0
1.864804 0.304564 2.760997 0.0809004166 -0.996505132 0.0208001071 0 0
1.852846 0.304465 2.785881 -0.0286994613 -0.999581238 -0.00369993055 0 0
1.850594 0.304465 2.814878 -0.0282000372 -0.999601319 -0.00140000185 0 0
1.850598 0.304564 2.785791 -0.0840998074 -0.996397718 -0.010899975 0 0
1.848317 0.304564 2.814856 -0.083003331 -0.996539992 -0.00430017257 0 0
1.85735 0.304465 2.760227 -0.0290014198 -0.999548934 -0.00780038188 0 0
1.855158 0.304564 2.760001 -0.0850015037 -0.996117621 -0.0229004051 0 0
1.849843 0.304465 2.846104 -0.0280002205 -0.999607872 -0.000300002363 0 0
1.847557 0.304564 2.846104 -0.0823005823 -0.996607051 -0.00100000708 0 0
1.900372 0.315327 2.692236 0.654712476 0.0634012081 -0.753214353 0 0
1.902092 0.315627 2.693802 0.640909492 0.303404493 -0.705110443 0 0
1.902308 0.315325 2.693949 0.670815805 0.0710016728 -0.738217393 0 0
1.900351 0.315638 2.692261 0.628298106 0.286499136 -0.723297819 0 0
1.901922 0.315749 2.693735 0.51393104 0.642638813 -0.56823432 0 0
1.900308 0.315769 2.692312 0.499593021 0.647290957 -0.575691958 0 0
1.903519 0.315616 2.695121 0.639838379 0.39162349 -0.661239662 0 0
1.903891 0.315322 2.695413 0.697758496 0.109209155 -0.707959351 0 0
1.903015 0.315709 2.694727 0.531608259 0.634909863 -0.560608709 0 0
1.898583 0.315627 2.690753 0.605821177 0.314210983 -0.73092555 0 0
1.898407 0.315325 2.690558 0.636697358 0.0745996904 -0.767496815 0 0
1.897077 0.315616 2.689528 0.557407899 0.411105825 -0.721310221 0 0
1.896736 0.315322 2.689198 0.598682692 0.117796595 -0.792277096 0 0
1.898673 0.315749 2.690915 0.485510541 0.650814129 -0.583712673 0 0
1.897537 0.315709 2.689974 0.470204918 0.65200682 -0.594806222 0 0
1.898348 0.314713 2.690493 0.639944497 0.0102007093 -0.768353425 0 0
1.900379 0.314713 2.692228 0.656110048 0.00900013784 -0.754611557 0 0
1.898348 0.313675 2.690493 0.640420443 0 -0.768024516 0 0
1.900379 0.313675 2.692228 0.656136623 0 -0.754642122 0 0
1.896622 0.314713 2.689088 0.605894144 0.0155998492 -0.795392313 0 0
1.896622 0.313675 2.689088 0.607843511 0 -0.794056841 0 0
1.90238 0.314713 2.693998 0.671255485 0.00980081012 -0.741161263 0 0
1.904016 0.314713 2.695511 0.699292633 0.0142998494 -0.714692471 0 0
1.90238 0.313675 2.693998 0.670923798 0 -0.741526302 0 0
1.904016 0.313675 2.695511 0.697947595 0 -0.716148836 0 0
1.846268 0.31533 2.814836 -0.738387322 0.67328844 -0.0382993424 0 0
1.845271 0.314713 2.846104 -0.984315306 0.176002737 -0.0121001882 0 0
1.8455 0.31533 2.846104 -0.736393295 0.676493841 -0.00899991806 0 0
1.846041 0.314713 2.814833 -0.983287837 0.174797838 -0.0508993704 0 0
1.845271 0.313675 2.846104 -0.999924348 0 -0.0123002995 0 0
1.846041 0.313675 2.814833 -0.998657325 0 -0.0518029736 0 0
1.848349 0.314713 2.7857 -0.977098901 0.172199806 -0.124999859 0 0
1.848574 0.31533 2.785709 -0.738906406 0.667105784 -0.0948008219 0 0
1.852966 0.314713 2.759775 -0.953337248 0.167606549 -0.251109811 0 0
1.853185 0.31533 2.759798 -0.729338003 0.656334199 -0.193110062 0 0
1.848349 0.313675 2.7857 -0.991864839 0 -0.127295487 0 0
1.852966 0.313675 2.759775 -0.966678303 0 -0.255994254 0 0
1.849249 0.315648 2.785737 -0.272712489 0.96144403 -0.0354016213 0 0
1.846951 0.315648 2.814842 -0.269102717 0.963009722 -0.0140001413 0 0
1.853843 0.315648 2.759865 -0.275018188 0.958563392 -0.0743049139 0 0
1.846186 0.315648 2.846104 -0.266719008 0.963768685 -0.0033002352 0 0
1.860384 0.31533 2.814976 0.732709961 0.679609239 0.035600484 0 0
1.858987 0.315648 2.846104 0.264402152 0.96440785 0.00300002442 0 0
1.859673 0.31533 2.846104 0.733806791 0.679306287 0.00840007774 0 0
1.859701 0.315648 2.814969 0.263916573 0.964460565 0.0128008039 0 0
1.86184 0.315648 2.786243 0.263296559 0.964187398 0.0318995831 0 0
1.862515 0.31533 2.786271 0.729097897 0.678598042 0.0889997432 0 0
1.866119 0.315648 2.761133 0.259001502 0.963605589 0.066200384 0 0
1.866777 0.31533 2.761201 0.712898082 0.67639818 0.185099502 0 0
1.862739 0.314713 2.78628 0.97748113 0.173996641 0.119397695 0 0
1.860611 0.314713 2.814978 0.983287871 0.175697833 0.0476994116 0 0
1.862739 0.313675 2.78628 0.992675744 0 0.120809218 0 0
1.860611 0.313675 2.814978 0.998827968 0 0.0484013553 0 0
1.866996 0.314713 2.761223 0.953618443 0.170603299 0.248004796 0 0
1.866996 0.313675 2.761223 0.968164046 0 0.250316559 0 0
1.859902 0.314713 2.846104 0.984273612 0.176295274 0.0111996997 0 0
1.859902 0.313675 2.846104 0.999935013 0 0.0114003992 0 0
1.900379 0.310243 2.692228 0.656136623 0 -0.754642122 0 0
1.90238 0.312095 2.693998 0.670923798 0 -0.741526302 0 0
1.90238 0.310243 2.693998 0.670923798 0 -0.741526302 0 0
1.900379 0.312095 2.692228 0.656136623 0 -0.754642122 0 0
1.904016 0.312095 2.695511 0.697947595 0 -0.716148836 0 0
1.904016 0.310243 2.695511 0.697947595 0 -0.716148836 0 0
1.898348 0.312095 2.690493 0.640420443 0 -0.768024516 0 0
1.898348 0.310243 2.690493 0.640420443 0 -0.768024516 0 0
1.896622 0.312095 2.689088 0.607843511 0 -0.794056841 0 0
1.896622 0.310243 2.689088 0.607906562 0 -0.794008571 0 0
1.898348 0.308385 2.690493 0.640420443 0 -0.768024516 0 0
1.900379 0.308385 2.692228 0.656136623 0 -0.754642122 0 0
1.898348 0.30679 2.690493 0.640420443 0 -0.768024516 0 0
1.900379 0.30679 2.692228 0.656136623 0 -0.754642122 0 0
1.896622 0.308385 2.689088 0.607843511 0 -0.794056841 0 0
1.896622 0.30679 2.689088 0.607843511 0 -0.794056841 0 0
1.90238 0.308385 2.693998 0.670923798 0 -0.741526302 0 0
1.904016 0.308385 2.695511 0.697947595 0 -0.716148836 0 0
1.90238 0.30679 2.693998 0.670923798 0 -0.741526302 0 0
1.904016 0.30679 2.695511 0.697947595 0 -0.716148836 0 0
1.900372 0.305082 2.692236 0.654927465 -0.0584024492 -0.753431596 0 0
1.90238 0.305727 2.693998 0.671258691 -0.00930081321 -0.741164803 0 0
1.902308 0.305086 2.693949 0.670928874 -0.0654028147 -0.738631788 0 0
1.900379 0.305727 2.692228 0.656112358 -0.00860016199 -0.754614213 0 0
1.904016 0.305727 2.695511 0.699247404 -0.0137009288 -0.714748454 0 0
1.903891 0.305089 2.695414 0.698220678 -0.100302971 -0.708820992 0 0
1.898348 0.305727 2.690493 0.640006727 -0.00970010195 -0.768308075 0 0
1.898407 0.305086 2.690558 0.63704715 -0.0687050851 -0.767756824 0 0
1.896622 0.305727 2.689088 0.605948808 -0.0149012003 -0.795364065 0 0
1.896736 0.305089 2.689198 0.599513043 -0.108202354 -0.793017252 0 0
1.898583 0.304756 2.690753 0.613128661 -0.276712935 -0.739934589 0 0
1.900351 0.304743 2.692261 0.634724434 -0.251609686 -0.730628126 0 0
1.898673 0.304611 2.690915 0.514014022 -0.594016205 -0.618816882 0 0
1.900308 0.304588 2.692312 0.528716737 -0.590818703 -0.609419291 0 0
1.897077 0.304769 2.689528 0.567722905 -0.368914884 -0.735929692 0 0
1.897537 0.304659 2.689974 0.499295561 -0.592694731 -0.631994382 0 0
1.902092 0.304756 2.693802 0.648217382 -0.266707152 -0.713219125 0 0
1.903519 0.304769 2.695121 0.651798996 -0.349999461 -0.672798964 0 0
1.901922 0.304611 2.693735 0.54411828 -0.585619674 -0.600820185 0 0
1.903015 0.304659 2.694727 0.56298134 -0.575180936 -0.593480329 0 0
1.846268 0.305079 2.814836 -0.755213466 -0.654311666 -0.0391006972 0 0
1.846186 0.30473 2.846104 -0.292699314 -0.956197758 -0.00359999156 0 0
1.8455 0.305079 2.846104 -0.753399077 -0.657499195 -0.00919998873 0 0
1.846951 0.30473 2.814842 -0.295203204 -0.95531037 -0.0154001672 0 0
1.849249 0.30473 2.785737 -0.29889867 -0.953495757 -0.0387998273 0 0
1.848574 0.305079 2.785709 -0.755436488 -0.648031301 -0.0968046758 0 0
1.853843 0.30473 2.759866 -0.301105885 -0.95011857 -0.0813015891 0 0
1.853185 0.305079 2.759798 -0.744990799 -0.637292129 -0.197097566 0 0
1.848349 0.305727 2.7857 -0.978358733 -0.164809894 -0.12510751 0 0
1.846041 0.305727 2.814833 -0.984591503 -0.167298556 -0.0508995607 0 0
1.848349 0.30679 2.7857 -0.991864839 0 -0.127295487 0 0
1.846041 0.30679 2.814833 -0.998657325 0 -0.0518029736 0 0
1.852966 0.305727 2.759775 -0.954466925 -0.160411248 -0.251517636 0 0
1.852966 0.30679 2.759775 -0.966678303 0 -0.255994254 0 0
1.845271 0.305727 2.846104 -0.985626602 -0.168504548 -0.0121003266 0 0
1.845271 0.30679 2.846104 -0.999924348 0 -0.0123002995 0 0
1.846041 0.310243 2.814833 -0.998657325 0 -0.0518029736 0 0
1.845271 0.308385 2.846104 -0.999924348 0 -0.0123002995 0 0
1.845271 0.310243 2.846104 -0.999924348 0 -0.0123002995 0 0
1.846041 0.308385 2.814833 -0.998657325 0 -0.0518029736 0 0
1.848349 0.308385 2.7857 -0.991864839 0 -0.127295487 0 0
1.848349 0.310243 2.7857 -0.991864839 0 -0.127295487 0 0
1.852966 0.308385 2.759775 -0.966678303 0 -0.255994254 0 0
1.852966 0.310243 2.759775 -0.966678303 0 -0.255994254 0 0
1.848349 0.312095 2.7857 -0.991864839 0 -0.127295487 0 0
1.846041 0.312095 2.814833 -0.998657325 0 -0.0518029736 0 0
1.852966 0.312095 2.759775 -0.966678303 0 -0.255994254 0 0
1.845271 0.312095 2.846104 -0.999924348 0 -0.0123002995 0 0
1.860611 0.310243 2.814978 0.998827968 0 0.0484013553 0 0
1.859902 0.312095 2.846104 0.999935013 0 0.0114003992 0 0
1.859902 0.310243 2.846104 0.999935013 0 0.0114003992 0 0
1.860611 0.312095 2.814978 0.998827968 0 0.0484013553 0 0
1.862739 0.312095 2.78628 0.992675744 0 0.120809218 0 0
1.862739 0.310243 2.78628 0.992675744 0 0.120809218 0 0
1.866996 0.312095 2.761223 0.968164046 0 0.250316559 0 0
1.866996 0.310243 2.761223 0.968164046 0 0.250316559 0 0
1.862739 0.308385 2.78628 0.992675744 0 0.120809218 0 0
1.860611 0.308385 2.814978 0.998827968 0 0.0484013553 0 0
1.862739 0.30679 2.78628 0.992675744 0 0.120809218 0 0
1.860611 0.30679 2.814978 0.998827968 0 0.0484013553 0 0
1.866996 0.308385 2.761223 0.968164046 0 0.250316559 0 0
1.866996 0.30679 2.761223 0.968164046 0 0.250316559 0 0
1.859902 0.308385 2.846104 0.999935013 0 0.0114003992 0 0
1.859902 0.30679 2.846104 0.999935013 0 0.0114003992 0 0
1.860384 0.305079 2.814976 0.750017581 -0.66041548 0.0364008532 0 0
1.859902 0.305727 2.846104 0.985587069 -0.168797785 0.0111998531 0 0
1.859673 0.305079 2.846104 0.751022907 -0.660220137 0.00860026231 0 0
1.860611 0.305727 2.814978 0.984610038 -0.168101714 0.0478004873 0 0
1.862739 0.305727 2.78628 0.978779172 -0.166396459 0.119597455 0 0
1.862515 0.305079 2.786271 0.746409315 -0.659208227 0.0912011382 0 0
1.866996 0.305727 2.761223 0.954857045 -0.16320975 0.248214829 0 0
1.866777 0.305079 2.761201 0.73004441 -0.656539939 0.189711541 0 0
1.86184 0.30473 2.786243 0.289298545 -0.956595188 0.0350998234 0 0
1.859701 0.30473 2.814969 0.289795792 -0.956986105 0.0139997967 0 0
1.866119 0.30473 2.761133 0.284621256 -0.955871387 0.0728054373 0 0
1.858987 0.30473 2.846104 0.290308333 -0.956927469 0.00330009473 0 0
1.876257 0.315902 2.722946 -0.000299999973 0.99999991 -0.000299999973 0 0
1.869894 0.315874 2.740118 0.022699848 0.999693307 0.00989993372 0 0
1.878639 0.315874 2.723815 0.0215995298 0.999678237 0.0132997105 0 0
1.867376 0.315902 2.739575 -0.000499999915 0.99999983 -0.000299999949 0 0
1.871992 0.315789 2.74057 0.0672004203 0.997306238 0.0294001839 0 0
1.880625 0.315789 2.724539 0.0636991789 0.997187146 0.0394994909 0 0
1.864858 0.315874 2.739032 -0.0239013641 0.999657052 -0.0107006107 0 0
1.873874 0.315874 2.722076 -0.0225011294 0.999650174 -0.0139006977 0 0
1.86276 0.315789 2.738579 -0.070202923 0.997041513 -0.0313013033 0 0
1.871889 0.315789 2.721352 -0.0662052831 0.996979557 -0.0406032401 0 0
1.882906 0.315874 2.709145 -0.0207012598 0.999660836 -0.0158009616 0 0
1.885153 0.315902 2.710341 -0.000199999992 0.99999996 -0.000199999992 0 0
1.890459 0.315874 2.700022 -0.0193996852 0.99968378 -0.0159997404 0 0
1.892593 0.315902 2.701491 0 1 0 0 0
1.881033 0.315789 2.708148 -0.0611040507 0.997066098 -0.0461030563 0 0
1.888681 0.315789 2.698797 -0.0574028068 0.997248762 -0.0469022933 0 0
1.8874 0.315874 2.711537 0.0199995655 0.999678282 0.0155996611 0 0
1.889272 0.315789 2.712534 0.0589987669 0.997179159 0.0463990303 0 0
1.894726 0.315874 2.70296 0.0190996766 0.999683076 0.0163997224 0 0
1.896504 0.315789 2.704184 0.0562017431 0.99723093 0.0487015105 0 0
1.899412 0.315889 2.693378 0.0113005389 0.999847684 -0.0133006343 0 0
1.89917 0.315874 2.697758 0.0200998558 0.999692827 0.014499896 0 0
1.901375 0.315861 2.695042 0.0320994808 0.999483833 0.00129997897 0 0
1.897105 0.315902 2.696123 0.00109999826 0.999998415 -0.00139999778 0 0
1.90089 0.315789 2.69912 0.0572014478 0.997325243 0.0455011516 0 0
1.903012 0.315779 2.69643 0.0764029091 0.996737952 0.02600099 0 0
1.89504 0.315874 2.694488 -0.0177998556 0.999691893 -0.0172998597 0 0
1.897446 0.315861 2.691717 -0.00720006358 0.999508826 -0.0305002693 0 0
1.893319 0.315789 2.693125 -0.0548012909 0.997323492 -0.0484011401 0 0
1.895807 0.315779 2.690333 -0.0399021049 0.996852585 -0.0685036137 0 0
1.898476 0.315824 2.690881 0.205213535 0.938161879 -0.27881839 0 0
1.900238 0.315849 2.692396 0.214314109 0.944962209 -0.247216275 0 0
1.897003 0.315749 2.689617 0.229201666 0.901906557 -0.366102662 0 0
1.901988 0.315824 2.693925 0.253409071 0.934333445 -0.250608971 0 0
1.903449 0.315749 2.695203 0.340606415 0.893416828 -0.292905517 0 0
1.899412 0.304447 2.693378 0.0133998252 -0.999786958 -0.0156997952 0 0
1.901988 0.304524 2.693925 0.282502664 -0.918008657 -0.278302624 0 0
1.901375 0.304479 2.695042 0.0378992581 -0.999280439 0.00149997064 0 0
1.900238 0.304494 2.692396 0.240604668 -0.930018043 -0.277805389 0 0
1.903449 0.304611 2.695203 0.371811437 -0.873226861 -0.31500969 0 0
1.903012 0.304576 2.69643 0.0899974527 -0.995471824 0.0305991339 0 0
1.898476 0.304524 2.690881 0.228404484 -0.922318105 -0.311706119 0 0
1.897446 0.304479 2.691717 -0.00850013286 -0.999315619 -0.0360005627 0 0
1.897003 0.304611 2.689617 0.246601768 -0.882306326 -0.400902874 0 0
1.895807 0.304576 2.690333 -0.0470017692 -0.995637476 -0.080603034 0 0
1.89504 0.304465 2.694488 -0.0210014974 -0.999571267 -0.0204014546 0 0
1.897105 0.304431 2.696123 0.00129999724 -0.999997875 -0.0015999966 0 0
1.890459 0.304465 2.700022 -0.0229013527 -0.999559041 -0.0189011164 0 0
1.892593 0.304431 2.701491 0 -1 0 0 0
1.893319 0.304564 2.693125 -0.0644992602 -0.996288573 -0.0569993462 0 0
1.888681 0.304564 2.698797 -0.0675989441 -0.99618444 -0.0551991378 0 0
1.89917 0.304465 2.697758 0.0237017261 -0.999572797 0.0171012454 0 0
1.90089 0.304564 2.69912 0.0673986473 -0.996280005 0.0536989223 0 0
1.894726 0.304465 2.70296 0.0226013166 -0.999558226 0.0193011243 0 0
1.896504 0.304564 2.704184 0.0662035615 -0.99615359 0.0574030881 0 0
1.876257 0.304431 2.722946 -0.00039999995 -0.999999875 -0.000299999963 0 0
1.8874 0.304465 2.711537 0.02360123 -0.999552093 0.018400959 0 0
1.878639 0.304465 2.723815 0.0255013135 -0.999551483 0.0157008087 0 0
1.885153 0.304431 2.710341 -0.000199999992 -0.99999996 -0.000199999992 0 0
1.889272 0.304564 2.712534 0.0694986952 -0.996081299 0.054698973 0 0
1.880625 0.304564 2.724539 0.0750989944 -0.996086662 0.046599376 0 0
1.882906 0.304465 2.709145 -0.0245006559 -0.999526758 -0.0186004979 0 0
1.873874 0.304465 2.722076 -0.026600309 -0.999511609 -0.0164001905 0 0
1.881033 0.304564 2.708148 -0.0720014339 -0.995919834 -0.0544010834 0 0
1.871889 0.304564 2.721352 -0.0780005273 -0.995806732 -0.0478003231 0 0
1.864858 0.304465 2.739032 -0.0282006451 -0.999522864 -0.0126002882 0 0
1.867376 0.304431 2.739575 -0.000499999898 -0.999999795 -0.000399999918 0 0
1.86276 0.304564 2.738579 -0.0826992677 -0.995891181 -0.0368996733 0 0
1.869894 0.304465 2.740118 0.0268019381 -0.999572282 0.0117008461 0 0
1.871992 0.304564 2.74057 0.0792045845 -0.996257665 0.0346020028 0 0
1.894333 0.315329 2.689077 -0.458143145 0.633859693 -0.623158686 0 0
1.895537 0.314713 2.688307 0.0600007938 0.104501383 -0.992713134 0 0
1.894169 0.314713 2.688936 -0.587476648 0.15899368 -0.79346846 0 0
1.895683 0.315325 2.68844 0.0859035883 0.496220728 -0.863936087 0 0
1.895537 0.313675 2.688307 0.0958991384 0 -0.995391056 0 0
1.894169 0.313675 2.688936 -0.590808602 0 -0.806811747 0 0
1.896122 0.315627 2.68884 0.253521354 0.758963926 -0.599750516 0 0
1.894824 0.315643 2.689497 -0.173708601 0.952847181 -0.24881232 0 0
1.892287 0.315648 2.692308 -0.211209977 0.960345363 -0.182008597 0 0
1.891771 0.31533 2.691899 -0.568802525 0.66220294 -0.487802166 0 0
1.887614 0.315648 2.698062 -0.217701213 0.959905347 -0.176600984 0 0
1.887081 0.31533 2.697695 -0.582980619 0.66147801 -0.471784316 0 0
1.891599 0.314713 2.691763 -0.748408562 0.168001922 -0.64160734 0 0
1.891599 0.313675 2.691763 -0.759087168 0 -0.650988995 0 0
1.886903 0.314713 2.697573 -0.76682024 0.166404392 -0.619916363 0 0
1.886903 0.313675 2.697573 -0.777717402 0 -0.628614065 0 0
1.870102 0.31533 2.7207 -0.652700724 0.646800718 -0.394500438 0 0
1.879161 0.314713 2.707152 -0.791246903 0.162409627 -0.589534946 0 0
1.869903 0.314713 2.720628 -0.845095331 0.16099911 -0.509797183 0 0
1.879348 0.31533 2.707252 -0.608407067 0.651007561 -0.453905272 0 0
1.879161 0.313675 2.707152 -0.801581175 0 -0.597885959 0 0
1.869903 0.313675 2.720628 -0.855687704 0 -0.517492564 0 0
1.87991 0.315648 2.707551 -0.231699849 0.957099378 -0.173999887 0 0
1.870697 0.315648 2.720917 -0.250715749 0.955860044 -0.153209624 0 0
1.861501 0.315648 2.738307 -0.266496277 0.956486638 -0.11879834 0 0
1.860871 0.31533 2.738172 -0.69651245 0.649211605 -0.305605463 0 0
1.860661 0.314713 2.738126 -0.903960432 0.163010898 -0.395326428 0 0
1.860661 0.313675 2.738126 -0.915633256 0 -0.402014601 0 0
1.882412 0.31533 2.725191 0.63490167 0.660801738 0.400301053 0 0
1.87409 0.314713 2.741023 0.90121537 0.165302819 0.400606832 0 0
1.88261 0.314713 2.725264 0.834115235 0.162502968 0.527109628 0 0
1.87388 0.31533 2.740978 0.681132443 0.666831762 0.3023144 0 0
1.87409 0.313675 2.741023 0.914441402 0 0.404718324 0 0
1.88261 0.313675 2.725264 0.846037391 0 0.533123562 0 0
1.873251 0.315648 2.740842 0.252706205 0.961223603 0.110402711 0 0
1.881816 0.315648 2.724974 0.238901513 0.959606079 0.148600941 0 0
1.890396 0.315648 2.713132 0.221308275 0.95933587 0.175206551 0 0
1.890958 0.31533 2.713431 0.586814409 0.659916204 0.469211522 0 0
1.897571 0.315648 2.704919 0.211892599 0.959566483 0.185293528 0 0
1.898104 0.31533 2.705286 0.564313865 0.660616232 0.495112165 0 0
1.891145 0.314713 2.713531 0.769885904 0.163097014 0.616988703 0 0
1.891145 0.313675 2.713531 0.780751715 0 0.624841388 0 0
1.898282 0.314713 2.705409 0.740901385 0.16590031 0.650801217 0 0
1.898282 0.313675 2.705409 0.751187436 0 0.66008896 0 0
1.904493 0.315329 2.697678 0.704047803 0.629542744 0.328622313 0 0
1.902611 0.314713 2.700483 0.76169888 0.167899753 0.62579908 0 0
1.904658 0.314713 2.697816 0.893094722 0.157499069 0.42139751 0 0
1.902439 0.31533 2.700347 0.579335036 0.661640014 0.476028789 0 0
1.902611 0.313675 2.700483 0.772645665 0 0.63483752 0 0
1.904658 0.313675 2.697816 0.907105796 0 0.42090269 0 0
1.901923 0.315648 2.699938 0.2161025 0.96021111 0.176902047 0 0
1.903997 0.315643 2.697262 0.282997456 0.951291448 0.122298901 0 0
1.904342 0.315627 2.695966 0.560101678 0.750202247 -0.351401052 0 0
1.904799 0.315325 2.696345 0.83945515 0.488532095 -0.238015637 0 0
1.904951 0.314713 2.696471 0.965594506 0.0998994316 -0.240098634 0 0
1.904951 0.313675 2.696471 0.96132747 0 -0.27540787 0 0
1.894169 0.310243 2.688936 -0.590921362 0 -0.806729164 0 0
1.895537 0.308385 2.688307 0.0958000575 0 -0.995400597 0 0
1.894169 0.308385 2.688936 -0.590873692 0 -0.80676408 0 0
1.895537 0.310243 2.688307 0.0958991384 0 -0.995391056 0 0
1.895537 0.30679 2.688307 0.0958000575 0 -0.995400597 0 0
1.894169 0.30679 2.688936 -0.590873692 0 -0.80676408 0 0
1.895537 0.312095 2.688307 0.0958991384 0 -0.995391056 0 0
1.894169 0.312095 2.688936 -0.590921362 0 -0.806729164 0 0
1.891599 0.312095 2.691763 -0.759087168 0 -0.650988995 0 0
1.891599 0.310243 2.691763 -0.759087168 0 -0.650988995 0 0
1.886903 0.312095 2.697573 -0.777717402 0 -0.628614065 0 0
1.886903 0.310243 2.697573 -0.777717402 0 -0.628614065 0 0
1.891599 0.308385 2.691763 -0.759087168 0 -0.650988995 0 0
1.891599 0.30679 2.691763 -0.759087168 0 -0.650988995 0 0
1.886903 0.308385 2.697573 -0.777717402 0 -0.628614065 0 0
1.886903 0.30679 2.697573 -0.777717402 0 -0.628614065 0 0
1.869903 0.310243 2.720628 -0.855687704 0 -0.517492564 0 0
1.879161 0.308385 2.707152 -0.801581175 0 -0.597885959 0 0
1.869903 0.308385 2.720628 -0.855687704 0 -0.517492564 0 0
1.879161 0.310243 2.707152 -0.801581175 0 -0.597885959 0 0
1.879161 0.30679 2.707152 -0.801581175 0 -0.597885959 0 0
1.869903 0.30679 2.720628 -0.855687704 0 -0.517492564 0 0
1.879161 0.312095 2.707152 -0.801581175 0 -0.597885959 0 0
1.869903 0.312095 2.720628 -0.855687704 0 -0.517492564 0 0
1.860661 0.312095 2.738126 -0.915633256 0 -0.402014601 0 0
1.860661 0.310243 2.738126 -0.915633256 0 -0.402014601 0 0
1.860661 0.308385 2.738126 -0.915633256 0 -0.402014601 0 0
1.860661 0.30679 2.738126 -0.915633256 0 -0.402014601 0 0
1.894333 0.305081 2.689077 -0.467285657 -0.615281114 -0.634880513 0 0
1.896122 0.304756 2.68884 0.247212653 -0.746438204 -0.617831621 0 0
1.894824 0.304737 2.689497 -0.189400806 -0.943704015 -0.271201154 0 0
1.895683 0.305086 2.68844 0.0818062907 -0.478136768 -0.874467245 0 0
1.895537 0.305727 2.688307 0.0613022848 -0.0996037123 -0.993137015 0 0
1.894169 0.305727 2.688936 -0.587931438 -0.152308144 -0.79444248 0 0
1.891599 0.305727 2.691763 -0.749305661 -0.160801215 -0.642404853 0 0
1.891771 0.305079 2.691899 -0.581423406 -0.642825877 -0.498720076 0 0
1.886903 0.305727 2.697573 -0.767709051 -0.159201877 -0.620707318 0 0
1.887081 0.305079 2.697695 -0.596114244 -0.641815336 -0.482411527 0 0
1.892287 0.30473 2.692308 -0.231513091 -0.952153841 -0.199511282 0 0
1.887614 0.30473 2.698062 -0.238717949 -0.951571547 -0.193714565 0 0
1.870102 0.305079 2.7207 -0.666647397 -0.627144588 -0.40282864 0 0
1.87991 0.30473 2.707551 -0.253802845 -0.948310631 -0.190502136 0 0
1.870697 0.30473 2.720917 -0.274399351 -0.946897761 -0.167599604 0 0
1.879348 0.305079 2.707252 -0.62165667 -0.631257545 -0.463742274 0 0
1.879161 0.305727 2.707152 -0.792136594 -0.155407179 -0.590227266 0 0
1.869903 0.305727 2.720628 -0.845982129 -0.153996747 -0.510489216 0 0
1.860661 0.305727 2.738126 -0.904937637 -0.156006488 -0.395916467 0 0
1.860871 0.305079 2.738172 -0.711437828 -0.629733484 -0.311916585 0 0
1.861501 0.30473 2.738307 -0.291713323 -0.94764328 -0.129905933 0 0
1.88261 0.310243 2.725264 0.846037391 0 0.533123562 0 0
1.87409 0.308385 2.741023 0.914441402 0 0.404718324 0 0
1.88261 0.308385 2.725264 0.846037391 0 0.533123562 0 0
1.87409 0.310243 2.741023 0.914441402 0 0.404718324 0 0
1.87409 0.30679 2.741023 0.914441402 0 0.404718324 0 0
1.88261 0.30679 2.725264 0.846037391 0 0.533123562 0 0
1.87409 0.312095 2.741023 0.914441402 0 0.404718324 0 0
1.88261 0.312095 2.725264 0.846037391 0 0.533123562 0 0
1.891145 0.312095 2.713531 0.780751715 0 0.624841388 0 0
1.891145 0.310243 2.713531 0.780751715 0 0.624841388 0 0
1.898282 0.312095 2.705409 0.751187436 0 0.66008896 0 0
1.898282 0.310243 2.705409 0.751187436 0 0.66008896 0 0
1.891145 0.308385 2.713531 0.780751715 0 0.624841388 0 0
1.891145 0.30679 2.713531 0.780751715 0 0.624841388 0 0
1.898282 0.308385 2.705409 0.751187436 0 0.66008896 0 0
1.898282 0.30679 2.705409 0.751187436 0 0.66008896 0 0
1.904658 0.310243 2.697816 0.907105796 0 0.42090269 0 0
1.902611 0.308385 2.700483 0.772645665 0 0.63483752 0 0
1.904658 0.308385 2.697816 0.907105796 0 0.42090269 0 0
1.902611 0.310243 2.700483 0.772645665 0 0.63483752 0 0
1.902611 0.30679 2.700483 0.772645665 0 0.63483752 0 0
1.904658 0.30679 2.697816 0.907105796 0 0.42090269 0 0
1.902611 0.312095 2.700483 0.772645665 0 0.63483752 0 0
1.904658 0.312095 2.697816 0.907105796 0 0.42090269 0 0
1.904951 0.312095 2.696471 0.96132747 0 -0.27540787 0 0
1.904951 0.310243 2.696471 0.96132747 0 -0.27540787 0 0
1.904951 0.308385 2.696471 0.96132747 0 -0.27540787 0 0
1.904951 0.30679 2.696471 0.96132747 0 -0.27540787 0 0
1.882412 0.305079 2.725191 0.649575804 -0.640476143 0.40968474 0 0
1.873251 0.30473 2.740842 0.277417554 -0.953060307 0.121307676 0 0
1.881816 0.30473 2.724974 0.262203371 -0.951112227 0.163202098 0 0
1.87388 0.305079 2.740978 0.697159184 -0.646654897 0.309526277 0 0
1.87409 0.305727 2.741023 0.902290025 -0.158098252 0.401095566 0 0
1.88261 0.305727 2.725264 0.835096468 -0.155399343 0.527697768 0 0
1.891145 0.305727 2.713531 0.770803569 -0.155900722 0.61770286 0 0
1.890958 0.305079 2.713431 0.600204778 -0.639805093 0.480003821 0 0
1.898282 0.305727 2.705409 0.741786837 -0.158697184 0.651588438 0 0
1.898104 0.305079 2.705286 0.577023009 -0.640925557 0.506220186 0 0
1.890396 0.30473 2.713132 0.242711745 -0.950846013 0.192309306 0 0
1.897571 0.30473 2.704919 0.232300657 -0.951202692 0.203100575 0 0
1.904493 0.305081 2.697678 0.71703472 -0.611029587 0.335416241 0 0
1.901923 0.30473 2.699938 0.236897297 -0.951989138 0.193897788 0 0
1.903997 0.304737 2.697262 0.308202296 -0.941907017 0.133500995 0 0
1.902439 0.305079 2.700347 0.592220023 -0.642321717 0.486516449 0 0
1.902611 0.305727 2.700483 0.762608129 -0.160601712 0.62660668 0 0
1.904658 0.305727 2.697816 0.89414381 -0.150807389 0.421620658 0 0
1.904951 0.305727 2.696471 0.965732575 -0.0953032146 -0.241408143 0 0
1.904799 0.305086 2.696345 0.850395148 -0.470197318 -0.236098653 0 0
1.904342 0.304756 2.695966 0.578514156 -0.737518047 -0.348408526 0 0
1.853326 0.279026 2.941984 -0.000199999996 0.99999998 0 0 0
1.849843 0.278998 2.910785 -0.0237004519 0.99971906 0.00030000572 0 0
1.850594 0.278998 2.942011 -0.0239003258 0.999713626 0.00120001636 0 0
1.852587 0.279026 2.910785 -9.99999995e-05 0.999999995 0 0 0
1.849843 0.278998 2.878445 -0.0236005068 0.999721469 0 0 0
1.852587 0.279026 2.878445 0 1 0 0 0
1.847557 0.278913 2.910785 -0.0698042257 0.997560389 0.000800048432 0 0
1.848317 0.278913 2.942034 -0.070400867 0.997512284 0.00360004433 0 0
1.847557 0.278913 2.878445 -0.0694987487 0.997582039 0 0 0
1.85533 0.278998 2.910785 0.0235005596 0.999723804 -0.000200004762 0 0
1.856058 0.278998 2.941957 0.0235005458 0.999723219 -0.00110002555 0 0
1.857616 0.278913 2.910785 0.069299692 0.997595566 -0.000799996444 0 0
1.858335 0.278913 2.941934 0.0692993136 0.997590119 -0.00339996632 0 0
1.85533 0.278998 2.878445 0.0236005068 0.999721469 0 0 0
1.857616 0.278913 2.878445 0.0694987487 0.997582039 0 0 0
1.858243 0.278998 2.970791 0.0235004612 0.99971962 -0.00290005691 0 0
1.855544 0.279026 2.9709 -0.000299999985 0.99999995 9.9999995e-05 0 0
1.862612 0.278998 2.996119 0.0232002978 0.999712831 -0.00600007701 0 0
1.859981 0.279026 2.996391 -0.000499999928 0.999999855 0.000199999971 0 0
1.860491 0.278913 2.970701 0.0694036486 0.997552443 -0.00850044688 0 0
1.864804 0.278913 2.995893 0.0686987737 0.997482195 -0.0175996858 0 0
1.852846 0.278998 2.971009 -0.0242999977 0.999699905 0.00309999971 0 0
1.850598 0.278913 2.971099 -0.0714003799 0.997405306 0.00920004894 0 0
1.85735 0.278998 2.996662 -0.0245993997 0.999675603 0.00659983893 0 0
1.855158 0.278913 2.996889 -0.0721006269 0.997208671 0.0194001687 0 0
1.853326 0.267555 2.941984 -0.000199999996 -0.99999998 0 0 0
1.85533 0.267589 2.910785 0.0277004496 -0.999616224 -0.000300004869 0 0
1.856058 0.267589 2.941957 0.0277004274 -0.999615424 -0.00130002006 0 0
1.852587 0.267555 2.910785 -9.99999995e-05 -0.999999995 0 0 0
1.85533 0.267589 2.878445 0.0278003753 -0.999613495 0 0 0
1.852587 0.267555 2.878445 0 -1 0 0 0
1.857616 0.267688 2.910785 0.0817046058 -0.996656183 -0.000900050737 0 0
1.858335 0.267688 2.941934 0.0817039852 -0.996648613 -0.00400019511 0 0
1.857616 0.267688 2.878445 0.0819033102 -0.99664028 0 0 0
1.849843 0.267589 2.910785 -0.0280002205 -0.999607872 0.000300002363 0 0
1.850594 0.267589 2.942011 -0.0282000372 -0.999601319 0.00140000185 0 0
1.847557 0.267688 2.910785 -0.0823005823 -0.996607051 0.00100000708 0 0
1.848317 0.267688 2.942034 -0.083003331 -0.996539992 0.00430017257 0 0
1.849843 0.267589 2.878445 -0.0278003753 -0.999613495 0 0 0
1.847557 0.267688 2.878445 -0.0819033102 -0.99664028 0 0 0
1.852846 0.267589 2.971009 -0.0286994613 -0.999581238 0.00369993055 0 0
1.855544 0.267555 2.9709 -0.000399999966 -0.999999915 9.99999915e-05 0 0
1.85735 0.267589 2.996662 -0.0290014198 -0.999548934 0.00780038188 0 0
1.859981 0.267555 2.996391 -0.000599999865 -0.999999775 0.000299999933 0 0
1.850598 0.267688 2.971099 -0.0840998074 -0.996397718 0.010899975 0 0
1.855158 0.267688 2.996889 -0.0850015037 -0.996117621 0.0229004051 0 0
1.858243 0.267589 2.970791 0.0277002907 -0.999610491 -0.00340003568 0 0
1.860491 0.267688 2.970701 0.0817998855 -0.996598605 -0.009999986 0 0
1.862612 0.267589 2.996119 0.0273000758 -0.999602774 -0.00700001943 0 0
1.864804 0.267688 2.995893 0.0809004166 -0.996505132 -0.0208001071 0 0
1.900372 0.278451 3.064654 0.654712476 0.0634012081 0.753214353 0 0
1.902092 0.278751 3.063088 0.64080537 0.303402543 0.70520591 0 0
1.900351 0.278762 3.064628 0.628280103 0.286590924 0.723277094 0 0
1.902308 0.278449 3.062941 0.670706509 0.07110069 0.738307165 0 0
1.903519 0.27874 3.061769 0.639729182 0.391817873 0.661230163 0 0
1.903892 0.278446 3.061476 0.697701472 0.109300231 0.708001494 0 0
1.901922 0.278873 3.063155 0.513898011 0.642697513 0.568197801 0 0
1.900308 0.278893 3.064578 0.499593021 0.647290957 0.575691958 0 0
1.903015 0.278833 3.062163 0.53150671 0.634908016 0.560707079 0 0
1.90238 0.277837 3.062891 0.671206387 0.00970009229 0.741207053 0 0
1.900379 0.277837 3.064662 0.656110048 0.00900013784 0.754611557 0 0
1.90238 0.276799 3.062891 0.670923798 0 0.741526302 0 0
1.900379 0.276799 3.064662 0.656136623 0 0.754642122 0 0
1.904016 0.277837 3.061379 0.699342612 0.0143008714 0.714643545 0 0
1.904016 0.276799 3.061379 0.697947595 0 0.716148836 0 0
1.898348 0.277837 3.066397 0.639944497 0.0102007093 0.768353425 0 0
1.898407 0.278449 3.066332 0.636736712 0.074804313 0.767444248 0 0
1.896622 0.277837 3.067802 0.605894144 0.0155998492 0.795392313 0 0
1.896736 0.278446 3.067692 0.598689742 0.117697983 0.792286424 0 0
1.898348 0.276799 3.066397 0.640420443 0 0.768024516 0 0
1.896622 0.276799 3.067802 0.607843511 0 0.794056841 0 0
1.898583 0.278751 3.066137 0.605802138 0.314301109 0.73090258 0 0
1.898673 0.278873 3.065975 0.4854822 0.65077614 0.583778596 0 0
1.897077 0.27874 3.067362 0.557333324 0.411324594 0.721243124 0 0
1.897537 0.278833 3.066916 0.470204918 0.65200682 0.594806222 0 0
1.846268 0.278454 2.942054 -0.738437037 0.673233767 0.0383019211 0 0
1.845271 0.277837 2.910785 -0.984315306 0.176002737 0.0121001882 0 0
1.846041 0.277837 2.942057 -0.983287837 0.174797838 0.0508993704 0 0
1.8455 0.278454 2.910785 -0.736393295 0.676493841 0.00899991806 0 0
1.845271 0.277837 2.878445 -0.984317989 0.176403224 0 0 0
1.8455 0.278454 2.878445 -0.734841784 0.678238566 0 0 0
1.845271 0.276799 2.910785 -0.999924348 0 0.0123002995 0 0
1.846041 0.276799 2.942057 -0.998657325 0 0.0518029736 0 0
1.845271 0.276799 2.878445 -1 0 0 0 0
1.846186 0.278773 2.910785 -0.266719008 0.963768685 0.0033002352 0 0
1.846951 0.278773 2.942048 -0.269102717 0.963009722 0.0140001413 0 0
1.846186 0.278773 2.878445 -0.265198319 0.964193887 0 0 0
1.849249 0.278773 2.971153 -0.272712489 0.96144403 0.0354016213 0 0
1.848574 0.278454 2.97118 -0.738955701 0.667050281 0.0948071464 0 0
1.853843 0.278773 2.997025 -0.274991826 0.958571507 0.0742977915 0 0
1.853185 0.278454 2.997092 -0.729290133 0.656391119 0.193097387 0 0
1.848349 0.277837 2.971189 -0.977098901 0.172199806 0.124999859 0 0
1.848349 0.276799 2.971189 -0.991864839 0 0.127295487 0 0
1.852966 0.277837 2.997115 -0.953337248 0.167606549 0.251109811 0 0
1.852966 0.276799 2.997115 -0.966678303 0 0.255994254 0 0
1.860384 0.278454 2.941914 0.732709961 0.679609239 -0.035600484 0 0
1.858987 0.278773 2.910785 0.264402152 0.96440785 -0.00300002442 0 0
1.859701 0.278773 2.941921 0.263916573 0.964460565 -0.0128008039 0 0
1.859673 0.278454 2.910785 0.733806791 0.679306287 -0.00840007774 0 0
1.858987 0.278773 2.878445 0.265316861 0.964161274 0 0 0
1.859673 0.278454 2.878445 0.734887783 0.678188725 0 0 0
1.859902 0.277837 2.910785 0.984273612 0.176295274 -0.0111996997 0 0
1.860611 0.277837 2.941912 0.983287871 0.175697833 -0.0476994116 0 0
1.859902 0.276799 2.910785 0.999935013 0 -0.0114003992 0 0
1.860611 0.276799 2.941912 0.998827968 0 -0.0484013553 0 0
1.859902 0.277837 2.878445 0.984335348 0.176306331 0 0 0
1.859902 0.276799 2.878445 1 0 0 0 0
1.862739 0.277837 2.97061 0.97748113 0.173996641 -0.119397695 0 0
1.862515 0.278454 2.970619 0.729091404 0.678591999 -0.0890989495 0 0
1.866996 0.277837 2.995667 0.953618443 0.170603299 -0.248004796 0 0
1.866777 0.278454 2.995689 0.712884883 0.676385657 -0.185196073 0 0
1.862739 0.276799 2.97061 0.992675744 0 -0.120809218 0 0
1.866996 0.276799 2.995667 0.968164046 0 -0.250316559 0 0
1.86184 0.278773 2.970646 0.263296559 0.964187398 -0.0318995831 0 0
1.866119 0.278773 2.995757 0.259001502 0.963605589 -0.066200384 0 0
1.900379 0.273367 3.064662 0.656136623 0 0.754642122 0 0
1.90238 0.27522 3.062891 0.670923798 0 0.741526302 0 0
1.900379 0.27522 3.064662 0.656136623 0 0.754642122 0 0
1.90238 0.273367 3.062891 0.670923798 0 0.741526302 0 0
1.904016 0.27522 3.061379 0.697947595 0 0.716148836 0 0
1.904016 0.273367 3.061379 0.697947595 0 0.716148836 0 0
1.90238 0.271509 3.062891 0.670923798 0 0.741526302 0 0
1.900379 0.271509 3.064662 0.656136623 0 0.754642122 0 0
1.90238 0.269914 3.062891 0.670923798 0 0.741526302 0 0
1.900379 0.269914 3.064662 0.656136623 0 0.754642122 0 0
1.904016 0.271509 3.061379 0.697947595 0 0.716148836 0 0
1.904016 0.269914 3.061379 0.697947595 0 0.716148836 0 0
1.898348 0.271509 3.066397 0.640420443 0 0.768024516 0 0
1.898348 0.273367 3.066397 0.640420443 0 0.768024516 0 0
1.896622 0.271509 3.067802 0.607906562 0 0.794008571 0 0
1.896622 0.273367 3.067802 0.607843511 0 0.794056841 0 0
1.898348 0.269914 3.066397 0.640420443 0 0.768024516 0 0
1.896622 0.269914 3.067802 0.607843511 0 0.794056841 0 0
1.898348 0.27522 3.066397 0.640420443 0 0.768024516 0 0
1.896622 0.27522 3.067802 0.607795244 0 0.794093786 0 0
1.900372 0.268207 3.064654 0.654923637 -0.0585021114 0.753427192 0 0
1.90238 0.268851 3.062891 0.671208937 -0.00930012383 0.741209869 0 0
1.900379 0.268851 3.064662 0.656112358 -0.00860016199 0.754614213 0 0
1.902308 0.26821 3.062941 0.670924482 -0.0655023902 0.738626953 0 0
1.904016 0.268851 3.061379 0.699298507 -0.0136999708 0.714698474 0 0
1.903892 0.268213 3.061476 0.698220678 -0.100302971 0.708820992 0 0
1.902092 0.26788 3.063088 0.648217382 -0.266707152 0.713219125 0 0
1.900351 0.267867 3.064628 0.634724434 -0.251609686 0.730628126 0 0
1.901922 0.267735 3.063155 0.544117447 -0.585518775 0.600919269 0 0
1.900308 0.267712 3.064578 0.528716737 -0.590818703 0.609419291 0 0
1.903519 0.267893 3.061769 0.65184285 -0.35002301 0.672744224 0 0
1.903015 0.267783 3.062163 0.563013721 -0.575114016 0.593514464 0 0
1.898583 0.26788 3.066137 0.613128661 -0.276712935 0.739934589 0 0
1.898407 0.26821 3.066332 0.637038383 -0.0689041516 0.767746258 0 0
1.897077 0.267893 3.067362 0.567634181 -0.369022221 0.735944316 0 0
1.896736 0.268213 3.067692 0.599435991 -0.108406509 0.793047616 0 0
1.898673 0.267735 3.065975 0.513908629 -0.594009974 0.618910392 0 0
1.897537 0.267783 3.066916 0.499295561 -0.592694731 0.631994382 0 0
1.898348 0.268851 3.066397 0.640006102 -0.00980009344 0.768307326 0 0
1.896622 0.268851 3.067802 0.605900612 -0.014900015 0.795400803 0 0
1.846268 0.268203 2.942054 -0.755213466 -0.654311666 0.0391006972 0 0
1.846186 0.267854 2.910785 -0.292699314 -0.956197758 0.00359999156 0 0
1.846951 0.267854 2.942048 -0.295294487 -0.955282165 0.0153997125 0 0
1.8455 0.268203 2.910785 -0.753399077 -0.657499195 0.00919998873 0 0
1.846186 0.267854 2.878445 -0.291217328 -0.956656923 0 0 0
1.8455 0.268203 2.878445 -0.751938256 -0.659233539 0 0 0
1.845271 0.268851 2.910785 -0.985626602 -0.168504548 0.0121003266 0 0
1.846041 0.268851 2.942057 -0.984586487 -0.167297704 0.0509993 0 0
1.845271 0.269914 2.910785 -0.999924348 0 0.0123002995 0 0
1.846041 0.269914 2.942057 -0.998657325 0 0.0518029736 0 0
1.845271 0.268851 2.878445 -0.985648889 -0.168808373 0 0 0
1.845271 0.269914 2.878445 -1 0 0 0 0
1.848349 0.268851 2.971189 -0.978358733 -0.164809894 0.12510751 0 0
1.848574 0.268203 2.97118 -0.755436488 -0.648031301 0.0968046758 0 0
1.852966 0.268851 2.997115 -0.954475823 -0.160395937 0.25149363 0 0
1.853185 0.268203 2.997092 -0.745038277 -0.637232739 0.197110127 0 0
1.848349 0.269914 2.971189 -0.991864839 0 0.127295487 0 0
1.852966 0.269914 2.997115 -0.966678303 0 0.255994254 0 0
1.849249 0.267854 2.971153 -0.29889867 -0.953495757 0.0387998273 0 0
1.853843 0.267854 2.997024 -0.301196816 -0.950089958 0.0812991407 0 0
1.846041 0.273367 2.942057 -0.998657325 0 0.0518029736 0 0
1.845271 0.271509 2.910785 -0.999924348 0 0.0123002995 0 0
1.846041 0.271509 2.942057 -0.998657325 0 0.0518029736 0 0
1.845271 0.273367 2.910785 -0.999924348 0 0.0123002995 0 0
1.845271 0.271509 2.878445 -1 0 0 0 0
1.845271 0.273367 2.878445 -1 0 0 0 0
1.845271 0.27522 2.910785 -0.999924348 0 0.0123002995 0 0
1.846041 0.27522 2.942057 -0.998657325 0 0.0518029736 0 0
1.845271 0.27522 2.878445 -1 0 0 0 0
1.848349 0.27522 2.971189 -0.991864839 0 0.127295487 0 0
1.848349 0.273367 2.971189 -0.991864839 0 0.127295487 0 0
1.852966 0.27522 2.997115 -0.966678303 0 0.255994254 0 0
1.852966 0.273367 2.997115 -0.966678303 0 0.255994254 0 0
1.848349 0.271509 2.971189 -0.991864839 0 0.127295487 0 0
1.852966 0.271509 2.997115 -0.966678303 0 0.255994254 0 0
1.860611 0.273367 2.941912 0.998827968 0 -0.0484013553 0 0
1.859902 0.27522 2.910785 0.999935013 0 -0.0114003992 0 0
1.860611 0.27522 2.941912 0.998827968 0 -0.0484013553 0 0
1.859902 0.273367 2.910785 0.999935013 0 -0.0114003992 0 0
1.859902 0.27522 2.878445 1 0 0 0 0
1.859902 0.273367 2.878445 1 0 0 0 0
1.859902 0.271509 2.910785 0.999935013 0 -0.0114003992 0 0
1.860611 0.271509 2.941912 0.998827968 0 -0.0484013553 0 0
1.859902 0.269914 2.910785 0.999935013 0 -0.0114003992 0 0
1.860611 0.269914 2.941912 0.998827968 0 -0.0484013553 0 0
1.859902 0.271509 2.878445 1 0 0 0 0
1.859902 0.269914 2.878445 1 0 0 0 0
1.862739 0.271509 2.97061 0.992675744 0 -0.120809218 0 0
1.862739 0.273367 2.97061 0.992675744 0 -0.120809218 0 0
1.866996 0.271509 2.995667 0.968164046 0 -0.250316559 0 0
1.866996 0.273367 2.995667 0.968164046 0 -0.250316559 0 0
1.862739 0.269914 2.97061 0.992675744 0 -0.120809218 0 0
1.866996 0.269914 2.995667 0.968164046 0 -0.250316559 0 0
1.862739 0.27522 2.97061 0.992675744 0 -0.120809218 0 0
1.866996 0.27522 2.995667 0.968164046 0 -0.250316559 0 0
1.860384 0.268203 2.941914 0.750017581 -0.66041548 -0.0364008532 0 0
1.859902 0.268851 2.910785 0.985587069 -0.168797785 -0.0111998531 0 0
1.860611 0.268851 2.941912 0.984610038 -0.168101714 -0.0478004873 0 0
1.859673 0.268203 2.910785 0.751022907 -0.660220137 -0.00860026231 0 0
1.859902 0.268851 2.878445 0.98566837 -0.168694587 0 0 0
1.859673 0.268203 2.878445 0.752031281 -0.659127417 0 0 0
1.858987 0.267854 2.910785 0.290308333 -0.956927469 -0.00330009473 0 0
1.859701 0.267854 2.941921 0.289823527 -0.956977686 -0.0140011366 0 0
1.858987 0.267854 2.878445 0.291308849 -0.956629058 0 0 0
1.86184 0.267854 2.970646 0.289298545 -0.956595188 -0.0350998234 0 0
1.862515 0.268203 2.970619 0.746409315 -0.659208227 -0.0912011382 0 0
1.866119 0.267854 2.995757 0.284621256 -0.955871387 -0.0728054373 0 0
1.866777 0.268203 2.995689 0.73004441 -0.656539939 -0.189711541 0 0
1.862739 0.268851 2.97061 0.978779172 -0.166396459 -0.119597455 0 0
1.866996 0.268851 2.995667 0.954857045 -0.16320975 -0.248214829 0 0
1.876257 0.279026 3.033944 -0.000299999973 0.99999991 0.000299999973 0 0
1.869894 0.278998 3.016772 0.022699848 0.999693307 -0.00989993372 0 0
1.867376 0.279026 3.017315 -0.000499999915 0.99999983 0.000299999949 0 0
1.878639 0.278998 3.033075 0.0215995298 0.999678237 -0.0132997105 0 0
1.871992 0.278913 3.01632 0.0672004203 0.997306238 -0.0294001839 0 0
1.880625 0.278913 3.032351 0.0636991789 0.997187146 -0.0394994909 0 0
1.8874 0.278998 3.045352 0.0199995655 0.999678282 -0.0155996611 0 0
1.885153 0.279026 3.046549 -0.000199999992 0.99999996 0.000199999992 0 0
1.894726 0.278998 3.05393 0.0190996766 0.999683076 -0.0163997224 0 0
1.892593 0.279026 3.055399 0 1 0 0 0
1.889272 0.278913 3.044356 0.0589987669 0.997179159 -0.0463990303 0 0
1.896504 0.278913 3.052706 0.0562017431 0.99723093 -0.0487015105 0 0
1.882906 0.278998 3.047745 -0.0208012227 0.999658762 0.0158009288 0 0
1.873874 0.278998 3.034813 -0.0225011294 0.999650174 0.0139006977 0 0
1.881034 0.278913 3.048741 -0.0611040507 0.997066098 0.0461030563 0 0
1.871889 0.278913 3.035538 -0.0661986827 0.99698016 0.0405991921 0 0
1.890459 0.278998 3.056868 -0.0193996852 0.99968378 0.0159997404 0 0
1.888681 0.278913 3.058093 -0.0573033991 0.997259154 0.0468027762 0 0
1.864858 0.278998 3.017858 -0.0239013641 0.999657052 0.0107006107 0 0
1.86276 0.278913 3.018311 -0.070202923 0.997041513 0.0313013033 0 0
1.899412 0.279013 3.063512 0.0113005389 0.999847684 0.0133006343 0 0
1.89917 0.278998 3.059132 0.0200998558 0.999692827 -0.014499896 0 0
1.897105 0.279026 3.060767 0.00109999826 0.999998415 0.00139999778 0 0
1.901375 0.278985 3.061847 0.0320994808 0.999483833 -0.00129997897 0 0
1.90089 0.278913 3.05777 0.0572014478 0.997325243 -0.0455011516 0 0
1.903012 0.278903 3.060459 0.0764029091 0.996737952 -0.02600099 0 0
1.901988 0.278948 3.062965 0.253298164 0.934393226 0.250498184 0 0
1.900238 0.278973 3.064494 0.214308809 0.944938843 0.247310166 0 0
1.903449 0.278873 3.061687 0.340508034 0.893421081 0.293006914 0 0
1.898476 0.278948 3.066009 0.205213535 0.938161879 0.27881839 0 0
1.897446 0.278985 3.065173 -0.00720006358 0.999508826 0.0305002693 0 0
1.897003 0.278873 3.067273 0.229201666 0.901906557 0.366102662 0 0
1.895807 0.278903 3.066557 -0.0399021049 0.996852585 0.0685036137 0 0
1.89504 0.278998 3.062402 -0.0177998556 0.999691893 0.0172998597 0 0
1.893319 0.278913 3.063764 -0.054701588 0.997328953 0.0484014051 0 0
1.899412 0.267571 3.063512 0.0133998252 -0.999786958 0.0156997952 0 0
1.901988 0.267648 3.062965 0.282494801 -0.917983105 0.278394876 0 0
1.900238 0.267618 3.064494 0.240611351 -0.930043876 0.277713101 0 0
1.901375 0.267603 3.061847 0.0378992581 -0.999280439 -0.00149997064 0 0
1.903449 0.267735 3.061687 0.371811437 -0.873226861 0.31500969 0 0
1.903012 0.2677 3.060459 0.0899974527 -0.995471824 -0.0305991339 0 0
1.89917 0.267589 3.059132 0.0237017261 -0.999572797 -0.0171012454 0 0
1.897105 0.267555 3.060767 0.00129999724 -0.999997875 0.0015999966 0 0
1.894726 0.267589 3.05393 0.0226013166 -0.999558226 -0.0193011243 0 0
1.892593 0.267555 3.055399 0 -1 0 0 0
1.90089 0.267688 3.05777 0.0673986473 -0.996280005 -0.0536989223 0 0
1.896504 0.267688 3.052706 0.0662035615 -0.99615359 -0.0574030881 0 0
1.89504 0.267589 3.062402 -0.0210014974 -0.999571267 0.0204014546 0 0
1.897446 0.267603 3.065173 -0.00850013286 -0.999315619 0.0360005627 0 0
1.893319 0.267688 3.063764 -0.0644992602 -0.996288573 0.0569993462 0 0
1.895807 0.2677 3.066557 -0.0470017692 -0.995637476 0.080603034 0 0
1.890459 0.267589 3.056868 -0.0229013527 -0.999559041 0.0189011164 0 0
1.888681 0.267688 3.058093 -0.0675989441 -0.99618444 0.0551991378 0 0
1.898476 0.267648 3.066009 0.228404484 -0.922318105 0.311706119 0 0
1.897003 0.267735 3.067273 0.246507845 -0.882328081 0.400912759 0 0
1.876257 0.267555 3.033944 -0.00039999995 -0.999999875 0.000299999963 0 0
1.8874 0.267589 3.045352 0.02360123 -0.999552093 -0.018400959 0 0
1.885153 0.267555 3.046549 -0.000199999992 -0.99999996 0.000199999992 0 0
1.878639 0.267589 3.033075 0.0255013135 -0.999551483 -0.0157008087 0 0
1.889272 0.267688 3.044356 0.0694986952 -0.996081299 -0.054698973 0 0
1.880625 0.267688 3.032351 0.0750989944 -0.996086662 -0.046599376 0 0
1.869894 0.267589 3.016772 0.0268019381 -0.999572282 -0.0117008461 0 0
1.867376 0.267555 3.017315 -0.000499999898 -0.999999795 0.000399999918 0 0
1.871992 0.267688 3.01632 0.07920431 -0.996254213 -0.0347018884 0 0
1.864858 0.267589 3.017858 -0.0282006451 -0.999522864 0.0126002882 0 0
1.873874 0.267589 3.034813 -0.026600309 -0.999511609 0.0164001905 0 0
1.86276 0.267688 3.018311 -0.0826992677 -0.995891181 0.0368996733 0 0
1.871889 0.267688 3.035538 -0.0780005273 -0.995806732 0.0478003231 0 0
1.882906 0.267589 3.047745 -0.0245006559 -0.999526758 0.0186004979 0 0
1.881033 0.267688 3.048741 -0.0720014339 -0.995919834 0.0544010834 0 0
1.894333 0.278453 3.067813 -0.458193604 0.633791152 0.6231913 0 0
1.895537 0.277837 3.068583 0.0600007938 0.104501383 0.992713134 0 0
1.895683 0.278449 3.068449 0.0859004286 0.496102476 0.864004311 0 0
1.894169 0.277837 3.067953 -0.587523263 0.159006296 0.793431417 0 0
1.895537 0.276799 3.068583 0.0958991384 0 0.995391056 0 0
1.894169 0.276799 3.067953 -0.590873692 0 0.80676408 0 0
1.891599 0.277837 3.065127 -0.748408562 0.168001922 0.64160734 0 0
1.891771 0.278454 3.064991 -0.568802525 0.66220294 0.487802166 0 0
1.886903 0.277837 3.059317 -0.76682024 0.166404392 0.619916363 0 0
1.887081 0.278454 3.059195 -0.583019182 0.661421761 0.471815523 0 0
1.891599 0.276799 3.065127 -0.759087168 0 0.650988995 0 0
1.886903 0.276799 3.059317 -0.777717402 0 0.628614065 0 0
1.892287 0.278773 3.064582 -0.211305517 0.960325074 0.182004752 0 0
1.894824 0.278767 3.067393 -0.173607291 0.952840015 0.248910453 0 0
1.887614 0.278773 3.058827 -0.217701213 0.959905347 0.176600984 0 0
1.896122 0.278751 3.06805 0.253506148 0.758918404 0.599814546 0 0
1.870102 0.278454 3.03619 -0.652700724 0.646800718 0.394500438 0 0
1.879161 0.277837 3.049738 -0.791246903 0.162409627 0.589534946 0 0
1.879348 0.278454 3.049638 -0.608446676 0.650949936 0.453934823 0 0
1.869903 0.277837 3.036262 -0.845095331 0.16099911 0.509797183 0 0
1.879161 0.276799 3.049738 -0.801581175 0 0.597885959 0 0
1.869903 0.276799 3.036262 -0.855687704 0 0.517492564 0 0
1.860661 0.277837 3.018764 -0.903945691 0.163108245 0.395319982 0 0
1.860871 0.278454 3.018718 -0.696467232 0.649269453 0.305585623 0 0
1.860661 0.276799 3.018764 -0.915633256 0 0.402014601 0 0
1.861501 0.278773 3.018583 -0.266496277 0.956486638 0.11879834 0 0
1.870697 0.278773 3.035973 -0.250715749 0.955860044 0.153209624 0 0
1.87991 0.278773 3.049339 -0.231699849 0.957099378 0.173999887 0 0
1.882412 0.278454 3.031698 0.634943625 0.660745398 -0.400327505 0 0
1.87409 0.277837 3.015867 0.90121537 0.165302819 -0.400606832 0 0
1.87388 0.278454 3.015912 0.681132443 0.666831762 -0.3023144 0 0
1.88261 0.277837 3.031626 0.834115235 0.162502968 -0.527109628 0 0
1.87409 0.276799 3.015867 0.914441402 0 -0.404718324 0 0
1.88261 0.276799 3.031626 0.846037391 0 -0.533123562 0 0
1.891145 0.277837 3.043359 0.769885904 0.163097014 -0.616988703 0 0
1.890958 0.278454 3.043459 0.586814409 0.659916204 -0.469211522 0 0
1.898282 0.277837 3.051481 0.740901385 0.16590031 -0.650801217 0 0
1.898104 0.278454 3.051604 0.564351147 0.660559866 -0.495144875 0 0
1.891145 0.276799 3.043359 0.780751715 0 -0.624841388 0 0
1.898282 0.276799 3.051481 0.751187436 0 -0.66008896 0 0
1.890396 0.278773 3.043758 0.221308275 0.95933587 -0.175206551 0 0
1.881816 0.278773 3.031916 0.238897962 0.959591815 -0.148698732 0 0
1.897571 0.278773 3.051971 0.211912932 0.959558559 -0.185311309 0 0
1.873251 0.278773 3.016048 0.252706205 0.961223603 -0.110402711 0 0
1.904493 0.278453 3.059212 0.704047803 0.629542744 -0.328622313 0 0
1.902611 0.277837 3.056407 0.76169888 0.167899753 -0.62579908 0 0
1.902439 0.278454 3.056543 0.579401472 0.66160168 -0.476001209 0 0
1.904658 0.277837 3.059074 0.893094722 0.157499069 -0.42139751 0 0
1.902611 0.276799 3.056407 0.772645665 0 -0.63483752 0 0
1.904658 0.276799 3.059074 0.907105796 0 -0.42090269 0 0
1.904951 0.277837 3.060419 0.965608034 0.100000832 0.240001997 0 0
1.904799 0.278449 3.060545 0.839414136 0.488608228 0.238004008 0 0
1.904951 0.276799 3.060419 0.961353943 0 0.275315448 0 0
1.904342 0.278751 3.060924 0.560033043 0.750244266 0.351420734 0 0
1.903997 0.278767 3.059628 0.282997456 0.951291448 -0.122298901 0 0
1.901923 0.278773 3.056952 0.2161025 0.96021111 -0.176902047 0 0
1.894169 0.273367 3.067953 -0.590873692 0 0.80676408 0 0
1.895537 0.271509 3.068583 0.0958991384 0 0.995391056 0 0
1.895537 0.273367 3.068583 0.0958991384 0 0.995391056 0 0
1.894169 0.271509 3.067953 -0.590873692 0 0.80676408 0 0
1.895537 0.269914 3.068583 0.0958991384 0 0.995391056 0 0
1.894169 0.269914 3.067953 -0.590873692 0 0.80676408 0 0
1.891599 0.271509 3.065127 -0.759087168 0 0.650988995 0 0
1.891599 0.273367 3.065127 -0.759087168 0 0.650988995 0 0
1.886903 0.271509 3.059317 -0.777717402 0 0.628614065 0 0
1.886903 0.273367 3.059317 -0.777717402 0 0.628614065 0 0
1.891599 0.269914 3.065127 -0.759087168 0 0.650988995 0 0
1.886903 0.269914 3.059317 -0.777717402 0 0.628614065 0 0
1.891599 0.27522 3.065127 -0.759087168 0 0.650988995 0 0
1.894169 0.27522 3.067953 -0.590808602 0 0.806811747 0 0
1.886903 0.27522 3.059317 -0.777717402 0 0.628614065 0 0
1.895537 0.27522 3.068583 0.0958991384 0 0.995391056 0 0
1.869903 0.273367 3.036262 -0.855687704 0 0.517492564 0 0
1.879161 0.271509 3.049738 -0.801581175 0 0.597885959 0 0
1.879161 0.273367 3.049738 -0.801581175 0 0.597885959 0 0
1.869903 0.271509 3.036262 -0.855687704 0 0.517492564 0 0
1.879161 0.269914 3.049738 -0.801581175 0 0.597885959 0 0
1.869903 0.269914 3.036262 -0.855687704 0 0.517492564 0 0
1.860661 0.271509 3.018764 -0.915633256 0 0.402014601 0 0
1.860661 0.273367 3.018764 -0.915633256 0 0.402014601 0 0
1.860661 0.269914 3.018764 -0.915633256 0 0.402014601 0 0
1.860661 0.27522 3.018764 -0.915633256 0 0.402014601 0 0
1.869903 0.27522 3.036262 -0.855687704 0 0.517492564 0 0
1.879161 0.27522 3.049738 -0.801581175 0 0.597885959 0 0
1.894333 0.268205 3.067813 -0.467285657 -0.615281114 0.634880513 0 0
1.896122 0.26788 3.06805 0.2471942 -0.746482484 0.617785504 0 0
1.895683 0.26821 3.068449 0.0819017114 -0.478209992 0.874418271 0 0
1.894824 0.267861 3.067393 -0.189400806 -0.943704015 0.271201154 0 0
1.892287 0.267854 3.064582 -0.231513091 -0.952153841 0.199511282 0 0
1.891771 0.268203 3.064991 -0.581423406 -0.642825877 0.498720076 0 0
1.887614 0.267854 3.058827 -0.238717949 -0.951571547 0.193714565 0 0
1.887081 0.268203 3.059195 -0.596114244 -0.641815336 0.482411527 0 0
1.891599 0.268851 3.065127 -0.749305661 -0.160801215 0.642404853 0 0
1.894169 0.268851 3.067953 -0.587931438 -0.152308144 0.79444248 0 0
1.886903 0.268851 3.059317 -0.767709051 -0.159201877 0.620707318 0 0
1.895537 0.268851 3.068583 0.0613022848 -0.0996037123 0.993137015 0 0
1.870102 0.268203 3.03619 -0.666702954 -0.627102778 0.402801784 0 0
1.87991 0.267854 3.049339 -0.253802845 -0.948310631 0.190502136 0 0
1.879348 0.268203 3.049638 -0.621718024 -0.631218299 0.463713443 0 0
1.870697 0.267854 3.035973 -0.274491818 -0.946871774 0.167595004 0 0
1.861501 0.267854 3.018583 -0.291713323 -0.94764328 0.129905933 0 0
1.860871 0.268203 3.018718 -0.711437828 -0.629733484 0.311916585 0 0
1.860661 0.268851 3.018764 -0.904937637 -0.156006488 0.395916467 0 0
1.869903 0.268851 3.036262 -0.845982129 -0.153996747 0.510489216 0 0
1.879161 0.268851 3.049738 -0.792136594 -0.155407179 0.590227266 0 0
1.88261 0.273367 3.031626 0.846037391 0 -0.533123562 0 0
1.87409 0.271509 3.015867 0.914441402 0 -0.404718324 0 0
1.87409 0.273367 3.015867 0.914441402 0 -0.404718324 0 0
1.88261 0.271509 3.031626 0.846037391 0 -0.533123562 0 0
1.87409 0.269914 3.015867 0.914441402 0 -0.404718324 0 0
1.88261 0.269914 3.031626 0.846037391 0 -0.533123562 0 0
1.891145 0.271509 3.043359 0.780751715 0 -0.624841388 0 0
1.891145 0.273367 3.043359 0.780751715 0 -0.624841388 0 0
1.898282 0.271509 3.051481 0.751187436 0 -0.66008896 0 0
1.898282 0.273367 3.051481 0.751187436 0 -0.66008896 0 0
1.891145 0.269914 3.043359 0.780751715 0 -0.624841388 0 0
1.898282 0.269914 3.051481 0.751187436 0 -0.66008896 0 0
1.891145 0.27522 3.043359 0.780790756 0 -0.624792602 0 0
1.88261 0.27522 3.031626 0.846037391 0 -0.533123562 0 0
1.898282 0.27522 3.051481 0.751187436 0 -0.66008896 0 0
1.87409 0.27522 3.015867 0.914441402 0 -0.404718324 0 0
1.904658 0.273367 3.059074 0.907105796 0 -0.42090269 0 0
1.902611 0.271509 3.056407 0.772645665 0 -0.63483752 0 0
1.902611 0.273367 3.056407 0.772645665 0 -0.63483752 0 0
1.904658 0.271509 3.059074 0.907105796 0 -0.42090269 0 0
1.902611 0.269914 3.056407 0.772645665 0 -0.63483752 0 0
1.904658 0.269914 3.059074 0.907105796 0 -0.42090269 0 0
1.904951 0.271509 3.060419 0.96132747 0 0.27540787 0 0
1.904951 0.273367 3.060419 0.96132747 0 0.27540787 0 0
1.904951 0.269914 3.060419 0.961353943 0 0.275315448 0 0
1.904951 0.27522 3.060419 0.961353943 0 0.275315448 0 0
1.904658 0.27522 3.059074 0.907105796 0 -0.42090269 0 0
1.902611 0.27522 3.056407 0.772645665 0 -0.63483752 0 0
1.882412 0.268203 3.031698 0.649517995 -0.640517746 -0.409711351 0 0
1.873251 0.267854 3.016048 0.277414187 -0.95304874 -0.121406209 0 0
1.87388 0.268203 3.015912 0.697114099 -0.64671308 -0.30950626 0 0
1.881816 0.267854 3.031916 0.262203371 -0.951112227 -0.163202098 0 0
1.890396 0.267854 3.043758 0.242711745 -0.950846013 -0.192309306 0 0
1.890958 0.268203 3.043459 0.600204778 -0.639805093 -0.480003821 0 0
1.897571 0.267854 3.051971 0.232300657 -0.951202692 -0.203100575 0 0
1.898104 0.268203 3.051604 0.577023009 -0.640925557 -0.506220186 0 0
1.891145 0.268851 3.043359 0.770791548 -0.155998289 -0.617693227 0 0
1.88261 0.268851 3.031626 0.835096468 -0.155399343 -0.527697768 0 0
1.898282 0.268851 3.051481 0.741786837 -0.158697184 -0.651588438 0 0
1.87409 0.268851 3.015867 0.902326213 -0.158104593 -0.40101165 0 0
1.904493 0.268205 3.059212 0.71703472 -0.611029587 -0.335416241 0 0
1.901923 0.267854 3.056952 0.236897297 -0.951989138 -0.193897788 0 0
1.902439 0.268203 3.056543 0.592220023 -0.642321717 -0.486516449 0 0
1.903997 0.267861 3.059628 0.308202296 -0.941907017 -0.133500995 0 0
1.904342 0.26788 3.060924 0.578534311 -0.737543741 0.348320658 0 0
1.904799 0.26821 3.060545 0.850395297 -0.470297399 0.235898695 0 0
1.904951 0.268851 3.060419 0.965755885 -0.095305515 0.241313964 0 0
1.904658 0.268851 3.059074 0.89413032 -0.150905117 -0.421614297 0 0
1.902611 0.268851 3.056407 0.762608129 -0.160601712 -0.62660668 0 0
1.853326 0.279026 2.814906 -0.000199999996 0.99999998 0 0 0
1.849843 0.278998 2.846104 -0.0237004519 0.99971906 -0.00030000572 0 0
1.852587 0.279026 2.846104 -9.99999995e-05 0.999999995 0 0 0
1.850594 0.278998 2.814878 -0.0239003258 0.999713626 -0.00120001636 0 0
1.847557 0.278913 2.846104 -0.0699037434 0.99755342 -0.000800042843 0 0
1.848317 0.278913 2.814856 -0.070400867 0.997512284 -0.00360004433 0 0
1.852846 0.278998 2.785881 -0.0242999977 0.999699905 -0.00309999971 0 0
1.855544 0.279026 2.78599 -0.000299999985 0.99999995 -9.9999995e-05 0 0
1.85735 0.278998 2.760227 -0.0245993997 0.999675603 -0.00659983893 0 0
1.859981 0.279026 2.760499 -0.000499999928 0.999999855 -0.000199999971 0 0
1.850598 0.278913 2.785791 -0.0714003799 0.997405306 -0.00920004894 0 0
1.855158 0.278913 2.760001 -0.0721006269 0.997208671 -0.0194001687 0 0
1.858243 0.278998 2.786098 0.0235004612 0.99971962 0.00290005691 0 0
1.856058 0.278998 2.814933 0.0235005458 0.999723219 0.00110002555 0 0
1.860491 0.278913 2.786189 0.0694036486 0.997552443 0.00850044688 0 0
1.858335 0.278913 2.814955 0.0692993136 0.997590119 0.00339996632 0 0
1.862612 0.278998 2.760771 0.0232002978 0.999712831 0.00600007701 0 0
1.864804 0.278913 2.760997 0.0686987737 0.997482195 0.0175996858 0 0
1.85533 0.278998 2.846104 0.0235005596 0.999723804 0.000200004762 0 0
1.857616 0.278913 2.846104 0.069299692 0.997595566 0.000799996444 0 0
1.853326 0.267555 2.814906 -0.000199999996 -0.99999998 0 0 0
1.85533 0.267589 2.846104 0.0277004496 -0.999616224 0.000300004869 0 0
1.852587 0.267555 2.846104 -9.99999995e-05 -0.999999995 0 0 0
1.856058 0.267589 2.814933 0.0277004274 -0.999615424 0.00130002006 0 0
1.857616 0.267688 2.846104 0.0817046058 -0.996656183 0.000900050737 0 0
1.858335 0.267688 2.814955 0.0817039852 -0.996648613 0.00400019511 0 0
1.858243 0.267589 2.786098 0.0277002907 -0.999610491 0.00340003568 0 0
1.855544 0.267555 2.78599 -0.000399999966 -0.999999915 -9.99999915e-05 0 0
1.862612 0.267589 2.760771 0.0273000758 -0.999602774 0.00700001943 0 0
1.859981 0.267555 2.760499 -0.000599999865 -0.999999775 -0.000299999933 0 0
1.860491 0.267688 2.786189 0.0817998855 -0.996598605 0.009999986 0 0
1.864804 0.267688 2.760997 0.0809004166 -0.996505132 0.0208001071 0 0
1.852846 0.267589 2.785881 -0.0286994613 -0.999581238 -0.00369993055 0 0
1.850594 0.267589 2.814878 -0.0282000372 -0.999601319 -0.00140000185 0 0
1.850598 0.267688 2.785791 -0.0840998074 -0.996397718 -0.010899975 0 0
1.848317 0.267688 2.814856 -0.083003331 -0.996539992 -0.00430017257 0 0
1.85735 0.267589 2.760227 -0.0290014198 -0.999548934 -0.00780038188 0 0
1.855158 0.267688 2.760001 -0.0850015037 -0.996117621 -0.0229004051 0 0
1.849843 0.267589 2.846104 -0.0280002205 -0.999607872 -0.000300002363 0 0
1.847557 0.267688 2.846104 -0.0823005823 -0.996607051 -0.00100000708 0 0
1.900372 0.278451 2.692236 0.654712476 0.0634012081 -0.753214353 0 0
1.902092 0.278751 2.693802 0.640864302 0.303383101 -0.70516072 0 0
1.902308 0.278449 2.693949 0.670815805 0.0710016728 -0.738217393 0 0
1.900351 0.278762 2.692261 0.628298106 0.286499136 -0.723297819 0 0
1.901922 0.278873 2.693735 0.51393104 0.642638813 -0.56823432 0 0
1.900308 0.278893 2.692312 0.499625359 0.647232851 -0.575729222 0 0
1.903519 0.27874 2.695121 0.639838379 0.39162349 -0.661239662 0 0
1.903891 0.278446 2.695413 0.697758496 0.109209155 -0.707959351 0 0
1.903015 0.278833 2.694727 0.531540457 0.63484832 -0.56074268 0 0
1.898583 0.278751 2.690753 0.605821177 0.314210983 -0.73092555 0 0
1.898407 0.278449 2.690558 0.636697358 0.0745996904 -0.767496815 0 0
1.897077 0.27874 2.689528 0.557407899 0.411105825 -0.721310221 0 0
1.896736 0.278446 2.689198 0.598682692 0.117796595 -0.792277096 0 0
1.898673 0.278873 2.690915 0.4854822 0.65077614 -0.583778596 0 0
1.897537 0.278833 2.689974 0.470232887 0.652045602 -0.594741595 0 0
1.898348 0.277837 2.690493 0.639944497 0.0102007093 -0.768353425 0 0
1.900379 0.277837 2.692228 0.656110048 0.00900013784 -0.754611557 0 0
1.898348 0.276799 2.690493 0.640420443 0 -0.768024516 0 0
1.900379 0.276799 2.692228 0.656136623 0 -0.754642122 0 0
1.896622 0.277837 2.689088 0.605894144 0.0155998492 -0.795392313 0 0
1.896622 0.276799 2.689088 0.607843511 0 -0.794056841 0 0
1.90238 0.277837 2.693998 0.671255485 0.00980081012 -0.741161263 0 0
1.904016 0.277837 2.695511 0.699292633 0.0142998494 -0.714692471 0 0
1.90238 0.276799 2.693998 0.670923798 0 -0.741526302 0 0
1.904016 0.276799 2.695511 0.697947595 0 -0.716148836 0 0
1.846268 0.278454 2.814836 -0.738387322 0.67328844 -0.0382993424 0 0
1.845271 0.277837 2.846104 -0.984315306 0.176002737 -0.0121001882 0 0
1.8455 0.278454 2.846104 -0.736393295 0.676493841 -0.00899991806 0 0
1.846041 0.277837 2.814833 -0.983287837 0.174797838 -0.0508993704 0 0
1.845271 0.276799 2.846104 -0.999924348 0 -0.0123002995 0 0
1.846041 0.276799 2.814833 -0.998657325 0 -0.0518029736 0 0
1.848349 0.277837 2.7857 -0.977098901 0.172199806 -0.124999859 0 0
1.848574 0.278454 2.785709 -0.738955701 0.667050281 -0.0948071464 0 0
1.852966 0.277837 2.759775 -0.953337248 0.167606549 -0.251109811 0 0
1.853185 0.278454 2.759798 -0.729338003 0.656334199 -0.193110062 0 0
1.848349 0.276799 2.7857 -0.991864839 0 -0.127295487 0 0
1.852966 0.276799 2.759775 -0.966678303 0 -0.255994254 0 0
1.849249 0.278773 2.785737 -0.272712489 0.96144403 -0.0354016213 0 0
1.846951 0.278773 2.814842 -0.269102717 0.963009722 -0.0140001413 0 0
1.853843 0.278773 2.759865 -0.275018188 0.958563392 -0.0743049139 0 0
1.846186 0.278773 2.846104 -0.266719008 0.963768685 -0.0033002352 0 0
1.860384 0.278454 2.814976 0.732709961 0.679609239 0.035600484 0 0
1.858987 0.278773 2.846104 0.264402152 0.96440785 0.00300002442 0 0
1.859673 0.278454 2.846104 0.733806791 0.679306287 0.00840007774 0 0
1.859701 0.278773 2.814969 0.263916573 0.964460565 0.0128008039 0 0
1.86184 0.278773 2.786243 0.263296559 0.964187398 0.0318995831 0 0
1.862515 0.278454 2.786271 0.729091404 0.678591999 0.0890989495 0 0
1.866119 0.278773 2.761133 0.259001502 0.963605589 0.066200384 0 0
1.866777 0.278454 2.761201 0.712898082 0.67639818 0.185099502 0 0
1.862739 0.277837 2.78628 0.97748113 0.173996641 0.119397695 0 0
1.860611 0.277837 2.814978 0.983287871 0.175697833 0.0476994116 0 0
1.862739 0.276799 2.78628 0.992675744 0 0.120809218 0 0
1.860611 0.276799 2.814978 0.998827968 0 0.0484013553 0 0
1.866996 0.277837 2.761223 0.95360217 0.170700388 0.248000564 0 0
1.866996 0.276799 2.761223 0.968164046 0 0.250316559 0 0
1.859902 0.277837 2.846104 0.984273612 0.176295274 0.0111996997 0 0
1.859902 0.276799 2.846104 0.999935013 0 0.0114003992 0 0
1.900379 0.273367 2.692228 0.656136623 0 -0.754642122 0 0
1.90238 0.27522 2.693998 0.670923798 0 -0.741526302 0 0
1.90238 0.273367 2.693998 0.670923798 0 -0.741526302 0 0
1.900379 0.27522 2.692228 0.656136623 0 -0.754642122 0 0
1.904016 0.27522 2.695511 0.697947595 0 -0.716148836 0 0
1.904016 0.273367 2.695511 0.69789761 0 -0.716197547 0 0
1.898348 0.27522 2.690493 0.640420443 0 -0.768024516 0 0
1.898348 0.273367 2.690493 0.640420443 0 -0.768024516 0 0
1.896622 0.27522 2.689088 0.607906562 0 -0.794008571 0 0
1.896622 0.273367 2.689088 0.607906562 0 -0.794008571 0 0
1.898348 0.271509 2.690493 0.640420443 0 -0.768024516 0 0
1.900379 0.271509 2.692228 0.656136623 0 -0.754642122 0 0
1.898348 0.269914 2.690493 0.640420443 0 -0.768024516 0 0
1.900379 0.269914 2.692228 0.656136623 0 -0.754642122 0 0
1.896622 0.271509 2.689088 0.607843511 0 -0.794056841 0 0
1.896622 0.269914 2.689088 0.607843511 0 -0.794056841 0 0
1.90238 0.271509 2.693998 0.670923798 0 -0.741526302 0 0
1.904016 0.271509 2.695511 0.697947595 0 -0.716148836 0 0
1.90238 0.269914 2.693998 0.670923798 0 -0.741526302 0 0
1.904016 0.269914 2.695511 0.697947595 0 -0.716148836 0 0
1.900372 0.268207 2.692236 0.654927465 -0.0584024492 -0.753431596 0 0
1.90238 0.268851 2.693998 0.671208937 -0.00930012383 -0.741209869 0 0
1.902308 0.26821 2.693949 0.670928874 -0.0654028147 -0.738631788 0 0
1.900379 0.268851 2.692228 0.656112358 -0.00860016199 -0.754614213 0 0
1.904016 0.268851 2.695511 0.699247404 -0.0137009288 -0.714748454 0 0
1.903891 0.268213 2.695414 0.698220678 -0.100302971 -0.708820992 0 0
1.898348 0.268851 2.690493 0.640006727 -0.00970010195 -0.768308075 0 0
1.898407 0.26821 2.690558 0.63704715 -0.0687050851 -0.767756824 0 0
1.896622 0.268851 2.689088 0.605948808 -0.0149012003 -0.795364065 0 0
1.896736 0.268213 2.689198 0.599513043 -0.108202354 -0.793017252 0 0
1.898583 0.26788 2.690753 0.613100254 -0.276600115 -0.740000307 0 0
1.900351 0.267867 2.692261 0.634724434 -0.251609686 -0.730628126 0 0
1.898673 0.267735 2.690915 0.513982214 -0.593979446 -0.618878584 0 0
1.900308 0.267712 2.692312 0.528717715 -0.590919799 -0.609320416 0 0
1.897077 0.267893 2.689528 0.567722905 -0.368914884 -0.735929692 0 0
1.897537 0.267783 2.689974 0.499220486 -0.592724323 -0.632025936 0 0
1.902092 0.26788 2.693802 0.648217382 -0.266707152 -0.713219125 0 0
1.903519 0.267893 2.695121 0.651798996 -0.349999461 -0.672798964 0 0
1.901922 0.267735 2.693735 0.54411828 -0.585619674 -0.600820185 0 0
1.903015 0.267783 2.694727 0.562913032 -0.575213316 -0.59351374 0 0
1.846268 0.268203 2.814836 -0.755213466 -0.654311666 -0.0391006972 0 0
1.846186 0.267854 2.846104 -0.292699314 -0.956197758 -0.00359999156 0 0
1.8455 0.268203 2.846104 -0.753399077 -0.657499195 -0.00919998873 0 0
1.846951 0.267854 2.814842 -0.295294487 -0.955282165 -0.0153997125 0 0
1.849249 0.267854 2.785737 -0.29889867 -0.953495757 -0.0387998273 0 0
1.848574 0.268203 2.785709 -0.755436488 -0.648031301 -0.0968046758 0 0
1.853843 0.267854 2.759866 -0.301196816 -0.950089958 -0.0812991407 0 0
1.853185 0.268203 2.759798 -0.744990799 -0.637292129 -0.197097566 0 0
1.848349 0.268851 2.7857 -0.978358733 -0.164809894 -0.12510751 0 0
1.846041 0.268851 2.814833 -0.984586487 -0.167297704 -0.0509993 0 0
1.848349 0.269914 2.7857 -0.991864839 0 -0.127295487 0 0
1.846041 0.269914 2.814833 -0.998657325 0 -0.0518029736 0 0
1.852966 0.268851 2.759775 -0.954466925 -0.160411248 -0.251517636 0 0
1.852966 0.269914 2.759775 -0.966678303 0 -0.255994254 0 0
1.845271 0.268851 2.846104 -0.985626602 -0.168504548 -0.0121003266 0 0
1.845271 0.269914 2.846104 -0.999924348 0 -0.0123002995 0 0
1.846041 0.273367 2.814833 -0.998657325 0 -0.0518029736 0 0
1.845271 0.271509 2.846104 -0.999924348 0 -0.0123002995 0 0
1.845271 0.273367 2.846104 -0.999924348 0 -0.0123002995 0 0
1.846041 0.271509 2.814833 -0.998657325 0 -0.0518029736 0 0
1.848349 0.271509 2.7857 -0.991864839 0 -0.127295487 0 0
1.848349 0.273367 2.7857 -0.991864839 0 -0.127295487 0 0
1.852966 0.271509 2.759775 -0.966678303 0 -0.255994254 0 0
1.852966 0.273367 2.759775 -0.966678303 0 -0.255994254 0 0
1.848349 0.27522 2.7857 -0.991864839 0 -0.127295487 0 0
1.846041 0.27522 2.814833 -0.998657325 0 -0.0518029736 0 0
1.852966 0.27522 2.759775 -0.966678303 0 -0.255994254 0 0
1.845271 0.27522 2.846104 -0.999924348 0 -0.0123002995 0 0
1.860611 0.273367 2.814978 0.998827968 0 0.0484013553 0 0
1.859902 0.27522 2.846104 0.999935013 0 0.0114003992 0 0
1.859902 0.273367 2.846104 0.999935013 0 0.0114003992 0 0
1.860611 0.27522 2.814978 0.998827968 0 0.0484013553 0 0
1.862739 0.27522 2.78628 0.992675744 0 0.120809218 0 0
1.862739 0.273367 2.78628 0.992675744 0 0.120809218 0 0
1.866996 0.27522 2.761223 0.968164046 0 0.250316559 0 0
1.866996 0.273367 2.761223 0.968164046 0 0.250316559 0 0
1.862739 0.271509 2.78628 0.992675744 0 0.120809218 0 0
1.860611 0.271509 2.814978 0.998827968 0 0.0484013553 0 0
1.862739 0.269914 2.78628 0.992675744 0 0.120809218 0 0
1.860611 0.269914 2.814978 0.998827968 0 0.0484013553 0 0
1.866996 0.271509 2.761223 0.968164046 0 0.250316559 0 0
1.866996 0.269914 2.761223 0.968164046 0 0.250316559 0 0
1.859902 0.271509 2.846104 0.999935013 0 0.0114003992 0 0
1.859902 0.269914 2.846104 0.999935013 0 0.0114003992 0 0
1.860384 0.268203 2.814976 0.750017581 -0.66041548 0.0364008532 0 0
1.859902 0.268851 2.846104 0.985587069 -0.168797785 0.0111998531 0 0
1.859673 0.268203 2.846104 0.751022907 -0.660220137 0.00860026231 0 0
1.860611 0.268851 2.814978 0.984610038 -0.168101714 0.0478004873 0 0
1.862739 0.268851 2.78628 0.978779172 -0.166396459 0.119597455 0 0
1.862515 0.268203 2.786271 0.746409315 -0.659208227 0.0912011382 0 0
1.866996 0.268851 2.761223 0.954857045 -0.16320975 0.248214829 0 0
1.866777 0.268203 2.761201 0.73004441 -0.656539939 0.189711541 0 0
1.86184 0.267854 2.786243 0.289298545 -0.956595188 0.0350998234 0 0
1.859701 0.267854 2.814969 0.289823527 -0.956977686 0.0140011366 0 0
1.866119 0.267854 2.761133 0.284621256 -0.955871387 0.0728054373 0 0
1.858987 0.267854 2.846104 0.290308333 -0.956927469 0.00330009473 0 0
1.876257 0.279026 2.722946 -0.000299999973 0.99999991 -0.000299999973 0 0
1.869894 0.278998 2.740118 0.022699848 0.999693307 0.00989993372 0 0
1.878639 0.278998 2.723815 0.0215995298 0.999678237 0.0132997105 0 0
1.867376 0.279026 2.739575 -0.000499999915 0.99999983 -0.000299999949 0 0
1.871992 0.278913 2.74057 0.0672004203 0.997306238 0.0294001839 0 0
1.880625 0.278913 2.724539 0.0636991789 0.997187146 0.0394994909 0 0
1.864858 0.278998 2.739032 -0.0239013641 0.999657052 -0.0107006107 0 0
1.873874 0.278998 2.722076 -0.0225011294 0.999650174 -0.0139006977 0 0
1.86276 0.278913 2.738579 -0.070202923 0.997041513 -0.0313013033 0 0
1.871889 0.278913 2.721352 -0.0661986827 0.99698016 -0.0405991921 0 0
1.882906 0.278998 2.709145 -0.0208012227 0.999658762 -0.0158009288 0 0
1.885153 0.279026 2.710341 -0.000199999992 0.99999996 -0.000199999992 0 0
1.890459 0.278998 2.700022 -0.0193996852 0.99968378 -0.0159997404 0 0
1.892593 0.279026 2.701491 0 1 0 0 0
1.881033 0.278913 2.708148 -0.0611040507 0.997066098 -0.0461030563 0 0
1.888681 0.278913 2.698797 -0.0573033991 0.997259154 -0.0468027762 0 0
1.8874 0.278998 2.711537 0.0199995655 0.999678282 0.0155996611 0 0
1.889272 0.278913 2.712534 0.0589987669 0.997179159 0.0463990303 0 0
1.894726 0.278998 2.70296 0.0190996766 0.999683076 0.0163997224 0 0
1.896504 0.278913 2.704184 0.0562017431 0.99723093 0.0487015105 0 0
1.899412 0.279013 2.693378 0.0113005389 0.999847684 -0.0133006343 0 0
1.89917 0.278998 2.697758 0.0200998558 0.999692827 0.014499896 0 0
1.901375 0.278985 2.695042 0.0320994808 0.999483833 0.00129997897 0 0
1.897105 0.279026 2.696123 0.00109999826 0.999998415 -0.00139999778 0 0
1.90089 0.278913 2.69912 0.0572014478 0.997325243 0.0455011516 0 0
1.903012 0.278903 2.69643 0.0764029091 0.996737952 0.02600099 0 0
1.89504 0.278998 2.694488 -0.0177998556 0.999691893 -0.0172998597 0 0
1.897446 0.278985 2.691717 -0.00720006358 0.999508826 -0.0305002693 0 0
1.893319 0.278913 2.693125 -0.054701588 0.997328953 -0.0484014051 0 0
1.895807 0.278903 2.690333 -0.0399021049 0.996852585 -0.0685036137 0 0
1.898476 0.278948 2.690881 0.205213535 0.938161879 -0.27881839 0 0
1.900238 0.278973 2.692396 0.214218692 0.944982458 -0.247221572 0 0
1.897003 0.278873 2.689617 0.229210057 0.901939573 -0.366016059 0 0
1.901988 0.278948 2.693925 0.253409071 0.934333445 -0.250608971 0 0
1.903449 0.278873 2.695203 0.340596437 0.893390655 -0.292996935 0 0
1.899412 0.267571 2.693378 0.0133998252 -0.999786958 -0.0156997952 0 0
1.901988 0.267648 2.693925 0.28241064 -0.918034588 -0.278310486 0 0
1.901375 0.267603 2.695042 0.0378992581 -0.999280439 0.00149997064 0 0
1.900238 0.267618 2.692396 0.240611351 -0.930043876 -0.277713101 0 0
1.903449 0.267735 2.695203 0.371725254 -0.873259327 -0.315021402 0 0
1.903012 0.2677 2.69643 0.0899974527 -0.995471824 0.0305991339 0 0
1.898476 0.267648 2.690881 0.228404484 -0.922318105 -0.311706119 0 0
1.897446 0.267603 2.691717 -0.00850013286 -0.999315619 -0.0360005627 0 0
1.897003 0.267735 2.689617 0.246601768 -0.882306326 -0.400902874 0 0
1.895807 0.2677 2.690333 -0.0470013901 -0.995629446 -0.0807023868 0 0
1.89504 0.267589 2.694488 -0.0210014974 -0.999571267 -0.0204014546 0 0
1.897105 0.267555 2.696123 0.00129999724 -0.999997875 -0.0015999966 0 0
1.890459 0.267589 2.700022 -0.0229013527 -0.999559041 -0.0189011164 0 0
1.892593 0.267555 2.701491 0 -1 0 0 0
1.893319 0.267688 2.693125 -0.0644992602 -0.996288573 -0.0569993462 0 0
1.888681 0.267688 2.698797 -0.0675989441 -0.99618444 -0.0551991378 0 0
1.89917 0.267589 2.697758 0.0237017261 -0.999572797 0.0171012454 0 0
1.90089 0.267688 2.69912 0.0673986473 -0.996280005 0.0536989223 0 0
1.894726 0.267589 2.70296 0.0226013166 -0.999558226 0.0193011243 0 0
1.896504 0.267688 2.704184 0.0662035615 -0.99615359 0.0574030881 0 0
1.876257 0.267555 2.722946 -0.00039999995 -0.999999875 -0.000299999963 0 0
1.8874 0.267589 2.711537 0.02360123 -0.999552093 0.018400959 0 0
1.878639 0.267589 2.723815 0.0255013135 -0.999551483 0.0157008087 0 0
1.885153 0.267555 2.710341 -0.000199999992 -0.99999996 -0.000199999992 0 0
1.889272 0.267688 2.712534 0.0694986952 -0.996081299 0.054698973 0 0
1.880625 0.267688 2.724539 0.0750989944 -0.996086662 0.046599376 0 0
1.882906 0.267589 2.709145 -0.0245006559 -0.999526758 -0.0186004979 0 0
1.873874 0.267589 2.722076 -0.026600309 -0.999511609 -0.0164001905 0 0
1.881033 0.267688 2.708148 -0.0720014339 -0.995919834 -0.0544010834 0 0
1.871889 0.267688 2.721352 -0.0780005273 -0.995806732 -0.0478003231 0 0
1.864858 0.267589 2.739032 -0.0282006451 -0.999522864 -0.0126002882 0 0
1.867376 0.267555 2.739575 -0.000499999898 -0.999999795 -0.000399999918 0 0
1.86276 0.267688 2.738579 -0.0826992677 -0.995891181 -0.0368996733 0 0
1.869894 0.267589 2.740118 0.0268019381 -0.999572282 0.0117008461 0 0
1.871992 0.267688 2.74057 0.07920431 -0.996254213 0.0347018884 0 0
1.894333 0.278453 2.689077 -0.458114593 0.633820191 -0.623219853 0 0
1.895537 0.277837 2.688307 0.0600007938 0.104501383 -0.992713134 0 0
1.894169 0.277837 2.688936 -0.587401815 0.159100492 -0.793502452 0 0
1.895683 0.278449 2.68844 0.0859035883 0.496220728 -0.863936087 0 0
1.895537 0.276799 2.688307 0.0958991384 0 -0.995391056 0 0
1.894169 0.276799 2.688936 -0.590808602 0 -0.806811747 0 0
1.896122 0.278751 2.68884 0.253521354 0.758963926 -0.599750516 0 0
1.894824 0.278767 2.689497 -0.173704278 0.952823468 -0.248906131 0 0
1.892287 0.278773 2.692308 -0.211209977 0.960345363 -0.182008597 0 0
1.891771 0.278454 2.691899 -0.568802525 0.66220294 -0.487802166 0 0
1.887614 0.278773 2.698062 -0.217701213 0.959905347 -0.176600984 0 0
1.887081 0.278454 2.697695 -0.583019182 0.661421761 -0.471815523 0 0
1.891599 0.277837 2.691763 -0.748408562 0.168001922 -0.64160734 0 0
1.891599 0.276799 2.691763 -0.759087168 0 -0.650988995 0 0
1.886903 0.277837 2.697573 -0.76682024 0.166404392 -0.619916363 0 0
1.886903 0.276799 2.697573 -0.777717402 0 -0.628614065 0 0
1.870102 0.278454 2.7207 -0.652742942 0.646742547 -0.394525955 0 0
1.879161 0.277837 2.707152 -0.791246903 0.162409627 -0.589534946 0 0
1.869903 0.277837 2.720628 -0.845095331 0.16099911 -0.509797183 0 0
1.879348 0.278454 2.707252 -0.608407067 0.651007561 -0.453905272 0 0
1.879161 0.276799 2.707152 -0.801581175 0 -0.597885959 0 0
1.869903 0.276799 2.720628 -0.855687704 0 -0.517492564 0 0
1.87991 0.278773 2.707551 -0.231699849 0.957099378 -0.173999887 0 0
1.870697 0.278773 2.720917 -0.250715749 0.955860044 -0.153209624 0 0
1.861501 0.278773 2.738307 -0.266496277 0.956486638 -0.11879834 0 0
1.860871 0.278454 2.738172 -0.69651245 0.649211605 -0.305605463 0 0
1.860661 0.277837 2.738126 -0.903960432 0.163010898 -0.395326428 0 0
1.860661 0.276799 2.738126 -0.915633256 0 -0.402014601 0 0
1.882412 0.278454 2.725191 0.634943625 0.660745398 0.400327505 0 0
1.87409 0.277837 2.741023 0.90121537 0.165302819 0.400606832 0 0
1.88261 0.277837 2.725264 0.834115235 0.162502968 0.527109628 0 0
1.87388 0.278454 2.740978 0.681132443 0.666831762 0.3023144 0 0
1.87409 0.276799 2.741023 0.914441402 0 0.404718324 0 0
1.88261 0.276799 2.725264 0.846037391 0 0.533123562 0 0
1.873251 0.278773 2.740842 0.252706205 0.961223603 0.110402711 0 0
1.881816 0.278773 2.724974 0.238901513 0.959606079 0.148600941 0 0
1.890396 0.278773 2.713132 0.221308275 0.95933587 0.175206551 0 0
1.890958 0.278454 2.713431 0.586814409 0.659916204 0.469211522 0 0
1.897571 0.278773 2.704919 0.211892599 0.959566483 0.185293528 0 0
1.898104 0.278454 2.705286 0.564313865 0.660616232 0.495112165 0 0
1.891145 0.277837 2.713531 0.769885904 0.163097014 0.616988703 0 0
1.891145 0.276799 2.713531 0.780751715 0 0.624841388 0 0
1.898282 0.277837 2.705409 0.740901385 0.16590031 0.650801217 0 0
1.898282 0.276799 2.705409 0.751187436 0 0.66008896 0 0
1.904493 0.278453 2.697678 0.704047803 0.629542744 0.328622313 0 0
1.902611 0.277837 2.700483 0.76169888 0.167899753 0.62579908 0 0
1.904658 0.277837 2.697816 0.893080652 0.157596586 0.421390871 0 0
1.902439 0.278454 2.700347 0.579335036 0.661640014 0.476028789 0 0
1.902611 0.276799 2.700483 0.772645665 0 0.63483752 0 0
1.904658 0.276799 2.697816 0.907105796 0 0.42090269 0 0
1.901923 0.278773 2.699938 0.2161025 0.96021111 0.176902047 0 0
1.903997 0.278767 2.697262 0.282997456 0.951291448 0.122298901 0 0
1.904342 0.278751 2.695966 0.560101678 0.750202247 -0.351401052 0 0
1.904799 0.278449 2.696345 0.83945515 0.488532095 -0.238015637 0 0
1.904951 0.277837 2.696471 0.965594506 0.0998994316 -0.240098634 0 0
1.904951 0.276799 2.696471 0.96132747 0 -0.27540787 0 0
1.894169 0.273367 2.688936 -0.590921362 0 -0.806729164 0 0
1.895537 0.271509 2.688307 0.0958000575 0 -0.995400597 0 0
1.894169 0.271509 2.688936 -0.590873692 0 -0.80676408 0 0
1.895537 0.273367 2.688307 0.0958991384 0 -0.995391056 0 0
1.895537 0.269914 2.688307 0.0958000575 0 -0.995400597 0 0
1.894169 0.269914 2.688936 -0.590873692 0 -0.80676408 0 0
1.895537 0.27522 2.688307 0.0958991384 0 -0.995391056 0 0
1.894169 0.27522 2.688936 -0.590873692 0 -0.80676408 0 0
1.891599 0.27522 2.691763 -0.759087168 0 -0.650988995 0 0
1.891599 0.273367 2.691763 -0.759087168 0 -0.650988995 0 0
1.886903 0.27522 2.697573 -0.777717402 0 -0.628614065 0 0
1.886903 0.273367 2.697573 -0.777717402 0 -0.628614065 0 0
1.891599 0.271509 2.691763 -0.759087168 0 -0.650988995 0 0
1.891599 0.269914 2.691763 -0.759087168 0 -0.650988995 0 0
1.886903 0.271509 2.697573 -0.777717402 0 -0.628614065 0 0
1.886903 0.269914 2.697573 -0.777717402 0 -0.628614065 0 0
1.869903 0.273367 2.720628 -0.855687704 0 -0.517492564 0 0
1.879161 0.271509 2.707152 -0.801581175 0 -0.597885959 0 0
1.869903 0.271509 2.720628 -0.855687704 0 -0.517492564 0 0
1.879161 0.273367 2.707152 -0.801581175 0 -0.597885959 0 0
1.879161 0.269914 2.707152 -0.801581175 0 -0.597885959 0 0
1.869903 0.269914 2.720628 -0.855687704 0 -0.517492564 0 0
1.879161 0.27522 2.707152 -0.801581175 0 -0.597885959 0 0
1.869903 0.27522 2.720628 -0.855687704 0 -0.517492564 0 0
1.860661 0.27522 2.738126 -0.915633256 0 -0.402014601 0 0
1.860661 0.273367 2.738126 -0.915633256 0 -0.402014601 0 0
1.860661 0.271509 2.738126 -0.915633256 0 -0.402014601 0 0
1.860661 0.269914 2.738126 -0.915633256 0 -0.402014601 0 0
1.894333 0.268205 2.689077 -0.467285657 -0.615281114 -0.634880513 0 0
1.896122 0.26788 2.68884 0.247212653 -0.746438204 -0.617831621 0 0
1.894824 0.267861 2.689497 -0.189400806 -0.943704015 -0.271201154 0 0
1.895683 0.26821 2.68844 0.0818062907 -0.478136768 -0.874467245 0 0
1.895537 0.268851 2.688307 0.0613022848 -0.0996037123 -0.993137015 0 0
1.894169 0.268851 2.688936 -0.587931438 -0.152308144 -0.79444248 0 0
1.891599 0.268851 2.691763 -0.749305661 -0.160801215 -0.642404853 0 0
1.891771 0.268203 2.691899 -0.581423406 -0.642825877 -0.498720076 0 0
1.886903 0.268851 2.697573 -0.767709051 -0.159201877 -0.620707318 0 0
1.887081 0.268203 2.697695 -0.596114244 -0.641815336 -0.482411527 0 0
1.892287 0.267854 2.692308 -0.231513091 -0.952153841 -0.199511282 0 0
1.887614 0.267854 2.698062 -0.238717949 -0.951571547 -0.193714565 0 0
1.870102 0.268203 2.7207 -0.666702954 -0.627102778 -0.402801784 0 0
1.87991 0.267854 2.707551 -0.253802845 -0.948310631 -0.190502136 0 0
1.870697 0.267854 2.720917 -0.274491818 -0.946871774 -0.167595004 0 0
1.879348 0.268203 2.707252 -0.62165667 -0.631257545 -0.463742274 0 0
1.879161 0.268851 2.707152 -0.792136594 -0.155407179 -0.590227266 0 0
1.869903 0.268851 2.720628 -0.845982129 -0.153996747 -0.510489216 0 0
1.860661 0.268851 2.738126 -0.904937637 -0.156006488 -0.395916467 0 0
1.860871 0.268203 2.738172 -0.711437828 -0.629733484 -0.311916585 0 0
1.861501 0.267854 2.738307 -0.291713323 -0.94764328 -0.129905933 0 0
1.88261 0.273367 2.725264 0.846037391 0 0.533123562 0 0
1.87409 0.271509 2.741023 0.914441402 0 0.404718324 0 0
1.88261 0.271509 2.725264 0.846037391 0 0.533123562 0 0
1.87409 0.273367 2.741023 0.914441402 0 0.404718324 0 0
1.87409 0.269914 2.741023 0.914441402 0 0.404718324 0 0
1.88261 0.269914 2.725264 0.846037391 0 0.533123562 0 0
1.87409 0.27522 2.741023 0.914441402 0 0.404718324 0 0
1.88261 0.27522 2.725264 0.846037391 0 0.533123562 0 0
1.891145 0.27522 2.713531 0.780790756 0 0.624792602 0 0
1.891145 0.273367 2.713531 0.780751715 0 0.624841388 0 0
1.898282 0.27522 2.705409 0.751187436 0 0.66008896 0 0
1.898282 0.273367 2.705409 0.751187436 0 0.66008896 0 0
1.891145 0.271509 2.713531 0.780751715 0 0.624841388 0 0
1.891145 0.269914 2.713531 0.780751715 0 0.624841388 0 0
1.898282 0.271509 2.705409 0.751187436 0 0.66008896 0 0
1.898282 0.269914 2.705409 0.751187436 0 0.66008896 0 0
1.904658 0.273367 2.697816 0.907105796 0 0.42090269 0 0
1.902611 0.271509 2.700483 0.772645665 0 0.63483752 0 0
1.904658 0.271509 2.697816 0.907105796 0 0.42090269 0 0
1.902611 0.273367 2.700483 0.772645665 0 0.63483752 0 0
1.902611 0.269914 2.700483 0.772645665 0 0.63483752 0 0
1.904658 0.269914 2.697816 0.907105796 0 0.42090269 0 0
1.902611 0.27522 2.700483 0.772645665 0 0.63483752 0 0
1.904658 0.27522 2.697816 0.907105796 0 0.42090269 0 0
1.904951 0.27522 2.696471 0.96132747 0 -0.27540787 0 0
1.904951 0.273367 2.696471 0.96132747 0 -0.27540787 0 0
1.904951 0.271509 2.696471 0.96132747 0 -0.27540787 0 0
1.904951 0.269914 2.696471 0.96132747 0 -0.27540787 0 0
1.882412 0.268203 2.725191 0.649575804 -0.640476143 0.40968474 0 0
1.873251 0.267854 2.740842 0.277414187 -0.95304874 0.121406209 0 0
1.881816 0.267854 2.724974 0.262203371 -0.951112227 0.163202098 0 0
1.87388 0.268203 2.740978 0.697159184 -0.646654897 0.309526277 0 0
1.87409 0.268851 2.741023 0.902290025 -0.158098252 0.401095566 0 0
1.88261 0.268851 2.725264 0.835096468 -0.155399343 0.527697768 0 0
1.891145 0.268851 2.713531 0.770803569 -0.155900722 0.61770286 0 0
1.890958 0.268203 2.713431 0.600204778 -0.639805093 0.480003821 0 0
1.898282 0.268851 2.705409 0.741786837 -0.158697184 0.651588438 0 0
1.898104 0.268203 2.705286 0.577023009 -0.640925557 0.506220186 0 0
1.890396 0.267854 2.713132 0.242805855 -0.95082293 0.192304637 0 0
1.897571 0.267854 2.704919 0.232300657 -0.951202692 0.203100575 0 0
1.904493 0.268205 2.697678 0.71703472 -0.611029587 0.335416241 0 0
1.901923 0.267854 2.699938 0.236897297 -0.951989138 0.193897788 0 0
1.903997 0.267861 2.697262 0.308202296 -0.941907017 0.133500995 0 0
1.902439 0.268203 2.700347 0.592220023 -0.642321717 0.486516449 0 0
1.902611 0.268851 2.700483 0.762608129 -0.160601712 0.62660668 0 0
1.904658 0.268851 2.697816 0.89414381 -0.150807389 0.421620658 0 0
1.904951 0.268851 2.696471 0.965732575 -0.0953032146 -0.241408143 0 0
1.904799 0.26821 2.696345 0.850395148 -0.470197318 -0.236098653 0 0
1.904342 0.26788 2.695966 0.578514156 -0.737518047 -0.348408526 0 0
1.853326 0.24215 2.941984 -0.000199999996 0.99999998 0 0 0
1.849843 0.242122 2.910785 -0.0237004519 0.99971906 0.00030000572 0 0
1.850594 0.242122 2.942011 -0.0239003258 0.999713626 0.00120001636 0 0
1.852587 0.24215 2.910785 -9.99999995e-05 0.999999995 0 0 0
1.849843 0.242122 2.878445 -0.0236005068 0.999721469 0 0 0
1.852587 0.24215 2.878445 0 1 0 0 0
1.847557 0.242037 2.910785 -0.0699037434 0.99755342 0.000800042843 0 0
1.848317 0.242037 2.942034 -0.070400867 0.997512284 0.00360004433 0 0
1.847557 0.242037 2.878445 -0.0694987487 0.997582039 0 0 0
1.85533 0.242122 2.910785 0.0235005596 0.999723804 -0.000200004762 0 0
1.856058 0.242122 2.941957 0.0235005458 0.999723219 -0.00110002555 0 0
1.857616 0.242037 2.910785 0.0693992102 0.997588648 -0.000799990896 0 0
1.858335 0.242037 2.941934 0.0692993136 0.997590119 -0.00339996632 0 0
1.85533 0.242122 2.878445 0.0236005068 0.999721469 0 0 0
1.857616 0.242037 2.878445 0.0694987487 0.997582039 0 0 0
1.858243 0.242122 2.970791 0.0235004612 0.99971962 -0.00290005691 0 0
1.855544 0.24215 2.9709 -0.000299999985 0.99999995 9.9999995e-05 0 0
1.862612 0.242122 2.996119 0.0232002978 0.999712831 -0.00600007701 0 0
1.859981 0.24215 2.996391 -0.000499999928 0.999999855 0.000199999971 0 0
1.860491 0.242037 2.970701 0.0694036486 0.997552443 -0.00850044688 0 0
1.864804 0.242037 2.995893 0.0686987737 0.997482195 -0.0175996858 0 0
1.852846 0.242122 2.971009 -0.0242999977 0.999699905 0.00309999971 0 0
1.850598 0.242037 2.971099 -0.0714003799 0.997405306 0.00920004894 0 0
1.85735 0.242122 2.996662 -0.0245993997 0.999675603 0.00659983893 0 0
1.855158 0.242037 2.996889 -0.0721006269 0.997208671 0.0194001687 0 0
1.853326 0.23068 2.941984 -0.000199999996 -0.99999998 0 0 0
1.85533 0.230713 2.910785 0.0277004496 -0.999616224 -0.000300004869 0 0
1.856058 0.230713 2.941957 0.0277004274 -0.999615424 -0.00130002006 0 0
1.852587 0.23068 2.910785 -9.99999995e-05 -0.999999995 0 0 0
1.85533 0.230713 2.878445 0.0278003753 -0.999613495 0 0 0
1.852587 0.23068 2.878445 0 -1 0 0 0
1.857616 0.230812 2.910785 0.0817046058 -0.996656183 -0.000900050737 0 0
1.858335 0.230812 2.941934 0.0817039852 -0.996648613 -0.00400019511 0 0
1.857616 0.230812 2.878445 0.0819033102 -0.99664028 0 0 0
1.849843 0.230713 2.910785 -0.0280002205 -0.999607872 0.000300002363 0 0
1.850594 0.230713 2.942011 -0.0282000372 -0.999601319 0.00140000185 0 0
1.847557 0.230812 2.910785 -0.0823005823 -0.996607051 0.00100000708 0 0
1.848317 0.230812 2.942034 -0.083003331 -0.996539992 0.00430017257 0 0
1.849843 0.230713 2.878445 -0.0278003753 -0.999613495 0 0 0
1.847557 0.230812 2.878445 -0.0819033102 -0.99664028 0 0 0
1.852846 0.230713 2.971009 -0.0286994613 -0.999581238 0.00369993055 0 0
1.855544 0.23068 2.9709 -0.000399999966 -0.999999915 9.99999915e-05 0 0
1.85735 0.230713 2.996662 -0.0290014198 -0.999548934 0.00780038188 0 0
1.859981 0.23068 2.996391 -0.000599999865 -0.999999775 0.000299999933 0 0
1.850598 0.230812 2.971099 -0.0840998074 -0.996397718 0.010899975 0 0
1.855158 0.230812 2.996889 -0.0850015037 -0.996117621 0.0229004051 0 0
1.858243 0.230713 2.970791 0.0277002907 -0.999610491 -0.00340003568 0 0
1.860491 0.230812 2.970701 0.0817998855 -0.996598605 -0.009999986 0 0
1.862612 0.230713 2.996119 0.0273000758 -0.999602774 -0.00700001943 0 0
1.864804 0.230812 2.995893 0.0809004166 -0.996505132 -0.0208001071 0 0
1.900372 0.241576 3.064654 0.654712476 0.0634012081 0.753214353 0 0
1.902092 0.241875 3.063088 0.64080537 0.303402543 0.70520591 0 0
1.900351 0.241886 3.064628 0.628325545 0.286611652 0.723229403 0 0
1.902308 0.241573 3.062941 0.670815805 0.0710016728 0.738217393 0 0
1.903519 0.241864 3.061769 0.639736997 0.391622648 0.661338246 0 0
1.903891 0.24157 3.061476 0.697750871 0.109307969 0.707951615 0 0
1.901922 0.241998 3.063155 0.513898011 0.642697513 0.568197801 0 0
1.900308 0.242018 3.064578 0.499593021 0.647290957 0.575691958 0 0
1.903015 0.241957 3.062163 0.531434954 0.634941761 0.560736881 0 0
1.90238 0.240961 3.062891 0.671255485 0.00980081012 0.741161263 0 0
1.900379 0.240961 3.064662 0.656110048 0.00900013784 0.754611557 0 0
1.90238 0.239923 3.062891 0.670923798 0 0.741526302 0 0
1.900379 0.239923 3.064662 0.656136623 0 0.754642122 0 0
1.904016 0.240961 3.061379 0.699341609 0.0144008568 0.714642519 0 0
1.904016 0.239923 3.061379 0.697947595 0 0.716148836 0 0
1.898348 0.240961 3.066397 0.639944497 0.0102007093 0.768353425 0 0
1.898407 0.241573 3.066332 0.636736712 0.074804313 0.767444248 0 0
1.896622 0.240961 3.067802 0.605942339 0.0156010901 0.795355573 0 0
1.896736 0.24157 3.067692 0.598689742 0.117697983 0.792286424 0 0
1.898348 0.239923 3.066397 0.640420443 0 0.768024516 0 0
1.896622 0.239923 3.067802 0.607906562 0 0.794008571 0 0
1.898583 0.241875 3.066137 0.605802138 0.314301109 0.73090258 0 0
1.898673 0.241998 3.065975 0.4854822 0.65077614 0.583778596 0 0
1.897077 0.241864 3.067362 0.557293126 0.411294927 0.721291103 0 0
1.897537 0.241957 3.066916 0.470232887 0.652045602 0.594741595 0 0
1.846268 0.241578 2.942054 -0.738387322 0.67328844 0.0382993424 0 0
1.845271 0.240961 2.910785 -0.984315306 0.176002737 0.0121001882 0 0
1.846041 0.240961 2.942057 -0.983287837 0.174797838 0.0508993704 0 0
1.8455 0.241578 2.910785 -0.736393295 0.676493841 0.00899991806 0 0
1.845271 0.240961 2.878445 -0.984317989 0.176403224 0 0 0
1.8455 0.241578 2.878445 -0.734841784 0.678238566 0 0 0
1.845271 0.239923 2.910785 -0.999924348 0 0.0123002995 0 0
1.846041 0.239923 2.942057 -0.998657325 0 0.0518029736 0 0
1.845271 0.239923 2.878445 -1 0 0 0 0
1.846186 0.241897 2.910785 -0.266719008 0.963768685 0.0033002352 0 0
1.846951 0.241897 2.942048 -0.269102717 0.963009722 0.0140001413 0 0
1.846186 0.241897 2.878445 -0.265198319 0.964193887 0 0 0
1.849249 0.241897 2.971153 -0.272712489 0.96144403 0.0354016213 0 0
1.848574 0.241578 2.97118 -0.738906406 0.667105784 0.0948008219 0 0
1.853843 0.241897 2.997025 -0.274991826 0.958571507 0.0742977915 0 0
1.853185 0.241578 2.997092 -0.729290133 0.656391119 0.193097387 0 0
1.848349 0.240961 2.971189 -0.977098901 0.172199806 0.124999859 0 0
1.848349 0.239923 2.971189 -0.991864839 0 0.127295487 0 0
1.852966 0.240961 2.997115 -0.953337248 0.167606549 0.251109811 0 0
1.852966 0.239923 2.997115 -0.966678303 0 0.255994254 0 0
1.860384 0.241578 2.941914 0.732709961 0.679609239 -0.035600484 0 0
1.858987 0.241897 2.910785 0.264402152 0.96440785 -0.00300002442 0 0
1.859701 0.241897 2.941921 0.263916573 0.964460565 -0.0128008039 0 0
1.859673 0.241578 2.910785 0.733806791 0.679306287 -0.00840007774 0 0
1.858987 0.241897 2.878445 0.265316861 0.964161274 0 0 0
1.859673 0.241578 2.878445 0.734887783 0.678188725 0 0 0
1.859902 0.240961 2.910785 0.984273612 0.176295274 -0.0111996997 0 0
1.860611 0.240961 2.941912 0.983287871 0.175697833 -0.0476994116 0 0
1.859902 0.239923 2.910785 0.999935013 0 -0.0114003992 0 0
1.860611 0.239923 2.941912 0.998827968 0 -0.0484013553 0 0
1.859902 0.240961 2.878445 0.984335348 0.176306331 0 0 0
1.859902 0.239923 2.878445 1 0 0 0 0
1.862739 0.240961 2.97061 0.97748113 0.173996641 -0.119397695 0 0
1.862515 0.241578 2.970619 0.729091404 0.678591999 -0.0890989495 0 0
1.866996 0.240961 2.995667 0.953618443 0.170603299 -0.248004796 0 0
1.866777 0.241578 2.995689 0.712884883 0.676385657 -0.185196073 0 0
1.862739 0.239923 2.97061 0.992675744 0 -0.120809218 0 0
1.866996 0.239923 2.995667 0.968164046 0 -0.250316559 0 0
1.86184 0.241897 2.970646 0.263296559 0.964187398 -0.0318995831 0 0
1.866119 0.241897 2.995757 0.259001502 0.963605589 -0.066200384 0 0
1.900379 0.236491 3.064662 0.656136623 0 0.754642122 0 0
1.90238 0.238344 3.062891 0.670923798 0 0.741526302 0 0
1.900379 0.238344 3.064662 0.656136623 0 0.754642122 0 0
1.90238 0.236491 3.062891 0.670923798 0 0.741526302 0 0
1.904016 0.238344 3.061379 0.697947595 0 0.716148836 0 0
1.904016 0.236491 3.061379 0.697947595 0 0.716148836 0 0
1.90238 0.234633 3.062891 0.670923798 0 0.741526302 0 0
1.900379 0.234633 3.064662 0.656136623 0 0.754642122 0 0
1.90238 0.233038 3.062891 0.670923798 0 0.741526302 0 0
1.900379 0.233038 3.064662 0.656136623 0 0.754642122 0 0
1.904016 0.234633 3.061379 0.697947595 0 0.716148836 0 0
1.904016 0.233038 3.061379 0.697947595 0 0.716148836 0 0
1.898348 0.234633 3.066397 0.640420443 0 0.768024516 0 0
1.898348 0.236491 3.066397 0.640420443 0 0.768024516 0 0
1.896622 0.234633 3.067802 0.607843511 0 0.794056841 0 0
1.896622 0.236491 3.067802 0.607843511 0 0.794056841 0 0
1.898348 0.233038 3.066397 0.640420443 0 0.768024516 0 0
1.896622 0.233038 3.067802 0.607843511 0 0.794056841 0 0
1.898348 0.238344 3.066397 0.640420443 0 0.768024516 0 0
1.896622 0.238344 3.067802 0.607843511 0 0.794056841 0 0
1.900372 0.231331 3.064654 0.654923637 -0.0585021114 0.753427192 0 0
1.90238 0.231975 3.062891 0.67120831 -0.00940011637 0.741209176 0 0
1.900379 0.231975 3.064662 0.656112358 -0.00860016199 0.754614213 0 0
1.902308 0.231334 3.062941 0.671033415 -0.0654032568 0.738536776 0 0
1.904016 0.231975 3.061379 0.699298507 -0.0136999708 0.714698474 0 0
1.903891 0.231337 3.061476 0.698213671 -0.100401966 0.708813879 0 0
1.902092 0.231004 3.063088 0.648217382 -0.266707152 0.713219125 0 0
1.900351 0.230991 3.064628 0.634724434 -0.251609686 0.730628126 0 0
1.901922 0.23086 3.063155 0.544117447 -0.585518775 0.600919269 0 0
1.900308 0.230836 3.064578 0.528717715 -0.590919799 0.609320416 0 0
1.903519 0.231017 3.061769 0.651798996 -0.349999461 0.672798964 0 0
1.903015 0.230907 3.062163 0.563013721 -0.575114016 0.593514464 0 0
1.898583 0.231004 3.066137 0.613191066 -0.276695969 0.73988922 0 0
1.898407 0.231334 3.066332 0.637097799 -0.068899762 0.767697348 0 0
1.897077 0.231017 3.067362 0.567634181 -0.369022221 0.735944316 0 0
1.896736 0.231337 3.067692 0.599611654 -0.108402107 0.79291541 0 0
1.898673 0.23086 3.065975 0.514014022 -0.594016205 0.618816882 0 0
1.897537 0.230907 3.066916 0.499295561 -0.592694731 0.631994382 0 0
1.898348 0.231975 3.066397 0.640006102 -0.00980009344 0.768307326 0 0
1.896622 0.231975 3.067802 0.60601209 -0.0149002973 0.795315867 0 0
1.846268 0.231327 2.942054 -0.755213466 -0.654311666 0.0391006972 0 0
1.846186 0.230979 2.910785 -0.292699314 -0.956197758 0.00359999156 0 0
1.846951 0.230979 2.942048 -0.295203204 -0.95531037 0.0154001672 0 0
1.8455 0.231327 2.910785 -0.753399077 -0.657499195 0.00919998873 0 0
1.846186 0.230979 2.878445 -0.291217328 -0.956656923 0 0 0
1.8455 0.231327 2.878445 -0.751938256 -0.659233539 0 0 0
1.845271 0.231975 2.910785 -0.985626602 -0.168504548 0.0121003266 0 0
1.846041 0.231975 2.942057 -0.984586487 -0.167297704 0.0509993 0 0
1.845271 0.233038 2.910785 -0.999924348 0 0.0123002995 0 0
1.846041 0.233038 2.942057 -0.998657325 0 0.0518029736 0 0
1.845271 0.231975 2.878445 -0.985648889 -0.168808373 0 0 0
1.845271 0.233038 2.878445 -1 0 0 0 0
1.848349 0.231975 2.971189 -0.978358733 -0.164809894 0.12510751 0 0
1.848574 0.231327 2.97118 -0.755436488 -0.648031301 0.0968046758 0 0
1.852966 0.231975 2.997115 -0.954475823 -0.160395937 0.25149363 0 0
1.853185 0.231327 2.997092 -0.745038277 -0.637232739 0.197110127 0 0
1.848349 0.233038 2.971189 -0.991864839 0 0.127295487 0 0
1.852966 0.233038 2.997115 -0.966678303 0 0.255994254 0 0
1.849249 0.230979 2.971153 -0.29889867 -0.953495757 0.0387998273 0 0
1.853843 0.230979 2.997024 -0.301105885 -0.95011857 0.0813015891 0 0
1.846041 0.236491 2.942057 -0.998657325 0 0.0518029736 0 0
1.845271 0.234633 2.910785 -0.999924348 0 0.0123002995 0 0
1.846041 0.234633 2.942057 -0.998657325 0 0.0518029736 0 0
1.845271 0.236491 2.910785 -0.999924348 0 0.0123002995 0 0
1.845271 0.234633 2.878445 -1 0 0 0 0
1.845271 0.236491 2.878445 -1 0 0 0 0
1.845271 0.238344 2.910785 -0.999924348 0 0.0123002995 0 0
1.846041 0.238344 2.942057 -0.998657325 0 0.0518029736 0 0
1.845271 0.238344 2.878445 -1 0 0 0 0
1.848349 0.238344 2.971189 -0.991864839 0 0.127295487 0 0
1.848349 0.236491 2.971189 -0.991864839 0 0.127295487 0 0
1.852966 0.238344 2.997115 -0.966678303 0 0.255994254 0 0
1.852966 0.236491 2.997115 -0.966678303 0 0.255994254 0 0
1.848349 0.234633 2.971189 -0.991864839 0 0.127295487 0 0
1.852966 0.234633 2.997115 -0.966678303 0 0.255994254 0 0
1.860611 0.236491 2.941912 0.998827968 0 -0.0484013553 0 0
1.859902 0.238344 2.910785 0.999935013 0 -0.0114003992 0 0
1.860611 0.238344 2.941912 0.998827968 0 -0.0484013553 0 0
1.859902 0.236491 2.910785 0.999935013 0 -0.0114003992 0 0
1.859902 0.238344 2.878445 1 0 0 0 0
1.859902 0.236491 2.878445 1 0 0 0 0
1.859902 0.234633 2.910785 0.999935013 0 -0.0114003992 0 0
1.860611 0.234633 2.941912 0.998827968 0 -0.0484013553 0 0
1.859902 0.233038 2.910785 0.999935013 0 -0.0114003992 0 0
1.860611 0.233038 2.941912 0.998827968 0 -0.0484013553 0 0
1.859902 0.234633 2.878445 1 0 0 0 0
1.859902 0.233038 2.878445 1 0 0 0 0
1.862739 0.234633 2.97061 0.992675744 0 -0.120809218 0 0
1.862739 0.236491 2.97061 0.992675744 0 -0.120809218 0 0
1.866996 0.234633 2.995667 0.968164046 0 -0.250316559 0 0
1.866996 0.236491 2.995667 0.968164046 0 -0.250316559 0 0
1.862739 0.233038 2.97061 0.992675744 0 -0.120809218 0 0
1.866996 0.233038 2.995667 0.968164046 0 -0.250316559 0 0
1.862739 0.238344 2.97061 0.992675744 0 -0.120809218 0 0
1.866996 0.238344 2.995667 0.968164046 0 -0.250316559 0 0
1.860384 0.231327 2.941914 0.750017581 -0.66041548 -0.0364008532 0 0
1.859902 0.231975 2.910785 0.985587069 -0.168797785 -0.0111998531 0 0
1.860611 0.231975 2.941912 0.984610038 -0.168101714 -0.0478004873 0 0
1.859673 0.231327 2.910785 0.751022907 -0.660220137 -0.00860026231 0 0
1.859902 0.231975 2.878445 0.98566837 -0.168694587 0 0 0
1.859673 0.231327 2.878445 0.752031281 -0.659127417 0 0 0
1.858987 0.230979 2.910785 0.290308333 -0.956927469 -0.00330009473 0 0
1.859701 0.230979 2.941921 0.289795792 -0.956986105 -0.0139997967 0 0
1.858987 0.230979 2.878445 0.291308849 -0.956629058 0 0 0
1.86184 0.230979 2.970646 0.289298545 -0.956595188 -0.0350998234 0 0
1.862515 0.231327 2.970619 0.746409315 -0.659208227 -0.0912011382 0 0
1.866119 0.230979 2.995757 0.284621256 -0.955871387 -0.0728054373 0 0
1.866777 0.231327 2.995689 0.73004441 -0.656539939 -0.189711541 0 0
1.862739 0.231975 2.97061 0.978779172 -0.166396459 -0.119597455 0 0
1.866996 0.231975 2.995667 0.954857045 -0.16320975 -0.248214829 0 0
1.876257 0.24215 3.033944 -0.000299999973 0.99999991 0.000299999973 0 0
1.869894 0.242122 3.016772 0.022699848 0.999693307 -0.00989993372 0 0
1.867376 0.24215 3.017315 -0.000499999915 0.99999983 0.000299999949 0 0
1.878639 0.242122 3.033075 0.0215995298 0.999678237 -0.0132997105 0 0
1.871992 0.242037 3.01632 0.0672004203 0.997306238 -0.0294001839 0 0
1.880625 0.242037 3.032351 0.0636991789 0.997187146 -0.0394994909 0 0
1.8874 0.242122 3.045352 0.0199995655 0.999678282 -0.0155996611 0 0
1.885153 0.24215 3.046549 -0.000199999992 0.99999996 0.000199999992 0 0
1.894726 0.242122 3.05393 0.0190996766 0.999683076 -0.0163997224 0 0
1.892593 0.24215 3.055399 0 1 0 0 0
1.889272 0.242037 3.044356 0.0589987669 0.997179159 -0.0463990303 0 0
1.896504 0.242037 3.052706 0.0562017431 0.99723093 -0.0487015105 0 0
1.882906 0.242122 3.047745 -0.0208012227 0.999658762 0.0158009288 0 0
1.873874 0.242122 3.034813 -0.0225011294 0.999650174 0.0139006977 0 0
1.881033 0.242037 3.048741 -0.0611040507 0.997066098 0.0461030563 0 0
1.871889 0.242037 3.035538 -0.0661986827 0.99698016 0.0405991921 0 0
1.890459 0.242122 3.056868 -0.0193996852 0.99968378 0.0159997404 0 0
1.888681 0.242037 3.058093 -0.0574028068 0.997248762 0.0469022933 0 0
1.864858 0.242122 3.017858 -0.0239013641 0.999657052 0.0107006107 0 0
1.86276 0.242037 3.018311 -0.070202923 0.997041513 0.0313013033 0 0
1.899412 0.242137 3.063512 0.0113005389 0.999847684 0.0133006343 0 0
1.89917 0.242122 3.059132 0.0200998558 0.999692827 -0.014499896 0 0
1.897105 0.24215 3.060767 0.00109999826 0.999998415 0.00139999778 0 0
1.901375 0.242109 3.061847 0.0320994808 0.999483833 -0.00129997897 0 0
1.90089 0.242037 3.05777 0.0572014478 0.997325243 -0.0455011516 0 0
1.903012 0.242027 3.060459 0.0764029091 0.996737952 -0.02600099 0 0
1.901988 0.242072 3.062965 0.253298164 0.934393226 0.250498184 0 0
1.900238 0.242097 3.064494 0.214308809 0.944938843 0.247310166 0 0
1.903449 0.241998 3.061687 0.340508034 0.893421081 0.293006914 0 0
1.898476 0.242072 3.066009 0.205213535 0.938161879 0.27881839 0 0
1.897446 0.242109 3.065173 -0.00720006358 0.999508826 0.0305002693 0 0
1.897003 0.241998 3.067273 0.229201666 0.901906557 0.366102662 0 0
1.895807 0.242027 3.066557 -0.0399021049 0.996852585 0.0685036137 0 0
1.89504 0.242122 3.062402 -0.0177998556 0.999691893 0.0172998597 0 0
1.893319 0.242037 3.063764 -0.054701588 0.997328953 0.0484014051 0 0
1.899412 0.230695 3.063512 0.0133998252 -0.999786958 0.0156997952 0 0
1.901988 0.230772 3.062965 0.282502664 -0.918008657 0.278302624 0 0
1.900238 0.230742 3.064494 0.240494763 -0.930079748 0.277693953 0 0
1.901375 0.230728 3.061847 0.0378992581 -0.999280439 -0.00149997064 0 0
1.903449 0.23086 3.061687 0.371725254 -0.873259327 0.315021402 0 0
1.903012 0.230824 3.060459 0.0899974527 -0.995471824 -0.0305991339 0 0
1.89917 0.230713 3.059132 0.0237017261 -0.999572797 -0.0171012454 0 0
1.897105 0.23068 3.060767 0.00129999724 -0.999997875 0.0015999966 0 0
1.894726 0.230713 3.05393 0.0226013166 -0.999558226 -0.0193011243 0 0
1.892593 0.23068 3.055399 0 -1 0 0 0
1.90089 0.230812 3.05777 0.0673986473 -0.996280005 -0.0536989223 0 0
1.896504 0.230812 3.052706 0.0662035615 -0.99615359 -0.0574030881 0 0
1.89504 0.230713 3.062402 -0.0210014974 -0.999571267 0.0204014546 0 0
1.897446 0.230728 3.065173 -0.00850013286 -0.999315619 0.0360005627 0 0
1.893319 0.230812 3.063764 -0.0644992602 -0.996288573 0.0569993462 0 0
1.895807 0.230824 3.066557 -0.0470013901 -0.995629446 0.0807023868 0 0
1.890459 0.230713 3.056868 -0.0229013527 -0.999559041 0.0189011164 0 0
1.888681 0.230812 3.058093 -0.0675989441 -0.99618444 0.0551991378 0 0
1.898476 0.230772 3.066009 0.228411602 -0.922346852 0.311615829 0 0
1.897003 0.23086 3.067273 0.246507845 -0.882328081 0.400912759 0 0
1.876257 0.23068 3.033944 -0.00039999995 -0.999999875 0.000299999963 0 0
1.8874 0.230713 3.045352 0.02360123 -0.999552093 -0.018400959 0 0
1.885153 0.23068 3.046549 -0.000199999992 -0.99999996 0.000199999992 0 0
1.878639 0.230713 3.033075 0.0255013135 -0.999551483 -0.0157008087 0 0
1.889272 0.230812 3.044356 0.0694986952 -0.996081299 -0.054698973 0 0
1.880625 0.230812 3.032351 0.0750989944 -0.996086662 -0.046599376 0 0
1.869894 0.230713 3.016772 0.0268019381 -0.999572282 -0.0117008461 0 0
1.867376 0.23068 3.017315 -0.000499999898 -0.999999795 0.000399999918 0 0
1.871992 0.230812 3.01632 0.07920431 -0.996254213 -0.0347018884 0 0
1.864858 0.230713 3.017858 -0.0282006451 -0.999522864 0.0126002882 0 0
1.873874 0.230713 3.034813 -0.026600309 -0.999511609 0.0164001905 0 0
1.86276 0.230812 3.018311 -0.0826992677 -0.995891181 0.0368996733 0 0
1.871889 0.230812 3.035538 -0.0780005273 -0.995806732 0.0478003231 0 0
1.882906 0.230713 3.047745 -0.0245006559 -0.999526758 0.0186004979 0 0
1.881033 0.230812 3.048741 -0.0720014339 -0.995919834 0.0544010834 0 0
1.894333 0.241577 3.067813 -0.458114593 0.633820191 0.623219853 0 0
1.895537 0.240961 3.068583 0.0600007938 0.104501383 0.992713134 0 0
1.895683 0.241573 3.068449 0.0859004286 0.496102476 0.864004311 0 0
1.894169 0.240961 3.067953 -0.587476648 0.15899368 0.79346846 0 0
1.895537 0.239923 3.068583 0.0958991384 0 0.995391056 0 0
1.894169 0.239923 3.067953 -0.590921362 0 0.806729164 0 0
1.891599 0.240961 3.065127 -0.748408562 0.168001922 0.64160734 0 0
1.891771 0.241578 3.064991 -0.568802525 0.66220294 0.487802166 0 0
1.886903 0.240961 3.059317 -0.76682024 0.166404392 0.619916363 0 0
1.887081 0.241578 3.059195 -0.583019182 0.661421761 0.471815523 0 0
1.891599 0.239923 3.065127 -0.759087168 0 0.650988995 0 0
1.886903 0.239923 3.059317 -0.777717402 0 0.628614065 0 0
1.892287 0.241897 3.064582 -0.211209977 0.960345363 0.182008597 0 0
1.894824 0.241891 3.067393 -0.173704278 0.952823468 0.248906131 0 0
1.887614 0.241897 3.058827 -0.217701213 0.959905347 0.176600984 0 0
1.896122 0.241875 3.06805 0.253506148 0.758918404 0.599814546 0 0
1.870102 0.241578 3.03619 -0.652700724 0.646800718 0.394500438 0 0
1.879161 0.240961 3.049738 -0.791246903 0.162409627 0.589534946 0 0
1.879348 0.241578 3.049638 -0.608446676 0.650949936 0.453934823 0 0
1.869903 0.240961 3.036262 -0.845095331 0.16099911 0.509797183 0 0
1.879161 0.239923 3.049738 -0.801581175 0 0.597885959 0 0
1.869903 0.239923 3.036262 -0.855687704 0 0.517492564 0 0
1.860661 0.240961 3.018764 -0.903945691 0.163108245 0.395319982 0 0
1.860871 0.241578 3.018718 -0.696467232 0.649269453 0.305585623 0 0
1.860661 0.239923 3.018764 -0.915633256 0 0.402014601 0 0
1.861501 0.241897 3.018583 -0.266496277 0.956486638 0.11879834 0 0
1.870697 0.241897 3.035973 -0.250715749 0.955860044 0.153209624 0 0
1.87991 0.241897 3.049339 -0.231699849 0.957099378 0.173999887 0 0
1.882412 0.241578 3.031698 0.634943625 0.660745398 -0.400327505 0 0
1.87409 0.240961 3.015867 0.90121537 0.165302819 -0.400606832 0 0
1.87388 0.241578 3.015912 0.681132443 0.666831762 -0.3023144 0 0
1.88261 0.240961 3.031626 0.834115235 0.162502968 -0.527109628 0 0
1.87409 0.239923 3.015867 0.914441402 0 -0.404718324 0 0
1.88261 0.239923 3.031626 0.846037391 0 -0.533123562 0 0
1.891145 0.240961 3.043359 0.769885904 0.163097014 -0.616988703 0 0
1.890958 0.241578 3.043459 0.586814409 0.659916204 -0.469211522 0 0
1.898282 0.240961 3.051481 0.740901385 0.16590031 -0.650801217 0 0
1.898104 0.241578 3.051604 0.564313865 0.660616232 -0.495112165 0 0
1.891145 0.239923 3.043359 0.780751715 0 -0.624841388 0 0
1.898282 0.239923 3.051481 0.751187436 0 -0.66008896 0 0
1.890396 0.241897 3.043758 0.221308275 0.95933587 -0.175206551 0 0
1.881816 0.241897 3.031916 0.238901513 0.959606079 -0.148600941 0 0
1.897571 0.241897 3.051971 0.211912932 0.959558559 -0.185311309 0 0
1.873251 0.241897 3.016048 0.252706205 0.961223603 -0.110402711 0 0
1.904493 0.241577 3.059212 0.704047803 0.629542744 -0.328622313 0 0
1.902611 0.240961 3.056407 0.76169888 0.167899753 -0.62579908 0 0
1.902439 0.241578 3.056543 0.579401472 0.66160168 -0.476001209 0 0
1.904658 0.240961 3.059074 0.893094722 0.157499069 -0.42139751 0 0
1.902611 0.239923 3.056407 0.772645665 0 -0.63483752 0 0
1.904658 0.239923 3.059074 0.907105796 0 -0.42090269 0 0
1.904951 0.240961 3.060419 0.965608034 0.100000832 0.240001997 0 0
1.904799 0.241573 3.060545 0.839414136 0.488608228 0.238004008 0 0
1.904951 0.239923 3.060419 0.961353943 0 0.275315448 0 0
1.904342 0.241875 3.060924 0.560033043 0.750244266 0.351420734 0 0
1.903997 0.241891 3.059628 0.282997456 0.951291448 -0.122298901 0 0
1.901923 0.241897 3.056952 0.2161025 0.96021111 -0.176902047 0 0
1.894169 0.236491 3.067953 -0.590921362 0 0.806729164 0 0
1.895537 0.234633 3.068583 0.0958991384 0 0.995391056 0 0
1.895537 0.236491 3.068583 0.0958991384 0 0.995391056 0 0
1.894169 0.234633 3.067953 -0.590873692 0 0.80676408 0 0
1.895537 0.233038 3.068583 0.0958000575 0 0.995400597 0 0
1.894169 0.233038 3.067953 -0.590873692 0 0.80676408 0 0
1.891599 0.234633 3.065127 -0.759087168 0 0.650988995 0 0
1.891599 0.236491 3.065127 -0.759087168 0 0.650988995 0 0
1.886903 0.234633 3.059317 -0.777717402 0 0.628614065 0 0
1.886903 0.236491 3.059317 -0.777717402 0 0.628614065 0 0
1.891599 0.233038 3.065127 -0.759087168 0 0.650988995 0 0
1.886903 0.233038 3.059317 -0.777717402 0 0.628614065 0 0
1.891599 0.238344 3.065127 -0.759087168 0 0.650988995 0 0
1.894169 0.238344 3.067953 -0.590921362 0 0.806729164 0 0
1.886903 0.238344 3.059317 -0.777717402 0 0.628614065 0 0
1.895537 0.238344 3.068583 0.0958000575 0 0.995400597 0 0
1.869903 0.236491 3.036262 -0.855687704 0 0.517492564 0 0
1.879161 0.234633 3.049738 -0.801581175 0 0.597885959 0 0
1.879161 0.236491 3.049738 -0.801581175 0 0.597885959 0 0
1.869903 0.234633 3.036262 -0.855687704 0 0.517492564 0 0
1.879161 0.233038 3.049738 -0.801581175 0 0.597885959 0 0
1.869903 0.233038 3.036262 -0.855687704 0 0.517492564 0 0
1.860661 0.234633 3.018764 -0.915633256 0 0.402014601 0 0
1.860661 0.236491 3.018764 -0.915633256 0 0.402014601 0 0
1.860661 0.233038 3.018764 -0.915633256 0 0.402014601 0 0
1.860661 0.238344 3.018764 -0.915633256 0 0.402014601 0 0
1.869903 0.238344 3.036262 -0.855687704 0 0.517492564 0 0
1.879161 0.238344 3.049738 -0.801581175 0 0.597885959 0 0
1.894333 0.231329 3.067813 -0.467315324 -0.615320177 0.634820816 0 0
1.896122 0.231004 3.06805 0.247288083 -0.746464029 0.61777023 0 0
1.895683 0.231334 3.068449 0.0819017114 -0.478209992 0.874418271 0 0
1.894824 0.230985 3.067393 -0.189400806 -0.943704015 0.271201154 0 0
1.892287 0.230979 3.064582 -0.231513091 -0.952153841 0.199511282 0 0
1.891771 0.231327 3.064991 -0.581423406 -0.642825877 0.498720076 0 0
1.887614 0.230979 3.058827 -0.238717949 -0.951571547 0.193714565 0 0
1.887081 0.231327 3.059195 -0.596114244 -0.641815336 0.482411527 0 0
1.891599 0.231975 3.065127 -0.749305661 -0.160801215 0.642404853 0 0
1.894169 0.231975 3.067953 -0.587996869 -0.152299189 0.79439577 0 0
1.886903 0.231975 3.059317 -0.767709051 -0.159201877 0.620707318 0 0
1.895537 0.231975 3.068583 0.0613022848 -0.0996037123 0.993137015 0 0
1.870102 0.231327 3.03619 -0.666702954 -0.627102778 0.402801784 0 0
1.87991 0.230979 3.049339 -0.253802845 -0.948310631 0.190502136 0 0
1.879348 0.231327 3.049638 -0.62165667 -0.631257545 0.463742274 0 0
1.870697 0.230979 3.035973 -0.274399351 -0.946897761 0.167599604 0 0
1.861501 0.230979 3.018583 -0.291713323 -0.94764328 0.129905933 0 0
1.860871 0.231327 3.018718 -0.711437828 -0.629733484 0.311916585 0 0
1.860661 0.231975 3.018764 -0.904937637 -0.156006488 0.395916467 0 0
1.869903 0.231975 3.036262 -0.845982129 -0.153996747 0.510489216 0 0
1.879161 0.231975 3.049738 -0.792136594 -0.155407179 0.590227266 0 0
1.88261 0.236491 3.031626 0.846037391 0 -0.533123562 0 0
1.87409 0.234633 3.015867 0.914441402 0 -0.404718324 0 0
1.87409 0.236491 3.015867 0.914441402 0 -0.404718324 0 0
1.88261 0.234633 3.031626 0.846037391 0 -0.533123562 0 0
1.87409 0.233038 3.015867 0.914441402 0 -0.404718324 0 0
1.88261 0.233038 3.031626 0.846037391 0 -0.533123562 0 0
1.891145 0.234633 3.043359 0.780751715 0 -0.624841388 0 0
1.891145 0.236491 3.043359 0.780751715 0 -0.624841388 0 0
1.898282 0.234633 3.051481 0.751187436 0 -0.66008896 0 0
1.898282 0.236491 3.051481 0.751187436 0 -0.66008896 0 0
1.891145 0.233038 3.043359 0.780790756 0 -0.624792602 0 0
1.898282 0.233038 3.051481 0.751187436 0 -0.66008896 0 0
1.891145 0.238344 3.043359 0.780751715 0 -0.624841388 0 0
1.88261 0.238344 3.031626 0.846037391 0 -0.533123562 0 0
1.898282 0.238344 3.051481 0.751187436 0 -0.66008896 0 0
1.87409 0.238344 3.015867 0.914441402 0 -0.404718324 0 0
1.904658 0.236491 3.059074 0.907105796 0 -0.42090269 0 0
1.902611 0.234633 3.056407 0.772645665 0 -0.63483752 0 0
1.902611 0.236491 3.056407 0.772645665 0 -0.63483752 0 0
1.904658 0.234633 3.059074 0.907105796 0 -0.42090269 0 0
1.902611 0.233038 3.056407 0.772645665 0 -0.63483752 0 0
1.904658 0.233038 3.059074 0.907105796 0 -0.42090269 0 0
1.904951 0.234633 3.060419 0.96132747 0 0.27540787 0 0
1.904951 0.236491 3.060419 0.96132747 0 0.27540787 0 0
1.904951 0.233038 3.060419 0.96132747 0 0.27540787 0 0
1.904951 0.238344 3.060419 0.961353943 0 0.275315448 0 0
1.904658 0.238344 3.059074 0.907105796 0 -0.42090269 0 0
1.902611 0.238344 3.056407 0.772645665 0 -0.63483752 0 0
1.882412 0.231327 3.031698 0.649517995 -0.640517746 -0.409711351 0 0
1.873251 0.230979 3.016048 0.277414187 -0.95304874 -0.121406209 0 0
1.87388 0.231327 3.015912 0.697114099 -0.64671308 -0.30950626 0 0
1.881816 0.230979 3.031916 0.262203371 -0.951112227 -0.163202098 0 0
1.890396 0.230979 3.043758 0.242711745 -0.950846013 -0.192309306 0 0
1.890958 0.231327 3.043459 0.600204778 -0.639805093 -0.480003821 0 0
1.897571 0.230979 3.051971 0.232300657 -0.951202692 -0.203100575 0 0
1.898104 0.231327 3.051604 0.577023009 -0.640925557 -0.506220186 0 0
1.891145 0.231975 3.043359 0.770791548 -0.155998289 -0.617693227 0 0
1.88261 0.231975 3.031626 0.835096468 -0.155399343 -0.527697768 0 0
1.898282 0.231975 3.051481 0.741786837 -0.158697184 -0.651588438 0 0
1.87409 0.231975 3.015867 0.902326213 -0.158104593 -0.40101165 0 0
1.904493 0.231329 3.059212 0.71703472 -0.611029587 -0.335416241 0 0
1.901923 0.230979 3.056952 0.236897297 -0.951989138 -0.193897788 0 0
1.902439 0.231327 3.056543 0.592220023 -0.642321717 -0.486516449 0 0
1.903997 0.230985 3.059628 0.308202296 -0.941907017 -0.133500995 0 0
1.904342 0.231004 3.060924 0.578514156 -0.737518047 0.348408526 0 0
1.904799 0.231334 3.060545 0.850375233 -0.470286303 0.235993127 0 0
1.904951 0.231975 3.060419 0.965755885 -0.095305515 0.241313964 0 0
1.904658 0.231975 3.059074 0.89413032 -0.150905117 -0.421614297 0 0
1.902611 0.231975 3.056407 0.762608129 -0.160601712 -0.62660668 0 0
1.853326 0.24215 2.814906 -0.000199999996 0.99999998 0 0 0
1.849843 0.242122 2.846104 -0.0237004519 0.99971906 -0.00030000572 0 0
1.852587 0.24215 2.846104 -9.99999995e-05 0.999999995 0 0 0
1.850594 0.242122 2.814878 -0.0239003258 0.999713626 -0.00120001636 0 0
1.847557 0.242037 2.846104 -0.0699037434 0.99755342 -0.000800042843 0 0
1.848317 0.242037 2.814856 -0.070400867 0.997512284 -0.00360004433 0 0
1.852846 0.242122 2.785881 -0.0242999977 0.999699905 -0.00309999971 0 0
1.855544 0.24215 2.78599 -0.000299999985 0.99999995 -9.9999995e-05 0 0
1.85735 0.242122 2.760227 -0.0245993997 0.999675603 -0.00659983893 0 0
1.859981 0.24215 2.760499 -0.000499999928 0.999999855 -0.000199999971 0 0
1.850598 0.242037 2.785791 -0.0714003799 0.997405306 -0.00920004894 0 0
1.855158 0.242037 2.760001 -0.0721006269 0.997208671 -0.0194001687 0 0
1.858243 0.242122 2.786098 0.0235004612 0.99971962 0.00290005691 0 0
1.856058 0.242122 2.814933 0.0235005458 0.999723219 0.00110002555 0 0
1.860491 0.242037 2.786189 0.0694036486 0.997552443 0.00850044688 0 0
1.858335 0.242037 2.814955 0.0692993136 0.997590119 0.00339996632 0 0
1.862612 0.242122 2.760771 0.0232002978 0.999712831 0.00600007701 0 0
1.864804 0.242037 2.760997 0.0686987737 0.997482195 0.0175996858 0 0
1.85533 0.242122 2.846104 0.0235005596 0.999723804 0.000200004762 0 0
1.857616 0.242037 2.846104 0.0693992102 0.997588648 0.000799990896 0 0
1.853326 0.23068 2.814906 -0.000199999996 -0.99999998 0 0 0
1.85533 0.230713 2.846104 0.0277004496 -0.999616224 0.000300004869 0 0
1.852587 0.23068 2.846104 -9.99999995e-05 -0.999999995 0 0 0
1.856058 0.230713 2.814933 0.0277004274 -0.999615424 0.00130002006 0 0
1.857616 0.230812 2.846104 0.0817046058 -0.996656183 0.000900050737 0 0
1.858335 0.230812 2.814955 0.0817039852 -0.996648613 0.00400019511 0 0
1.858243 0.230713 2.786098 0.0277002907 -0.999610491 0.00340003568 0 0
1.855544 0.23068 2.78599 -0.000399999966 -0.999999915 -9.99999915e-05 0 0
1.862612 0.230713 2.760771 0.0273000758 -0.999602774 0.00700001943 0 0
1.859981 0.23068 2.760499 -0.000599999865 -0.999999775 -0.000299999933 0 0
1.860491 0.230812 2.786189 0.0817998855 -0.996598605 0.009999986 0 0
1.864804 0.230812 2.760997 0.0809004166 -0.996505132 0.0208001071 0 0
1.852846 0.230713 2.785881 -0.0286994613 -0.999581238 -0.00369993055 0 0
1.850594 0.230713 2.814878 -0.0282000372 -0.999601319 -0.00140000185 0 0
1.850598 0.230812 2.785791 -0.0840998074 -0.996397718 -0.010899975 0 0
1.848317 0.230812 2.814856 -0.083003331 -0.996539992 -0.00430017257 0 0
1.85735 0.230713 2.760227 -0.0290014198 -0.999548934 -0.00780038188 0 0
1.855158 0.230812 2.760001 -0.0850015037 -0.996117621 -0.0229004051 0 0
1.849843 0.230713 2.846104 -0.0280002205 -0.999607872 -0.000300002363 0 0
1.847557 0.230812 2.846104 -0.0823005823 -0.996607051 -0.00100000708 0 0
1.900372 0.241576 2.692236 0.654712476 0.0634012081 -0.753214353 0 0
1.902092 0.241875 2.693802 0.64080537 0.303402543 -0.70520591 0 0
1.902308 0.241573 2.693949 0.670815805 0.0710016728 -0.738217393 0 0
1.900351 0.241886 2.692261 0.628343552 0.286519859 -0.72325013 0 0
1.901922 0.241998 2.693735 0.514004626 0.642605783 -0.568205114 0 0
1.900308 0.242018 2.692312 0.499593021 0.647290957 -0.575691958 0 0
1.903519 0.241864 2.695121 0.639796068 0.391597594 -0.661295936 0 0
1.903891 0.24157 2.695413 0.697809808 0.109201535 -0.70790995 0 0
1.903015 0.241957 2.694727 0.531540457 0.63484832 -0.56074268 0 0
1.898583 0.241875 2.690753 0.605884471 0.314191947 -0.730881268 0 0
1.898407 0.241573 2.690558 0.636746226 0.0746054162 -0.767455715 0 0
1.897077 0.241864 2.689528 0.557407899 0.411105825 -0.721310221 0 0
1.896736 0.24157 2.689198 0.598682692 0.117796595 -0.792277096 0 0
1.898673 0.241998 2.690915 0.4854822 0.65077614 -0.583778596 0 0
1.897537 0.241957 2.689974 0.470204918 0.65200682 -0.594806222 0 0
1.898348 0.240961 2.690493 0.640003542 0.0102000565 -0.768304253 0 0
1.900379 0.240961 2.692228 0.656110048 0.00900013784 -0.754611557 0 0
1.898348 0.239923 2.690493 0.640420443 0 -0.768024516 0 0
1.900379 0.239923 2.692228 0.656136623 0 -0.754642122 0 0
1.896622 0.240961 2.689088 0.605894144 0.0155998492 -0.795392313 0 0
1.896622 0.239923 2.689088 0.607843511 0 -0.794056841 0 0
1.90238 0.240961 2.693998 0.671255485 0.00980081012 -0.741161263 0 0
1.904016 0.240961 2.695511 0.699292633 0.0142998494 -0.714692471 0 0
1.90238 0.239923 2.693998 0.670923798 0 -0.741526302 0 0
1.904016 0.239923 2.695511 0.69789761 0 -0.716197547 0 0
1.846268 0.241578 2.814836 -0.738387322 0.67328844 -0.0382993424 0 0
1.845271 0.240961 2.846104 -0.984315306 0.176002737 -0.0121001882 0 0
1.8455 0.241578 2.846104 -0.736393295 0.676493841 -0.00899991806 0 0
1.846041 0.240961 2.814833 -0.983287837 0.174797838 -0.0508993704 0 0
1.845271 0.239923 2.846104 -0.999924348 0 -0.0123002995 0 0
1.846041 0.239923 2.814833 -0.998657325 0 -0.0518029736 0 0
1.848349 0.240961 2.7857 -0.977098901 0.172199806 -0.124999859 0 0
1.848574 0.241578 2.785709 -0.738906406 0.667105784 -0.0948008219 0 0
1.852966 0.240961 2.759775 -0.953337248 0.167606549 -0.251109811 0 0
1.853185 0.241578 2.759798 -0.729338003 0.656334199 -0.193110062 0 0
1.848349 0.239923 2.7857 -0.991864839 0 -0.127295487 0 0
1.852966 0.239923 2.759775 -0.966678303 0 -0.255994254 0 0
1.849249 0.241897 2.785737 -0.272712489 0.96144403 -0.0354016213 0 0
1.846951 0.241897 2.814842 -0.269102717 0.963009722 -0.0140001413 0 0
1.853843 0.241897 2.759865 -0.275018188 0.958563392 -0.0743049139 0 0
1.846186 0.241897 2.846104 -0.266719008 0.963768685 -0.0033002352 0 0
1.860384 0.241578 2.814976 0.732709961 0.679609239 0.035600484 0 0
1.858987 0.241897 2.846104 0.264402152 0.96440785 0.00300002442 0 0
1.859673 0.241578 2.846104 0.733806791 0.679306287 0.00840007774 0 0
1.859701 0.241897 2.814969 0.263916573 0.964460565 0.0128008039 0 0
1.86184 0.241897 2.786243 0.263296559 0.964187398 0.0318995831 0 0
1.862515 0.241578 2.786271 0.729097897 0.678598042 0.0889997432 0 0
1.866119 0.241897 2.761133 0.259001502 0.963605589 0.066200384 0 0
1.866777 0.241578 2.761201 0.712898082 0.67639818 0.185099502 0 0
1.862739 0.240961 2.78628 0.97748113 0.173996641 0.119397695 0 0
1.860611 0.240961 2.814978 0.983287871 0.175697833 0.0476994116 0 0
1.862739 0.239923 2.78628 0.992675744 0 0.120809218 0 0
1.860611 0.239923 2.814978 0.998827968 0 0.0484013553 0 0
1.866996 0.240961 2.761223 0.95360217 0.170700388 0.248000564 0 0
1.866996 0.239923 2.761223 0.968164046 0 0.250316559 0 0
1.859902 0.240961 2.846104 0.984273612 0.176295274 0.0111996997 0 0
1.859902 0.239923 2.846104 0.999935013 0 0.0114003992 0 0
1.900379 0.236491 2.692228 0.656136623 0 -0.754642122 0 0
1.90238 0.238344 2.693998 0.670923798 0 -0.741526302 0 0
1.90238 0.236491 2.693998 0.670923798 0 -0.741526302 0 0
1.900379 0.238344 2.692228 0.656136623 0 -0.754642122 0 0
1.904016 0.238344 2.695511 0.697947595 0 -0.716148836 0 0
1.904016 0.236491 2.695511 0.697947595 0 -0.716148836 0 0
1.898348 0.238344 2.690493 0.640420443 0 -0.768024516 0 0
1.898348 0.236491 2.690493 0.640420443 0 -0.768024516 0 0
1.896622 0.238344 2.689088 0.607906562 0 -0.794008571 0 0
1.896622 0.236491 2.689088 0.607906562 0 -0.794008571 0 0
1.898348 0.234633 2.690493 0.640420443 0 -0.768024516 0 0
1.900379 0.234633 2.692228 0.656136623 0 -0.754642122 0 0
1.898348 0.233038 2.690493 0.640420443 0 -0.768024516 0 0
1.900379 0.233038 2.692228 0.656136623 0 -0.754642122 0 0
1.896622 0.234633 2.689088 0.607843511 0 -0.794056841 0 0
1.896622 0.233038 2.689088 0.607843511 0 -0.794056841 0 0
1.90238 0.234633 2.693998 0.670923798 0 -0.741526302 0 0
1.904016 0.234633 2.695511 0.697947595 0 -0.716148836 0 0
1.90238 0.233038 2.693998 0.670923798 0 -0.741526302 0 0
1.904016 0.233038 2.695511 0.697947595 0 -0.716148836 0 0
1.900372 0.231331 2.692236 0.654927465 -0.0584024492 -0.753431596 0 0
1.90238 0.231975 2.693998 0.671208937 -0.00930012383 -0.741209869 0 0
1.902308 0.231334 2.693949 0.670928874 -0.0654028147 -0.738631788 0 0
1.900379 0.231975 2.692228 0.656112358 -0.00860016199 -0.754614213 0 0
1.904016 0.231975 2.695511 0.699247404 -0.0137009288 -0.714748454 0 0
1.903891 0.231337 2.695414 0.698220678 -0.100302971 -0.708820992 0 0
1.898348 0.231975 2.690493 0.640006727 -0.00970010195 -0.768308075 0 0
1.898407 0.231334 2.690558 0.637106565 -0.068700708 -0.767707911 0 0
1.896622 0.231975 2.689088 0.60601209 -0.0149002973 -0.795315867 0 0
1.896736 0.231337 2.689198 0.599513043 -0.108202354 -0.793017252 0 0
1.898583 0.231004 2.690753 0.61320803 -0.276603622 -0.739909689 0 0
1.900351 0.230991 2.692261 0.634724434 -0.251609686 -0.730628126 0 0
1.898673 0.23086 2.690915 0.514014022 -0.594016205 -0.618816882 0 0
1.900308 0.230836 2.692312 0.528717715 -0.590919799 -0.609320416 0 0
1.897077 0.231017 2.689528 0.567722905 -0.368914884 -0.735929692 0 0
1.897537 0.230907 2.689974 0.499295561 -0.592694731 -0.631994382 0 0
1.902092 0.231004 2.693802 0.648217382 -0.266707152 -0.713219125 0 0
1.903519 0.231017 2.695121 0.651821807 -0.349911706 -0.67282251 0 0
1.901922 0.23086 2.693735 0.54411828 -0.585619674 -0.600820185 0 0
1.903015 0.230907 2.694727 0.562913032 -0.575213316 -0.59351374 0 0
1.846268 0.231327 2.814836 -0.755213466 -0.654311666 -0.0391006972 0 0
1.846186 0.230979 2.846104 -0.292699314 -0.956197758 -0.00359999156 0 0
1.8455 0.231327 2.846104 -0.753399077 -0.657499195 -0.00919998873 0 0
1.846951 0.230979 2.814842 -0.295203204 -0.95531037 -0.0154001672 0 0
1.849249 0.230979 2.785737 -0.29889867 -0.953495757 -0.0387998273 0 0
1.848574 0.231327 2.785709 -0.755436488 -0.648031301 -0.0968046758 0 0
1.853843 0.230979 2.759866 -0.301105885 -0.95011857 -0.0813015891 0 0
1.853185 0.231327 2.759798 -0.744990799 -0.637292129 -0.197097566 0 0
1.848349 0.231975 2.7857 -0.978358733 -0.164809894 -0.12510751 0 0
1.846041 0.231975 2.814833 -0.984591503 -0.167298556 -0.0508995607 0 0
1.848349 0.233038 2.7857 -0.991864839 0 -0.127295487 0 0
1.846041 0.233038 2.814833 -0.998657325 0 -0.0518029736 0 0
1.852966 0.231975 2.759775 -0.954466925 -0.160411248 -0.251517636 0 0
1.852966 0.233038 2.759775 -0.966678303 0 -0.255994254 0 0
1.845271 0.231975 2.846104 -0.985626602 -0.168504548 -0.0121003266 0 0
1.845271 0.233038 2.846104 -0.999924348 0 -0.0123002995 0 0
1.846041 0.236491 2.814833 -0.998657325 0 -0.0518029736 0 0
1.845271 0.234633 2.846104 -0.999924348 0 -0.0123002995 0 0
1.845271 0.236491 2.846104 -0.999924348 0 -0.0123002995 0 0
1.846041 0.234633 2.814833 -0.998657325 0 -0.0518029736 0 0
1.848349 0.234633 2.7857 -0.991864839 0 -0.127295487 0 0
1.848349 0.236491 2.7857 -0.991864839 0 -0.127295487 0 0
1.852966 0.234633 2.759775 -0.966678303 0 -0.255994254 0 0
1.852966 0.236491 2.759775 -0.966678303 0 -0.255994254 0 0
1.848349 0.238344 2.7857 -0.991864839 0 -0.127295487 0 0
1.846041 0.238344 2.814833 -0.998657325 0 -0.0518029736 0 0
1.852966 0.238344 2.759775 -0.966678303 0 -0.255994254 0 0
1.845271 0.238344 2.846104 -0.999924348 0 -0.0123002995 0 0
1.860611 0.236491 2.814978 0.998827968 0 0.0484013553 0 0
1.859902 0.238344 2.846104 0.999935013 0 0.0114003992 0 0
1.859902 0.236491 2.846104 0.999935013 0 0.0114003992 0 0
1.860611 0.238344 2.814978 0.998827968 0 0.0484013553 0 0
1.862739 0.238344 2.78628 0.992675744 0 0.120809218 0 0
1.862739 0.236491 2.78628 0.992675744 0 0.120809218 0 0
1.866996 0.238344 2.761223 0.968164046 0 0.250316559 0 0
1.866996 0.236491 2.761223 0.968164046 0 0.250316559 0 0
1.862739 0.234633 2.78628 0.992675744 0 0.120809218 0 0
1.860611 0.234633 2.814978 0.998827968 0 0.0484013553 0 0
1.862739 0.233038 2.78628 0.992675744 0 0.120809218 0 0
1.860611 0.233038 2.814978 0.998827968 0 0.0484013553 0 0
1.866996 0.234633 2.761223 0.968164046 0 0.250316559 0 0
1.866996 0.233038 2.761223 0.968164046 0 0.250316559 0 0
1.859902 0.234633 2.846104 0.999935013 0 0.0114003992 0 0
1.859902 0.233038 2.846104 0.999935013 0 0.0114003992 0 0
1.860384 0.231327 2.814976 0.750017581 -0.66041548 0.0364008532 0 0
1.859902 0.231975 2.846104 0.985587069 -0.168797785 0.0111998531 0 0
1.859673 0.231327 2.846104 0.751022907 -0.660220137 0.00860026231 0 0
1.860611 0.231975 2.814978 0.984610038 -0.168101714 0.0478004873 0 0
1.862739 0.231975 2.78628 0.978779172 -0.166396459 0.119597455 0 0
1.862515 0.231327 2.786271 0.746409315 -0.659208227 0.0912011382 0 0
1.866996 0.231975 2.761223 0.954857045 -0.16320975 0.248214829 0 0
1.866777 0.231327 2.761201 0.73004441 -0.656539939 0.189711541 0 0
1.86184 0.230979 2.786243 0.289298545 -0.956595188 0.0350998234 0 0
1.859701 0.230979 2.814969 0.289823527 -0.956977686 0.0140011366 0 0
1.866119 0.230979 2.761133 0.284621256 -0.955871387 0.0728054373 0 0
1.858987 0.230979 2.846104 0.290308333 -0.956927469 0.00330009473 0 0
1.876257 0.24215 2.722946 -0.000299999973 0.99999991 -0.000299999973 0 0
1.869894 0.242122 2.740118 0.022699848 0.999693307 0.00989993372 0 0
1.878639 0.242122 2.723815 0.0215995298 0.999678237 0.0132997105 0 0
1.867376 0.24215 2.739575 -0.000499999915 0.99999983 -0.000299999949 0 0
1.871992 0.242037 2.74057 0.0672004203 0.997306238 0.0294001839 0 0
1.880625 0.242037 2.724539 0.0636991789 0.997187146 0.0394994909 0 0
1.864858 0.242122 2.739032 -0.0239013641 0.999657052 -0.0107006107 0 0
1.873874 0.242122 2.722076 -0.0225011294 0.999650174 -0.0139006977 0 0
1.86276 0.242037 2.738579 -0.070202923 0.997041513 -0.0313013033 0 0
1.871889 0.242037 2.721352 -0.0661986827 0.99698016 -0.0405991921 0 0
1.882906 0.242122 2.709145 -0.0208012227 0.999658762 -0.0158009288 0 0
1.885153 0.24215 2.710341 -0.000199999992 0.99999996 -0.000199999992 0 0
1.890459 0.242122 2.700022 -0.0193996852 0.99968378 -0.0159997404 0 0
1.892593 0.24215 2.701491 0 1 0 0 0
1.881033 0.242037 2.708148 -0.0611040507 0.997066098 -0.0461030563 0 0
1.888681 0.242037 2.698797 -0.0574028068 0.997248762 -0.0469022933 0 0
1.8874 0.242122 2.711537 0.0199995655 0.999678282 0.0155996611 0 0
1.889272 0.242037 2.712534 0.0589987669 0.997179159 0.0463990303 0 0
1.894726 0.242122 2.70296 0.0190996766 0.999683076 0.0163997224 0 0
1.896504 0.242037 2.704184 0.0562017431 0.99723093 0.0487015105 0 0
1.899412 0.242137 2.693378 0.0113005389 0.999847684 -0.0133006343 0 0
1.89917 0.242122 2.697758 0.0200998558 0.999692827 0.014499896 0 0
1.901375 0.242109 2.695042 0.0320994808 0.999483833 0.00129997897 0 0
1.897105 0.24215 2.696123 0.00109999826 0.999998415 -0.00139999778 0 0
1.90089 0.242037 2.69912 0.0572014478 0.997325243 0.0455011516 0 0
1.903012 0.242027 2.69643 0.0764029091 0.996737952 0.02600099 0 0
1.89504 0.242122 2.694488 -0.0177998556 0.999691893 -0.0172998597 0 0
1.897446 0.242109 2.691717 -0.00720006358 0.999508826 -0.0305002693 0 0
1.893319 0.242037 2.693125 -0.054701588 0.997328953 -0.0484014051 0 0
1.895807 0.242027 2.690333 -0.0399021049 0.996852585 -0.0685036137 0 0
1.898476 0.242072 2.690881 0.205207812 0.938135716 -0.278910618 0 0
1.900238 0.242097 2.692396 0.214213395 0.94495909 -0.247315465 0 0
1.897003 0.241998 2.689617 0.229201666 0.901906557 -0.366102662 0 0
1.901988 0.242072 2.693925 0.253409071 0.934333445 -0.250608971 0 0
1.903449 0.241998 2.695203 0.340508034 0.893421081 -0.293006914 0 0
1.899412 0.230695 2.693378 0.0133998252 -0.999786958 -0.0156997952 0 0
1.901988 0.230772 2.693925 0.282510525 -0.918034202 -0.278210365 0 0
1.901375 0.230728 2.695042 0.0378992581 -0.999280439 0.00149997064 0 0
1.900238 0.230742 2.692396 0.240611351 -0.930043876 -0.277713101 0 0
1.903449 0.23086 2.695203 0.371811437 -0.873226861 -0.31500969 0 0
1.903012 0.230824 2.69643 0.0899974527 -0.995471824 0.0305991339 0 0
1.898476 0.230772 2.690881 0.228404484 -0.922318105 -0.311706119 0 0
1.897446 0.230728 2.691717 -0.00850013286 -0.999315619 -0.0360005627 0 0
1.897003 0.23086 2.689617 0.246601768 -0.882306326 -0.400902874 0 0
1.895807 0.230824 2.690333 -0.0470013901 -0.995629446 -0.0807023868 0 0
1.89504 0.230713 2.694488 -0.0210014974 -0.999571267 -0.0204014546 0 0
1.897105 0.23068 2.696123 0.00129999724 -0.999997875 -0.0015999966 0 0
1.890459 0.230713 2.700022 -0.0229013527 -0.999559041 -0.0189011164 0 0
1.892593 0.23068 2.701491 0 -1 0 0 0
1.893319 0.230812 2.693125 -0.0644992602 -0.996288573 -0.0569993462 0 0
1.888681 0.230812 2.698797 -0.0675989441 -0.99618444 -0.0551991378 0 0
1.89917 0.230713 2.697758 0.0237017261 -0.999572797 0.0171012454 0 0
1.90089 0.230812 2.69912 0.0673986473 -0.996280005 0.0536989223 0 0
1.894726 0.230713 2.70296 0.0226013166 -0.999558226 0.0193011243 0 0
1.896504 0.230812 2.704184 0.0662035615 -0.99615359 0.0574030881 0 0
1.876257 0.23068 2.722946 -0.00039999995 -0.999999875 -0.000299999963 0 0
1.8874 0.230713 2.711537 0.02360123 -0.999552093 0.018400959 0 0
1.878639 0.230713 2.723815 0.0255013135 -0.999551483 0.0157008087 0 0
1.885153 0.23068 2.710341 -0.000199999992 -0.99999996 -0.000199999992 0 0
1.889272 0.230812 2.712534 0.0694986952 -0.996081299 0.054698973 0 0
1.880625 0.230812 2.724539 0.0750989944 -0.996086662 0.046599376 0 0
1.882906 0.230713 2.709145 -0.0245006559 -0.999526758 -0.0186004979 0 0
1.873874 0.230713 2.722076 -0.026600309 -0.999511609 -0.0164001905 0 0
1.881033 0.230812 2.708148 -0.0720014339 -0.995919834 -0.0544010834 0 0
1.871889 0.230812 2.721352 -0.0780005273 -0.995806732 -0.0478003231 0 0
1.864858 0.230713 2.739032 -0.0282006451 -0.999522864 -0.0126002882 0 0
1.867376 0.23068 2.739575 -0.000499999898 -0.999999795 -0.000399999918 0 0
1.86276 0.230812 2.738579 -0.0826992677 -0.995891181 -0.0368996733 0 0
1.869894 0.230713 2.740118 0.0268019381 -0.999572282 0.0117008461 0 0
1.871992 0.230812 2.74057 0.07920431 -0.996254213 0.0347018884 0 0
1.894333 0.241577 2.689077 -0.458114593 0.633820191 -0.623219853 0 0
1.895537 0.240961 2.688307 0.0600007938 0.104501383 -0.992713134 0 0
1.894169 0.240961 2.688936 -0.587467305 0.159091146 -0.793455841 0 0
1.895683 0.241573 2.68844 0.0859004286 0.496102476 -0.864004311 0 0
1.895537 0.239923 2.688307 0.0958991384 0 -0.995391056 0 0
1.894169 0.239923 2.688936 -0.590808602 0 -0.806811747 0 0
1.896122 0.241875 2.68884 0.253506148 0.758918404 -0.599814546 0 0
1.894824 0.241891 2.689497 -0.173704278 0.952823468 -0.248906131 0 0
1.892287 0.241897 2.692308 -0.211209977 0.960345363 -0.182008597 0 0
1.891771 0.241578 2.691899 -0.568802525 0.66220294 -0.487802166 0 0
1.887614 0.241897 2.698062 -0.217701213 0.959905347 -0.176600984 0 0
1.887081 0.241578 2.697695 -0.582980619 0.66147801 -0.471784316 0 0
1.891599 0.240961 2.691763 -0.748408562 0.168001922 -0.64160734 0 0
1.891599 0.239923 2.691763 -0.759087168 0 -0.650988995 0 0
1.886903 0.240961 2.697573 -0.76682024 0.166404392 -0.619916363 0 0
1.886903 0.239923 2.697573 -0.777717402 0 -0.628614065 0 0
1.870102 0.241578 2.7207 -0.652742942 0.646742547 -0.394525955 0 0
1.879161 0.240961 2.707152 -0.791246903 0.162409627 -0.589534946 0 0
1.869903 0.240961 2.720628 -0.845095331 0.16099911 -0.509797183 0 0
1.879348 0.241578 2.707252 -0.608407067 0.651007561 -0.453905272 0 0
1.879161 0.239923 2.707152 -0.801581175 0 -0.597885959 0 0
1.869903 0.239923 2.720628 -0.855687704 0 -0.517492564 0 0
1.87991 0.241897 2.707551 -0.231699849 0.957099378 -0.173999887 0 0
1.870697 0.241897 2.720917 -0.250715749 0.955860044 -0.153209624 0 0
1.861501 0.241897 2.738307 -0.266496277 0.956486638 -0.11879834 0 0
1.860871 0.241578 2.738172 -0.69651245 0.649211605 -0.305605463 0 0
1.860661 0.240961 2.738126 -0.903960432 0.163010898 -0.395326428 0 0
1.860661 0.239923 2.738126 -0.915633256 0 -0.402014601 0 0
1.882412 0.241578 2.725191 0.63490167 0.660801738 0.400301053 0 0
1.87409 0.240961 2.741023 0.90121537 0.165302819 0.400606832 0 0
1.88261 0.240961 2.725264 0.834115235 0.162502968 0.527109628 0 0
1.87388 0.241578 2.740978 0.681132443 0.666831762 0.3023144 0 0
1.87409 0.239923 2.741023 0.914441402 0 0.404718324 0 0
1.88261 0.239923 2.725264 0.846037391 0 0.533123562 0 0
1.873251 0.241897 2.740842 0.252706205 0.961223603 0.110402711 0 0
1.881816 0.241897 2.724974 0.238901513 0.959606079 0.148600941 0 0
1.890396 0.241897 2.713132 0.221308275 0.95933587 0.175206551 0 0
1.890958 0.241578 2.713431 0.586814409 0.659916204 0.469211522 0 0
1.897571 0.241897 2.704919 0.211892599 0.959566483 0.185293528 0 0
1.898104 0.241578 2.705286 0.564313865 0.660616232 0.495112165 0 0
1.891145 0.240961 2.713531 0.769885904 0.163097014 0.616988703 0 0
1.891145 0.239923 2.713531 0.780751715 0 0.624841388 0 0
1.898282 0.240961 2.705409 0.740901385 0.16590031 0.650801217 0 0
1.898282 0.239923 2.705409 0.751187436 0 0.66008896 0 0
1.904493 0.241577 2.697678 0.704047803 0.629542744 0.328622313 0 0
1.902611 0.240961 2.700483 0.76169888 0.167899753 0.62579908 0 0
1.904658 0.240961 2.697816 0.893080652 0.157596586 0.421390871 0 0
1.902439 0.241578 2.700347 0.579335036 0.661640014 0.476028789 0 0
1.902611 0.239923 2.700483 0.772645665 0 0.63483752 0 0
1.904658 0.239923 2.697816 0.907105796 0 0.42090269 0 0
1.901923 0.241897 2.699938 0.2161025 0.96021111 0.176902047 0 0
1.903997 0.241891 2.697262 0.282997456 0.951291448 0.122298901 0 0
1.904342 0.241875 2.695966 0.560101678 0.750202247 -0.351401052 0 0
1.904799 0.241573 2.696345 0.83945515 0.488532095 -0.238015637 0 0
1.904951 0.240961 2.696471 0.965594506 0.0998994316 -0.240098634 0 0
1.904951 0.239923 2.696471 0.96132747 0 -0.27540787 0 0
1.894169 0.236491 2.688936 -0.590921362 0 -0.806729164 0 0
1.895537 0.234633 2.688307 0.0958000575 0 -0.995400597 0 0
1.894169 0.234633 2.688936 -0.590873692 0 -0.80676408 0 0
1.895537 0.236491 2.688307 0.0958991384 0 -0.995391056 0 0
1.895537 0.233038 2.688307 0.0958000575 0 -0.995400597 0 0
1.894169 0.233038 2.688936 -0.590873692 0 -0.80676408 0 0
1.895537 0.238344 2.688307 0.0958991384 0 -0.995391056 0 0
1.894169 0.238344 2.688936 -0.590873692 0 -0.80676408 0 0
1.891599 0.238344 2.691763 -0.759087168 0 -0.650988995 0 0
1.891599 0.236491 2.691763 -0.759087168 0 -0.650988995 0 0
1.886903 0.238344 2.697573 -0.777717402 0 -0.628614065 0 0
1.886903 0.236491 2.697573 -0.777717402 0 -0.628614065 0 0
1.891599 0.234633 2.691763 -0.759087168 0 -0.650988995 0 0
1.891599 0.233038 2.691763 -0.759087168 0 -0.650988995 0 0
1.886903 0.234633 2.697573 -0.777717402 0 -0.628614065 0 0
1.886903 0.233038 2.697573 -0.777717402 0 -0.628614065 0 0
1.869903 0.236491 2.720628 -0.855687704 0 -0.517492564 0 0
1.879161 0.234633 2.707152 -0.801581175 0 -0.597885959 0 0
1.869903 0.234633 2.720628 -0.855687704 0 -0.517492564 0 0
1.879161 0.236491 2.707152 -0.801581175 0 -0.597885959 0 0
1.879161 0.233038 2.707152 -0.801581175 0 -0.597885959 0 0
1.869903 0.233038 2.720628 -0.855687704 0 -0.517492564 0 0
1.879161 0.238344 2.707152 -0.801581175 0 -0.597885959 0 0
1.869903 0.238344 2.720628 -0.855687704 0 -0.517492564 0 0
1.860661 0.238344 2.738126 -0.915633256 0 -0.402014601 0 0
1.860661 0.236491 2.738126 -0.915633256 0 -0.402014601 0 0
1.860661 0.234633 2.738126 -0.915633256 0 -0.402014601 0 0
1.860661 0.233038 2.738126 -0.915633256 0 -0.402014601 0 0
1.894333 0.231329 2.689077 -0.467315324 -0.615320177 -0.634820816 0 0
1.896122 0.231004 2.68884 0.247212653 -0.746438204 -0.617831621 0 0
1.894824 0.230985 2.689497 -0.189400806 -0.943704015 -0.271201154 0 0
1.895683 0.231334 2.68844 0.0818023788 -0.478213907 -0.874425429 0 0
1.895537 0.231975 2.688307 0.0613022848 -0.0996037123 -0.993137015 0 0
1.894169 0.231975 2.688936 -0.587996869 -0.152299189 -0.79439577 0 0
1.891599 0.231975 2.691763 -0.749305661 -0.160801215 -0.642404853 0 0
1.891771 0.231327 2.691899 -0.581452403 -0.642857937 -0.49864494 0 0
1.886903 0.231975 2.697573 -0.767709051 -0.159201877 -0.620707318 0 0
1.887081 0.231327 2.697695 -0.596114244 -0.641815336 -0.482411527 0 0
1.892287 0.230979 2.692308 -0.231513091 -0.952153841 -0.199511282 0 0
1.887614 0.230979 2.698062 -0.238717949 -0.951571547 -0.193714565 0 0
1.870102 0.231327 2.7207 -0.666647397 -0.627144588 -0.40282864 0 0
1.87991 0.230979 2.707551 -0.253802845 -0.948310631 -0.190502136 0 0
1.870697 0.230979 2.720917 -0.274491818 -0.946871774 -0.167595004 0 0
1.879348 0.231327 2.707252 -0.62165667 -0.631257545 -0.463742274 0 0
1.879161 0.231975 2.707152 -0.792136594 -0.155407179 -0.590227266 0 0
1.869903 0.231975 2.720628 -0.845982129 -0.153996747 -0.510489216 0 0
1.860661 0.231975 2.738126 -0.904937637 -0.156006488 -0.395916467 0 0
1.860871 0.231327 2.738172 -0.711437828 -0.629733484 -0.311916585 0 0
1.861501 0.230979 2.738307 -0.291713323 -0.94764328 -0.129905933 0 0
1.88261 0.236491 2.725264 0.846037391 0 0.533123562 0 0
1.87409 0.234633 2.741023 0.914441402 0 0.404718324 0 0
1.88261 0.234633 2.725264 0.846037391 0 0.533123562 0 0
1.87409 0.236491 2.741023 0.914441402 0 0.404718324 0 0
1.87409 0.233038 2.741023 0.914441402 0 0.404718324 0 0
1.88261 0.233038 2.725264 0.846037391 0 0.533123562 0 0
1.87409 0.238344 2.741023 0.914441402 0 0.404718324 0 0
1.88261 0.238344 2.725264 0.846037391 0 0.533123562 0 0
1.891145 0.238344 2.713531 0.780751715 0 0.624841388 0 0
1.891145 0.236491 2.713531 0.780751715 0 0.624841388 0 0
1.898282 0.238344 2.705409 0.751187436 0 0.66008896 0 0
1.898282 0.236491 2.705409 0.751187436 0 0.66008896 0 0
1.891145 0.234633 2.713531 0.780751715 0 0.624841388 0 0
1.891145 0.233038 2.713531 0.780751715 0 0.624841388 0 0
1.898282 0.234633 2.705409 0.751187436 0 0.66008896 0 0
1.898282 0.233038 2.705409 0.751187436 0 0.66008896 0 0
1.904658 0.236491 2.697816 0.907105796 0 0.42090269 0 0
1.902611 0.234633 2.700483 0.772645665 0 0.63483752 0 0
1.904658 0.234633 2.697816 0.907105796 0 0.42090269 0 0
1.902611 0.236491 2.700483 0.772645665 0 0.63483752 0 0
1.902611 0.233038 2.700483 0.772645665 0 0.63483752 0 0
1.904658 0.233038 2.697816 0.907105796 0 0.42090269 0 0
1.902611 0.238344 2.700483 0.772645665 0 0.63483752 0 0
1.904658 0.238344 2.697816 0.907105796 0 0.42090269 0 0
1.904951 0.238344 2.696471 0.96132747 0 -0.27540787 0 0
1.904951 0.236491 2.696471 0.96132747 0 -0.27540787 0 0
1.904951 0.234633 2.696471 0.96132747 0 -0.27540787 0 0
1.904951 0.233038 2.696471 0.96132747 0 -0.27540787 0 0
1.882412 0.231327 2.725191 0.649517995 -0.640517746 0.409711351 0 0
1.873251 0.230979 2.740842 0.277414187 -0.95304874 0.121406209 0 0
1.881816 0.230979 2.724974 0.262203371 -0.951112227 0.163202098 0 0
1.87388 0.231327 2.740978 0.697159184 -0.646654897 0.309526277 0 0
1.87409 0.231975 2.741023 0.902326213 -0.158104593 0.40101165 0 0
1.88261 0.231975 2.725264 0.835096468 -0.155399343 0.527697768 0 0
1.891145 0.231975 2.713531 0.770791548 -0.155998289 0.617693227 0 0
1.890957 0.231327 2.713431 0.600204778 -0.639805093 0.480003821 0 0
1.898282 0.231975 2.705409 0.741786837 -0.158697184 0.651588438 0 0
1.898104 0.231327 2.705286 0.577023009 -0.640925557 0.506220186 0 0
1.890396 0.230979 2.713132 0.242805855 -0.95082293 0.192304637 0 0
1.897571 0.230979 2.704919 0.232300657 -0.951202692 0.203100575 0 0
1.904493 0.231329 2.697678 0.71703472 -0.611029587 0.335416241 0 0
1.901923 0.230979 2.699938 0.236897297 -0.951989138 0.193897788 0 0
1.903997 0.230985 2.697262 0.308206409 -0.941919587 0.133402774 0 0
1.902439 0.231327 2.700347 0.592220023 -0.642321717 0.486516449 0 0
1.902611 0.231975 2.700483 0.762608129 -0.160601712 0.62660668 0 0
1.904658 0.231975 2.697816 0.89414381 -0.150807389 0.421620658 0 0
1.904951 0.231975 2.696471 0.965732575 -0.0953032146 -0.241408143 0 0
1.904799 0.231334 2.696345 0.850395148 -0.470197318 -0.236098653 0 0
1.904342 0.231004 2.695966 0.578514156 -0.737518047 -0.348408526 0 0
1.853326 0.205274 2.941984 -0.000199999996 0.99999998 0 0 0
1.849843 0.205246 2.910785 -0.0237004519 0.99971906 0.00030000572 0 0
1.850594 0.205246 2.942011 -0.0239003258 0.999713626 0.00120001636 0 0
1.852587 0.205274 2.910785 -9.99999995e-05 0.999999995 0 0 0
1.849843 0.205246 2.878445 -0.0236005068 0.999721469 0 0 0
1.852587 0.205274 2.878445 0 1 0 0 0
1.847557 0.205162 2.910785 -0.0699037434 0.99755342 0.000800042843 0 0
1.848317 0.205162 2.942034 -0.0705003715 0.997505257 0.00360001897 0 0
1.847557 0.205162 2.878445 -0.0694987487 0.997582039 0 0 0
1.85533 0.205246 2.910785 0.0235005596 0.999723804 -0.000200004762 0 0
1.856058 0.205246 2.941957 0.0235005458 0.999723219 -0.00110002555 0 0
1.857616 0.205162 2.910785 0.0693992102 0.997588648 -0.000799990896 0 0
1.858335 0.205162 2.941934 0.0693988313 0.997583201 -0.00339994275 0 0
1.85533 0.205246 2.878445 0.0236005068 0.999721469 0 0 0
1.857616 0.205162 2.878445 0.0694987487 0.997582039 0 0 0
1.858243 0.205246 2.970791 0.0235004612 0.99971962 -0.00290005691 0 0
1.855544 0.205274 2.9709 -0.000299999985 0.99999995 9.9999995e-05 0 0
1.862612 0.205246 2.996119 0.0232002978 0.999712831 -0.00600007701 0 0
1.859981 0.205274 2.996391 -0.000499999928 0.999999855 0.000199999971 0 0
1.860491 0.205162 2.970701 0.0694036486 0.997552443 -0.00850044688 0 0
1.864804 0.205162 2.995893 0.0686987737 0.997482195 -0.0175996858 0 0
1.852846 0.205246 2.971009 -0.0242999977 0.999699905 0.00309999971 0 0
1.850598 0.205162 2.971099 -0.0714003799 0.997405306 0.00920004894 0 0
1.85735 0.205246 2.996662 -0.0245993997 0.999675603 0.00659983893 0 0
1.855158 0.205162 2.996889 -0.0721006269 0.997208671 0.0194001687 0 0
1.853326 0.193804 2.941984 -0.000199999996 -0.99999998 0 0 0
1.85533 0.193837 2.910785 0.0277004496 -0.999616224 -0.000300004869 0 0
1.856058 0.193837 2.941957 0.0277004274 -0.999615424 -0.00130002006 0 0
1.852587 0.193804 2.910785 -9.99999995e-05 -0.999999995 0 0 0
1.85533 0.193837 2.878445 0.0278003753 -0.999613495 0 0 0
1.852587 0.193804 2.878445 0 -1 0 0 0
1.857616 0.193937 2.910785 0.0817046058 -0.996656183 -0.000900050737 0 0
1.858335 0.193937 2.941934 0.0817039852 -0.996648613 -0.00400019511 0 0
1.857616 0.193937 2.878445 0.0819033102 -0.99664028 0 0 0
1.849843 0.193837 2.910785 -0.0280002205 -0.999607872 0.000300002363 0 0
1.850594 0.193837 2.942011 -0.0282000372 -0.999601319 0.00140000185 0 0
1.847557 0.193937 2.910785 -0.0823005823 -0.996607051 0.00100000708 0 0
1.848317 0.193937 2.942034 -0.083003331 -0.996539992 0.00430017257 0 0
1.849843 0.193837 2.878445 -0.0278003753 -0.999613495 0 0 0
1.847557 0.193937 2.878445 -0.0819033102 -0.99664028 0 0 0
1.852846 0.193837 2.971009 -0.0286994613 -0.999581238 0.00369993055 0 0
1.855544 0.193804 2.9709 -0.000399999966 -0.999999915 9.99999915e-05 0 0
1.85735 0.193837 2.996662 -0.0290014198 -0.999548934 0.00780038188 0 0
1.859981 0.193804 2.996391 -0.000599999865 -0.999999775 0.000299999933 0 0
1.850598 0.193937 2.971099 -0.0840998074 -0.996397718 0.010899975 0 0
1.855158 0.193937 2.996889 -0.0850015037 -0.996117621 0.0229004051 0 0
1.858243 0.193837 2.970791 0.0277002907 -0.999610491 -0.00340003568 0 0
1.860491 0.193937 2.970701 0.0817998855 -0.996598605 -0.009999986 0 0
1.862612 0.193837 2.996119 0.0273000758 -0.999602774 -0.00700001943 0 0
1.864804 0.193937 2.995893 0.0809004166 -0.996505132 -0.0208001071 0 0
1.900372 0.2047 3.064654 0.654712476 0.0634012081 0.753214353 0 0
1.902092 0.204999 3.063088 0.640909492 0.303404493 0.705110443 0 0
1.900351 0.20501 3.064628 0.628325545 0.286611652 0.723229403 0 0
1.902308 0.204697 3.062941 0.670760797 0.071006436 0.738266916 0 0
1.903519 0.204988 3.061769 0.639736997 0.391622648 0.661338246 0 0
1.903891 0.204694 3.061476 0.697701472 0.109300231 0.708001494 0 0
1.901922 0.205122 3.063155 0.513927211 0.64273403 0.56813008 0 0
1.900308 0.205142 3.064578 0.499517975 0.647323294 0.575720718 0 0
1.903015 0.205081 3.062163 0.531502761 0.635003299 0.560602912 0 0
1.90238 0.204085 3.062891 0.671205732 0.00980008369 0.74120633 0 0
1.900379 0.204085 3.064662 0.656110048 0.00900013784 0.754611557 0 0
1.90238 0.203047 3.062891 0.670923798 0 0.741526302 0 0
1.900379 0.203047 3.064662 0.656136623 0 0.754642122 0 0
1.904016 0.204085 3.061379 0.69929163 0.0143998276 0.714691445 0 0
1.904016 0.203047 3.061379 0.697947595 0 0.716148836 0 0
1.898348 0.204085 3.066397 0.639944497 0.0102007093 0.768353425 0 0
1.898407 0.204697 3.066332 0.636736712 0.074804313 0.767444248 0 0
1.896622 0.204085 3.067802 0.605894144 0.0155998492 0.795392313 0 0
1.896736 0.204694 3.067692 0.59862558 0.11770503 0.792333857 0 0
1.898348 0.203047 3.066397 0.640420443 0 0.768024516 0 0
1.896622 0.203047 3.067802 0.607906562 0 0.794008571 0 0
1.898583 0.204999 3.066137 0.605821177 0.314210983 0.73092555 0 0
1.898673 0.205122 3.065975 0.485510541 0.650814129 0.583712673 0 0
1.897077 0.204988 3.067362 0.557333324 0.411324594 0.721243124 0 0
1.897537 0.205081 3.066916 0.470310775 0.652014938 0.594713625 0 0
1.846268 0.204702 2.942054 -0.738387322 0.67328844 0.0382993424 0 0
1.845271 0.204085 2.910785 -0.984315306 0.176002737 0.0121001882 0 0
1.846041 0.204085 2.942057 -0.983287837 0.174797838 0.0508993704 0 0
1.8455 0.204702 2.910785 -0.736393295 0.676493841 0.00899991806 0 0
1.845271 0.204085 2.878445 -0.984317989 0.176403224 0 0 0
1.8455 0.204702 2.878445 -0.734791943 0.678292563 0 0 0
1.845271 0.203047 2.910785 -0.999924348 0 0.0123002995 0 0
1.846041 0.203047 2.942057 -0.998657325 0 0.0518029736 0 0
1.845271 0.203047 2.878445 -1 0 0 0 0
1.846186 0.205021 2.910785 -0.266719008 0.963768685 0.0033002352 0 0
1.846951 0.205021 2.942048 -0.269102717 0.963009722 0.0140001413 0 0
1.846186 0.205021 2.878445 -0.265198319 0.964193887 0 0 0
1.849249 0.205021 2.971153 -0.272712489 0.96144403 0.0354016213 0 0
1.848574 0.204702 2.97118 -0.738906406 0.667105784 0.0948008219 0 0
1.853843 0.205021 2.997025 -0.274991826 0.958571507 0.0742977915 0 0
1.853185 0.204702 2.997092 -0.729304212 0.656403791 0.193001115 0 0
1.848349 0.204085 2.971189 -0.977098901 0.172199806 0.124999859 0 0
1.848349 0.203047 2.971189 -0.991864839 0 0.127295487 0 0
1.852966 0.204085 2.997115 -0.953337248 0.167606549 0.251109811 0 0
1.852966 0.203047 2.997115 -0.966678303 0 0.255994254 0 0
1.860384 0.204702 2.941914 0.732709961 0.679609239 -0.035600484 0 0
1.858987 0.205021 2.910785 0.264402152 0.96440785 -0.00300002442 0 0
1.859701 0.205021 2.941921 0.263916573 0.964460565 -0.0128008039 0 0
1.859673 0.204702 2.910785 0.733806791 0.679306287 -0.00840007774 0 0
1.858987 0.205021 2.878445 0.265316861 0.964161274 0 0 0
1.859673 0.204702 2.878445 0.734887783 0.678188725 0 0 0
1.859902 0.204085 2.910785 0.984273612 0.176295274 -0.0111996997 0 0
1.860611 0.204085 2.941912 0.983287871 0.175697833 -0.0476994116 0 0
1.859902 0.203047 2.910785 0.999935013 0 -0.0114003992 0 0
1.860611 0.203047 2.941912 0.998827968 0 -0.0484013553 0 0
1.859902 0.204085 2.878445 0.984335348 0.176306331 0 0 0
1.859902 0.203047 2.878445 1 0 0 0 0
1.862739 0.204085 2.97061 0.97748113 0.173996641 -0.119397695 0 0
1.862515 0.204702 2.970619 0.729097897 0.678598042 -0.0889997432 0 0
1.866996 0.204085 2.995667 0.953618443 0.170603299 -0.248004796 0 0
1.866777 0.204702 2.995689 0.712898082 0.67639818 -0.185099502 0 0
1.862739 0.203047 2.97061 0.992675744 0 -0.120809218 0 0
1.866996 0.203047 2.995667 0.968164046 0 -0.250316559 0 0
1.86184 0.205021 2.970646 0.263296559 0.964187398 -0.0318995831 0 0
1.866119 0.205021 2.995757 0.259001502 0.963605589 -0.066200384 0 0
1.900379 0.199615 3.064662 0.656136623 0 0.754642122 0 0
1.90238 0.201468 3.062891 0.670923798 0 0.741526302 0 0
1.900379 0.201468 3.064662 0.656136623 0 0.754642122 0 0
1.90238 0.199615 3.062891 0.670923798 0 0.741526302 0 0
1.904016 0.201468 3.061379 0.697947595 0 0.716148836 0 0
1.904016 0.199615 3.061379 0.697947595 0 0.716148836 0 0
1.90238 0.197757 3.062891 0.670923798 0 0.741526302 0 0
1.900379 0.197757 3.064662 0.656136623 0 0.754642122 0 0
1.90238 0.196162 3.062891 0.670923798 0 0.741526302 0 0
1.900379 0.196162 3.064662 0.656136623 0 0.754642122 0 0
1.904016 0.197757 3.061379 0.697947595 0 0.716148836 0 0
1.904016 0.196162 3.061379 0.697947595 0 0.716148836 0 0
1.898348 0.197757 3.066397 0.640420443 0 0.768024516 0 0
1.898348 0.199615 3.066397 0.640420443 0 0.768024516 0 0
1.896622 0.197757 3.067802 0.607843511 0 0.794056841 0 0
1.896622 0.199615 3.067802 0.607906562 0 0.794008571 0 0
1.898348 0.196162 3.066397 0.640420443 0 0.768024516 0 0
1.896622 0.196162 3.067802 0.607795244 0 0.794093786 0 0
1.898348 0.201468 3.066397 0.640420443 0 0.768024516 0 0
1.896622 0.201468 3.067802 0.607906562 0 0.794008571 0 0
1.900372 0.194455 3.064654 0.654923637 -0.0585021114 0.753427192 0 0
1.90238 0.195099 3.062891 0.67120831 -0.00940011637 0.741209176 0 0
1.900379 0.195099 3.064662 0.656112358 -0.00860016199 0.754614213 0 0
1.902308 0.194458 3.062941 0.671033415 -0.0654032568 0.738536776 0 0
1.904016 0.195099 3.061379 0.699298507 -0.0136999708 0.714698474 0 0
1.903891 0.194461 3.061476 0.698112922 -0.100401858 0.708913122 0 0
1.902092 0.194128 3.063088 0.648217382 -0.266707152 0.713219125 0 0
1.900351 0.194116 3.064628 0.634724434 -0.251609686 0.730628126 0 0
1.901922 0.193984 3.063155 0.544150146 -0.585553961 0.600855371 0 0
1.900308 0.19396 3.064578 0.528717715 -0.590919799 0.609320416 0 0
1.903519 0.194141 3.061769 0.651798996 -0.349999461 0.672798964 0 0
1.903015 0.194031 3.062163 0.563013721 -0.575114016 0.593514464 0 0
1.898583 0.194128 3.066137 0.613191066 -0.276695969 0.73988922 0 0
1.898407 0.194458 3.066332 0.637038383 -0.0689041516 0.767746258 0 0
1.897077 0.194141 3.067362 0.567701959 -0.369001273 0.735902539 0 0
1.896736 0.194461 3.067692 0.599611654 -0.108402107 0.79291541 0 0
1.898673 0.193984 3.065975 0.513940436 -0.594046738 0.61884869 0 0
1.897537 0.194031 3.066916 0.499325154 -0.592629854 0.632031839 0 0
1.898348 0.195099 3.066397 0.640006102 -0.00980009344 0.768307326 0 0
1.896622 0.195099 3.067802 0.60601209 -0.0149002973 0.795315867 0 0
1.846268 0.194451 2.942054 -0.755213466 -0.654311666 0.0391006972 0 0
1.846186 0.194103 2.910785 -0.292699314 -0.956197758 0.00359999156 0 0
1.846951 0.194103 2.942048 -0.295203204 -0.95531037 0.0154001672 0 0
1.8455 0.194451 2.910785 -0.753399077 -0.657499195 0.00919998873 0 0
1.846186 0.194103 2.878445 -0.291217328 -0.956656923 0 0 0
1.8455 0.194451 2.878445 -0.751938256 -0.659233539 0 0 0
1.845271 0.195099 2.910785 -0.985626602 -0.168504548 0.0121003266 0 0
1.846041 0.195099 2.942057 -0.984586487 -0.167297704 0.0509993 0 0
1.845271 0.196162 2.910785 -0.999924348 0 0.0123002995 0 0
1.846041 0.196162 2.942057 -0.998657325 0 0.0518029736 0 0
1.845271 0.195099 2.878445 -0.985648889 -0.168808373 0 0 0
1.845271 0.196162 2.878445 -1 0 0 0 0
1.848349 0.195099 2.971189 -0.978358733 -0.164809894 0.12510751 0 0
1.848574 0.194451 2.97118 -0.755436488 -0.648031301 0.0968046758 0 0
1.852966 0.195099 2.997115 -0.954475823 -0.160395937 0.25149363 0 0
1.853185 0.194451 2.997092 -0.745038277 -0.637232739 0.197110127 0 0
1.848349 0.196162 2.971189 -0.991864839 0 0.127295487 0 0
1.852966 0.196162 2.997115 -0.966678303 0 0.255994254 0 0
1.849249 0.194103 2.971153 -0.29889867 -0.953495757 0.0387998273 0 0
1.853843 0.194103 2.997024 -0.301105885 -0.95011857 0.0813015891 0 0
1.846041 0.199615 2.942057 -0.998657325 0 0.0518029736 0 0
1.845271 0.197757 2.910785 -0.999924348 0 0.0123002995 0 0
1.846041 0.197757 2.942057 -0.998657325 0 0.0518029736 0 0
1.845271 0.199615 2.910785 -0.999924348 0 0.0123002995 0 0
1.845271 0.197757 2.878445 -1 0 0 0 0
1.845271 0.199615 2.878445 -1 0 0 0 0
1.845271 0.201468 2.910785 -0.999924348 0 0.0123002995 0 0
1.846041 0.201468 2.942057 -0.998657325 0 0.0518029736 0 0
1.845271 0.201468 2.878445 -1 0 0 0 0
1.848349 0.201468 2.971189 -0.991864839 0 0.127295487 0 0
1.848349 0.199615 2.971189 -0.991864839 0 0.127295487 0 0
1.852966 0.201468 2.997115 -0.966678303 0 0.255994254 0 0
1.852966 0.199615 2.997115 -0.966678303 0 0.255994254 0 0
1.848349 0.197757 2.971189 -0.991864839 0 0.127295487 0 0
1.852966 0.197757 2.997115 -0.966678303 0 0.255994254 0 0
1.860611 0.199615 2.941912 0.998827968 0 -0.0484013553 0 0
1.859902 0.201468 2.910785 0.999935013 0 -0.0114003992 0 0
1.860611 0.201468 2.941912 0.998827968 0 -0.0484013553 0 0
1.859902 0.199615 2.910785 0.999935013 0 -0.0114003992 0 0
1.859902 0.201468 2.878445 1 0 0 0 0
1.859902 0.199615 2.878445 1 0 0 0 0
1.859902 0.197757 2.910785 0.999935013 0 -0.0114003992 0 0
1.860611 0.197757 2.941912 0.998827968 0 -0.0484013553 0 0
1.859902 0.196162 2.910785 0.999935013 0 -0.0114003992 0 0
1.860611 0.196162 2.941912 0.998827968 0 -0.0484013553 0 0
1.859902 0.197757 2.878445 1 0 0 0 0
1.859902 0.196162 2.878445 1 0 0 0 0
1.862739 0.197757 2.97061 0.992675744 0 -0.120809218 0 0
1.862739 0.199615 2.97061 0.992675744 0 -0.120809218 0 0
1.866996 0.197757 2.995667 0.968164046 0 -0.250316559 0 0
1.866996 0.199615 2.995667 0.968164046 0 -0.250316559 0 0
1.862739 0.196162 2.97061 0.992675744 0 -0.120809218 0 0
1.866996 0.196162 2.995667 0.968164046 0 -0.250316559 0 0
1.862739 0.201468 2.97061 0.992675744 0 -0.120809218 0 0
1.866996 0.201468 2.995667 0.968164046 0 -0.250316559 0 0
1.860384 0.194451 2.941914 0.750017581 -0.66041548 -0.0364008532 0 0
1.859902 0.195099 2.910785 0.985587069 -0.168797785 -0.0111998531 0 0
1.860611 0.195099 2.941912 0.984610038 -0.168101714 -0.0478004873 0 0
1.859673 0.194451 2.910785 0.751022907 -0.660220137 -0.00860026231 0 0
1.859902 0.195099 2.878445 0.98566837 -0.168694587 0 0 0
1.859673 0.194451 2.878445 0.752031281 -0.659127417 0 0 0
1.858987 0.194103 2.910785 0.290308333 -0.956927469 -0.00330009473 0 0
1.859701 0.194103 2.941921 0.289795792 -0.956986105 -0.0139997967 0 0
1.858987 0.194103 2.878445 0.291217328 -0.956656923 0 0 0
1.86184 0.194103 2.970646 0.289298545 -0.956595188 -0.0350998234 0 0
1.862515 0.194451 2.970619 0.746409315 -0.659208227 -0.0912011382 0 0
1.866119 0.194103 2.995757 0.284621256 -0.955871387 -0.0728054373 0 0
1.866777 0.194451 2.995689 0.73004441 -0.656539939 -0.189711541 0 0
1.862739 0.195099 2.97061 0.978779172 -0.166396459 -0.119597455 0 0
1.866996 0.195099 2.995667 0.954857045 -0.16320975 -0.248214829 0 0
1.876257 0.205274 3.033944 -0.000299999973 0.99999991 0.000299999973 0 0
1.869894 0.205246 3.016772 0.022699848 0.999693307 -0.00989993372 0 0
1.867376 0.205274 3.017315 -0.000499999915 0.99999983 0.000299999949 0 0
1.878639 0.205246 3.033075 0.0215995298 0.999678237 -0.0132997105 0 0
1.871992 0.205162 3.01632 0.0672004203 0.997306238 -0.0294001839 0 0
1.880625 0.205162 3.032351 0.0636991789 0.997187146 -0.0394994909 0 0
1.8874 0.205246 3.045352 0.0199995655 0.999678282 -0.0155996611 0 0
1.885153 0.205274 3.046549 -0.000199999992 0.99999996 0.000199999992 0 0
1.894726 0.205246 3.05393 0.0190996766 0.999683076 -0.0163997224 0 0
1.892593 0.205274 3.055399 0 1 0 0 0
1.889272 0.205162 3.044356 0.0589987669 0.997179159 -0.0463990303 0 0
1.896504 0.205162 3.052706 0.0562017431 0.99723093 -0.0487015105 0 0
1.882906 0.205246 3.047745 -0.0207012598 0.999660836 0.0158009616 0 0
1.873874 0.205246 3.034813 -0.0225011294 0.999650174 0.0139006977 0 0
1.881033 0.205162 3.048741 -0.0611040507 0.997066098 0.0461030563 0 0
1.871889 0.205162 3.035538 -0.0662052831 0.996979557 0.0406032401 0 0
1.890459 0.205246 3.056868 -0.0193996852 0.99968378 0.0159997404 0 0
1.888681 0.205162 3.058093 -0.0574028068 0.997248762 0.0469022933 0 0
1.864858 0.205246 3.017858 -0.0239013641 0.999657052 0.0107006107 0 0
1.86276 0.205162 3.018311 -0.070202923 0.997041513 0.0313013033 0 0
1.899412 0.205261 3.063512 0.0113005389 0.999847684 0.0133006343 0 0
1.89917 0.205246 3.059132 0.0200998558 0.999692827 -0.014499896 0 0
1.897105 0.205274 3.060767 0.00109999826 0.999998415 0.00139999778 0 0
1.901375 0.205233 3.061847 0.0320994808 0.999483833 -0.00129997897 0 0
1.90089 0.205162 3.05777 0.0572014478 0.997325243 -0.0455011516 0 0
1.903012 0.205152 3.060459 0.0764029091 0.996737952 -0.02600099 0 0
1.901988 0.205196 3.062965 0.253298164 0.934393226 0.250498184 0 0
1.900238 0.205221 3.064494 0.214308809 0.944938843 0.247310166 0 0
1.903449 0.205122 3.061687 0.340508034 0.893421081 0.293006914 0 0
1.898476 0.205196 3.066009 0.205213535 0.938161879 0.27881839 0 0
1.897446 0.205233 3.065173 -0.00720006358 0.999508826 0.0305002693 0 0
1.897003 0.205122 3.067273 0.229201666 0.901906557 0.366102662 0 0
1.895807 0.205152 3.066557 -0.0399021049 0.996852585 0.0685036137 0 0
1.89504 0.205246 3.062402 -0.0177998556 0.999691893 0.0172998597 0 0
1.893319 0.205162 3.063764 -0.0548012909 0.997323492 0.0484011401 0 0
1.899412 0.193819 3.063512 0.0133998252 -0.999786958 0.0156997952 0 0
1.901988 0.193896 3.062965 0.282502664 -0.918008657 0.278302624 0 0
1.900238 0.193866 3.064494 0.240494763 -0.930079748 0.277693953 0 0
1.901375 0.193852 3.061847 0.0378992581 -0.999280439 -0.00149997064 0 0
1.903449 0.193984 3.061687 0.371692793 -0.873283067 0.314993892 0 0
1.903012 0.193948 3.060459 0.0899974527 -0.995471824 -0.0305991339 0 0
1.89917 0.193837 3.059132 0.0237017261 -0.999572797 -0.0171012454 0 0
1.897105 0.193804 3.060767 0.00129999724 -0.999997875 0.0015999966 0 0
1.894726 0.193837 3.05393 0.0226013166 -0.999558226 -0.0193011243 0 0
1.892593 0.193804 3.055399 0 -1 0 0 0
1.90089 0.193937 3.05777 0.0673986473 -0.996280005 -0.0536989223 0 0
1.896504 0.193937 3.052706 0.0662035615 -0.99615359 -0.0574030881 0 0
1.89504 0.193837 3.062402 -0.0210014974 -0.999571267 0.0204014546 0 0
1.897446 0.193852 3.065173 -0.00850013286 -0.999315619 0.0360005627 0 0
1.893319 0.193937 3.063764 -0.0644992602 -0.996288573 0.0569993462 0 0
1.895807 0.193948 3.066557 -0.0470013901 -0.995629446 0.0807023868 0 0
1.890459 0.193837 3.056868 -0.0229013527 -0.999559041 0.0189011164 0 0
1.888681 0.193937 3.058093 -0.0675989441 -0.99618444 0.0551991378 0 0
1.898476 0.193896 3.066009 0.228404484 -0.922318105 0.311706119 0 0
1.897003 0.193984 3.067273 0.246507845 -0.882328081 0.400912759 0 0
1.876257 0.193804 3.033944 -0.00039999995 -0.999999875 0.000299999963 0 0
1.8874 0.193837 3.045352 0.02360123 -0.999552093 -0.018400959 0 0
1.885153 0.193804 3.046549 -0.000199999992 -0.99999996 0.000199999992 0 0
1.878639 0.193837 3.033075 0.0255013135 -0.999551483 -0.0157008087 0 0
1.889272 0.193937 3.044356 0.0694986952 -0.996081299 -0.054698973 0 0
1.880625 0.193937 3.032351 0.0750989944 -0.996086662 -0.046599376 0 0
1.869894 0.193837 3.016772 0.0268019381 -0.999572282 -0.0117008461 0 0
1.867376 0.193804 3.017315 -0.000499999898 -0.999999795 0.000399999918 0 0
1.871992 0.193937 3.01632 0.07920431 -0.996254213 -0.0347018884 0 0
1.864858 0.193837 3.017858 -0.0282006451 -0.999522864 0.0126002882 0 0
1.873874 0.193837 3.034813 -0.026600309 -0.999511609 0.0164001905 0 0
1.86276 0.193937 3.018311 -0.0826992677 -0.995891181 0.0368996733 0 0
1.871889 0.193937 3.035538 -0.0780005273 -0.995806732 0.0478003231 0 0
1.882906 0.193837 3.047745 -0.0245006559 -0.999526758 0.0186004979 0 0
1.881033 0.193937 3.048741 -0.0720014339 -0.995919834 0.0544010834 0 0
1.894333 0.204701 3.067813 -0.458114593 0.633820191 0.623219853 0 0
1.895537 0.204085 3.068583 0.0600007938 0.104501383 0.992713134 0 0
1.895683 0.204697 3.068449 0.0859004286 0.496102476 0.864004311 0 0
1.894169 0.204085 3.067953 -0.587476648 0.15899368 0.79346846 0 0
1.895537 0.203047 3.068583 0.0958000575 0 0.995400597 0 0
1.894169 0.203047 3.067953 -0.590921362 0 0.806729164 0 0
1.891599 0.204085 3.065127 -0.748408562 0.168001922 0.64160734 0 0
1.891771 0.204702 3.064991 -0.568802525 0.66220294 0.487802166 0 0
1.886903 0.204085 3.059317 -0.76682024 0.166404392 0.619916363 0 0
1.887081 0.204702 3.059195 -0.583019182 0.661421761 0.471815523 0 0
1.891599 0.203047 3.065127 -0.759087168 0 0.650988995 0 0
1.886903 0.203047 3.059317 -0.777717402 0 0.628614065 0 0
1.892287 0.205021 3.064582 -0.211209977 0.960345363 0.182008597 0 0
1.894824 0.205015 3.067393 -0.173607291 0.952840015 0.248910453 0 0
1.887614 0.205021 3.058827 -0.217701213 0.959905347 0.176600984 0 0
1.896122 0.204999 3.06805 0.253506148 0.758918404 0.599814546 0 0
1.870102 0.204702 3.03619 -0.652700724 0.646800718 0.394500438 0 0
1.879161 0.204085 3.049738 -0.791246903 0.162409627 0.589534946 0 0
1.879348 0.204702 3.049638 -0.608407067 0.651007561 0.453905272 0 0
1.869903 0.204085 3.036262 -0.845095331 0.16099911 0.509797183 0 0
1.879161 0.203047 3.049738 -0.801581175 0 0.597885959 0 0
1.869903 0.203047 3.036262 -0.855687704 0 0.517492564 0 0
1.860661 0.204085 3.018764 -0.903945691 0.163108245 0.395319982 0 0
1.860871 0.204702 3.018718 -0.696467232 0.649269453 0.305585623 0 0
1.860661 0.203047 3.018764 -0.915633256 0 0.402014601 0 0
1.861501 0.205021 3.018583 -0.266496277 0.956486638 0.11879834 0 0
1.870697 0.205021 3.035973 -0.250715749 0.955860044 0.153209624 0 0
1.87991 0.205021 3.049339 -0.231699849 0.957099378 0.173999887 0 0
1.882412 0.204702 3.031698 0.63490167 0.660801738 -0.400301053 0 0
1.87409 0.204085 3.015867 0.90121537 0.165302819 -0.400606832 0 0
1.87388 0.204702 3.015912 0.681132443 0.666831762 -0.3023144 0 0
1.88261 0.204085 3.031626 0.834115235 0.162502968 -0.527109628 0 0
1.87409 0.203047 3.015867 0.914441402 0 -0.404718324 0 0
1.88261 0.203047 3.031626 0.846037391 0 -0.533123562 0 0
1.891145 0.204085 3.043359 0.769885904 0.163097014 -0.616988703 0 0
1.890958 0.204702 3.043459 0.586814409 0.659916204 -0.469211522 0 0
1.898282 0.204085 3.051481 0.740901385 0.16590031 -0.650801217 0 0
1.898104 0.204702 3.051604 0.564313865 0.660616232 -0.495112165 0 0
1.891145 0.203047 3.043359 0.780751715 0 -0.624841388 0 0
1.898282 0.203047 3.051481 0.751187436 0 -0.66008896 0 0
1.890396 0.205021 3.043758 0.221308275 0.95933587 -0.175206551 0 0
1.881816 0.205021 3.031916 0.238897962 0.959591815 -0.148698732 0 0
1.897571 0.205021 3.051971 0.211892599 0.959566483 -0.185293528 0 0
1.873251 0.205021 3.016048 0.252706205 0.961223603 -0.110402711 0 0
1.904493 0.204701 3.059212 0.704047803 0.629542744 -0.328622313 0 0
1.902611 0.204085 3.056407 0.76169888 0.167899753 -0.62579908 0 0
1.902439 0.204702 3.056543 0.579401472 0.66160168 -0.476001209 0 0
1.904658 0.204085 3.059074 0.893132354 0.157505706 -0.421315262 0 0
1.902611 0.203047 3.056407 0.772645665 0 -0.63483752 0 0
1.904658 0.203047 3.059074 0.907105796 0 -0.42090269 0 0
1.904951 0.204085 3.060419 0.965608034 0.100000832 0.240001997 0 0
1.904799 0.204697 3.060545 0.839414136 0.488608228 0.238004008 0 0
1.904951 0.203047 3.060419 0.96132747 0 0.27540787 0 0
1.904342 0.204999 3.060924 0.560033043 0.750244266 0.351420734 0 0
1.903997 0.205015 3.059628 0.282997456 0.951291448 -0.122298901 0 0
1.901923 0.205021 3.056952 0.2161025 0.96021111 -0.176902047 0 0
1.894169 0.199615 3.067953 -0.590921362 0 0.806729164 0 0
1.895537 0.197757 3.068583 0.0958991384 0 0.995391056 0 0
1.895537 0.199615 3.068583 0.0958991384 0 0.995391056 0 0
1.894169 0.197757 3.067953 -0.590808602 0 0.806811747 0 0
1.895537 0.196162 3.068583 0.0958000575 0 0.995400597 0 0
1.894169 0.196162 3.067953 -0.590808602 0 0.806811747 0 0
1.891599 0.197757 3.065127 -0.759087168 0 0.650988995 0 0
1.891599 0.199615 3.065127 -0.759087168 0 0.650988995 0 0
1.886903 0.197757 3.059317 -0.777717402 0 0.628614065 0 0
1.886903 0.199615 3.059317 -0.777717402 0 0.628614065 0 0
1.891599 0.196162 3.065127 -0.759087168 0 0.650988995 0 0
1.886903 0.196162 3.059317 -0.777717402 0 0.628614065 0 0
1.891599 0.201468 3.065127 -0.759087168 0 0.650988995 0 0
1.894169 0.201468 3.067953 -0.590921362 0 0.806729164 0 0
1.886903 0.201468 3.059317 -0.777717402 0 0.628614065 0 0
1.895537 0.201468 3.068583 0.0958000575 0 0.995400597 0 0
1.869903 0.199615 3.036262 -0.855687704 0 0.517492564 0 0
1.879161 0.197757 3.049738 -0.801581175 0 0.597885959 0 0
1.879161 0.199615 3.049738 -0.801581175 0 0.597885959 0 0
1.869903 0.197757 3.036262 -0.855687704 0 0.517492564 0 0
1.879161 0.196162 3.049738 -0.801581175 0 0.597885959 0 0
1.869903 0.196162 3.036262 -0.855687704 0 0.517492564 0 0
1.860661 0.197757 3.018764 -0.915633256 0 0.402014601 0 0
1.860661 0.199615 3.018764 -0.915633256 0 0.402014601 0 0
1.860661 0.196162 3.018764 -0.915633256 0 0.402014601 0 0
1.860661 0.201468 3.018764 -0.915633256 0 0.402014601 0 0
1.869903 0.201468 3.036262 -0.855687704 0 0.517492564 0 0
1.879161 0.201468 3.049738 -0.801581175 0 0.597885959 0 0
1.894333 0.194453 3.067813 -0.467315324 -0.615320177 0.634820816 0 0
1.896122 0.194128 3.06805 0.247288083 -0.746464029 0.61777023 0 0
1.895683 0.194458 3.068449 0.0819017114 -0.478209992 0.874418271 0 0
1.894824 0.194109 3.067393 -0.189395669 -0.943678418 0.271293796 0 0
1.892287 0.194103 3.064582 -0.231513091 -0.952153841 0.199511282 0 0
1.891771 0.194451 3.064991 -0.581423406 -0.642825877 0.498720076 0 0
1.887614 0.194103 3.058827 -0.238695233 -0.951580997 0.193696132 0 0
1.887081 0.194451 3.059195 -0.596114244 -0.641815336 0.482411527 0 0
1.891599 0.195099 3.065127 -0.749305661 -0.160801215 0.642404853 0 0
1.894169 0.195099 3.067953 -0.587931438 -0.152308144 0.79444248 0 0
1.886903 0.195099 3.059317 -0.767709051 -0.159201877 0.620707318 0 0
1.895537 0.195099 3.068583 0.0613022848 -0.0996037123 0.993137015 0 0
1.870102 0.194451 3.03619 -0.666702954 -0.627102778 0.402801784 0 0
1.87991 0.194103 3.049339 -0.253802845 -0.948310631 0.190502136 0 0
1.879348 0.194451 3.049638 -0.621718024 -0.631218299 0.463713443 0 0
1.870697 0.194103 3.035973 -0.274399351 -0.946897761 0.167599604 0 0
1.861501 0.194103 3.018583 -0.291713323 -0.94764328 0.129905933 0 0
1.860871 0.194451 3.018718 -0.711437828 -0.629733484 0.311916585 0 0
1.860661 0.195099 3.018764 -0.904937637 -0.156006488 0.395916467 0 0
1.869903 0.195099 3.036262 -0.845982129 -0.153996747 0.510489216 0 0
1.879161 0.195099 3.049738 -0.792136594 -0.155407179 0.590227266 0 0
1.88261 0.199615 3.031626 0.846037391 0 -0.533123562 0 0
1.87409 0.197757 3.015867 0.914441402 0 -0.404718324 0 0
1.87409 0.199615 3.015867 0.914441402 0 -0.404718324 0 0
1.88261 0.197757 3.031626 0.846037391 0 -0.533123562 0 0
1.87409 0.196162 3.015867 0.914441402 0 -0.404718324 0 0
1.88261 0.196162 3.031626 0.846037391 0 -0.533123562 0 0
1.891145 0.197757 3.043359 0.780751715 0 -0.624841388 0 0
1.891145 0.199615 3.043359 0.780790756 0 -0.624792602 0 0
1.898282 0.197757 3.051481 0.751187436 0 -0.66008896 0 0
1.898282 0.199615 3.051481 0.751187436 0 -0.66008896 0 0
1.891145 0.196162 3.043359 0.780751715 0 -0.624841388 0 0
1.898282 0.196162 3.051481 0.751187436 0 -0.66008896 0 0
1.891145 0.201468 3.043359 0.780751715 0 -0.624841388 0 0
1.88261 0.201468 3.031626 0.846037391 0 -0.533123562 0 0
1.898282 0.201468 3.051481 0.751187436 0 -0.66008896 0 0
1.87409 0.201468 3.015867 0.914441402 0 -0.404718324 0 0
1.904658 0.199615 3.059074 0.907105796 0 -0.42090269 0 0
1.902611 0.197757 3.056407 0.772645665 0 -0.63483752 0 0
1.902611 0.199615 3.056407 0.772645665 0 -0.63483752 0 0
1.904658 0.197757 3.059074 0.907105796 0 -0.42090269 0 0
1.902611 0.196162 3.056407 0.772645665 0 -0.63483752 0 0
1.904658 0.196162 3.059074 0.907105796 0 -0.42090269 0 0
1.904951 0.197757 3.060419 0.96132747 0 0.27540787 0 0
1.904951 0.199615 3.060419 0.96132747 0 0.27540787 0 0
1.904951 0.196162 3.060419 0.96132747 0 0.27540787 0 0
1.904951 0.201468 3.060419 0.961353943 0 0.275315448 0 0
1.904658 0.201468 3.059074 0.907105796 0 -0.42090269 0 0
1.902611 0.201468 3.056407 0.772645665 0 -0.63483752 0 0
1.882412 0.194451 3.031698 0.649517995 -0.640517746 -0.409711351 0 0
1.873251 0.194103 3.016048 0.277417554 -0.953060307 -0.121307676 0 0
1.87388 0.194451 3.015912 0.697114099 -0.64671308 -0.30950626 0 0
1.881816 0.194103 3.031916 0.262110241 -0.951137162 -0.163206377 0 0
1.890396 0.194103 3.043758 0.242711745 -0.950846013 -0.192309306 0 0
1.890958 0.194451 3.043459 0.600204778 -0.639805093 -0.480003821 0 0
1.897571 0.194103 3.051971 0.232300657 -0.951202692 -0.203100575 0 0
1.898104 0.194451 3.051604 0.577023009 -0.640925557 -0.506220186 0 0
1.891145 0.195099 3.043359 0.770791548 -0.155998289 -0.617693227 0 0
1.88261 0.195099 3.031626 0.835096468 -0.155399343 -0.527697768 0 0
1.898282 0.195099 3.051481 0.741786837 -0.158697184 -0.651588438 0 0
1.87409 0.195099 3.015867 0.902290025 -0.158098252 -0.401095566 0 0
1.904493 0.194453 3.059212 0.71703472 -0.611029587 -0.335416241 0 0
1.901923 0.194103 3.056952 0.236897297 -0.951989138 -0.193897788 0 0
1.902439 0.194451 3.056543 0.592220023 -0.642321717 -0.486516449 0 0
1.903997 0.194109 3.059628 0.308296908 -0.941890553 -0.133398662 0 0
1.904342 0.194128 3.060924 0.578427459 -0.737535012 0.348516544 0 0
1.904799 0.194458 3.060545 0.850375233 -0.470286303 0.235993127 0 0
1.904951 0.195099 3.060419 0.965755885 -0.095305515 0.241313964 0 0
1.904658 0.195099 3.059074 0.89413032 -0.150905117 -0.421614297 0 0
1.902611 0.195099 3.056407 0.762608129 -0.160601712 -0.62660668 0 0
1.853326 0.205274 2.814906 -0.000199999996 0.99999998 0 0 0
1.849843 0.205246 2.846104 -0.0237004519 0.99971906 -0.00030000572 0 0
1.852587 0.205274 2.846104 -9.99999995e-05 0.999999995 0 0 0
1.850594 0.205246 2.814878 -0.0239003258 0.999713626 -0.00120001636 0 0
1.847557 0.205162 2.846104 -0.0699037434 0.99755342 -0.000800042843 0 0
1.848317 0.205162 2.814856 -0.0705003715 0.997505257 -0.00360001897 0 0
1.852846 0.205246 2.785881 -0.0242999977 0.999699905 -0.00309999971 0 0
1.855544 0.205274 2.78599 -0.000299999985 0.99999995 -9.9999995e-05 0 0
1.85735 0.205246 2.760227 -0.0245993997 0.999675603 -0.00659983893 0 0
1.859981 0.205274 2.760499 -0.000499999928 0.999999855 -0.000199999971 0 0
1.850598 0.205162 2.785791 -0.0714003799 0.997405306 -0.00920004894 0 0
1.855158 0.205162 2.760001 -0.0721006269 0.997208671 -0.0194001687 0 0
1.858243 0.205246 2.786098 0.0235004612 0.99971962 0.00290005691 0 0
1.856058 0.205246 2.814933 0.0235005458 0.999723219 0.00110002555 0 0
1.860491 0.205162 2.786189 0.0694036486 0.997552443 0.00850044688 0 0
1.858335 0.205162 2.814955 0.0693988313 0.997583201 0.00339994275 0 0
1.862612 0.205246 2.760771 0.0232002978 0.999712831 0.00600007701 0 0
1.864804 0.205162 2.760997 0.0686987737 0.997482195 0.0175996858 0 0
1.85533 0.205246 2.846104 0.0235005596 0.999723804 0.000200004762 0 0
1.857616 0.205162 2.846104 0.0693992102 0.997588648 0.000799990896 0 0
1.853326 0.193804 2.814906 -0.000199999996 -0.99999998 0 0 0
1.85533 0.193837 2.846104 0.0277004496 -0.999616224 0.000300004869 0 0
1.852587 0.193804 2.846104 -9.99999995e-05 -0.999999995 0 0 0
1.856058 0.193837 2.814933 0.0277004274 -0.999615424 0.00130002006 0 0
1.857616 0.193937 2.846104 0.0817046058 -0.996656183 0.000900050737 0 0
1.858335 0.193937 2.814955 0.0817039852 -0.996648613 0.00400019511 0 0
1.858243 0.193837 2.786098 0.0277002907 -0.999610491 0.00340003568 0 0
1.855544 0.193804 2.78599 -0.000399999966 -0.999999915 -9.99999915e-05 0 0
1.862612 0.193837 2.760771 0.0273000758 -0.999602774 0.00700001943 0 0
1.859981 0.193804 2.760499 -0.000599999865 -0.999999775 -0.000299999933 0 0
1.860491 0.193937 2.786189 0.0817998855 -0.996598605 0.009999986 0 0
1.864804 0.193937 2.760997 0.0809004166 -0.996505132 0.0208001071 0 0
1.852846 0.193837 2.785881 -0.0286994613 -0.999581238 -0.00369993055 0 0
1.850594 0.193837 2.814878 -0.0282000372 -0.999601319 -0.00140000185 0 0
1.850598 0.193937 2.785791 -0.0840998074 -0.996397718 -0.010899975 0 0
1.848317 0.193937 2.814856 -0.083003331 -0.996539992 -0.00430017257 0 0
1.85735 0.193837 2.760227 -0.0290014198 -0.999548934 -0.00780038188 0 0
1.855158 0.193937 2.760001 -0.0850015037 -0.996117621 -0.0229004051 0 0
1.849843 0.193837 2.846104 -0.0280002205 -0.999607872 -0.000300002363 0 0
1.847557 0.193937 2.846104 -0.0823005823 -0.996607051 -0.00100000708 0 0
1.900372 0.2047 2.692236 0.654712476 0.0634012081 -0.753214353 0 0
1.902092 0.204999 2.693802 0.640909492 0.303404493 -0.705110443 0 0
1.902308 0.204697 2.693949 0.670815805 0.0710016728 -0.738217393 0 0
1.900351 0.20501 2.692261 0.628298106 0.286499136 -0.723297819 0 0
1.901922 0.205122 2.693735 0.51393104 0.642638813 -0.56823432 0 0
1.900308 0.205142 2.692312 0.499593021 0.647290957 -0.575691958 0 0
1.903519 0.204988 2.695121 0.639796068 0.391597594 -0.661295936 0 0
1.903891 0.204694 2.695413 0.697758496 0.109209155 -0.707959351 0 0
1.903015 0.205081 2.694727 0.53150671 0.634908016 -0.560707079 0 0
1.898583 0.204999 2.690753 0.605821177 0.314210983 -0.73092555 0 0
1.898407 0.204697 2.690558 0.636697358 0.0745996904 -0.767496815 0 0
1.897077 0.204988 2.689528 0.557407899 0.411105825 -0.721310221 0 0
1.896736 0.204694 2.689198 0.598682692 0.117796595 -0.792277096 0 0
1.898673 0.205122 2.690915 0.485510541 0.650814129 -0.583712673 0 0
1.897537 0.205081 2.689974 0.470232887 0.652045602 -0.594741595 0 0
1.898348 0.204085 2.690493 0.640003542 0.0102000565 -0.768304253 0 0
1.900379 0.204085 2.692228 0.656110048 0.00900013784 -0.754611557 0 0
1.898348 0.203047 2.690493 0.640420443 0 -0.768024516 0 0
1.900379 0.203047 2.692228 0.656136623 0 -0.754642122 0 0
1.896622 0.204085 2.689088 0.605894144 0.0155998492 -0.795392313 0 0
1.896622 0.203047 2.689088 0.607906562 0 -0.794008571 0 0
1.90238 0.204085 2.693998 0.671310426 0.00980015219 -0.74111151 0 0
1.904016 0.204085 2.695511 0.699292633 0.0142998494 -0.714692471 0 0
1.90238 0.203047 2.693998 0.670923798 0 -0.741526302 0 0
1.904016 0.203047 2.695511 0.697947595 0 -0.716148836 0 0
1.846268 0.204702 2.814836 -0.738387322 0.67328844 -0.0382993424 0 0
1.845271 0.204085 2.846104 -0.984315306 0.176002737 -0.0121001882 0 0
1.8455 0.204702 2.846104 -0.736393295 0.676493841 -0.00899991806 0 0
1.846041 0.204085 2.814833 -0.983287837 0.174797838 -0.0508993704 0 0
1.845271 0.203047 2.846104 -0.999924348 0 -0.0123002995 0 0
1.846041 0.203047 2.814833 -0.998657325 0 -0.0518029736 0 0
1.848349 0.204085 2.7857 -0.977098901 0.172199806 -0.124999859 0 0
1.848574 0.204702 2.785709 -0.738906406 0.667105784 -0.0948008219 0 0
1.852966 0.204085 2.759775 -0.953337248 0.167606549 -0.251109811 0 0
1.853185 0.204702 2.759798 -0.729290133 0.656391119 -0.193097387 0 0
1.848349 0.203047 2.7857 -0.991864839 0 -0.127295487 0 0
1.852966 0.203047 2.759775 -0.966678303 0 -0.255994254 0 0
1.849249 0.205021 2.785737 -0.272712489 0.96144403 -0.0354016213 0 0
1.846951 0.205021 2.814842 -0.269102717 0.963009722 -0.0140001413 0 0
1.853843 0.205021 2.759865 -0.275018188 0.958563392 -0.0743049139 0 0
1.846186 0.205021 2.846104 -0.266719008 0.963768685 -0.0033002352 0 0
1.860384 0.204702 2.814976 0.732709961 0.679609239 0.035600484 0 0
1.858987 0.205021 2.846104 0.264402152 0.96440785 0.00300002442 0 0
1.859673 0.204702 2.846104 0.733806791 0.679306287 0.00840007774 0 0
1.859701 0.205021 2.814969 0.263916573 0.964460565 0.0128008039 0 0
1.86184 0.205021 2.786243 0.263296559 0.964187398 0.0318995831 0 0
1.862515 0.204702 2.786271 0.729097897 0.678598042 0.0889997432 0 0
1.866119 0.205021 2.761133 0.259001502 0.963605589 0.066200384 0 0
1.866777 0.204702 2.761201 0.712898082 0.67639818 0.185099502 0 0
1.862739 0.204085 2.78628 0.97748113 0.173996641 0.119397695 0 0
1.860611 0.204085 2.814978 0.983287871 0.175697833 0.0476994116 0 0
1.862739 0.203047 2.78628 0.992675744 0 0.120809218 0 0
1.860611 0.203047 2.814978 0.998827968 0 0.0484013553 0 0
1.866996 0.204085 2.761223 0.95360217 0.170700388 0.248000564 0 0
1.866996 0.203047 2.761223 0.968164046 0 0.250316559 0 0
1.859902 0.204085 2.846104 0.984273612 0.176295274 0.0111996997 0 0
1.859902 0.203047 2.846104 0.999935013 0 0.0114003992 0 0
1.900379 0.199615 2.692228 0.656136623 0 -0.754642122 0 0
1.90238 0.201468 2.693998 0.670923798 0 -0.741526302 0 0
1.90238 0.199615 2.693998 0.670923798 0 -0.741526302 0 0
1.900379 0.201468 2.692228 0.656136623 0 -0.754642122 0 0
1.904016 0.201468 2.695511 0.69789761 0 -0.716197547 0 0
1.904016 0.199615 2.695511 0.69789761 0 -0.716197547 0 0
1.898348 0.201468 2.690493 0.640420443 0 -0.768024516 0 0
1.898348 0.199615 2.690493 0.640420443 0 -0.768024516 0 0
1.896622 0.201468 2.689088 0.607906562 0 -0.794008571 0 0
1.896622 0.199615 2.689088 0.607906562 0 -0.794008571 0 0
1.898348 0.197757 2.690493 0.640420443 0 -0.768024516 0 0
1.900379 0.197757 2.692228 0.656136623 0 -0.754642122 0 0
1.898348 0.196162 2.690493 0.640420443 0 -0.768024516 0 0
1.900379 0.196162 2.692228 0.656136623 0 -0.754642122 0 0
1.896622 0.197757 2.689088 0.607843511 0 -0.794056841 0 0
1.896622 0.196162 2.689088 0.607843511 0 -0.794056841 0 0
1.90238 0.197757 2.693998 0.670923798 0 -0.741526302 0 0
1.904016 0.197757 2.695511 0.69789761 0 -0.716197547 0 0
1.90238 0.196162 2.693998 0.670923798 0 -0.741526302 0 0
1.904016 0.196162 2.695511 0.69789761 0 -0.716197547 0 0
1.900372 0.194455 2.692236 0.654927465 -0.0584024492 -0.753431596 0 0
1.90238 0.195099 2.693998 0.671208937 -0.00930012383 -0.741209869 0 0
1.902308 0.194458 2.693949 0.670928874 -0.0654028147 -0.738631788 0 0
1.900379 0.195099 2.692228 0.656112358 -0.00860016199 -0.754614213 0 0
1.904016 0.195099 2.695511 0.699247404 -0.0137009288 -0.714748454 0 0
1.903891 0.194461 2.695414 0.698220678 -0.100302971 -0.708820992 0 0
1.898348 0.195099 2.690493 0.640006727 -0.00970010195 -0.768308075 0 0
1.898407 0.194458 2.690558 0.63704715 -0.0687050851 -0.767756824 0 0
1.896622 0.195099 2.689088 0.60601299 -0.0148003172 -0.795317048 0 0
1.896736 0.194461 2.689198 0.599513043 -0.108202354 -0.793017252 0 0
1.898583 0.194128 2.690753 0.613224989 -0.276511268 -0.739930153 0 0
1.900351 0.194116 2.692261 0.634740403 -0.25151601 -0.730646507 0 0
1.898673 0.193984 2.690915 0.514014022 -0.594016205 -0.618816882 0 0
1.900308 0.19396 2.692312 0.528717715 -0.590919799 -0.609320416 0 0
1.897077 0.194141 2.689528 0.567722905 -0.368914884 -0.735929692 0 0
1.897537 0.194031 2.689974 0.499325154 -0.592629854 -0.632031839 0 0
1.902092 0.194128 2.693802 0.648200091 -0.266800037 -0.7132001 0 0
1.903519 0.194141 2.695121 0.651741475 -0.350022274 -0.672842818 0 0
1.901922 0.193984 2.693735 0.54411828 -0.585619674 -0.600820185 0 0
1.903015 0.194031 2.694727 0.563013721 -0.575114016 -0.593514464 0 0
1.846268 0.194451 2.814836 -0.755213466 -0.654311666 -0.0391006972 0 0
1.846186 0.194103 2.846104 -0.292699314 -0.956197758 -0.00359999156 0 0
1.8455 0.194451 2.846104 -0.753399077 -0.657499195 -0.00919998873 0 0
1.846951 0.194103 2.814842 -0.295203204 -0.95531037 -0.0154001672 0 0
1.849249 0.194103 2.785737 -0.29889867 -0.953495757 -0.0387998273 0 0
1.848574 0.194451 2.785709 -0.755436488 -0.648031301 -0.0968046758 0 0
1.853843 0.194103 2.759866 -0.301105885 -0.95011857 -0.0813015891 0 0
1.853185 0.194451 2.759798 -0.744990799 -0.637292129 -0.197097566 0 0
1.848349 0.195099 2.7857 -0.978358733 -0.164809894 -0.12510751 0 0
1.846041 0.195099 2.814833 -0.984591503 -0.167298556 -0.0508995607 0 0
1.848349 0.196162 2.7857 -0.991864839 0 -0.127295487 0 0
1.846041 0.196162 2.814833 -0.998657325 0 -0.0518029736 0 0
1.852966 0.195099 2.759775 -0.954466925 -0.160411248 -0.251517636 0 0
1.852966 0.196162 2.759775 -0.966678303 0 -0.255994254 0 0
1.845271 0.195099 2.846104 -0.985626602 -0.168504548 -0.0121003266 0 0
1.845271 0.196162 2.846104 -0.999924348 0 -0.0123002995 0 0
1.846041 0.199615 2.814833 -0.998657325 0 -0.0518029736 0 0
1.845271 0.197757 2.846104 -0.999924348 0 -0.0123002995 0 0
1.845271 0.199615 2.846104 -0.999924348 0 -0.0123002995 0 0
1.846041 0.197757 2.814833 -0.998657325 0 -0.0518029736 0 0
1.848349 0.197757 2.7857 -0.991864839 0 -0.127295487 0 0
1.848349 0.199615 2.7857 -0.991864839 0 -0.127295487 0 0
1.852966 0.197757 2.759775 -0.966678303 0 -0.255994254 0 0
1.852966 0.199615 2.759775 -0.966678303 0 -0.255994254 0 0
1.848349 0.201468 2.7857 -0.991864839 0 -0.127295487 0 0
1.846041 0.201468 2.814833 -0.998657325 0 -0.0518029736 0 0
1.852966 0.201468 2.759775 -0.966678303 0 -0.255994254 0 0
1.845271 0.201468 2.846104 -0.999924348 0 -0.0123002995 0 0
1.860611 0.199615 2.814978 0.998827968 0 0.0484013553 0 0
1.859902 0.201468 2.846104 0.999935013 0 0.0114003992 0 0
1.859902 0.199615 2.846104 0.999935013 0 0.0114003992 0 0
1.860611 0.201468 2.814978 0.998827968 0 0.0484013553 0 0
1.862739 0.201468 2.78628 0.992675744 0 0.120809218 0 0
1.862739 0.199615 2.78628 0.992675744 0 0.120809218 0 0
1.866996 0.201468 2.761223 0.968164046 0 0.250316559 0 0
1.866996 0.199615 2.761223 0.968164046 0 0.250316559 0 0
1.862739 0.197757 2.78628 0.992675744 0 0.120809218 0 0
1.860611 0.197757 2.814978 0.998827968 0 0.0484013553 0 0
1.862739 0.196162 2.78628 0.992675744 0 0.120809218 0 0
1.860611 0.196162 2.814978 0.998827968 0 0.0484013553 0 0
1.866996 0.197757 2.761223 0.968164046 0 0.250316559 0 0
1.866996 0.196162 2.761223 0.968164046 0 0.250316559 0 0
1.859902 0.197757 2.846104 0.999935013 0 0.0114003992 0 0
1.859902 0.196162 2.846104 0.999935013 0 0.0114003992 0 0
1.860384 0.194451 2.814976 0.750017581 -0.66041548 0.0364008532 0 0
1.859902 0.195099 2.846104 0.985587069 -0.168797785 0.0111998531 0 0
1.859673 0.194451 2.846104 0.751022907 -0.660220137 0.00860026231 0 0
1.860611 0.195099 2.814978 0.984610038 -0.168101714 0.0478004873 0 0
1.862739 0.195099 2.78628 0.978779172 -0.166396459 0.119597455 0 0
1.862515 0.194451 2.786271 0.746409315 -0.659208227 0.0912011382 0 0
1.866996 0.195099 2.761223 0.954857045 -0.16320975 0.248214829 0 0
1.866777 0.194451 2.761201 0.73004441 -0.656539939 0.189711541 0 0
1.86184 0.194103 2.786243 0.289298545 -0.956595188 0.0350998234 0 0
1.859701 0.194103 2.814969 0.289823527 -0.956977686 0.0140011366 0 0
1.866119 0.194103 2.761133 0.284621256 -0.955871387 0.0728054373 0 0
1.858987 0.194103 2.846104 0.290308333 -0.956927469 0.00330009473 0 0
1.876257 0.205274 2.722946 -0.000299999973 0.99999991 -0.000299999973 0 0
1.869894 0.205246 2.740118 0.022699848 0.999693307 0.00989993372 0 0
1.878639 0.205246 2.723815 0.0215995298 0.999678237 0.0132997105 0 0
1.867376 0.205274 2.739575 -0.000499999915 0.99999983 -0.000299999949 0 0
1.871992 0.205162 2.74057 0.0672004203 0.997306238 0.0294001839 0 0
1.880625 0.205162 2.724539 0.0636991789 0.997187146 0.0394994909 0 0
1.864858 0.205246 2.739032 -0.0239013641 0.999657052 -0.0107006107 0 0
1.873874 0.205246 2.722076 -0.0225011294 0.999650174 -0.0139006977 0 0
1.86276 0.205162 2.738579 -0.070202923 0.997041513 -0.0313013033 0 0
1.871889 0.205162 2.721352 -0.0662052831 0.996979557 -0.0406032401 0 0
1.882906 0.205246 2.709145 -0.0208012227 0.999658762 -0.0158009288 0 0
1.885153 0.205274 2.710341 -0.000199999992 0.99999996 -0.000199999992 0 0
1.890459 0.205246 2.700022 -0.0193996852 0.99968378 -0.0159997404 0 0
1.892593 0.205274 2.701491 0 1 0 0 0
1.881033 0.205162 2.708148 -0.0611040507 0.997066098 -0.0461030563 0 0
1.888681 0.205162 2.698797 -0.0574028068 0.997248762 -0.0469022933 0 0
1.8874 0.205246 2.711537 0.0199995655 0.999678282 0.0155996611 0 0
1.889272 0.205162 2.712534 0.0589987669 0.997179159 0.0463990303 0 0
1.894726 0.205246 2.70296 0.0190996766 0.999683076 0.0163997224 0 0
1.896504 0.205162 2.704184 0.0562017431 0.99723093 0.0487015105 0 0
1.899412 0.205261 2.693378 0.0113005389 0.999847684 -0.0133006343 0 0
1.89917 0.205246 2.697758 0.0200998558 0.999692827 0.014499896 0 0
1.901375 0.205233 2.695042 0.0320994808 0.999483833 0.00129997897 0 0
1.897105 0.205274 2.696123 0.00109999826 0.999998415 -0.00139999778 0 0
1.90089 0.205162 2.69912 0.0572014478 0.997325243 0.0455011516 0 0
1.903012 0.205152 2.69643 0.0764029091 0.996737952 0.02600099 0 0
1.89504 0.205246 2.694488 -0.0177998556 0.999691893 -0.0172998597 0 0
1.897446 0.205233 2.691717 -0.00720006358 0.999508826 -0.0305002693 0 0
1.893319 0.205162 2.693125 -0.054701588 0.997328953 -0.0484014051 0 0
1.895807 0.205152 2.690333 -0.0399021049 0.996852585 -0.0685036137 0 0
1.898476 0.205196 2.690881 0.205194283 0.938173863 -0.278792233 0 0
1.900238 0.205221 2.692396 0.214213395 0.94495909 -0.247315465 0 0
1.897003 0.205122 2.689617 0.229201666 0.901906557 -0.366102662 0 0
1.901988 0.205196 2.693925 0.253391743 0.934369554 -0.250491838 0 0
1.903449 0.205122 2.695203 0.340508034 0.893421081 -0.293006914 0 0
1.899412 0.193819 2.693378 0.0133998252 -0.999786958 -0.0156997952 0 0
1.901988 0.193896 2.693925 0.282612756 -0.917941432 -0.278412566 0 0
1.901375 0.193852 2.695042 0.0378992581 -0.999280439 0.00149997064 0 0
1.900238 0.193866 2.692396 0.240611351 -0.930043876 -0.277713101 0 0
1.903449 0.193984 2.695203 0.371725254 -0.873259327 -0.315021402 0 0
1.903012 0.193948 2.69643 0.0899971768 -0.995468773 0.030699037 0 0
1.898476 0.193896 2.690881 0.228404484 -0.922318105 -0.311706119 0 0
1.897446 0.193852 2.691717 -0.00850013286 -0.999315619 -0.0360005627 0 0
1.897003 0.193984 2.689617 0.246601768 -0.882306326 -0.400902874 0 0
1.895807 0.193948 2.690333 -0.0470013901 -0.995629446 -0.0807023868 0 0
1.89504 0.193837 2.694488 -0.0210014974 -0.999571267 -0.0204014546 0 0
1.897105 0.193804 2.696123 0.00129999724 -0.999997875 -0.0015999966 0 0
1.890459 0.193837 2.700022 -0.0229013527 -0.999559041 -0.0189011164 0 0
1.892593 0.193804 2.701491 0 -1 0 0 0
1.893319 0.193937 2.693125 -0.0644992602 -0.996288573 -0.0569993462 0 0
1.888681 0.193937 2.698797 -0.0675989441 -0.99618444 -0.0551991378 0 0
1.89917 0.193837 2.697758 0.0237017261 -0.999572797 0.0171012454 0 0
1.90089 0.193937 2.69912 0.0673986473 -0.996280005 0.0536989223 0 0
1.894726 0.193837 2.70296 0.0226013166 -0.999558226 0.0193011243 0 0
1.896504 0.193937 2.704184 0.0662035615 -0.99615359 0.0574030881 0 0
1.876257 0.193804 2.722946 -0.00039999995 -0.999999875 -0.000299999963 0 0
1.8874 0.193837 2.711537 0.02360123 -0.999552093 0.018400959 0 0
1.878639 0.193837 2.723815 0.0255013135 -0.999551483 0.0157008087 0 0
1.885153 0.193804 2.710341 -0.000199999992 -0.99999996 -0.000199999992 0 0
1.889272 0.193937 2.712534 0.0694986952 -0.996081299 0.054698973 0 0
1.880625 0.193937 2.724539 0.0750989944 -0.996086662 0.046599376 0 0
1.882906 0.193837 2.709145 -0.0245006559 -0.999526758 -0.0186004979 0 0
1.873874 0.193837 2.722076 -0.026600309 -0.999511609 -0.0164001905 0 0
1.881033 0.193937 2.708148 -0.0720014339 -0.995919834 -0.0544010834 0 0
1.871889 0.193937 2.721352 -0.0780005273 -0.995806732 -0.0478003231 0 0
1.864858 0.193837 2.739032 -0.0282006451 -0.999522864 -0.0126002882 0 0
1.867376 0.193804 2.739575 -0.000499999898 -0.999999795 -0.000399999918 0 0
1.86276 0.193937 2.738579 -0.0826992677 -0.995891181 -0.0368996733 0 0
1.869894 0.193837 2.740118 0.0268019381 -0.999572282 0.0117008461 0 0
1.871992 0.193937 2.74057 0.07920431 -0.996254213 0.0347018884 0 0
1.894333 0.204701 2.689077 -0.458114593 0.633820191 -0.623219853 0 0
1.895537 0.204085 2.688307 0.0599011516 0.104502009 -0.992719085 0 0
1.894169 0.204085 2.688936 -0.587467305 0.159091146 -0.793455841 0 0
1.895683 0.204697 2.68844 0.085907851 0.496145342 -0.863978958 0 0
1.895537 0.203047 2.688307 0.0958000575 0 -0.995400597 0 0
1.894169 0.203047 2.688936 -0.590873692 0 -0.80676408 0 0
1.896122 0.204999 2.68884 0.253521354 0.758963926 -0.599750516 0 0
1.894824 0.205015 2.689497 -0.173704278 0.952823468 -0.248906131 0 0
1.892287 0.205021 2.692308 -0.211209977 0.960345363 -0.182008597 0 0
1.891771 0.204702 2.691899 -0.568802525 0.66220294 -0.487802166 0 0
1.887614 0.205021 2.698062 -0.217701213 0.959905347 -0.176600984 0 0
1.887081 0.204702 2.697695 -0.582980619 0.66147801 -0.471784316 0 0
1.891599 0.204085 2.691763 -0.748408562 0.168001922 -0.64160734 0 0
1.891599 0.203047 2.691763 -0.759087168 0 -0.650988995 0 0
1.886903 0.204085 2.697573 -0.76682024 0.166404392 -0.619916363 0 0
1.886903 0.203047 2.697573 -0.777717402 0 -0.628614065 0 0
1.870102 0.204702 2.7207 -0.652700724 0.646800718 -0.394500438 0 0
1.879161 0.204085 2.707152 -0.791246903 0.162409627 -0.589534946 0 0
1.869903 0.204085 2.720628 -0.845095331 0.16099911 -0.509797183 0 0
1.879348 0.204702 2.707252 -0.608407067 0.651007561 -0.453905272 0 0
1.879161 0.203047 2.707152 -0.801581175 0 -0.597885959 0 0
1.869903 0.203047 2.720628 -0.855687704 0 -0.517492564 0 0
1.87991 0.205021 2.707551 -0.231699849 0.957099378 -0.173999887 0 0
1.870697 0.205021 2.720917 -0.250715749 0.955860044 -0.153209624 0 0
1.861501 0.205021 2.738307 -0.266496277 0.956486638 -0.11879834 0 0
1.860871 0.204702 2.738172 -0.69651245 0.649211605 -0.305605463 0 0
1.860661 0.204085 2.738126 -0.903960432 0.163010898 -0.395326428 0 0
1.860661 0.203047 2.738126 -0.915633256 0 -0.402014601 0 0
1.882412 0.204702 2.725191 0.634943625 0.660745398 0.400327505 0 0
1.87409 0.204085 2.741023 0.90121537 0.165302819 0.400606832 0 0
1.88261 0.204085 2.725264 0.834115235 0.162502968 0.527109628 0 0
1.87388 0.204702 2.740978 0.681132443 0.666831762 0.3023144 0 0
1.87409 0.203047 2.741023 0.914441402 0 0.404718324 0 0
1.88261 0.203047 2.725264 0.846037391 0 0.533123562 0 0
1.873251 0.205021 2.740842 0.252706205 0.961223603 0.110402711 0 0
1.881816 0.205021 2.724974 0.238901513 0.959606079 0.148600941 0 0
1.890396 0.205021 2.713132 0.221308275 0.95933587 0.175206551 0 0
1.890958 0.204702 2.713431 0.586775685 0.659972651 0.469180558 0 0
1.897571 0.205021 2.704919 0.211892599 0.959566483 0.185293528 0 0
1.898104 0.204702 2.705286 0.564313865 0.660616232 0.495112165 0 0
1.891145 0.204085 2.713531 0.769885904 0.163097014 0.616988703 0 0
1.891145 0.203047 2.713531 0.780751715 0 0.624841388 0 0
1.898282 0.204085 2.705409 0.740901385 0.16590031 0.650801217 0 0
1.898282 0.203047 2.705409 0.751187436 0 0.66008896 0 0
1.904493 0.204701 2.697678 0.704047803 0.629542744 0.328622313 0 0
1.902611 0.204085 2.700483 0.76169888 0.167899753 0.62579908 0 0
1.904658 0.204085 2.697816 0.893132354 0.157505706 0.421315262 0 0
1.902439 0.204702 2.700347 0.579335036 0.661640014 0.476028789 0 0
1.902611 0.203047 2.700483 0.772645665 0 0.63483752 0 0
1.904658 0.203047 2.697816 0.907105796 0 0.42090269 0 0
1.901923 0.205021 2.699938 0.2161025 0.96021111 0.176902047 0 0
1.903997 0.205015 2.697262 0.282997456 0.951291448 0.122298901 0 0
1.904342 0.204999 2.695966 0.560101678 0.750202247 -0.351401052 0 0
1.904799 0.204697 2.696345 0.83945515 0.488532095 -0.238015637 0 0
1.904951 0.204085 2.696471 0.965594506 0.0998994316 -0.240098634 0 0
1.904951 0.203047 2.696471 0.96132747 0 -0.27540787 0 0
1.894169 0.199615 2.688936 -0.590921362 0 -0.806729164 0 0
1.895537 0.197757 2.688307 0.0958000575 0 -0.995400597 0 0
1.894169 0.197757 2.688936 -0.590873692 0 -0.80676408 0 0
1.895537 0.199615 2.688307 0.0958991384 0 -0.995391056 0 0
1.895537 0.196162 2.688307 0.0958000575 0 -0.995400597 0 0
1.894169 0.196162 2.688936 -0.590873692 0 -0.80676408 0 0
1.895537 0.201468 2.688307 0.0958991384 0 -0.995391056 0 0
1.894169 0.201468 2.688936 -0.590873692 0 -0.80676408 0 0
1.891599 0.201468 2.691763 -0.759087168 0 -0.650988995 0 0
1.891599 0.199615 2.691763 -0.759087168 0 -0.650988995 0 0
1.886903 0.201468 2.697573 -0.777717402 0 -0.628614065 0 0
1.886903 0.199615 2.697573 -0.777717402 0 -0.628614065 0 0
1.891599 0.197757 2.691763 -0.759087168 0 -0.650988995 0 0
1.891599 0.196162 2.691763 -0.759087168 0 -0.650988995 0 0
1.886903 0.197757 2.697573 -0.777717402 0 -0.628614065 0 0
1.886903 0.196162 2.697573 -0.777717402 0 -0.628614065 0 0
1.869903 0.199615 2.720628 -0.855687704 0 -0.517492564 0 0
1.879161 0.197757 2.707152 -0.801581175 0 -0.597885959 0 0
1.869903 0.197757 2.720628 -0.855687704 0 -0.517492564 0 0
1.879161 0.199615 2.707152 -0.801581175 0 -0.597885959 0 0
1.879161 0.196162 2.707152 -0.801581175 0 -0.597885959 0 0
1.869903 0.196162 2.720628 -0.855687704 0 -0.517492564 0 0
1.879161 0.201468 2.707152 -0.801581175 0 -0.597885959 0 0
1.869903 0.201468 2.720628 -0.855687704 0 -0.517492564 0 0
1.860661 0.201468 2.738126 -0.915633256 0 -0.402014601 0 0
1.860661 0.199615 2.738126 -0.915633256 0 -0.402014601 0 0
1.860661 0.197757 2.738126 -0.915633256 0 -0.402014601 0 0
1.860661 0.196162 2.738126 -0.915633256 0 -0.402014601 0 0
1.894333 0.194453 2.689077 -0.467315324 -0.615320177 -0.634820816 0 0
1.896122 0.194128 2.68884 0.247212653 -0.746438204 -0.617831621 0 0
1.894824 0.194109 2.689497 -0.189395669 -0.943678418 -0.271293796 0 0
1.895683 0.194458 2.68844 0.0818023788 -0.478213907 -0.874425429 0 0
1.895537 0.195099 2.688307 0.0613022848 -0.0996037123 -0.993137015 0 0
1.894169 0.195099 2.688936 -0.587996869 -0.152299189 -0.79439577 0 0
1.891599 0.195099 2.691763 -0.749305661 -0.160801215 -0.642404853 0 0
1.891771 0.194451 2.691899 -0.581452403 -0.642857937 -0.49864494 0 0
1.886903 0.195099 2.697573 -0.767709051 -0.159201877 -0.620707318 0 0
1.887081 0.194451 2.697695 -0.596114244 -0.641815336 -0.482411527 0 0
1.892287 0.194103 2.692308 -0.231513091 -0.952153841 -0.199511282 0 0
1.887614 0.194103 2.698062 -0.238717949 -0.951571547 -0.193714565 0 0
1.870102 0.194451 2.7207 -0.666647397 -0.627144588 -0.40282864 0 0
1.87991 0.194103 2.707551 -0.253802845 -0.948310631 -0.190502136 0 0
1.870697 0.194103 2.720917 -0.274399351 -0.946897761 -0.167599604 0 0
1.879348 0.194451 2.707252 -0.62165667 -0.631257545 -0.463742274 0 0
1.879161 0.195099 2.707152 -0.792136594 -0.155407179 -0.590227266 0 0
1.869903 0.195099 2.720628 -0.845982129 -0.153996747 -0.510489216 0 0
1.860661 0.195099 2.738126 -0.904937637 -0.156006488 -0.395916467 0 0
1.860871 0.194451 2.738172 -0.711393025 -0.629793825 -0.311896942 0 0
1.861501 0.194103 2.738307 -0.291713323 -0.94764328 -0.129905933 0 0
1.88261 0.199615 2.725264 0.846037391 0 0.533123562 0 0
1.87409 0.197757 2.741023 0.914441402 0 0.404718324 0 0
1.88261 0.197757 2.725264 0.846037391 0 0.533123562 0 0
1.87409 0.199615 2.741023 0.914441402 0 0.404718324 0 0
1.87409 0.196162 2.741023 0.914441402 0 0.404718324 0 0
1.88261 0.196162 2.725264 0.846037391 0 0.533123562 0 0
1.87409 0.201468 2.741023 0.914441402 0 0.404718324 0 0
1.88261 0.201468 2.725264 0.846037391 0 0.533123562 0 0
1.891145 0.201468 2.713531 0.780751715 0 0.624841388 0 0
1.891145 0.199615 2.713531 0.780751715 0 0.624841388 0 0
1.898282 0.201468 2.705409 0.751187436 0 0.66008896 0 0
1.898282 0.199615 2.705409 0.751187436 0 0.66008896 0 0
1.891145 0.197757 2.713531 0.780790756 0 0.624792602 0 0
1.891145 0.196162 2.713531 0.780751715 0 0.624841388 0 0
1.898282 0.197757 2.705409 0.751187436 0 0.66008896 0 0
1.898282 0.196162 2.705409 0.751187436 0 0.66008896 0 0
1.904658 0.199615 2.697816 0.907105796 0 0.42090269 0 0
1.902611 0.197757 2.700483 0.772645665 0 0.63483752 0 0
1.904658 0.197757 2.697816 0.907105796 0 0.42090269 0 0
1.902611 0.199615 2.700483 0.772645665 0 0.63483752 0 0
1.902611 0.196162 2.700483 0.772645665 0 0.63483752 0 0
1.904658 0.196162 2.697816 0.907105796 0 0.42090269 0 0
1.902611 0.201468 2.700483 0.772645665 0 0.63483752 0 0
1.904658 0.201468 2.697816 0.907105796 0 0.42090269 0 0
1.904951 0.201468 2.696471 0.96132747 0 -0.27540787 0 0
1.904951 0.199615 2.696471 0.96132747 0 -0.27540787 0 0
1.904951 0.197757 2.696471 0.96132747 0 -0.27540787 0 0
1.904951 0.196162 2.696471 0.96132747 0 -0.27540787 0 0
1.882412 0.194451 2.725191 0.649617407 -0.64041716 0.409710978 0 0
1.873251 0.194103 2.740842 0.277417554 -0.953060307 0.121307676 0 0
1.881816 0.194103 2.724974 0.262203371 -0.951112227 0.163202098 0 0
1.87388 0.194451 2.740978 0.697159184 -0.646654897 0.309526277 0 0
1.87409 0.195099 2.741023 0.902290025 -0.158098252 0.401095566 0 0
1.88261 0.195099 2.725264 0.835096468 -0.155399343 0.527697768 0 0
1.891145 0.195099 2.713531 0.770791548 -0.155998289 0.617693227 0 0
1.890957 0.194451 2.713431 0.600204778 -0.639805093 0.480003821 0 0
1.898282 0.195099 2.705409 0.741786837 -0.158697184 0.651588438 0 0
1.898104 0.194451 2.705286 0.577023009 -0.640925557 0.506220186 0 0
1.890396 0.194103 2.713132 0.242805855 -0.95082293 0.192304637 0 0
1.897571 0.194103 2.704919 0.232300657 -0.951202692 0.203100575 0 0
1.904493 0.194453 2.697678 0.71703472 -0.611029587 0.335416241 0 0
1.901923 0.194103 2.699938 0.236897297 -0.951989138 0.193897788 0 0
1.903997 0.194109 2.697262 0.308206409 -0.941919587 0.133402774 0 0
1.902439 0.194451 2.700347 0.592220023 -0.642321717 0.486516449 0 0
1.902611 0.195099 2.700483 0.762608129 -0.160601712 0.62660668 0 0
1.904658 0.195099 2.697816 0.89414381 -0.150807389 0.421620658 0 0
1.904951 0.195099 2.696471 0.965732575 -0.0953032146 -0.241408143 0 0
1.904799 0.194458 2.696345 0.850367462 -0.470237305 -0.236118732 0 0
1.904342 0.194128 2.695966 0.578514156 -0.737518047 -0.348408526 0 0
3 0 1 2
3 0 3 1
3 3 4 1
3 3 5 4
3 2 6 7
3 2 1 6
3 1 8 6
3 1 4 8
3 0 9 3
3 0 10 9
3 10 11 9
3 10 12 11
3 3 13 5
3 3 9 13
3 9 14 13
3 9 11 14
3 0 15 10
3 0 16 15
3 16 17 15
3 16 18 17
3 10 19 12
3 10 15 19
3 15 20 19
3 15 17 20
3 0 21 16
3 0 2 21
3 2 22 21
3 2 7 22
3 16 23 18
3 16 21 23
3 21 24 23
3 21 22 24
3 25 26 27
3 25 28 26
3 28 29 26
3 28 30 29
3 27 31 32
3 27 26 31
3 26 33 31
3 26 29 33
3 25 34 28
3 25 35 34
3 35 36 34
3 35 37 36
3 28 38 30
3 28 34 38
3 34 39 38
3 34 36 39
3 25 40 35
3 25 41 40
3 41 42 40
3 41 43 42
3 35 44 37
3 35 40 44
3 40 45 44
3 40 42 45
3 25 46 41
3 25 27 46
3 27 47 46
3 27 32 47
3 41 48 43
3 41 46 48
3 46 49 48
3 46 47 49
3 50 51 52
3 50 53 51
3 53 54 51
3 53 55 54
3 52 56 57
3 52 51 56
3 51 58 56
3 51 54 58
3 50 59 53
3 50 60 59
3 60 61 59
3 60 62 61
3 53 63 55
3 53 59 63
3 59 64 63
3 59 61 64
3 50 65 60
3 50 66 65
3 66 67 65
3 66 68 67
3 60 69 62
3 60 65 69
3 65 70 69
3 65 67 70
3 50 71 66
3 50 52 71
3 52 72 71
3 52 57 72
3 66 73 68
3 66 71 73
3 71 74 73
3 71 72 74
3 75 76 77
3 75 78 76
3 78 79 76
3 78 80 79
3 77 81 82
3 77 76 81
3 76 83 81
3 76 79 83
3 75 84 78
3 75 85 84
3 85 6 84
3 85 7 6
3 78 86 80
3 78 84 86
3 84 8 86
3 84 6 8
3 75 87 85
3 75 88 87
3 88 89 87
3 88 90 89
3 85 22 7
3 85 87 22
3 87 24 22
3 87 89 24
3 75 91 88
3 75 77 91
3 77 92 91
3 77 82 92
3 88 93 90
3 88 91 93
3 91 94 93
3 91 92 94
3 95 96 97
3 95 98 96
3 98 99 96
3 98 100 99
3 97 11 12
3 97 96 11
3 96 14 11
3 96 99 14
3 95 101 98
3 95 102 101
3 102 103 101
3 102 104 103
3 98 105 100
3 98 101 105
3 101 106 105
3 101 103 106
3 95 107 102
3 95 108 107
3 108 109 107
3 108 110 109
3 102 111 104
3 102 107 111
3 107 112 111
3 107 109 112
3 95 113 108
3 95 97 113
3 97 19 113
3 97 12 19
3 108 114 110
3 108 113 114
3 113 20 114
3 113 19 20
3 115 116 117
3 115 118 116
3 118 119 116
3 118 120 119
3 117 61 62
3 117 116 61
3 116 64 61
3 116 119 64
3 115 121 118
3 115 122 121
3 122 123 121
3 122 124 123
3 118 125 120
3 118 121 125
3 121 126 125
3 121 123 126
3 115 127 122
3 115 128 127
3 128 129 127
3 128 130 129
3 122 131 124
3 122 127 131
3 127 132 131
3 127 129 132
3 115 133 128
3 115 117 133
3 117 69 133
3 117 62 69
3 128 134 130
3 128 133 134
3 133 70 134
3 133 69 70
3 135 136 137
3 135 138 136
3 138 139 136
3 138 140 139
3 137 123 124
3 137 136 123
3 136 126 123
3 136 139 126
3 135 141 138
3 135 142 141
3 142 143 141
3 142 144 143
3 138 145 140
3 138 141 145
3 141 146 145
3 141 143 146
3 135 147 142
3 135 148 147
3 148 149 147
3 148 150 149
3 142 151 144
3 142 147 151
3 147 152 151
3 147 149 152
3 135 153 148
3 135 137 153
3 137 131 153
3 137 124 131
3 148 154 150
3 148 153 154
3 153 132 154
3 153 131 132
3 155 156 157
3 155 158 156
3 158 159 156
3 158 160 159
3 157 36 37
3 157 156 36
3 156 39 36
3 156 159 39
3 155 161 158
3 155 162 161
3 162 163 161
3 162 164 163
3 158 165 160
3 158 161 165
3 161 166 165
3 161 163 166
3 155 167 162
3 155 168 167
3 168 169 167
3 168 170 169
3 162 171 164
3 162 167 171
3 167 172 171
3 167 169 172
3 155 173 168
3 155 157 173
3 157 44 173
3 157 37 44
3 168 174 170
3 168 173 174
3 173 45 174
3 173 44 45
3 175 176 177
3 175 178 176
3 178 179 176
3 178 180 179
3 177 163 164
3 177 176 163
3 176 166 163
3 176 179 166
3 175 181 178
3 175 182 181
3 182 81 181
3 182 82 81
3 178 183 180
3 178 181 183
3 181 83 183
3 181 81 83
3 175 184 182
3 175 185 184
3 185 186 184
3 185 187 186
3 182 92 82
3 182 184 92
3 184 94 92
3 184 186 94
3 175 188 185
3 175 177 188
3 177 171 188
3 177 164 171
3 185 189 187
3 185 188 189
3 188 172 189
3 188 171 172
3 190 191 192
3 190 193 191
3 193 194 191
3 193 195 194
3 192 103 104
3 192 191 103
3 191 106 103
3 191 194 106
3 190 196 193
3 190 197 196
3 197 198 196
3 197 199 198
3 193 200 195
3 193 196 200
3 196 201 200
3 196 198 201
3 190 202 197
3 190 203 202
3 203 204 202
3 203 205 204
3 197 206 199
3 197 202 206
3 202 207 206
3 202 204 207
3 190 208 203
3 190 192 208
3 192 111 208
3 192 104 111
3 203 209 205
3 203 208 209
3 208 112 209
3 208 111 112
3 210 211 212
3 210 213 211
3 213 214 211
3 213 215 214
3 212 198 199
3 212 211 198
3 211 201 198
3 211 214 201
3 210 216 213
3 210 217 216
3 217 31 216
3 217 32 31
3 213 218 215
3 213 216 218
3 216 33 218
3 216 31 33
3 210 219 217
3 210 220 219
3 220 221 219
3 220 222 221
3 217 47 32
3 217 219 47
3 219 49 47
3 219 221 49
3 210 223 220
3 210 212 223
3 212 206 223
3 212 199 206
3 220 224 222
3 220 223 224
3 223 207 224
3 223 206 207
3 225 226 227
3 225 228 226
3 228 229 226
3 228 230 229
3 227 17 18
3 227 226 17
3 226 20 17
3 226 229 20
3 225 231 228
3 225 232 231
3 232 233 231
3 232 234 233
3 228 235 230
3 228 231 235
3 231 236 235
3 231 233 236
3 225 237 232
3 225 238 237
3 238 239 237
3 238 240 239
3 232 241 234
3 232 237 241
3 237 242 241
3 237 239 242
3 225 243 238
3 225 227 243
3 227 23 243
3 227 18 23
3 238 244 240
3 238 243 244
3 243 24 244
3 243 23 24
3 245 246 247
3 245 248 246
3 248 249 246
3 248 250 249
3 247 233 234
3 247 246 233
3 246 236 233
3 246 249 236
3 245 251 248
3 245 252 251
3 252 56 251
3 252 57 56
3 248 253 250
3 248 251 253
3 251 58 253
3 251 56 58
3 245 254 252
3 245 255 254
3 255 256 254
3 255 257 256
3 252 72 57
3 252 254 72
3 254 74 72
3 254 256 74
3 245 258 255
3 245 247 258
3 247 241 258
3 247 234 241
3 255 259 257
3 255 258 259
3 258 242 259
3 258 241 242
3 260 261 262
3 260 263 261
3 263 264 261
3 263 265 264
3 262 143 144
3 262 261 143
3 261 146 143
3 261 264 146
3 260 266 263
3 260 267 266
3 267 268 266
3 267 269 268
3 263 270 265
3 263 266 270
3 266 271 270
3 266 268 271
3 260 272 267
3 260 273 272
3 273 274 272
3 273 275 274
3 267 276 269
3 267 272 276
3 272 277 276
3 272 274 277
3 260 278 273
3 260 262 278
3 262 151 278
3 262 144 151
3 273 279 275
3 273 278 279
3 278 152 279
3 278 151 152
3 280 281 282
3 280 283 281
3 283 284 281
3 283 285 284
3 282 268 269
3 282 281 268
3 281 271 268
3 281 284 271
3 280 286 283
3 280 287 286
3 287 48 286
3 287 43 48
3 283 288 285
3 283 286 288
3 286 49 288
3 286 48 49
3 280 289 287
3 280 290 289
3 290 291 289
3 290 292 291
3 287 42 43
3 287 289 42
3 289 45 42
3 289 291 45
3 280 293 290
3 280 282 293
3 282 276 293
3 282 269 276
3 290 294 292
3 290 293 294
3 293 277 294
3 293 276 277
3 295 296 297
3 295 298 296
3 298 299 296
3 298 300 299
3 297 67 68
3 297 296 67
3 296 70 67
3 296 299 70
3 295 301 298
3 295 302 301
3 302 303 301
3 302 304 303
3 298 305 300
3 298 301 305
3 301 306 305
3 301 303 306
3 295 307 302
3 295 308 307
3 308 259 307
3 308 257 259
3 302 309 304
3 302 307 309
3 307 242 309
3 307 259 242
3 295 310 308
3 295 297 310
3 297 73 310
3 297 68 73
3 308 256 257
3 308 310 256
3 310 74 256
3 310 73 74
3 311 312 313
3 311 314 312
3 314 315 312
3 314 316 315
3 313 303 304
3 313 312 303
3 312 306 303
3 312 315 306
3 311 317 314
3 311 318 317
3 318 93 317
3 318 90 93
3 314 319 316
3 314 317 319
3 317 94 319
3 317 93 94
3 311 320 318
3 311 321 320
3 321 244 320
3 321 240 244
3 318 89 90
3 318 320 89
3 320 24 89
3 320 244 24
3 311 322 321
3 311 313 322
3 313 309 322
3 313 304 309
3 321 239 240
3 321 322 239
3 322 242 239
3 322 309 242
3 323 324 325
3 323 326 324
3 326 327 324
3 326 328 327
3 325 109 110
3 325 324 109
3 324 112 109
3 324 327 112
3 323 329 326
3 323 330 329
3 330 331 329
3 330 332 331
3 326 333 328
3 326 329 333
3 329 334 333
3 329 331 334
3 323 335 330
3 323 336 335
3 336 235 335
3 336 230 235
3 330 337 332
3 330 335 337
3 335 236 337
3 335 235 236
3 323 338 336
3 323 325 338
3 325 114 338
3 325 110 114
3 336 229 230
3 336 338 229
3 338 20 229
3 338 114 20
3 339 340 341
3 339 342 340
3 342 343 340
3 342 344 343
3 341 331 332
3 341 340 331
3 340 334 331
3 340 343 334
3 339 345 342
3 339 346 345
3 346 63 345
3 346 55 63
3 342 347 344
3 342 345 347
3 345 64 347
3 345 63 64
3 339 348 346
3 339 349 348
3 349 253 348
3 349 250 253
3 346 54 55
3 346 348 54
3 348 58 54
3 348 253 58
3 339 350 349
3 339 341 350
3 341 337 350
3 341 332 337
3 349 249 250
3 349 350 249
3 350 236 249
3 350 337 236
3 351 352 353
3 351 354 352
3 354 355 352
3 354 356 355
3 353 129 130
3 353 352 129
3 352 132 129
3 352 355 132
3 351 357 354
3 351 358 357
3 358 359 357
3 358 360 359
3 354 361 356
3 354 357 361
3 357 362 361
3 357 359 362
3 351 363 358
3 351 364 363
3 364 305 363
3 364 300 305
3 358 365 360
3 358 363 365
3 363 306 365
3 363 305 306
3 351 366 364
3 351 353 366
3 353 134 366
3 353 130 134
3 364 299 300
3 364 366 299
3 366 70 299
3 366 134 70
3 367 368 369
3 367 370 368
3 370 371 368
3 370 372 371
3 369 359 360
3 369 368 359
3 368 362 359
3 368 371 362
3 367 373 370
3 367 374 373
3 374 189 373
3 374 187 189
3 370 375 372
3 370 373 375
3 373 172 375
3 373 189 172
3 367 376 374
3 367 377 376
3 377 319 376
3 377 316 319
3 374 186 187
3 374 376 186
3 376 94 186
3 376 319 94
3 367 378 377
3 367 369 378
3 369 365 378
3 369 360 365
3 377 315 316
3 377 378 315
3 378 306 315
3 378 365 306
3 379 380 381
3 379 382 380
3 382 279 380
3 382 275 279
3 381 149 150
3 381 380 149
3 380 152 149
3 380 279 152
3 379 383 382
3 379 384 383
3 384 385 383
3 384 386 385
3 382 274 275
3 382 383 274
3 383 277 274
3 383 385 277
3 379 387 384
3 379 388 387
3 388 361 387
3 388 356 361
3 384 389 386
3 384 387 389
3 387 362 389
3 387 361 362
3 379 390 388
3 379 381 390
3 381 154 390
3 381 150 154
3 388 355 356
3 388 390 355
3 390 132 355
3 390 154 132
3 391 392 393
3 391 394 392
3 394 294 392
3 394 292 294
3 393 385 386
3 393 392 385
3 392 277 385
3 392 294 277
3 391 395 394
3 391 396 395
3 396 174 395
3 396 170 174
3 394 291 292
3 394 395 291
3 395 45 291
3 395 174 45
3 391 397 396
3 391 398 397
3 398 375 397
3 398 372 375
3 396 169 170
3 396 397 169
3 397 172 169
3 397 375 172
3 391 399 398
3 391 393 399
3 393 389 399
3 393 386 389
3 398 371 372
3 398 399 371
3 399 362 371
3 399 389 362
3 400 401 402
3 400 403 401
3 403 404 401
3 403 405 404
3 402 204 205
3 402 401 204
3 401 207 204
3 401 404 207
3 400 406 403
3 400 407 406
3 407 408 406
3 407 409 408
3 403 410 405
3 403 406 410
3 406 411 410
3 406 408 411
3 400 412 407
3 400 413 412
3 413 333 412
3 413 328 333
3 407 414 409
3 407 412 414
3 412 334 414
3 412 333 334
3 400 415 413
3 400 402 415
3 402 209 415
3 402 205 209
3 413 327 328
3 413 415 327
3 415 112 327
3 415 209 112
3 416 417 418
3 416 419 417
3 419 420 417
3 419 421 420
3 418 408 409
3 418 417 408
3 417 411 408
3 417 420 411
3 416 422 419
3 416 423 422
3 423 125 422
3 423 120 125
3 419 424 421
3 419 422 424
3 422 126 424
3 422 125 126
3 416 425 423
3 416 426 425
3 426 347 425
3 426 344 347
3 423 119 120
3 423 425 119
3 425 64 119
3 425 347 64
3 416 427 426
3 416 418 427
3 418 414 427
3 418 409 414
3 426 343 344
3 426 427 343
3 427 334 343
3 427 414 334
3 428 429 430
3 428 431 429
3 431 288 429
3 431 285 288
3 430 221 222
3 430 429 221
3 429 49 221
3 429 288 49
3 428 432 431
3 428 433 432
3 433 434 432
3 433 435 434
3 431 284 285
3 431 432 284
3 432 271 284
3 432 434 271
3 428 436 433
3 428 437 436
3 437 410 436
3 437 405 410
3 433 438 435
3 433 436 438
3 436 411 438
3 436 410 411
3 428 439 437
3 428 430 439
3 430 224 439
3 430 222 224
3 437 404 405
3 437 439 404
3 439 207 404
3 439 224 207
3 440 441 442
3 440 443 441
3 443 270 441
3 443 265 270
3 442 434 435
3 442 441 434
3 441 271 434
3 441 270 271
3 440 444 443
3 440 445 444
3 445 145 444
3 445 140 145
3 443 264 265
3 443 444 264
3 444 146 264
3 444 145 146
3 440 446 445
3 440 447 446
3 447 424 446
3 447 421 424
3 445 139 140
3 445 446 139
3 446 126 139
3 446 424 126
3 440 448 447
3 440 442 448
3 442 438 448
3 442 435 438
3 447 420 421
3 447 448 420
3 448 411 420
3 448 438 411
3 449 450 451
3 449 452 450
3 452 453 450
3 452 454 453
3 451 4 5
3 451 450 4
3 450 8 4
3 450 453 8
3 449 455 452
3 449 456 455
3 456 457 455
3 456 458 457
3 452 459 454
3 452 455 459
3 455 460 459
3 455 457 460
3 449 461 456
3 449 462 461
3 462 463 461
3 462 464 463
3 456 465 458
3 456 461 465
3 461 466 465
3 461 463 466
3 449 467 462
3 449 451 467
3 451 13 467
3 451 5 13
3 462 468 464
3 462 467 468
3 467 14 468
3 467 13 14
3 469 470 471
3 469 472 470
3 472 473 470
3 472 474 473
3 471 29 30
3 471 470 29
3 470 33 29
3 470 473 33
3 469 475 472
3 469 476 475
3 476 477 475
3 476 478 477
3 472 479 474
3 472 475 479
3 475 480 479
3 475 477 480
3 469 481 476
3 469 482 481
3 482 483 481
3 482 484 483
3 476 485 478
3 476 481 485
3 481 486 485
3 481 483 486
3 469 487 482
3 469 471 487
3 471 38 487
3 471 30 38
3 482 488 484
3 482 487 488
3 487 39 488
3 487 38 39
3 489 490 491
3 489 492 490
3 492 493 490
3 492 494 493
3 491 495 496
3 491 490 495
3 490 497 495
3 490 493 497
3 489 498 492
3 489 499 498
3 499 500 498
3 499 501 500
3 492 502 494
3 492 498 502
3 498 503 502
3 498 500 503
3 489 504 499
3 489 505 504
3 505 506 504
3 505 507 506
3 499 508 501
3 499 504 508
3 504 509 508
3 504 506 509
3 489 510 505
3 489 491 510
3 491 511 510
3 491 496 511
3 505 512 507
3 505 510 512
3 510 513 512
3 510 511 513
3 514 515 516
3 514 517 515
3 517 518 515
3 517 519 518
3 516 79 80
3 516 515 79
3 515 83 79
3 515 518 83
3 514 520 517
3 514 521 520
3 521 522 520
3 521 523 522
3 517 524 519
3 517 520 524
3 520 525 524
3 520 522 525
3 514 526 521
3 514 527 526
3 527 459 526
3 527 454 459
3 521 528 523
3 521 526 528
3 526 460 528
3 526 459 460
3 514 529 527
3 514 516 529
3 516 86 529
3 516 80 86
3 527 453 454
3 527 529 453
3 529 8 453
3 529 86 8
3 530 531 532
3 530 533 531
3 533 468 531
3 533 464 468
3 532 99 100
3 532 531 99
3 531 14 99
3 531 468 14
3 530 534 533
3 530 535 534
3 535 536 534
3 535 537 536
3 533 463 464
3 533 534 463
3 534 466 463
3 534 536 466
3 530 538 535
3 530 539 538
3 539 540 538
3 539 541 540
3 535 542 537
3 535 538 542
3 538 543 542
3 538 540 543
3 530 544 539
3 530 532 544
3 532 105 544
3 532 100 105
3 539 545 541
3 539 544 545
3 544 106 545
3 544 105 106
3 546 547 548
3 546 549 547
3 549 512 547
3 549 507 512
3 548 550 551
3 548 547 550
3 547 513 550
3 547 512 513
3 546 552 549
3 546 553 552
3 553 554 552
3 553 555 554
3 549 506 507
3 549 552 506
3 552 509 506
3 552 554 509
3 546 556 553
3 546 557 556
3 557 558 556
3 557 559 558
3 553 560 555
3 553 556 560
3 556 561 560
3 556 558 561
3 546 562 557
3 546 548 562
3 548 563 562
3 548 551 563
3 557 564 559
3 557 562 564
3 562 565 564
3 562 563 565
3 566 567 568
3 566 569 567
3 569 564 567
3 569 559 564
3 568 570 571
3 568 567 570
3 567 565 570
3 567 564 565
3 566 572 569
3 566 573 572
3 573 574 572
3 573 575 574
3 569 558 559
3 569 572 558
3 572 561 558
3 572 574 561
3 566 576 573
3 566 577 576
3 577 578 576
3 577 579 578
3 573 580 575
3 573 576 580
3 576 581 580
3 576 578 581
3 566 582 577
3 566 568 582
3 568 583 582
3 568 571 583
3 577 584 579
3 577 582 584
3 582 585 584
3 582 583 585
3 586 587 588
3 586 589 587
3 589 488 587
3 589 484 488
3 588 159 160
3 588 587 159
3 587 39 159
3 587 488 39
3 586 590 589
3 586 591 590
3 591 592 590
3 591 593 592
3 589 483 484
3 589 590 483
3 590 486 483
3 590 592 486
3 586 594 591
3 586 595 594
3 595 596 594
3 595 597 596
3 591 598 593
3 591 594 598
3 594 599 598
3 594 596 599
3 586 600 595
3 586 588 600
3 588 165 600
3 588 160 165
3 595 601 597
3 595 600 601
3 600 166 601
3 600 165 166
3 602 603 604
3 602 605 603
3 605 601 603
3 605 597 601
3 604 179 180
3 604 603 179
3 603 166 179
3 603 601 166
3 602 606 605
3 602 607 606
3 607 608 606
3 607 609 608
3 605 596 597
3 605 606 596
3 606 599 596
3 606 608 599
3 602 610 607
3 602 611 610
3 611 524 610
3 611 519 524
3 607 612 609
3 607 610 612
3 610 525 612
3 610 524 525
3 602 613 611
3 602 604 613
3 604 183 613
3 604 180 183
3 611 518 519
3 611 613 518
3 613 83 518
3 613 183 83
3 614 615 616
3 614 617 615
3 617 545 615
3 617 541 545
3 616 194 195
3 616 615 194
3 615 106 194
3 615 545 106
3 614 618 617
3 614 619 618
3 619 620 618
3 619 621 620
3 617 540 541
3 617 618 540
3 618 543 540
3 618 620 543
3 614 622 619
3 614 623 622
3 623 624 622
3 623 625 624
3 619 626 621
3 619 622 626
3 622 627 626
3 622 624 627
3 614 628 623
3 614 616 628
3 616 200 628
3 616 195 200
3 623 629 625
3 623 628 629
3 628 201 629
3 628 200 201
3 630 631 632
3 630 633 631
3 633 629 631
3 633 625 629
3 632 214 215
3 632 631 214
3 631 201 214
3 631 629 201
3 630 634 633
3 630 635 634
3 635 636 634
3 635 637 636
3 633 624 625
3 633 634 624
3 634 627 624
3 634 636 627
3 630 638 635
3 630 639 638
3 639 479 638
3 639 474 479
3 635 640 637
3 635 638 640
3 638 480 640
3 638 479 480
3 630 641 639
3 630 632 641
3 632 218 641
3 632 215 218
3 639 473 474
3 639 641 473
3 641 33 473
3 641 218 33
3 642 643 644
3 642 645 643
3 645 465 643
3 645 458 465
3 644 646 647
3 644 643 646
3 643 466 646
3 643 465 466
3 642 648 645
3 642 649 648
3 649 650 648
3 649 651 650
3 645 457 458
3 645 648 457
3 648 460 457
3 648 650 460
3 642 652 649
3 642 653 652
3 653 654 652
3 653 655 654
3 649 656 651
3 649 652 656
3 652 657 656
3 652 654 657
3 642 658 653
3 642 644 658
3 644 659 658
3 644 647 659
3 653 660 655
3 653 658 660
3 658 661 660
3 658 659 661
3 662 663 664
3 662 665 663
3 665 660 663
3 665 655 660
3 664 666 667
3 664 663 666
3 663 661 666
3 663 660 661
3 662 668 665
3 662 669 668
3 669 670 668
3 669 671 670
3 665 654 655
3 665 668 654
3 668 657 654
3 668 670 657
3 662 672 669
3 662 673 672
3 673 502 672
3 673 494 502
3 669 674 671
3 669 672 674
3 672 503 674
3 672 502 503
3 662 675 673
3 662 664 675
3 664 676 675
3 664 667 676
3 673 493 494
3 673 675 493
3 675 497 493
3 675 676 497
3 677 678 679
3 677 680 678
3 680 584 678
3 680 579 584
3 679 681 682
3 679 678 681
3 678 585 681
3 678 584 585
3 677 683 680
3 677 684 683
3 684 685 683
3 684 686 685
3 680 578 579
3 680 683 578
3 683 581 578
3 683 685 581
3 677 687 684
3 677 688 687
3 688 689 687
3 688 690 689
3 684 691 686
3 684 687 691
3 687 692 691
3 687 689 692
3 677 693 688
3 677 679 693
3 679 694 693
3 679 682 694
3 688 695 690
3 688 693 695
3 693 696 695
3 693 694 696
3 697 698 699
3 697 700 698
3 700 695 698
3 700 690 695
3 699 701 702
3 699 698 701
3 698 696 701
3 698 695 696
3 697 703 700
3 697 704 703
3 704 705 703
3 704 706 705
3 700 689 690
3 700 703 689
3 703 692 689
3 703 705 692
3 697 707 704
3 697 708 707
3 708 485 707
3 708 478 485
3 704 709 706
3 704 707 709
3 707 486 709
3 707 485 486
3 697 710 708
3 697 699 710
3 699 711 710
3 699 702 711
3 708 477 478
3 708 710 477
3 710 480 477
3 710 711 480
3 712 713 714
3 712 715 713
3 715 508 713
3 715 501 508
3 714 716 717
3 714 713 716
3 713 509 716
3 713 508 509
3 712 718 715
3 712 719 718
3 719 674 718
3 719 671 674
3 715 500 501
3 715 718 500
3 718 503 500
3 718 674 503
3 712 720 719
3 712 721 720
3 721 722 720
3 721 723 722
3 719 670 671
3 719 720 670
3 720 657 670
3 720 722 657
3 712 724 721
3 712 714 724
3 714 725 724
3 714 717 725
3 721 726 723
3 721 724 726
3 724 727 726
3 724 725 727
3 728 729 730
3 728 731 729
3 731 726 729
3 731 723 726
3 730 732 733
3 730 729 732
3 729 727 732
3 729 726 727
3 728 734 731
3 728 735 734
3 735 656 734
3 735 651 656
3 731 722 723
3 731 734 722
3 734 657 722
3 734 656 657
3 728 736 735
3 728 737 736
3 737 528 736
3 737 523 528
3 735 650 651
3 735 736 650
3 736 460 650
3 736 528 460
3 728 738 737
3 728 730 738
3 730 739 738
3 730 733 739
3 737 522 523
3 737 738 522
3 738 525 522
3 738 739 525
3 740 741 742
3 740 743 741
3 743 542 741
3 743 537 542
3 742 744 745
3 742 741 744
3 741 543 744
3 741 542 543
3 740 746 743
3 740 747 746
3 747 646 746
3 747 647 646
3 743 536 537
3 743 746 536
3 746 466 536
3 746 646 466
3 740 748 747
3 740 749 748
3 749 750 748
3 749 751 750
3 747 659 647
3 747 748 659
3 748 661 659
3 748 750 661
3 740 752 749
3 740 742 752
3 742 753 752
3 742 745 753
3 749 754 751
3 749 752 754
3 752 755 754
3 752 753 755
3 756 757 758
3 756 759 757
3 759 754 757
3 759 751 754
3 758 760 761
3 758 757 760
3 757 755 760
3 757 754 755
3 756 762 759
3 756 763 762
3 763 666 762
3 763 667 666
3 759 750 751
3 759 762 750
3 762 661 750
3 762 666 661
3 756 764 763
3 756 765 764
3 765 495 764
3 765 496 495
3 763 676 667
3 763 764 676
3 764 497 676
3 764 495 497
3 756 766 765
3 756 758 766
3 758 767 766
3 758 761 767
3 765 511 496
3 765 766 511
3 766 513 511
3 766 767 513
3 768 769 770
3 768 771 769
3 771 560 769
3 771 555 560
3 770 772 773
3 770 769 772
3 769 561 772
3 769 560 561
3 768 774 771
3 768 775 774
3 775 716 774
3 775 717 716
3 771 554 555
3 771 774 554
3 774 509 554
3 774 716 509
3 768 776 775
3 768 777 776
3 777 778 776
3 777 779 778
3 775 725 717
3 775 776 725
3 776 727 725
3 776 778 727
3 768 780 777
3 768 770 780
3 770 781 780
3 770 773 781
3 777 782 779
3 777 780 782
3 780 783 782
3 780 781 783
3 784 785 786
3 784 787 785
3 787 782 785
3 787 779 782
3 786 788 789
3 786 785 788
3 785 783 788
3 785 782 783
3 784 790 787
3 784 791 790
3 791 732 790
3 791 733 732
3 787 778 779
3 787 790 778
3 790 727 778
3 790 732 727
3 784 792 791
3 784 793 792
3 793 612 792
3 793 609 612
3 791 739 733
3 791 792 739
3 792 525 739
3 792 612 525
3 784 794 793
3 784 786 794
3 786 795 794
3 786 789 795
3 793 608 609
3 793 794 608
3 794 599 608
3 794 795 599
3 796 797 798
3 796 799 797
3 799 580 797
3 799 575 580
3 798 685 686
3 798 797 685
3 797 581 685
3 797 580 581
3 796 800 799
3 796 801 800
3 801 772 800
3 801 773 772
3 799 574 575
3 799 800 574
3 800 561 574
3 800 772 561
3 796 802 801
3 796 803 802
3 803 804 802
3 803 805 804
3 801 781 773
3 801 802 781
3 802 783 781
3 802 804 783
3 796 806 803
3 796 798 806
3 798 691 806
3 798 686 691
3 803 807 805
3 803 806 807
3 806 692 807
3 806 691 692
3 808 809 810
3 808 811 809
3 811 807 809
3 811 805 807
3 810 705 706
3 810 809 705
3 809 692 705
3 809 807 692
3 808 812 811
3 808 813 812
3 813 788 812
3 813 789 788
3 811 804 805
3 811 812 804
3 812 783 804
3 812 788 783
3 808 814 813
3 808 815 814
3 815 598 814
3 815 593 598
3 813 795 789
3 813 814 795
3 814 599 795
3 814 598 599
3 808 816 815
3 808 810 816
3 810 709 816
3 810 706 709
3 815 592 593
3 815 816 592
3 816 486 592
3 816 709 486
3 817 818 819
3 817 820 818
3 820 626 818
3 820 621 626
3 819 821 822
3 819 818 821
3 818 627 821
3 818 626 627
3 817 823 820
3 817 824 823
3 824 744 823
3 824 745 744
3 820 620 621
3 820 823 620
3 823 543 620
3 823 744 543
3 817 825 824
3 817 826 825
3 826 827 825
3 826 828 827
3 824 753 745
3 824 825 753
3 825 755 753
3 825 827 755
3 817 829 826
3 817 819 829
3 819 830 829
3 819 822 830
3 826 831 828
3 826 829 831
3 829 832 831
3 829 830 832
3 833 834 835
3 833 836 834
3 836 831 834
3 836 828 831
3 835 837 838
3 835 834 837
3 834 832 837
3 834 831 832
3 833 839 836
3 833 840 839
3 840 760 839
3 840 761 760
3 836 827 828
3 836 839 827
3 839 755 827
3 839 760 755
3 833 841 840
3 833 842 841
3 842 550 841
3 842 551 550
3 840 767 761
3 840 841 767
3 841 513 767
3 841 550 513
3 833 843 842
3 833 835 843
3 835 844 843
3 835 838 844
3 842 563 551
3 842 843 563
3 843 565 563
3 843 844 565
3 845 846 847
3 845 848 846
3 848 640 846
3 848 637 640
3 847 711 702
3 847 846 711
3 846 480 711
3 846 640 480
3 845 849 848
3 845 850 849
3 850 821 849
3 850 822 821
3 848 636 637
3 848 849 636
3 849 627 636
3 849 821 627
3 845 851 850
3 845 852 851
3 852 853 851
3 852 854 853
3 850 830 822
3 850 851 830
3 851 832 830
3 851 853 832
3 845 855 852
3 845 847 855
3 847 701 855
3 847 702 701
3 852 856 854
3 852 855 856
3 855 696 856
3 855 701 696
3 857 858 859
3 857 860 858
3 860 856 858
3 860 854 856
3 859 694 682
3 859 858 694
3 858 696 694
3 858 856 696
3 857 861 860
3 857 862 861
3 862 837 861
3 862 838 837
3 860 853 854
3 860 861 853
3 861 832 853
3 861 837 832
3 857 863 862
3 857 864 863
3 864 570 863
3 864 571 570
3 862 844 838
3 862 863 844
3 863 565 844
3 863 570 565
3 857 865 864
3 857 859 865
3 859 681 865
3 859 682 681
3 864 583 571
3 864 865 583
3 865 585 583
3 865 681 585
3 866 867 868
3 866 869 867
3 869 870 867
3 869 871 870
3 868 872 873
3 868 867 872
3 867 874 872
3 867 870 874
3 866 875 869
3 866 876 875
3 876 877 875
3 876 878 877
3 869 879 871
3 869 875 879
3 875 880 879
3 875 877 880
3 866 881 876
3 866 882 881
3 882 883 881
3 882 884 883
3 876 885 878
3 876 881 885
3 881 886 885
3 881 883 886
3 866 887 882
3 866 868 887
3 868 888 887
3 868 873 888
3 882 889 884
3 882 887 889
3 887 890 889
3 887 888 890
3 891 892 893
3 891 894 892
3 894 895 892
3 894 896 895
3 893 897 898
3 893 892 897
3 892 899 897
3 892 895 899
3 891 900 894
3 891 901 900
3 901 902 900
3 901 903 902
3 894 904 896
3 894 900 904
3 900 905 904
3 900 902 905
3 891 906 901
3 891 907 906
3 907 908 906
3 907 909 908
3 901 910 903
3 901 906 910
3 906 911 910
3 906 908 911
3 891 912 907
3 891 893 912
3 893 913 912
3 893 898 913
3 907 914 909
3 907 912 914
3 912 915 914
3 912 913 915
3 916 917 918
3 916 919 917
3 919 920 917
3 919 921 920
3 918 922 923
3 918 917 922
3 917 924 922
3 917 920 924
3 916 925 919
3 916 926 925
3 926 927 925
3 926 928 927
3 919 929 921
3 919 925 929
3 925 930 929
3 925 927 930
3 916 931 926
3 916 932 931
3 932 933 931
3 932 934 933
3 926 935 928
3 926 931 935
3 931 936 935
3 931 933 936
3 916 937 932
3 916 918 937
3 918 938 937
3 918 923 938
3 932 939 934
3 932 937 939
3 937 940 939
3 937 938 940
3 941 942 943
3 941 944 942
3 944 945 942
3 944 946 945
3 943 947 948
3 943 942 947
3 942 949 947
3 942 945 949
3 941 950 944
3 941 951 950
3 951 872 950
3 951 873 872
3 944 952 946
3 944 950 952
3 950 874 952
3 950 872 874
3 941 953 951
3 941 954 953
3 954 955 953
3 954 956 955
3 951 888 873
3 951 953 888
3 953 890 888
3 953 955 890
3 941 957 954
3 941 943 957
3 943 958 957
3 943 948 958
3 954 959 956
3 954 957 959
3 957 960 959
3 957 958 960
3 961 962 963
3 961 964 962
3 964 965 962
3 964 966 965
3 963 877 878
3 963 962 877
3 962 880 877
3 962 965 880
3 961 967 964
3 961 968 967
3 968 969 967
3 968 970 969
3 964 971 966
3 964 967 971
3 967 972 971
3 967 969 972
3 961 973 968
3 961 974 973
3 974 975 973
3 974 976 975
3 968 977 970
3 968 973 977
3 973 978 977
3 973 975 978
3 961 979 974
3 961 963 979
3 963 885 979
3 963 878 885
3 974 980 976
3 974 979 980
3 979 886 980
3 979 885 886
3 981 982 983
3 981 984 982
3 984 985 982
3 984 986 985
3 983 927 928
3 983 982 927
3 982 930 927
3 982 985 930
3 981 987 984
3 981 988 987
3 988 989 987
3 988 990 989
3 984 991 986
3 984 987 991
3 987 992 991
3 987 989 992
3 981 993 988
3 981 994 993
3 994 995 993
3 994 996 995
3 988 997 990
3 988 993 997
3 993 998 997
3 993 995 998
3 981 999 994
3 981 983 999
3 983 935 999
3 983 928 935
3 994 1000 996
3 994 999 1000
3 999 936 1000
3 999 935 936
3 1001 1002 1003
3 1001 1004 1002
3 1004 1005 1002
3 1004 1006 1005
3 1003 989 990
3 1003 1002 989
3 1002 992 989
3 1002 1005 992
3 1001 1007 1004
3 1001 1008 1007
3 1008 1009 1007
3 1008 1010 1009
3 1004 1011 1006
3 1004 1007 1011
3 1007 1012 1011
3 1007 1009 1012
3 1001 1013 1008
3 1001 1014 1013
3 1014 1015 1013
3 1014 1016 1015
3 1008 1017 1010
3 1008 1013 1017
3 1013 1018 1017
3 1013 1015 1018
3 1001 1019 1014
3 1001 1003 1019
3 1003 997 1019
3 1003 990 997
3 1014 1020 1016
3 1014 1019 1020
3 1019 998 1020
3 1019 997 998
3 1021 1022 1023
3 1021 1024 1022
3 1024 1025 1022
3 1024 1026 1025
3 1023 902 903
3 1023 1022 902
3 1022 905 902
3 1022 1025 905
3 1021 1027 1024
3 1021 1028 1027
3 1028 1029 1027
3 1028 1030 1029
3 1024 1031 1026
3 1024 1027 1031
3 1027 1032 1031
3 1027 1029 1032
3 1021 1033 1028
3 1021 1034 1033
3 1034 1035 1033
3 1034 1036 1035
3 1028 1037 1030
3 1028 1033 1037
3 1033 1038 1037
3 1033 1035 1038
3 1021 1039 1034
3 1021 1023 1039
3 1023 910 1039
3 1023 903 910
3 1034 1040 1036
3 1034 1039 1040
3 1039 911 1040
3 1039 910 911
3 1041 1042 1043
3 1041 1044 1042
3 1044 1045 1042
3 1044 1046 1045
3 1043 1029 1030
3 1043 1042 1029
3 1042 1032 1029
3 1042 1045 1032
3 1041 1047 1044
3 1041 1048 1047
3 1048 947 1047
3 1048 948 947
3 1044 1049 1046
3 1044 1047 1049
3 1047 949 1049
3 1047 947 949
3 1041 1050 1048
3 1041 1051 1050
3 1051 1052 1050
3 1051 1053 1052
3 1048 958 948
3 1048 1050 958
3 1050 960 958
3 1050 1052 960
3 1041 1054 1051
3 1041 1043 1054
3 1043 1037 1054
3 1043 1030 1037
3 1051 1055 1053
3 1051 1054 1055
3 1054 1038 1055
3 1054 1037 1038
3 1056 1057 1058
3 1056 1059 1057
3 1059 1060 1057
3 1059 1061 1060
3 1058 969 970
3 1058 1057 969
3 1057 972 969
3 1057 1060 972
3 1056 1062 1059
3 1056 1063 1062
3 1063 1064 1062
3 1063 1065 1064
3 1059 1066 1061
3 1059 1062 1066
3 1062 1067 1066
3 1062 1064 1067
3 1056 1068 1063
3 1056 1069 1068
3 1069 1070 1068
3 1069 1071 1070
3 1063 1072 1065
3 1063 1068 1072
3 1068 1073 1072
3 1068 1070 1073
3 1056 1074 1069
3 1056 1058 1074
3 1058 977 1074
3 1058 970 977
3 1069 1075 1071
3 1069 1074 1075
3 1074 978 1075
3 1074 977 978
3 1076 1077 1078
3 1076 1079 1077
3 1079 1080 1077
3 1079 1081 1080
3 1078 1064 1065
3 1078 1077 1064
3 1077 1067 1064
3 1077 1080 1067
3 1076 1082 1079
3 1076 1083 1082
3 1083 897 1082
3 1083 898 897
3 1079 1084 1081
3 1079 1082 1084
3 1082 899 1084
3 1082 897 899
3 1076 1085 1083
3 1076 1086 1085
3 1086 1087 1085
3 1086 1088 1087
3 1083 913 898
3 1083 1085 913
3 1085 915 913
3 1085 1087 915
3 1076 1089 1086
3 1076 1078 1089
3 1078 1072 1089
3 1078 1065 1072
3 1086 1090 1088
3 1086 1089 1090
3 1089 1073 1090
3 1089 1072 1073
3 1091 1092 1093
3 1091 1094 1092
3 1094 1095 1092
3 1094 1096 1095
3 1093 883 884
3 1093 1092 883
3 1092 886 883
3 1092 1095 886
3 1091 1097 1094
3 1091 1098 1097
3 1098 1099 1097
3 1098 1100 1099
3 1094 1101 1096
3 1094 1097 1101
3 1097 1102 1101
3 1097 1099 1102
3 1091 1103 1098
3 1091 1104 1103
3 1104 1105 1103
3 1104 1106 1105
3 1098 1107 1100
3 1098 1103 1107
3 1103 1108 1107
3 1103 1105 1108
3 1091 1109 1104
3 1091 1093 1109
3 1093 889 1109
3 1093 884 889
3 1104 1110 1106
3 1104 1109 1110
3 1109 890 1110
3 1109 889 890
3 1111 1112 1113
3 1111 1114 1112
3 1114 1115 1112
3 1114 1116 1115
3 1113 1099 1100
3 1113 1112 1099
3 1112 1102 1099
3 1112 1115 1102
3 1111 1117 1114
3 1111 1118 1117
3 1118 922 1117
3 1118 923 922
3 1114 1119 1116
3 1114 1117 1119
3 1117 924 1119
3 1117 922 924
3 1111 1120 1118
3 1111 1121 1120
3 1121 1122 1120
3 1121 1123 1122
3 1118 938 923
3 1118 1120 938
3 1120 940 938
3 1120 1122 940
3 1111 1124 1121
3 1111 1113 1124
3 1113 1107 1124
3 1113 1100 1107
3 1121 1125 1123
3 1121 1124 1125
3 1124 1108 1125
3 1124 1107 1108
3 1126 1127 1128
3 1126 1129 1127
3 1129 1130 1127
3 1129 1131 1130
3 1128 1009 1010
3 1128 1127 1009
3 1127 1012 1009
3 1127 1130 1012
3 1126 1132 1129
3 1126 1133 1132
3 1133 1134 1132
3 1133 1135 1134
3 1129 1136 1131
3 1129 1132 1136
3 1132 1137 1136
3 1132 1134 1137
3 1126 1138 1133
3 1126 1139 1138
3 1139 1140 1138
3 1139 1141 1140
3 1133 1142 1135
3 1133 1138 1142
3 1138 1143 1142
3 1138 1140 1143
3 1126 1144 1139
3 1126 1128 1144
3 1128 1017 1144
3 1128 1010 1017
3 1139 1145 1141
3 1139 1144 1145
3 1144 1018 1145
3 1144 1017 1018
3 1146 1147 1148
3 1146 1149 1147
3 1149 1150 1147
3 1149 1151 1150
3 1148 1134 1135
3 1148 1147 1134
3 1147 1137 1134
3 1147 1150 1137
3 1146 1152 1149
3 1146 1153 1152
3 1153 914 1152
3 1153 909 914
3 1149 1154 1151
3 1149 1152 1154
3 1152 915 1154
3 1152 914 915
3 1146 1155 1153
3 1146 1156 1155
3 1156 1157 1155
3 1156 1158 1157
3 1153 908 909
3 1153 1155 908
3 1155 911 908
3 1155 1157 911
3 1146 1159 1156
3 1146 1148 1159
3 1148 1142 1159
3 1148 1135 1142
3 1156 1160 1158
3 1156 1159 1160
3 1159 1143 1160
3 1159 1142 1143
3 1161 1162 1163
3 1161 1164 1162
3 1164 1165 1162
3 1164 1166 1165
3 1163 933 934
3 1163 1162 933
3 1162 936 933
3 1162 1165 936
3 1161 1167 1164
3 1161 1168 1167
3 1168 1169 1167
3 1168 1170 1169
3 1164 1171 1166
3 1164 1167 1171
3 1167 1172 1171
3 1167 1169 1172
3 1161 1173 1168
3 1161 1174 1173
3 1174 1125 1173
3 1174 1123 1125
3 1168 1175 1170
3 1168 1173 1175
3 1173 1108 1175
3 1173 1125 1108
3 1161 1176 1174
3 1161 1163 1176
3 1163 939 1176
3 1163 934 939
3 1174 1122 1123
3 1174 1176 1122
3 1176 940 1122
3 1176 939 940
3 1177 1178 1179
3 1177 1180 1178
3 1180 1181 1178
3 1180 1182 1181
3 1179 1169 1170
3 1179 1178 1169
3 1178 1172 1169
3 1178 1181 1172
3 1177 1183 1180
3 1177 1184 1183
3 1184 959 1183
3 1184 956 959
3 1180 1185 1182
3 1180 1183 1185
3 1183 960 1185
3 1183 959 960
3 1177 1186 1184
3 1177 1187 1186
3 1187 1110 1186
3 1187 1106 1110
3 1184 955 956
3 1184 1186 955
3 1186 890 955
3 1186 1110 890
3 1177 1188 1187
3 1177 1179 1188
3 1179 1175 1188
3 1179 1170 1175
3 1187 1105 1106
3 1187 1188 1105
3 1188 1108 1105
3 1188 1175 1108
3 1189 1190 1191
3 1189 1192 1190
3 1192 1193 1190
3 1192 1194 1193
3 1191 975 976
3 1191 1190 975
3 1190 978 975
3 1190 1193 978
3 1189 1195 1192
3 1189 1196 1195
3 1196 1197 1195
3 1196 1198 1197
3 1192 1199 1194
3 1192 1195 1199
3 1195 1200 1199
3 1195 1197 1200
3 1189 1201 1196
3 1189 1202 1201
3 1202 1101 1201
3 1202 1096 1101
3 1196 1203 1198
3 1196 1201 1203
3 1201 1102 1203
3 1201 1101 1102
3 1189 1204 1202
3 1189 1191 1204
3 1191 980 1204
3 1191 976 980
3 1202 1095 1096
3 1202 1204 1095
3 1204 886 1095
3 1204 980 886
3 1205 1206 1207
3 1205 1208 1206
3 1208 1209 1206
3 1208 1210 1209
3 1207 1197 1198
3 1207 1206 1197
3 1206 1200 1197
3 1206 1209 1200
3 1205 1211 1208
3 1205 1212 1211
3 1212 929 1211
3 1212 921 929
3 1208 1213 1210
3 1208 1211 1213
3 1211 930 1213
3 1211 929 930
3 1205 1214 1212
3 1205 1215 1214
3 1215 1119 1214
3 1215 1116 1119
3 1212 920 921
3 1212 1214 920
3 1214 924 920
3 1214 1119 924
3 1205 1216 1215
3 1205 1207 1216
3 1207 1203 1216
3 1207 1198 1203
3 1215 1115 1116
3 1215 1216 1115
3 1216 1102 1115
3 1216 1203 1102
3 1217 1218 1219
3 1217 1220 1218
3 1220 1221 1218
3 1220 1222 1221
3 1219 995 996
3 1219 1218 995
3 1218 998 995
3 1218 1221 998
3 1217 1223 1220
3 1217 1224 1223
3 1224 1225 1223
3 1224 1226 1225
3 1220 1227 1222
3 1220 1223 1227
3 1223 1228 1227
3 1223 1225 1228
3 1217 1229 1224
3 1217 1230 1229
3 1230 1171 1229
3 1230 1166 1171
3 1224 1231 1226
3 1224 1229 1231
3 1229 1172 1231
3 1229 1171 1172
3 1217 1232 1230
3 1217 1219 1232
3 1219 1000 1232
3 1219 996 1000
3 1230 1165 1166
3 1230 1232 1165
3 1232 936 1165
3 1232 1000 936
3 1233 1234 1235
3 1233 1236 1234
3 1236 1237 1234
3 1236 1238 1237
3 1235 1225 1226
3 1235 1234 1225
3 1234 1228 1225
3 1234 1237 1228
3 1233 1239 1236
3 1233 1240 1239
3 1240 1055 1239
3 1240 1053 1055
3 1236 1241 1238
3 1236 1239 1241
3 1239 1038 1241
3 1239 1055 1038
3 1233 1242 1240
3 1233 1243 1242
3 1243 1185 1242
3 1243 1182 1185
3 1240 1052 1053
3 1240 1242 1052
3 1242 960 1052
3 1242 1185 960
3 1233 1244 1243
3 1233 1235 1244
3 1235 1231 1244
3 1235 1226 1231
3 1243 1181 1182
3 1243 1244 1181
3 1244 1172 1181
3 1244 1231 1172
3 1245 1246 1247
3 1245 1248 1246
3 1248 1145 1246
3 1248 1141 1145
3 1247 1015 1016
3 1247 1246 1015
3 1246 1018 1015
3 1246 1145 1018
3 1245 1249 1248
3 1245 1250 1249
3 1250 1251 1249
3 1250 1252 1251
3 1248 1140 1141
3 1248 1249 1140
3 1249 1143 1140
3 1249 1251 1143
3 1245 1253 1250
3 1245 1254 1253
3 1254 1227 1253
3 1254 1222 1227
3 1250 1255 1252
3 1250 1253 1255
3 1253 1228 1255
3 1253 1227 1228
3 1245 1256 1254
3 1245 1247 1256
3 1247 1020 1256
3 1247 1016 1020
3 1254 1221 1222
3 1254 1256 1221
3 1256 998 1221
3 1256 1020 998
3 1257 1258 1259
3 1257 1260 1258
3 1260 1160 1258
3 1260 1158 1160
3 1259 1251 1252
3 1259 1258 1251
3 1258 1143 1251
3 1258 1160 1143
3 1257 1261 1260
3 1257 1262 1261
3 1262 1040 1261
3 1262 1036 1040
3 1260 1157 1158
3 1260 1261 1157
3 1261 911 1157
3 1261 1040 911
3 1257 1263 1262
3 1257 1264 1263
3 1264 1241 1263
3 1264 1238 1241
3 1262 1035 1036
3 1262 1263 1035
3 1263 1038 1035
3 1263 1241 1038
3 1257 1265 1264
3 1257 1259 1265
3 1259 1255 1265
3 1259 1252 1255
3 1264 1237 1238
3 1264 1265 1237
3 1265 1228 1237
3 1265 1255 1228
3 1266 1267 1268
3 1266 1269 1267
3 1269 1270 1267
3 1269 1271 1270
3 1268 1070 1071
3 1268 1267 1070
3 1267 1073 1070
3 1267 1270 1073
3 1266 1272 1269
3 1266 1273 1272
3 1273 1274 1272
3 1273 1275 1274
3 1269 1276 1271
3 1269 1272 1276
3 1272 1277 1276
3 1272 1274 1277
3 1266 1278 1273
3 1266 1279 1278
3 1279 1199 1278
3 1279 1194 1199
3 1273 1280 1275
3 1273 1278 1280
3 1278 1200 1280
3 1278 1199 1200
3 1266 1281 1279
3 1266 1268 1281
3 1268 1075 1281
3 1268 1071 1075
3 1279 1193 1194
3 1279 1281 1193
3 1281 978 1193
3 1281 1075 978
3 1282 1283 1284
3 1282 1285 1283
3 1285 1286 1283
3 1285 1287 1286
3 1284 1274 1275
3 1284 1283 1274
3 1283 1277 1274
3 1283 1286 1277
3 1282 1288 1285
3 1282 1289 1288
3 1289 991 1288
3 1289 986 991
3 1285 1290 1287
3 1285 1288 1290
3 1288 992 1290
3 1288 991 992
3 1282 1291 1289
3 1282 1292 1291
3 1292 1213 1291
3 1292 1210 1213
3 1289 985 986
3 1289 1291 985
3 1291 930 985
3 1291 1213 930
3 1282 1293 1292
3 1282 1284 1293
3 1284 1280 1293
3 1284 1275 1280
3 1292 1209 1210
3 1292 1293 1209
3 1293 1200 1209
3 1293 1280 1200
3 1294 1295 1296
3 1294 1297 1295
3 1297 1154 1295
3 1297 1151 1154
3 1296 1087 1088
3 1296 1295 1087
3 1295 915 1087
3 1295 1154 915
3 1294 1298 1297
3 1294 1299 1298
3 1299 1300 1298
3 1299 1301 1300
3 1297 1150 1151
3 1297 1298 1150
3 1298 1137 1150
3 1298 1300 1137
3 1294 1302 1299
3 1294 1303 1302
3 1303 1276 1302
3 1303 1271 1276
3 1299 1304 1301
3 1299 1302 1304
3 1302 1277 1304
3 1302 1276 1277
3 1294 1305 1303
3 1294 1296 1305
3 1296 1090 1305
3 1296 1088 1090
3 1303 1270 1271
3 1303 1305 1270
3 1305 1073 1270
3 1305 1090 1073
3 1306 1307 1308
3 1306 1309 1307
3 1309 1136 1307
3 1309 1131 1136
3 1308 1300 1301
3 1308 1307 1300
3 1307 1137 1300
3 1307 1136 1137
3 1306 1310 1309
3 1306 1311 1310
3 1311 1011 1310
3 1311 1006 1011
3 1309 1130 1131
3 1309 1310 1130
3 1310 1012 1130
3 1310 1011 1012
3 1306 1312 1311
3 1306 1313 1312
3 1313 1290 1312
3 1313 1287 1290
3 1311 1005 1006
3 1311 1312 1005
3 1312 992 1005
3 1312 1290 992
3 1306 1314 1313
3 1306 1308 1314
3 1308 1304 1314
3 1308 1301 1304
3 1313 1286 1287
3 1313 1314 1286
3 1314 1277 1286
3 1314 1304 1277
3 1315 1316 1317
3 1315 1318 1316
3 1318 1319 1316
3 1318 1320 1319
3 1317 870 871
3 1317 1316 870
3 1316 874 870
3 1316 1319 874
3 1315 1321 1318
3 1315 1322 1321
3 1322 1323 1321
3 1322 1324 1323
3 1318 1325 1320
3 1318 1321 1325
3 1321 1326 1325
3 1321 1323 1326
3 1315 1327 1322
3 1315 1328 1327
3 1328 1329 1327
3 1328 1330 1329
3 1322 1331 1324
3 1322 1327 1331
3 1327 1332 1331
3 1327 1329 1332
3 1315 1333 1328
3 1315 1317 1333
3 1317 879 1333
3 1317 871 879
3 1328 1334 1330
3 1328 1333 1334
3 1333 880 1334
3 1333 879 880
3 1335 1336 1337
3 1335 1338 1336
3 1338 1339 1336
3 1338 1340 1339
3 1337 895 896
3 1337 1336 895
3 1336 899 895
3 1336 1339 899
3 1335 1341 1338
3 1335 1342 1341
3 1342 1343 1341
3 1342 1344 1343
3 1338 1345 1340
3 1338 1341 1345
3 1341 1346 1345
3 1341 1343 1346
3 1335 1347 1342
3 1335 1348 1347
3 1348 1349 1347
3 1348 1350 1349
3 1342 1351 1344
3 1342 1347 1351
3 1347 1352 1351
3 1347 1349 1352
3 1335 1353 1348
3 1335 1337 1353
3 1337 904 1353
3 1337 896 904
3 1348 1354 1350
3 1348 1353 1354
3 1353 905 1354
3 1353 904 905
3 1355 1356 1357
3 1355 1358 1356
3 1358 1359 1356
3 1358 1360 1359
3 1357 1361 1362
3 1357 1356 1361
3 1356 1363 1361
3 1356 1359 1363
3 1355 1364 1358
3 1355 1365 1364
3 1365 1366 1364
3 1365 1367 1366
3 1358 1368 1360
3 1358 1364 1368
3 1364 1369 1368
3 1364 1366 1369
3 1355 1370 1365
3 1355 1371 1370
3 1371 1372 1370
3 1371 1373 1372
3 1365 1374 1367
3 1365 1370 1374
3 1370 1375 1374
3 1370 1372 1375
3 1355 1376 1371
3 1355 1357 1376
3 1357 1377 1376
3 1357 1362 1377
3 1371 1378 1373
3 1371 1376 1378
3 1376 1379 1378
3 1376 1377 1379
3 1380 1381 1382
3 1380 1383 1381
3 1383 1384 1381
3 1383 1385 1384
3 1382 945 946
3 1382 1381 945
3 1381 949 945
3 1381 1384 949
3 1380 1386 1383
3 1380 1387 1386
3 1387 1388 1386
3 1387 1389 1388
3 1383 1390 1385
3 1383 1386 1390
3 1386 1391 1390
3 1386 1388 1391
3 1380 1392 1387
3 1380 1393 1392
3 1393 1325 1392
3 1393 1320 1325
3 1387 1394 1389
3 1387 1392 1394
3 1392 1326 1394
3 1392 1325 1326
3 1380 1395 1393
3 1380 1382 1395
3 1382 952 1395
3 1382 946 952
3 1393 1319 1320
3 1393 1395 1319
3 1395 874 1319
3 1395 952 874
3 1396 1397 1398
3 1396 1399 1397
3 1399 1334 1397
3 1399 1330 1334
3 1398 965 966
3 1398 1397 965
3 1397 880 965
3 1397 1334 880
3 1396 1400 1399
3 1396 1401 1400
3 1401 1402 1400
3 1401 1403 1402
3 1399 1329 1330
3 1399 1400 1329
3 1400 1332 1329
3 1400 1402 1332
3 1396 1404 1401
3 1396 1405 1404
3 1405 1406 1404
3 1405 1407 1406
3 1401 1408 1403
3 1401 1404 1408
3 1404 1409 1408
3 1404 1406 1409
3 1396 1410 1405
3 1396 1398 1410
3 1398 971 1410
3 1398 966 971
3 1405 1411 1407
3 1405 1410 1411
3 1410 972 1411
3 1410 971 972
3 1412 1413 1414
3 1412 1415 1413
3 1415 1378 1413
3 1415 1373 1378
3 1414 1416 1417
3 1414 1413 1416
3 1413 1379 1416
3 1413 1378 1379
3 1412 1418 1415
3 1412 1419 1418
3 1419 1420 1418
3 1419 1421 1420
3 1415 1372 1373
3 1415 1418 1372
3 1418 1375 1372
3 1418 1420 1375
3 1412 1422 1419
3 1412 1423 1422
3 1423 1424 1422
3 1423 1425 1424
3 1419 1426 1421
3 1419 1422 1426
3 1422 1427 1426
3 1422 1424 1427
3 1412 1428 1423
3 1412 1414 1428
3 1414 1429 1428
3 1414 1417 1429
3 1423 1430 1425
3 1423 1428 1430
3 1428 1431 1430
3 1428 1429 1431
3 1432 1433 1434
3 1432 1435 1433
3 1435 1430 1433
3 1435 1425 1430
3 1434 1436 1437
3 1434 1433 1436
3 1433 1431 1436
3 1433 1430 1431
3 1432 1438 1435
3 1432 1439 1438
3 1439 1440 1438
3 1439 1441 1440
3 1435 1424 1425
3 1435 1438 1424
3 1438 1427 1424
3 1438 1440 1427
3 1432 1442 1439
3 1432 1443 1442
3 1443 1444 1442
3 1443 1445 1444
3 1439 1446 1441
3 1439 1442 1446
3 1442 1447 1446
3 1442 1444 1447
3 1432 1448 1443
3 1432 1434 1448
3 1434 1449 1448
3 1434 1437 1449
3 1443 1450 1445
3 1443 1448 1450
3 1448 1451 1450
3 1448 1449 1451
3 1452 1453 1454
3 1452 1455 1453
3 1455 1354 1453
3 1455 1350 1354
3 1454 1025 1026
3 1454 1453 1025
3 1453 905 1025
3 1453 1354 905
3 1452 1456 1455
3 1452 1457 1456
3 1457 1458 1456
3 1457 1459 1458
3 1455 1349 1350
3 1455 1456 1349
3 1456 1352 1349
3 1456 1458 1352
3 1452 1460 1457
3 1452 1461 1460
3 1461 1462 1460
3 1461 1463 1462
3 1457 1464 1459
3 1457 1460 1464
3 1460 1465 1464
3 1460 1462 1465
3 1452 1466 1461
3 1452 1454 1466
3 1454 1031 1466
3 1454 1026 1031
3 1461 1467 1463
3 1461 1466 1467
3 1466 1032 1467
3 1466 1031 1032
3 1468 1469 1470
3 1468 1471 1469
3 1471 1467 1469
3 1471 1463 1467
3 1470 1045 1046
3 1470 1469 1045
3 1469 1032 1045
3 1469 1467 1032
3 1468 1472 1471
3 1468 1473 1472
3 1473 1474 1472
3 1473 1475 1474
3 1471 1462 1463
3 1471 1472 1462
3 1472 1465 1462
3 1472 1474 1465
3 1468 1476 1473
3 1468 1477 1476
3 1477 1390 1476
3 1477 1385 1390
3 1473 1478 1475
3 1473 1476 1478
3 1476 1391 1478
3 1476 1390 1391
3 1468 1479 1477
3 1468 1470 1479
3 1470 1049 1479
3 1470 1046 1049
3 1477 1384 1385
3 1477 1479 1384
3 1479 949 1384
3 1479 1049 949
3 1480 1481 1482
3 1480 1483 1481
3 1483 1411 1481
3 1483 1407 1411
3 1482 1060 1061
3 1482 1481 1060
3 1481 972 1060
3 1481 1411 972
3 1480 1484 1483
3 1480 1485 1484
3 1485 1486 1484
3 1485 1487 1486
3 1483 1406 1407
3 1483 1484 1406
3 1484 1409 1406
3 1484 1486 1409
3 1480 1488 1485
3 1480 1489 1488
3 1489 1490 1488
3 1489 1491 1490
3 1485 1492 1487
3 1485 1488 1492
3 1488 1493 1492
3 1488 1490 1493
3 1480 1494 1489
3 1480 1482 1494
3 1482 1066 1494
3 1482 1061 1066
3 1489 1495 1491
3 1489 1494 1495
3 1494 1067 1495
3 1494 1066 1067
3 1496 1497 1498
3 1496 1499 1497
3 1499 1495 1497
3 1499 1491 1495
3 1498 1080 1081
3 1498 1497 1080
3 1497 1067 1080
3 1497 1495 1067
3 1496 1500 1499
3 1496 1501 1500
3 1501 1502 1500
3 1501 1503 1502
3 1499 1490 1491
3 1499 1500 1490
3 1500 1493 1490
3 1500 1502 1493
3 1496 1504 1501
3 1496 1505 1504
3 1505 1345 1504
3 1505 1340 1345
3 1501 1506 1503
3 1501 1504 1506
3 1504 1346 1506
3 1504 1345 1346
3 1496 1507 1505
3 1496 1498 1507
3 1498 1084 1507
3 1498 1081 1084
3 1505 1339 1340
3 1505 1507 1339
3 1507 899 1339
3 1507 1084 899
3 1508 1509 1510
3 1508 1511 1509
3 1511 1331 1509
3 1511 1324 1331
3 1510 1512 1513
3 1510 1509 1512
3 1509 1332 1512
3 1509 1331 1332
3 1508 1514 1511
3 1508 1515 1514
3 1515 1516 1514
3 1515 1517 1516
3 1511 1323 1324
3 1511 1514 1323
3 1514 1326 1323
3 1514 1516 1326
3 1508 1518 1515
3 1508 1519 1518
3 1519 1520 1518
3 1519 1521 1520
3 1515 1522 1517
3 1515 1518 1522
3 1518 1523 1522
3 1518 1520 1523
3 1508 1524 1519
3 1508 1510 1524
3 1510 1525 1524
3 1510 1513 1525
3 1519 1526 1521
3 1519 1524 1526
3 1524 1527 1526
3 1524 1525 1527
3 1528 1529 1530
3 1528 1531 1529
3 1531 1526 1529
3 1531 1521 1526
3 1530 1532 1533
3 1530 1529 1532
3 1529 1527 1532
3 1529 1526 1527
3 1528 1534 1531
3 1528 1535 1534
3 1535 1536 1534
3 1535 1537 1536
3 1531 1520 1521
3 1531 1534 1520
3 1534 1523 1520
3 1534 1536 1523
3 1528 1538 1535
3 1528 1539 1538
3 1539 1368 1538
3 1539 1360 1368
3 1535 1540 1537
3 1535 1538 1540
3 1538 1369 1540
3 1538 1368 1369
3 1528 1541 1539
3 1528 1530 1541
3 1530 1542 1541
3 1530 1533 1542
3 1539 1359 1360
3 1539 1541 1359
3 1541 1363 1359
3 1541 1542 1363
3 1543 1544 1545
3 1543 1546 1544
3 1546 1450 1544
3 1546 1445 1450
3 1545 1547 1548
3 1545 1544 1547
3 1544 1451 1547
3 1544 1450 1451
3 1543 1549 1546
3 1543 1550 1549
3 1550 1551 1549
3 1550 1552 1551
3 1546 1444 1445
3 1546 1549 1444
3 1549 1447 1444
3 1549 1551 1447
3 1543 1553 1550
3 1543 1554 1553
3 1554 1555 1553
3 1554 1556 1555
3 1550 1557 1552
3 1550 1553 1557
3 1553 1558 1557
3 1553 1555 1558
3 1543 1559 1554
3 1543 1545 1559
3 1545 1560 1559
3 1545 1548 1560
3 1554 1561 1556
3 1554 1559 1561
3 1559 1562 1561
3 1559 1560 1562
3 1563 1564 1565
3 1563 1566 1564
3 1566 1561 1564
3 1566 1556 1561
3 1565 1567 1568
3 1565 1564 1567
3 1564 1562 1567
3 1564 1561 1562
3 1563 1569 1566
3 1563 1570 1569
3 1570 1571 1569
3 1570 1572 1571
3 1566 1555 1556
3 1566 1569 1555
3 1569 1558 1555
3 1569 1571 1558
3 1563 1573 1570
3 1563 1574 1573
3 1574 1351 1573
3 1574 1344 1351
3 1570 1575 1572
3 1570 1573 1575
3 1573 1352 1575
3 1573 1351 1352
3 1563 1576 1574
3 1563 1565 1576
3 1565 1577 1576
3 1565 1568 1577
3 1574 1343 1344
3 1574 1576 1343
3 1576 1346 1343
3 1576 1577 1346
3 1578 1579 1580
3 1578 1581 1579
3 1581 1374 1579
3 1581 1367 1374
3 1580 1582 1583
3 1580 1579 1582
3 1579 1375 1582
3 1579 1374 1375
3 1578 1584 1581
3 1578 1585 1584
3 1585 1540 1584
3 1585 1537 1540
3 1581 1366 1367
3 1581 1584 1366
3 1584 1369 1366
3 1584 1540 1369
3 1578 1586 1585
3 1578 1587 1586
3 1587 1588 1586
3 1587 1589 1588
3 1585 1536 1537
3 1585 1586 1536
3 1586 1523 1536
3 1586 1588 1523
3 1578 1590 1587
3 1578 1580 1590
3 1580 1591 1590
3 1580 1583 1591
3 1587 1592 1589
3 1587 1590 1592
3 1590 1593 1592
3 1590 1591 1593
3 1594 1595 1596
3 1594 1597 1595
3 1597 1592 1595
3 1597 1589 1592
3 1596 1598 1599
3 1596 1595 1598
3 1595 1593 1598
3 1595 1592 1593
3 1594 1600 1597
3 1594 1601 1600
3 1601 1522 1600
3 1601 1517 1522
3 1597 1588 1589
3 1597 1600 1588
3 1600 1523 1588
3 1600 1522 1523
3 1594 1602 1601
3 1594 1603 1602
3 1603 1394 1602
3 1603 1389 1394
3 1601 1516 1517
3 1601 1602 1516
3 1602 1326 1516
3 1602 1394 1326
3 1594 1604 1603
3 1594 1596 1604
3 1596 1605 1604
3 1596 1599 1605
3 1603 1388 1389
3 1603 1604 1388
3 1604 1391 1388
3 1604 1605 1391
3 1606 1607 1608
3 1606 1609 1607
3 1609 1408 1607
3 1609 1403 1408
3 1608 1610 1611
3 1608 1607 1610
3 1607 1409 1610
3 1607 1408 1409
3 1606 1612 1609
3 1606 1613 1612
3 1613 1512 1612
3 1613 1513 1512
3 1609 1402 1403
3 1609 1612 1402
3 1612 1332 1402
3 1612 1512 1332
3 1606 1614 1613
3 1606 1615 1614
3 1615 1616 1614
3 1615 1617 1616
3 1613 1525 1513
3 1613 1614 1525
3 1614 1527 1525
3 1614 1616 1527
3 1606 1618 1615
3 1606 1608 1618
3 1608 1619 1618
3 1608 1611 1619
3 1615 1620 1617
3 1615 1618 1620
3 1618 1621 1620
3 1618 1619 1621
3 1622 1623 1624
3 1622 1625 1623
3 1625 1620 1623
3 1625 1617 1620
3 1624 1626 1627
3 1624 1623 1626
3 1623 1621 1626
3 1623 1620 1621
3 1622 1628 1625
3 1622 1629 1628
3 1629 1532 1628
3 1629 1533 1532
3 1625 1616 1617
3 1625 1628 1616
3 1628 1527 1616
3 1628 1532 1527
3 1622 1630 1629
3 1622 1631 1630
3 1631 1361 1630
3 1631 1362 1361
3 1629 1542 1533
3 1629 1630 1542
3 1630 1363 1542
3 1630 1361 1363
3 1622 1632 1631
3 1622 1624 1632
3 1624 1633 1632
3 1624 1627 1633
3 1631 1377 1362
3 1631 1632 1377
3 1632 1379 1377
3 1632 1633 1379
3 1634 1635 1636
3 1634 1637 1635
3 1637 1426 1635
3 1637 1421 1426
3 1636 1638 1639
3 1636 1635 1638
3 1635 1427 1638
3 1635 1426 1427
3 1634 1640 1637
3 1634 1641 1640
3 1641 1582 1640
3 1641 1583 1582
3 1637 1420 1421
3 1637 1640 1420
3 1640 1375 1420
3 1640 1582 1375
3 1634 1642 1641
3 1634 1643 1642
3 1643 1644 1642
3 1643 1645 1644
3 1641 1591 1583
3 1641 1642 1591
3 1642 1593 1591
3 1642 1644 1593
3 1634 1646 1643
3 1634 1636 1646
3 1636 1647 1646
3 1636 1639 1647
3 1643 1648 1645
3 1643 1646 1648
3 1646 1649 1648
3 1646 1647 1649
3 1650 1651 1652
3 1650 1653 1651
3 1653 1648 1651
3 1653 1645 1648
3 1652 1654 1655
3 1652 1651 1654
3 1651 1649 1654
3 1651 1648 1649
3 1650 1656 1653
3 1650 1657 1656
3 1657 1598 1656
3 1657 1599 1598
3 1653 1644 1645
3 1653 1656 1644
3 1656 1593 1644
3 1656 1598 1593
3 1650 1658 1657
3 1650 1659 1658
3 1659 1478 1658
3 1659 1475 1478
3 1657 1605 1599
3 1657 1658 1605
3 1658 1391 1605
3 1658 1478 1391
3 1650 1660 1659
3 1650 1652 1660
3 1652 1661 1660
3 1652 1655 1661
3 1659 1474 1475
3 1659 1660 1474
3 1660 1465 1474
3 1660 1661 1465
3 1662 1663 1664
3 1662 1665 1663
3 1665 1446 1663
3 1665 1441 1446
3 1664 1551 1552
3 1664 1663 1551
3 1663 1447 1551
3 1663 1446 1447
3 1662 1666 1665
3 1662 1667 1666
3 1667 1638 1666
3 1667 1639 1638
3 1665 1440 1441
3 1665 1666 1440
3 1666 1427 1440
3 1666 1638 1427
3 1662 1668 1667
3 1662 1669 1668
3 1669 1670 1668
3 1669 1671 1670
3 1667 1647 1639
3 1667 1668 1647
3 1668 1649 1647
3 1668 1670 1649
3 1662 1672 1669
3 1662 1664 1672
3 1664 1557 1672
3 1664 1552 1557
3 1669 1673 1671
3 1669 1672 1673
3 1672 1558 1673
3 1672 1557 1558
3 1674 1675 1676
3 1674 1677 1675
3 1677 1673 1675
3 1677 1671 1673
3 1676 1571 1572
3 1676 1675 1571
3 1675 1558 1571
3 1675 1673 1558
3 1674 1678 1677
3 1674 1679 1678
3 1679 1654 1678
3 1679 1655 1654
3 1677 1670 1671
3 1677 1678 1670
3 1678 1649 1670
3 1678 1654 1649
3 1674 1680 1679
3 1674 1681 1680
3 1681 1464 1680
3 1681 1459 1464
3 1679 1661 1655
3 1679 1680 1661
3 1680 1465 1661
3 1680 1464 1465
3 1674 1682 1681
3 1674 1676 1682
3 1676 1575 1682
3 1676 1572 1575
3 1681 1458 1459
3 1681 1682 1458
3 1682 1352 1458
3 1682 1575 1352
3 1683 1684 1685
3 1683 1686 1684
3 1686 1492 1684
3 1686 1487 1492
3 1685 1687 1688
3 1685 1684 1687
3 1684 1493 1687
3 1684 1492 1493
3 1683 1689 1686
3 1683 1690 1689
3 1690 1610 1689
3 1690 1611 1610
3 1686 1486 1487
3 1686 1689 1486
3 1689 1409 1486
3 1689 1610 1409
3 1683 1691 1690
3 1683 1692 1691
3 1692 1693 1691
3 1692 1694 1693
3 1690 1619 1611
3 1690 1691 1619
3 1691 1621 1619
3 1691 1693 1621
3 1683 1695 1692
3 1683 1685 1695
3 1685 1696 1695
3 1685 1688 1696
3 1692 1697 1694
3 1692 1695 1697
3 1695 1698 1697
3 1695 1696 1698
3 1699 1700 1701
3 1699 1702 1700
3 1702 1697 1700
3 1702 1694 1697
3 1701 1703 1704
3 1701 1700 1703
3 1700 1698 1703
3 1700 1697 1698
3 1699 1705 1702
3 1699 1706 1705
3 1706 1626 1705
3 1706 1627 1626
3 1702 1693 1694
3 1702 1705 1693
3 1705 1621 1693
3 1705 1626 1621
3 1699 1707 1706
3 1699 1708 1707
3 1708 1416 1707
3 1708 1417 1416
3 1706 1633 1627
3 1706 1707 1633
3 1707 1379 1633
3 1707 1416 1379
3 1699 1709 1708
3 1699 1701 1709
3 1701 1710 1709
3 1701 1704 1710
3 1708 1429 1417
3 1708 1709 1429
3 1709 1431 1429
3 1709 1710 1431
3 1711 1712 1713
3 1711 1714 1712
3 1714 1506 1712
3 1714 1503 1506
3 1713 1577 1568
3 1713 1712 1577
3 1712 1346 1577
3 1712 1506 1346
3 1711 1715 1714
3 1711 1716 1715
3 1716 1687 1715
3 1716 1688 1687
3 1714 1502 1503
3 1714 1715 1502
3 1715 1493 1502
3 1715 1687 1493
3 1711 1717 1716
3 1711 1718 1717
3 1718 1719 1717
3 1718 1720 1719
3 1716 1696 1688
3 1716 1717 1696
3 1717 1698 1696
3 1717 1719 1698
3 1711 1721 1718
3 1711 1713 1721
3 1713 1567 1721
3 1713 1568 1567
3 1718 1722 1720
3 1718 1721 1722
3 1721 1562 1722
3 1721 1567 1562
3 1723 1724 1725
3 1723 1726 1724
3 1726 1722 1724
3 1726 1720 1722
3 1725 1560 1548
3 1725 1724 1560
3 1724 1562 1560
3 1724 1722 1562
3 1723 1727 1726
3 1723 1728 1727
3 1728 1703 1727
3 1728 1704 1703
3 1726 1719 1720
3 1726 1727 1719
3 1727 1698 1719
3 1727 1703 1698
3 1723 1729 1728
3 1723 1730 1729
3 1730 1436 1729
3 1730 1437 1436
3 1728 1710 1704
3 1728 1729 1710
3 1729 1431 1710
3 1729 1436 1431
3 1723 1731 1730
3 1723 1725 1731
3 1725 1547 1731
3 1725 1548 1547
3 1730 1449 1437
3 1730 1731 1449
3 1731 1451 1449
3 1731 1547 1451
3 1732 1733 1734
3 1732 1735 1733
3 1735 1736 1733
3 1735 1737 1736
3 1734 1738 1739
3 1734 1733 1738
3 1733 1740 1738
3 1733 1736 1740
3 1732 1741 1735
3 1732 1742 1741
3 1742 1743 1741
3 1742 1744 1743
3 1735 1745 1737
3 1735 1741 1745
3 1741 1746 1745
3 1741 1743 1746
3 1732 1747 1742
3 1732 1748 1747
3 1748 1749 1747
3 1748 1750 1749
3 1742 1751 1744
3 1742 1747 1751
3 1747 1752 1751
3 1747 1749 1752
3 1732 1753 1748
3 1732 1734 1753
3 1734 1754 1753
3 1734 1739 1754
3 1748 1755 1750
3 1748 1753 1755
3 1753 1756 1755
3 1753 1754 1756
3 1757 1758 1759
3 1757 1760 1758
3 1760 1761 1758
3 1760 1762 1761
3 1759 1763 1764
3 1759 1758 1763
3 1758 1765 1763
3 1758 1761 1765
3 1757 1766 1760
3 1757 1767 1766
3 1767 1768 1766
3 1767 1769 1768
3 1760 1770 1762
3 1760 1766 1770
3 1766 1771 1770
3 1766 1768 1771
3 1757 1772 1767
3 1757 1773 1772
3 1773 1774 1772
3 1773 1775 1774
3 1767 1776 1769
3 1767 1772 1776
3 1772 1777 1776
3 1772 1774 1777
3 1757 1778 1773
3 1757 1759 1778
3 1759 1779 1778
3 1759 1764 1779
3 1773 1780 1775
3 1773 1778 1780
3 1778 1781 1780
3 1778 1779 1781
3 1782 1783 1784
3 1782 1785 1783
3 1785 1786 1783
3 1785 1787 1786
3 1784 1788 1789
3 1784 1783 1788
3 1783 1790 1788
3 1783 1786 1790
3 1782 1791 1785
3 1782 1792 1791
3 1792 1793 1791
3 1792 1794 1793
3 1785 1795 1787
3 1785 1791 1795
3 1791 1796 1795
3 1791 1793 1796
3 1782 1797 1792
3 1782 1798 1797
3 1798 1799 1797
3 1798 1800 1799
3 1792 1801 1794
3 1792 1797 1801
3 1797 1802 1801
3 1797 1799 1802
3 1782 1803 1798
3 1782 1784 1803
3 1784 1804 1803
3 1784 1789 1804
3 1798 1805 1800
3 1798 1803 1805
3 1803 1806 1805
3 1803 1804 1806
3 1807 1808 1809
3 1807 1810 1808
3 1810 1811 1808
3 1810 1812 1811
3 1809 1813 1814
3 1809 1808 1813
3 1808 1815 1813
3 1808 1811 1815
3 1807 1816 1810
3 1807 1817 1816
3 1817 1738 1816
3 1817 1739 1738
3 1810 1818 1812
3 1810 1816 1818
3 1816 1740 1818
3 1816 1738 1740
3 1807 1819 1817
3 1807 1820 1819
3 1820 1821 1819
3 1820 1822 1821
3 1817 1754 1739
3 1817 1819 1754
3 1819 1756 1754
3 1819 1821 1756
3 1807 1823 1820
3 1807 1809 1823
3 1809 1824 1823
3 1809 1814 1824
3 1820 1825 1822
3 1820 1823 1825
3 1823 1826 1825
3 1823 1824 1826
3 1827 1828 1829
3 1827 1830 1828
3 1830 1831 1828
3 1830 1832 1831
3 1829 1743 1744
3 1829 1828 1743
3 1828 1746 1743
3 1828 1831 1746
3 1827 1833 1830
3 1827 1834 1833
3 1834 1835 1833
3 1834 1836 1835
3 1830 1837 1832
3 1830 1833 1837
3 1833 1838 1837
3 1833 1835 1838
3 1827 1839 1834
3 1827 1840 1839
3 1840 1841 1839
3 1840 1842 1841
3 1834 1843 1836
3 1834 1839 1843
3 1839 1844 1843
3 1839 1841 1844
3 1827 1845 1840
3 1827 1829 1845
3 1829 1751 1845
3 1829 1744 1751
3 1840 1846 1842
3 1840 1845 1846
3 1845 1752 1846
3 1845 1751 1752
3 1847 1848 1849
3 1847 1850 1848
3 1850 1851 1848
3 1850 1852 1851
3 1849 1793 1794
3 1849 1848 1793
3 1848 1796 1793
3 1848 1851 1796
3 1847 1853 1850
3 1847 1854 1853
3 1854 1855 1853
3 1854 1856 1855
3 1850 1857 1852
3 1850 1853 1857
3 1853 1858 1857
3 1853 1855 1858
3 1847 1859 1854
3 1847 1860 1859
3 1860 1861 1859
3 1860 1862 1861
3 1854 1863 1856
3 1854 1859 1863
3 1859 1864 1863
3 1859 1861 1864
3 1847 1865 1860
3 1847 1849 1865
3 1849 1801 1865
3 1849 1794 1801
3 1860 1866 1862
3 1860 1865 1866
3 1865 1802 1866
3 1865 1801 1802
3 1867 1868 1869
3 1867 1870 1868
3 1870 1871 1868
3 1870 1872 1871
3 1869 1855 1856
3 1869 1868 1855
3 1868 1858 1855
3 1868 1871 1858
3 1867 1873 1870
3 1867 1874 1873
3 1874 1875 1873
3 1874 1876 1875
3 1870 1877 1872
3 1870 1873 1877
3 1873 1878 1877
3 1873 1875 1878
3 1867 1879 1874
3 1867 1880 1879
3 1880 1881 1879
3 1880 1882 1881
3 1874 1883 1876
3 1874 1879 1883
3 1879 1884 1883
3 1879 1881 1884
3 1867 1885 1880
3 1867 1869 1885
3 1869 1863 1885
3 1869 1856 1863
3 1880 1886 1882
3 1880 1885 1886
3 1885 1864 1886
3 1885 1863 1864
3 1887 1888 1889
3 1887 1890 1888
3 1890 1891 1888
3 1890 1892 1891
3 1889 1768 1769
3 1889 1888 1768
3 1888 1771 1768
3 1888 1891 1771
3 1887 1893 1890
3 1887 1894 1893
3 1894 1895 1893
3 1894 1896 1895
3 1890 1897 1892
3 1890 1893 1897
3 1893 1898 1897
3 1893 1895 1898
3 1887 1899 1894
3 1887 1900 1899
3 1900 1901 1899
3 1900 1902 1901
3 1894 1903 1896
3 1894 1899 1903
3 1899 1904 1903
3 1899 1901 1904
3 1887 1905 1900
3 1887 1889 1905
3 1889 1776 1905
3 1889 1769 1776
3 1900 1906 1902
3 1900 1905 1906
3 1905 1777 1906
3 1905 1776 1777
3 1907 1908 1909
3 1907 1910 1908
3 1910 1911 1908
3 1910 1912 1911
3 1909 1895 1896
3 1909 1908 1895
3 1908 1898 1895
3 1908 1911 1898
3 1907 1913 1910
3 1907 1914 1913
3 1914 1813 1913
3 1914 1814 1813
3 1910 1915 1912
3 1910 1913 1915
3 1913 1815 1915
3 1913 1813 1815
3 1907 1916 1914
3 1907 1917 1916
3 1917 1918 1916
3 1917 1919 1918
3 1914 1824 1814
3 1914 1916 1824
3 1916 1826 1824
3 1916 1918 1826
3 1907 1920 1917
3 1907 1909 1920
3 1909 1903 1920
3 1909 1896 1903
3 1917 1921 1919
3 1917 1920 1921
3 1920 1904 1921
3 1920 1903 1904
3 1922 1923 1924
3 1922 1925 1923
3 1925 1926 1923
3 1925 1927 1926
3 1924 1835 1836
3 1924 1923 1835
3 1923 1838 1835
3 1923 1926 1838
3 1922 1928 1925
3 1922 1929 1928
3 1929 1930 1928
3 1929 1931 1930
3 1925 1932 1927
3 1925 1928 1932
3 1928 1933 1932
3 1928 1930 1933
3 1922 1934 1929
3 1922 1935 1934
3 1935 1936 1934
3 1935 1937 1936
3 1929 1938 1931
3 1929 1934 1938
3 1934 1939 1938
3 1934 1936 1939
3 1922 1940 1935
3 1922 1924 1940
3 1924 1843 1940
3 1924 1836 1843
3 1935 1941 1937
3 1935 1940 1941
3 1940 1844 1941
3 1940 1843 1844
3 1942 1943 1944
3 1942 1945 1943
3 1945 1946 1943
3 1945 1947 1946
3 1944 1930 1931
3 1944 1943 1930
3 1943 1933 1930
3 1943 1946 1933
3 1942 1948 1945
3 1942 1949 1948
3 1949 1763 1948
3 1949 1764 1763
3 1945 1950 1947
3 1945 1948 1950
3 1948 1765 1950
3 1948 1763 1765
3 1942 1951 1949
3 1942 1952 1951
3 1952 1953 1951
3 1952 1954 1953
3 1949 1779 1764
3 1949 1951 1779
3 1951 1781 1779
3 1951 1953 1781
3 1942 1955 1952
3 1942 1944 1955
3 1944 1938 1955
3 1944 1931 1938
3 1952 1956 1954
3 1952 1955 1956
3 1955 1939 1956
3 1955 1938 1939
3 1957 1958 1959
3 1957 1960 1958
3 1960 1961 1958
3 1960 1962 1961
3 1959 1749 1750
3 1959 1958 1749
3 1958 1752 1749
3 1958 1961 1752
3 1957 1963 1960
3 1957 1964 1963
3 1964 1965 1963
3 1964 1966 1965
3 1960 1967 1962
3 1960 1963 1967
3 1963 1968 1967
3 1963 1965 1968
3 1957 1969 1964
3 1957 1970 1969
3 1970 1971 1969
3 1970 1972 1971
3 1964 1973 1966
3 1964 1969 1973
3 1969 1974 1973
3 1969 1971 1974
3 1957 1975 1970
3 1957 1959 1975
3 1959 1755 1975
3 1959 1750 1755
3 1970 1976 1972
3 1970 1975 1976
3 1975 1756 1976
3 1975 1755 1756
3 1977 1978 1979
3 1977 1980 1978
3 1980 1981 1978
3 1980 1982 1981
3 1979 1965 1966
3 1979 1978 1965
3 1978 1968 1965
3 1978 1981 1968
3 1977 1983 1980
3 1977 1984 1983
3 1984 1788 1983
3 1984 1789 1788
3 1980 1985 1982
3 1980 1983 1985
3 1983 1790 1985
3 1983 1788 1790
3 1977 1986 1984
3 1977 1987 1986
3 1987 1988 1986
3 1987 1989 1988
3 1984 1804 1789
3 1984 1986 1804
3 1986 1806 1804
3 1986 1988 1806
3 1977 1990 1987
3 1977 1979 1990
3 1979 1973 1990
3 1979 1966 1973
3 1987 1991 1989
3 1987 1990 1991
3 1990 1974 1991
3 1990 1973 1974
3 1992 1993 1994
3 1992 1995 1993
3 1995 1996 1993
3 1995 1997 1996
3 1994 1875 1876
3 1994 1993 1875
3 1993 1878 1875
3 1993 1996 1878
3 1992 1998 1995
3 1992 1999 1998
3 1999 2000 1998
3 1999 2001 2000
3 1995 2002 1997
3 1995 1998 2002
3 1998 2003 2002
3 1998 2000 2003
3 1992 2004 1999
3 1992 2005 2004
3 2005 2006 2004
3 2005 2007 2006
3 1999 2008 2001
3 1999 2004 2008
3 2004 2009 2008
3 2004 2006 2009
3 1992 2010 2005
3 1992 1994 2010
3 1994 1883 2010
3 1994 1876 1883
3 2005 2011 2007
3 2005 2010 2011
3 2010 1884 2011
3 2010 1883 1884
3 2012 2013 2014
3 2012 2015 2013
3 2015 2016 2013
3 2015 2017 2016
3 2014 2000 2001
3 2014 2013 2000
3 2013 2003 2000
3 2013 2016 2003
3 2012 2018 2015
3 2012 2019 2018
3 2019 1780 2018
3 2019 1775 1780
3 2015 2020 2017
3 2015 2018 2020
3 2018 1781 2020
3 2018 1780 1781
3 2012 2021 2019
3 2012 2022 2021
3 2022 2023 2021
3 2022 2024 2023
3 2019 1774 1775
3 2019 2021 1774
3 2021 1777 1774
3 2021 2023 1777
3 2012 2025 2022
3 2012 2014 2025
3 2014 2008 2025
3 2014 2001 2008
3 2022 2026 2024
3 2022 2025 2026
3 2025 2009 2026
3 2025 2008 2009
3 2027 2028 2029
3 2027 2030 2028
3 2030 2031 2028
3 2030 2032 2031
3 2029 1799 1800
3 2029 2028 1799
3 2028 1802 1799
3 2028 2031 1802
3 2027 2033 2030
3 2027 2034 2033
3 2034 2035 2033
3 2034 2036 2035
3 2030 2037 2032
3 2030 2033 2037
3 2033 2038 2037
3 2033 2035 2038
3 2027 2039 2034
3 2027 2040 2039
3 2040 1991 2039
3 2040 1989 1991
3 2034 2041 2036
3 2034 2039 2041
3 2039 1974 2041
3 2039 1991 1974
3 2027 2042 2040
3 2027 2029 2042
3 2029 1805 2042
3 2029 1800 1805
3 2040 1988 1989
3 2040 2042 1988
3 2042 1806 1988
3 2042 1805 1806
3 2043 2044 2045
3 2043 2046 2044
3 2046 2047 2044
3 2046 2048 2047
3 2045 2035 2036
3 2045 2044 2035
3 2044 2038 2035
3 2044 2047 2038
3 2043 2049 2046
3 2043 2050 2049
3 2050 1825 2049
3 2050 1822 1825
3 2046 2051 2048
3 2046 2049 2051
3 2049 1826 2051
3 2049 1825 1826
3 2043 2052 2050
3 2043 2053 2052
3 2053 1976 2052
3 2053 1972 1976
3 2050 1821 1822
3 2050 2052 1821
3 2052 1756 1821
3 2052 1976 1756
3 2043 2054 2053
3 2043 2045 2054
3 2045 2041 2054
3 2045 2036 2041
3 2053 1971 1972
3 2053 2054 1971
3 2054 1974 1971
3 2054 2041 1974
3 2055 2056 2057
3 2055 2058 2056
3 2058 2059 2056
3 2058 2060 2059
3 2057 1841 1842
3 2057 2056 1841
3 2056 1844 1841
3 2056 2059 1844
3 2055 2061 2058
3 2055 2062 2061
3 2062 2063 2061
3 2062 2064 2063
3 2058 2065 2060
3 2058 2061 2065
3 2061 2066 2065
3 2061 2063 2066
3 2055 2067 2062
3 2055 2068 2067
3 2068 1967 2067
3 2068 1962 1967
3 2062 2069 2064
3 2062 2067 2069
3 2067 1968 2069
3 2067 1967 1968
3 2055 2070 2068
3 2055 2057 2070
3 2057 1846 2070
3 2057 1842 1846
3 2068 1961 1962
3 2068 2070 1961
3 2070 1752 1961
3 2070 1846 1752
3 2071 2072 2073
3 2071 2074 2072
3 2074 2075 2072
3 2074 2076 2075
3 2073 2063 2064
3 2073 2072 2063
3 2072 2066 2063
3 2072 2075 2066
3 2071 2077 2074
3 2071 2078 2077
3 2078 1795 2077
3 2078 1787 1795
3 2074 2079 2076
3 2074 2077 2079
3 2077 1796 2079
3 2077 1795 1796
3 2071 2080 2078
3 2071 2081 2080
3 2081 1985 2080
3 2081 1982 1985
3 2078 1786 1787
3 2078 2080 1786
3 2080 1790 1786
3 2080 1985 1790
3 2071 2082 2081
3 2071 2073 2082
3 2073 2069 2082
3 2073 2064 2069
3 2081 1981 1982
3 2081 2082 1981
3 2082 1968 1981
3 2082 2069 1968
3 2083 2084 2085
3 2083 2086 2084
3 2086 2087 2084
3 2086 2088 2087
3 2085 1861 1862
3 2085 2084 1861
3 2084 1864 1861
3 2084 2087 1864
3 2083 2089 2086
3 2083 2090 2089
3 2090 2091 2089
3 2090 2092 2091
3 2086 2093 2088
3 2086 2089 2093
3 2089 2094 2093
3 2089 2091 2094
3 2083 2095 2090
3 2083 2096 2095
3 2096 2037 2095
3 2096 2032 2037
3 2090 2097 2092
3 2090 2095 2097
3 2095 2038 2097
3 2095 2037 2038
3 2083 2098 2096
3 2083 2085 2098
3 2085 1866 2098
3 2085 1862 1866
3 2096 2031 2032
3 2096 2098 2031
3 2098 1802 2031
3 2098 1866 1802
3 2099 2100 2101
3 2099 2102 2100
3 2102 2103 2100
3 2102 2104 2103
3 2101 2091 2092
3 2101 2100 2091
3 2100 2094 2091
3 2100 2103 2094
3 2099 2105 2102
3 2099 2106 2105
3 2106 1921 2105
3 2106 1919 1921
3 2102 2107 2104
3 2102 2105 2107
3 2105 1904 2107
3 2105 1921 1904
3 2099 2108 2106
3 2099 2109 2108
3 2109 2051 2108
3 2109 2048 2051
3 2106 1918 1919
3 2106 2108 1918
3 2108 1826 1918
3 2108 2051 1826
3 2099 2110 2109
3 2099 2101 2110
3 2101 2097 2110
3 2101 2092 2097
3 2109 2047 2048
3 2109 2110 2047
3 2110 2038 2047
3 2110 2097 2038
3 2111 2112 2113
3 2111 2114 2112
3 2114 2011 2112
3 2114 2007 2011
3 2113 1881 1882
3 2113 2112 1881
3 2112 1884 1881
3 2112 2011 1884
3 2111 2115 2114
3 2111 2116 2115
3 2116 2117 2115
3 2116 2118 2117
3 2114 2006 2007
3 2114 2115 2006
3 2115 2009 2006
3 2115 2117 2009
3 2111 2119 2116
3 2111 2120 2119
3 2120 2093 2119
3 2120 2088 2093
3 2116 2121 2118
3 2116 2119 2121
3 2119 2094 2121
3 2119 2093 2094
3 2111 2122 2120
3 2111 2113 2122
3 2113 1886 2122
3 2113 1882 1886
3 2120 2087 2088
3 2120 2122 2087
3 2122 1864 2087
3 2122 1886 1864
3 2123 2124 2125
3 2123 2126 2124
3 2126 2026 2124
3 2126 2024 2026
3 2125 2117 2118
3 2125 2124 2117
3 2124 2009 2117
3 2124 2026 2009
3 2123 2127 2126
3 2123 2128 2127
3 2128 1906 2127
3 2128 1902 1906
3 2126 2023 2024
3 2126 2127 2023
3 2127 1777 2023
3 2127 1906 1777
3 2123 2129 2128
3 2123 2130 2129
3 2130 2107 2129
3 2130 2104 2107
3 2128 1901 1902
3 2128 2129 1901
3 2129 1904 1901
3 2129 2107 1904
3 2123 2131 2130
3 2123 2125 2131
3 2125 2121 2131
3 2125 2118 2121
3 2130 2103 2104
3 2130 2131 2103
3 2131 2094 2103
3 2131 2121 2094
3 2132 2133 2134
3 2132 2135 2133
3 2135 2136 2133
3 2135 2137 2136
3 2134 1936 1937
3 2134 2133 1936
3 2133 1939 1936
3 2133 2136 1939
3 2132 2138 2135
3 2132 2139 2138
3 2139 2140 2138
3 2139 2141 2140
3 2135 2142 2137
3 2135 2138 2142
3 2138 2143 2142
3 2138 2140 2143
3 2132 2144 2139
3 2132 2145 2144
3 2145 2065 2144
3 2145 2060 2065
3 2139 2146 2141
3 2139 2144 2146
3 2144 2066 2146
3 2144 2065 2066
3 2132 2147 2145
3 2132 2134 2147
3 2134 1941 2147
3 2134 1937 1941
3 2145 2059 2060
3 2145 2147 2059
3 2147 1844 2059
3 2147 1941 1844
3 2148 2149 2150
3 2148 2151 2149
3 2151 2152 2149
3 2151 2153 2152
3 2150 2140 2141
3 2150 2149 2140
3 2149 2143 2140
3 2149 2152 2143
3 2148 2154 2151
3 2148 2155 2154
3 2155 1857 2154
3 2155 1852 1857
3 2151 2156 2153
3 2151 2154 2156
3 2154 1858 2156
3 2154 1857 1858
3 2148 2157 2155
3 2148 2158 2157
3 2158 2079 2157
3 2158 2076 2079
3 2155 1851 1852
3 2155 2157 1851
3 2157 1796 1851
3 2157 2079 1796
3 2148 2159 2158
3 2148 2150 2159
3 2150 2146 2159
3 2150 2141 2146
3 2158 2075 2076
3 2158 2159 2075
3 2159 2066 2075
3 2159 2146 2066
3 2160 2161 2162
3 2160 2163 2161
3 2163 2020 2161
3 2163 2017 2020
3 2162 1953 1954
3 2162 2161 1953
3 2161 1781 1953
3 2161 2020 1781
3 2160 2164 2163
3 2160 2165 2164
3 2165 2166 2164
3 2165 2167 2166
3 2163 2016 2017
3 2163 2164 2016
3 2164 2003 2016
3 2164 2166 2003
3 2160 2168 2165
3 2160 2169 2168
3 2169 2142 2168
3 2169 2137 2142
3 2165 2170 2167
3 2165 2168 2170
3 2168 2143 2170
3 2168 2142 2143
3 2160 2171 2169
3 2160 2162 2171
3 2162 1956 2171
3 2162 1954 1956
3 2169 2136 2137
3 2169 2171 2136
3 2171 1939 2136
3 2171 1956 1939
3 2172 2173 2174
3 2172 2175 2173
3 2175 2002 2173
3 2175 1997 2002
3 2174 2166 2167
3 2174 2173 2166
3 2173 2003 2166
3 2173 2002 2003
3 2172 2176 2175
3 2172 2177 2176
3 2177 1877 2176
3 2177 1872 1877
3 2175 1996 1997
3 2175 2176 1996
3 2176 1878 1996
3 2176 1877 1878
3 2172 2178 2177
3 2172 2179 2178
3 2179 2156 2178
3 2179 2153 2156
3 2177 1871 1872
3 2177 2178 1871
3 2178 1858 1871
3 2178 2156 1858
3 2172 2180 2179
3 2172 2174 2180
3 2174 2170 2180
3 2174 2167 2170
3 2179 2152 2153
3 2179 2180 2152
3 2180 2143 2152
3 2180 2170 2143
3 2181 2182 2183
3 2181 2184 2182
3 2184 2185 2182
3 2184 2186 2185
3 2183 1736 1737
3 2183 2182 1736
3 2182 1740 1736
3 2182 2185 1740
3 2181 2187 2184
3 2181 2188 2187
3 2188 2189 2187
3 2188 2190 2189
3 2184 2191 2186
3 2184 2187 2191
3 2187 2192 2191
3 2187 2189 2192
3 2181 2193 2188
3 2181 2194 2193
3 2194 2195 2193
3 2194 2196 2195
3 2188 2197 2190
3 2188 2193 2197
3 2193 2198 2197
3 2193 2195 2198
3 2181 2199 2194
3 2181 2183 2199
3 2183 1745 2199
3 2183 1737 1745
3 2194 2200 2196
3 2194 2199 2200
3 2199 1746 2200
3 2199 1745 1746
3 2201 2202 2203
3 2201 2204 2202
3 2204 2205 2202
3 2204 2206 2205
3 2203 1761 1762
3 2203 2202 1761
3 2202 1765 1761
3 2202 2205 1765
3 2201 2207 2204
3 2201 2208 2207
3 2208 2209 2207
3 2208 2210 2209
3 2204 2211 2206
3 2204 2207 2211
3 2207 2212 2211
3 2207 2209 2212
3 2201 2213 2208
3 2201 2214 2213
3 2214 2215 2213
3 2214 2216 2215
3 2208 2217 2210
3 2208 2213 2217
3 2213 2218 2217
3 2213 2215 2218
3 2201 2219 2214
3 2201 2203 2219
3 2203 1770 2219
3 2203 1762 1770
3 2214 2220 2216
3 2214 2219 2220
3 2219 1771 2220
3 2219 1770 1771
3 2221 2222 2223
3 2221 2224 2222
3 2224 2225 2222
3 2224 2226 2225
3 2223 2227 2228
3 2223 2222 2227
3 2222 2229 2227
3 2222 2225 2229
3 2221 2230 2224
3 2221 2231 2230
3 2231 2232 2230
3 2231 2233 2232
3 2224 2234 2226
3 2224 2230 2234
3 2230 2235 2234
3 2230 2232 2235
3 2221 2236 2231
3 2221 2237 2236
3 2237 2238 2236
3 2237 2239 2238
3 2231 2240 2233
3 2231 2236 2240
3 2236 2241 2240
3 2236 2238 2241
3 2221 2242 2237
3 2221 2223 2242
3 2223 2243 2242
3 2223 2228 2243
3 2237 2244 2239
3 2237 2242 2244
3 2242 2245 2244
3 2242 2243 2245
3 2246 2247 2248
3 2246 2249 2247
3 2249 2250 2247
3 2249 2251 2250
3 2248 1811 1812
3 2248 2247 1811
3 2247 1815 1811
3 2247 2250 1815
3 2246 2252 2249
3 2246 2253 2252
3 2253 2254 2252
3 2253 2255 2254
3 2249 2256 2251
3 2249 2252 2256
3 2252 2257 2256
3 2252 2254 2257
3 2246 2258 2253
3 2246 2259 2258
3 2259 2191 2258
3 2259 2186 2191
3 2253 2260 2255
3 2253 2258 2260
3 2258 2192 2260
3 2258 2191 2192
3 2246 2261 2259
3 2246 2248 2261
3 2248 1818 2261
3 2248 1812 1818
3 2259 2185 2186
3 2259 2261 2185
3 2261 1740 2185
3 2261 1818 1740
3 2262 2263 2264
3 2262 2265 2263
3 2265 2200 2263
3 2265 2196 2200
3 2264 1831 1832
3 2264 2263 1831
3 2263 1746 1831
3 2263 2200 1746
3 2262 2266 2265
3 2262 2267 2266
3 2267 2268 2266
3 2267 2269 2268
3 2265 2195 2196
3 2265 2266 2195
3 2266 2198 2195
3 2266 2268 2198
3 2262 2270 2267
3 2262 2271 2270
3 2271 2272 2270
3 2271 2273 2272
3 2267 2274 2269
3 2267 2270 2274
3 2270 2275 2274
3 2270 2272 2275
3 2262 2276 2271
3 2262 2264 2276
3 2264 1837 2276
3 2264 1832 1837
3 2271 2277 2273
3 2271 2276 2277
3 2276 1838 2277
3 2276 1837 1838
3 2278 2279 2280
3 2278 2281 2279
3 2281 2244 2279
3 2281 2239 2244
3 2280 2282 2283
3 2280 2279 2282
3 2279 2245 2282
3 2279 2244 2245
3 2278 2284 2281
3 2278 2285 2284
3 2285 2286 2284
3 2285 2287 2286
3 2281 2238 2239
3 2281 2284 2238
3 2284 2241 2238
3 2284 2286 2241
3 2278 2288 2285
3 2278 2289 2288
3 2289 2290 2288
3 2289 2291 2290
3 2285 2292 2287
3 2285 2288 2292
3 2288 2293 2292
3 2288 2290 2293
3 2278 2294 2289
3 2278 2280 2294
3 2280 2295 2294
3 2280 2283 2295
3 2289 2296 2291
3 2289 2294 2296
3 2294 2297 2296
3 2294 2295 2297
3 2298 2299 2300
3 2298 2301 2299
3 2301 2296 2299
3 2301 2291 2296
3 2300 2302 2303
3 2300 2299 2302
3 2299 2297 2302
3 2299 2296 2297
3 2298 2304 2301
3 2298 2305 2304
3 2305 2306 2304
3 2305 2307 2306
3 2301 2290 2291
3 2301 2304 2290
3 2304 2293 2290
3 2304 2306 2293
3 2298 2308 2305
3 2298 2309 2308
3 2309 2310 2308
3 2309 2311 2310
3 2305 2312 2307
3 2305 2308 2312
3 2308 2313 2312
3 2308 2310 2313
3 2298 2314 2309
3 2298 2300 2314
3 2300 2315 2314
3 2300 2303 2315
3 2309 2316 2311
3 2309 2314 2316
3 2314 2317 2316
3 2314 2315 2317
3 2318 2319 2320
3 2318 2321 2319
3 2321 2220 2319
3 2321 2216 2220
3 2320 1891 1892
3 2320 2319 1891
3 2319 1771 1891
3 2319 2220 1771
3 2318 2322 2321
3 2318 2323 2322
3 2323 2324 2322
3 2323 2325 2324
3 2321 2215 2216
3 2321 2322 2215
3 2322 2218 2215
3 2322 2324 2218
3 2318 2326 2323
3 2318 2327 2326
3 2327 2328 2326
3 2327 2329 2328
3 2323 2330 2325
3 2323 2326 2330
3 2326 2331 2330
3 2326 2328 2331
3 2318 2332 2327
3 2318 2320 2332
3 2320 1897 2332
3 2320 1892 1897
3 2327 2333 2329
3 2327 2332 2333
3 2332 1898 2333
3 2332 1897 1898
3 2334 2335 2336
3 2334 2337 2335
3 2337 2333 2335
3 2337 2329 2333
3 2336 1911 1912
3 2336 2335 1911
3 2335 1898 1911
3 2335 2333 1898
3 2334 2338 2337
3 2334 2339 2338
3 2339 2340 2338
3 2339 2341 2340
3 2337 2328 2329
3 2337 2338 2328
3 2338 2331 2328
3 2338 2340 2331
3 2334 2342 2339
3 2334 2343 2342
3 2343 2256 2342
3 2343 2251 2256
3 2339 2344 2341
3 2339 2342 2344
3 2342 2257 2344
3 2342 2256 2257
3 2334 2345 2343
3 2334 2336 2345
3 2336 1915 2345
3 2336 1912 1915
3 2343 2250 2251
3 2343 2345 2250
3 2345 1815 2250
3 2345 1915 1815
3 2346 2347 2348
3 2346 2349 2347
3 2349 2277 2347
3 2349 2273 2277
3 2348 1926 1927
3 2348 2347 1926
3 2347 1838 1926
3 2347 2277 1838
3 2346 2350 2349
3 2346 2351 2350
3 2351 2352 2350
3 2351 2353 2352
3 2349 2272 2273
3 2349 2350 2272
3 2350 2275 2272
3 2350 2352 2275
3 2346 2354 2351
3 2346 2355 2354
3 2355 2356 2354
3 2355 2357 2356
3 2351 2358 2353
3 2351 2354 2358
3 2354 2359 2358
3 2354 2356 2359
3 2346 2360 2355
3 2346 2348 2360
3 2348 1932 2360
3 2348 1927 1932
3 2355 2361 2357
3 2355 2360 2361
3 2360 1933 2361
3 2360 1932 1933
3 2362 2363 2364
3 2362 2365 2363
3 2365 2361 2363
3 2365 2357 2361
3 2364 1946 1947
3 2364 2363 1946
3 2363 1933 1946
3 2363 2361 1933
3 2362 2366 2365
3 2362 2367 2366
3 2367 2368 2366
3 2367 2369 2368
3 2365 2356 2357
3 2365 2366 2356
3 2366 2359 2356
3 2366 2368 2359
3 2362 2370 2367
3 2362 2371 2370
3 2371 2211 2370
3 2371 2206 2211
3 2367 2372 2369
3 2367 2370 2372
3 2370 2212 2372
3 2370 2211 2212
3 2362 2373 2371
3 2362 2364 2373
3 2364 1950 2373
3 2364 1947 1950
3 2371 2205 2206
3 2371 2373 2205
3 2373 1765 2205
3 2373 1950 1765
3 2374 2375 2376
3 2374 2377 2375
3 2377 2197 2375
3 2377 2190 2197
3 2376 2378 2379
3 2376 2375 2378
3 2375 2198 2378
3 2375 2197 2198
3 2374 2380 2377
3 2374 2381 2380
3 2381 2382 2380
3 2381 2383 2382
3 2377 2189 2190
3 2377 2380 2189
3 2380 2192 2189
3 2380 2382 2192
3 2374 2384 2381
3 2374 2385 2384
3 2385 2386 2384
3 2385 2387 2386
3 2381 2388 2383
3 2381 2384 2388
3 2384 2389 2388
3 2384 2386 2389
3 2374 2390 2385
3 2374 2376 2390
3 2376 2391 2390
3 2376 2379 2391
3 2385 2392 2387
3 2385 2390 2392
3 2390 2393 2392
3 2390 2391 2393
3 2394 2395 2396
3 2394 2397 2395
3 2397 2392 2395
3 2397 2387 2392
3 2396 2398 2399
3 2396 2395 2398
3 2395 2393 2398
3 2395 2392 2393
3 2394 2400 2397
3 2394 2401 2400
3 2401 2402 2400
3 2401 2403 2402
3 2397 2386 2387
3 2397 2400 2386
3 2400 2389 2386
3 2400 2402 2389
3 2394 2404 2401
3 2394 2405 2404
3 2405 2234 2404
3 2405 2226 2234
3 2401 2406 2403
3 2401 2404 2406
3 2404 2235 2406
3 2404 2234 2235
3 2394 2407 2405
3 2394 2396 2407
3 2396 2408 2407
3 2396 2399 2408
3 2405 2225 2226
3 2405 2407 2225
3 2407 2229 2225
3 2407 2408 2229
3 2409 2410 2411
3 2409 2412 2410
3 2412 2316 2410
3 2412 2311 2316
3 2411 2413 2414
3 2411 2410 2413
3 2410 2317 2413
3 2410 2316 2317
3 2409 2415 2412
3 2409 2416 2415
3 2416 2417 2415
3 2416 2418 2417
3 2412 2310 2311
3 2412 2415 2310
3 2415 2313 2310
3 2415 2417 2313
3 2409 2419 2416
3 2409 2420 2419
3 2420 2421 2419
3 2420 2422 2421
3 2416 2423 2418
3 2416 2419 2423
3 2419 2424 2423
3 2419 2421 2424
3 2409 2425 2420
3 2409 2411 2425
3 2411 2426 2425
3 2411 2414 2426
3 2420 2427 2422
3 2420 2425 2427
3 2425 2428 2427
3 2425 2426 2428
3 2429 2430 2431
3 2429 2432 2430
3 2432 2427 2430
3 2432 2422 2427
3 2431 2433 2434
3 2431 2430 2433
3 2430 2428 2433
3 2430 2427 2428
3 2429 2435 2432
3 2429 2436 2435
3 2436 2437 2435
3 2436 2438 2437
3 2432 2421 2422
3 2432 2435 2421
3 2435 2424 2421
3 2435 2437 2424
3 2429 2439 2436
3 2429 2440 2439
3 2440 2217 2439
3 2440 2210 2217
3 2436 2441 2438
3 2436 2439 2441
3 2439 2218 2441
3 2439 2217 2218
3 2429 2442 2440
3 2429 2431 2442
3 2431 2443 2442
3 2431 2434 2443
3 2440 2209 2210
3 2440 2442 2209
3 2442 2212 2209
3 2442 2443 2212
3 2444 2445 2446
3 2444 2447 2445
3 2447 2240 2445
3 2447 2233 2240
3 2446 2448 2449
3 2446 2445 2448
3 2445 2241 2448
3 2445 2240 2241
3 2444 2450 2447
3 2444 2451 2450
3 2451 2406 2450
3 2451 2403 2406
3 2447 2232 2233
3 2447 2450 2232
3 2450 2235 2232
3 2450 2406 2235
3 2444 2452 2451
3 2444 2453 2452
3 2453 2454 2452
3 2453 2455 2454
3 2451 2402 2403
3 2451 2452 2402
3 2452 2389 2402
3 2452 2454 2389
3 2444 2456 2453
3 2444 2446 2456
3 2446 2457 2456
3 2446 2449 2457
3 2453 2458 2455
3 2453 2456 2458
3 2456 2459 2458
3 2456 2457 2459
3 2460 2461 2462
3 2460 2463 2461
3 2463 2458 2461
3 2463 2455 2458
3 2462 2464 2465
3 2462 2461 2464
3 2461 2459 2464
3 2461 2458 2459
3 2460 2466 2463
3 2460 2467 2466
3 2467 2388 2466
3 2467 2383 2388
3 2463 2454 2455
3 2463 2466 2454
3 2466 2389 2454
3 2466 2388 2389
3 2460 2468 2467
3 2460 2469 2468
3 2469 2260 2468
3 2469 2255 2260
3 2467 2382 2383
3 2467 2468 2382
3 2468 2192 2382
3 2468 2260 2192
3 2460 2470 2469
3 2460 2462 2470
3 2462 2471 2470
3 2462 2465 2471
3 2469 2254 2255
3 2469 2470 2254
3 2470 2257 2254
3 2470 2471 2257
3 2472 2473 2474
3 2472 2475 2473
3 2475 2274 2473
3 2475 2269 2274
3 2474 2476 2477
3 2474 2473 2476
3 2473 2275 2476
3 2473 2274 2275
3 2472 2478 2475
3 2472 2479 2478
3 2479 2378 2478
3 2479 2379 2378
3 2475 2268 2269
3 2475 2478 2268
3 2478 2198 2268
3 2478 2378 2198
3 2472 2480 2479
3 2472 2481 2480
3 2481 2482 2480
3 2481 2483 2482
3 2479 2391 2379
3 2479 2480 2391
3 2480 2393 2391
3 2480 2482 2393
3 2472 2484 2481
3 2472 2474 2484
3 2474 2485 2484
3 2474 2477 2485
3 2481 2486 2483
3 2481 2484 2486
3 2484 2487 2486
3 2484 2485 2487
3 2488 2489 2490
3 2488 2491 2489
3 2491 2486 2489
3 2491 2483 2486
3 2490 2492 2493
3 2490 2489 2492
3 2489 2487 2492
3 2489 2486 2487
3 2488 2494 2491
3 2488 2495 2494
3 2495 2398 2494
3 2495 2399 2398
3 2491 2482 2483
3 2491 2494 2482
3 2494 2393 2482
3 2494 2398 2393
3 2488 2496 2495
3 2488 2497 2496
3 2497 2227 2496
3 2497 2228 2227
3 2495 2408 2399
3 2495 2496 2408
3 2496 2229 2408
3 2496 2227 2229
3 2488 2498 2497
3 2488 2490 2498
3 2490 2499 2498
3 2490 2493 2499
3 2497 2243 2228
3 2497 2498 2243
3 2498 2245 2243
3 2498 2499 2245
3 2500 2501 2502
3 2500 2503 2501
3 2503 2292 2501
3 2503 2287 2292
3 2502 2504 2505
3 2502 2501 2504
3 2501 2293 2504
3 2501 2292 2293
3 2500 2506 2503
3 2500 2507 2506
3 2507 2448 2506
3 2507 2449 2448
3 2503 2286 2287
3 2503 2506 2286
3 2506 2241 2286
3 2506 2448 2241
3 2500 2508 2507
3 2500 2509 2508
3 2509 2510 2508
3 2509 2511 2510
3 2507 2457 2449
3 2507 2508 2457
3 2508 2459 2457
3 2508 2510 2459
3 2500 2512 2509
3 2500 2502 2512
3 2502 2513 2512
3 2502 2505 2513
3 2509 2514 2511
3 2509 2512 2514
3 2512 2515 2514
3 2512 2513 2515
3 2516 2517 2518
3 2516 2519 2517
3 2519 2514 2517
3 2519 2511 2514
3 2518 2520 2521
3 2518 2517 2520
3 2517 2515 2520
3 2517 2514 2515
3 2516 2522 2519
3 2516 2523 2522
3 2523 2464 2522
3 2523 2465 2464
3 2519 2510 2511
3 2519 2522 2510
3 2522 2459 2510
3 2522 2464 2459
3 2516 2524 2523
3 2516 2525 2524
3 2525 2344 2524
3 2525 2341 2344
3 2523 2471 2465
3 2523 2524 2471
3 2524 2257 2471
3 2524 2344 2257
3 2516 2526 2525
3 2516 2518 2526
3 2518 2527 2526
3 2518 2521 2527
3 2525 2340 2341
3 2525 2526 2340
3 2526 2331 2340
3 2526 2527 2331
3 2528 2529 2530
3 2528 2531 2529
3 2531 2312 2529
3 2531 2307 2312
3 2530 2417 2418
3 2530 2529 2417
3 2529 2313 2417
3 2529 2312 2313
3 2528 2532 2531
3 2528 2533 2532
3 2533 2504 2532
3 2533 2505 2504
3 2531 2306 2307
3 2531 2532 2306
3 2532 2293 2306
3 2532 2504 2293
3 2528 2534 2533
3 2528 2535 2534
3 2535 2536 2534
3 2535 2537 2536
3 2533 2513 2505
3 2533 2534 2513
3 2534 2515 2513
3 2534 2536 2515
3 2528 2538 2535
3 2528 2530 2538
3 2530 2423 2538
3 2530 2418 2423
3 2535 2539 2537
3 2535 2538 2539
3 2538 2424 2539
3 2538 2423 2424
3 2540 2541 2542
3 2540 2543 2541
3 2543 2539 2541
3 2543 2537 2539
3 2542 2437 2438
3 2542 2541 2437
3 2541 2424 2437
3 2541 2539 2424
3 2540 2544 2543
3 2540 2545 2544
3 2545 2520 2544
3 2545 2521 2520
3 2543 2536 2537
3 2543 2544 2536
3 2544 2515 2536
3 2544 2520 2515
3 2540 2546 2545
3 2540 2547 2546
3 2547 2330 2546
3 2547 2325 2330
3 2545 2527 2521
3 2545 2546 2527
3 2546 2331 2527
3 2546 2330 2331
3 2540 2548 2547
3 2540 2542 2548
3 2542 2441 2548
3 2542 2438 2441
3 2547 2324 2325
3 2547 2548 2324
3 2548 2218 2324
3 2548 2441 2218
3 2549 2550 2551
3 2549 2552 2550
3 2552 2358 2550
3 2552 2353 2358
3 2551 2553 2554
3 2551 2550 2553
3 2550 2359 2553
3 2550 2358 2359
3 2549 2555 2552
3 2549 2556 2555
3 2556 2476 2555
3 2556 2477 2476
3 2552 2352 2353
3 2552 2555 2352
3 2555 2275 2352
3 2555 2476 2275
3 2549 2557 2556
3 2549 2558 2557
3 2558 2559 2557
3 2558 2560 2559
3 2556 2485 2477
3 2556 2557 2485
3 2557 2487 2485
3 2557 2559 2487
3 2549 2561 2558
3 2549 2551 2561
3 2551 2562 2561
3 2551 2554 2562
3 2558 2563 2560
3 2558 2561 2563
3 2561 2564 2563
3 2561 2562 2564
3 2565 2566 2567
3 2565 2568 2566
3 2568 2563 2566
3 2568 2560 2563
3 2567 2569 2570
3 2567 2566 2569
3 2566 2564 2569
3 2566 2563 2564
3 2565 2571 2568
3 2565 2572 2571
3 2572 2492 2571
3 2572 2493 2492
3 2568 2559 2560
3 2568 2571 2559
3 2571 2487 2559
3 2571 2492 2487
3 2565 2573 2572
3 2565 2574 2573
3 2574 2282 2573
3 2574 2283 2282
3 2572 2499 2493
3 2572 2573 2499
3 2573 2245 2499
3 2573 2282 2245
3 2565 2575 2574
3 2565 2567 2575
3 2567 2576 2575
3 2567 2570 2576
3 2574 2295 2283
3 2574 2575 2295
3 2575 2297 2295
3 2575 2576 2297
3 2577 2578 2579
3 2577 2580 2578
3 2580 2372 2578
3 2580 2369 2372
3 2579 2443 2434
3 2579 2578 2443
3 2578 2212 2443
3 2578 2372 2212
3 2577 2581 2580
3 2577 2582 2581
3 2582 2553 2581
3 2582 2554 2553
3 2580 2368 2369
3 2580 2581 2368
3 2581 2359 2368
3 2581 2553 2359
3 2577 2583 2582
3 2577 2584 2583
3 2584 2585 2583
3 2584 2586 2585
3 2582 2562 2554
3 2582 2583 2562
3 2583 2564 2562
3 2583 2585 2564
3 2577 2587 2584
3 2577 2579 2587
3 2579 2433 2587
3 2579 2434 2433
3 2584 2588 2586
3 2584 2587 2588
3 2587 2428 2588
3 2587 2433 2428
3 2589 2590 2591
3 2589 2592 2590
3 2592 2588 2590
3 2592 2586 2588
3 2591 2426 2414
3 2591 2590 2426
3 2590 2428 2426
3 2590 2588 2428
3 2589 2593 2592
3 2589 2594 2593
3 2594 2569 2593
3 2594 2570 2569
3 2592 2585 2586
3 2592 2593 2585
3 2593 2564 2585
3 2593 2569 2564
3 2589 2595 2594
3 2589 2596 2595
3 2596 2302 2595
3 2596 2303 2302
3 2594 2576 2570
3 2594 2595 2576
3 2595 2297 2576
3 2595 2302 2297
3 2589 2597 2596
3 2589 2591 2597
3 2591 2413 2597
3 2591 2414 2413
3 2596 2315 2303
3 2596 2597 2315
3 2597 2317 2315
3 2597 2413 2317
3 2598 2599 2600
3 2598 2601 2599
3 2601 2602 2599
3 2601 2603 2602
3 2600 2604 2605
3 2600 2599 2604
3 2599 2606 2604
3 2599 2602 2606
3 2598 2607 2601
3 2598 2608 2607
3 2608 2609 2607
3 2608 2610 2609
3 2601 2611 2603
3 2601 2607 2611
3 2607 2612 2611
3 2607 2609 2612
3 2598 2613 2608
3 2598 2614 2613
3 2614 2615 2613
3 2614 2616 2615
3 2608 2617 2610
3 2608 2613 2617
3 2613 2618 2617
3 2613 2615 2618
3 2598 2619 2614
3 2598 2600 2619
3 2600 2620 2619
3 2600 2605 2620
3 2614 2621 2616
3 2614 2619 2621
3 2619 2622 2621
3 2619 2620 2622
3 2623 2624 2625
3 2623 2626 2624
3 2626 2627 2624
3 2626 2628 2627
3 2625 2629 2630
3 2625 2624 2629
3 2624 2631 2629
3 2624 2627 2631
3 2623 2632 2626
3 2623 2633 2632
3 2633 2634 2632
3 2633 2635 2634
3 2626 2636 2628
3 2626 2632 2636
3 2632 2637 2636
3 2632 2634 2637
3 2623 2638 2633
3 2623 2639 2638
3 2639 2640 2638
3 2639 2641 2640
3 2633 2642 2635
3 2633 2638 2642
3 2638 2643 2642
3 2638 2640 2643
3 2623 2644 2639
3 2623 2625 2644
3 2625 2645 2644
3 2625 2630 2645
3 2639 2646 2641
3 2639 2644 2646
3 2644 2647 2646
3 2644 2645 2647
3 2648 2649 2650
3 2648 2651 2649
3 2651 2652 2649
3 2651 2653 2652
3 2650 2654 2655
3 2650 2649 2654
3 2649 2656 2654
3 2649 2652 2656
3 2648 2657 2651
3 2648 2658 2657
3 2658 2659 2657
3 2658 2660 2659
3 2651 2661 2653
3 2651 2657 2661
3 2657 2662 2661
3 2657 2659 2662
3 2648 2663 2658
3 2648 2664 2663
3 2664 2665 2663
3 2664 2666 2665
3 2658 2667 2660
3 2658 2663 2667
3 2663 2668 2667
3 2663 2665 2668
3 2648 2669 2664
3 2648 2650 2669
3 2650 2670 2669
3 2650 2655 2670
3 2664 2671 2666
3 2664 2669 2671
3 2669 2672 2671
3 2669 2670 2672
3 2673 2674 2675
3 2673 2676 2674
3 2676 2677 2674
3 2676 2678 2677
3 2675 2679 2680
3 2675 2674 2679
3 2674 2681 2679
3 2674 2677 2681
3 2673 2682 2676
3 2673 2683 2682
3 2683 2604 2682
3 2683 2605 2604
3 2676 2684 2678
3 2676 2682 2684
3 2682 2606 2684
3 2682 2604 2606
3 2673 2685 2683
3 2673 2686 2685
3 2686 2687 2685
3 2686 2688 2687
3 2683 2620 2605
3 2683 2685 2620
3 2685 2622 2620
3 2685 2687 2622
3 2673 2689 2686
3 2673 2675 2689
3 2675 2690 2689
3 2675 2680 2690
3 2686 2691 2688
3 2686 2689 2691
3 2689 2692 2691
3 2689 2690 2692
3 2693 2694 2695
3 2693 2696 2694
3 2696 2697 2694
3 2696 2698 2697
3 2695 2609 2610
3 2695 2694 2609
3 2694 2612 2609
3 2694 2697 2612
3 2693 2699 2696
3 2693 2700 2699
3 2700 2701 2699
3 2700 2702 2701
3 2696 2703 2698
3 2696 2699 2703
3 2699 2704 2703
3 2699 2701 2704
3 2693 2705 2700
3 2693 2706 2705
3 2706 2707 2705
3 2706 2708 2707
3 2700 2709 2702
3 2700 2705 2709
3 2705 2710 2709
3 2705 2707 2710
3 2693 2711 2706
3 2693 2695 2711
3 2695 2617 2711
3 2695 2610 2617
3 2706 2712 2708
3 2706 2711 2712
3 2711 2618 2712
3 2711 2617 2618
3 2713 2714 2715
3 2713 2716 2714
3 2716 2717 2714
3 2716 2718 2717
3 2715 2659 2660
3 2715 2714 2659
3 2714 2662 2659
3 2714 2717 2662
3 2713 2719 2716
3 2713 2720 2719
3 2720 2721 2719
3 2720 2722 2721
3 2716 2723 2718
3 2716 2719 2723
3 2719 2724 2723
3 2719 2721 2724
3 2713 2725 2720
3 2713 2726 2725
3 2726 2727 2725
3 2726 2728 2727
3 2720 2729 2722
3 2720 2725 2729
3 2725 2730 2729
3 2725 2727 2730
3 2713 2731 2726
3 2713 2715 2731
3 2715 2667 2731
3 2715 2660 2667
3 2726 2732 2728
3 2726 2731 2732
3 2731 2668 2732
3 2731 2667 2668
3 2733 2734 2735
3 2733 2736 2734
3 2736 2737 2734
3 2736 2738 2737
3 2735 2721 2722
3 2735 2734 2721
3 2734 2724 2721
3 2734 2737 2724
3 2733 2739 2736
3 2733 2740 2739
3 2740 2741 2739
3 2740 2742 2741
3 2736 2743 2738
3 2736 2739 2743
3 2739 2744 2743
3 2739 2741 2744
3 2733 2745 2740
3 2733 2746 2745
3 2746 2747 2745
3 2746 2748 2747
3 2740 2749 2742
3 2740 2745 2749
3 2745 2750 2749
3 2745 2747 2750
3 2733 2751 2746
3 2733 2735 2751
3 2735 2729 2751
3 2735 2722 2729
3 2746 2752 2748
3 2746 2751 2752
3 2751 2730 2752
3 2751 2729 2730
3 2753 2754 2755
3 2753 2756 2754
3 2756 2757 2754
3 2756 2758 2757
3 2755 2634 2635
3 2755 2754 2634
3 2754 2637 2634
3 2754 2757 2637
3 2753 2759 2756
3 2753 2760 2759
3 2760 2761 2759
3 2760 2762 2761
3 2756 2763 2758
3 2756 2759 2763
3 2759 2764 2763
3 2759 2761 2764
3 2753 2765 2760
3 2753 2766 2765
3 2766 2767 2765
3 2766 2768 2767
3 2760 2769 2762
3 2760 2765 2769
3 2765 2770 2769
3 2765 2767 2770
3 2753 2771 2766
3 2753 2755 2771
3 2755 2642 2771
3 2755 2635 2642
3 2766 2772 2768
3 2766 2771 2772
3 2771 2643 2772
3 2771 2642 2643
3 2773 2774 2775
3 2773 2776 2774
3 2776 2777 2774
3 2776 2778 2777
3 2775 2761 2762
3 2775 2774 2761
3 2774 2764 2761
3 2774 2777 2764
3 2773 2779 2776
3 2773 2780 2779
3 2780 2679 2779
3 2780 2680 2679
3 2776 2781 2778
3 2776 2779 2781
3 2779 2681 2781
3 2779 2679 2681
3 2773 2782 2780
3 2773 2783 2782
3 2783 2784 2782
3 2783 2785 2784
3 2780 2690 2680
3 2780 2782 2690
3 2782 2692 2690
3 2782 2784 2692
3 2773 2786 2783
3 2773 2775 2786
3 2775 2769 2786
3 2775 2762 2769
3 2783 2787 2785
3 2783 2786 2787
3 2786 2770 2787
3 2786 2769 2770
3 2788 2789 2790
3 2788 2791 2789
3 2791 2792 2789
3 2791 2793 2792
3 2790 2701 2702
3 2790 2789 2701
3 2789 2704 2701
3 2789 2792 2704
3 2788 2794 2791
3 2788 2795 2794
3 2795 2796 2794
3 2795 2797 2796
3 2791 2798 2793
3 2791 2794 2798
3 2794 2799 2798
3 2794 2796 2799
3 2788 2800 2795
3 2788 2801 2800
3 2801 2802 2800
3 2801 2803 2802
3 2795 2804 2797
3 2795 2800 2804
3 2800 2805 2804
3 2800 2802 2805
3 2788 2806 2801
3 2788 2790 2806
3 2790 2709 2806
3 2790 2702 2709
3 2801 2807 2803
3 2801 2806 2807
3 2806 2710 2807
3 2806 2709 2710
3 2808 2809 2810
3 2808 2811 2809
3 2811 2812 2809
3 2811 2813 2812
3 2810 2796 2797
3 2810 2809 2796
3 2809 2799 2796
3 2809 2812 2799
3 2808 2814 2811
3 2808 2815 2814
3 2815 2629 2814
3 2815 2630 2629
3 2811 2816 2813
3 2811 2814 2816
3 2814 2631 2816
3 2814 2629 2631
3 2808 2817 2815
3 2808 2818 2817
3 2818 2819 2817
3 2818 2820 2819
3 2815 2645 2630
3 2815 2817 2645
3 2817 2647 2645
3 2817 2819 2647
3 2808 2821 2818
3 2808 2810 2821
3 2810 2804 2821
3 2810 2797 2804
3 2818 2822 2820
3 2818 2821 2822
3 2821 2805 2822
3 2821 2804 2805
3 2823 2824 2825
3 2823 2826 2824
3 2826 2827 2824
3 2826 2828 2827
3 2825 2615 2616
3 2825 2824 2615
3 2824 2618 2615
3 2824 2827 2618
3 2823 2829 2826
3 2823 2830 2829
3 2830 2831 2829
3 2830 2832 2831
3 2826 2833 2828
3 2826 2829 2833
3 2829 2834 2833
3 2829 2831 2834
3 2823 2835 2830
3 2823 2836 2835
3 2836 2837 2835
3 2836 2838 2837
3 2830 2839 2832
3 2830 2835 2839
3 2835 2840 2839
3 2835 2837 2840
3 2823 2841 2836
3 2823 2825 2841
3 2825 2621 2841
3 2825 2616 2621
3 2836 2842 2838
3 2836 2841 2842
3 2841 2622 2842
3 2841 2621 2622
3 2843 2844 2845
3 2843 2846 2844
3 2846 2847 2844
3 2846 2848 2847
3 2845 2831 2832
3 2845 2844 2831
3 2844 2834 2831
3 2844 2847 2834
3 2843 2849 2846
3 2843 2850 2849
3 2850 2654 2849
3 2850 2655 2654
3 2846 2851 2848
3 2846 2849 2851
3 2849 2656 2851
3 2849 2654 2656
3 2843 2852 2850
3 2843 2853 2852
3 2853 2854 2852
3 2853 2855 2854
3 2850 2670 2655
3 2850 2852 2670
3 2852 2672 2670
3 2852 2854 2672
3 2843 2856 2853
3 2843 2845 2856
3 2845 2839 2856
3 2845 2832 2839
3 2853 2857 2855
3 2853 2856 2857
3 2856 2840 2857
3 2856 2839 2840
3 2858 2859 2860
3 2858 2861 2859
3 2861 2862 2859
3 2861 2863 2862
3 2860 2741 2742
3 2860 2859 2741
3 2859 2744 2741
3 2859 2862 2744
3 2858 2864 2861
3 2858 2865 2864
3 2865 2866 2864
3 2865 2867 2866
3 2861 2868 2863
3 2861 2864 2868
3 2864 2869 2868
3 2864 2866 2869
3 2858 2870 2865
3 2858 2871 2870
3 2871 2872 2870
3 2871 2873 2872
3 2865 2874 2867
3 2865 2870 2874
3 2870 2875 2874
3 2870 2872 2875
3 2858 2876 2871
3 2858 2860 2876
3 2860 2749 2876
3 2860 2742 2749
3 2871 2877 2873
3 2871 2876 2877
3 2876 2750 2877
3 2876 2749 2750
3 2878 2879 2880
3 2878 2881 2879
3 2881 2882 2879
3 2881 2883 2882
3 2880 2866 2867
3 2880 2879 2866
3 2879 2869 2866
3 2879 2882 2869
3 2878 2884 2881
3 2878 2885 2884
3 2885 2646 2884
3 2885 2641 2646
3 2881 2886 2883
3 2881 2884 2886
3 2884 2647 2886
3 2884 2646 2647
3 2878 2887 2885
3 2878 2888 2887
3 2888 2889 2887
3 2888 2890 2889
3 2885 2640 2641
3 2885 2887 2640
3 2887 2643 2640
3 2887 2889 2643
3 2878 2891 2888
3 2878 2880 2891
3 2880 2874 2891
3 2880 2867 2874
3 2888 2892 2890
3 2888 2891 2892
3 2891 2875 2892
3 2891 2874 2875
3 2893 2894 2895
3 2893 2896 2894
3 2896 2897 2894
3 2896 2898 2897
3 2895 2665 2666
3 2895 2894 2665
3 2894 2668 2665
3 2894 2897 2668
3 2893 2899 2896
3 2893 2900 2899
3 2900 2901 2899
3 2900 2902 2901
3 2896 2903 2898
3 2896 2899 2903
3 2899 2904 2903
3 2899 2901 2904
3 2893 2905 2900
3 2893 2906 2905
3 2906 2857 2905
3 2906 2855 2857
3 2900 2907 2902
3 2900 2905 2907
3 2905 2840 2907
3 2905 2857 2840
3 2893 2908 2906
3 2893 2895 2908
3 2895 2671 2908
3 2895 2666 2671
3 2906 2854 2855
3 2906 2908 2854
3 2908 2672 2854
3 2908 2671 2672
3 2909 2910 2911
3 2909 2912 2910
3 2912 2913 2910
3 2912 2914 2913
3 2911 2901 2902
3 2911 2910 2901
3 2910 2904 2901
3 2910 2913 2904
3 2909 2915 2912
3 2909 2916 2915
3 2916 2691 2915
3 2916 2688 2691
3 2912 2917 2914
3 2912 2915 2917
3 2915 2692 2917
3 2915 2691 2692
3 2909 2918 2916
3 2909 2919 2918
3 2919 2842 2918
3 2919 2838 2842
3 2916 2687 2688
3 2916 2918 2687
3 2918 2622 2687
3 2918 2842 2622
3 2909 2920 2919
3 2909 2911 2920
3 2911 2907 2920
3 2911 2902 2907
3 2919 2837 2838
3 2919 2920 2837
3 2920 2840 2837
3 2920 2907 2840
3 2921 2922 2923
3 2921 2924 2922
3 2924 2925 2922
3 2924 2926 2925
3 2923 2707 2708
3 2923 2922 2707
3 2922 2710 2707
3 2922 2925 2710
3 2921 2927 2924
3 2921 2928 2927
3 2928 2929 2927
3 2928 2930 2929
3 2924 2931 2926
3 2924 2927 2931
3 2927 2932 2931
3 2927 2929 2932
3 2921 2933 2928
3 2921 2934 2933
3 2934 2833 2933
3 2934 2828 2833
3 2928 2935 2930
3 2928 2933 2935
3 2933 2834 2935
3 2933 2833 2834
3 2921 2936 2934
3 2921 2923 2936
3 2923 2712 2936
3 2923 2708 2712
3 2934 2827 2828
3 2934 2936 2827
3 2936 2618 2827
3 2936 2712 2618
3 2937 2938 2939
3 2937 2940 2938
3 2940 2941 2938
3 2940 2942 2941
3 2939 2929 2930
3 2939 2938 2929
3 2938 2932 2929
3 2938 2941 2932
3 2937 2943 2940
3 2937 2944 2943
3 2944 2661 2943
3 2944 2653 2661
3 2940 2945 2942
3 2940 2943 2945
3 2943 2662 2945
3 2943 2661 2662
3 2937 2946 2944
3 2937 2947 2946
3 2947 2851 2946
3 2947 2848 2851
3 2944 2652 2653
3 2944 2946 2652
3 2946 2656 2652
3 2946 2851 2656
3 2937 2948 2947
3 2937 2939 2948
3 2939 2935 2948
3 2939 2930 2935
3 2947 2847 2848
3 2947 2948 2847
3 2948 2834 2847
3 2948 2935 2834
3 2949 2950 2951
3 2949 2952 2950
3 2952 2953 2950
3 2952 2954 2953
3 2951 2727 2728
3 2951 2950 2727
3 2950 2730 2727
3 2950 2953 2730
3 2949 2955 2952
3 2949 2956 2955
3 2956 2957 2955
3 2956 2958 2957
3 2952 2959 2954
3 2952 2955 2959
3 2955 2960 2959
3 2955 2957 2960
3 2949 2961 2956
3 2949 2962 2961
3 2962 2903 2961
3 2962 2898 2903
3 2956 2963 2958
3 2956 2961 2963
3 2961 2904 2963
3 2961 2903 2904
3 2949 2964 2962
3 2949 2951 2964
3 2951 2732 2964
3 2951 2728 2732
3 2962 2897 2898
3 2962 2964 2897
3 2964 2668 2897
3 2964 2732 2668
3 2965 2966 2967
3 2965 2968 2966
3 2968 2969 2966
3 2968 2970 2969
3 2967 2957 2958
3 2967 2966 2957
3 2966 2960 2957
3 2966 2969 2960
3 2965 2971 2968
3 2965 2972 2971
3 2972 2787 2971
3 2972 2785 2787
3 2968 2973 2970
3 2968 2971 2973
3 2971 2770 2973
3 2971 2787 2770
3 2965 2974 2972
3 2965 2975 2974
3 2975 2917 2974
3 2975 2914 2917
3 2972 2784 2785
3 2972 2974 2784
3 2974 2692 2784
3 2974 2917 2692
3 2965 2976 2975
3 2965 2967 2976
3 2967 2963 2976
3 2967 2958 2963
3 2975 2913 2914
3 2975 2976 2913
3 2976 2904 2913
3 2976 2963 2904
3 2977 2978 2979
3 2977 2980 2978
3 2980 2877 2978
3 2980 2873 2877
3 2979 2747 2748
3 2979 2978 2747
3 2978 2750 2747
3 2978 2877 2750
3 2977 2981 2980
3 2977 2982 2981
3 2982 2983 2981
3 2982 2984 2983
3 2980 2872 2873
3 2980 2981 2872
3 2981 2875 2872
3 2981 2983 2875
3 2977 2985 2982
3 2977 2986 2985
3 2986 2959 2985
3 2986 2954 2959
3 2982 2987 2984
3 2982 2985 2987
3 2985 2960 2987
3 2985 2959 2960
3 2977 2988 2986
3 2977 2979 2988
3 2979 2752 2988
3 2979 2748 2752
3 2986 2953 2954
3 2986 2988 2953
3 2988 2730 2953
3 2988 2752 2730
3 2989 2990 2991
3 2989 2992 2990
3 2992 2892 2990
3 2992 2890 2892
3 2991 2983 2984
3 2991 2990 2983
3 2990 2875 2983
3 2990 2892 2875
3 2989 2993 2992
3 2989 2994 2993
3 2994 2772 2993
3 2994 2768 2772
3 2992 2889 2890
3 2992 2993 2889
3 2993 2643 2889
3 2993 2772 2643
3 2989 2995 2994
3 2989 2996 2995
3 2996 2973 2995
3 2996 2970 2973
3 2994 2767 2768
3 2994 2995 2767
3 2995 2770 2767
3 2995 2973 2770
3 2989 2997 2996
3 2989 2991 2997
3 2991 2987 2997
3 2991 2984 2987
3 2996 2969 2970
3 2996 2997 2969
3 2997 2960 2969
3 2997 2987 2960
3 2998 2999 3000
3 2998 3001 2999
3 3001 3002 2999
3 3001 3003 3002
3 3000 2802 2803
3 3000 2999 2802
3 2999 2805 2802
3 2999 3002 2805
3 2998 3004 3001
3 2998 3005 3004
3 3005 3006 3004
3 3005 3007 3006
3 3001 3008 3003
3 3001 3004 3008
3 3004 3009 3008
3 3004 3006 3009
3 2998 3010 3005
3 2998 3011 3010
3 3011 2931 3010
3 3011 2926 2931
3 3005 3012 3007
3 3005 3010 3012
3 3010 2932 3012
3 3010 2931 2932
3 2998 3013 3011
3 2998 3000 3013
3 3000 2807 3013
3 3000 2803 2807
3 3011 2925 2926
3 3011 3013 2925
3 3013 2710 2925
3 3013 2807 2710
3 3014 3015 3016
3 3014 3017 3015
3 3017 3018 3015
3 3017 3019 3018
3 3016 3006 3007
3 3016 3015 3006
3 3015 3009 3006
3 3015 3018 3009
3 3014 3020 3017
3 3014 3021 3020
3 3021 2723 3020
3 3021 2718 2723
3 3017 3022 3019
3 3017 3020 3022
3 3020 2724 3022
3 3020 2723 2724
3 3014 3023 3021
3 3014 3024 3023
3 3024 2945 3023
3 3024 2942 2945
3 3021 2717 2718
3 3021 3023 2717
3 3023 2662 2717
3 3023 2945 2662
3 3014 3025 3024
3 3014 3016 3025
3 3016 3012 3025
3 3016 3007 3012
3 3024 2941 2942
3 3024 3025 2941
3 3025 2932 2941
3 3025 3012 2932
3 3026 3027 3028
3 3026 3029 3027
3 3029 2886 3027
3 3029 2883 2886
3 3028 2819 2820
3 3028 3027 2819
3 3027 2647 2819
3 3027 2886 2647
3 3026 3030 3029
3 3026 3031 3030
3 3031 3032 3030
3 3031 3033 3032
3 3029 2882 2883
3 3029 3030 2882
3 3030 2869 2882
3 3030 3032 2869
3 3026 3034 3031
3 3026 3035 3034
3 3035 3008 3034
3 3035 3003 3008
3 3031 3036 3033
3 3031 3034 3036
3 3034 3009 3036
3 3034 3008 3009
3 3026 3037 3035
3 3026 3028 3037
3 3028 2822 3037
3 3028 2820 2822
3 3035 3002 3003
3 3035 3037 3002
3 3037 2805 3002
3 3037 2822 2805
3 3038 3039 3040
3 3038 3041 3039
3 3041 2868 3039
3 3041 2863 2868
3 3040 3032 3033
3 3040 3039 3032
3 3039 2869 3032
3 3039 2868 2869
3 3038 3042 3041
3 3038 3043 3042
3 3043 2743 3042
3 3043 2738 2743
3 3041 2862 2863
3 3041 3042 2862
3 3042 2744 2862
3 3042 2743 2744
3 3038 3044 3043
3 3038 3045 3044
3 3045 3022 3044
3 3045 3019 3022
3 3043 2737 2738
3 3043 3044 2737
3 3044 2724 2737
3 3044 3022 2724
3 3038 3046 3045
3 3038 3040 3046
3 3040 3036 3046
3 3040 3033 3036
3 3045 3018 3019
3 3045 3046 3018
3 3046 3009 3018
3 3046 3036 3009
3 3047 3048 3049
3 3047 3050 3048
3 3050 3051 3048
3 3050 3052 3051
3 3049 2602 2603
3 3049 3048 2602
3 3048 2606 2602
3 3048 3051 2606
3 3047 3053 3050
3 3047 3054 3053
3 3054 3055 3053
3 3054 3056 3055
3 3050 3057 3052
3 3050 3053 3057
3 3053 3058 3057
3 3053 3055 3058
3 3047 3059 3054
3 3047 3060 3059
3 3060 3061 3059
3 3060 3062 3061
3 3054 3063 3056
3 3054 3059 3063
3 3059 3064 3063
3 3059 3061 3064
3 3047 3065 3060
3 3047 3049 3065
3 3049 2611 3065
3 3049 2603 2611
3 3060 3066 3062
3 3060 3065 3066
3 3065 2612 3066
3 3065 2611 2612
3 3067 3068 3069
3 3067 3070 3068
3 3070 3071 3068
3 3070 3072 3071
3 3069 2627 2628
3 3069 3068 2627
3 3068 2631 2627
3 3068 3071 2631
3 3067 3073 3070
3 3067 3074 3073
3 3074 3075 3073
3 3074 3076 3075
3 3070 3077 3072
3 3070 3073 3077
3 3073 3078 3077
3 3073 3075 3078
3 3067 3079 3074
3 3067 3080 3079
3 3080 3081 3079
3 3080 3082 3081
3 3074 3083 3076
3 3074 3079 3083
3 3079 3084 3083
3 3079 3081 3084
3 3067 3085 3080
3 3067 3069 3085
3 3069 2636 3085
3 3069 2628 2636
3 3080 3086 3082
3 3080 3085 3086
3 3085 2637 3086
3 3085 2636 2637
3 3087 3088 3089
3 3087 3090 3088
3 3090 3091 3088
3 3090 3092 3091
3 3089 3093 3094
3 3089 3088 3093
3 3088 3095 3093
3 3088 3091 3095
3 3087 3096 3090
3 3087 3097 3096
3 3097 3098 3096
3 3097 3099 3098
3 3090 3100 3092
3 3090 3096 3100
3 3096 3101 3100
3 3096 3098 3101
3 3087 3102 3097
3 3087 3103 3102
3 3103 3104 3102
3 3103 3105 3104
3 3097 3106 3099
3 3097 3102 3106
3 3102 3107 3106
3 3102 3104 3107
3 3087 3108 3103
3 3087 3089 3108
3 3089 3109 3108
3 3089 3094 3109
3 3103 3110 3105
3 3103 3108 3110
3 3108 3111 3110
3 3108 3109 3111
3 3112 3113 3114
3 3112 3115 3113
3 3115 3116 3113
3 3115 3117 3116
3 3114 2677 2678
3 3114 3113 2677
3 3113 2681 2677
3 3113 3116 2681
3 3112 3118 3115
3 3112 3119 3118
3 3119 3120 3118
3 3119 3121 3120
3 3115 3122 3117
3 3115 3118 3122
3 3118 3123 3122
3 3118 3120 3123
3 3112 3124 3119
3 3112 3125 3124
3 3125 3057 3124
3 3125 3052 3057
3 3119 3126 3121
3 3119 3124 3126
3 3124 3058 3126
3 3124 3057 3058
3 3112 3127 3125
3 3112 3114 3127
3 3114 2684 3127
3 3114 2678 2684
3 3125 3051 3052
3 3125 3127 3051
3 3127 2606 3051
3 3127 2684 2606
3 3128 3129 3130
3 3128 3131 3129
3 3131 3066 3129
3 3131 3062 3066
3 3130 2697 2698
3 3130 3129 2697
3 3129 2612 2697
3 3129 3066 2612
3 3128 3132 3131
3 3128 3133 3132
3 3133 3134 3132
3 3133 3135 3134
3 3131 3061 3062
3 3131 3132 3061
3 3132 3064 3061
3 3132 3134 3064
3 3128 3136 3133
3 3128 3137 3136
3 3137 3138 3136
3 3137 3139 3138
3 3133 3140 3135
3 3133 3136 3140
3 3136 3141 3140
3 3136 3138 3141
3 3128 3142 3137
3 3128 3130 3142
3 3130 2703 3142
3 3130 2698 2703
3 3137 3143 3139
3 3137 3142 3143
3 3142 2704 3143
3 3142 2703 2704
3 3144 3145 3146
3 3144 3147 3145
3 3147 3110 3145
3 3147 3105 3110
3 3146 3148 3149
3 3146 3145 3148
3 3145 3111 3148
3 3145 3110 3111
3 3144 3150 3147
3 3144 3151 3150
3 3151 3152 3150
3 3151 3153 3152
3 3147 3104 3105
3 3147 3150 3104
3 3150 3107 3104
3 3150 3152 3107
3 3144 3154 3151
3 3144 3155 3154
3 3155 3156 3154
3 3155 3157 3156
3 3151 3158 3153
3 3151 3154 3158
3 3154 3159 3158
3 3154 3156 3159
3 3144 3160 3155
3 3144 3146 3160
3 3146 3161 3160
3 3146 3149 3161
3 3155 3162 3157
3 3155 3160 3162
3 3160 3163 3162
3 3160 3161 3163
3 3164 3165 3166
3 3164 3167 3165
3 3167 3162 3165
3 3167 3157 3162
3 3166 3168 3169
3 3166 3165 3168
3 3165 3163 3168
3 3165 3162 3163
3 3164 3170 3167
3 3164 3171 3170
3 3171 3172 3170
3 3171 3173 3172
3 3167 3156 3157
3 3167 3170 3156
3 3170 3159 3156
3 3170 3172 3159
3 3164 3174 3171
3 3164 3175 3174
3 3175 3176 3174
3 3175 3177 3176
3 3171 3178 3173
3 3171 3174 3178
3 3174 3179 3178
3 3174 3176 3179
3 3164 3180 3175
3 3164 3166 3180
3 3166 3181 3180
3 3166 3169 3181
3 3175 3182 3177
3 3175 3180 3182
3 3180 3183 3182
3 3180 3181 3183
3 3184 3185 3186
3 3184 3187 3185
3 3187 3086 3185
3 3187 3082 3086
3 3186 2757 2758
3 3186 3185 2757
3 3185 2637 2757
3 3185 3086 2637
3 3184 3188 3187
3 3184 3189 3188
3 3189 3190 3188
3 3189 3191 3190
3 3187 3081 3082
3 3187 3188 3081
3 3188 3084 3081
3 3188 3190 3084
3 3184 3192 3189
3 3184 3193 3192
3 3193 3194 3192
3 3193 3195 3194
3 3189 3196 3191
3 3189 3192 3196
3 3192 3197 3196
3 3192 3194 3197
3 3184 3198 3193
3 3184 3186 3198
3 3186 2763 3198
3 3186 2758 2763
3 3193 3199 3195
3 3193 3198 3199
3 3198 2764 3199
3 3198 2763 2764
3 3200 3201 3202
3 3200 3203 3201
3 3203 3199 3201
3 3203 3195 3199
3 3202 2777 2778
3 3202 3201 2777
3 3201 2764 2777
3 3201 3199 2764
3 3200 3204 3203
3 3200 3205 3204
3 3205 3206 3204
3 3205 3207 3206
3 3203 3194 3195
3 3203 3204 3194
3 3204 3197 3194
3 3204 3206 3197
3 3200 3208 3205
3 3200 3209 3208
3 3209 3122 3208
3 3209 3117 3122
3 3205 3210 3207
3 3205 3208 3210
3 3208 3123 3210
3 3208 3122 3123
3 3200 3211 3209
3 3200 3202 3211
3 3202 2781 3211
3 3202 2778 2781
3 3209 3116 3117
3 3209 3211 3116
3 3211 2681 3116
3 3211 2781 2681
3 3212 3213 3214
3 3212 3215 3213
3 3215 3143 3213
3 3215 3139 3143
3 3214 2792 2793
3 3214 3213 2792
3 3213 2704 2792
3 3213 3143 2704
3 3212 3216 3215
3 3212 3217 3216
3 3217 3218 3216
3 3217 3219 3218
3 3215 3138 3139
3 3215 3216 3138
3 3216 3141 3138
3 3216 3218 3141
3 3212 3220 3217
3 3212 3221 3220
3 3221 3222 3220
3 3221 3223 3222
3 3217 3224 3219
3 3217 3220 3224
3 3220 3225 3224
3 3220 3222 3225
3 3212 3226 3221
3 3212 3214 3226
3 3214 2798 3226
3 3214 2793 2798
3 3221 3227 3223
3 3221 3226 3227
3 3226 2799 3227
3 3226 2798 2799
3 3228 3229 3230
3 3228 3231 3229
3 3231 3227 3229
3 3231 3223 3227
3 3230 2812 2813
3 3230 3229 2812
3 3229 2799 2812
3 3229 3227 2799
3 3228 3232 3231
3 3228 3233 3232
3 3233 3234 3232
3 3233 3235 3234
3 3231 3222 3223
3 3231 3232 3222
3 3232 3225 3222
3 3232 3234 3225
3 3228 3236 3233
3 3228 3237 3236
3 3237 3077 3236
3 3237 3072 3077
3 3233 3238 3235
3 3233 3236 3238
3 3236 3078 3238
3 3236 3077 3078
3 3228 3239 3237
3 3228 3230 3239
3 3230 2816 3239
3 3230 2813 2816
3 3237 3071 3072
3 3237 3239 3071
3 3239 2631 3071
3 3239 2816 2631
3 3240 3241 3242
3 3240 3243 3241
3 3243 3063 3241
3 3243 3056 3063
3 3242 3244 3245
3 3242 3241 3244
3 3241 3064 3244
3 3241 3063 3064
3 3240 3246 3243
3 3240 3247 3246
3 3247 3248 3246
3 3247 3249 3248
3 3243 3055 3056
3 3243 3246 3055
3 3246 3058 3055
3 3246 3248 3058
3 3240 3250 3247
3 3240 3251 3250
3 3251 3252 3250
3 3251 3253 3252
3 3247 3254 3249
3 3247 3250 3254
3 3250 3255 3254
3 3250 3252 3255
3 3240 3256 3251
3 3240 3242 3256
3 3242 3257 3256
3 3242 3245 3257
3 3251 3258 3253
3 3251 3256 3258
3 3256 3259 3258
3 3256 3257 3259
3 3260 3261 3262
3 3260 3263 3261
3 3263 3258 3261
3 3263 3253 3258
3 3262 3264 3265
3 3262 3261 3264
3 3261 3259 3264
3 3261 3258 3259
3 3260 3266 3263
3 3260 3267 3266
3 3267 3268 3266
3 3267 3269 3268
3 3263 3252 3253
3 3263 3266 3252
3 3266 3255 3252
3 3266 3268 3255
3 3260 3270 3267
3 3260 3271 3270
3 3271 3100 3270
3 3271 3092 3100
3 3267 3272 3269
3 3267 3270 3272
3 3270 3101 3272
3 3270 3100 3101
3 3260 3273 3271
3 3260 3262 3273
3 3262 3274 3273
3 3262 3265 3274
3 3271 3091 3092
3 3271 3273 3091
3 3273 3095 3091
3 3273 3274 3095
3 3275 3276 3277
3 3275 3278 3276
3 3278 3182 3276
3 3278 3177 3182
3 3277 3279 3280
3 3277 3276 3279
3 3276 3183 3279
3 3276 3182 3183
3 3275 3281 3278
3 3275 3282 3281
3 3282 3283 3281
3 3282 3284 3283
3 3278 3176 3177
3 3278 3281 3176
3 3281 3179 3176
3 3281 3283 3179
3 3275 3285 3282
3 3275 3286 3285
3 3286 3287 3285
3 3286 3288 3287
3 3282 3289 3284
3 3282 3285 3289
3 3285 3290 3289
3 3285 3287 3290
3 3275 3291 3286
3 3275 3277 3291
3 3277 3292 3291
3 3277 3280 3292
3 3286 3293 3288
3 3286 3291 3293
3 3291 3294 3293
3 3291 3292 3294
3 3295 3296 3297
3 3295 3298 3296
3 3298 3293 3296
3 3298 3288 3293
3 3297 3299 3300
3 3297 3296 3299
3 3296 3294 3299
3 3296 3293 3294
3 3295 3301 3298
3 3295 3302 3301
3 3302 3303 3301
3 3302 3304 3303
3 3298 3287 3288
3 3298 3301 3287
3 3301 3290 3287
3 3301 3303 3290
3 3295 3305 3302
3 3295 3306 3305
3 3306 3083 3305
3 3306 3076 3083
3 3302 3307 3304
3 3302 3305 3307
3 3305 3084 3307
3 3305 3083 3084
3 3295 3308 3306
3 3295 3297 3308
3 3297 3309 3308
3 3297 3300 3309
3 3306 3075 3076
3 3306 3308 3075
3 3308 3078 3075
3 3308 3309 3078
3 3310 3311 3312
3 3310 3313 3311
3 3313 3106 3311
3 3313 3099 3106
3 3312 3314 3315
3 3312 3311 3314
3 3311 3107 3314
3 3311 3106 3107
3 3310 3316 3313
3 3310 3317 3316
3 3317 3272 3316
3 3317 3269 3272
3 3313 3098 3099
3 3313 3316 3098
3 3316 3101 3098
3 3316 3272 3101
3 3310 3318 3317
3 3310 3319 3318
3 3319 3320 3318
3 3319 3321 3320
3 3317 3268 3269
3 3317 3318 3268
3 3318 3255 3268
3 3318 3320 3255
3 3310 3322 3319
3 3310 3312 3322
3 3312 3323 3322
3 3312 3315 3323
3 3319 3324 3321
3 3319 3322 3324
3 3322 3325 3324
3 3322 3323 3325
3 3326 3327 3328
3 3326 3329 3327
3 3329 3324 3327
3 3329 3321 3324
3 3328 3330 3331
3 3328 3327 3330
3 3327 3325 3330
3 3327 3324 3325
3 3326 3332 3329
3 3326 3333 3332
3 3333 3254 3332
3 3333 3249 3254
3 3329 3320 3321
3 3329 3332 3320
3 3332 3255 3320
3 3332 3254 3255
3 3326 3334 3333
3 3326 3335 3334
3 3335 3126 3334
3 3335 3121 3126
3 3333 3248 3249
3 3333 3334 3248
3 3334 3058 3248
3 3334 3126 3058
3 3326 3336 3335
3 3326 3328 3336
3 3328 3337 3336
3 3328 3331 3337
3 3335 3120 3121
3 3335 3336 3120
3 3336 3123 3120
3 3336 3337 3123
3 3338 3339 3340
3 3338 3341 3339
3 3341 3140 3339
3 3341 3135 3140
3 3340 3342 3343
3 3340 3339 3342
3 3339 3141 3342
3 3339 3140 3141
3 3338 3344 3341
3 3338 3345 3344
3 3345 3244 3344
3 3345 3245 3244
3 3341 3134 3135
3 3341 3344 3134
3 3344 3064 3134
3 3344 3244 3064
3 3338 3346 3345
3 3338 3347 3346
3 3347 3348 3346
3 3347 3349 3348
3 3345 3257 3245
3 3345 3346 3257
3 3346 3259 3257
3 3346 3348 3259
3 3338 3350 3347
3 3338 3340 3350
3 3340 3351 3350
3 3340 3343 3351
3 3347 3352 3349
3 3347 3350 3352
3 3350 3353 3352
3 3350 3351 3353
3 3354 3355 3356
3 3354 3357 3355
3 3357 3352 3355
3 3357 3349 3352
3 3356 3358 3359
3 3356 3355 3358
3 3355 3353 3358
3 3355 3352 3353
3 3354 3360 3357
3 3354 3361 3360
3 3361 3264 3360
3 3361 3265 3264
3 3357 3348 3349
3 3357 3360 3348
3 3360 3259 3348
3 3360 3264 3259
3 3354 3362 3361
3 3354 3363 3362
3 3363 3093 3362
3 3363 3094 3093
3 3361 3274 3265
3 3361 3362 3274
3 3362 3095 3274
3 3362 3093 3095
3 3354 3364 3363
3 3354 3356 3364
3 3356 3365 3364
3 3356 3359 3365
3 3363 3109 3094
3 3363 3364 3109
3 3364 3111 3109
3 3364 3365 3111
3 3366 3367 3368
3 3366 3369 3367
3 3369 3158 3367
3 3369 3153 3158
3 3368 3370 3371
3 3368 3367 3370
3 3367 3159 3370
3 3367 3158 3159
3 3366 3372 3369
3 3366 3373 3372
3 3373 3314 3372
3 3373 3315 3314
3 3369 3152 3153
3 3369 3372 3152
3 3372 3107 3152
3 3372 3314 3107
3 3366 3374 3373
3 3366 3375 3374
3 3375 3376 3374
3 3375 3377 3376
3 3373 3323 3315
3 3373 3374 3323
3 3374 3325 3323
3 3374 3376 3325
3 3366 3378 3375
3 3366 3368 3378
3 3368 3379 3378
3 3368 3371 3379
3 3375 3380 3377
3 3375 3378 3380
3 3378 3381 3380
3 3378 3379 3381
3 3382 3383 3384
3 3382 3385 3383
3 3385 3380 3383
3 3385 3377 3380
3 3384 3386 3387
3 3384 3383 3386
3 3383 3381 3386
3 3383 3380 3381
3 3382 3388 3385
3 3382 3389 3388
3 3389 3330 3388
3 3389 3331 3330
3 3385 3376 3377
3 3385 3388 3376
3 3388 3325 3376
3 3388 3330 3325
3 3382 3390 3389
3 3382 3391 3390
3 3391 3210 3390
3 3391 3207 3210
3 3389 3337 3331
3 3389 3390 3337
3 3390 3123 3337
3 3390 3210 3123
3 3382 3392 3391
3 3382 3384 3392
3 3384 3393 3392
3 3384 3387 3393
3 3391 3206 3207
3 3391 3392 3206
3 3392 3197 3206
3 3392 3393 3197
3 3394 3395 3396
3 3394 3397 3395
3 3397 3178 3395
3 3397 3173 3178
3 3396 3283 3284
3 3396 3395 3283
3 3395 3179 3283
3 3395 3178 3179
3 3394 3398 3397
3 3394 3399 3398
3 3399 3370 3398
3 3399 3371 3370
3 3397 3172 3173
3 3397 3398 3172
3 3398 3159 3172
3 3398 3370 3159
3 3394 3400 3399
3 3394 3401 3400
3 3401 3402 3400
3 3401 3403 3402
3 3399 3379 3371
3 3399 3400 3379
3 3400 3381 3379
3 3400 3402 3381
3 3394 3404 3401
3 3394 3396 3404
3 3396 3289 3404
3 3396 3284 3289
3 3401 3405 3403
3 3401 3404 3405
3 3404 3290 3405
3 3404 3289 3290
3 3406 3407 3408
3 3406 3409 3407
3 3409 3405 3407
3 3409 3403 3405
3 3408 3303 3304
3 3408 3407 3303
3 3407 3290 3303
3 3407 3405 3290
3 3406 3410 3409
3 3406 3411 3410
3 3411 3386 3410
3 3411 3387 3386
3 3409 3402 3403
3 3409 3410 3402
3 3410 3381 3402
3 3410 3386 3381
3 3406 3412 3411
3 3406 3413 3412
3 3413 3196 3412
3 3413 3191 3196
3 3411 3393 3387
3 3411 3412 3393
3 3412 3197 3393
3 3412 3196 3197
3 3406 3414 3413
3 3406 3408 3414
3 3408 3307 3414
3 3408 3304 3307
3 3413 3190 3191
3 3413 3414 3190
3 3414 3084 3190
3 3414 3307 3084
3 3415 3416 3417
3 3415 3418 3416
3 3418 3224 3416
3 3418 3219 3224
3 3417 3419 3420
3 3417 3416 3419
3 3416 3225 3419
3 3416 3224 3225
3 3415 3421 3418
3 3415 3422 3421
3 3422 3342 3421
3 3422 3343 3342
3 3418 3218 3219
3 3418 3421 3218
3 3421 3141 3218
3 3421 3342 3141
3 3415 3423 3422
3 3415 3424 3423
3 3424 3425 3423
3 3424 3426 3425
3 3422 3351 3343
3 3422 3423 3351
3 3423 3353 3351
3 3423 3425 3353
3 3415 3427 3424
3 3415 3417 3427
3 3417 3428 3427
3 3417 3420 3428
3 3424 3429 3426
3 3424 3427 3429
3 3427 3430 3429
3 3427 3428 3430
3 3431 3432 3433
3 3431 3434 3432
3 3434 3429 3432
3 3434 3426 3429
3 3433 3435 3436
3 3433 3432 3435
3 3432 3430 3435
3 3432 3429 3430
3 3431 3437 3434
3 3431 3438 3437
3 3438 3358 3437
3 3438 3359 3358
3 3434 3425 3426
3 3434 3437 3425
3 3437 3353 3425
3 3437 3358 3353
3 3431 3439 3438
3 3431 3440 3439
3 3440 3148 3439
3 3440 3149 3148
3 3438 3365 3359
3 3438 3439 3365
3 3439 3111 3365
3 3439 3148 3111
3 3431 3441 3440
3 3431 3433 3441
3 3433 3442 3441
3 3433 3436 3442
3 3440 3161 3149
3 3440 3441 3161
3 3441 3163 3161
3 3441 3442 3163
3 3443 3444 3445
3 3443 3446 3444
3 3446 3238 3444
3 3446 3235 3238
3 3445 3309 3300
3 3445 3444 3309
3 3444 3078 3309
3 3444 3238 3078
3 3443 3447 3446
3 3443 3448 3447
3 3448 3419 3447
3 3448 3420 3419
3 3446 3234 3235
3 3446 3447 3234
3 3447 3225 3234
3 3447 3419 3225
3 3443 3449 3448
3 3443 3450 3449
3 3450 3451 3449
3 3450 3452 3451
3 3448 3428 3420
3 3448 3449 3428
3 3449 3430 3428
3 3449 3451 3430
3 3443 3453 3450
3 3443 3445 3453
3 3445 3299 3453
3 3445 3300 3299
3 3450 3454 3452
3 3450 3453 3454
3 3453 3294 3454
3 3453 3299 3294
3 3455 3456 3457
3 3455 3458 3456
3 3458 3454 3456
3 3458 3452 3454
3 3457 3292 3280
3 3457 3456 3292
3 3456 3294 3292
3 3456 3454 3294
3 3455 3459 3458
3 3455 3460 3459
3 3460 3435 3459
3 3460 3436 3435
3 3458 3451 3452
3 3458 3459 3451
3 3459 3430 3451
3 3459 3435 3430
3 3455 3461 3460
3 3455 3462 3461
3 3462 3168 3461
3 3462 3169 3168
3 3460 3442 3436
3 3460 3461 3442
3 3461 3163 3442
3 3461 3168 3163
3 3455 3463 3462
3 3455 3457 3463
3 3457 3279 3463
3 3457 3280 3279
3 3462 3181 3169
3 3462 3463 3181
3 3463 3183 3181
3 3463 3279 3183
