ply
format ascii 1.0
element vertex 4785
property float x
property float y
property float z
property float nx
property float ny
property float nz
property float u
property float v
element face 9344
property list uchar int vertex_indices
end_header
1.919969 0.770828 2.814223 -0.560996227 -0.764594858 0.317297866 0 0
1.906959 0.764029 2.783106 -0.540800995 -0.700801289 0.465200856 0 0
1.919969 0.75538 2.785106 -0.538130766 -0.702240148 0.466126649 0 0
1.906959 0.779808 2.812847 -0.563629047 -0.762939319 0.316616317 0 0
1.896118 0.771316 2.781402 -0.55222347 -0.694629522 0.461019594 0 0
1.896118 0.787377 2.811675 -0.574679142 -0.755872566 0.313688615 0 0
1.906959 0.742851 2.757035 -0.506812648 -0.608715191 0.610415233 0 0
1.919969 0.734646 2.759581 -0.503913157 -0.609915925 0.61161597 0 0
1.896118 0.749759 2.754865 -0.518623647 -0.603727528 0.605427605 0 0
1.906959 0.789681 2.845034 -0.577317568 -0.800124348 0.162804954 0 0
1.919969 0.780494 2.845735 -0.574712086 -0.801916864 0.163203432 0 0
1.906959 0.793141 2.878445 -0.582221589 -0.813030148 0 0 0
1.919969 0.783881 2.878445 -0.579647765 -0.814867148 0 0 0
1.896118 0.797426 2.844437 -0.588230974 -0.792441727 0.161308494 0 0
1.896118 0.800947 2.878445 -0.593001174 -0.805201594 0 0 0
1.932979 0.771317 2.846432 -0.576128513 -0.80093964 0.163008067 0 0
1.932979 0.761857 2.815591 -0.562412075 -0.763716397 0.316906804 0 0
1.943821 0.763601 2.847018 -0.584789389 -0.794885577 0.161797064 0 0
1.943821 0.754314 2.816741 -0.571101254 -0.758201664 0.314600691 0 0
1.932979 0.774632 2.878445 -0.581115211 -0.813821302 0 0 0
1.943821 0.766855 2.878445 -0.589710659 -0.807614598 0 0 0
1.932979 0.746738 2.787094 -0.539489483 -0.701486325 0.465690921 0 0
1.932979 0.726446 2.762113 -0.505190247 -0.609388236 0.611088203 0 0
1.943821 0.739472 2.788766 -0.548211038 -0.69681403 0.462509313 0 0
1.943821 0.719551 2.764242 -0.513925579 -0.605730148 0.607430233 0 0
1.919969 0.680917 2.722552 -0.423705623 -0.403605356 0.810910761 0 0
1.906959 0.71678 2.735857 -0.465409294 -0.500910003 0.729714573 0 0
1.906959 0.687907 2.719213 -0.426398218 -0.40179832 0.810396613 0 0
1.919969 0.709122 2.738847 -0.46251546 -0.502116784 0.730724425 0 0
1.896118 0.723222 2.733308 -0.477520176 -0.497021 0.724530612 0 0
1.896118 0.69378 2.716367 -0.438616545 -0.398215021 0.805630389 0 0
1.932979 0.701465 2.741821 -0.463807222 -0.502107818 0.729911365 0 0
1.932979 0.673925 2.725873 -0.425228198 -0.404726838 0.809553683 0 0
1.943821 0.695028 2.744321 -0.472537348 -0.499839506 0.725857371 0 0
1.943821 0.668047 2.728665 -0.434081192 -0.404082491 0.805165113 0 0
1.932979 0.645956 2.713927 -0.390413069 -0.319210686 0.863528907 0 0
1.919969 0.652141 2.710346 -0.388623339 -0.316719021 0.865251964 0 0
1.932979 0.619686 2.705638 -0.358597375 -0.241198234 0.901793399 0 0
1.919969 0.624904 2.701877 -0.356598886 -0.236999259 0.903697176 0 0
1.943821 0.640756 2.716938 -0.399401308 -0.320301049 0.859002813 0 0
1.943821 0.615299 2.708801 -0.367616416 -0.244210905 0.897340072 0 0
1.906959 0.658322 2.706745 -0.391112136 -0.313709735 0.865226848 0 0
1.896118 0.66351 2.703676 -0.403298004 -0.309898466 0.860995738 0 0
1.906959 0.630117 2.698095 -0.359012336 -0.232807999 0.903831056 0 0
1.896118 0.634488 2.694871 -0.371199686 -0.228499807 0.89999924 0 0
1.919969 0.680917 3.034338 -0.423705623 -0.403605356 -0.810910761 0 0
1.906959 0.71678 3.021033 -0.465409294 -0.500910003 -0.729714573 0 0
1.919969 0.709122 3.018043 -0.46251546 -0.502116784 -0.730724425 0 0
1.906959 0.687907 3.037677 -0.426398218 -0.40179832 -0.810396613 0 0
1.896118 0.723222 3.023582 -0.477520176 -0.497021 -0.724530612 0 0
1.896118 0.69378 3.040523 -0.438581209 -0.39818294 -0.805665482 0 0
1.906959 0.742851 2.999855 -0.506812648 -0.608715191 -0.610415233 0 0
1.919969 0.734646 2.997309 -0.503913157 -0.609915925 -0.61161597 0 0
1.896118 0.749759 3.002025 -0.518623647 -0.603727528 -0.605427605 0 0
1.906959 0.658322 3.050145 -0.391112136 -0.313709735 -0.865226848 0 0
1.919969 0.652141 3.046544 -0.388623339 -0.316719021 -0.865251964 0 0
1.906959 0.630117 3.058795 -0.359012336 -0.232807999 -0.903831056 0 0
1.919969 0.624904 3.055013 -0.356598886 -0.236999259 -0.903697176 0 0
1.896118 0.66351 3.053214 -0.403298004 -0.309898466 -0.860995738 0 0
1.896118 0.634488 3.062018 -0.371199686 -0.228499807 -0.89999924 0 0
1.932979 0.645956 3.042963 -0.390413069 -0.319210686 -0.863528907 0 0
1.932979 0.673925 3.031017 -0.425228198 -0.404726838 -0.809553683 0 0
1.943821 0.640756 3.039952 -0.399401308 -0.320301049 -0.859002813 0 0
1.943821 0.668047 3.028225 -0.434081192 -0.404082491 -0.805165113 0 0
1.932979 0.619686 3.051251 -0.358597375 -0.241198234 -0.901793399 0 0
1.943821 0.615299 3.048089 -0.367616416 -0.244210905 -0.897340072 0 0
1.932979 0.701465 3.015069 -0.463807222 -0.502107818 -0.729911365 0 0
1.932979 0.726446 2.994776 -0.505190247 -0.609388236 -0.611088203 0 0
1.943821 0.695028 3.012569 -0.472537348 -0.499839506 -0.725857371 0 0
1.943821 0.719551 2.992648 -0.513925579 -0.605730148 -0.607430233 0 0
1.919969 0.770828 2.942667 -0.560996227 -0.764594858 -0.317297866 0 0
1.906959 0.764029 2.973783 -0.540800995 -0.700801289 -0.465200856 0 0
1.906959 0.779808 2.944043 -0.563629047 -0.762939319 -0.316616317 0 0
1.919969 0.75538 2.971784 -0.538130766 -0.702240148 -0.466126649 0 0
1.896118 0.771316 2.975487 -0.55222347 -0.694629522 -0.461019594 0 0
1.896118 0.787377 2.945215 -0.574679142 -0.755872566 -0.313688615 0 0
1.932979 0.746738 2.969796 -0.539489483 -0.701486325 -0.465690921 0 0
1.932979 0.761857 2.941299 -0.562412075 -0.763716397 -0.316906804 0 0
1.943821 0.739472 2.968124 -0.548211038 -0.69681403 -0.462509313 0 0
1.943821 0.754314 2.940149 -0.571101254 -0.758201664 -0.314600691 0 0
1.932979 0.771317 2.910458 -0.576128513 -0.80093964 -0.163008067 0 0
1.919969 0.780494 2.911155 -0.574712086 -0.801916864 -0.163203432 0 0
1.943821 0.763601 2.909872 -0.584789389 -0.794885577 -0.161797064 0 0
1.906959 0.789681 2.911855 -0.577317568 -0.800124348 -0.162804954 0 0
1.896118 0.797426 2.912452 -0.58818436 -0.792478928 -0.161295711 0 0
1.877703 0.854397 2.792265 -0.712539351 0.648135794 -0.26871484 0 0
1.88049 0.870189 2.834116 -0.734112458 0.665411292 -0.135302296 0 0
1.88049 0.85709 2.791411 -0.729710121 0.63160876 -0.261903633 0 0
1.877703 0.867368 2.834551 -0.717094758 0.682995007 -0.138898985 0 0
1.88049 0.87478 2.878445 -0.735944964 0.677041365 0 0 0
1.877703 0.871913 2.878445 -0.718906751 0.695106527 0 0 0
1.882626 0.872593 2.833746 -0.815446037 0.567232024 -0.11530651 0 0
1.882626 0.859384 2.790684 -0.811830911 0.539420539 -0.22350851 0 0
1.882626 0.877221 2.878445 -0.817017746 0.576612524 0 0 0
1.874675 0.864267 2.835029 -0.735708394 0.663707573 -0.13500154 0 0
1.874675 0.851438 2.793203 -0.731308271 0.630007125 -0.261302955 0 0
1.871816 0.861027 2.835529 -0.78649886 0.605199122 -0.123099822 0 0
1.871816 0.848346 2.794184 -0.782611735 0.575008622 -0.238503576 0 0
1.874675 0.868763 2.878445 -0.737378244 0.67548007 0 0 0
1.871816 0.865471 2.878445 -0.787901556 0.615801216 0 0 0
1.874675 0.830934 2.754556 -0.724453713 0.574442591 -0.38102825 0 0
1.877703 0.833668 2.753192 -0.705511465 0.590609597 -0.391706365 0 0
1.874675 0.803414 2.720678 -0.714547197 0.494232645 -0.495132705 0 0
1.877703 0.805844 2.718941 -0.695308034 0.507805868 -0.508605877 0 0
1.871816 0.828078 2.755982 -0.776515604 0.52501055 -0.348407001 0 0
1.871816 0.800874 2.722493 -0.767527639 0.452716303 -0.453816342 0 0
1.88049 0.836155 2.751951 -0.7228187 0.575914899 -0.38190988 0 0
1.882626 0.838274 2.750894 -0.806414411 0.492908808 -0.326705838 0 0
1.88049 0.808056 2.71736 -0.712913809 0.495409596 -0.496309614 0 0
1.882626 0.80994 2.716014 -0.79855065 0.425326977 -0.425927015 0 0
1.867865 0.842168 2.796143 -0.92158713 0.358394995 -0.149097918 0 0
1.869536 0.857787 2.836028 -0.855611085 0.507206571 -0.103301338 0 0
1.869535 0.845253 2.795165 -0.852645545 0.482525775 -0.200410705 0 0
1.867865 0.854555 2.836527 -0.923307931 0.376303232 -0.0768006597 0 0
1.869536 0.86218 2.878445 -0.856662436 0.515877379 0 0 0
1.867865 0.858896 2.878445 -0.923912025 0.38260498 0 0 0
1.866837 0.851337 2.837023 -0.977290569 0.207597997 -0.0424995899 0 0
1.866837 0.839097 2.797117 -0.976734157 0.197906921 -0.0826028887 0 0
1.866484 0.848142 2.837515 -0.999980721 0.00599988432 -0.00159996915 0 0
1.866484 0.836048 2.798084 -0.999980671 0.00549989369 -0.00289994394 0 0
1.866837 0.855627 2.878445 -0.977440956 0.21120885 0 0 0
1.866484 0.852381 2.878445 -0.999978221 0.00659985626 0 0 0
1.866837 0.819535 2.760244 -0.97581816 0.181703382 -0.121502261 0 0
1.867865 0.822371 2.758829 -0.918769304 0.328689019 -0.218692694 0 0
1.866837 0.793278 2.727921 -0.974354512 0.158108846 -0.160108958 0 0
1.867865 0.7958 2.726119 -0.914517879 0.285205576 -0.286905609 0 0
1.866484 0.816718 2.76165 -0.999978256 0.00499989128 -0.0042999065 0 0
1.866484 0.790773 2.729711 -0.999973181 0.00419988736 -0.00599983909 0 0
1.869535 0.825221 2.757407 -0.847978317 0.441488711 -0.293292501 0 0
1.869535 0.798334 2.724308 -0.840980027 0.38189093 -0.383290897 0 0
1.877703 0.733654 2.669252 -0.673613496 0.32840658 -0.662113266 0 0
1.88049 0.695904 2.650636 -0.686027973 0.248210121 -0.683927888 0 0
1.877703 0.694769 2.652872 -0.668313921 0.253605283 -0.699314567 0 0
1.88049 0.735157 2.667179 -0.691345374 0.321121076 -0.64724248 0 0
1.882626 0.696872 2.648732 -0.775090811 0.215697443 -0.593892959 0 0
1.882626 0.736437 2.665413 -0.779808153 0.278402911 -0.560705862 0 0
1.88049 0.658482 2.639159 -0.683803419 0.18200091 -0.706603533 0 0
1.877703 0.657677 2.641507 -0.666111554 0.185903225 -0.722312529 0 0
1.882626 0.659167 2.63716 -0.773141372 0.158408477 -0.614132863 0 0
1.88049 0.773466 2.689261 -0.700628737 0.404016571 -0.588124122 0 0
1.877703 0.771593 2.691118 -0.682961001 0.413636946 -0.602053775 0 0
1.882626 0.775061 2.68768 -0.78793837 0.348816986 -0.50742471 0 0
1.874675 0.769535 2.693158 -0.702614959 0.402908578 -0.586512487 0 0
1.874675 0.732003 2.67153 -0.693688977 0.319994915 -0.645289746 0 0
1.871816 0.767385 2.695289 -0.757152719 0.369725743 -0.538537497 0 0
1.871816 0.730277 2.67391 -0.749185878 0.294094456 -0.593488813 0 0
1.874675 0.693521 2.655328 -0.688537013 0.247013279 -0.681836653 0 0
1.874675 0.656793 2.644087 -0.686419066 0.181005027 -0.704319563 0 0
1.871816 0.692217 2.657895 -0.744625779 0.227207866 -0.627621729 0 0
1.871816 0.655869 2.646783 -0.742757752 0.166412939 -0.648550427 0 0
1.867865 0.726831 2.678665 -0.906252891 0.187210926 -0.37902212 0 0
1.869535 0.690913 2.660461 -0.823294101 0.192998617 -0.533796175 0 0
1.867865 0.689612 2.663022 -0.904179258 0.144996674 -0.401790783 0 0
1.869535 0.728552 2.67629 -0.826856026 0.249516907 -0.504034152 0 0
1.869535 0.654945 2.649479 -0.821835118 0.141306038 -0.551923584 0 0
1.867865 0.654024 2.652169 -0.903330958 0.106103636 -0.415614243 0 0
1.869535 0.765235 2.697421 -0.832997876 0.312899202 -0.456298836 0 0
1.867865 0.76309 2.699547 -0.909859011 0.234315197 -0.342422209 0 0
1.866837 0.760954 2.701664 -0.973021538 0.129702871 -0.190804223 0 0
1.866837 0.725117 2.681029 -0.972002056 0.103600219 -0.210900446 0 0
1.866484 0.758834 2.703766 -0.999982775 0.00229996038 -0.00539990699 0 0
1.866484 0.723415 2.683376 -0.999990035 0.00119998804 -0.00429995715 0 0
1.866837 0.688317 2.665571 -0.971420614 0.0802017019 -0.223404741 0 0
1.866837 0.653106 2.654847 -0.971204885 0.0587002953 -0.230901161 0 0
1.866484 0.687031 2.668102 -0.99999363 0.000699995541 -0.00349997771 0 0
1.866484 0.652195 2.657505 -0.99999507 0.000499997535 -0.00309998472 0 0
1.877703 0.733654 3.087638 -0.673613496 0.32840658 0.662113266 0 0
1.88049 0.695904 3.106253 -0.686027973 0.248210121 0.683927888 0 0
1.88049 0.735157 3.089711 -0.691345374 0.321121076 0.64724248 0 0
1.877703 0.694769 3.104018 -0.668313921 0.253605283 0.699314567 0 0
1.88049 0.658482 3.11773 -0.683851739 0.182013771 0.706553456 0 0
1.877703 0.657677 3.115382 -0.666111554 0.185903225 0.722312529 0 0
1.882626 0.696872 3.108157 -0.775050884 0.215714162 0.593938993 0 0
1.882626 0.736437 3.091477 -0.779808153 0.278402911 0.560705862 0 0
1.882626 0.659167 3.11973 -0.773141372 0.158408477 0.614132863 0 0
1.874675 0.693521 3.101562 -0.688537013 0.247013279 0.681836653 0 0
1.874675 0.732003 3.08536 -0.693688977 0.319994915 0.645289746 0 0
1.871816 0.692217 3.098995 -0.744625779 0.227207866 0.627621729 0 0
1.871816 0.730277 3.08298 -0.749185878 0.294094456 0.593488813 0 0
1.874675 0.656793 3.112803 -0.686419066 0.181005027 0.704319563 0 0
1.871816 0.655869 3.110106 -0.742802581 0.166400578 0.648502254 0 0
1.874675 0.769535 3.063732 -0.702614959 0.402908578 0.586512487 0 0
1.877703 0.771593 3.065772 -0.682961001 0.413636946 0.602053775 0 0
1.874675 0.803414 3.036212 -0.714547197 0.494232645 0.495132705 0 0
1.877703 0.805844 3.037949 -0.695308034 0.507805868 0.508605877 0 0
1.871816 0.767385 3.061601 -0.757152719 0.369725743 0.538537497 0 0
1.871816 0.800874 3.034397 -0.767527639 0.452716303 0.453816342 0 0
1.88049 0.773466 3.067628 -0.700628737 0.404016571 0.588124122 0 0
1.882626 0.775061 3.06921 -0.78793837 0.348816986 0.50742471 0 0
1.88049 0.808056 3.039529 -0.712913809 0.495409596 0.496309614 0 0
1.882626 0.80994 3.040876 -0.79855065 0.425326977 0.425927015 0 0
1.867865 0.726831 3.078225 -0.906252891 0.187210926 0.37902212 0 0
1.869536 0.690913 3.096428 -0.823294101 0.192998617 0.533796175 0 0
1.869536 0.728552 3.0806 -0.826856026 0.249516907 0.504034152 0 0
1.867865 0.689612 3.093868 -0.90416101 0.145009785 0.401827114 0 0
1.869536 0.654945 3.10741 -0.821835118 0.141306038 0.551923584 0 0
1.867865 0.654024 3.104721 -0.903330958 0.106103636 0.415614243 0 0
1.866837 0.688317 3.091319 -0.971442312 0.0802034933 0.223309726 0 0
1.866837 0.725117 3.075861 -0.972002056 0.103600219 0.210900446 0 0
1.866484 0.687031 3.088788 -0.99999363 0.000699995541 0.00349997771 0 0
1.866484 0.723415 3.073514 -0.999990035 0.00119998804 0.00429995715 0 0
1.866837 0.653106 3.102043 -0.971204885 0.0587002953 0.230901161 0 0
1.866484 0.652195 3.099385 -0.99999507 0.000499997535 0.00309998472 0 0
1.866837 0.760954 3.055226 -0.973021538 0.129702871 0.190804223 0 0
1.867865 0.76309 3.057343 -0.909859011 0.234315197 0.342422209 0 0
1.866837 0.793278 3.028969 -0.974370108 0.158111377 0.160011513 0 0
1.867865 0.7958 3.030771 -0.914517879 0.285205576 0.286905609 0 0
1.866484 0.758834 3.053124 -0.999982775 0.00229996038 0.00539990699 0 0
1.866484 0.790773 3.027179 -0.999973181 0.00419988736 0.00599983909 0 0
1.869536 0.765235 3.059469 -0.832997876 0.312899202 0.456298836 0 0
1.869536 0.798334 3.032582 -0.840980027 0.38189093 0.383290897 0 0
1.877703 0.854397 2.964625 -0.712539351 0.648135794 0.26871484 0 0
1.88049 0.870189 2.922773 -0.734112458 0.665411292 0.135302296 0 0
1.877703 0.867368 2.922338 -0.717094758 0.682995007 0.138898985 0 0
1.88049 0.85709 2.965479 -0.729710121 0.63160876 0.261903633 0 0
1.882626 0.872593 2.923144 -0.815446037 0.567232024 0.11530651 0 0
1.882626 0.859384 2.966206 -0.811865001 0.539376748 0.223490366 0 0
1.88049 0.836155 3.004939 -0.7228187 0.575914899 0.38190988 0 0
1.877703 0.833668 3.003697 -0.705539099 0.590632731 0.391621702 0 0
1.882626 0.838274 3.005996 -0.806414411 0.492908808 0.326705838 0 0
1.874675 0.830934 3.002333 -0.724453713 0.574442591 0.38102825 0 0
1.874675 0.851438 2.963686 -0.731308271 0.630007125 0.261302955 0 0
1.871816 0.828078 3.000908 -0.776515604 0.52501055 0.348407001 0 0
1.871816 0.848346 2.962706 -0.782611735 0.575008622 0.238503576 0 0
1.874675 0.864267 2.92186 -0.735662516 0.663756405 0.135011473 0 0
1.871816 0.861027 2.921361 -0.78649886 0.605199122 0.123099822 0 0
1.867865 0.842168 2.960747 -0.92158713 0.358394995 0.149097918 0 0
1.869536 0.857787 2.920861 -0.855611085 0.507206571 0.103301338 0 0
1.867865 0.854555 2.920363 -0.923307931 0.376303232 0.0768006597 0 0
1.869536 0.845253 2.961725 -0.852645545 0.482525775 0.200410705 0 0
1.869536 0.825221 2.999483 -0.847950221 0.44152615 0.293317372 0 0
1.867865 0.822371 2.998061 -0.918769304 0.328689019 0.218692694 0 0
1.866837 0.819535 2.996646 -0.97581816 0.181703382 0.121502261 0 0
1.866837 0.839097 2.959773 -0.976734157 0.197906921 0.0826028887 0 0
1.866484 0.816718 2.99524 -0.999978256 0.00499989128 0.0042999065 0 0
1.866484 0.836048 2.958806 -0.999980671 0.00549989369 0.00289994394 0 0
1.866837 0.851337 2.919867 -0.977290569 0.207597997 0.0424995899 0 0
1.866484 0.848142 2.919375 -0.999980721 0.00599988432 0.00159996915 0 0
1.867666 0.830151 2.799954 -0.949711102 -0.289303382 0.1198014 0 0
1.866837 0.844977 2.838003 -0.983295742 -0.178399228 0.0360998437 0 0
1.866837 0.833027 2.799042 -0.982845123 -0.170507828 0.0703032277 0 0
1.867666 0.841964 2.838467 -0.950930616 -0.303209762 0.0616019833 0 0
1.866837 0.849165 2.878445 -0.983501446 -0.180900266 0 0 0
1.867666 0.846104 2.878445 -0.951446241 -0.30781496 0 0 0
1.868738 0.839226 2.83889 -0.921835436 -0.3798146 0.0772029677 0 0
1.868738 0.827538 2.800782 -0.920011956 -0.362004704 0.150101951 0 0
1.869822 0.836886 2.83925 -0.907163091 -0.412328676 0.0839058354 0 0
1.869822 0.825304 2.801491 -0.905051662 -0.392822423 0.163009305 0 0
1.868738 0.843322 2.878445 -0.922585054 -0.38579375 0 0 0
1.869822 0.840945 2.878445 -0.90798865 -0.418994763 0 0 0
1.868738 0.808857 2.765572 -0.917148193 -0.332117452 0.220311577 0 0
1.867666 0.811271 2.764367 -0.947848659 -0.265713641 0.176009036 0 0
1.868738 0.783783 2.734705 -0.912941658 -0.288313156 0.288813179 0 0
1.867666 0.78593 2.733171 -0.945108402 -0.231002054 0.231102055 0 0
1.869822 0.806794 2.766601 -0.901732494 -0.360212981 0.239008613 0 0
1.869822 0.781949 2.736016 -0.896827694 -0.312409647 0.313209672 0 0
1.866837 0.813927 2.763042 -0.982202632 -0.15680042 0.103400277 0 0
1.866837 0.788292 2.731484 -0.981257989 -0.136608073 0.135908032 0 0
1.867666 0.720125 2.687915 -0.938296646 -0.153499451 0.309898892 0 0
1.866837 0.685757 2.67061 -0.977780831 -0.0713986002 0.197096136 0 0
1.867666 0.684545 2.672997 -0.936529267 -0.118903716 0.329810307 0 0
1.866837 0.72173 2.685702 -0.978534377 -0.0918032251 0.184506482 0 0
1.866837 0.651293 2.660139 -0.977450457 -0.0522026948 0.204610562 0 0
1.867666 0.650434 2.662646 -0.935784962 -0.0868986036 0.341694509 0 0
1.866837 0.756733 2.705848 -0.979743408 -0.113905047 0.164707298 0 0
1.867666 0.754734 2.70783 -0.941326951 -0.191205474 0.278107962 0 0
1.868738 0.752917 2.709632 -0.907437859 -0.237809922 0.346414453 0 0
1.868738 0.718667 2.689927 -0.903121806 -0.190304595 0.384909294 0 0
1.869822 0.751364 2.711171 -0.890624403 -0.257207048 0.375010275 0 0
1.869822 0.717421 2.691646 -0.885831939 -0.20550741 0.416015 0 0
1.868738 0.683443 2.675166 -0.900554692 -0.147308946 0.409024841 0 0
1.868738 0.649653 2.664924 -0.89950573 -0.107400684 0.423502698 0 0
1.869822 0.682501 2.67702 -0.882997647 -0.158799577 0.441698823 0 0
1.869822 0.648986 2.666872 -0.881794392 -0.115799264 0.457197092 0 0
1.867666 0.720125 3.068975 -0.938296646 -0.153499451 -0.309898892 0 0
1.866837 0.685757 3.08628 -0.977780831 -0.0713986002 -0.197096136 0 0
1.866837 0.72173 3.071188 -0.978534377 -0.0918032251 -0.184506482 0 0
1.867666 0.684545 3.083893 -0.936529267 -0.118903716 -0.329810307 0 0
1.866837 0.651293 3.096751 -0.977470454 -0.0522037627 -0.204514741 0 0
1.867666 0.650434 3.094244 -0.935784962 -0.0868986036 -0.341694509 0 0
1.868738 0.683443 3.081724 -0.900554692 -0.147308946 -0.409024841 0 0
1.868738 0.718667 3.066963 -0.903121806 -0.190304595 -0.384909294 0 0
1.869822 0.682501 3.07987 -0.882997647 -0.158799577 -0.441698823 0 0
1.869822 0.717421 3.065244 -0.885776877 -0.205594633 -0.416089138 0 0
1.868738 0.649653 3.091965 -0.89950573 -0.107400684 -0.423502698 0 0
1.869822 0.648986 3.090018 -0.881794392 -0.115799264 -0.457197092 0 0
1.868738 0.752917 3.047258 -0.907437859 -0.237809922 -0.346414453 0 0
1.867666 0.754734 3.049059 -0.941308947 -0.191301818 -0.278102643 0 0
1.868738 0.783783 3.022185 -0.912941658 -0.288313156 -0.288813179 0 0
1.867666 0.78593 3.023718 -0.945108402 -0.231002054 -0.231102055 0 0
1.869822 0.751364 3.045718 -0.890624403 -0.257207048 -0.375010275 0 0
1.869822 0.781949 3.020874 -0.896827694 -0.312409647 -0.313209672 0 0
1.866837 0.756733 3.051041 -0.979743408 -0.113905047 -0.164707298 0 0
1.866837 0.788292 3.025406 -0.981257989 -0.136608073 -0.135908032 0 0
1.867666 0.830151 2.956936 -0.949711102 -0.289303382 -0.1198014 0 0
1.866837 0.844977 2.918887 -0.983295742 -0.178399228 -0.0360998437 0 0
1.867666 0.841964 2.918422 -0.950930616 -0.303209762 -0.0616019833 0 0
1.866837 0.833027 2.957848 -0.982845123 -0.170507828 -0.0703032277 0 0
1.866837 0.813927 2.993848 -0.982202632 -0.15680042 -0.103400277 0 0
1.867666 0.811271 2.992523 -0.947848659 -0.265713641 -0.176009036 0 0
1.868738 0.808857 2.991318 -0.917168396 -0.332124767 -0.220216422 0 0
1.868738 0.827538 2.956108 -0.920011956 -0.362004704 -0.150101951 0 0
1.869822 0.806794 2.990289 -0.901732494 -0.360212981 -0.239008613 0 0
1.869822 0.825304 2.955399 -0.905051662 -0.392822423 -0.163009305 0 0
1.868738 0.839226 2.918 -0.921835436 -0.3798146 -0.0772029677 0 0
1.869822 0.836886 2.917639 -0.907163091 -0.412328676 -0.0839058354 0 0
1.88428 0.870348 2.787207 -0.912596915 0.377598724 -0.15679947 0 0
1.884762 0.885089 2.83182 -0.898362524 0.430429957 -0.0876060972 0 0
1.884762 0.871312 2.786901 -0.896086908 0.40999401 -0.170097515 0 0
1.88428 0.88408 2.831975 -0.914556508 0.396324488 -0.0807049865 0 0
1.884762 0.889917 2.878445 -0.899273359 0.437387043 0 0 0
1.88428 0.888892 2.878445 -0.915289964 0.402795583 0 0 0
1.885276 0.886099 2.831664 -0.893087019 0.441093589 -0.0884987137 0 0
1.885276 0.872275 2.786596 -0.890758231 0.420627497 -0.172111251 0 0
1.885276 0.890943 2.878445 -0.893986765 0.448093366 0 0 0
1.883862 0.883071 2.832131 -0.939660098 0.33522144 -0.0683043685 0 0
1.883862 0.869385 2.787512 -0.938230338 0.319510332 -0.132804294 0 0
1.883541 0.882061 2.832286 -0.969040231 0.241910043 -0.049402051 0 0
1.883541 0.868422 2.787818 -0.968301331 0.230600317 -0.096000132 0 0
1.883862 0.887867 2.878445 -0.940163698 0.340723085 0 0 0
1.883541 0.886841 2.878445 -0.969295493 0.245898857 0 0 0
1.883862 0.847512 2.746285 -0.935919327 0.293306057 -0.195004027 0 0
1.88428 0.848402 2.745841 -0.909462163 0.346385589 -0.229990431 0 0
1.883862 0.818154 2.710145 -0.932468996 0.254791528 -0.256091485 0 0
1.88428 0.818946 2.709579 -0.904833547 0.300511142 -0.301611182 0 0
1.883541 0.846622 2.746729 -0.96706893 0.211815098 -0.141110058 0 0
1.883541 0.817363 2.71071 -0.965163225 0.184312074 -0.185712165 0 0
1.884762 0.849292 2.745397 -0.892507921 0.375803335 -0.249402213 0 0
1.885276 0.850182 2.744953 -0.887062341 0.386483592 -0.252489281 0 0
1.884762 0.819737 2.709014 -0.88719886 0.325699581 -0.32679958 0 0
1.885276 0.820528 2.708449 -0.881674899 0.336590417 -0.330690585 0 0
1.883284 0.866495 2.788429 -0.9999926 0.00339997484 -0.00179998668 0 0
1.883349 0.881052 2.832442 -0.991732222 0.125704084 -0.0258008383 0 0
1.883349 0.867458 2.788123 -0.991532572 0.119803936 -0.0501016459 0 0
1.883284 0.880043 2.832597 -0.99999275 0.00369997318 -0.000899993475 0 0
1.883349 0.885816 2.878445 -0.99179996 0.127799995 0 0 0
1.883284 0.88479 2.878445 -0.999992 0.003999968 0 0 0
1.883349 0.879033 2.832753 -0.992690376 -0.118298853 0.0238997683 0 0
1.883349 0.865532 2.788734 -0.992490363 -0.113098902 0.0465995475 0 0
1.883541 0.878024 2.832909 -0.970800029 -0.235100007 0.0477000014 0 0
1.883541 0.864568 2.78904 -0.970055406 -0.224412818 0.0929053064 0 0
1.883349 0.883765 2.878445 -0.992786176 -0.11989833 0 0 0
1.883541 0.88274 2.878445 -0.97114008 -0.238509844 0 0 0
1.883349 0.843953 2.748061 -0.992215335 -0.104001607 0.0685010587 0 0
1.883284 0.844843 2.747617 -0.99999155 0.00309997381 -0.00269997719 0 0
1.883349 0.81499 2.712406 -0.991794178 -0.0906994676 0.0900994711 0 0
1.883284 0.815781 2.711841 -0.99998951 0.00269997168 -0.00369996119 0 0
1.883541 0.843063 2.748505 -0.96891979 -0.206304214 0.136502788 0 0
1.883541 0.814198 2.712972 -0.967223073 -0.179704287 0.17940428 0 0
1.883349 0.845732 2.747173 -0.991184567 0.110098286 -0.0736988525 0 0
1.883349 0.816572 2.711276 -0.990633182 0.0959032123 -0.0972032559 0 0
1.884015 0.862509 2.789693 -0.999504973 0.0294001463 -0.0112000557 0 0
1.883862 0.877015 2.833064 -0.975209864 -0.216802193 0.0443004481 0 0
1.883862 0.863605 2.789345 -0.974619902 -0.206604219 0.0862017603 0 0
1.884015 0.875866 2.833241 -0.999525138 0.0303007621 -0.00560014085 0 0
1.883862 0.881714 2.878445 -0.975387608 -0.220497199 0 0 0
1.884015 0.880547 2.878445 -0.99954685 0.0301014109 0 0 0
1.883702 0.874439 2.833462 -0.93606783 0.344824987 -0.0698050583 0 0
1.883702 0.861146 2.790125 -0.934543411 0.328915278 -0.135806308 0 0
1.883702 0.879097 2.878445 -0.936854184 0.349720227 0 0 0
1.883702 0.839902 2.750082 -0.932324628 0.301807972 -0.199205262 0 0
1.884015 0.84116 2.749454 -0.999495477 0.0271998769 -0.0163999258 0 0
1.883702 0.811387 2.71498 -0.929190295 0.261897264 -0.260797276 0 0
1.884015 0.812507 2.71418 -0.999494053 0.0237998584 -0.0210998745 0 0
1.883862 0.842173 2.748949 -0.973612711 -0.189802478 0.126701654 0 0
1.883862 0.813407 2.713537 -0.972033706 -0.165205729 0.166905788 0 0
1.88428 0.742554 2.656973 -0.894987448 0.198297219 -0.399594396 0 0
1.884762 0.701901 2.638833 -0.872703609 0.167000691 -0.458801897 0 0
1.88428 0.701495 2.639632 -0.89246845 0.154211828 -0.423932515 0 0
1.884762 0.743092 2.656232 -0.875656635 0.214813894 -0.432527975 0 0
1.885276 0.702307 2.638033 -0.866176527 0.172595323 -0.468987291 0 0
1.885276 0.74363 2.65549 -0.869410624 0.222402718 -0.441205392 0 0
1.884762 0.66273 2.626761 -0.871497407 0.123099634 -0.474698588 0 0
1.88428 0.662443 2.627601 -0.891448313 0.113706162 -0.438623772 0 0
1.885276 0.663018 2.625921 -0.864837825 0.127005555 -0.485721243 0 0
1.884762 0.783354 2.679459 -0.880677406 0.268123566 -0.390534326 0 0
1.88428 0.782684 2.680123 -0.899309169 0.247402522 -0.360603676 0 0
1.885276 0.784024 2.678795 -0.874834145 0.277710839 -0.396915492 0 0
1.883862 0.782014 2.680787 -0.928442932 0.210009711 -0.306414169 0 0
1.883862 0.742017 2.657715 -0.925330194 0.168405495 -0.339711085 0 0
1.883541 0.781344 2.681451 -0.963096119 0.151899388 -0.222199105 0 0
1.883541 0.741479 2.658456 -0.961497332 0.121899662 -0.246299317 0 0
1.883862 0.701089 2.640432 -0.923512237 0.131001736 -0.360504777 0 0
1.883862 0.662155 2.628441 -0.922790588 0.0965990147 -0.372996195 0 0
1.883541 0.700682 2.641231 -0.960591792 0.0947991899 -0.261297767 0 0
1.883541 0.661867 2.629281 -0.960206621 0.069900482 -0.270401864 0 0
1.883284 0.740404 2.65994 -0.99999595 0.000899996355 -0.00269998907 0 0
1.883349 0.700276 2.642031 -0.989531888 0.0491015823 -0.135704373 0 0
1.883284 0.69987 2.64283 -0.99999723 0.000499998615 -0.00229999363 0 0
1.883349 0.740942 2.659198 -0.989744569 0.0632028461 -0.128105769 0 0
1.883349 0.661579 2.63012 -0.989446065 0.0362016854 -0.140306532 0 0
1.883284 0.661291 2.63096 -0.999997955 0.000299999387 -0.00199999591 0 0
1.883349 0.780674 2.682115 -0.990129576 0.0788023539 -0.115903462 0 0
1.883284 0.780005 2.682779 -0.999993095 0.00149998964 -0.00339997652 0 0
1.883349 0.779335 2.683443 -0.991085 -0.0758988513 0.109498343 0 0
1.883349 0.739867 2.660681 -0.990523605 -0.0615014656 0.122802926 0 0
1.883541 0.778665 2.684107 -0.964813541 -0.149202094 0.216503039 0 0
1.883541 0.739329 2.661422 -0.962890824 -0.120298854 0.241597698 0 0
1.883349 0.699464 2.64363 -0.99018033 -0.0479990465 0.131297392 0 0
1.883349 0.661004 2.6318 -0.990034231 -0.035401224 0.136304713 0 0
1.883541 0.699058 2.64443 -0.961738427 -0.093803748 0.257410285 0 0
1.883541 0.660716 2.63264 -0.96124044 -0.0691029072 0.266911229 0 0
1.884015 0.73818 2.663008 -0.999250793 0.0183009303 -0.0341017334 0 0
1.883862 0.698651 2.645229 -0.96871036 -0.0844009027 0.233402496 0 0
1.884015 0.698189 2.646139 -0.999170959 0.0146010369 -0.0380026989 0 0
1.883862 0.738792 2.662164 -0.969353185 -0.108705964 0.220312088 0 0
1.883862 0.660428 2.63348 -0.968428395 -0.0622018238 0.241407078 0 0
1.884015 0.6601 2.634436 -0.999129205 0.0108003157 -0.040301178 0 0
1.883862 0.777995 2.684771 -0.970536129 -0.135705052 0.199107412 0 0
1.884015 0.777233 2.685527 -0.999366117 0.0215992677 -0.0282990405 0 0
1.883702 0.776285 2.686466 -0.924043644 0.217310264 -0.314514855 0 0
1.883702 0.73742 2.664057 -0.920025057 0.174804761 -0.350709552 0 0
1.883702 0.697614 2.64727 -0.917593017 0.136098964 -0.373497158 0 0
1.883702 0.659693 2.635623 -0.916580747 0.100197895 -0.387091869 0 0
1.88428 0.742554 3.099916 -0.894949792 0.198411039 0.399622234 0 0
1.884762 0.701901 3.118057 -0.872743647 0.167008352 0.458722941 0 0
1.884762 0.743092 3.100658 -0.875679956 0.214795083 0.4324901 0 0
1.88428 0.701495 3.117258 -0.892416845 0.154302912 0.424008003 0 0
1.884762 0.66273 3.130129 -0.871497407 0.123099634 0.474698588 0 0
1.88428 0.662443 3.129289 -0.891409208 0.113701175 0.438704532 0 0
1.885276 0.702307 3.118857 -0.866257056 0.172491449 0.468876756 0 0
1.885276 0.74363 3.101399 -0.869448982 0.22241253 0.441124851 0 0
1.885276 0.663018 3.130969 -0.864905029 0.127000739 0.485602824 0 0
1.883862 0.701089 3.116458 -0.923512237 0.131001736 0.360504777 0 0
1.883862 0.742017 3.099175 -0.925314606 0.16850266 0.339705362 0 0
1.883541 0.700682 3.115659 -0.960591792 0.0947991899 0.261297767 0 0
1.883541 0.741479 3.098433 -0.961497332 0.121899662 0.246299317 0 0
1.883862 0.662155 3.128449 -0.922790588 0.0965990147 0.372996195 0 0
1.883541 0.661867 3.127609 -0.960206621 0.069900482 0.270401864 0 0
1.883862 0.782014 3.076103 -0.928442932 0.210009711 0.306414169 0 0
1.88428 0.782684 3.076767 -0.899309169 0.247402522 0.360603676 0 0
1.883862 0.818154 3.046745 -0.932432179 0.254908797 0.256108838 0 0
1.88428 0.818946 3.04731 -0.904833547 0.300511142 0.301611182 0 0
1.883541 0.781344 3.075439 -0.963096119 0.151899388 0.222199105 0 0
1.883541 0.817363 3.04618 -0.965145295 0.18430865 0.18580872 0 0
1.884762 0.783354 3.077431 -0.880699846 0.268099953 0.390499932 0 0
1.885276 0.784024 3.078095 -0.87485761 0.277686545 0.39688077 0 0
1.884762 0.819737 3.047876 -0.887227851 0.325710224 0.326710256 0 0
1.885276 0.820528 3.048441 -0.881785645 0.336394524 0.330594618 0 0
1.883284 0.740404 3.09695 -0.999995675 0.000899996108 0.00279998789 0 0
1.883349 0.700276 3.114859 -0.989531888 0.0491015823 0.135704373 0 0
1.883349 0.740942 3.097692 -0.98975082 0.0631032401 0.128106578 0 0
1.883284 0.69987 3.114059 -0.99999723 0.000499998615 0.00229999363 0 0
1.883349 0.661579 3.12677 -0.989432177 0.0362011773 0.140404566 0 0
1.883284 0.661291 3.12593 -0.999997955 0.000299999387 0.00199999591 0 0
1.883349 0.699464 3.11326 -0.990165368 -0.048003169 -0.131408675 0 0
1.883349 0.739867 3.096209 -0.990529692 -0.0614018405 -0.122803681 0 0
1.883541 0.699058 3.11246 -0.961738427 -0.093803748 -0.257410285 0 0
1.883541 0.739329 3.095467 -0.962890824 -0.120298854 -0.241597698 0 0
1.883349 0.661004 3.12509 -0.990020731 -0.0354007413 -0.136402856 0 0
1.883541 0.660716 3.12425 -0.96124044 -0.0691029072 -0.266911229 0 0
1.883349 0.779335 3.073447 -0.991085 -0.0758988513 -0.109498343 0 0
1.883284 0.780005 3.074111 -0.999993095 0.00149998964 0.00339997652 0 0
1.883349 0.81499 3.044484 -0.991794178 -0.0906994676 -0.0900994711 0 0
1.883284 0.815781 3.045049 -0.99998951 0.00269997168 0.00369996119 0 0
1.883541 0.778665 3.072783 -0.964813541 -0.149202094 -0.216503039 0 0
1.883541 0.814198 3.043918 -0.967223073 -0.179704287 -0.17940428 0 0
1.883349 0.780674 3.074775 -0.990129576 0.0788023539 0.115903462 0 0
1.883349 0.816572 3.045614 -0.990633182 0.0959032123 0.0972032559 0 0
1.884015 0.73818 3.093882 -0.999250793 0.0183009303 0.0341017334 0 0
1.883862 0.698651 3.11166 -0.96871036 -0.0844009027 -0.233402496 0 0
1.883862 0.738792 3.094726 -0.96935922 -0.108695427 -0.220290733 0 0
1.884015 0.698189 3.110751 -0.999167156 0.0146009814 0.038102561 0 0
1.883862 0.660428 3.12341 -0.96845177 -0.0622033252 -0.2413129 0 0
1.884015 0.6601 3.122454 -0.999129205 0.0108003157 0.040301178 0 0
1.883702 0.697614 3.10962 -0.917593017 0.136098964 0.373497158 0 0
1.883702 0.73742 3.092833 -0.920057321 0.174810891 0.350621844 0 0
1.883702 0.659693 3.121266 -0.916580747 0.100197895 0.387091869 0 0
1.883702 0.776285 3.070424 -0.924043644 0.217310264 0.314514855 0 0
1.884015 0.777233 3.071363 -0.999366117 0.0215992677 0.0282990405 0 0
1.883702 0.811387 3.04191 -0.929190295 0.261897264 0.260797276 0 0
1.884015 0.812507 3.042709 -0.999494053 0.0237998584 0.0210998745 0 0
1.883862 0.777995 3.072119 -0.970536129 -0.135705052 -0.199107412 0 0
1.883862 0.813407 3.043353 -0.972033706 -0.165205729 -0.166905788 0 0
1.88428 0.870348 2.969683 -0.912596915 0.377598724 0.15679947 0 0
1.884762 0.885089 2.92507 -0.89842048 0.430309809 0.0876019969 0 0
1.88428 0.88408 2.924915 -0.914556508 0.396324488 0.0807049865 0 0
1.884762 0.871312 2.969989 -0.896123645 0.409910816 0.170104488 0 0
1.885276 0.886099 2.925226 -0.893087019 0.441093589 0.0884987137 0 0
1.885276 0.872275 2.970294 -0.890778884 0.42059003 0.172095921 0 0
1.884762 0.849292 3.011493 -0.89254146 0.375717452 0.249411585 0 0
1.88428 0.848402 3.011049 -0.909493661 0.346297586 0.229998397 0 0
1.885276 0.850182 3.011937 -0.88709662 0.386398528 0.252499038 0 0
1.883862 0.847512 3.010605 -0.935891872 0.293397452 0.194998306 0 0
1.883862 0.869385 2.969378 -0.938200357 0.319600121 0.13280005 0 0
1.883541 0.846622 3.010161 -0.967048441 0.211910615 0.141107068 0 0
1.883541 0.868422 2.969072 -0.968301331 0.230600317 0.096000132 0 0
1.883862 0.883071 2.924759 -0.939628593 0.335310204 0.0683020785 0 0
1.883541 0.882061 2.924603 -0.969040231 0.241910043 0.049402051 0 0
1.883284 0.866495 2.968461 -0.9999926 0.00339997484 0.00179998668 0 0
1.883349 0.881052 2.924448 -0.991732222 0.125704084 0.0258008383 0 0
1.883284 0.880043 2.924292 -0.999992375 0.00379997103 0.000899993138 0 0
1.883349 0.867458 2.968767 -0.991532572 0.119803936 0.0501016459 0 0
1.883349 0.845733 3.009717 -0.991184567 0.110098286 0.0736988525 0 0
1.883284 0.844843 3.009273 -0.99999155 0.00309997381 0.00269997719 0 0
1.883349 0.843953 3.008829 -0.992205011 -0.104100526 -0.0685003459 0 0
1.883349 0.865532 2.968156 -0.992490363 -0.113098902 -0.0465995475 0 0
1.883541 0.843063 3.008385 -0.968899797 -0.206399957 -0.136499971 0 0
1.883541 0.864568 2.96785 -0.970033632 -0.224507784 -0.092903221 0 0
1.883349 0.879033 2.924137 -0.992678628 -0.118397451 -0.0238994854 0 0
1.883541 0.878024 2.923981 -0.970800029 -0.235100007 -0.0477000014 0 0
1.884015 0.862509 2.967197 -0.999504973 0.0294001463 0.0112000557 0 0
1.883862 0.877015 2.923826 -0.975231003 -0.216706889 -0.0443014084 0 0
1.884015 0.875866 2.923648 -0.999522105 0.0304006723 0.00560012385 0 0
1.883862 0.863605 2.967545 -0.974619902 -0.206604219 -0.0862017603 0 0
1.883862 0.842173 3.007941 -0.973594227 -0.189898874 -0.126699249 0 0
1.884015 0.84116 3.007436 -0.999495477 0.0271998769 0.0163999258 0 0
1.883702 0.839902 3.006808 -0.932352763 0.301717075 0.199211274 0 0
1.883702 0.861146 2.966765 -0.934543411 0.328915278 0.135806308 0 0
1.883702 0.874439 2.923428 -0.936080207 0.344792709 0.0697985241 0 0
1.871431 0.822202 2.802474 -0.869988825 -0.455494149 0.188797575 0 0
1.870687 0.835066 2.839531 -0.897630426 -0.43191464 0.0878029761 0 0
1.870687 0.823567 2.802042 -0.895337421 -0.411417196 0.170607131 0 0
1.871431 0.833635 2.839751 -0.872726558 -0.478414558 0.0973029611 0 0
1.870687 0.839095 2.878445 -0.898587689 -0.438793989 0 0 0
1.871431 0.837642 2.878445 -0.873902438 -0.486101356 0 0 0
1.872154 0.832465 2.839932 -0.826969403 -0.550979614 0.111995856 0 0
1.872154 0.821085 2.802829 -0.823521601 -0.524013745 0.2173057 0 0
1.872954 0.831425 2.840092 -0.76643935 -0.629432316 0.128006572 0 0
1.872954 0.820092 2.803144 -0.762284713 -0.597888009 0.247895029 0 0
1.872154 0.836453 2.878445 -0.828494925 -0.55999657 0 0 0
1.872954 0.835397 2.878445 -0.768204886 -0.640204072 0 0 0
1.872154 0.802896 2.768546 -0.818304427 -0.479002591 0.317701719 0 0
1.871431 0.803928 2.768031 -0.865736163 -0.417117423 0.276611554 0 0
1.872154 0.778483 2.738492 -0.810519882 -0.413810151 0.414510168 0 0
1.871431 0.779401 2.737837 -0.859485948 -0.361094096 0.361794085 0 0
1.872954 0.801979 2.769003 -0.755955073 -0.545539744 0.36182636 0 0
1.872954 0.777668 2.739075 -0.746727857 -0.469917531 0.47071756 0 0
1.870687 0.805189 2.767402 -0.891772507 -0.377088375 0.25009229 0 0
1.870687 0.780522 2.737036 -0.88644861 -0.326917927 0.327617965 0 0
1.875085 0.818106 2.803773 -0.643321561 -0.707223703 0.293209827 0 0
1.873931 0.830385 2.840252 -0.704895168 -0.695095235 0.141299031 0 0
1.873931 0.819099 2.803458 -0.700257437 -0.659454091 0.273422427 0 0
1.875085 0.829345 2.840413 -0.648203056 -0.746203518 0.151700715 0 0
1.873931 0.83434 2.878445 -0.706806715 -0.70740672 0 0 0
1.875085 0.833283 2.878445 -0.65023117 -0.759736419 0 0 0
1.876415 0.828305 2.840573 -0.597206008 -0.786007907 0.159801608 0 0
1.876415 0.817114 2.804088 -0.592115475 -0.744419456 0.308608066 0 0
1.877922 0.827264 2.840734 -0.551716168 -0.817323952 0.166104868 0 0
1.877922 0.816121 2.804403 -0.546691354 -0.773487767 0.320694928 0 0
1.876415 0.832226 2.878445 -0.5991997 -0.8005996 0 0 0
1.877922 0.83117 2.878445 -0.553822929 -0.832634472 0 0 0
1.876415 0.799228 2.770376 -0.584514832 -0.676217159 0.448411379 0 0
1.875085 0.800145 2.769918 -0.635779627 -0.643279386 0.42658633 0 0
1.876415 0.775222 2.740823 -0.573543634 -0.578844037 0.579644098 0 0
1.875085 0.776037 2.740241 -0.624928644 -0.551625284 0.552425321 0 0
1.877922 0.798311 2.770833 -0.539091922 -0.701989481 0.465393026 0 0
1.877922 0.774406 2.741406 -0.528211652 -0.600013236 0.600813254 0 0
1.873931 0.801062 2.769461 -0.693117099 -0.60071482 0.398409829 0 0
1.873931 0.776852 2.739658 -0.682811171 -0.516208445 0.517008458 0 0
1.881301 0.81417 2.80502 -0.512419898 -0.793330806 0.328712764 0 0
1.879606 0.826224 2.840894 -0.521906673 -0.835910687 0.169902172 0 0
1.879606 0.815128 2.804718 -0.516916144 -0.790824698 0.327710235 0 0
1.881301 0.82522 2.841048 -0.517476101 -0.838561272 0.170392131 0 0
1.879606 0.830113 2.878445 -0.523935603 -0.851757879 0 0 0
1.881301 0.829093 2.878445 -0.519486883 -0.854478425 0 0 0
1.88284 0.824289 2.84119 -0.541910334 -0.823615707 0.167303191 0 0
1.88284 0.813281 2.805299 -0.536701036 -0.779501504 0.323000623 0 0
1.884058 0.823467 2.841314 -0.62280549 -0.766706759 0.155801373 0 0
1.884058 0.812495 2.805543 -0.617374623 -0.726770127 0.301087624 0 0
1.88284 0.828147 2.878445 -0.54392284 -0.839135236 0 0 0
1.884058 0.827312 2.878445 -0.624731634 -0.780839539 0 0 0
1.88284 0.795686 2.772136 -0.528629297 -0.707639218 0.468825983 0 0
1.881301 0.796508 2.771731 -0.504705082 -0.719607247 0.476904802 0 0
1.88284 0.772071 2.743066 -0.517087699 -0.605085605 0.605385598 0 0
1.881301 0.772803 2.742549 -0.493789497 -0.614686926 0.615086917 0 0
1.884058 0.794959 2.77249 -0.608897409 -0.661297186 0.438098136 0 0
1.884058 0.771422 2.743516 -0.596620712 -0.567419698 0.567519702 0 0
1.879606 0.797394 2.771291 -0.509322681 -0.717331944 0.475421171 0 0
1.879606 0.773591 2.741988 -0.49859564 -0.612694642 0.613194638 0 0
1.871431 0.71569 2.694034 -0.845101378 -0.236800386 0.479300781 0 0
1.870687 0.681768 2.678462 -0.871309179 -0.166001749 0.461804865 0 0
1.871431 0.681193 2.679595 -0.841439759 -0.182708633 0.508524028 0 0
1.870687 0.716451 2.692983 -0.874407708 -0.214901894 0.435003835 0 0
1.870687 0.648467 2.668386 -0.870041232 -0.12090573 0.477922649 0 0
1.871431 0.648059 2.669577 -0.839941066 -0.133006503 0.526125723 0 0
1.870687 0.750156 2.712369 -0.879687108 -0.269096056 0.392094254 0 0
1.871431 0.749207 2.71331 -0.851360372 -0.296821048 0.432530672 0 0
1.872154 0.74843 2.71408 -0.800503322 -0.339201408 0.494102051 0 0
1.872154 0.715067 2.694894 -0.79272555 -0.270008703 0.546517615 0 0
1.872954 0.74774 2.714764 -0.734896935 -0.3836984 0.559197668 0 0
1.872954 0.714513 2.695658 -0.725841487 -0.304617411 0.616735251 0 0
1.872154 0.680722 2.680522 -0.788247277 -0.208012476 0.579134735 0 0
1.872154 0.647725 2.67055 -0.786412736 -0.151202449 0.598909699 0 0
1.872954 0.680303 2.681346 -0.720646753 -0.234215195 0.652542335 0 0
1.872954 0.647429 2.671416 -0.71853924 -0.170209295 0.674336827 0 0
1.875085 0.713405 2.697186 -0.601630696 -0.353618042 0.716236543 0 0
1.873931 0.679884 2.68217 -0.654732692 -0.255312748 0.711435523 0 0
1.875085 0.679466 2.682994 -0.595890746 -0.271195788 0.755888261 0 0
1.873931 0.713959 2.696422 -0.660237024 -0.332518647 0.673437764 0 0
1.873931 0.647132 2.672282 -0.652386998 -0.185296307 0.734885354 0 0
1.875085 0.646835 2.673147 -0.593577442 -0.196692525 0.780370343 0 0
1.873931 0.74705 2.715448 -0.669927994 -0.420117555 0.612125578 0 0
1.875085 0.746359 2.716133 -0.611631925 -0.447623364 0.652334049 0 0
1.876415 0.745669 2.716817 -0.560107155 -0.468805989 0.683008725 0 0
1.876415 0.712851 2.697951 -0.550102877 -0.369701934 0.748803916 0 0
1.877922 0.744979 2.717501 -0.515007236 -0.485106816 0.706709929 0 0
1.877922 0.712297 2.698715 -0.505220846 -0.382015762 0.773831929 0 0
1.876415 0.679047 2.683818 -0.544388633 -0.283194087 0.789583514 0 0
1.876415 0.646539 2.674012 -0.542132938 -0.205212468 0.814849508 0 0
1.877922 0.678629 2.684642 -0.499620832 -0.292312188 0.815434 0 0
1.877922 0.646242 2.674878 -0.497439526 -0.211716823 0.841266845 0 0
1.881301 0.711207 2.700214 -0.470997115 -0.390497608 0.790995155 0 0
1.879606 0.67821 2.685466 -0.470525433 -0.297716092 0.830644898 0 0
1.881301 0.677804 2.686259 -0.465312094 -0.298707764 0.833221656 0 0
1.879606 0.711743 2.699479 -0.475995133 -0.389296019 0.788591937 0 0
1.879606 0.645946 2.675744 -0.468206506 -0.215602996 0.856911907 0 0
1.881301 0.645658 2.676576 -0.4627976 -0.216198879 0.859695543 0 0
1.879606 0.744289 2.718185 -0.485613612 -0.494713867 0.720720202 0 0
1.881301 0.743621 2.718844 -0.480717958 -0.496418544 0.722827002 0 0
1.88284 0.743 2.71945 -0.503521325 -0.489220719 0.712130159 0 0
1.88284 0.710707 2.700891 -0.493193766 -0.385195131 0.779990141 0 0
1.884058 0.742448 2.719979 -0.582343858 -0.460334669 0.670050463 0 0
1.884058 0.71026 2.701482 -0.571016571 -0.363610552 0.73602136 0 0
1.88284 0.677424 2.686989 -0.486992712 -0.29469559 0.822187696 0 0
1.88284 0.645387 2.677343 -0.484019961 -0.213408801 0.848634999 0 0
1.884058 0.677084 2.687626 -0.564009876 -0.27870488 0.777313611 0 0
1.884058 0.645142 2.678012 -0.560222709 -0.202008189 0.803332564 0 0
1.871431 0.71569 3.062856 -0.845101378 -0.236800386 -0.479300781 0 0
1.870687 0.681768 3.078428 -0.871309179 -0.166001749 -0.461804865 0 0
1.870687 0.716451 3.063906 -0.874407708 -0.214901894 -0.435003835 0 0
1.871431 0.681193 3.077295 -0.841439759 -0.182708633 -0.508524028 0 0
1.870687 0.648467 3.088503 -0.870041232 -0.12090573 -0.477922649 0 0
1.871431 0.648059 3.087313 -0.839941066 -0.133006503 -0.526125723 0 0
1.872154 0.680722 3.076368 -0.788247277 -0.208012476 -0.579134735 0 0
1.872154 0.715067 3.061996 -0.792806025 -0.270002052 -0.546404153 0 0
1.872954 0.680303 3.075544 -0.720694818 -0.234198316 -0.652495309 0 0
1.872954 0.714513 3.061232 -0.7258888 -0.3045953 -0.616690485 0 0
1.872154 0.647725 3.086339 -0.786400841 -0.151300162 -0.598900641 0 0
1.872954 0.647429 3.085474 -0.71853924 -0.170209295 -0.674336827 0 0
1.872154 0.74843 3.04281 -0.800503322 -0.339201408 -0.494102051 0 0
1.871431 0.749207 3.04358 -0.851424709 -0.296808614 -0.432412549 0 0
1.872154 0.778483 3.018397 -0.810519882 -0.413810151 -0.414510168 0 0
1.871431 0.779401 3.019053 -0.859485948 -0.361094096 -0.361794085 0 0
1.872954 0.74774 3.042126 -0.734868736 -0.383783672 -0.55917621 0 0
1.872954 0.777668 3.017815 -0.746727857 -0.469917531 -0.47071756 0 0
1.870687 0.750156 3.044521 -0.879687108 -0.269096056 -0.392094254 0 0
1.870687 0.780522 3.019854 -0.88644861 -0.326917927 -0.327617965 0 0
1.875085 0.713405 3.059703 -0.601630696 -0.353618042 -0.716236543 0 0
1.873931 0.679884 3.07472 -0.654732692 -0.255312748 -0.711435523 0 0
1.873931 0.713959 3.060468 -0.660237024 -0.332518647 -0.673437764 0 0
1.875085 0.679466 3.073896 -0.59582625 -0.271211949 -0.755933303 0 0
1.873931 0.647132 3.084608 -0.652434942 -0.185309925 -0.734839355 0 0
1.875085 0.646835 3.083743 -0.593577442 -0.196692525 -0.780370343 0 0
1.876415 0.679047 3.073072 -0.544388633 -0.283194087 -0.789583514 0 0
1.876415 0.712851 3.058939 -0.550102877 -0.369701934 -0.748803916 0 0
1.877922 0.678629 3.072248 -0.499620832 -0.292312188 -0.815434 0 0
1.877922 0.712297 3.058175 -0.505220846 -0.382015762 -0.773831929 0 0
1.876415 0.646539 3.082877 -0.542132938 -0.205212468 -0.814849508 0 0
1.877922 0.646242 3.082012 -0.497439526 -0.211716823 -0.841266845 0 0
1.876415 0.745669 3.040073 -0.560133413 -0.46872796 -0.683040745 0 0
1.875085 0.746359 3.040757 -0.611631925 -0.447623364 -0.652334049 0 0
1.876415 0.775222 3.016067 -0.573510386 -0.578810482 -0.579710499 0 0
1.875085 0.776037 3.016649 -0.624928644 -0.551625284 -0.552425321 0 0
1.877922 0.744979 3.039389 -0.515105692 -0.485005359 -0.706707809 0 0
1.877922 0.774406 3.015484 -0.528211652 -0.600013236 -0.600813254 0 0
1.873931 0.74705 3.041441 -0.669927994 -0.420117555 -0.612125578 0 0
1.873931 0.776852 3.017232 -0.682846418 -0.516135085 -0.517035147 0 0
1.881301 0.711207 3.056676 -0.470919294 -0.390516 -0.791032409 0 0
1.879606 0.67821 3.071424 -0.470525433 -0.297716092 -0.830644898 0 0
1.879606 0.711743 3.057411 -0.475917785 -0.389314549 -0.788629472 0 0
1.881301 0.677804 3.070631 -0.465312094 -0.298707764 -0.833221656 0 0
1.879606 0.645946 3.081146 -0.468206506 -0.215602996 -0.856911907 0 0
1.881301 0.645658 3.080313 -0.4627976 -0.216198879 -0.859695543 0 0
1.88284 0.677424 3.069901 -0.486992712 -0.29469559 -0.822187696 0 0
1.88284 0.710707 3.055998 -0.493326909 -0.385121007 -0.779942543 0 0
1.884058 0.677084 3.069264 -0.564009876 -0.27870488 -0.777313611 0 0
1.884058 0.71026 3.055408 -0.571083961 -0.363589789 -0.73597933 0 0
1.88284 0.645387 3.079546 -0.484019961 -0.213408801 -0.848634999 0 0
1.884058 0.645142 3.078878 -0.560222709 -0.202008189 -0.803332564 0 0
1.88284 0.743 3.037439 -0.503620604 -0.48912001 -0.712129134 0 0
1.881301 0.743621 3.038046 -0.480717958 -0.496418544 -0.722827002 0 0
1.88284 0.772071 3.013824 -0.517119002 -0.605122236 -0.605322243 0 0
1.881301 0.772803 3.014341 -0.493819849 -0.614624705 -0.615124725 0 0
1.884058 0.742448 3.036911 -0.582317048 -0.460413479 -0.670019615 0 0
1.884058 0.771422 3.013374 -0.596488589 -0.567489144 -0.567589142 0 0
1.879606 0.744289 3.038704 -0.485613612 -0.494713867 -0.720720202 0 0
1.879606 0.773591 3.014901 -0.498626189 -0.612632176 -0.613232208 0 0
1.871431 0.822202 2.954415 -0.869988825 -0.455494149 -0.188797575 0 0
1.870687 0.835066 2.917359 -0.897630426 -0.43191464 -0.0878029761 0 0
1.871431 0.833635 2.917139 -0.872726558 -0.478414558 -0.0973029611 0 0
1.870687 0.823567 2.954848 -0.895337421 -0.411417196 -0.170607131 0 0
1.870687 0.805189 2.989488 -0.891729722 -0.377112569 -0.25020834 0 0
1.871431 0.803928 2.988859 -0.865736163 -0.417117423 -0.276611554 0 0
1.872154 0.802896 2.988344 -0.818304427 -0.479002591 -0.317701719 0 0
1.872154 0.821085 2.954061 -0.823521601 -0.524013745 -0.2173057 0 0
1.872954 0.801979 2.987887 -0.755955073 -0.545539744 -0.36182636 0 0
1.872954 0.820092 2.953746 -0.762284713 -0.597888009 -0.247895029 0 0
1.872154 0.832465 2.916958 -0.826969403 -0.550979614 -0.111995856 0 0
1.872954 0.831425 2.916798 -0.76643935 -0.629432316 -0.128006572 0 0
1.875085 0.818106 2.953117 -0.643321561 -0.707223703 -0.293209827 0 0
1.873931 0.830385 2.916637 -0.704895168 -0.695095235 -0.141299031 0 0
1.875085 0.829345 2.916477 -0.648203056 -0.746203518 -0.151700715 0 0
1.873931 0.819099 2.953432 -0.700257437 -0.659454091 -0.273422427 0 0
1.873931 0.801062 2.987429 -0.693117099 -0.60071482 -0.398409829 0 0
1.875085 0.800145 2.986972 -0.635779627 -0.643279386 -0.42658633 0 0
1.876415 0.799228 2.986514 -0.584514832 -0.676217159 -0.448411379 0 0
1.876415 0.817114 2.952802 -0.592115475 -0.744419456 -0.308608066 0 0
1.877922 0.798311 2.986057 -0.539091922 -0.701989481 -0.465393026 0 0
1.877922 0.816121 2.952487 -0.546691354 -0.773487767 -0.320694928 0 0
1.876415 0.828305 2.916317 -0.597206008 -0.786007907 -0.159801608 0 0
1.877922 0.827264 2.916156 -0.551716168 -0.817323952 -0.166104868 0 0
1.881301 0.81417 2.951869 -0.512419898 -0.793330806 -0.328712764 0 0
1.879606 0.826224 2.915996 -0.521906673 -0.835910687 -0.169902172 0 0
1.881301 0.82522 2.915842 -0.517402877 -0.838604663 -0.170400947 0 0
1.879606 0.815128 2.952172 -0.516916144 -0.790824698 -0.327710235 0 0
1.879606 0.797394 2.985599 -0.509396737 -0.717295406 -0.475396955 0 0
1.881301 0.796508 2.985159 -0.504803675 -0.719605239 -0.476803471 0 0
1.88284 0.795686 2.984753 -0.528629297 -0.707639218 -0.468825983 0 0
1.88284 0.813281 2.95159 -0.536701036 -0.779501504 -0.323000623 0 0
1.884058 0.794959 2.9844 -0.608834479 -0.661337453 -0.438124812 0 0
1.884058 0.812495 2.951347 -0.617312735 -0.726814994 -0.301106212 0 0
1.88284 0.824289 2.9157 -0.541910334 -0.823615707 -0.167303191 0 0
1.884058 0.823467 2.915576 -0.622744272 -0.766754511 -0.155811077 0 0
1.871431 0.097947 3.097683 -0.838425271 -0.000400012057 -0.545016427 0 0
1.870687 0.109251 3.098925 -0.868962157 -0.000299986936 -0.494878449 0 0
1.871431 0.109251 3.097675 -0.838425271 -0.000400012057 -0.545016427 0 0
1.870687 0.097947 3.098933 -0.868962157 -0.000299986936 -0.494878449 0 0
1.869822 0.109251 3.100514 -0.880942665 -0.00030001453 -0.473222919 0 0
1.869822 0.097947 3.100523 -0.880942665 -0.00030001453 -0.473222919 0 0
1.870687 0.130834 3.098908 -0.868937634 -0.000400017325 -0.494921436 0 0
1.871431 0.130834 3.097659 -0.838425271 -0.000400012057 -0.545016427 0 0
1.869822 0.130834 3.100498 -0.880942665 -0.00030001453 -0.473222919 0 0
1.870687 0.093496 3.098935 -0.868962179 -0.000199991296 -0.494878461 0 0
1.871431 0.093496 3.097686 -0.838425321 -0.00020000604 -0.54501646 0 0
1.870687 0.09247 3.098935 -0.868962197 0 -0.494878471 0 0
1.871431 0.09247 3.097686 -0.838455039 0 -0.544970777 0 0
1.869822 0.093496 3.100525 -0.8809427 -0.000100004847 -0.473222938 0 0
1.869822 0.09247 3.100525 -0.881006779 0 -0.473103641 0 0
1.872154 0.093496 3.096664 -0.784514004 -0.00020000357 -0.620111069 0 0
1.872154 0.097947 3.096662 -0.784513957 -0.000400007116 -0.620111032 0 0
1.872954 0.093496 3.095756 -0.716493534 -0.000199998195 -0.697593704 0 0
1.872954 0.097947 3.095753 -0.716493491 -0.000399996366 -0.697593662 0 0
1.872154 0.09247 3.096664 -0.784514019 0 -0.620111081 0 0
1.872954 0.09247 3.095756 -0.716493548 0 -0.697593718 0 0
1.872154 0.109251 3.096653 -0.784513957 -0.000400007116 -0.620111032 0 0
1.872154 0.130834 3.096637 -0.784426808 -0.000500017088 -0.620221196 0 0
1.872954 0.109251 3.095745 -0.716493458 -0.000499995435 -0.697593631 0 0
1.872954 0.130834 3.095729 -0.716493458 -0.000499995435 -0.697593631 0 0
1.875085 0.097947 3.093936 -0.591680007 -0.000499983106 -0.80617276 0 0
1.873931 0.109251 3.094836 -0.650338208 -0.000500029378 -0.75964463 0 0
1.875085 0.109251 3.093928 -0.59161498 -0.000600015193 -0.806220414 0 0
1.873931 0.097947 3.094844 -0.650288805 -0.000499991393 -0.759686922 0 0
1.873931 0.130834 3.09482 -0.650338208 -0.000500029378 -0.75964463 0 0
1.875085 0.130834 3.093912 -0.591549973 -0.000600050691 -0.806268112 0 0
1.873931 0.093496 3.094847 -0.650338277 -0.000200011772 -0.75964471 0 0
1.875085 0.093496 3.093939 -0.59172777 -0.000200009387 -0.806137833 0 0
1.873931 0.09247 3.094847 -0.65033829 0 -0.759644725 0 0
1.875085 0.09247 3.093939 -0.591680081 0 -0.806172861 0 0
1.876415 0.093496 3.09303 -0.540332937 -0.000200012192 -0.841451292 0 0
1.876415 0.097947 3.093027 -0.540287414 -0.000499988353 -0.841480398 0 0
1.877922 0.093496 3.092122 -0.495697328 -0.000199998922 -0.868495319 0 0
1.877922 0.097947 3.092119 -0.495697276 -0.000499997253 -0.868495228 0 0
1.876415 0.09247 3.09303 -0.540287482 0 -0.841480503 0 0
1.877922 0.09247 3.092122 -0.495697338 0 -0.868495336 0 0
1.876415 0.109251 3.093019 -0.540216571 -0.000600018406 -0.841525814 0 0
1.876415 0.130834 3.093004 -0.540216571 -0.000600018406 -0.841525814 0 0
1.877922 0.109251 3.092111 -0.495697249 -0.00059999667 -0.86849518 0 0
1.877922 0.130834 3.092095 -0.495697249 -0.00059999667 -0.86849518 0 0
1.881301 0.097947 3.090336 -0.460999998 -0.000499999998 -0.887399996 0 0
1.879606 0.109251 3.091202 -0.466628167 -0.000600036219 -0.884453387 0 0
1.881301 0.109251 3.090328 -0.460921219 -0.000600027623 -0.887440854 0 0
1.879606 0.097947 3.09121 -0.466628192 -0.00050003021 -0.884453436 0 0
1.879606 0.130834 3.091187 -0.466628167 -0.000600036219 -0.884453387 0 0
1.881301 0.130834 3.090313 -0.460921219 -0.000600027623 -0.887440854 0 0
1.879606 0.093496 3.091213 -0.466628241 -0.000200012105 -0.884453529 0 0
1.881301 0.093496 3.090339 -0.461000046 -0.00020000002 -0.887400089 0 0
1.879606 0.09247 3.091213 -0.466706476 0 -0.884412271 0 0
1.881301 0.09247 3.090339 -0.461000055 0 -0.887400107 0 0
1.88284 0.093496 3.089534 -0.481596253 -0.000199998444 -0.876393182 0 0
1.88284 0.097947 3.089531 -0.481596203 -0.000499996058 -0.87639309 0 0
1.884058 0.093496 3.088832 -0.55640673 -0.000200002419 -0.83091005 0 0
1.884058 0.097947 3.088829 -0.556406671 -0.000500005995 -0.830909963 0 0
1.88284 0.09247 3.089534 -0.481596263 0 -0.876393199 0 0
1.884058 0.09247 3.088832 -0.556475777 0 -0.830863833 0 0
1.88284 0.109251 3.089523 -0.481519365 -0.00060002413 -0.876435247 0 0
1.88284 0.130834 3.089508 -0.481400344 -0.000600000429 -0.876500627 0 0
1.884058 0.109251 3.088821 -0.556521913 -0.000600023626 -0.830832715 0 0
1.884058 0.130834 3.088806 -0.556406641 -0.000600007161 -0.830909917 0 0
1.871431 0.097947 2.659206 -0.8384253 -0.000300009053 0.545016446 0 0
1.870687 0.109251 2.657965 -0.868962127 -0.000399982567 0.494878431 0 0
1.870687 0.097947 2.657957 -0.868962157 -0.000299986936 0.494878449 0 0
1.871431 0.109251 2.659214 -0.838425271 -0.000400012057 0.545016427 0 0
1.870687 0.130834 2.657982 -0.868962127 -0.000399982567 0.494878431 0 0
1.871431 0.130834 2.659231 -0.838379573 -0.000399990254 0.545086719 0 0
1.869822 0.109251 2.656375 -0.880942665 -0.00030001453 0.473222919 0 0
1.869822 0.097947 2.656367 -0.880942665 -0.00030001453 0.473222919 0 0
1.869822 0.130834 2.656392 -0.880942665 -0.00030001453 0.473222919 0 0
1.872154 0.109251 2.660236 -0.784513957 -0.000400007116 0.620111032 0 0
1.872154 0.097947 2.660228 -0.784513957 -0.000400007116 0.620111032 0 0
1.872954 0.109251 2.661145 -0.716493458 -0.000499995435 0.697593631 0 0
1.872954 0.097947 2.661137 -0.716543442 -0.000500030315 0.69754229 0 0
1.872154 0.130834 2.660253 -0.784426808 -0.000500017088 0.620221196 0 0
1.872954 0.130834 2.661161 -0.716493458 -0.000499995435 0.697593631 0 0
1.872154 0.093496 2.660226 -0.784514004 -0.00020000357 0.620111069 0 0
1.871431 0.093496 2.659204 -0.838425321 -0.00020000604 0.54501646 0 0
1.872154 0.09247 2.660226 -0.784514019 0 0.620111081 0 0
1.871431 0.09247 2.659204 -0.838455039 0 0.544970777 0 0
1.872954 0.093496 2.661134 -0.716493534 -0.000199998195 0.697593704 0 0
1.872954 0.09247 2.661134 -0.716493548 0 0.697593718 0 0
1.870687 0.093496 2.657954 -0.868962179 -0.000199991296 0.494878461 0 0
1.869822 0.093496 2.656364 -0.8809427 -0.000100004847 0.473222938 0 0
1.870687 0.09247 2.657954 -0.868962197 0 0.494878471 0 0
1.869822 0.09247 2.656364 -0.880965097 0 0.473181253 0 0
1.875085 0.097947 2.662954 -0.591615012 -0.000500012688 0.806220458 0 0
1.873931 0.109251 2.662053 -0.650288805 -0.000499991393 0.759686922 0 0
1.873931 0.097947 2.662045 -0.650288805 -0.000499991393 0.759686922 0 0
1.875085 0.109251 2.662962 -0.59161498 -0.000600015193 0.806220414 0 0
1.873931 0.130834 2.662069 -0.650288805 -0.000499991393 0.759686922 0 0
1.875085 0.130834 2.662978 -0.59161498 -0.000600015193 0.806220414 0 0
1.876415 0.109251 2.66387 -0.540332851 -0.00060003648 0.841451157 0 0
1.876415 0.097947 2.663862 -0.540403683 -0.000500003408 0.841405734 0 0
1.877922 0.109251 2.664779 -0.495697249 -0.00059999667 0.86849518 0 0
1.877922 0.097947 2.664771 -0.495697276 -0.000499997253 0.868495228 0 0
1.876415 0.130834 2.663886 -0.540287384 -0.00059998599 0.841480352 0 0
1.877922 0.130834 2.664795 -0.495621815 -0.000600026411 0.86853823 0 0
1.876415 0.093496 2.66386 -0.54040374 -0.000200001384 0.841405823 0 0
1.875085 0.093496 2.662951 -0.591615075 -0.000200005096 0.806220543 0 0
1.876415 0.09247 2.66386 -0.54040375 0 0.841405839 0 0
1.875085 0.09247 2.662951 -0.591615086 0 0.806220559 0 0
1.877922 0.093496 2.664768 -0.495697328 -0.000199998922 0.868495319 0 0
1.877922 0.09247 2.664768 -0.495697338 0 0.868495336 0 0
1.873931 0.093496 2.662043 -0.650338277 -0.000200011772 0.75964471 0 0
1.873931 0.09247 2.662043 -0.650288887 0 0.759687017 0 0
1.881301 0.097947 2.666553 -0.460999998 -0.000499999998 0.887399996 0 0
1.879606 0.109251 2.665687 -0.466586896 -0.00059998315 0.88447516 0 0
1.879606 0.097947 2.665679 -0.466586922 -0.000499985986 0.884475209 0 0
1.881301 0.109251 2.666561 -0.460999972 -0.000599999964 0.887399947 0 0
1.879606 0.130834 2.665703 -0.466586896 -0.00059998315 0.88447516 0 0
1.881301 0.130834 2.666577 -0.460921219 -0.000600027623 0.887440854 0 0
1.88284 0.109251 2.667367 -0.481596176 -0.000599995236 0.876393041 0 0
1.88284 0.097947 2.667359 -0.481596203 -0.000499996058 0.87639309 0 0
1.884058 0.109251 2.668068 -0.556406641 -0.000600007161 0.830909917 0 0
1.884058 0.097947 2.668061 -0.556406671 -0.000500005995 0.830909963 0 0
1.88284 0.130834 2.667382 -0.481519365 -0.00060002413 0.876435247 0 0
1.884058 0.130834 2.668084 -0.556406641 -0.000600007161 0.830909917 0 0
1.88284 0.093496 2.667356 -0.481519442 -0.000200008075 0.876435387 0 0
1.881301 0.093496 2.666551 -0.461000046 -0.00020000002 0.887400089 0 0
1.88284 0.09247 2.667356 -0.481596263 0 0.876393199 0 0
1.881301 0.09247 2.666551 -0.461000055 0 0.887400107 0 0
1.884058 0.093496 2.668058 -0.55640673 -0.000200002419 0.83091005 0 0
1.884058 0.09247 2.668058 -0.556475777 0 0.830863833 0 0
1.879606 0.093496 2.665677 -0.466628241 -0.000200012105 0.884453529 0 0
1.879606 0.09247 2.665677 -0.46658698 0 0.884475319 0 0
1.884015 0.097947 3.134569 -0.998866327 0 0.047603161 0 0
1.883862 0.109251 3.135563 -0.968888616 -0.00019999765 -0.247497092 0 0
1.884015 0.109251 3.13456 -0.998866327 0 0.047603161 0 0
1.883862 0.097947 3.135573 -0.968888616 -0.00019999765 -0.247497092 0 0
1.883541 0.109251 3.136445 -0.960406646 -0.000200001384 -0.278601928 0 0
1.883541 0.097947 3.136454 -0.960406646 -0.000200001384 -0.278601928 0 0
1.883862 0.130834 3.135544 -0.968888616 -0.00019999765 -0.247497092 0 0
1.884015 0.130834 3.134541 -0.998866327 0 0.047603161 0 0
1.883541 0.130834 3.136425 -0.960406646 -0.000200001384 -0.278601928 0 0
1.883862 0.093496 3.135576 -0.96888863 -9.99988265e-05 -0.247497096 0 0
1.884015 0.093496 3.134573 -0.998871077 0 0.0475033802 0 0
1.883862 0.09247 3.135576 -0.968888635 0 -0.247497097 0 0
1.884015 0.09247 3.134573 -0.998871303 0 0.0474986354 0 0
1.883541 0.093496 3.136457 -0.96040666 -0.000100000694 -0.278601932 0 0
1.883541 0.09247 3.136457 -0.960406665 0 -0.278601934 0 0
1.883702 0.093496 3.133326 -0.914186406 9.9998513e-05 0.405293973 0 0
1.883702 0.097947 3.133322 -0.91418637 0.000299995527 0.405293957 0 0
1.882626 0.093496 3.131713 -0.770429874 0.000200007755 0.637524721 0 0
1.882626 0.097947 3.13171 -0.770429793 0.000500019336 0.637524654 0 0
1.883702 0.09247 3.133326 -0.914186411 0 0.405293975 0 0
1.882626 0.09247 3.131713 -0.770380772 0 0.637584086 0 0
1.883702 0.109251 3.133313 -0.91418637 0.000299995527 0.405293957 0 0
1.883702 0.130834 3.133294 -0.91418637 0.000299995527 0.405293957 0 0
1.882626 0.109251 3.131701 -0.77034002 0.000500025977 0.637633126 0 0
1.882626 0.130834 3.131682 -0.77034002 0.000500025977 0.637633126 0 0
1.883284 0.097947 3.138217 -1 0 0 0 0
1.883349 0.109251 3.139089 -0.989649276 0.000100004979 0.143507145 0 0
1.883284 0.109251 3.138208 -1 0 0 0 0
1.883349 0.097947 3.139099 -0.989649276 0.000100004979 0.143507145 0 0
1.883541 0.109251 3.139971 -0.960406646 0.000200001384 0.278601928 0 0
1.883541 0.097947 3.13998 -0.9604334 0.000200006955 0.278509685 0 0
1.883349 0.130834 3.13907 -0.989649276 0.000100004979 0.143507145 0 0
1.883284 0.130834 3.138188 -1 0 0 0 0
1.883541 0.130834 3.139951 -0.960406646 0.000200001384 0.278601928 0 0
1.883349 0.093496 3.139102 -0.989649281 0 0.143507146 0 0
1.883284 0.093496 3.138221 -1 0 0 0 0
1.883349 0.09247 3.139102 -0.989649281 0 0.143507146 0 0
1.883284 0.09247 3.138221 -1 0 0 0 0
1.883541 0.093496 3.139984 -0.960433414 0.000100003479 0.27850969 0 0
1.883541 0.09247 3.139984 -0.960433419 0 0.278509691 0 0
1.883349 0.093496 3.137339 -0.989649281 0 -0.143507146 0 0
1.883349 0.097947 3.137336 -0.989649276 -0.000100004979 -0.143507145 0 0
1.883349 0.09247 3.137339 -0.989649281 0 -0.143507146 0 0
1.883349 0.109251 3.137326 -0.989649276 -0.000100004979 -0.143507145 0 0
1.883349 0.130834 3.137307 -0.989649276 -0.000100004979 -0.143507145 0 0
1.884276 0.097956 3.141737 -0.891406931 0.000500003888 0.453203524 0 0
1.884762 0.109251 3.142615 -0.870815954 0.000400007328 0.491609006 0 0
1.88428 0.109251 3.141734 -0.891001265 0.000400000568 0.454000645 0 0
1.884746 0.097979 3.142598 -0.870992623 0.000499995765 0.491295839 0 0
1.885276 0.109251 3.143497 -0.863883992 0.000399992588 0.503690667 0 0
1.885244 0.098012 3.143452 -0.863883992 0.000399992588 0.503690667 0 0
1.884762 0.130834 3.142596 -0.870748964 0.000400022494 0.491727651 0 0
1.88428 0.130834 3.141714 -0.890960812 0.000399982407 0.454080028 0 0
1.885276 0.130834 3.143477 -0.863883954 0.000499990713 0.503690644 0 0
1.884698 0.093624 3.142518 -0.871278593 0.000899977888 0.490787941 0 0
1.884264 0.093528 3.141719 -0.892356814 0.00130008277 0.451328735 0 0
1.884634 0.092727 3.142408 -0.874965768 0.00189992567 0.484181057 0 0
1.884248 0.092534 3.141692 -0.894685421 0.00189996904 0.446692721 0 0
1.885147 0.093752 3.14329 -0.863884023 0.000299994452 0.503690684 0 0
1.884955 0.093111 3.142959 -0.863884061 0 0.503690707 0 0
1.883862 0.093496 3.140865 -0.92324241 0.000500022969 0.384217649 0 0
1.883862 0.097947 3.140862 -0.922863675 0.000400027601 0.385126573 0 0
1.883862 0.09247 3.140865 -0.923911858 0.000600007701 0.382604911 0 0
1.883862 0.109251 3.140852 -0.92270663 0.000300002156 0.38550277 0 0
1.883862 0.130834 3.140833 -0.922656187 0.00030001827 0.385623483 0 0
1.884015 0.097947 2.62232 -0.998871077 0 -0.0475033802 0 0
1.883862 0.109251 2.621327 -0.968858502 -0.000200012077 0.247614951 0 0
1.883862 0.097947 2.621317 -0.968858502 -0.000200012077 0.247614951 0 0
1.884015 0.109251 2.62233 -0.998871077 0 -0.0475033802 0 0
1.883862 0.130834 2.621346 -0.968858502 -0.000200012077 0.247614951 0 0
1.884015 0.130834 2.622349 -0.998871077 0 -0.0475033802 0 0
1.883541 0.109251 2.620445 -0.960406646 -0.000200001384 0.278601928 0 0
1.883541 0.097947 2.620436 -0.960406646 -0.000200001384 0.278601928 0 0
1.883541 0.130834 2.620464 -0.960406646 -0.000200001384 0.278601928 0 0
1.883702 0.109251 2.623577 -0.91418637 0.000299995527 -0.405293957 0 0
1.883702 0.097947 2.623567 -0.91418637 0.000299995527 -0.405293957 0 0
1.882626 0.109251 2.625189 -0.77034002 0.000500025977 -0.637633126 0 0
1.882626 0.097947 2.62518 -0.770380675 0.000499987458 -0.637584006 0 0
1.883702 0.130834 2.623596 -0.91418637 0.000299995527 -0.405293957 0 0
1.882626 0.130834 2.625208 -0.77034002 0.000500025977 -0.637633126 0 0
1.883702 0.093496 2.623564 -0.914186406 9.9998513e-05 -0.405293973 0 0
1.884015 0.093496 2.622317 -0.998871303 0 -0.0474986354 0 0
1.883702 0.09247 2.623564 -0.914186411 0 -0.405293975 0 0
1.884015 0.09247 2.622317 -0.998871303 0 -0.0474986354 0 0
1.882626 0.093496 2.625176 -0.770429874 0.000200007755 -0.637524721 0 0
1.882626 0.09247 2.625176 -0.770380772 0 -0.637584086 0 0
1.883862 0.093496 2.621314 -0.968858516 -0.00010000604 0.247614955 0 0
1.883541 0.093496 2.620432 -0.960433414 -0.000100003479 0.27850969 0 0
1.883862 0.09247 2.621314 -0.968864652 0 0.247590967 0 0
1.883541 0.09247 2.620432 -0.960406665 0 0.278601934 0 0
1.883284 0.097947 2.618672 -1 0 0 0 0
1.883349 0.109251 2.6178 -0.989651335 9.99950829e-05 -0.143492944 0 0
1.883349 0.097947 2.617791 -0.989665531 9.99965172e-05 -0.143395006 0 0
1.883284 0.109251 2.618682 -1 0 0 0 0
1.883349 0.130834 2.61782 -0.989665531 9.99965172e-05 -0.143395006 0 0
1.883284 0.130834 2.618701 -1 0 0 0 0
1.883541 0.109251 2.616919 -0.960406646 0.000200001384 -0.278601928 0 0
1.883541 0.097947 2.616909 -0.9604334 0.000200006955 -0.278509685 0 0
1.883541 0.130834 2.616938 -0.960406646 0.000200001384 -0.278601928 0 0
1.883349 0.109251 2.619564 -0.989665531 -9.99965172e-05 0.143395006 0 0
1.883349 0.097947 2.619554 -0.989665531 -9.99965172e-05 0.143395006 0 0
1.883349 0.130834 2.619583 -0.989651335 -9.99950829e-05 0.143492944 0 0
1.883349 0.093496 2.619551 -0.989665536 0 0.143395006 0 0
1.883284 0.093496 2.618669 -1 0 0 0 0
1.883349 0.09247 2.619551 -0.989665536 0 0.143395006 0 0
1.883284 0.09247 2.618669 -1 0 0 0 0
1.883349 0.093496 2.617788 -0.989649281 0 -0.143507146 0 0
1.883541 0.093496 2.616906 -0.96040666 0.000100000694 -0.278601932 0 0
1.883349 0.09247 2.617788 -0.98965134 0 -0.143492945 0 0
1.883541 0.09247 2.616906 -0.960406665 0 -0.278601934 0 0
1.884276 0.097956 2.615153 -0.891447328 0.000500026547 -0.453124057 0 0
1.884762 0.109251 2.614275 -0.870773141 0.000399987663 -0.491684834 0 0
1.884746 0.097979 2.614292 -0.871035413 0.000500020329 -0.491219971 0 0
1.88428 0.109251 2.615156 -0.891041715 0.000400018727 -0.453921251 0 0
1.884762 0.130834 2.614294 -0.870748964 0.000400022494 -0.491727651 0 0
1.88428 0.130834 2.615175 -0.890940191 0.000400018045 -0.454120486 0 0
1.885276 0.109251 2.613393 -0.863883954 0.000499990713 -0.503690644 0 0
1.885244 0.098012 2.613438 -0.863927504 0.000400012735 -0.503616033 0 0
1.885276 0.130834 2.613413 -0.863815061 0.000500008718 -0.503808784 0 0
1.883862 0.109251 2.616037 -0.922671056 0.000299990589 -0.385587904 0 0
1.883862 0.097947 2.616028 -0.922828128 0.000400012193 -0.385211741 0 0
1.883862 0.130834 2.616057 -0.922620602 0.000300006699 -0.385708613 0 0
1.883862 0.093496 2.616024 -0.92324241 0.000500022969 -0.384217649 0 0
1.884264 0.093528 2.61517 -0.892417331 0.00140002719 -0.451208763 0 0
1.883862 0.09247 2.616024 -0.923876506 0.000599984743 -0.382690268 0 0
1.884248 0.092534 2.615198 -0.894725209 0.00200005635 -0.446612583 0 0
1.884698 0.093624 2.614372 -0.871321352 0.000900022055 -0.490712025 0 0
1.885147 0.093752 2.6136 -0.863884023 0.000299994452 -0.503690684 0 0
1.884633 0.092727 2.614482 -0.875007958 0.00200001819 -0.484104403 0 0
1.884955 0.093111 2.613931 -0.863815169 0 -0.503808847 0 0
1.867666 0.097947 3.104958 -0.934745701 -0.000200009779 -0.355317372 0 0
1.866837 0.109251 3.107581 -0.976743813 -0.000200008972 -0.214409618 0 0
1.867666 0.109251 3.10495 -0.934745701 -0.000200009779 -0.355317372 0 0
1.866837 0.097947 3.107589 -0.976743827 -0.000100004487 -0.214409621 0 0
1.866484 0.109251 3.110346 -0.99999982 0 -0.000599999892 0 0
1.866484 0.097947 3.110354 -0.99999982 0 -0.000599999892 0 0
1.866837 0.130834 3.107564 -0.976743813 -0.000200008972 -0.214409618 0 0
1.867666 0.130834 3.104933 -0.93471246 -0.000300003999 -0.355404738 0 0
1.866484 0.130834 3.110328 -0.99999982 0 -0.000599999892 0 0
1.866837 0.093496 3.107592 -0.976743827 -0.000100004487 -0.214409621 0 0
1.867666 0.093496 3.104961 -0.934745715 -0.000100004891 -0.355317377 0 0
1.866837 0.09247 3.107592 -0.976743832 0 -0.214409622 0 0
1.867666 0.09247 3.104961 -0.93474572 0 -0.355317379 0 0
1.866484 0.093496 3.110357 -0.999999875 0 -0.000499999938 0 0
1.866484 0.09247 3.110357 -0.999999815 9.99999815e-05 -0.000599999889 0 0
1.868738 0.093496 3.10257 -0.898470277 -0.000100007822 -0.43903434 0 0
1.868738 0.097947 3.102567 -0.89843079 -0.000300010282 -0.439115049 0 0
1.868738 0.09247 3.10257 -0.89845011 0 -0.439075619 0 0
1.868738 0.109251 3.102558 -0.89843079 -0.000300010282 -0.439115049 0 0
1.868738 0.130834 3.102542 -0.89843079 -0.000300010282 -0.439115049 0 0
1.867666 0.097947 2.651932 -0.934758325 -0.000199991084 0.35528416 0 0
1.866837 0.109251 2.649309 -0.976743813 -0.000200008972 0.214409618 0 0
1.866837 0.097947 2.6493 -0.976743827 -0.000100004487 0.214409621 0 0
1.867666 0.109251 2.65194 -0.934745701 -0.000200009779 0.355317372 0 0
1.866837 0.130834 2.649326 -0.976743813 -0.000200008972 0.214409618 0 0
1.867666 0.130834 2.651957 -0.934745677 -0.000300014661 0.355317363 0 0
1.866484 0.109251 2.646544 -0.99999982 0 0.000599999892 0 0
1.866484 0.097947 2.646535 -0.99999982 0 0.000599999892 0 0
1.866484 0.130834 2.646561 -0.99999982 0 0.000599999892 0 0
1.868738 0.109251 2.654331 -0.89843079 -0.000300010282 0.439115049 0 0
1.868738 0.097947 2.654323 -0.89843079 -0.000300010282 0.439115049 0 0
1.868738 0.130834 2.654348 -0.89843079 -0.000300010282 0.439115049 0 0
1.868738 0.093496 2.65432 -0.898470277 -0.000100007822 0.43903434 0 0
1.867666 0.093496 2.651929 -0.934758339 -9.99955433e-05 0.355284165 0 0
1.868738 0.09247 2.65432 -0.89845011 0 0.439075619 0 0
1.867666 0.09247 2.651929 -0.934758343 0 0.355284167 0 0
1.866837 0.093496 2.649297 -0.976743827 -0.000100004487 0.214409621 0 0
1.866484 0.093496 2.646533 -0.999999875 0 0.000499999938 0 0
1.866837 0.09247 2.649297 -0.976743832 0 0.214409622 0 0
1.866484 0.09247 2.646533 -0.99999982 0 0.000599999892 0 0
1.867865 0.097947 3.115955 -0.90372558 0.000300008492 0.428112118 0 0
1.869535 0.109251 3.11877 -0.821756218 0.000500034209 0.569838984 0 0
1.867865 0.109251 3.115947 -0.903686888 0.000299995647 0.428193787 0 0
1.869535 0.097947 3.118779 -0.821756255 0.000400027385 0.56983901 0 0
1.871816 0.109251 3.121599 -0.74218919 0.000499992718 0.670190239 0 0
1.871816 0.097947 3.121608 -0.74218919 0.000499992718 0.670190239 0 0
1.869535 0.130834 3.118752 -0.821709388 0.000500005713 0.569906511 0 0
1.867865 0.130834 3.115929 -0.903686888 0.000299995647 0.428193787 0 0
1.871816 0.130834 3.121581 -0.74214427 0.000500029828 0.670239981 0 0
1.869535 0.093496 3.118782 -0.821756305 0.000200013704 0.569839044 0 0
1.867865 0.093496 3.115958 -0.903725616 0.000100002835 0.428112135 0 0
1.869535 0.09247 3.118782 -0.821788791 0 0.569792228 0 0
1.867865 0.09247 3.115958 -0.903725621 0 0.428112137 0 0
1.871816 0.093496 3.121612 -0.742189268 0.000199997108 0.670190309 0 0
1.871816 0.09247 3.121612 -0.742189283 0 0.670190323 0 0
1.866837 0.093496 3.113148 -0.971750095 0.000100005155 0.236012167 0 0
1.866837 0.097947 3.113145 -0.97175008 0.000200010308 0.236012163 0 0
1.866837 0.09247 3.113148 -0.971727155 0.000100002795 0.236106598 0 0
1.866837 0.109251 3.113136 -0.97175008 0.000200010308 0.236012163 0 0
1.866837 0.130834 3.113119 -0.971727141 0.000200005586 0.236106595 0 0
1.877703 0.097947 3.127146 -0.664599585 0.000499999688 0.747199533 0 0
1.88049 0.109251 3.129602 -0.681922528 0.000600019822 0.731424163 0 0
1.877703 0.109251 3.127137 -0.664543712 0.000600039469 0.747249152 0 0
1.88049 0.097947 3.129611 -0.681922565 0.000500016546 0.731424203 0 0
1.88049 0.130834 3.129583 -0.681819142 0.000600016846 0.731520538 0 0
1.877703 0.130834 3.127119 -0.664543712 0.000600039469 0.747249152 0 0
1.88049 0.093496 3.129614 -0.681922637 0.000200006639 0.73142428 0 0
1.877703 0.093496 3.12715 -0.664599654 0.000199999896 0.747199611 0 0
1.88049 0.09247 3.129614 -0.68192265 0 0.731424295 0 0
1.877703 0.09247 3.12715 -0.664599668 0 0.747199626 0 0
1.874675 0.093496 3.124441 -0.685330371 0.000200008864 0.728232272 0 0
1.874675 0.097947 3.124438 -0.685330299 0.000500022106 0.728232196 0 0
1.874675 0.09247 3.124441 -0.685280477 0 0.728279252 0 0
1.874675 0.109251 3.124429 -0.685280353 0.000599982799 0.728279121 0 0
1.874675 0.130834 3.124411 -0.68522731 0.000600023914 0.728329028 0 0
1.867865 0.097947 2.640934 -0.90372558 0.000300008492 -0.428112118 0 0
1.869535 0.109251 2.63812 -0.821756218 0.000500034209 -0.569838984 0 0
1.869535 0.097947 2.638111 -0.821756255 0.000400027385 -0.56983901 0 0
1.867865 0.109251 2.640943 -0.903686888 0.000299995647 -0.428193787 0 0
1.869535 0.130834 2.638138 -0.821709388 0.000500005713 -0.569906511 0 0
1.867865 0.130834 2.640961 -0.903686888 0.000299995647 -0.428193787 0 0
1.871816 0.109251 2.63529 -0.74218919 0.000499992718 -0.670190239 0 0
1.871816 0.097947 2.635281 -0.74218919 0.000499992718 -0.670190239 0 0
1.871816 0.130834 2.635308 -0.74214427 0.000500029828 -0.670239981 0 0
1.866837 0.109251 2.643754 -0.971727141 0.000200005586 -0.236106595 0 0
1.866837 0.097947 2.643745 -0.971727141 0.000200005586 -0.236106595 0 0
1.866837 0.130834 2.643771 -0.971727141 0.000200005586 -0.236106595 0 0
1.866837 0.093496 2.643742 -0.971727155 0.000100002795 -0.236106598 0 0
1.867865 0.093496 2.640932 -0.903686924 9.9998553e-05 -0.428193804 0 0
1.866837 0.09247 2.643742 -0.97172716 0 -0.236106599 0 0
1.867865 0.09247 2.640932 -0.903686928 0 -0.428193806 0 0
1.869535 0.093496 2.638108 -0.821756305 0.000200013704 -0.569839044 0 0
1.871816 0.093496 2.635278 -0.742189268 0.000199997108 -0.670190309 0 0
1.869535 0.09247 2.638108 -0.821788791 0 -0.569792228 0 0
1.871816 0.09247 2.635278 -0.742189283 0 -0.670190323 0 0
1.877703 0.097947 2.629743 -0.664599585 0.000499999688 -0.747199533 0 0
1.88049 0.109251 2.627288 -0.681922528 0.000600019822 -0.731424163 0 0
1.88049 0.097947 2.627279 -0.681922565 0.000500016546 -0.731424203 0 0
1.877703 0.109251 2.629753 -0.664543712 0.000600039469 -0.747249152 0 0
1.88049 0.130834 2.627307 -0.681922528 0.000600019822 -0.731424163 0 0
1.877703 0.130834 2.629771 -0.664543712 0.000600039469 -0.747249152 0 0
1.874675 0.109251 2.632461 -0.685280353 0.000599982799 -0.728279121 0 0
1.874675 0.097947 2.632452 -0.685280391 0.000499985693 -0.728279161 0 0
1.874675 0.130834 2.632479 -0.68522731 0.000600023914 -0.728329028 0 0
1.874675 0.093496 2.632448 -0.685330371 0.000200008864 -0.728232272 0 0
1.877703 0.093496 2.62974 -0.664599654 0.000199999896 -0.747199611 0 0
1.874675 0.09247 2.632448 -0.685280477 0 -0.728279252 0 0
1.877703 0.09247 2.62974 -0.664599668 0 -0.747199626 0 0
1.88049 0.093496 2.627276 -0.681922637 0.000200006639 -0.73142428 0 0
1.88049 0.09247 2.627276 -0.68192265 0 -0.731424295 0 0
1.919969 0.097947 3.06378 -0.291097911 -0.000499996413 -0.956693136 0 0
1.906959 0.109251 3.067742 -0.294907871 -0.000600016015 -0.955525503 0 0
1.919969 0.109251 3.063773 -0.291097895 -0.000599995662 -0.956693083 0 0
1.906959 0.097947 3.067749 -0.294907887 -0.000500013373 -0.955525556 0 0
1.896118 0.109251 3.071126 -0.308507088 -0.000600013785 -0.951221855 0 0
1.896118 0.097947 3.071133 -0.308507105 -0.000500011515 -0.951221907 0 0
1.906959 0.130834 3.067728 -0.294816562 -0.000600033708 -0.95555368 0 0
1.919969 0.130834 3.063759 -0.291097895 -0.000599995662 -0.956693083 0 0
1.896118 0.130834 3.071111 -0.308416599 -0.000600032295 -0.951251198 0 0
1.906959 0.093496 3.067752 -0.294907918 -0.00020000537 -0.955525656 0 0
1.919969 0.093496 3.063782 -0.291097942 -0.000199998586 -0.956693236 0 0
1.906959 0.09247 3.067752 -0.294907924 0 -0.955525675 0 0
1.919969 0.09247 3.063782 -0.291097948 0 -0.956693255 0 0
1.896118 0.093496 3.071135 -0.308507137 -0.000200004627 -0.951222007 0 0
1.896118 0.09247 3.071135 -0.308507144 0 -0.951222026 0 0
1.932979 0.093496 3.059834 -0.291519745 -0.000200013547 -0.95656479 0 0
1.932979 0.097947 3.059831 -0.291519715 -0.000500033816 -0.95656469 0 0
1.943821 0.093496 3.056514 -0.298804487 -0.000200003003 -0.954314329 0 0
1.943821 0.097947 3.056512 -0.298804455 -0.000500007455 -0.954314229 0 0
1.932979 0.09247 3.059834 -0.291611255 0 -0.956536918 0 0
1.943821 0.09247 3.056514 -0.298804493 0 -0.954314348 0 0
1.932979 0.109251 3.059825 -0.291519699 -0.000600040546 -0.956564637 0 0
1.932979 0.130834 3.059811 -0.291519699 -0.000600040546 -0.956564637 0 0
1.943821 0.109251 3.056505 -0.298804455 -0.000500007455 -0.954314229 0 0
1.943821 0.130834 3.056492 -0.298804439 -0.000600008913 -0.954314176 0 0
1.919969 0.097947 2.69311 -0.291097911 -0.000499996413 0.956693136 0 0
1.906959 0.109251 2.689147 -0.294816562 -0.000600033708 0.95555368 0 0
1.906959 0.097947 2.68914 -0.294907887 -0.000500013373 0.955525556 0 0
1.919969 0.109251 2.693117 -0.291097895 -0.000599995662 0.956693083 0 0
1.906959 0.130834 2.689162 -0.294816562 -0.000600033708 0.95555368 0 0
1.919969 0.130834 2.693131 -0.291097895 -0.000599995662 0.956693083 0 0
1.896118 0.109251 2.685764 -0.308507088 -0.000600013785 0.951221855 0 0
1.896118 0.097947 2.685757 -0.308507105 -0.000500011515 0.951221907 0 0
1.896118 0.130834 2.685778 -0.308416599 -0.000600032295 0.951251198 0 0
1.932979 0.109251 2.697065 -0.291519699 -0.000600040546 0.956564637 0 0
1.932979 0.097947 2.697058 -0.291611218 -0.000500019236 0.956536799 0 0
1.943821 0.109251 2.700384 -0.298804455 -0.000500007455 0.954314229 0 0
1.943821 0.097947 2.700378 -0.298804455 -0.000500007455 0.954314229 0 0
1.932979 0.130834 2.697079 -0.291519699 -0.000600040546 0.956564637 0 0
1.943821 0.130834 2.700397 -0.298804439 -0.000600008913 0.954314176 0 0
1.932979 0.093496 2.697056 -0.291519745 -0.000200013547 0.95656479 0 0
1.919969 0.093496 2.693108 -0.291097942 -0.000199998586 0.956693236 0 0
1.932979 0.09247 2.697056 -0.291611255 0 0.956536918 0 0
1.919969 0.09247 2.693108 -0.291097948 0 0.956693255 0 0
1.943821 0.093496 2.700376 -0.298804487 -0.000200003003 0.954314329 0 0
1.943821 0.09247 2.700376 -0.298804493 0 0.954314348 0 0
1.906959 0.093496 2.689138 -0.294907918 -0.00020000537 0.955525656 0 0
1.896118 0.093496 2.685755 -0.308507137 -0.000200004627 0.951222007 0 0
1.906959 0.09247 2.689138 -0.294907924 0 0.955525675 0 0
1.896118 0.09247 2.685755 -0.308507144 0 0.951222026 0 0
2.045822 0.097948 2.8113 -0.99998542 0 0.00539992127 0 0
2.045583 0.093497 2.783135 -0.999885992 0 0.0150997885 0 0
2.045822 0.093496 2.811299 -0.99998542 0 0.00539992127 0 0
2.045583 0.097949 2.783136 -0.999885992 0 0.0150997885 0 0
2.045106 0.093499 2.761295 -0.999179572 0 0.040499172 0 0
2.045106 0.097951 2.761297 -0.999179572 0 0.040499172 0 0
2.045583 0.092471 2.783135 -0.999884477 0 0.015199764 0 0
2.045822 0.092471 2.811299 -0.999984875 0 0.00549991681 0 0
2.045106 0.092473 2.761295 -0.999179572 0 0.040499172 0 0
2.045583 0.109253 2.78314 -0.999885992 0 0.0150997885 0 0
2.045822 0.109252 2.811302 -0.99998542 0 0.00539992127 0 0
2.045583 0.130835 2.783148 -0.999885992 0 0.0150997885 0 0
2.045822 0.130834 2.811308 -0.99998542 0 0.00539992127 0 0
2.045106 0.109255 2.761301 -0.999179572 0 0.040499172 0 0
2.045106 0.130838 2.76131 -0.999179572 0 0.040499172 0 0
2.045901 0.109251 2.843694 -0.99999928 0 0.00119999914 0 0
2.045901 0.097947 2.843693 -0.99999928 0 0.00119999914 0 0
2.045901 0.109251 2.878222 -1 0 0 0 0
2.045901 0.097947 2.878221 -1 0 0 0 0
2.045901 0.130834 2.843698 -0.99999928 0 0.00119999914 0 0
2.045901 0.130834 2.878223 -1 0 0 0 0
2.045901 0.093496 2.843692 -0.99999928 0 0.00119999914 0 0
2.045901 0.09247 2.843692 -0.99999928 0 0.00119999914 0 0
2.045901 0.093496 2.878221 -1 0 0 0 0
2.045901 0.09247 2.878221 -1 0 0 0 0
2.045822 0.097948 2.945275 -0.99998542 0 -0.00539992127 0 0
2.045901 0.093496 2.91279 -0.99999928 0 -0.00119999914 0 0
2.045822 0.093496 2.945275 -0.99998542 0 -0.00539992127 0 0
2.045901 0.097947 2.91279 -0.99999928 0 -0.00119999914 0 0
2.045901 0.09247 2.91279 -0.99999928 0 -0.00119999914 0 0
2.045822 0.092471 2.945275 -0.99998542 0 -0.00539992127 0 0
2.045901 0.109251 2.912789 -0.99999928 0 -0.00119999914 0 0
2.045822 0.109252 2.945273 -0.99998542 0 -0.00539992127 0 0
2.045901 0.130834 2.912788 -0.99999928 0 -0.00119999914 0 0
2.045822 0.130834 2.945269 -0.99998542 0 -0.00539992127 0 0
2.045583 0.109253 2.973547 -0.999885992 0 -0.0150997885 0 0
2.045583 0.097949 2.97355 -0.999885992 0 -0.0150997885 0 0
2.045106 0.109255 2.995487 -0.999187645 0 -0.0402995017 0 0
2.045106 0.097951 2.995491 -0.999187645 0 -0.0402995017 0 0
2.045583 0.130835 2.97354 -0.999885992 0 -0.0150997885 0 0
2.045106 0.130838 2.995479 -0.999187645 0 -0.0402995017 0 0
2.045583 0.093497 2.973551 -0.999885992 0 -0.0150997885 0 0
2.045583 0.092471 2.973551 -0.999885992 0 -0.0150997885 0 0
2.045106 0.093499 2.995493 -0.999187645 0 -0.0402995017 0 0
2.045106 0.092473 2.995493 -0.999187645 0 -0.0402995017 0 0
2.083159 0.621672 2.821369 -0.999934988 -0.00850029743 0.00760026594 0 0
2.082715 0.638218 2.803939 -0.999328836 -0.026200756 0.0256007387 0 0
2.082927 0.618109 2.797626 -0.999710827 -0.013200143 0.0201002177 0 0
2.082927 0.643943 2.825304 -0.999734321 -0.0202006935 0.0111003811 0 0
2.082295 0.654411 2.808622 -0.997674515 -0.0545986053 0.0407989578 0 0
2.082464 0.662413 2.828401 -0.99851683 -0.0498008394 0.0220003708 0 0
2.082295 0.633819 2.78803 -0.997571804 -0.042598796 0.0550984427 0 0
2.082464 0.615232 2.779377 -0.998343319 -0.0272011803 0.0507022 0 0
2.082067 0.646603 2.795989 -0.996722631 -0.0571012965 0.057301301 0 0
2.082998 0.648171 2.850807 -0.999835075 -0.0178006245 0.00360012629 0 0
2.083236 0.624544 2.848905 -0.999973501 -0.00699981451 0.001999947 0 0
2.082998 0.649911 2.878383 -0.999852054 -0.0172008955 0 0 0
2.083236 0.625808 2.878346 -0.999977556 -0.00669984962 0 0 0
2.082521 0.667933 2.852361 -0.998907262 -0.0459003337 0.00880006398 0 0
2.082521 0.670073 2.878414 -0.999004915 -0.0446002194 0 0 0
2.083316 0.600482 2.846986 -0.9999974 -0.00179999532 0.00139999636 0 0
2.083236 0.598765 2.817591 -0.999976236 -0.00279993346 0.00629985029 0 0
2.083316 0.579414 2.845379 -0.99999915 -9.9999915e-05 0.0012999989 0 0
2.083236 0.578575 2.814509 -0.999982775 -0.000899984498 0.0057999001 0 0
2.083316 0.601271 2.878309 -0.99999872 -0.00159999795 0 0 0
2.083316 0.579808 2.878278 -1 0 0 0 0
2.082998 0.596771 2.79203 -0.999829375 -0.00620018216 0.0174005112 0 0
2.082521 0.595152 2.772207 -0.998789268 -0.0168998184 0.0461995036 0 0
2.082998 0.577635 2.787666 -0.999862273 -0.00360022423 0.016201009 0 0
2.082521 0.576941 2.766849 -0.998988861 -0.0120998651 0.0432995172 0 0
2.083159 0.621672 2.935381 -0.999934988 -0.00850029743 -0.00760026594 0 0
2.082998 0.596771 2.964736 -0.999829375 -0.00620018216 -0.0174005112 0 0
2.082927 0.618109 2.959174 -0.999714146 -0.0131001854 -0.020000283 0 0
2.083236 0.598765 2.939107 -0.999976236 -0.00279993346 -0.00629985029 0 0
2.082998 0.577635 2.969073 -0.999863888 -0.00360023004 -0.0161010288 0 0
2.083236 0.578575 2.942147 -0.999982775 -0.000899984498 -0.0057999001 0 0
2.082521 0.595152 2.984622 -0.99879556 -0.0167999253 -0.0460997951 0 0
2.082464 0.615232 2.977467 -0.998356463 -0.0270988182 -0.0504977978 0 0
2.082521 0.576941 2.989965 -0.998998696 -0.0119999843 -0.0430999438 0 0
2.083316 0.600482 2.909657 -0.9999974 -0.00179999532 -0.00139999636 0 0
2.083236 0.624544 2.907805 -0.999973501 -0.00699981451 -0.001999947 0 0
2.083316 0.579414 2.911208 -0.99999915 -9.9999915e-05 -0.0012999989 0 0
2.082998 0.648171 2.905971 -0.999835075 -0.0178006245 -0.00360012629 0 0
2.082927 0.643943 2.931498 -0.999734321 -0.0202006935 -0.0111003811 0 0
2.082521 0.667933 2.904473 -0.998911842 -0.045800543 -0.00880010433 0 0
2.082464 0.662413 2.928445 -0.998519022 -0.0498009487 -0.0219004172 0 0
2.082715 0.638218 2.952893 -0.999331389 -0.026200823 -0.025500801 0 0
2.082295 0.633819 2.968829 -0.997587021 -0.0424994471 -0.0548992858 0 0
2.082295 0.654411 2.948237 -0.99767858 -0.0545988278 -0.0406991262 0 0
2.082067 0.646603 2.960878 -0.996734024 -0.0570019458 -0.0572019526 0 0
2.022589 0.707684 2.825238 -0.381630873 -0.853869077 0.353928632 0 0
2.001516 0.724607 2.850527 -0.386623403 -0.903754706 0.18371112 0 0
2.001516 0.716357 2.823632 -0.376507911 -0.855817981 0.354707452 0 0
2.022589 0.715692 2.851346 -0.391802216 -0.901605098 0.183301037 0 0
2.001516 0.727498 2.878445 -0.390295594 -0.920689605 0 0 0
2.022589 0.718498 2.878445 -0.395523968 -0.918455655 0 0 0
1.983888 0.731958 2.849852 -0.380602961 -0.90620705 0.184201433 0 0
1.983888 0.723509 2.822305 -0.370607464 -0.858017281 0.355607162 0 0
1.983888 0.734919 2.878445 -0.384302934 -0.923207049 0 0 0
2.043746 0.706586 2.852181 -0.399522793 -0.898351253 0.182610418 0 0
2.043746 0.698826 2.826879 -0.389218539 -0.850940531 0.3527168 0 0
2.061623 0.698665 2.852908 -0.417000732 -0.890701563 0.181000318 0 0
2.061623 0.691119 2.828306 -0.406394756 -0.844089107 0.349795486 0 0
2.043746 0.709306 2.878445 -0.403204385 -0.915109952 0 0 0
2.061623 0.70131 2.878445 -0.42090269 -0.907105796 0 0 0
2.043746 0.686422 2.8035 -0.37251494 -0.773531023 0.512720563 0 0
2.022589 0.694886 2.801116 -0.36521893 -0.775940218 0.514326658 0 0
2.043746 0.669774 2.783006 -0.348623582 -0.662444809 0.66304485 0 0
2.022589 0.677708 2.779969 -0.341609529 -0.664218529 0.664918548 0 0
2.061623 0.679059 2.805575 -0.389309972 -0.767819668 0.508813033 0 0
2.061623 0.662872 2.785648 -0.364702318 -0.658204183 0.658604185 0 0
2.001516 0.703173 2.79878 -0.360220272 -0.777543758 0.515429007 0 0
1.983888 0.710005 2.796853 -0.354585625 -0.779368405 0.516579058 0 0
2.001516 0.685476 2.776995 -0.336886345 -0.665473026 0.666073001 0 0
1.983888 0.691881 2.774541 -0.331510401 -0.666820922 0.667420941 0 0
2.079024 0.680919 2.829738 -0.788852247 -0.568737669 0.232915426 0 0
2.072858 0.693303 2.8534 -0.536896856 -0.827095158 0.166299026 0 0
2.072858 0.685902 2.829273 -0.517393965 -0.791590766 0.325096208 0 0
2.079032 0.688036 2.853547 -0.811005689 -0.573604024 0.115100807 0 0
2.072858 0.695897 2.878445 -0.543877198 -0.839164819 0 0 0
2.079032 0.690558 2.878442 -0.818342972 -0.57473018 0 0 0
2.081726 0.6804 2.853237 -0.976509287 -0.211202009 0.0427004061 0 0
2.081695 0.673913 2.829663 -0.97020847 -0.223501951 0.0935008163 0 0
2.081726 0.682786 2.878433 -0.978424402 -0.206605153 0 0 0
2.081602 0.663997 2.809329 -0.96123548 -0.228508434 0.154305696 0 0
2.079001 0.669657 2.808101 -0.757890898 -0.544393462 0.359495682 0 0
2.08154 0.650573 2.792365 -0.955297086 -0.207599367 0.210499358 0 0
2.078985 0.654514 2.789349 -0.733585471 -0.477890535 0.483190431 0 0
2.072858 0.674075 2.806979 -0.489812897 -0.727719161 0.480112642 0 0
2.072858 0.658199 2.787436 -0.460511416 -0.626915541 0.628415579 0 0
2.022589 0.633571 2.749292 -0.291802689 -0.437204029 0.850707839 0 0
2.001516 0.616379 2.734973 -0.268408679 -0.350111321 0.897429019 0 0
2.022589 0.610862 2.739179 -0.272909631 -0.353012458 0.894931583 0 0
2.001516 0.639948 2.745391 -0.287392278 -0.436288277 0.852677089 0 0
1.983888 0.620927 2.731502 -0.263710305 -0.348013599 0.899635154 0 0
1.983888 0.645205 2.742172 -0.282514389 -0.435822197 0.854543523 0 0
2.001516 0.595115 2.727745 -0.252109094 -0.276909988 0.927233446 0 0
2.022589 0.590558 2.732163 -0.256595277 -0.282594799 0.924282989 0 0
1.983888 0.59887 2.724099 -0.247410622 -0.272711708 0.929739914 0 0
2.001516 0.663691 2.759298 -0.310113963 -0.541324374 0.781535189 0 0
2.022589 0.656561 2.762792 -0.314608499 -0.540914613 0.780021073 0 0
1.983888 0.669568 2.756416 -0.305109304 -0.542016529 0.783023879 0 0
2.043746 0.64928 2.766358 -0.321288737 -0.540081068 0.777872732 0 0
2.043746 0.627058 2.753275 -0.298310308 -0.438015136 0.848029304 0 0
2.061623 0.642945 2.76946 -0.336592587 -0.537488162 0.773182971 0 0
2.061622 0.621391 2.756739 -0.313022592 -0.437531578 0.842960839 0 0
2.043746 0.605226 2.743474 -0.279399936 -0.356099918 0.891699795 0 0
2.043746 0.585904 2.736674 -0.263209028 -0.289009913 0.920431571 0 0
2.061622 0.600323 2.747209 -0.29370714 -0.358008703 0.886321547 0 0
2.061622 0.581855 2.740598 -0.27720842 -0.294608949 0.914527779 0 0
2.079024 0.61531 2.762287 -0.748210423 -0.30010418 0.591708243 0 0
2.072858 0.597004 2.749738 -0.423837323 -0.338829837 0.839973967 0 0
2.079032 0.595129 2.753273 -0.76371823 -0.238405691 0.59991432 0 0
2.072858 0.617555 2.759084 -0.428637469 -0.414136201 0.802970191 0 0
2.072858 0.579114 2.743254 -0.418827181 -0.281118244 0.863456036 0 0
2.079032 0.577501 2.746966 -0.773304338 -0.195001094 0.603303385 0 0
2.072858 0.638656 2.77156 -0.43864268 -0.510949715 0.739271931 0 0
2.079001 0.635751 2.774195 -0.733111506 -0.383006011 0.562008821 0 0
2.081602 0.633568 2.7789 -0.958701059 -0.162100179 0.233700258 0 0
2.081695 0.614417 2.768324 -0.965743527 -0.118405337 0.230910407 0 0
2.081726 0.594558 2.760025 -0.971955583 -0.0859049126 0.218912519 0 0
2.081726 0.576836 2.754056 -0.975648486 -0.0662032901 0.209110392 0 0
2.022589 0.633571 3.007598 -0.291802689 -0.437204029 -0.850707839 0 0
2.001516 0.616379 3.021917 -0.268408679 -0.350111321 -0.897429019 0 0
2.001516 0.639948 3.011499 -0.287392278 -0.436288277 -0.852677089 0 0
2.022589 0.610862 3.017711 -0.272909631 -0.353012458 -0.894931583 0 0
2.001516 0.595115 3.029145 -0.252109094 -0.276909988 -0.927233446 0 0
2.022589 0.590558 3.024727 -0.256595277 -0.282594799 -0.924282989 0 0
1.983888 0.620927 3.025388 -0.263710305 -0.348013599 -0.899635154 0 0
1.983888 0.645205 3.014718 -0.282514389 -0.435822197 -0.854543523 0 0
1.983888 0.59887 3.032791 -0.247410622 -0.272711708 -0.929739914 0 0
2.043746 0.605226 3.013416 -0.279399936 -0.356099918 -0.891699795 0 0
2.043746 0.627058 3.003615 -0.298310308 -0.438015136 -0.848029304 0 0
2.061623 0.600323 3.009681 -0.29370714 -0.358008703 -0.886321547 0 0
2.061623 0.621391 3.000151 -0.313022592 -0.437531578 -0.842960839 0 0
2.043746 0.585904 3.020216 -0.263209028 -0.289009913 -0.920431571 0 0
2.061623 0.581855 3.016292 -0.27720842 -0.294608949 -0.914527779 0 0
2.043746 0.64928 2.990532 -0.321288737 -0.540081068 -0.777872732 0 0
2.022589 0.656562 2.994098 -0.314608499 -0.540914613 -0.780021073 0 0
2.043746 0.669774 2.973884 -0.348623582 -0.662444809 -0.66304485 0 0
2.022589 0.677708 2.97692 -0.341609529 -0.664218529 -0.664918548 0 0
2.061623 0.642945 2.987429 -0.336592587 -0.537488162 -0.773182971 0 0
2.061623 0.662872 2.971242 -0.364702318 -0.658204183 -0.658604185 0 0
2.001516 0.663691 2.997591 -0.310113963 -0.541324374 -0.781535189 0 0
1.983888 0.669568 3.000474 -0.305109304 -0.542016529 -0.783023879 0 0
2.001516 0.685476 2.979895 -0.336886345 -0.665473026 -0.666073001 0 0
1.983888 0.691881 2.982349 -0.331510401 -0.666820922 -0.667420941 0 0
2.079024 0.61531 2.994598 -0.748608362 -0.29990335 -0.591306605 0 0
2.072858 0.597004 3.007152 -0.424119024 -0.338815198 -0.839837672 0 0
2.072858 0.617555 2.997806 -0.428800716 -0.414100692 -0.802901341 0 0
2.079032 0.595129 3.003611 -0.764191884 -0.23819747 -0.599393634 0 0
2.072858 0.579114 3.013636 -0.419204919 -0.281003298 -0.863310131 0 0
2.079032 0.577501 3.009916 -0.773917003 -0.194704278 -0.60261324 0 0
2.081726 0.594558 2.99684 -0.972097895 -0.0855998147 -0.218399527 0 0
2.081695 0.614417 2.988547 -0.965873651 -0.118109006 -0.230517578 0 0
2.081726 0.576836 3.002803 -0.975799658 -0.0658999769 -0.208499927 0 0
2.081602 0.633568 2.977976 -0.958822897 -0.161803864 -0.233405574 0 0
2.079001 0.635751 2.982692 -0.733429965 -0.38281564 -0.56172295 0 0
2.08154 0.650573 2.964515 -0.955425563 -0.207305547 -0.210205624 0 0
2.078985 0.654514 2.967538 -0.733818812 -0.477712246 -0.483012382 0 0
2.072858 0.638656 2.985329 -0.438804193 -0.510904882 -0.739207063 0 0
2.072858 0.658199 2.969454 -0.460590206 -0.626886669 -0.628386638 0 0
2.022589 0.707684 2.931651 -0.381630873 -0.853869077 -0.353928632 0 0
2.001516 0.724607 2.906363 -0.386623403 -0.903754706 -0.18371112 0 0
2.022589 0.715692 2.905544 -0.391802216 -0.901605098 -0.183301037 0 0
2.001516 0.716357 2.933258 -0.376507911 -0.855817981 -0.354707452 0 0
1.983888 0.731958 2.907038 -0.380602961 -0.90620705 -0.184201433 0 0
1.983888 0.723509 2.934584 -0.370607464 -0.858017281 -0.355607162 0 0
2.001516 0.703173 2.95811 -0.360192263 -0.777583298 -0.51538893 0 0
2.022589 0.694886 2.955774 -0.36521893 -0.775940218 -0.514326658 0 0
1.983888 0.710005 2.960037 -0.354585625 -0.779368405 -0.516579058 0 0
2.043746 0.686422 2.953389 -0.37251494 -0.773531023 -0.512720563 0 0
2.043746 0.698826 2.930011 -0.389218539 -0.850940531 -0.3527168 0 0
2.061623 0.679059 2.951315 -0.389309972 -0.767819668 -0.508813033 0 0
2.061623 0.691119 2.928583 -0.406394756 -0.844089107 -0.349795486 0 0
2.043746 0.706586 2.904708 -0.399522793 -0.898351253 -0.182610418 0 0
2.061623 0.698665 2.903982 -0.417000732 -0.890701563 -0.181000318 0 0
2.079024 0.680919 2.927147 -0.788972635 -0.568580279 -0.232891922 0 0
2.072858 0.693303 2.90349 -0.536896856 -0.827095158 -0.166299026 0 0
2.079032 0.688036 2.903337 -0.811086427 -0.573490403 -0.115098074 0 0
2.072858 0.685902 2.927617 -0.517393965 -0.791590766 -0.325096208 0 0
2.072858 0.674075 2.949911 -0.489812897 -0.727719161 -0.480112642 0 0
2.079001 0.669657 2.948786 -0.75804321 -0.544231022 -0.359420488 0 0
2.081602 0.663997 2.947548 -0.961316636 -0.228303951 -0.154102667 0 0
2.081695 0.673913 2.927209 -0.970260891 -0.223314015 -0.0934058619 0 0
2.081726 0.6804 2.90363 -0.976529907 -0.211106465 -0.0427013077 0 0
2.003882 0.098061 3.03199 -0.31541758 -0.000400022296 -0.948952891 0 0
1.989824 0.109414 3.036622 -0.311093215 -0.000499989095 -0.950379272 0 0
2.003882 0.109378 3.031984 -0.315417566 -0.000500027847 -0.948952849 0 0
1.989824 0.098093 3.036628 -0.311122783 -0.000500036617 -0.950369593 0 0
1.978042 0.109441 3.040448 -0.304594265 -0.000499990585 -0.952482065 0 0
1.978042 0.098118 3.040454 -0.304594265 -0.000499990585 -0.952482065 0 0
1.989824 0.131003 3.03661 -0.311002891 -0.000500004648 -0.950408834 0 0
2.003882 0.130965 3.031973 -0.315327506 -0.000500043618 -0.948982779 0 0
1.978042 0.131031 3.040436 -0.30450354 -0.000500005813 -0.952511073 0 0
1.989824 0.093619 3.03663 -0.311122815 -0.000200014668 -0.950369693 0 0
2.003882 0.093591 3.031992 -0.315417599 -0.00020001116 -0.948952948 0 0
1.989824 0.092567 3.03663 -0.311093254 0 -0.950379391 0 0
2.003882 0.092546 3.031992 -0.315387675 0 -0.948962915 0 0
1.978042 0.093639 3.040456 -0.304594297 -0.000199996255 -0.952482165 0 0
1.978042 0.092583 3.040456 -0.304594303 0 -0.952482184 0 0
2.018023 0.093562 3.027257 -0.320694168 -0.000199996363 -0.947182776 0 0
2.018023 0.098026 3.027255 -0.320694149 -0.000399992702 -0.947182719 0 0
2.030054 0.093536 3.023138 -0.331606274 -0.000200003784 -0.94341785 0 0
2.030054 0.097996 3.023136 -0.331606254 -0.000400007544 -0.943417793 0 0
2.018023 0.092523 3.027257 -0.320694175 0 -0.947182795 0 0
2.030054 0.092502 3.023138 -0.331695282 0 -0.94338658 0 0
2.018023 0.109339 3.027249 -0.320694135 -0.000499990855 -0.947182676 0 0
2.018023 0.130925 3.027238 -0.320694135 -0.000499990855 -0.947182676 0 0
2.030054 0.109305 3.023131 -0.331606239 -0.000500009408 -0.943417751 0 0
2.030054 0.13089 3.02312 -0.331606239 -0.000500009408 -0.943417751 0 0
2.042202 0.097962 3.016443 -0.84661336 -0.000200003156 -0.532208398 0 0
2.037781 0.109282 3.020343 -0.509796867 -0.000399997542 -0.860294714 0 0
2.042202 0.109268 3.016438 -0.84661336 -0.000200003156 -0.532208398 0 0
2.037781 0.097975 3.020348 -0.509796885 -0.000299998167 -0.860294744 0 0
2.037781 0.130866 3.020332 -0.509796867 -0.000399997542 -0.860294714 0 0
2.042202 0.130851 3.016428 -0.84661336 -0.000200003156 -0.532208398 0 0
2.037781 0.093519 3.02035 -0.509796898 -0.000199998783 -0.860294765 0 0
2.042202 0.093508 3.016444 -0.846613372 -0.00010000158 -0.532208406 0 0
2.037781 0.092489 3.02035 -0.50998877 0 -0.860181059 0 0
2.042202 0.09248 3.016444 -0.8467318 0 -0.53201998 0 0
2.044311 0.093502 3.008975 -0.986075891 0 -0.166295934 0 0
2.044311 0.097955 3.008973 -0.986075891 0 -0.166295934 0 0
2.044311 0.092475 3.008975 -0.986075891 0 -0.166295934 0 0
2.044311 0.10926 3.008968 -0.986075886 -9.99975546e-05 -0.166295933 0 0
2.044311 0.130842 3.008959 -0.986075886 -9.99975546e-05 -0.166295933 0 0
2.003882 0.098061 2.7249 -0.31541758 -0.000400022296 0.948952891 0 0
1.989824 0.109414 2.720268 -0.311093215 -0.000499989095 0.950379272 0 0
1.989824 0.098093 2.720262 -0.311122797 -0.000400029311 0.950369636 0 0
2.003882 0.109378 2.724905 -0.315417566 -0.000500027847 0.948952849 0 0
1.989824 0.131003 2.72028 -0.311002891 -0.000500004648 0.950408834 0 0
2.003882 0.130965 2.724917 -0.315327506 -0.000500043618 0.948982779 0 0
1.978042 0.109441 2.716442 -0.304594265 -0.000499990585 0.952482065 0 0
1.978042 0.098118 2.716435 -0.304594265 -0.000499990585 0.952482065 0 0
1.978042 0.131031 2.716454 -0.30450354 -0.000500005813 0.952511073 0 0
2.018023 0.109339 2.72964 -0.320694135 -0.000499990855 0.947182676 0 0
2.018023 0.098026 2.729635 -0.320694149 -0.000399992702 0.947182719 0 0
2.030054 0.109305 2.733759 -0.331606239 -0.000500009408 0.943417751 0 0
2.030054 0.097996 2.733753 -0.331606254 -0.000400007544 0.943417793 0 0
2.018023 0.130925 2.729651 -0.320694135 -0.000499990855 0.947182676 0 0
2.030054 0.13089 2.73377 -0.331606239 -0.000500009408 0.943417751 0 0
2.018023 0.093562 2.729633 -0.320694168 -0.000199996363 0.947182776 0 0
2.003882 0.093591 2.724898 -0.315417599 -0.00020001116 0.948952948 0 0
2.018023 0.092523 2.729633 -0.320694175 0 0.947182795 0 0
2.003882 0.092546 2.724898 -0.315387675 0 0.948962915 0 0
2.030054 0.093536 2.733752 -0.331606274 -0.000200003784 0.94341785 0 0
2.030054 0.092502 2.733752 -0.331606281 0 0.943417868 0 0
1.989824 0.093619 2.72026 -0.311122815 -0.000200014668 0.950369693 0 0
1.978042 0.093639 2.716434 -0.304594297 -0.000199996255 0.952482165 0 0
1.989824 0.092567 2.72026 -0.311093254 0 0.950379391 0 0
1.978042 0.092583 2.716434 -0.304594303 0 0.952482184 0 0
2.042202 0.097962 2.740437 -0.845992268 -0.000199998172 0.533195127 0 0
2.037781 0.109282 2.736547 -0.509221092 -0.000400016569 0.860635648 0 0
2.037781 0.097975 2.736542 -0.509221092 -0.000400016569 0.860635648 0 0
2.042202 0.109268 2.740442 -0.845992268 -0.000199998172 0.533195127 0 0
2.037781 0.130866 2.736557 -0.509221092 -0.000400016569 0.860635648 0 0
2.042202 0.130851 2.740452 -0.845963835 -0.000200015093 0.533240237 0 0
2.044311 0.10926 2.747881 -0.985974552 -9.99974191e-05 0.166895692 0 0
2.044311 0.097955 2.747876 -0.985974557 0 0.166895693 0 0
2.044311 0.130842 2.747891 -0.985955304 -0.000100005609 0.167009368 0 0
2.044311 0.093502 2.747874 -0.985958098 0 0.166992903 0 0
2.042202 0.093508 2.740435 -0.845963847 -0.000100007548 0.533240245 0 0
2.044311 0.092475 2.747874 -0.985974557 0 0.166895693 0 0
2.042202 0.09248 2.740435 -0.846110911 0 0.533006873 0 0
2.037781 0.093519 2.73654 -0.509221123 -0.000200008297 0.8606357 0 0
2.037781 0.092489 2.73654 -0.50941309 0 0.860522111 0 0
1.919969 0.57892 2.694251 -0.304097292 -0.0709993678 0.94999154 0 0
1.906959 0.55703 2.689434 -0.296916227 -0.0170009291 0.954752179 0 0
1.919969 0.555262 2.693397 -0.293197464 -0.0174998486 0.955891732 0 0
1.906959 0.581794 2.690306 -0.307394962 -0.0688988708 0.949084445 0 0
1.896118 0.558511 2.686055 -0.310418023 -0.0166009639 0.950455185 0 0
1.896118 0.5842 2.686943 -0.320610611 -0.0671022208 0.94483127 0 0
1.906959 0.528769 2.689421 -0.294514452 -0.000500024537 0.955646895 0 0
1.919969 0.527885 2.693385 -0.290703927 -0.000500006755 0.956812927 0 0
1.896118 0.529509 2.686043 -0.308086472 -0.000499978046 0.951358227 0 0
1.906959 0.605381 2.692904 -0.329606446 -0.14880291 0.932318232 0 0
1.919969 0.601316 2.696795 -0.326902488 -0.152901164 0.932607097 0 0
1.896118 0.608788 2.689588 -0.342306129 -0.145102598 0.928316622 0 0
1.932979 0.597245 2.700665 -0.328692803 -0.15709656 0.93127961 0 0
1.932979 0.576043 2.698175 -0.305012375 -0.0731029658 0.949538523 0 0
1.943821 0.593822 2.703918 -0.337215875 -0.160507556 0.92764367 0 0
1.943821 0.573623 2.701474 -0.31281813 -0.0749043412 0.946854877 0 0
1.932979 0.553491 2.697339 -0.293708431 -0.0179005138 0.955727435 0 0
1.932979 0.526999 2.697328 -0.291217292 -0.00050002969 0.956656803 0 0
1.943821 0.552001 2.700654 -0.301104869 -0.0183002959 0.953415417 0 0
1.943821 0.526255 2.700642 -0.298502707 -0.000500004535 0.954408657 0 0
1.919969 0.57892 3.062639 -0.304097292 -0.0709993678 -0.94999154 0 0
1.932979 0.553491 3.05955 -0.293708431 -0.0179005138 -0.955727435 0 0
1.919969 0.555262 3.063493 -0.293197464 -0.0174998486 -0.955891732 0 0
1.932979 0.576043 3.058715 -0.305012375 -0.0731029658 -0.949538523 0 0
1.943821 0.552001 3.056236 -0.301104869 -0.0183002959 -0.953415417 0 0
1.943821 0.573623 3.055416 -0.31281813 -0.0749043412 -0.946854877 0 0
1.932979 0.526999 3.059562 -0.291217292 -0.00050002969 -0.956656803 0 0
1.919969 0.527885 3.063504 -0.290703927 -0.000500006755 -0.956812927 0 0
1.943821 0.526255 3.056248 -0.298411613 -0.000500019459 -0.954437143 0 0
1.932979 0.597245 3.056225 -0.328692803 -0.15709656 -0.93127961 0 0
1.919969 0.601316 3.060095 -0.326902488 -0.152901164 -0.932607097 0 0
1.943821 0.593822 3.052972 -0.337304503 -0.160502143 -0.927612384 0 0
1.906959 0.605381 3.063986 -0.329606446 -0.14880291 -0.932318232 0 0
1.906959 0.581794 3.066584 -0.307394962 -0.0688988708 -0.949084445 0 0
1.896118 0.608788 3.067302 -0.342306129 -0.145102598 -0.928316622 0 0
1.896118 0.5842 3.069947 -0.320610611 -0.0671022208 -0.94483127 0 0
1.906959 0.55703 3.067456 -0.296916227 -0.0170009291 -0.954752179 0 0
1.906959 0.528769 3.067468 -0.294514452 -0.000500024537 -0.955646895 0 0
1.896118 0.558511 3.070834 -0.310418023 -0.0166009639 -0.950455185 0 0
1.896118 0.529509 3.070847 -0.308086472 -0.000499978046 -0.951358227 0 0
1.877703 0.594898 2.631274 -0.664911217 0.0561009464 -0.744812565 0 0
1.874675 0.624524 2.637342 -0.68579942 0.115299903 -0.718599393 0 0
1.877703 0.62512 2.634688 -0.66551527 0.118502719 -0.736916909 0 0
1.874675 0.594522 2.633965 -0.685309327 0.0545007418 -0.726209884 0 0
1.871816 0.623901 2.640115 -0.742142567 0.105806069 -0.661837961 0 0
1.871816 0.594128 2.636778 -0.741827103 0.0500018269 -0.668724432 0 0
1.874675 0.564595 2.632833 -0.68484914 0.0139009974 -0.728552276 0 0
1.877703 0.564811 2.630129 -0.664313572 0.0144002942 -0.747315268 0 0
1.874675 0.532551 2.632817 -0.684712431 0.000400007262 -0.728813232 0 0
1.877703 0.53266 2.630113 -0.664016119 0.00040000971 -0.747718151 0 0
1.871816 0.564368 2.635658 -0.741610053 0.0128001735 -0.670709092 0 0
1.871816 0.532438 2.635642 -0.741715747 0.000400008492 -0.670714239 0 0
1.88049 0.565009 2.627668 -0.681850264 0.0142010469 -0.731353914 0 0
1.88049 0.595241 2.628825 -0.682605986 0.0551004832 -0.728706391 0 0
1.882626 0.565177 2.625572 -0.770738056 0.0124006123 -0.637031454 0 0
1.882626 0.595533 2.626738 -0.771910641 0.0481006631 -0.633908738 0 0
1.88049 0.532758 2.627652 -0.681405543 0.000400003254 -0.731905954 0 0
1.882626 0.532842 2.625556 -0.769931653 0.000400016445 -0.638126234 0 0
1.88049 0.625663 2.632272 -0.683213155 0.116202237 -0.720913881 0 0
1.882626 0.626126 2.630215 -0.772725388 0.101203325 -0.626620588 0 0
1.867865 0.593341 2.642396 -0.903029746 0.031601041 -0.428414112 0 0
1.866837 0.622037 2.648411 -0.971089954 0.0371996152 -0.235797561 0 0
1.867865 0.622656 2.645656 -0.903046327 0.0674034579 -0.424221763 0 0
1.866837 0.59295 2.645189 -0.971183738 0.0173997086 -0.23769602 0 0
1.866484 0.621422 2.651146 -0.999994835 0.000299998451 -0.00319998347 0 0
1.866484 0.592562 2.647963 -0.999997355 0 -0.00229999392 0 0
1.866837 0.56369 2.644108 -0.971401904 0.00440000862 -0.237400465 0 0
1.867865 0.563915 2.641302 -0.903160401 0.00800053505 -0.429228706 0 0
1.866837 0.532099 2.644093 -0.971652699 0.000100005424 -0.236412822 0 0
1.867865 0.532212 2.641287 -0.903476998 0.000200017046 -0.42863653 0 0
1.866484 0.563467 2.646895 -0.99999959 -9.9999959e-05 -0.000899999631 0 0
1.866484 0.531987 2.64688 -0.99999982 0 0.000599999892 0 0
1.869535 0.564142 2.638484 -0.821171079 0.0107996196 -0.570579905 0 0
1.869535 0.593734 2.639591 -0.821232961 0.0423016978 -0.569022838 0 0
1.869535 0.532325 2.638468 -0.821377737 0.000299991869 -0.57038454 0 0
1.869535 0.623277 2.642889 -0.821417973 0.0898019649 -0.563212323 0 0
1.877703 0.594898 3.125616 -0.664911217 0.0561009464 0.744812565 0 0
1.88049 0.625663 3.124618 -0.683262412 0.116210615 0.720865847 0 0
1.877703 0.62512 3.122202 -0.66551527 0.118502719 0.736916909 0 0
1.88049 0.595241 3.128065 -0.682605986 0.0551004832 0.728706391 0 0
1.882626 0.626126 3.126675 -0.772676967 0.101196983 0.626681319 0 0
1.882626 0.595533 3.130151 -0.771910641 0.0481006631 0.633908738 0 0
1.88049 0.565009 3.129222 -0.681800395 0.0142000082 0.731400424 0 0
1.877703 0.564811 3.126761 -0.664313572 0.0144002942 0.747315268 0 0
1.88049 0.532758 3.129238 -0.681405543 0.000400003254 0.731905954 0 0
1.877703 0.53266 3.126777 -0.664016119 0.00040000971 0.747718151 0 0
1.882626 0.565177 3.131318 -0.77077865 0.0123996565 0.636982356 0 0
1.882626 0.532842 3.131334 -0.76997237 0.000399985647 0.638077103 0 0
1.874675 0.564595 3.124057 -0.68484914 0.0139009974 0.728552276 0 0
1.874675 0.594522 3.122924 -0.685309327 0.0545007418 0.726209884 0 0
1.871816 0.564368 3.121232 -0.741610053 0.0128001735 0.670709092 0 0
1.871816 0.594128 3.120112 -0.741827103 0.0500018269 0.668724432 0 0
1.874675 0.532551 3.124073 -0.684712431 0.000400007262 0.728813232 0 0
1.871816 0.532438 3.121248 -0.741715747 0.000400008492 0.670714239 0 0
1.874675 0.624524 3.119548 -0.68579942 0.115299903 0.718599393 0 0
1.871816 0.623901 3.116774 -0.742187487 0.105798216 0.661788842 0 0
1.867865 0.593341 3.114493 -0.903029746 0.031601041 0.428414112 0 0
1.869536 0.623277 3.114001 -0.821417973 0.0898019649 0.563212323 0 0
1.867865 0.622656 3.111233 -0.903046327 0.0674034579 0.424221763 0 0
1.869536 0.593734 3.117299 -0.821232961 0.0423016978 0.569022838 0 0
1.869536 0.564142 3.118406 -0.821138508 0.0108005065 0.57062676 0 0
1.867865 0.563915 3.115587 -0.903160401 0.00800053505 0.429228706 0 0
1.869536 0.532325 3.118422 -0.821377737 0.000299991869 0.57038454 0 0
1.867865 0.532212 3.115603 -0.903438266 0.000200008472 0.428718159 0 0
1.866837 0.56369 3.112782 -0.971401904 0.00440000862 0.237400465 0 0
1.866837 0.59295 3.111701 -0.971183738 0.0173997086 0.23769602 0 0
1.866484 0.563467 3.109995 -0.99999959 -9.9999959e-05 0.000899999631 0 0
1.866484 0.592562 3.108927 -0.999997355 0 0.00229999392 0 0
1.866837 0.532099 3.112797 -0.971652699 0.000100005424 0.236412822 0 0
1.866484 0.531987 3.11001 -0.99999982 0 -0.000599999892 0 0
1.866837 0.622037 3.108479 -0.971089954 0.0371996152 0.235797561 0 0
1.866484 0.621422 3.105744 -0.999994835 0.000299998451 0.00319998347 0 0
1.867666 0.591811 2.653326 -0.935307019 -0.0257001929 0.352902649 0 0
1.868738 0.619707 2.658779 -0.899220538 -0.0678015486 0.432209872 0 0
1.867666 0.620233 2.656435 -0.93558933 -0.0548993739 0.348796022 0 0
1.868738 0.591479 2.655703 -0.898905047 -0.0316001774 0.437002454 0 0
1.869822 0.619257 2.660782 -0.881509296 -0.0729007687 0.466504919 0 0
1.869822 0.591194 2.657734 -0.88114416 -0.034001704 0.471623636 0 0
1.868738 0.562844 2.65467 -0.89848097 -0.00800072102 0.438939557 0 0
1.867666 0.563035 2.652282 -0.934883981 -0.00649988863 0.354893919 0 0
1.868738 0.531676 2.654656 -0.898194862 -0.000199998856 0.439597486 0 0
1.867666 0.531771 2.652268 -0.934600145 -0.000200000031 0.355700055 0 0
1.869822 0.56268 2.656711 -0.880804334 -0.00860004231 0.473402329 0 0
1.869822 0.531594 2.656697 -0.880689335 -0.000199997578 0.473694264 0 0
1.866837 0.563246 2.649655 -0.976912422 -0.00400005086 0.213602716 0 0
1.866837 0.592178 2.650711 -0.977209728 -0.0156001553 0.211702108 0 0
1.866837 0.531877 2.64964 -0.97668096 -9.99980506e-05 0.214695815 0 0
1.866837 0.620813 2.653856 -0.977398138 -0.0330999369 0.208799602 0 0
1.867666 0.591811 3.103564 -0.935307019 -0.0257001929 -0.352902649 0 0
1.866837 0.620813 3.103034 -0.977401368 -0.0330000462 -0.208800292 0 0
1.867666 0.620233 3.100455 -0.93558933 -0.0548993739 -0.348796022 0 0
1.866837 0.592178 3.106179 -0.977209728 -0.0156001553 -0.211702108 0 0
1.866837 0.563246 3.107235 -0.976933285 -0.00400013629 -0.213507274 0 0
1.867666 0.563035 3.104607 -0.93487138 -0.00650049633 -0.3549271 0 0
1.866837 0.531877 3.107249 -0.97668096 -9.99980506e-05 -0.214695815 0 0
1.867666 0.531771 3.104622 -0.934566898 -0.000199992916 -0.355787398 0 0
1.868738 0.562844 3.10222 -0.89848097 -0.00800072102 -0.438939557 0 0
1.868738 0.591479 3.101187 -0.898905047 -0.0316001774 -0.437002454 0 0
1.869822 0.56268 3.100179 -0.880804334 -0.00860004231 -0.473402329 0 0
1.869822 0.591194 3.099156 -0.88114416 -0.034001704 -0.471623636 0 0
1.868738 0.531676 3.102234 -0.898194862 -0.000199998856 -0.439597486 0 0
1.869822 0.531594 3.100193 -0.880689335 -0.000199997578 -0.473694264 0 0
1.868738 0.619707 3.098111 -0.899220538 -0.0678015486 -0.432209872 0 0
1.869822 0.619257 3.096108 -0.881509296 -0.0729007687 -0.466504919 0 0
1.88428 0.596929 2.616767 -0.890925975 0.0348010146 -0.452813202 0 0
1.883862 0.628141 2.621245 -0.922529955 0.0620020132 -0.380912368 0 0
1.88428 0.628335 2.620381 -0.891105333 0.0729004363 -0.447902681 0 0
1.883862 0.596807 2.617643 -0.922402758 0.0295000882 -0.385101151 0 0
1.883541 0.627947 2.622109 -0.960085474 0.0447993222 -0.276095823 0 0
1.883541 0.596684 2.618519 -0.960058382 0.0212990767 -0.278987906 0 0
1.883862 0.565909 2.616434 -0.92233563 0.00760029361 -0.386314924 0 0
1.88428 0.56598 2.615554 -0.890701006 0.00900001017 -0.454500514 0 0
1.883862 0.533209 2.616417 -0.922412803 0.000200002776 -0.386205361 0 0
1.88428 0.533244 2.615537 -0.890696553 0.000299998839 -0.454598241 0 0
1.883541 0.565839 2.617314 -0.960154433 0.00550031182 -0.279415841 0 0
1.883541 0.533173 2.617298 -0.960318563 0.000200003866 -0.278905391 0 0
1.884762 0.566051 2.614674 -0.870530343 0.0098003416 -0.49201715 0 0
1.884762 0.597052 2.615891 -0.870835056 0.0378015217 -0.49011973 0 0
1.885276 0.566121 2.613794 -0.863700436 0.0103000052 -0.503900254 0 0
1.885276 0.597174 2.615015 -0.864089454 0.0393995191 -0.501793876 0 0
1.884762 0.533279 2.614657 -0.870462201 0.000300021439 -0.492235174 0 0
1.885276 0.533314 2.613777 -0.863590203 0.000299996597 -0.50419428 0 0
1.884762 0.62853 2.619517 -0.871146446 0.0790042122 -0.484625839 0 0
1.885276 0.628724 2.618653 -0.864477896 0.081697911 -0.495987318 0 0
1.883284 0.596439 2.620271 -0.999998555 0 -0.00169999754 0 0
1.883349 0.627365 2.624701 -0.990003995 -0.0227000916 0.139200562 0 0
1.883284 0.627559 2.623837 -0.999997775 0.000199999555 -0.00209999533 0 0
1.883349 0.596316 2.621148 -0.98992066 -0.0109002275 0.141202947 0 0
1.883541 0.62717 2.625565 -0.961132703 -0.0443015074 0.272509272 0 0
1.883541 0.596193 2.622024 -0.960924014 -0.0211005273 0.276006897 0 0
1.883349 0.565627 2.619955 -0.989760763 -0.00280017191 0.142708761 0 0
1.883284 0.565698 2.619075 -0.999999595 0 -0.000899999636 0 0
1.883349 0.533067 2.619938 -0.989620852 -0.000100002107 0.143703028 0 0
1.883284 0.533103 2.619058 -1 0 0 0 0
1.883541 0.565557 2.620835 -0.960560277 -0.00550034516 0.278017446 0 0
1.883541 0.533032 2.620819 -0.960291775 -0.000199998287 0.27899761 0 0
1.883349 0.565768 2.618195 -0.989515115 0.00280004277 -0.144402206 0 0
1.883349 0.596561 2.619395 -0.98944274 0.0110004752 -0.144506242 0 0
1.883349 0.533138 2.618178 -0.989620852 0.000100002107 -0.143703028 0 0
1.883349 0.627753 2.622973 -0.989407178 0.0232001683 -0.14330104 0 0
1.884015 0.595931 2.623897 -0.999081842 0.00349993639 -0.0426992239 0 0
1.883702 0.626481 2.628634 -0.916435389 0.0641024754 -0.395015254 0 0
1.884015 0.626755 2.627412 -0.999134566 0.00700024218 -0.0410014185 0 0
1.883702 0.595758 2.625136 -0.915824654 0.0306008238 -0.400410779 0 0
1.883702 0.565306 2.623962 -0.914847967 0.00790041423 -0.403721168 0 0
1.884015 0.565406 2.622717 -0.998977503 0.000999977481 -0.0451989821 0 0
1.883702 0.532907 2.623946 -0.913968158 0.000199993032 -0.405785863 0 0
1.884015 0.532957 2.622701 -0.998866327 0 -0.047603161 0 0
1.883862 0.565486 2.621715 -0.968540326 -0.00480019986 0.248810359 0 0
1.883862 0.596071 2.6229 -0.9683723 -0.0188994594 0.248792883 0 0
1.883862 0.532997 2.621699 -0.968780359 -0.000100008296 0.247920565 0 0
1.883862 0.626976 2.626429 -0.968299763 -0.0397999902 0.24659994 0 0
1.88428 0.596929 3.140123 -0.89088563 0.0347994387 0.452892695 0 0
1.884762 0.62853 3.137373 -0.871146446 0.0790042122 0.484625839 0 0
1.88428 0.628335 3.136509 -0.891098833 0.0729999044 0.447899413 0 0
1.884762 0.597052 3.140999 -0.870835056 0.0378015217 0.49011973 0 0
1.885276 0.628724 3.138237 -0.86452077 0.0817019629 0.495911914 0 0
1.885276 0.597174 3.141875 -0.864089454 0.0393995191 0.501793876 0 0
1.884762 0.566051 3.142216 -0.870530343 0.0098003416 0.49201715 0 0
1.88428 0.56598 3.141336 -0.890660522 0.0089996011 0.454579851 0 0
1.884762 0.533279 3.142233 -0.870462201 0.000300021439 0.492235174 0 0
1.88428 0.533244 3.141353 -0.890635386 0.00030001192 0.454718066 0 0
1.885276 0.566121 3.143096 -0.86376935 0.0102996345 0.503782124 0 0
1.885276 0.533314 3.143113 -0.863659154 0.000299985813 0.50407616 0 0
1.883862 0.565909 3.140456 -0.92233563 0.00760029361 0.386314924 0 0
1.883862 0.596807 3.139247 -0.922402758 0.0295000882 0.385101151 0 0
1.883541 0.565839 3.139575 -0.960127599 0.0055001581 0.279508035 0 0
1.883541 0.596684 3.138371 -0.960058382 0.0212990767 0.278987906 0 0
1.883862 0.533209 3.140472 -0.922463333 0.00019999205 0.386084653 0 0
1.883541 0.533173 3.139592 -0.960318563 0.000200003866 0.278905391 0 0
1.883862 0.628141 3.135645 -0.922529955 0.0620020132 0.380912368 0 0
1.883541 0.627947 3.134781 -0.960058963 0.0447980851 0.276188195 0 0
1.883284 0.596439 3.136618 -0.999998555 0 0.00169999754 0 0
1.883349 0.627753 3.133917 -0.989392995 0.0231998357 0.143398985 0 0
1.883284 0.627559 3.133053 -0.99999756 0.000199999512 0.00219999463 0 0
1.883349 0.596561 3.137495 -0.989428437 0.0110003162 0.144604156 0 0
1.883349 0.565768 3.138695 -0.989515115 0.00280004277 0.144402206 0 0
1.883284 0.565698 3.137815 -0.999999595 0 0.000899999636 0 0
1.883349 0.533138 3.138712 -0.989620852 0.000100002107 0.143703028 0 0
1.883284 0.533103 3.137832 -1 0 0 0 0
1.883349 0.565627 3.136935 -0.989760763 -0.00280017191 -0.142708761 0 0
1.883349 0.596316 3.135742 -0.989906677 -0.0109000735 -0.141300953 0 0
1.883541 0.565557 3.136055 -0.960560277 -0.00550034516 -0.278017446 0 0
1.883541 0.596193 3.134866 -0.960921981 -0.021200485 -0.276006314 0 0
1.883349 0.533067 3.136951 -0.989620852 -0.000100002107 -0.143703028 0 0
1.883541 0.533032 3.136071 -0.960291775 -0.000199998287 -0.27899761 0 0
1.883349 0.627365 3.132189 -0.990003995 -0.0227000916 -0.139200562 0 0
1.883541 0.62717 3.131325 -0.961132703 -0.0443015074 -0.272509272 0 0
1.884015 0.595931 3.132993 -0.999081842 0.00349993639 0.0426992239 0 0
1.883862 0.626976 3.130461 -0.968323637 -0.0398009716 -0.246506017 0 0
1.884015 0.626755 3.129478 -0.999134566 0.00700024218 0.0410014185 0 0
1.883862 0.596071 3.13399 -0.9683723 -0.0188994594 -0.248792883 0 0
1.883862 0.565486 3.135175 -0.968540326 -0.00480019986 -0.248810359 0 0
1.884015 0.565406 3.134173 -0.998977503 0.000999977481 0.0451989821 0 0
1.883862 0.532997 3.135191 -0.968786505 -9.9998607e-05 -0.247896547 0 0
1.884015 0.532957 3.134189 -0.998866327 0 0.047603161 0 0
1.883702 0.565306 3.132928 -0.914847967 0.00790041423 0.403721168 0 0
1.883702 0.595758 3.131754 -0.915824654 0.0306008238 0.400410779 0 0
1.883702 0.532907 3.132944 -0.91395169 0.000200011312 0.405822952 0 0
1.883702 0.626481 3.128255 -0.916435389 0.0641024754 0.395015254 0 0
1.871431 0.590799 2.660556 -0.839017829 -0.0389008267 0.542711533 0 0
1.872154 0.618406 2.664567 -0.785984744 -0.0950981542 0.610888143 0 0
1.871431 0.618631 2.663565 -0.839533506 -0.0837033407 0.536821425 0 0
1.872154 0.590657 2.661572 -0.785317285 -0.0442009729 0.617513592 0 0
1.872954 0.618206 2.665457 -0.717992659 -0.106898907 0.687792967 0 0
1.872954 0.590531 2.662474 -0.717344696 -0.0497030968 0.6949433 0 0
1.872154 0.562371 2.660566 -0.784514333 -0.0111002028 0.620011328 0 0
1.871431 0.562453 2.659546 -0.838385077 -0.00979982556 0.544990299 0 0
1.872154 0.531439 2.660552 -0.784116757 -0.000300006411 0.620613263 0 0
1.871431 0.53148 2.659532 -0.838077802 -0.000300027853 0.545550646 0 0
1.872954 0.562298 2.661473 -0.716537526 -0.0125006547 0.697436526 0 0
1.872954 0.531403 2.661459 -0.716050068 -0.000400027971 0.698048809 0 0
1.870687 0.562553 2.658298 -0.868903289 -0.00890003369 0.494901873 0 0
1.870687 0.590973 2.659314 -0.86930359 -0.0355001466 0.493002036 0 0
1.870687 0.53153 2.658284 -0.868649011 -0.000200011285 0.495427953 0 0
1.870687 0.618906 2.66234 -0.869691047 -0.0760992166 0.487694979 0 0
1.875085 0.590278 2.66428 -0.592176737 -0.0572977491 0.803768425 0 0
1.876415 0.617606 2.668128 -0.541541042 -0.128709755 0.830762962 0 0
1.875085 0.617806 2.667238 -0.592930697 -0.123406389 0.795741197 0 0
1.876415 0.590152 2.665183 -0.540813594 -0.0597015006 0.839021089 0 0
1.877922 0.617406 2.669019 -0.496825515 -0.132706815 0.857644045 0 0
1.877922 0.590025 2.666086 -0.496136353 -0.0615045066 0.866063459 0 0
1.876415 0.56208 2.664195 -0.540085078 -0.0149995856 0.84147675 0 0
1.875085 0.562153 2.663288 -0.591423728 -0.0144005778 0.806232347 0 0
1.876415 0.531294 2.664181 -0.539726045 -0.000400019303 0.841840624 0 0
1.875085 0.53133 2.663274 -0.591034068 -0.000400023058 0.806646496 0 0
1.877922 0.562007 2.665102 -0.495487697 -0.0153996176 0.868478436 0 0
1.877922 0.531257 2.665088 -0.495190928 -0.000399992672 0.868784084 0 0
1.873931 0.562225 2.66238 -0.650278148 -0.013599543 0.759574475 0 0
1.873931 0.590404 2.663377 -0.651026885 -0.0540022301 0.757131266 0 0
1.873931 0.531367 2.662367 -0.649802531 -0.000400001558 0.760102961 0 0
1.873931 0.618006 2.666348 -0.651696057 -0.116399296 0.749495466 0 0
1.881301 0.589776 2.667858 -0.461191067 -0.0626987855 0.885082856 0 0
1.88284 0.616827 2.671555 -0.482714844 -0.133604108 0.865526615 0 0
1.881301 0.617011 2.670766 -0.461914546 -0.135404264 0.876527602 0 0
1.88284 0.589659 2.668658 -0.481799689 -0.0617999601 0.874099436 0 0
1.884058 0.61666 2.672243 -0.558127022 -0.12660613 0.820039703 0 0
1.884058 0.589552 2.669356 -0.556720374 -0.0586021446 0.828630324 0 0
1.88284 0.561796 2.667686 -0.481112098 -0.0155003898 0.87652204 0 0
1.881301 0.561864 2.666882 -0.460628189 -0.0157009608 0.887454309 0 0
1.88284 0.531152 2.667672 -0.481008646 -0.00040000719 0.876715759 0 0
1.881301 0.531186 2.666868 -0.460483471 -0.000499982053 0.887668138 0 0
1.884058 0.561734 2.668386 -0.555908864 -0.0147002344 0.831113252 0 0
1.884058 0.531121 2.668373 -0.555922679 -0.000400016319 0.831233911 0 0
1.879606 0.561934 2.666009 -0.46641427 -0.0157004804 0.884427059 0 0
1.879606 0.589899 2.666989 -0.467018856 -0.0625025236 0.882035613 0 0
1.879606 0.531221 2.665995 -0.466191427 -0.000499990805 0.884683731 0 0
1.879606 0.617206 2.669909 -0.467581594 -0.135094682 0.873565613 0 0
1.871431 0.590799 3.096334 -0.839017829 -0.0389008267 -0.542711533 0 0
1.870687 0.618906 3.094549 -0.869691047 -0.0760992166 -0.487694979 0 0
1.871431 0.618631 3.093325 -0.839533506 -0.0837033407 -0.536821425 0 0
1.870687 0.590973 3.097576 -0.86930359 -0.0355001466 -0.493002036 0 0
1.870687 0.562553 3.098591 -0.868903289 -0.00890003369 -0.494901873 0 0
1.871431 0.562453 3.097344 -0.838430767 -0.00980035963 -0.544919996 0 0
1.870687 0.53153 3.098605 -0.868649011 -0.000200011285 -0.495427953 0 0
1.871431 0.53148 3.097358 -0.838107564 -0.000300002708 -0.545504923 0 0
1.872154 0.562371 3.096323 -0.784514333 -0.0111002028 -0.620011328 0 0
1.872154 0.590657 3.095318 -0.785317285 -0.0442009729 -0.617513592 0 0
1.872954 0.562298 3.095417 -0.716487551 -0.0124997828 -0.697487881 0 0
1.872954 0.590531 3.094415 -0.717294843 -0.0496996427 -0.694995003 0 0
1.872154 0.531439 3.096338 -0.784116757 -0.000300006411 -0.620613263 0 0
1.872954 0.531403 3.09543 -0.716000082 -0.000400000046 -0.69810008 0 0
1.872154 0.618406 3.092323 -0.785946518 -0.095105629 -0.610936159 0 0
1.872954 0.618206 3.091433 -0.717944205 -0.106906582 -0.687842352 0 0
1.875085 0.590278 3.09261 -0.592224335 -0.0573023546 -0.803733026 0 0
1.873931 0.618006 3.090542 -0.651744904 -0.11640802 -0.749451635 0 0
1.875085 0.617806 3.089652 -0.592930697 -0.123406389 -0.795741197 0 0
1.873931 0.590404 3.093513 -0.651026885 -0.0540022301 -0.757131266 0 0
1.873931 0.562225 3.094509 -0.650327542 -0.013600576 -0.759532167 0 0
1.875085 0.562153 3.093602 -0.591488747 -0.014399726 -0.806184662 0 0
1.873931 0.531367 3.094523 -0.649802531 -0.000400001558 -0.760102961 0 0
1.875085 0.53133 3.093616 -0.591099134 -0.000399999414 -0.806598818 0 0
1.876415 0.56208 3.092695 -0.540014243 -0.0150003956 -0.841522195 0 0
1.876415 0.590152 3.091707 -0.540813594 -0.0597015006 -0.839021089 0 0
1.877922 0.562007 3.091788 -0.495412244 -0.0154003806 -0.868521466 0 0
1.877922 0.590025 3.090804 -0.496093385 -0.0614991799 -0.866088451 0 0
1.876415 0.531294 3.092709 -0.539796912 -0.000399997712 -0.841795185 0 0
1.877922 0.531257 3.091802 -0.495115445 -0.000400012479 -0.868827104 0 0
1.876415 0.617606 3.088762 -0.541541042 -0.128709755 -0.830762962 0 0
1.877922 0.617406 3.087871 -0.496825515 -0.132706815 -0.857644045 0 0
1.881301 0.589776 3.089032 -0.461310615 -0.0627014428 -0.885020365 0 0
1.879606 0.617206 3.086981 -0.467622442 -0.135106484 -0.873541922 0 0
1.881301 0.617011 3.086124 -0.461993206 -0.135398009 -0.876487111 0 0
1.879606 0.589899 3.089901 -0.467018856 -0.0625025236 -0.882035613 0 0
1.879606 0.561934 3.090881 -0.46641427 -0.0157004804 -0.884427059 0 0
1.881301 0.561863 3.090008 -0.460628189 -0.0157009608 -0.887454309 0 0
1.879606 0.531221 3.090895 -0.466113156 -0.000500014113 -0.884724972 0 0
1.881301 0.531186 3.090022 -0.460483471 -0.000499982053 -0.887668138 0 0
1.88284 0.561796 3.089204 -0.481112098 -0.0155003898 -0.87652204 0 0
1.88284 0.589659 3.088232 -0.481722897 -0.0618029376 -0.874141549 0 0
1.884058 0.561734 3.088503 -0.556024163 -0.0147006388 -0.831036113 0 0
1.884058 0.589552 3.087534 -0.556605229 -0.0586005506 -0.828707786 0 0
1.88284 0.531152 3.089218 -0.480931776 -0.000400026431 -0.876757929 0 0
1.884058 0.531121 3.088517 -0.555922679 -0.000400016319 -0.831233911 0 0
1.88284 0.616827 3.085335 -0.482714844 -0.133604108 -0.865526615 0 0
1.884058 0.61666 3.084647 -0.558012396 -0.126602813 -0.820118219 0 0
2.083236 0.552518 2.811733 -0.999984275 -0.000299995283 0.00559991194 0 0
2.082998 0.538942 2.783295 -0.999884457 -0.000199996891 0.0151997637 0 0
2.083236 0.538894 2.811421 -0.99998487 -9.9998487e-05 0.00549991679 0 0
2.082998 0.552488 2.783735 -0.999880697 -0.00119997683 0.0153997027 0 0
2.082521 0.539038 2.761484 -0.999166901 -0.000800053569 0.040802732 0 0
2.082521 0.552546 2.762024 -0.999135365 -0.00380013451 0.0414014654 0 0
2.082998 0.519725 2.783288 -0.999884477 0 0.015199764 0 0
2.083236 0.519701 2.811416 -0.999984875 0 0.00549991681 0 0
2.082521 0.519773 2.761476 -0.999179572 0 0.040499172 0 0
2.082998 0.56413 2.785047 -0.999873348 -0.00260019074 0.0157011518 0 0
2.083236 0.564452 2.812659 -0.999984075 -0.000699988853 0.00559991082 0 0
2.082521 0.56396 2.763633 -0.999077286 -0.00849980676 0.0420990429 0 0
2.083316 0.56477 2.844415 -0.99999915 -9.9999915e-05 0.0012999989 0 0
2.083316 0.552581 2.843932 -0.99999928 0 0.00119999914 0 0
2.083316 0.564927 2.87826 -1 0 0 0 0
2.083316 0.55262 2.87825 -1 0 0 0 0
2.083316 0.538878 2.843769 -0.99999928 0 0.00119999914 0 0
2.083316 0.519693 2.843766 -0.99999928 0 0.00119999914 0 0
2.083316 0.538878 2.878247 -1 0 0 0 0
2.083316 0.519693 2.878245 -1 0 0 0 0
2.083236 0.552518 2.944883 -0.99998483 -0.000299995449 -0.00549991657 0 0
2.082998 0.56413 2.971675 -0.999873603 -0.00250018405 -0.0157011558 0 0
2.083236 0.564452 2.94397 -0.99998414 -0.000599990484 -0.00559991119 0 0
2.082998 0.552488 2.972977 -0.999880697 -0.00119997683 -0.0153997027 0 0
2.082521 0.56396 2.993172 -0.999086522 -0.00839988669 -0.0418994348 0 0
2.082521 0.552546 2.994777 -0.999143619 -0.0038001659 -0.0412017987 0 0
2.082998 0.538942 2.973414 -0.999884457 -0.000199996891 -0.0151997637 0 0
2.083236 0.538894 2.945189 -0.99998487 -9.9998487e-05 -0.00549991679 0 0
2.082998 0.519725 2.97342 -0.999885992 0 -0.0150997885 0 0
2.083236 0.519701 2.945192 -0.99998542 0 -0.00539992127 0 0
2.082521 0.539038 2.995316 -0.999170974 -0.00080005683 -0.0407028912 0 0
2.082521 0.519773 2.995323 -0.999183614 0 -0.0403993375 0 0
2.083316 0.538878 2.91276 -0.99999928 0 -0.00119999914 0 0
2.083316 0.552581 2.912604 -0.99999928 0 -0.00119999914 0 0
2.083316 0.519693 2.912761 -0.99999928 0 -0.00119999914 0 0
2.083316 0.56477 2.912138 -0.99999915 -9.9999915e-05 -0.0012999989 0 0
2.022589 0.560296 2.725845 -0.225397453 -0.0911989695 0.969989039 0 0
2.043746 0.571209 2.732593 -0.24650187 -0.202701537 0.947707188 0 0
2.022589 0.574785 2.727952 -0.240306502 -0.195405287 0.950825725 0 0
2.043746 0.557795 2.730551 -0.230793741 -0.0947974291 0.968373738 0 0
2.061622 0.568098 2.73663 -0.259697711 -0.209498153 0.94269169 0 0
2.061622 0.555619 2.734644 -0.242798411 -0.0981993573 0.965093683 0 0
2.043746 0.542312 2.729865 -0.222804429 -0.0218004334 0.974619376 0 0
2.022589 0.543844 2.725138 -0.218003932 -0.0212003824 0.975717597 0 0
2.043746 0.521415 2.729856 -0.221111001 -0.000500024877 0.97524852 0 0
2.022589 0.522183 2.725128 -0.216400985 -0.000500002275 0.976304442 0 0
2.061622 0.54098 2.733978 -0.234112911 -0.0223012298 0.9719536 0 0
2.061622 0.520747 2.733968 -0.232404559 -0.000500009808 0.972619078 0 0
2.001516 0.545343 2.720507 -0.21480811 -0.0207007816 0.976436866 0 0
2.001516 0.562744 2.721236 -0.221800881 -0.0881003498 0.971103855 0 0
1.983888 0.546578 2.716686 -0.211302153 -0.0203002069 0.977209958 0 0
1.983888 0.564761 2.717433 -0.218012948 -0.0859051021 0.972157738 0 0
2.001516 0.522935 2.720497 -0.21320176 -0.000500004128 0.977008065 0 0
1.983888 0.523554 2.716676 -0.209809066 -0.000500021606 0.977742249 0 0
2.001516 0.578285 2.723407 -0.235994684 -0.189095741 0.95317853 0 0
1.983888 0.58117 2.719656 -0.231612181 -0.184509704 0.955150233 0 0
2.079032 0.553235 2.741287 -0.774453745 -0.0644044695 0.629343675 0 0
2.081726 0.564097 2.750475 -0.97700361 -0.0469001733 0.208000769 0 0
2.079032 0.564717 2.743181 -0.774019238 -0.139003455 0.617715354 0 0
2.081726 0.552749 2.748682 -0.978088405 -0.0212997475 0.207097545 0 0
2.081726 0.539199 2.748081 -0.978937602 -0.0046001767 0.20410784 0 0
2.079032 0.539515 2.740651 -0.776792663 -0.0142998649 0.629594054 0 0
2.081726 0.519854 2.748072 -0.979362236 -0.000100006355 0.202112844 0 0
2.079032 0.520012 2.740642 -0.778698232 -0.000299999319 0.627398576 0 0
2.072858 0.540078 2.736762 -0.392417326 -0.0213009405 0.919540599 0 0
2.072858 0.554145 2.737415 -0.397804756 -0.0943011274 0.91261091 0 0
2.072858 0.520295 2.736752 -0.391818142 -0.000400018521 0.920042599 0 0
2.072858 0.565992 2.739363 -0.408721922 -0.201010782 0.89024775 0 0
2.022589 0.560296 3.031045 -0.225397453 -0.0911989695 -0.969989039 0 0
2.001516 0.578285 3.033483 -0.235994684 -0.189095741 -0.95317853 0 0
2.022589 0.574785 3.028937 -0.240306502 -0.195405287 -0.950825725 0 0
2.001516 0.562744 3.035654 -0.221800881 -0.0881003498 -0.971103855 0 0
1.983888 0.58117 3.037234 -0.231612181 -0.184509704 -0.955150233 0 0
1.983888 0.564761 3.039457 -0.218012948 -0.0859051021 -0.972157738 0 0
2.001516 0.545343 3.036383 -0.21480811 -0.0207007816 -0.976436866 0 0
2.022589 0.543844 3.031752 -0.218003932 -0.0212003824 -0.975717597 0 0
2.001516 0.522935 3.036393 -0.21320176 -0.000500004128 -0.977008065 0 0
2.022589 0.522183 3.031762 -0.216400985 -0.000500002275 -0.976304442 0 0
1.983888 0.546578 3.040203 -0.211302153 -0.0203002069 -0.977209958 0 0
1.983888 0.523554 3.040214 -0.209809066 -0.000500021606 -0.977742249 0 0
2.043746 0.542312 3.027024 -0.222804429 -0.0218004334 -0.974619376 0 0
2.043746 0.557795 3.026339 -0.230793741 -0.0947974291 -0.968373738 0 0
2.061623 0.54098 3.022912 -0.234112911 -0.0223012298 -0.9719536 0 0
2.061623 0.555619 3.022246 -0.242798411 -0.0981993573 -0.965093683 0 0
2.043746 0.521415 3.027034 -0.221111001 -0.000500024877 -0.97524852 0 0
2.061623 0.520747 3.022922 -0.232404559 -0.000500009808 -0.972619078 0 0
2.043746 0.571209 3.024297 -0.24650187 -0.202701537 -0.947707188 0 0
2.061623 0.568098 3.02026 -0.259697711 -0.209498153 -0.94269169 0 0
2.079032 0.553235 3.015594 -0.77512839 -0.0643023551 -0.62852302 0 0
2.072858 0.565992 3.017527 -0.409211123 -0.201005463 -0.890024191 0 0
2.079032 0.564717 3.0137 -0.774703432 -0.138800615 -0.616902733 0 0
2.072858 0.554145 3.019475 -0.39829818 -0.0942995691 -0.91239583 0 0
2.072858 0.540078 3.020128 -0.392912457 -0.0213006753 -0.919329148 0 0
2.079032 0.539515 3.01623 -0.777511049 -0.0142002018 -0.628708934 0 0
2.072858 0.520295 3.020137 -0.392313439 -0.000400013703 -0.919831509 0 0
2.079032 0.520012 3.016238 -0.779412977 -0.000300004995 -0.626510431 0 0
2.081726 0.539199 3.008773 -0.979085989 -0.00449993561 -0.203397089 0 0
2.081726 0.552749 3.008172 -0.978236372 -0.0212007883 -0.206407674 0 0
2.081726 0.519854 3.008781 -0.979508708 -0.000100000889 -0.20140179 0 0
2.081726 0.564097 3.006381 -0.97715932 -0.0467028352 -0.207312585 0 0
1.88636 0.794916 2.946475 -0.76620757 -0.593805867 -0.245602427 0 0
1.885276 0.780218 2.9779 -0.965024367 -0.220305563 -0.142103588 0 0
1.885276 0.796678 2.946875 -0.967068635 -0.235916744 -0.0955067784 0 0
1.88636 0.778552 2.977319 -0.752004136 -0.549803024 -0.363602 0 0
1.885276 0.758125 3.005097 -0.96198028 -0.196395974 -0.189796109 0 0
1.88636 0.756589 3.004356 -0.730213348 -0.483408837 -0.482808826 0 0
1.885276 0.781725 2.978561 -1 0 0 0 0
1.885276 0.798294 2.94733 -1 0 0 0 0
1.885276 0.759485 3.005938 -1 0 0 0 0
1.889613 0.775871 2.97659 -0.597015367 -0.668417205 -0.443611419 0 0
1.889613 0.792114 2.945974 -0.618147893 -0.726056253 -0.301223338 0 0
1.889613 0.754069 3.003429 -0.565219755 -0.582520359 -0.584120415 0 0
1.889613 0.802278 2.912839 -0.630832545 -0.760339227 -0.154707982 0 0
1.88636 0.805155 2.913094 -0.774850115 -0.61954007 -0.125608124 0 0
1.889613 0.805839 2.878445 -0.635440806 -0.772149585 0 0 0
1.88636 0.808743 2.878445 -0.778208078 -0.628006519 0 0 0
1.885276 0.806977 2.913298 -0.968433383 -0.244508428 -0.0485016719 0 0
1.885276 0.808662 2.91353 -1 0 0 0 0
1.885276 0.810586 2.878445 -0.969116296 -0.246604147 0 0 0
1.885276 0.812295 2.878445 -1 0 0 0 0
1.88636 0.699508 3.043581 -0.672620098 -0.328209807 -0.663219817 0 0
1.885276 0.66953 3.057558 -0.945477824 -0.112897352 -0.305492835 0 0
1.885276 0.700704 3.044552 -0.950536905 -0.141105479 -0.276710744 0 0
1.88636 0.668529 3.056511 -0.647340674 -0.257616187 -0.717345072 0 0
1.885276 0.639483 3.066582 -0.941210598 -0.0848009549 -0.327003682 0 0
1.88636 0.638684 3.065482 -0.624938319 -0.190611688 -0.75704642 0 0
1.885276 0.670306 3.058748 -1 0 0 0 0
1.885276 0.701684 3.045656 -1 0 0 0 0
1.885276 0.640065 3.067832 -1 0 0 0 0
1.889613 0.666718 3.055199 -0.454024053 -0.300615926 -0.838744433 0 0
1.889613 0.697424 3.042365 -0.488021051 -0.38621666 -0.782733764 0 0
1.889613 0.637181 3.064104 -0.423125175 -0.221213161 -0.878652277 0 0
1.889613 0.727231 3.025231 -0.525684161 -0.481085505 -0.701578862 0 0
1.88636 0.729551 3.02632 -0.700782029 -0.40438963 -0.587684929 0 0
1.885276 0.730928 3.027189 -0.956233019 -0.169505853 -0.238508236 0 0
1.885276 0.732108 3.028178 -1 0 0 0 0
1.88636 0.699508 2.713309 -0.672620098 -0.328209807 0.663219817 0 0
1.885276 0.730928 2.729701 -0.956233019 -0.169505853 0.238508236 0 0
1.885276 0.700704 2.712338 -0.950536905 -0.141105479 0.276710744 0 0
1.88636 0.729551 2.73057 -0.700823212 -0.404413394 0.587619462 0 0
1.885276 0.758125 2.751793 -0.96198028 -0.196395974 0.189796109 0 0
1.88636 0.756589 2.752533 -0.730213348 -0.483408837 0.482808826 0 0
1.885276 0.732108 2.728712 -1 0 0 0 0
1.885276 0.701684 2.711234 -1 0 0 0 0
1.885276 0.759485 2.750952 -1 0 0 0 0
1.889613 0.727231 2.731659 -0.525684161 -0.481085505 0.701578862 0 0
1.889613 0.697424 2.714525 -0.488097232 -0.38619781 0.782695562 0 0
1.889613 0.754069 2.753461 -0.565219755 -0.582520359 0.584120415 0 0
1.889613 0.666718 2.70169 -0.454024053 -0.300615926 0.838744433 0 0
1.88636 0.668529 2.700378 -0.647294236 -0.257597706 0.717393612 0 0
1.889613 0.637181 2.692786 -0.423125175 -0.221213161 0.878652277 0 0
1.88636 0.638684 2.691407 -0.624926404 -0.190708058 0.757031985 0 0
1.885276 0.66953 2.699332 -0.945477824 -0.112897352 0.305492835 0 0
1.885276 0.670306 2.698141 -1 0 0 0 0
1.885276 0.639483 2.690308 -0.941210598 -0.0848009549 0.327003682 0 0
1.885276 0.640065 2.689058 -1 0 0 0 0
1.88636 0.794916 2.810415 -0.76620757 -0.593805867 0.245602427 0 0
1.885276 0.806977 2.843592 -0.968433383 -0.244508428 0.0485016719 0 0
1.885276 0.796678 2.810015 -0.967068635 -0.235916744 0.0955067784 0 0
1.88636 0.805155 2.843796 -0.774850115 -0.61954007 0.125608124 0 0
1.885276 0.808662 2.84336 -1 0 0 0 0
1.885276 0.798294 2.80956 -1 0 0 0 0
1.889613 0.802278 2.844051 -0.630832545 -0.760339227 0.154707982 0 0
1.889613 0.792114 2.810916 -0.618147893 -0.726056253 0.301223338 0 0
1.889613 0.775871 2.7803 -0.597015367 -0.668417205 0.443611419 0 0
1.88636 0.778552 2.779571 -0.752004136 -0.549803024 0.363602 0 0
1.885276 0.780218 2.77899 -0.965024367 -0.220305563 0.142103588 0 0
1.885276 0.781725 2.778329 -1 0 0 0 0
1.88636 0.097947 2.682121 -0.57901293 -0.000500011165 0.815318206 0 0
1.885276 0.109251 2.680974 -0.929740272 -0.000200008664 0.36821595 0 0
1.885276 0.097947 2.680967 -0.929740272 -0.000200008664 0.36821595 0 0
1.88636 0.109251 2.682128 -0.57901293 -0.000500011165 0.815318206 0 0
1.885276 0.130834 2.680989 -0.929706034 -0.000200001298 0.36830239 0 0
1.88636 0.130834 2.682143 -0.578946448 -0.000500040117 0.815365415 0 0
1.885276 0.109251 2.679662 -1 0 0 0 0
1.885276 0.097947 2.679655 -1 0 0 0 0
1.885276 0.130834 2.679677 -1 0 0 0 0
1.889613 0.109251 2.683575 -0.362996261 -0.00059999382 0.931790403 0 0
1.889613 0.097947 2.683567 -0.362996281 -0.000499994878 0.931790454 0 0
1.889613 0.130834 2.683589 -0.362996261 -0.00059999382 0.931790403 0 0
1.889613 0.093496 2.683565 -0.362996319 -0.000199997972 0.931790552 0 0
1.88636 0.093496 2.682119 -0.57901299 -0.000200004487 0.815318292 0 0
1.889613 0.09247 2.683565 -0.363083144 0 0.931756744 0 0
1.88636 0.09247 2.682119 -0.579013002 0 0.815318308 0 0
1.885276 0.093496 2.680964 -0.92977452 -0.000100008015 0.368129505 0 0
1.885276 0.093496 2.679652 -1 0 0 0 0
1.885276 0.09247 2.680964 -0.929753848 0 0.368181724 0 0
1.885276 0.09247 2.679652 -1 0 0 0 0
1.88636 0.097947 3.074769 -0.57901293 -0.000500011165 -0.815318206 0 0
1.885276 0.093496 3.075925 -0.92977452 -0.000100008015 -0.368129505 0 0
1.885276 0.097947 3.075923 -0.929740272 -0.000200008664 -0.36821595 0 0
1.88636 0.093496 3.074771 -0.57901299 -0.000200004487 -0.815318292 0 0
1.885276 0.09247 3.075925 -0.929753848 0 -0.368181724 0 0
1.88636 0.09247 3.074771 -0.579079472 0 -0.815271099 0 0
1.885276 0.093496 3.077238 -1 0 0 0 0
1.885276 0.097947 3.077235 -1 0 0 0 0
1.885276 0.09247 3.077238 -1 0 0 0 0
1.889613 0.093496 3.073325 -0.362996319 -0.000199997972 -0.931790552 0 0
1.889613 0.097947 3.073322 -0.362996281 -0.000499994878 -0.931790454 0 0
1.889613 0.09247 3.073325 -0.363083144 0 -0.931756744 0 0
1.889613 0.109251 3.073315 -0.362996261 -0.00059999382 -0.931790403 0 0
1.88636 0.109251 3.074761 -0.57901293 -0.000500011165 -0.815318206 0 0
1.889613 0.130834 3.073301 -0.362996261 -0.00059999382 -0.931790403 0 0
1.88636 0.130834 3.074747 -0.57901293 -0.000500011165 -0.815318206 0 0
1.885276 0.109251 3.075916 -0.929740272 -0.000200008664 -0.36821595 0 0
1.885276 0.109251 3.077228 -1 0 0 0 0
1.885276 0.130834 3.075901 -0.929740272 -0.000200008664 -0.36821595 0 0
1.885276 0.130834 3.077213 -1 0 0 0 0
1.88636 0.586489 3.07356 -0.589542746 -0.056504097 -0.805758424 0 0
1.889613 0.610883 3.069448 -0.395506417 -0.140102273 -0.907714728 0 0
1.889613 0.585677 3.072123 -0.374899233 -0.0647998675 -0.924798109 0 0
1.88636 0.612041 3.070866 -0.605118695 -0.121403751 -0.786824309 0 0
1.885276 0.612639 3.071997 -0.937792174 -0.0550995402 -0.342797139 0 0
1.885276 0.5869 3.074707 -0.934144569 -0.0264012596 -0.355916981 0 0
1.885276 0.613053 3.073283 -1 0 0 0 0
1.885276 0.587173 3.076012 -1 0 0 0 0
1.885276 0.560165 3.075617 -0.931296475 -0.00679997426 -0.364198622 0 0
1.88636 0.559917 3.074465 -0.581218248 -0.0141004427 -0.813625544 0 0
1.885276 0.530337 3.07563 -0.929623961 -0.000200005155 -0.368509498 0 0
1.88636 0.530212 3.074477 -0.578491641 -0.00039999422 -0.815688213 0 0
1.885276 0.560327 3.076927 -1 0 0 0 0
1.885276 0.530418 3.07694 -1 0 0 0 0
1.889613 0.559419 3.07302 -0.365023207 -0.0161010237 -0.930859181 0 0
1.889613 0.529963 3.073033 -0.362615134 -0.000400016695 -0.931938895 0 0
1.88636 0.586489 2.683329 -0.589495243 -0.0564995441 0.805793497 0 0
1.885276 0.612639 2.684893 -0.937792174 -0.0550995402 0.342797139 0 0
1.885276 0.5869 2.682183 -0.934144569 -0.0264012596 0.355916981 0 0
1.88636 0.612041 2.686024 -0.60522969 -0.121405956 0.786738594 0 0
1.885276 0.613053 2.683607 -1 0 0 0 0
1.885276 0.587173 2.680878 -1 0 0 0 0
1.889613 0.610883 2.687442 -0.395506417 -0.140102273 0.907714728 0 0
1.889613 0.585677 2.684767 -0.374899233 -0.0647998675 0.924798109 0 0
1.889613 0.559419 2.683869 -0.365023207 -0.0161010237 0.930859181 0 0
1.88636 0.559917 2.682425 -0.581218248 -0.0141004427 0.813625544 0 0
1.889613 0.529963 2.683857 -0.362615134 -0.000400016695 0.931938895 0 0
1.88636 0.530212 2.682412 -0.57853883 -0.000400026849 0.815654745 0 0
1.885276 0.560165 2.681273 -0.931296475 -0.00679997426 0.364198622 0 0
1.885276 0.560327 2.679962 -1 0 0 0 0
1.885276 0.530337 2.68126 -0.929623961 -0.000200005155 0.368509498 0 0
1.885276 0.530418 2.67995 -1 0 0 0 0
1.885154 0.811112 2.950938 -0.958294245 -0.263598417 -0.110399337 0 0
1.884789 0.794358 2.984116 -0.791721967 -0.50891412 -0.337909375 0 0
1.884789 0.811847 2.951152 -0.79844257 -0.556029646 -0.230912311 0 0
1.885154 0.793675 2.983805 -0.956230389 -0.243007723 -0.16300518 0 0
1.884789 0.770885 3.013012 -0.781619584 -0.440311032 -0.44181107 0 0
1.885154 0.77027 3.012617 -0.9529601 -0.212513403 -0.21611363 0 0
1.885276 0.792699 2.983374 -0.99812123 -0.0507010784 -0.0344007317 0 0
1.885276 0.810065 2.950641 -0.998227691 -0.0548015202 -0.0232006436 0 0
1.885276 0.791221 2.982726 -1 0 0 0 0
1.885276 0.80848 2.950195 -1 0 0 0 0
1.885276 0.76939 3.012068 -0.997940527 -0.0446018113 -0.0461018722 0 0
1.885276 0.768057 3.011242 -1 0 0 0 0
1.885276 0.820931 2.915216 -0.998286129 -0.0572992038 -0.0118998347 0 0
1.885154 0.822023 2.915367 -0.959450632 -0.276114571 -0.0567029923 0 0
1.885276 0.824739 2.878445 -0.998293286 -0.0583996073 0 0 0
1.885154 0.825846 2.878445 -0.959761076 -0.28081787 0 0 0
1.885276 0.819279 2.914989 -1 0 0 0 0
1.885276 0.823063 2.878445 -1 0 0 0 0
1.884789 0.82279 2.915476 -0.802438253 -0.584727875 -0.119105678 0 0
1.884789 0.826625 2.878445 -0.803716601 -0.59501229 0 0 0
1.885276 0.8034 2.948766 -1 0 0 0 0
1.885276 0.789032 2.981766 -1 0 0 0 0
1.885276 0.806132 2.949535 -1 0 0 0 0
1.885276 0.786485 2.980649 -1 0 0 0 0
1.885276 0.766081 3.01002 -1 0 0 0 0
1.885276 0.763781 3.008597 -1 0 0 0 0
1.885276 0.783931 2.979528 -1 0 0 0 0
1.885276 0.800661 2.947995 -1 0 0 0 0
1.885276 0.761477 3.007171 -1 0 0 0 0
1.885276 0.811129 2.913869 -1 0 0 0 0
1.885276 0.813983 2.914261 -1 0 0 0 0
1.885276 0.814797 2.878445 -1 0 0 0 0
1.885276 0.817692 2.878445 -1 0 0 0 0
1.885276 0.816831 2.914653 -1 0 0 0 0
1.885276 0.820581 2.878445 -1 0 0 0 0
1.885154 0.709449 3.054415 -0.947246601 -0.140406907 -0.288114174 0 0
1.884789 0.676794 3.068752 -0.75593062 -0.22070894 -0.616324965 0 0
1.884789 0.709886 3.054933 -0.762045172 -0.286416978 -0.580734424 0 0
1.885154 0.676453 3.068194 -0.945325496 -0.108902937 -0.307408291 0 0
1.884789 0.644931 3.07834 -0.752047757 -0.160610199 -0.639240593 0 0
1.885154 0.644678 3.077753 -0.943921021 -0.079701775 -0.320407136 0 0
1.885276 0.675954 3.067417 -0.997583276 -0.0228996161 -0.0655989002 0 0
1.885276 0.708818 3.053695 -0.997677303 -0.0294993289 -0.0613986032 0 0
1.885276 0.675193 3.066249 -1 0 0 0 0
1.885276 0.707857 3.052612 -1 0 0 0 0
1.885276 0.644305 3.076937 -0.997502768 -0.0168000466 -0.0686001904 0 0
1.885276 0.643734 3.075711 -1 0 0 0 0
1.885276 0.740696 3.035377 -0.997800614 -0.0367000226 -0.0552000339 0 0
1.885154 0.741459 3.036022 -0.949900366 -0.175100067 -0.2589001 0 0
1.885276 0.73954 3.034407 -1 0 0 0 0
1.884789 0.741988 3.036486 -0.770938968 -0.360118203 -0.525326553 0 0
1.885276 0.704778 3.049143 -1 0 0 0 0
1.885276 0.674067 3.06452 -1 0 0 0 0
1.885276 0.706434 3.051009 -1 0 0 0 0
1.885276 0.672755 3.062508 -1 0 0 0 0
1.885276 0.642888 3.073895 -1 0 0 0 0
1.885276 0.641904 3.071781 -1 0 0 0 0
1.885276 0.671441 3.060491 -1 0 0 0 0
1.885276 0.703118 3.047272 -1 0 0 0 0
1.885276 0.640917 3.069663 -1 0 0 0 0
1.885276 0.733835 3.029625 -1 0 0 0 0
1.885276 0.735833 3.0313 -1 0 0 0 0
1.885276 0.737827 3.032971 -1 0 0 0 0
1.885154 0.709449 2.702475 -0.947219305 -0.140402861 0.288205874 0 0
1.884789 0.741988 2.720404 -0.77100729 -0.360003404 0.525304967 0 0
1.884789 0.709886 2.701957 -0.762000914 -0.286400344 0.580800697 0 0
1.885154 0.741459 2.720868 -0.949900366 -0.175100067 0.2589001 0 0
1.884789 0.770885 2.743878 -0.781727431 -0.440215447 0.4417155 0 0
1.885154 0.77027 2.744273 -0.9529601 -0.212513403 0.21611363 0 0
1.885276 0.740696 2.721513 -0.997800614 -0.0367000226 0.0552000339 0 0
1.885276 0.708818 2.703195 -0.997677303 -0.0294993289 0.0613986032 0 0
1.885276 0.73954 2.722483 -1 0 0 0 0
1.885276 0.707857 2.704278 -1 0 0 0 0
1.885276 0.76939 2.744822 -0.997940527 -0.0446018113 0.0461018722 0 0
1.885276 0.768057 2.745647 -1 0 0 0 0
1.885276 0.675954 2.689473 -0.997583276 -0.0228996161 0.0655989002 0 0
1.885154 0.676453 2.688696 -0.945296432 -0.108899589 0.307498839 0 0
1.885276 0.644305 2.679953 -0.997509606 -0.0168001618 0.0685006597 0 0
1.885154 0.644678 2.679137 -0.943921021 -0.079701775 0.320407136 0 0
1.885276 0.675193 2.69064 -1 0 0 0 0
1.885276 0.643734 2.681179 -1 0 0 0 0
1.884789 0.676794 2.688138 -0.755884028 -0.220695337 0.616386976 0 0
1.884789 0.644931 2.67855 -0.752047757 -0.160610199 0.639240593 0 0
1.885276 0.704778 2.707747 -1 0 0 0 0
1.885276 0.737827 2.723918 -1 0 0 0 0
1.885276 0.706434 2.705881 -1 0 0 0 0
1.885276 0.735833 2.72559 -1 0 0 0 0
1.885276 0.766081 2.74687 -1 0 0 0 0
1.885276 0.763781 2.748293 -1 0 0 0 0
1.885276 0.733835 2.727264 -1 0 0 0 0
1.885276 0.703118 2.709618 -1 0 0 0 0
1.885276 0.761477 2.749719 -1 0 0 0 0
1.885276 0.671441 2.696398 -1 0 0 0 0
1.885276 0.672755 2.694381 -1 0 0 0 0
1.885276 0.640917 2.687227 -1 0 0 0 0
1.885276 0.641904 2.685108 -1 0 0 0 0
1.885276 0.674067 2.692369 -1 0 0 0 0
1.885276 0.642888 2.682995 -1 0 0 0 0
1.885154 0.811112 2.805952 -0.958294245 -0.263598417 0.110399337 0 0
1.884789 0.82279 2.841414 -0.802438253 -0.584727875 0.119105678 0 0
1.884789 0.811847 2.805738 -0.798398172 -0.556098727 0.230899471 0 0
1.885154 0.822023 2.841522 -0.959450632 -0.276114571 0.0567029923 0 0
1.885276 0.820931 2.841674 -0.998286129 -0.0572992038 0.0118998347 0 0
1.885276 0.810065 2.806248 -0.998227691 -0.0548015202 0.0232006436 0 0
1.885276 0.819279 2.841901 -1 0 0 0 0
1.885276 0.80848 2.806695 -1 0 0 0 0
1.885276 0.792699 2.773516 -0.99812123 -0.0507010784 0.0344007317 0 0
1.885154 0.793675 2.773084 -0.956230389 -0.243007723 0.16300518 0 0
1.885276 0.791221 2.774164 -1 0 0 0 0
1.884789 0.794358 2.772774 -0.791762259 -0.508840012 0.337926572 0 0
1.885276 0.8034 2.808124 -1 0 0 0 0
1.885276 0.816831 2.842237 -1 0 0 0 0
1.885276 0.806132 2.807355 -1 0 0 0 0
1.885276 0.813983 2.842629 -1 0 0 0 0
1.885276 0.811129 2.843021 -1 0 0 0 0
1.885276 0.800661 2.808894 -1 0 0 0 0
1.885276 0.783931 2.777361 -1 0 0 0 0
1.885276 0.786485 2.776241 -1 0 0 0 0
1.885276 0.789032 2.775124 -1 0 0 0 0
1.885154 0.097947 2.669241 -0.943312952 -0.000200002746 0.331904557 0 0
1.884789 0.109251 2.668633 -0.748847561 -0.000500031758 0.662742092 0 0
1.884789 0.097947 2.668625 -0.748891515 -0.000399995468 0.662692492 0 0
1.885154 0.109251 2.669249 -0.943312952 -0.000200002746 0.331904557 0 0
1.884789 0.130834 2.668648 -0.748847561 -0.000500031758 0.662742092 0 0
1.885154 0.130834 2.669264 -0.943281639 -0.000199996107 0.331993538 0 0
1.885276 0.109251 2.670105 -0.997504683 0 0.0706003315 0 0
1.885276 0.097947 2.670097 -0.997504683 0 0.0706003315 0 0
1.885276 0.109251 2.671392 -1 0 0 0 0
1.885276 0.097947 2.671384 -1 0 0 0 0
1.885276 0.130834 2.670121 -0.997504683 0 0.0706003315 0 0
1.885276 0.130834 2.671407 -1 0 0 0 0
1.885276 0.093496 2.670095 -0.997504683 0 0.0706003315 0 0
1.885154 0.093496 2.669238 -0.943312966 -0.000100001375 0.331904562 0 0
1.885276 0.09247 2.670095 -0.997504683 0 0.0706003315 0 0
1.885154 0.09247 2.669238 -0.943312971 0 0.331904564 0 0
1.885276 0.093496 2.671382 -1 0 0 0 0
1.885276 0.09247 2.671382 -1 0 0 0 0
1.884789 0.093496 2.668622 -0.74889156 -0.000199997746 0.662692531 0 0
1.884789 0.09247 2.668622 -0.748891575 0 0.662692545 0 0
1.885276 0.097947 2.675509 -1 0 0 0 0
1.885276 0.109251 2.673298 -1 0 0 0 0
1.885276 0.097947 2.67329 -1 0 0 0 0
1.885276 0.109251 2.675517 -1 0 0 0 0
1.885276 0.130834 2.673313 -1 0 0 0 0
1.885276 0.130834 2.675532 -1 0 0 0 0
1.885276 0.109251 2.67774 -1 0 0 0 0
1.885276 0.097947 2.677733 -1 0 0 0 0
1.885276 0.130834 2.677755 -1 0 0 0 0
1.885276 0.093496 2.67773 -1 0 0 0 0
1.885276 0.093496 2.675507 -1 0 0 0 0
1.885276 0.09247 2.67773 -1 0 0 0 0
1.885276 0.09247 2.675507 -1 0 0 0 0
1.885276 0.093496 2.673288 -1 0 0 0 0
1.885276 0.09247 2.673288 -1 0 0 0 0
1.885154 0.097947 3.087649 -0.943312952 -0.000200002746 -0.331904557 0 0
1.884789 0.093496 3.088268 -0.74889156 -0.000199997746 -0.662692531 0 0
1.884789 0.097947 3.088265 -0.748891515 -0.000399995468 -0.662692492 0 0
1.885154 0.093496 3.087652 -0.943312966 -0.000100001375 -0.331904562 0 0
1.884789 0.09247 3.088268 -0.748891575 0 -0.662692545 0 0
1.885154 0.09247 3.087652 -0.943312971 0 -0.331904564 0 0
1.885276 0.093496 3.086795 -0.997504683 0 -0.0706003315 0 0
1.885276 0.097947 3.086792 -0.997504683 0 -0.0706003315 0 0
1.885276 0.093496 3.085508 -1 0 0 0 0
1.885276 0.097947 3.085505 -1 0 0 0 0
1.885276 0.09247 3.086795 -0.997504683 0 -0.0706003315 0 0
1.885276 0.09247 3.085508 -1 0 0 0 0
1.885276 0.109251 3.086785 -0.997504683 0 -0.0706003315 0 0
1.885154 0.109251 3.087641 -0.943312952 -0.000200002746 -0.331904557 0 0
1.885276 0.130834 3.086769 -0.997504683 0 -0.0706003315 0 0
1.885154 0.130834 3.087626 -0.943312952 -0.000200002746 -0.331904557 0 0
1.885276 0.109251 3.085498 -1 0 0 0 0
1.885276 0.130834 3.085482 -1 0 0 0 0
1.884789 0.109251 3.088257 -0.748847561 -0.000500031758 -0.662742092 0 0
1.884789 0.130834 3.088242 -0.748891481 -0.000499994313 -0.662692462 0 0
1.885276 0.097947 3.081381 -1 0 0 0 0
1.885276 0.093496 3.083602 -1 0 0 0 0
1.885276 0.097947 3.083599 -1 0 0 0 0
1.885276 0.093496 3.081383 -1 0 0 0 0
1.885276 0.09247 3.083602 -0.999999995 -9.99999995e-05 0 0 0
1.885276 0.09247 3.081383 -0.999999995 -9.99999995e-05 0 0 0
1.885276 0.093496 3.079159 -1 0 0 0 0
1.885276 0.097947 3.079157 -1 0 0 0 0
1.885276 0.09247 3.079159 -1 0 0 0 0
1.885276 0.109251 3.079149 -1 0 0 0 0
1.885276 0.109251 3.081373 -1 0 0 0 0
1.885276 0.130834 3.079134 -1 0 0 0 0
1.885276 0.130834 3.081358 -1 0 0 0 0
1.885276 0.109251 3.083591 -1 0 0 0 0
1.885276 0.130834 3.083576 -1 0 0 0 0
1.885276 0.588038 3.080132 -1 0 0 0 0
1.885276 0.61366 3.075167 -1 0 0 0 0
1.885276 0.587574 3.077922 -1 0 0 0 0
1.885276 0.614362 3.077346 -1 0 0 0 0
1.885276 0.615063 3.079521 -1 0 0 0 0
1.885276 0.588501 3.082336 -1 0 0 0 0
1.885276 0.615665 3.081389 -1 0 0 0 0
1.885276 0.588898 3.084231 -1 0 0 0 0
1.885276 0.561113 3.083282 -1 0 0 0 0
1.885276 0.560839 3.081066 -1 0 0 0 0
1.885276 0.53081 3.083295 -1 0 0 0 0
1.885276 0.530673 3.081079 -1 0 0 0 0
1.885276 0.561348 3.085185 -1 0 0 0 0
1.885276 0.530928 3.085198 -1 0 0 0 0
1.885276 0.560565 3.078846 -1 0 0 0 0
1.885276 0.530536 3.078859 -1 0 0 0 0
1.885154 0.589341 3.086361 -0.942354027 -0.0231013244 -0.333819138 0 0
1.885276 0.616071 3.08265 -0.997434033 -0.0106003617 -0.0708024158 0 0
1.885276 0.589167 3.08551 -0.997421764 -0.00480010474 -0.0716015624 0 0
1.885154 0.616336 3.08349 -0.942780394 -0.0501042726 -0.329628109 0 0
1.884789 0.616514 3.084094 -0.749348462 -0.100906526 -0.654442324 0 0
1.884789 0.589458 3.086973 -0.747933018 -0.0467020617 -0.66212923 0 0
1.884789 0.561679 3.08794 -0.747810406 -0.0117001628 -0.663809237 0 0
1.885154 0.561611 3.087325 -0.942592242 -0.00569995309 -0.333897252 0 0
1.884789 0.531093 3.087953 -0.748423617 -0.000300009467 -0.663220928 0 0
1.885154 0.531059 3.087338 -0.943134232 -0.000200007259 -0.332412065 0 0
1.885276 0.561507 3.08647 -0.997453919 -0.00120006487 -0.0713038544 0 0
1.885276 0.531008 3.086483 -0.997497636 0 -0.0706998324 0 0
1.885154 0.589341 2.670528 -0.942354027 -0.0231013244 0.333819138 0 0
1.884789 0.616514 2.672796 -0.749348462 -0.100906526 0.654442324 0 0
1.884789 0.589458 2.669916 -0.747883494 -0.0466989694 0.662185386 0 0
1.885154 0.616336 2.6734 -0.942749312 -0.0501026207 0.329717246 0 0
1.885276 0.616071 2.67424 -0.997435085 -0.0105003694 0.0708024905 0 0
1.885276 0.589167 2.67138 -0.997421764 -0.00480010474 0.0716015624 0 0
1.885276 0.615665 2.675501 -1 0 0 0 0
1.885276 0.588898 2.672659 -1 0 0 0 0
1.885276 0.561507 2.67042 -0.997453919 -0.00120006487 0.0713038544 0 0
1.885154 0.561611 2.669565 -0.942623712 -0.00570014339 0.333808397 0 0
1.885276 0.531008 2.670407 -0.997497636 0 0.0706998324 0 0
1.885154 0.531059 2.669551 -0.943165581 -0.000200013907 0.332323107 0 0
1.885276 0.561348 2.671705 -1 0 0 0 0
1.885276 0.530928 2.671692 -1 0 0 0 0
1.884789 0.561679 2.66895 -0.747716678 -0.011700261 0.663914809 0 0
1.884789 0.531093 2.668936 -0.748423617 -0.000300009467 0.663220928 0 0
1.885276 0.588038 2.676758 -1 0 0 0 0
1.885276 0.615063 2.677369 -1 0 0 0 0
1.885276 0.588501 2.674553 -1 0 0 0 0
1.885276 0.614362 2.679544 -1 0 0 0 0
1.885276 0.61366 2.681723 -1 0 0 0 0
1.885276 0.587574 2.678968 -1 0 0 0 0
1.885276 0.560565 2.678044 -1 0 0 0 0
1.885276 0.560839 2.675823 -1 0 0 0 0
1.885276 0.530536 2.678031 -1 0 0 0 0
1.885276 0.530673 2.675811 -1 0 0 0 0
1.885276 0.561113 2.673608 -1 0 0 0 0
1.885276 0.53081 2.673595 -1 0 0 0 0
1.953579 0.097947 2.703706 -0.482183534 -0.000499982926 0.876070083 0 0
1.950326 0.109251 2.702467 -0.331396941 -0.000499995385 0.943491292 0 0
1.950326 0.097947 2.70246 -0.331396941 -0.000499995385 0.943491292 0 0
1.953579 0.109251 2.703712 -0.482225778 -0.00050002673 0.87604683 0 0
1.950326 0.130834 2.70248 -0.331396941 -0.000499995385 0.943491292 0 0
1.953579 0.130834 2.703725 -0.482225778 -0.00050002673 0.87604683 0 0
1.954663 0.109251 2.704521 -0.893786267 -0.000199996927 0.448493109 0 0
1.954663 0.097947 2.704514 -0.893786267 -0.000199996927 0.448493109 0 0
1.954663 0.109251 2.705292 -1 0 0 0 0
1.954663 0.097947 2.705285 -1 0 0 0 0
1.954663 0.130834 2.704534 -0.893786267 -0.000199996927 0.448493109 0 0
1.954663 0.130834 2.705304 -1 0 0 0 0
1.954663 0.093496 2.704512 -0.893766163 -0.000100007403 0.448533204 0 0
1.953579 0.093496 2.703704 -0.482225829 -0.000200010713 0.876046922 0 0
1.954663 0.09247 2.704512 -0.893826368 0 0.448413228 0 0
1.953579 0.09247 2.703704 -0.482302583 0 0.876004691 0 0
1.954663 0.093496 2.705283 -1 0 0 0 0
1.954663 0.09247 2.705283 -1 0 0 0 0
1.950326 0.093496 2.702458 -0.331396976 -0.000199998175 0.943491391 0 0
1.950326 0.09247 2.702458 -0.331396983 0 0.943491409 0 0
1.953579 0.097947 3.053184 -0.482302522 -0.000500002615 -0.876004582 0 0
1.950326 0.093496 3.054432 -0.331396976 -0.000199998175 -0.943491391 0 0
1.950326 0.097947 3.05443 -0.331396941 -0.000499995385 -0.943491292 0 0
1.953579 0.093496 3.053186 -0.482225829 -0.000200010713 -0.876046922 0 0
1.950326 0.09247 3.054432 -0.331396983 0 -0.943491409 0 0
1.953579 0.09247 3.053186 -0.482183594 0 -0.876070192 0 0
1.954663 0.093496 3.052378 -0.89372607 -0.000100002917 -0.448613086 0 0
1.954663 0.097947 3.052375 -0.89382635 -0.000200005896 -0.448413219 0 0
1.954663 0.093496 3.051607 -1 0 0 0 0
1.954663 0.097947 3.051605 -1 0 0 0 0
1.954663 0.09247 3.052378 -0.893726075 0 -0.448613088 0 0
1.954663 0.09247 3.051607 -1 0 0 0 0
1.954663 0.109251 3.052369 -0.89382635 -0.000200005896 -0.448413219 0 0
1.953579 0.109251 3.053177 -0.482302522 -0.000500002615 -0.876004582 0 0
1.954663 0.130834 3.052356 -0.893786267 -0.000199996927 -0.448493109 0 0
1.953579 0.130834 3.053164 -0.482225778 -0.00050002673 -0.87604683 0 0
1.954663 0.109251 3.051598 -1 0 0 0 0
1.954663 0.130834 3.051585 -1 0 0 0 0
1.950326 0.109251 3.054423 -0.331396941 -0.000499995385 -0.943491292 0 0
1.950326 0.130834 3.05441 -0.331396941 -0.000499995385 -0.943491292 0 0
1.953579 0.746894 2.938995 -0.737252461 -0.623744384 -0.259618474 0 0
1.950326 0.734951 2.967075 -0.584317781 -0.676120575 -0.448813658 0 0
1.950326 0.74962 2.939427 -0.606814825 -0.734117935 -0.304707444 0 0
1.953579 0.732329 2.966448 -0.718743316 -0.578734879 -0.385323222 0 0
1.950326 0.715263 2.991312 -0.550306689 -0.589607167 -0.591207186 0 0
1.953579 0.71278 2.990513 -0.689918055 -0.510313355 -0.513413436 0 0
1.954663 0.730758 2.966041 -0.947058355 -0.264416293 -0.182111221 0 0
1.954663 0.745255 2.938715 -0.951668034 -0.282290518 -0.120995936 0 0
1.954663 0.729392 2.965652 -1 0 0 0 0
1.954663 0.743825 2.938448 -1 0 0 0 0
1.954663 0.7113 2.989995 -0.939311098 -0.236202791 -0.24880294 0 0
1.954663 0.71002 2.9895 -1 0 0 0 0
1.954663 0.754326 2.909142 -0.95412955 -0.293009075 -0.0615019047 0 0
1.953579 0.756007 2.909285 -0.747998736 -0.650298901 -0.132699776 0 0
1.954663 0.757505 2.878445 -0.954719887 -0.297506197 0 0 0
1.953579 0.7592 2.878445 -0.751516406 -0.659714402 0 0 0
1.954663 0.752856 2.909006 -1 0 0 0 0
1.954663 0.756021 2.878445 -1 0 0 0 0
1.950326 0.758798 2.909504 -0.620197305 -0.76869666 -0.15639932 0 0
1.950326 0.762014 2.878445 -0.624902343 -0.780702928 0 0 0
1.953579 0.662293 3.025425 -0.620235451 -0.35272016 -0.700640046 0 0
1.950326 0.637528 3.038064 -0.435694887 -0.316296288 -0.842690111 0 0
1.950326 0.664396 3.026473 -0.470692707 -0.396693853 -0.788087789 0 0
1.953579 0.635675 3.036934 -0.587582649 -0.285091581 -0.757277638 0 0
1.950326 0.612578 3.046105 -0.403404395 -0.24320265 -0.882109611 0 0
1.953579 0.611019 3.044918 -0.556297922 -0.22229917 -0.800697009 0 0
1.954663 0.634595 3.036201 -0.916744064 -0.135706523 -0.375718059 0 0
1.954663 0.661057 3.024745 -0.924259638 -0.16579276 -0.343884983 0 0
1.954663 0.633688 3.035501 -1 0 0 0 0
1.954663 0.660009 3.024097 -1 0 0 0 0
1.954663 0.610119 3.044148 -0.909000341 -0.10710004 -0.402800151 0 0
1.954663 0.609371 3.043414 -1 0 0 0 0
1.954663 0.687346 3.009453 -0.93179884 -0.199399752 -0.303299622 0 0
1.953579 0.688715 3.010062 -0.654728174 -0.428418435 -0.622726797 0 0
1.954663 0.686172 3.008872 -1 0 0 0 0
1.950326 0.691026 3.011 -0.509217018 -0.488416323 -0.708623683 0 0
1.953579 0.662293 2.731465 -0.620235451 -0.35272016 0.700640046 0 0
1.950326 0.691026 2.74589 -0.509217018 -0.488416323 0.708623683 0 0
1.950326 0.664396 2.730417 -0.470692707 -0.396693853 0.788087789 0 0
1.953579 0.688715 2.746828 -0.654728174 -0.428418435 0.622726797 0 0
1.950326 0.715263 2.765578 -0.550306689 -0.589607167 0.591207186 0 0
1.953579 0.71278 2.766377 -0.689865647 -0.510348565 0.51344886 0 0
1.954663 0.687346 2.747437 -0.93179884 -0.199399752 0.303299622 0 0
1.954663 0.661057 2.732145 -0.924260384 -0.165710826 0.343922469 0 0
1.954663 0.686172 2.748018 -1 0 0 0 0
1.954663 0.660009 2.732793 -1 0 0 0 0
1.954663 0.7113 2.766895 -0.939311098 -0.236202791 0.24880294 0 0
1.954663 0.71002 2.76739 -1 0 0 0 0
1.954663 0.634595 2.720689 -0.916744064 -0.135706523 0.375718059 0 0
1.953579 0.635675 2.719956 -0.587582649 -0.285091581 0.757277638 0 0
1.954663 0.610119 2.712742 -0.909000341 -0.10710004 0.402800151 0 0
1.953579 0.611019 2.711972 -0.556297922 -0.22229917 0.800697009 0 0
1.954663 0.633688 2.721389 -1 0 0 0 0
1.954663 0.609371 2.713476 -1 0 0 0 0
1.950326 0.637528 2.718826 -0.435694887 -0.316296288 0.842690111 0 0
1.950326 0.612578 2.710785 -0.403404395 -0.24320265 0.882109611 0 0
1.953579 0.746894 2.817894 -0.737298105 -0.623698397 0.259599333 0 0
1.950326 0.758798 2.847385 -0.620187603 -0.768684634 0.156496872 0 0
1.950326 0.74962 2.817463 -0.606814825 -0.734117935 0.304707444 0 0
1.953579 0.756007 2.847605 -0.747998736 -0.650298901 0.132699776 0 0
1.954663 0.754326 2.847748 -0.95412955 -0.293009075 0.0615019047 0 0
1.954663 0.745255 2.818175 -0.951668034 -0.282290518 0.120995936 0 0
1.954663 0.752856 2.847884 -1 0 0 0 0
1.954663 0.743825 2.818442 -1 0 0 0 0
1.954663 0.730758 2.790849 -0.947041102 -0.264411476 0.182207908 0 0
1.953579 0.732329 2.790442 -0.718791655 -0.578693281 0.385295527 0 0
1.954663 0.729392 2.791237 -1 0 0 0 0
1.950326 0.734951 2.789815 -0.584317781 -0.676120575 0.448813658 0 0
1.953579 0.571268 3.052108 -0.497099978 -0.0707999968 -0.864799961 0 0
1.954663 0.58979 3.048918 -0.899125041 -0.0715019914 -0.431812026 0 0
1.954663 0.570778 3.051305 -0.892978029 -0.0329991881 -0.448888955 0 0
1.953579 0.590487 3.04971 -0.524178939 -0.149593989 -0.838366315 0 0
1.954663 0.589216 3.048162 -1 0 0 0 0
1.954663 0.570377 3.050539 -1 0 0 0 0
1.950326 0.5917 3.050931 -0.371923458 -0.161210168 -0.914157658 0 0
1.950326 0.572124 3.053346 -0.346205764 -0.0755012571 -0.93511557 0 0
1.950326 0.551079 3.054157 -0.333699917 -0.0183999954 -0.942499764 0 0
1.953579 0.550552 3.052913 -0.484117637 -0.0173006303 -0.874831871 0 0
1.950326 0.525793 3.054168 -0.331009565 -0.000500014448 -0.943627266 0 0
1.953579 0.52553 3.052924 -0.481792029 -0.000399993382 -0.876285502 0 0
1.954663 0.550252 3.052106 -0.892230167 -0.00770026035 -0.451515266 0 0
1.954663 0.550007 3.051336 -1 0 0 0 0
1.954663 0.52538 3.052117 -0.893665825 -0.000200014733 -0.448733053 0 0
1.954663 0.525257 3.051347 -1 0 0 0 0
1.953579 0.571268 2.704782 -0.497218256 -0.0708025996 0.864731749 0 0
1.950326 0.5917 2.705959 -0.371923458 -0.161210168 0.914157658 0 0
1.950326 0.572124 2.703543 -0.346205764 -0.0755012571 0.93511557 0 0
1.953579 0.590487 2.70718 -0.524106412 -0.14960183 0.838410258 0 0
1.954663 0.58979 2.707972 -0.899125041 -0.0715019914 0.431812026 0 0
1.954663 0.570778 2.705585 -0.893018111 -0.0330006693 0.448809102 0 0
1.954663 0.589217 2.708728 -1 0 0 0 0
1.954663 0.570377 2.706351 -1 0 0 0 0
1.954663 0.550252 2.704784 -0.892230167 -0.00770026035 0.451515266 0 0
1.953579 0.550552 2.703977 -0.484194197 -0.0172997927 0.874789516 0 0
1.954663 0.52538 2.704772 -0.893665825 -0.000200014733 0.448733053 0 0
1.953579 0.52553 2.703965 -0.481715237 -0.000400012653 0.876327719 0 0
1.954663 0.550007 2.705554 -1 0 0 0 0
1.954663 0.525257 2.705542 -1 0 0 0 0
1.950326 0.551079 2.702733 -0.333699917 -0.0183999954 0.942499764 0 0
1.950326 0.525793 2.702722 -0.331009565 -0.000500014448 0.943627266 0 0
1.954663 0.097947 2.707738 -1 0 0 0 0
1.954663 0.109251 2.706425 -1 0 0 0 0
1.954663 0.097947 2.706418 -1 0 0 0 0
1.954663 0.109251 2.707744 -1 0 0 0 0
1.954663 0.130834 2.706438 -1 0 0 0 0
1.954663 0.130834 2.707757 -1 0 0 0 0
1.954663 0.109251 2.709074 -1 0 0 0 0
1.954663 0.097947 2.709068 -1 0 0 0 0
1.954663 0.109251 2.710239 -1 0 0 0 0
1.954663 0.097947 2.710232 -1 0 0 0 0
1.954663 0.130834 2.709087 -1 0 0 0 0
1.954663 0.130834 2.710251 -1 0 0 0 0
1.954663 0.093496 2.709066 -1 0 0 0 0
1.954663 0.093496 2.707736 -1 0 0 0 0
1.954663 0.09247 2.709066 -1 0 0 0 0
1.954663 0.09247 2.707736 -1 0 0 0 0
1.954663 0.093496 2.71023 -1 0 0 0 0
1.954663 0.09247 2.71023 -1 0 0 0 0
1.954663 0.093496 2.706416 -1 0 0 0 0
1.954663 0.09247 2.706416 -1 0 0 0 0
1.954816 0.09795 2.711608 -0.828417124 -0.000300006201 0.560111578 0 0
1.954663 0.109251 2.711062 -0.99090001 -0.000100000001 0.134600001 0 0
1.954663 0.097947 2.711056 -0.99090001 -0.000100000001 0.134600001 0 0
1.954816 0.109254 2.711614 -0.828339339 -0.000300014248 0.560226606 0 0
1.954663 0.130834 2.711075 -0.99090001 -0.000100000001 0.134600001 0 0
1.954816 0.130837 2.711626 -0.828339339 -0.000300014248 0.560226606 0 0
1.955274 0.109263 2.711963 -0.427587598 -0.000499985498 0.903973781 0 0
1.955274 0.097958 2.711957 -0.427707966 -0.000500009313 0.903916836 0 0
1.95619 0.10928 2.71218 -0.165307044 -0.000500021306 0.986242025 0 0
1.95619 0.097973 2.712174 -0.165307044 -0.000500021306 0.986242025 0 0
1.955274 0.130846 2.711976 -0.427505878 -0.000500006875 0.90401243 0 0
1.95619 0.130863 2.712192 -0.16520977 -0.00050002957 0.986258324 0 0
1.955274 0.093504 2.711955 -0.427708011 -0.000200003746 0.903916931 0 0
1.954816 0.093498 2.711606 -0.828417157 -0.000100002071 0.5601116 0 0
1.955274 0.092477 2.711955 -0.428718167 0 0.903438284 0 0
1.954816 0.092472 2.711606 -0.829022533 0 0.5592152 0 0
1.95619 0.093517 2.712172 -0.165307061 -0.000200008544 0.986242128 0 0
1.95619 0.092487 2.712172 -0.165793362 0 0.986160515 0 0
1.954663 0.093496 2.711054 -0.990900015 0 0.134600002 0 0
1.954663 0.09247 2.711054 -0.990926671 0 0.134403618 0 0
1.954663 0.097947 3.049152 -1 0 0 0 0
1.954663 0.093496 3.050473 -1 0 0 0 0
1.954663 0.097947 3.050471 -1 0 0 0 0
1.954663 0.093496 3.049154 -1 0 0 0 0
1.954663 0.09247 3.050473 -1 0 0 0 0
1.954663 0.09247 3.049154 -1 0 0 0 0
1.954663 0.093496 3.047824 -1 0 0 0 0
1.954663 0.097947 3.047822 -1 0 0 0 0
1.954663 0.093496 3.046659 -1 0 0 0 0
1.954663 0.097947 3.046657 -1 0 0 0 0
1.954663 0.09247 3.047824 -1 0 0 0 0
1.954663 0.09247 3.046659 -1 0 0 0 0
1.954663 0.109251 3.047816 -1 0 0 0 0
1.954663 0.109251 3.049146 -1 0 0 0 0
1.954663 0.130834 3.047803 -1 0 0 0 0
1.954663 0.130834 3.049133 -1 0 0 0 0
1.954663 0.109251 3.046651 -1 0 0 0 0
1.954663 0.130834 3.046638 -1 0 0 0 0
1.954663 0.109251 3.050465 -1 0 0 0 0
1.954663 0.130834 3.050452 -1 0 0 0 0
1.954816 0.09795 3.045282 -0.828339339 -0.000300014248 -0.560226606 0 0
1.954663 0.093496 3.045836 -0.99090001 -0.000100000001 -0.134600001 0 0
1.954663 0.097947 3.045834 -0.99090001 -0.000100000001 -0.134600001 0 0
1.954816 0.093498 3.045284 -0.828339359 -0.000200009504 -0.56022662 0 0
1.954663 0.09247 3.045836 -0.990913343 -0.000100001347 -0.134501811 0 0
1.954816 0.092472 3.045284 -0.829053798 -9.99944275e-05 -0.559168838 0 0
1.955274 0.093504 3.044935 -0.427708011 -0.000200003746 -0.903916931 0 0
1.955274 0.097958 3.044933 -0.427587598 -0.000499985498 -0.903973781 0 0
1.95619 0.093517 3.044718 -0.16540433 -0.000200005236 -0.98622582 0 0
1.95619 0.097973 3.044716 -0.165307044 -0.000500021306 -0.986242025 0 0
1.955274 0.092477 3.044935 -0.428881391 9.99956613e-05 -0.903360804 0 0
1.95619 0.092487 3.044718 -0.165890607 0 -0.986144161 0 0
1.955274 0.109263 3.044926 -0.427587598 -0.000499985498 -0.903973781 0 0
1.954816 0.109254 3.045276 -0.828417124 -0.000300006201 -0.560111578 0 0
1.955274 0.130846 3.044914 -0.427505878 -0.000500006875 -0.90401243 0 0
1.954816 0.130837 3.045264 -0.828417124 -0.000300006201 -0.560111578 0 0
1.95619 0.10928 3.04471 -0.16520977 -0.00050002957 -0.986258324 0 0
1.95619 0.130863 3.044698 -0.165096207 -0.000499988513 -0.986277341 0 0
1.954663 0.109251 3.045828 -0.99090001 -0.000100000001 -0.134600001 0 0
1.954663 0.130834 3.045815 -0.99090001 -0.000100000001 -0.134600001 0 0
1.954663 0.739276 2.937598 -1 0 0 0 0
1.954663 0.727385 2.965082 -1 0 0 0 0
1.954663 0.741723 2.938056 -1 0 0 0 0
1.954663 0.725047 2.964417 -1 0 0 0 0
1.954663 0.708139 2.988773 -1 0 0 0 0
1.954663 0.705949 2.987927 -1 0 0 0 0
1.954663 0.722691 2.963748 -1 0 0 0 0
1.954663 0.736808 2.937137 -1 0 0 0 0
1.954663 0.720627 2.963161 -1 0 0 0 0
1.954663 0.734648 2.936734 -1 0 0 0 0
1.954663 0.703742 2.987074 -1 0 0 0 0
1.954663 0.701809 2.986327 -1 0 0 0 0
1.954663 0.745642 2.908338 -1 0 0 0 0
1.954663 0.748178 2.908573 -1 0 0 0 0
1.954663 0.748737 2.878445 -1 0 0 0 0
1.954663 0.751298 2.878445 -1 0 0 0 0
1.954663 0.743421 2.908133 -1 0 0 0 0
1.954663 0.746495 2.878445 -1 0 0 0 0
1.954663 0.750695 2.908806 -1 0 0 0 0
1.954663 0.753839 2.878445 -1 0 0 0 0
1.954816 0.732102 2.936257 -0.930294628 -0.339498039 -0.138899198 0 0
1.954663 0.719168 2.962746 -0.997316685 -0.0617010323 -0.0394006592 0 0
1.954663 0.73312 2.936448 -0.997546262 -0.0650030146 -0.0260012058 0 0
1.954816 0.718196 2.962468 -0.924735469 -0.318612221 -0.208207986 0 0
1.954663 0.700442 2.985799 -0.996940686 -0.05660231 -0.0539021998 0 0
1.954816 0.699531 2.985445 -0.916060347 -0.285918836 -0.281218526 0 0
1.955274 0.717594 2.962292 -0.606721946 -0.661423924 -0.440915948 0 0
1.955274 0.731471 2.936136 -0.622900704 -0.722200816 -0.30070034 0 0
1.95619 0.717243 2.962183 -0.254609192 -0.805029062 -0.535819343 0 0
1.95619 0.731102 2.936061 -0.265397971 -0.890193194 -0.370297169 0 0
1.955274 0.698968 2.985221 -0.582401625 -0.572101596 -0.577501611 0 0
1.95619 0.698642 2.985082 -0.239507955 -0.684422733 -0.688622873 0 0
1.955274 0.740154 2.907828 -0.632948201 -0.758557766 -0.154811789 0 0
1.954816 0.740803 2.90789 -0.933637043 -0.351213935 -0.0705027973 0 0
1.955274 0.743196 2.878445 -0.63703133 -0.770837911 0 0 0
1.954816 0.743852 2.878445 -0.935094684 -0.354397985 0 0 0
1.95619 0.739774 2.90779 -0.272115029 -0.942852075 -0.192310622 0 0
1.95619 0.742812 2.878445 -0.27470792 -0.961527721 0 0 0
1.954663 0.74185 2.907987 -0.997687135 -0.0666991399 -0.0130998311 0 0
1.954663 0.744909 2.878445 -0.997752738 -0.0670035416 0 0 0
1.954663 0.656673 3.022034 -1 0 0 0 0
1.954663 0.632357 3.034473 -1 0 0 0 0
1.954663 0.658468 3.023144 -1 0 0 0 0
1.954663 0.630806 3.033277 -1 0 0 0 0
1.954663 0.608272 3.042334 -1 0 0 0 0
1.954663 0.606993 3.041077 -1 0 0 0 0
1.954663 0.629242 3.03207 -1 0 0 0 0
1.954663 0.654864 3.020915 -1 0 0 0 0
1.954663 0.627873 3.031014 -1 0 0 0 0
1.954663 0.65328 3.019935 -1 0 0 0 0
1.954663 0.605703 3.03981 -1 0 0 0 0
1.954663 0.604574 3.038701 -1 0 0 0 0
1.954663 0.680415 3.006023 -1 0 0 0 0
1.954663 0.682439 3.007025 -1 0 0 0 0
1.954663 0.678642 3.005146 -1 0 0 0 0
1.954663 0.684448 3.008019 -1 0 0 0 0
1.954816 0.651415 3.018779 -0.888330994 -0.210307338 -0.408214243 0 0
1.954663 0.626905 3.030267 -0.994630372 -0.0384011726 -0.0961029345 0 0
1.954663 0.65216 3.019243 -0.995440894 -0.0448018405 -0.0842034591 0 0
1.954816 0.626262 3.029767 -0.875317183 -0.174903433 -0.450808849 0 0
1.954663 0.603776 3.037916 -0.993811424 -0.0319003667 -0.106401223 0 0
1.954816 0.603245 3.03739 -0.863212983 -0.140802118 -0.484807292 0 0
1.955274 0.625867 3.02945 -0.498702561 -0.308001582 -0.81020416 0 0
1.955274 0.650956 3.018485 -0.522602697 -0.383601979 -0.761403929 0 0
1.95619 0.625643 3.029253 -0.195998506 -0.349797333 -0.916093015 0 0
1.95619 0.650694 3.018302 -0.207393155 -0.441485429 -0.872971188 0 0
1.955274 0.602921 3.037057 -0.477808476 -0.240804272 -0.844814987 0 0
1.95619 0.602738 3.036851 -0.186293812 -0.270691009 -0.94446863 0 0
1.955274 0.676039 3.003847 -0.55071403 -0.472012025 -0.688417538 0 0
1.954816 0.676555 3.00411 -0.902155741 -0.24811533 -0.352921806 0 0
1.95619 0.675743 3.003684 -0.221916962 -0.552742248 -0.803261396 0 0
1.954663 0.677389 3.004526 -0.996216069 -0.0511008243 -0.070301134 0 0
1.954663 0.656673 2.734856 -1 0 0 0 0
1.954663 0.684448 2.748871 -1 0 0 0 0
1.954663 0.658468 2.733746 -1 0 0 0 0
1.954663 0.682439 2.749865 -1 0 0 0 0
1.954663 0.708139 2.768116 -1 0 0 0 0
1.954663 0.705949 2.768963 -1 0 0 0 0
1.954663 0.680415 2.750867 -1 0 0 0 0
1.954663 0.654864 2.735975 -1 0 0 0 0
1.954663 0.678642 2.751744 -1 0 0 0 0
1.954663 0.65328 2.736954 -1 0 0 0 0
1.954663 0.703742 2.769816 -1 0 0 0 0
1.954663 0.701809 2.770563 -1 0 0 0 0
1.954663 0.629242 2.724819 -1 0 0 0 0
1.954663 0.630806 2.723613 -1 0 0 0 0
1.954663 0.605703 2.71708 -1 0 0 0 0
1.954663 0.606993 2.715813 -1 0 0 0 0
1.954663 0.627873 2.725876 -1 0 0 0 0
1.954663 0.604574 2.718189 -1 0 0 0 0
1.954663 0.632357 2.722416 -1 0 0 0 0
1.954663 0.608272 2.714556 -1 0 0 0 0
1.954816 0.651415 2.738111 -0.888330994 -0.210307338 0.408214243 0 0
1.954663 0.677389 2.752364 -0.996221155 -0.051001083 0.0703014929 0 0
1.954663 0.65216 2.737647 -0.995432506 -0.044801463 0.084302753 0 0
1.954816 0.676555 2.75278 -0.902123898 -0.248106572 0.353009351 0 0
1.954663 0.700442 2.771091 -0.996940686 -0.05660231 0.0539021998 0 0
1.954816 0.699531 2.771445 -0.916060347 -0.285918836 0.281218526 0 0
1.955274 0.676039 2.753043 -0.550618355 -0.472115738 0.688422949 0 0
1.955274 0.650956 2.738405 -0.522602697 -0.383601979 0.761403929 0 0
1.95619 0.675743 2.753206 -0.221804057 -0.552710109 0.803314693 0 0
1.95619 0.650694 2.738587 -0.207393155 -0.441485429 0.872971188 0 0
1.955274 0.698968 2.771669 -0.582401934 -0.5722019 0.577401917 0 0
1.95619 0.698642 2.771808 -0.239507955 -0.684422733 0.688622873 0 0
1.955274 0.625867 2.72744 -0.498742969 -0.308026538 0.810169799 0 0
1.954816 0.626262 2.727123 -0.875356642 -0.174911318 0.450729165 0 0
1.955274 0.602921 2.719832 -0.4777313 -0.240815778 0.844855352 0 0
1.954816 0.603245 2.719499 -0.863200824 -0.140900135 0.484800463 0 0
1.95619 0.625643 2.727637 -0.195902345 -0.349804187 0.916110966 0 0
1.95619 0.602738 2.720039 -0.186293812 -0.270691009 0.94446863 0 0
1.954663 0.626905 2.726623 -0.994630372 -0.0384011726 0.0961029345 0 0
1.954663 0.603776 2.718974 -0.993811424 -0.0319003667 0.106401223 0 0
1.954663 0.739276 2.819292 -1 0 0 0 0
1.954663 0.750695 2.848084 -1 0 0 0 0
1.954663 0.741723 2.818834 -1 0 0 0 0
1.954663 0.748178 2.848317 -1 0 0 0 0
1.954663 0.745642 2.848552 -1 0 0 0 0
1.954663 0.736808 2.819752 -1 0 0 0 0
1.954663 0.743421 2.848757 -1 0 0 0 0
1.954663 0.734648 2.820156 -1 0 0 0 0
1.954663 0.722691 2.793142 -1 0 0 0 0
1.954663 0.725047 2.792473 -1 0 0 0 0
1.954663 0.720627 2.793729 -1 0 0 0 0
1.954663 0.727385 2.791808 -1 0 0 0 0
1.954816 0.732102 2.820632 -0.930281702 -0.339493322 0.138997266 0 0
1.954663 0.74185 2.848902 -0.997687135 -0.0666991399 0.0130998311 0 0
1.954663 0.73312 2.820441 -0.997546262 -0.0650030146 0.0260012058 0 0
1.954816 0.740803 2.849 -0.933637043 -0.351213935 0.0705027973 0 0
1.955274 0.740153 2.849061 -0.633008137 -0.758509751 0.15480199 0 0
1.955274 0.731471 2.820754 -0.622900704 -0.722200816 0.30070034 0 0
1.95619 0.739774 2.8491 -0.272115029 -0.942852075 0.192310622 0 0
1.95619 0.731102 2.820829 -0.265305012 -0.890216816 0.370306995 0 0
1.955274 0.717594 2.794597 -0.606721946 -0.661423924 0.440915948 0 0
1.954816 0.718196 2.794421 -0.924735469 -0.318612221 0.208207986 0 0
1.95619 0.717243 2.794707 -0.254609192 -0.805029062 0.535819343 0 0
1.954663 0.719168 2.794144 -0.997316685 -0.0617010323 0.0394006592 0 0
1.954816 0.567091 3.044255 -0.839780837 -0.0474045631 -0.540852062 0 0
1.955274 0.584266 3.041623 -0.457990932 -0.161396804 -0.874182691 0 0
1.955274 0.566917 3.043908 -0.44010439 -0.0750007481 -0.894808926 0 0
1.954816 0.584514 3.041965 -0.852118052 -0.0979020741 -0.514110892 0 0
1.95619 0.584127 3.04141 -0.177296835 -0.18039678 -0.967482731 0 0
1.95619 0.566821 3.043693 -0.169902899 -0.083501425 -0.981916757 0 0
1.954663 0.584921 3.042506 -0.993083187 -0.0231996072 -0.115098051 0 0
1.954663 0.567375 3.044804 -0.992058017 -0.0120007018 -0.125207322 0 0
1.954663 0.585534 3.043313 -1 0 0 0 0
1.954663 0.567803 3.045622 -1 0 0 0 0
1.954663 0.54817 3.045574 -0.991230996 -0.00310009694 -0.132104131 0 0
1.954816 0.547996 3.045024 -0.831300387 -0.0117000054 -0.555700258 0 0
1.954663 0.524339 3.045585 -0.990886668 -9.99986545e-05 -0.134698188 0 0
1.954816 0.524252 3.045034 -0.828059457 -0.000200014362 -0.560640255 0 0
1.954663 0.548432 3.046397 -1 0 0 0 0
1.954663 0.52447 3.046407 -1 0 0 0 0
1.955274 0.54789 3.044675 -0.430222559 -0.0178009334 -0.902547326 0 0
1.95619 0.547832 3.044458 -0.166198896 -0.0197998684 -0.985893449 0 0
1.955274 0.5242 3.044685 -0.427222043 -0.00040002064 -0.904146651 0 0
1.95619 0.524172 3.044469 -0.16520977 -0.00050002957 -0.986258324 0 0
1.954663 0.569101 3.048101 -1 0 0 0 0
1.954663 0.586401 3.044455 -1 0 0 0 0
1.954663 0.568409 3.046779 -1 0 0 0 0
1.954663 0.587391 3.045758 -1 0 0 0 0
1.954663 0.588373 3.047051 -1 0 0 0 0
1.954663 0.569788 3.049412 -1 0 0 0 0
1.954663 0.549646 3.050205 -1 0 0 0 0
1.954663 0.549226 3.048887 -1 0 0 0 0
1.954663 0.525077 3.050216 -1 0 0 0 0
1.954663 0.524867 3.048898 -1 0 0 0 0
1.954663 0.548803 3.047559 -1 0 0 0 0
1.954663 0.524655 3.04757 -1 0 0 0 0
1.954663 0.569101 2.708789 -1 0 0 0 0
1.954663 0.588373 2.709838 -1 0 0 0 0
1.954663 0.569788 2.707477 -1 0 0 0 0
1.954663 0.587391 2.711132 -1 0 0 0 0
1.954663 0.586401 2.712435 -1 0 0 0 0
1.954663 0.568409 2.71011 -1 0 0 0 0
1.954663 0.585534 2.713577 -1 0 0 0 0
1.954663 0.567803 2.711268 -1 0 0 0 0
1.954663 0.548803 2.70933 -1 0 0 0 0
1.954663 0.549226 2.708002 -1 0 0 0 0
1.954663 0.524655 2.709319 -1 0 0 0 0
1.954663 0.524867 2.707991 -1 0 0 0 0
1.954663 0.548432 2.710493 -1 0 0 0 0
1.954663 0.52447 2.710482 -1 0 0 0 0
1.954663 0.549646 2.706685 -1 0 0 0 0
1.954663 0.525077 2.706674 -1 0 0 0 0
1.954816 0.567091 2.712635 -0.839689987 -0.0473994348 0.540993549 0 0
1.954663 0.584921 2.714384 -0.993068062 -0.023301597 0.115207896 0 0
1.954663 0.567375 2.712086 -0.992058017 -0.0120007018 0.125207322 0 0
1.954816 0.584514 2.714925 -0.852003025 -0.0979003475 0.514301826 0 0
1.955274 0.584266 2.715267 -0.457919293 -0.161306796 0.874236832 0 0
1.955274 0.566917 2.712982 -0.440023753 -0.0750040488 0.894848305 0 0
1.95619 0.584127 2.715479 -0.177410851 -0.180411034 0.967459172 0 0
1.95619 0.566821 2.713197 -0.170000012 -0.0835000058 0.981900069 0 0
1.955274 0.54789 2.712215 -0.430102234 -0.0178000925 0.902604689 0 0
1.954816 0.547996 2.711866 -0.831300387 -0.0117000054 0.555700258 0 0
1.955274 0.5242 2.712204 -0.427101664 -0.000400001558 0.904203522 0 0
1.954816 0.524252 2.711855 -0.828013029 -0.000200003147 0.560708823 0 0
1.95619 0.547832 2.712431 -0.166004412 -0.0198005262 0.985926201 0 0
1.95619 0.524172 2.712421 -0.165096207 -0.000499988513 0.986277341 0 0
1.954663 0.54817 2.711315 -0.991217897 -0.00310005597 0.132202387 0 0
1.954663 0.524339 2.711304 -0.990858135 -0.000100005868 0.134907915 0 0
1.959589 0.73075 2.820918 -0.048598943 -0.922679932 0.382491681 0 0
1.957718 0.739537 2.849127 -0.111798363 -0.973785739 0.198097099 0 0
1.957718 0.730873 2.820882 -0.109303339 -0.918128045 0.380911635 0 0
1.959589 0.739408 2.849145 -0.0490984964 -0.978770026 0.198993906 0 0
1.957718 0.742573 2.878445 -0.112703254 -0.993628691 0 0 0
1.959589 0.742442 2.878445 -0.0492992129 -0.998784055 0 0 0
1.961536 0.739353 2.849157 -0.0193997555 -0.97978765 0.19909749 0 0
1.961536 0.730698 2.82094 -0.0197011393 -0.923653417 0.382722133 0 0
1.963291 0.739337 2.849164 -0.00980048489 -0.979948484 0.199009846 0 0
1.963291 0.730684 2.820955 -0.0105005279 -0.923846447 0.382619237 0 0
1.961536 0.742386 2.878445 -0.0193002651 -0.999813733 0 0 0
1.963291 0.742369 2.878445 -0.00960051763 -0.999953914 0 0 0
1.961536 0.716866 2.794869 -0.0204010552 -0.833443107 0.552228562 0 0
1.959589 0.716912 2.794836 -0.0478015607 -0.832527183 0.55191802 0 0
1.961536 0.698301 2.772014 -0.0212014339 -0.706747799 0.707147826 0 0
1.959589 0.69834 2.771972 -0.0465992439 -0.705988545 0.706688534 0 0
1.963291 0.716856 2.79489 -0.0116009401 -0.833667559 0.552144745 0 0
1.963291 0.698295 2.772041 -0.0131999099 -0.706995175 0.707095174 0 0
1.957718 0.717027 2.794784 -0.105605312 -0.828641678 0.549727649 0 0
1.957718 0.698443 2.771906 -0.100298675 -0.702790716 0.704290696 0 0
1.967241 0.729952 2.821105 -0.302992013 -0.880576788 0.364390395 0 0
1.964587 0.739325 2.849169 -0.13980638 -0.970544292 0.196208954 0 0
1.964587 0.730674 2.820966 -0.136499228 -0.915894821 0.377497865 0 0
1.967241 0.738581 2.849241 -0.311308035 -0.931324038 0.189004878 0 0
1.964587 0.742356 2.878445 -0.14100134 -0.990009405 0 0 0
1.967241 0.741606 2.878445 -0.314307075 -0.949321369 0 0 0
1.973069 0.736371 2.849446 -0.365406926 -0.912217291 0.185303512 0 0
1.973069 0.727802 2.821508 -0.355712212 -0.863429642 0.35771228 0 0
1.973069 0.739374 2.878445 -0.368923691 -0.929459687 0 0 0
1.973069 0.714106 2.795694 -0.340198025 -0.78389545 0.519396985 0 0
1.967241 0.716159 2.795109 -0.289708845 -0.79822437 0.528116124 0 0
1.973069 0.695724 2.773065 -0.318000582 -0.670301227 0.670501227 0 0
1.967241 0.697647 2.77232 -0.270609493 -0.681223898 0.680223863 0 0
1.964587 0.716848 2.794906 -0.13120476 -0.827830034 0.545419788 0 0
1.964587 0.698291 2.772061 -0.123703824 -0.704021762 0.699321616 0 0
1.959589 0.650467 2.738803 -0.0446019862 -0.452320142 0.890739666 0 0
1.957718 0.675565 2.753322 -0.0942009999 -0.565706005 0.819208696 0 0
1.957718 0.65054 2.738716 -0.0895022443 -0.450611299 0.888222272 0 0
1.959589 0.675476 2.753399 -0.0454028139 -0.568035205 0.82175093 0 0
1.961536 0.675446 2.753449 -0.0222002654 -0.568606798 0.822309831 0 0
1.961536 0.650447 2.738858 -0.0234001042 -0.452802017 0.891303971 0 0
1.963291 0.675446 2.75348 -0.0147996778 -0.568887615 0.822282099 0 0
1.963291 0.650452 2.738894 -0.0163994103 -0.452983711 0.891367947 0 0
1.961536 0.625446 2.727929 -0.0245008794 -0.357912846 0.933433501 0 0
1.959589 0.625458 2.727869 -0.0442027466 -0.357522215 0.932857965 0 0
1.961536 0.60259 2.720346 -0.0256992646 -0.276492088 0.960672511 0 0
1.959589 0.602594 2.720283 -0.044098269 -0.276289154 0.960062314 0 0
1.963291 0.625457 2.727967 -0.0181007796 -0.35801542 0.933540208 0 0
1.963291 0.602603 2.720386 -0.019699682 -0.276595534 0.960784488 0 0
1.957718 0.625515 2.727776 -0.0859011743 -0.356304871 0.930412719 0 0
1.957718 0.602637 2.720185 -0.0832040929 -0.275313543 0.957747113 0 0
1.967241 0.649934 2.739259 -0.230604495 -0.441508605 0.8671169 0 0
1.964587 0.675446 2.753504 -0.11520047 -0.567602316 0.815203326 0 0
1.964587 0.650457 2.73892 -0.108004925 -0.452420631 0.885240368 0 0
1.967241 0.674858 2.753808 -0.249001259 -0.551702789 0.796004024 0 0
1.973069 0.673095 2.754682 -0.29259472 -0.54419018 0.786285812 0 0
1.973069 0.648359 2.740236 -0.270795675 -0.436693026 0.8578863 0 0
1.973069 0.623654 2.729414 -0.252594756 -0.347592784 0.902981254 0 0
1.967241 0.625015 2.728361 -0.215208237 -0.350413412 0.91153489 0 0
1.973069 0.601121 2.721906 -0.237007526 -0.270708596 0.933029629 0 0
1.967241 0.602244 2.7208 -0.202098741 -0.271798307 0.940894138 0 0
1.964587 0.625465 2.727995 -0.102297884 -0.357792599 0.928180801 0 0
1.964587 0.602612 2.720415 -0.0975024469 -0.276606942 0.956023992 0 0
1.959589 0.650467 3.018087 -0.0446019862 -0.452320142 -0.890739666 0 0
1.957718 0.625515 3.029114 -0.0859011743 -0.356304871 -0.930412719 0 0
1.957718 0.65054 3.018173 -0.0895022443 -0.450611299 -0.888222272 0 0
1.959589 0.625458 3.029021 -0.0441029351 -0.357523794 -0.932862084 0 0
1.957718 0.602637 3.036705 -0.0832040929 -0.275313543 -0.957747113 0 0
1.959589 0.602594 3.036607 -0.044098269 -0.276289154 -0.960062314 0 0
1.961536 0.625446 3.028961 -0.0244009354 -0.357913721 -0.933435784 0 0
1.961536 0.650447 3.018031 -0.0233001582 -0.452803075 -0.891306052 0 0
1.963291 0.625457 3.028923 -0.0181007796 -0.35801542 -0.933540208 0 0
1.963291 0.650452 3.017996 -0.0163994103 -0.452983711 -0.891367947 0 0
1.961536 0.60259 3.036544 -0.0256992646 -0.276492088 -0.960672511 0 0
1.963291 0.602603 3.036504 -0.0197996412 -0.276594988 -0.960782591 0 0
1.961536 0.675446 3.003441 -0.022300217 -0.568605533 -0.822308001 0 0
1.959589 0.675476 3.003491 -0.0454028139 -0.568035205 -0.82175093 0 0
1.961536 0.698301 2.984875 -0.0212998899 -0.706796346 -0.707096344 0 0
1.959589 0.69834 2.984918 -0.0465992439 -0.705988545 -0.706688534 0 0
1.963291 0.675446 3.003409 -0.0147996778 -0.568887615 -0.822282099 0 0
1.963291 0.698295 2.984849 -0.0132008433 -0.707045167 -0.707045167 0 0
1.957718 0.675565 3.003568 -0.0942009999 -0.565706005 -0.819208696 0 0
1.957718 0.698443 2.984984 -0.100298675 -0.702790716 -0.704290696 0 0
1.967241 0.649934 3.01763 -0.230604495 -0.441508605 -0.8671169 0 0
1.964587 0.625465 3.028895 -0.102297884 -0.357792599 -0.928180801 0 0
1.964587 0.650457 3.01797 -0.108103762 -0.452415742 -0.885230802 0 0
1.967241 0.625015 3.028529 -0.215208237 -0.350413412 -0.91153489 0 0
1.964587 0.602612 3.036475 -0.0975024469 -0.276606942 -0.956023992 0 0
1.967241 0.602244 3.03609 -0.202098741 -0.271798307 -0.940894138 0 0
1.973069 0.623654 3.027476 -0.252594756 -0.347592784 -0.902981254 0 0
1.973069 0.648359 3.016654 -0.270795675 -0.436693026 -0.8578863 0 0
1.973069 0.601121 3.034984 -0.237007526 -0.270708596 -0.933029629 0 0
1.973069 0.673095 3.002208 -0.29259472 -0.54419018 -0.786285812 0 0
1.967241 0.674858 3.003082 -0.249001259 -0.551702789 -0.796004024 0 0
1.973069 0.695724 2.983825 -0.318000582 -0.670301227 -0.670501227 0 0
1.967241 0.697647 2.98457 -0.270609493 -0.681223898 -0.680223863 0 0
1.964587 0.675446 3.003386 -0.115299142 -0.567595774 -0.815193931 0 0
1.964587 0.698291 2.984829 -0.123802295 -0.704013049 -0.699312962 0 0
1.959589 0.73075 2.935972 -0.048598943 -0.922679932 -0.382491681 0 0
1.957718 0.717027 2.962106 -0.105605312 -0.828641678 -0.549727649 0 0
1.957718 0.730873 2.936008 -0.109402145 -0.918118004 -0.38090747 0 0
1.959589 0.716912 2.962054 -0.0478015607 -0.832527183 -0.55191802 0 0
1.961536 0.716866 2.962021 -0.0204010552 -0.833443107 -0.552228562 0 0
1.961536 0.730698 2.935949 -0.0197011393 -0.923653417 -0.382722133 0 0
1.963291 0.716856 2.962 -0.0116009401 -0.833667559 -0.552144745 0 0
1.963291 0.730684 2.935935 -0.0105005279 -0.923846447 -0.382619237 0 0
1.961536 0.739353 2.907733 -0.0193997555 -0.97978765 -0.19909749 0 0
1.959589 0.739408 2.907745 -0.0490984964 -0.978770026 -0.198993906 0 0
1.963291 0.739337 2.907726 -0.00980048489 -0.979948484 -0.199009846 0 0
1.957718 0.739537 2.907763 -0.111798363 -0.973785739 -0.198097099 0 0
1.967241 0.729952 2.935784 -0.302992013 -0.880576788 -0.364390395 0 0
1.964587 0.716848 2.961984 -0.13120476 -0.827830034 -0.545419788 0 0
1.964587 0.730674 2.935924 -0.136499228 -0.915894821 -0.377497865 0 0
1.967241 0.716159 2.961781 -0.289617231 -0.798247493 -0.528131422 0 0
1.973069 0.714106 2.961196 -0.340198025 -0.78389545 -0.519396985 0 0
1.973069 0.727802 2.935382 -0.355712212 -0.863429642 -0.35771228 0 0
1.973069 0.736371 2.907444 -0.365406926 -0.912217291 -0.185303512 0 0
1.967241 0.738581 2.907649 -0.311308035 -0.931324038 -0.189004878 0 0
1.964587 0.739325 2.907721 -0.13980638 -0.970544292 -0.196208954 0 0
1.959589 0.09803 3.04446 -0.0444006081 -0.000500006848 -0.999013682 0 0
1.957718 0.093539 3.044565 -0.0774000077 -0.00020000002 -0.9970001 0 0
1.957718 0.097999 3.044563 -0.0773999996 -0.000499999998 -0.996999995 0 0
1.959589 0.093566 3.044462 -0.0444006127 -0.00020000276 -0.999013786 0 0
1.957718 0.092504 3.044565 -0.0775988065 0 -0.996984666 0 0
1.959589 0.092525 3.044462 -0.0446002194 0 -0.999004915 0 0
1.961536 0.093593 3.044396 -0.0287995732 -0.000199997036 -0.999585186 0 0
1.961536 0.098063 3.044394 -0.0287995702 -0.000499992538 -0.999585081 0 0
1.963291 0.093618 3.044354 -0.0238003978 -0.000200003343 -0.99971671 0 0
1.963291 0.098092 3.044352 -0.0238003953 -0.000500008305 -0.999716605 0 0
1.961536 0.092547 3.044396 -0.0288994889 0 -0.999582323 0 0
1.963291 0.092566 3.044354 -0.023900343 0 -0.999714346 0 0
1.961536 0.10938 3.044388 -0.0287995702 -0.000499992538 -0.999585081 0 0
1.959589 0.109343 3.044453 -0.0444006081 -0.000500006848 -0.999013682 0 0
1.961536 0.130968 3.044375 -0.0287995702 -0.000499992538 -0.999585081 0 0
1.959589 0.13093 3.044441 -0.0444006081 -0.000500006848 -0.999013682 0 0
1.963291 0.109413 3.044346 -0.0238003953 -0.000500008305 -0.999716605 0 0
1.963291 0.131002 3.044333 -0.02370045 -0.000500009493 -0.99971898 0 0
1.957718 0.109308 3.044557 -0.0773999996 -0.000499999998 -0.996999995 0 0
1.957718 0.130893 3.044544 -0.0773999996 -0.000499999998 -0.996999995 0 0
1.966656 0.098127 3.043917 -0.232900127 -0.000500000273 -0.97250053 0 0
1.964587 0.093636 3.044323 -0.108104299 -0.000200007954 -0.994139538 0 0
1.964587 0.098114 3.044321 -0.108104288 -0.000500019834 -0.994139433 0 0
1.966656 0.093647 3.043919 -0.232994724 -0.000199995471 -0.972477978 0 0
1.964587 0.092581 3.044323 -0.107797064 0 -0.994172919 0 0
1.966656 0.092589 3.043919 -0.232994729 0 -0.972477998 0 0
1.97073 0.093648 3.042758 -0.287100164 -0.000200000114 -0.957900546 0 0
1.97073 0.098128 3.042756 -0.287100134 -0.000500000233 -0.957900445 0 0
1.97073 0.09259 3.042758 -0.287191923 0 -0.95787306 0 0
1.97073 0.109453 3.04275 -0.287100134 -0.000500000233 -0.957900445 0 0
1.966656 0.109451 3.043911 -0.232900127 -0.000500000273 -0.97250053 0 0
1.97073 0.131044 3.042738 -0.287100134 -0.000500000233 -0.957900445 0 0
1.966656 0.131042 3.043899 -0.232994699 -0.000499988625 -0.972477876 0 0
1.964587 0.109437 3.044315 -0.108005451 -0.000500025237 -0.994150176 0 0
1.964587 0.131027 3.044302 -0.108005451 -0.000500025237 -0.994150176 0 0
1.959589 0.09803 2.71243 -0.0444006081 -0.000500006848 0.999013682 0 0
1.957718 0.109308 2.712333 -0.0774993994 -0.000499996125 0.996992273 0 0
1.957718 0.097999 2.712327 -0.0774993994 -0.000499996125 0.996992273 0 0
1.959589 0.109343 2.712436 -0.0444006081 -0.000500006848 0.999013682 0 0
1.957718 0.130893 2.712346 -0.0773999996 -0.000499999998 0.996999995 0 0
1.959589 0.13093 2.712449 -0.0444006081 -0.000500006848 0.999013682 0 0
1.961536 0.10938 2.712502 -0.0287995702 -0.000499992538 0.999585081 0 0
1.961536 0.098063 2.712496 -0.0287995702 -0.000499992538 0.999585081 0 0
1.963291 0.109413 2.712544 -0.0238003953 -0.000500008305 0.999716605 0 0
1.963291 0.098092 2.712538 -0.0238003953 -0.000500008305 0.999716605 0 0
1.961536 0.130968 2.712515 -0.0287995702 -0.000499992538 0.999585081 0 0
1.963291 0.131002 2.712556 -0.0238003953 -0.000500008305 0.999716605 0 0
1.961536 0.093593 2.712494 -0.0287995732 -0.000199997036 0.999585186 0 0
1.959589 0.093566 2.712428 -0.0444006127 -0.00020000276 0.999013786 0 0
1.961536 0.092547 2.712494 -0.0288994889 0 0.999582323 0 0
1.959589 0.092525 2.712428 -0.0445004172 0 0.999009366 0 0
1.963291 0.093618 2.712536 -0.0239003425 -0.000200002866 0.999714326 0 0
1.963291 0.092566 2.712536 -0.023900343 0 0.999714346 0 0
1.957718 0.093539 2.712325 -0.0774000077 -0.00020000002 0.9970001 0 0
1.957718 0.092504 2.712325 -0.0775988065 0 0.996984666 0 0
1.966656 0.098127 2.712973 -0.233017359 -0.000500037252 0.972472447 0 0
1.964587 0.109437 2.712575 -0.108104288 -0.000500019834 0.994139433 0 0
1.964587 0.098114 2.712569 -0.108104288 -0.000500019834 0.994139433 0 0
1.966656 0.109451 2.712979 -0.232994699 -0.000499988625 0.972477876 0 0
1.964587 0.131027 2.712587 -0.108104288 -0.000500019834 0.994139433 0 0
1.966656 0.131042 2.712991 -0.232994699 -0.000499988625 0.972477876 0 0
1.97073 0.109453 2.71414 -0.287100134 -0.000500000233 0.957900445 0 0
1.97073 0.098128 2.714134 -0.287100134 -0.000500000233 0.957900445 0 0
1.97073 0.131044 2.714152 -0.287100134 -0.000500000233 0.957900445 0 0
1.97073 0.093648 2.714132 -0.287191917 -0.000199994371 0.957873041 0 0
1.966656 0.093647 2.712971 -0.232994724 -0.000199995471 0.972477978 0 0
1.97073 0.09259 2.714132 -0.287191923 0 0.95787306 0 0
1.966656 0.092589 2.712971 -0.232900156 0 0.972500652 0 0
1.964587 0.093636 2.712567 -0.108104299 -0.000200007954 0.994139538 0 0
1.964587 0.092581 2.712567 -0.107797064 0 0.994172919 0 0
1.967241 0.566573 2.713991 -0.178999362 -0.084699698 0.980196506 0 0
1.973069 0.547318 2.714388 -0.202802753 -0.0201002729 0.97901329 0 0
1.973069 0.565971 2.715145 -0.209103917 -0.0847015865 0.974218247 0 0
1.967241 0.547687 2.713229 -0.173795513 -0.0201994785 0.984574579 0 0
1.973069 0.523925 2.714378 -0.201401766 -0.000500004385 0.97950859 0 0
1.967241 0.524109 2.713218 -0.172695636 -0.000499987365 0.98497511 0 0
1.964587 0.547806 2.712826 -0.0876037263 -0.0206008763 0.995942363 0 0
1.964587 0.566769 2.71359 -0.089305994 -0.0862057859 0.992266598 0 0
1.963291 0.547801 2.712795 -0.0237002595 -0.0204002234 0.999510945 0 0
1.963291 0.566762 2.713559 -0.0229993737 -0.0854976719 0.996072877 0 0
1.964587 0.524168 2.712815 -0.0871991921 -0.000499995368 0.99619077 0 0
1.963291 0.524164 2.712784 -0.0238003953 -0.000500008305 0.999716605 0 0
1.964587 0.584043 2.715867 -0.0931056359 -0.185311217 0.978259216 0 0
1.967241 0.583761 2.716262 -0.189598058 -0.182298132 0.964790116 0 0
1.963291 0.584033 2.715836 -0.0214999435 -0.184499515 0.982597416 0 0
1.973069 0.582899 2.7174 -0.221903059 -0.18210251 0.957913205 0 0
1.959589 0.56675 2.713452 -0.0444025175 -0.0854048422 0.995356433 0 0
1.961536 0.547793 2.712753 -0.0286994814 -0.0202996332 0.999381941 0 0
1.961536 0.566751 2.713517 -0.0283010196 -0.0855030803 0.995935879 0 0
1.959589 0.547791 2.712687 -0.0443005312 -0.0203002434 0.998811976 0 0
1.961536 0.524158 2.712743 -0.0287995702 -0.000499992538 0.999585081 0 0
1.959589 0.524155 2.712677 -0.0443008032 -0.000500009065 0.999018112 0 0
1.957718 0.547802 2.712584 -0.0775984465 -0.0201995956 0.996780045 0 0
1.957718 0.566769 2.71335 -0.078696829 -0.0850965711 0.993259977 0 0
1.957718 0.524158 2.712574 -0.0773005975 -0.000500003865 0.997007707 0 0
1.957718 0.584051 2.71563 -0.0808059087 -0.183613426 0.979671636 0 0
1.959589 0.584021 2.715731 -0.0443030965 -0.184312882 0.981868625 0 0
1.961536 0.584021 2.715795 -0.0270989037 -0.184492537 0.982460255 0 0
1.959589 0.56675 3.043438 -0.0444025175 -0.0854048422 -0.995356433 0 0
1.957718 0.547802 3.044305 -0.0775984465 -0.0201995956 -0.996780045 0 0
1.957718 0.566769 3.04354 -0.078696829 -0.0850965711 -0.993259977 0 0
1.959589 0.547791 3.044203 -0.0444003354 -0.0203001534 -0.998807546 0 0
1.957718 0.524158 3.044316 -0.0773005975 -0.000500003865 -0.997007707 0 0
1.959589 0.524155 3.044213 -0.0443008032 -0.000500009065 -0.999018112 0 0
1.961536 0.547793 3.044137 -0.0286994814 -0.0202996332 -0.999381941 0 0
1.961536 0.566751 3.043372 -0.0282010956 -0.0855033219 -0.995938693 0 0
1.963291 0.547801 3.044095 -0.0237002595 -0.0204002234 -0.999510945 0 0
1.963291 0.566762 3.043331 -0.0229993737 -0.0854976719 -0.996072877 0 0
1.961536 0.524158 3.044147 -0.0286996542 -0.000499993975 -0.999587955 0 0
1.963291 0.524164 3.044106 -0.0238003953 -0.000500008305 -0.999716605 0 0
1.961536 0.584021 3.041095 -0.0270989037 -0.184492537 -0.982460255 0 0
1.959589 0.584021 3.041159 -0.0443030965 -0.184312882 -0.981868625 0 0
1.963291 0.584033 3.041054 -0.0215998966 -0.184499117 -0.982595298 0 0
1.957718 0.584051 3.04126 -0.0808059087 -0.183613426 -0.979671636 0 0
1.967241 0.566573 3.042898 -0.178997845 -0.084798979 -0.980188199 0 0
1.964587 0.547806 3.044064 -0.0876037263 -0.0206008763 -0.995942363 0 0
1.964587 0.566769 3.0433 -0.089305994 -0.0862057859 -0.992266598 0 0
1.967241 0.547687 3.043661 -0.173795513 -0.0201994785 -0.984574579 0 0
1.964587 0.524168 3.044075 -0.0871991921 -0.000499995368 -0.99619077 0 0
1.967241 0.524109 3.043671 -0.172695636 -0.000499987365 -0.98497511 0 0
1.973069 0.547318 3.042502 -0.202802753 -0.0201002729 -0.97901329 0 0
1.973069 0.565971 3.041745 -0.209103917 -0.0847015865 -0.974218247 0 0
1.973069 0.523925 3.042512 -0.201497708 -0.000499994313 -0.979488858 0 0
1.973069 0.582899 3.03949 -0.221903059 -0.18210251 -0.957913205 0 0
1.967241 0.583761 3.040627 -0.189598058 -0.182298132 -0.964790116 0 0
1.964587 0.584043 3.041023 -0.0931056359 -0.185311217 -0.978259216 0 0
1.919969 0.20901 2.693182 -0.291006366 -0.000600013125 0.956720928 0 0
1.906959 0.166121 2.689185 -0.294816562 -0.000600033708 0.95555368 0 0
1.919969 0.166121 2.693154 -0.291097895 -0.000599995662 0.956693083 0 0
1.906959 0.20901 2.689214 -0.294697081 -0.000599994057 0.955590535 0 0
1.896118 0.166121 2.685802 -0.308416599 -0.000600032295 0.951251198 0 0
1.896118 0.20901 2.685832 -0.308387262 -0.000599975219 0.951260709 0 0
1.906959 0.2534 2.689243 -0.294697081 -0.000599994057 0.955590535 0 0
1.919969 0.2534 2.693211 -0.291006366 -0.000600013125 0.956720928 0 0
1.906959 0.293188 2.68927 -0.294697081 -0.000599994057 0.955590535 0 0
1.919969 0.293188 2.693237 -0.290914828 -0.000600030584 0.956748767 0 0
1.896118 0.2534 2.685862 -0.308296772 -0.000599993718 0.95129004 0 0
1.896118 0.293188 2.685889 -0.308296772 -0.000599993718 0.95129004 0 0
1.932979 0.2534 2.697157 -0.291400309 -0.000600000636 0.956601014 0 0
1.932979 0.20901 2.697129 -0.291491814 -0.00059998315 0.956573135 0 0
1.943821 0.2534 2.700475 -0.298713362 -0.00060002684 0.954342689 0 0
1.943821 0.20901 2.700447 -0.298713362 -0.00060002684 0.954342689 0 0
1.932979 0.293188 2.697183 -0.291400309 -0.000600000636 0.956601014 0 0
1.943821 0.293188 2.7005 -0.298622277 -0.000600044762 0.954371194 0 0
1.932979 0.166121 2.697101 -0.291519699 -0.000600040546 0.956564637 0 0
1.943821 0.166121 2.70042 -0.298713362 -0.00060002684 0.954342689 0 0
1.919969 0.20901 3.063708 -0.291006366 -0.000600013125 -0.956720928 0 0
1.932979 0.166121 3.059789 -0.291519699 -0.000600040546 -0.956564637 0 0
1.919969 0.166121 3.063736 -0.291006366 -0.000600013125 -0.956720928 0 0
1.932979 0.20901 3.059761 -0.291491814 -0.00059998315 -0.956573135 0 0
1.943821 0.166121 3.05647 -0.298713362 -0.00060002684 -0.954342689 0 0
1.943821 0.20901 3.056443 -0.298713362 -0.00060002684 -0.954342689 0 0
1.932979 0.2534 3.059733 -0.291400309 -0.000600000636 -0.956601014 0 0
1.919969 0.2534 3.063679 -0.291006366 -0.000600013125 -0.956720928 0 0
1.932979 0.293188 3.059707 -0.291400309 -0.000600000636 -0.956601014 0 0
1.919969 0.293188 3.063653 -0.290914828 -0.000600030584 -0.956748767 0 0
1.943821 0.2534 3.056415 -0.298713362 -0.00060002684 -0.954342689 0 0
1.943821 0.293188 3.05639 -0.298622277 -0.000600044762 -0.954371194 0 0
1.906959 0.2534 3.067647 -0.294697081 -0.000599994057 -0.955590535 0 0
1.906959 0.20901 3.067676 -0.294697081 -0.000599994057 -0.955590535 0 0
1.896118 0.2534 3.071028 -0.308296772 -0.000599993718 -0.95129004 0 0
1.896118 0.20901 3.071058 -0.308387262 -0.000599975219 -0.951260709 0 0
1.906959 0.293188 3.06762 -0.294697081 -0.000599994057 -0.955590535 0 0
1.896118 0.293188 3.071001 -0.308296772 -0.000599993718 -0.95129004 0 0
1.906959 0.166121 3.067705 -0.294816562 -0.000600033708 -0.95555368 0 0
1.896118 0.166121 3.071088 -0.308416599 -0.000600032295 -0.951251198 0 0
1.877703 0.20901 2.629839 -0.664438203 0.0006000345 -0.74734297 0 0
1.874675 0.2534 2.632585 -0.685124346 0.000600021322 -0.728425885 0 0
1.877703 0.2534 2.629879 -0.664388546 0.000599989656 -0.747387115 0 0
1.874675 0.20901 2.632546 -0.685177403 0.000599980213 -0.728375979 0 0
1.871816 0.2534 2.635414 -0.741999848 0.000499999898 -0.670399863 0 0
1.871816 0.20901 2.635375 -0.742094527 0.000499996313 -0.670295057 0 0
1.874675 0.293188 2.63262 -0.68502137 0.000600018718 -0.728522727 0 0
1.877703 0.293188 2.629914 -0.664332683 0.000600029519 -0.747436771 0 0
1.871816 0.293188 2.635448 -0.741999848 0.000499999898 -0.670399863 0 0
1.874675 0.166121 2.632509 -0.68522731 0.000600023914 -0.728329028 0 0
1.877703 0.166121 2.629802 -0.664494053 0.00059999463 -0.747293312 0 0
1.871816 0.16612 2.635339 -0.74214427 0.000500029828 -0.670239981 0 0
1.88049 0.16612 2.627338 -0.681819142 0.000600016846 -0.731520538 0 0
1.88049 0.20901 2.627376 -0.681769267 0.000599972954 -0.731567022 0 0
1.882626 0.166121 2.625239 -0.770290899 0.000499994093 -0.637692466 0 0
1.882626 0.20901 2.625278 -0.770290899 0.000499994093 -0.637692466 0 0
1.88049 0.2534 2.627415 -0.681715744 0.000600013857 -0.731616897 0 0
1.88049 0.293188 2.627451 -0.68166587 0.00059996996 -0.731663367 0 0
1.882626 0.2534 2.625317 -0.77025023 0.000500032608 -0.637741588 0 0
1.882626 0.293188 2.625353 -0.770201105 0.000500000718 -0.637800915 0 0
1.867865 0.20901 2.641026 -0.903629847 0.000300009909 -0.428314147 0 0
1.866837 0.2534 2.643872 -0.971704193 0.000200000863 -0.236201019 0 0
1.867865 0.2534 2.641064 -0.903629847 0.000300009909 -0.428314147 0 0
1.866837 0.20901 2.643836 -0.971727141 0.000200005586 -0.236106595 0 0
1.866484 0.2534 2.646662 -0.99999982 0 0.000599999892 0 0
1.866484 0.20901 2.646625 -0.99999982 0 0.000599999892 0 0
1.866837 0.293188 2.643906 -0.971704193 0.000200000863 -0.236201019 0 0
1.867865 0.293188 2.641097 -0.90359114 0.000299997059 -0.4283958 0 0
1.866484 0.293188 2.646694 -0.99999982 0 0.000599999892 0 0
1.866837 0.166121 2.6438 -0.971727141 0.000200005586 -0.236106595 0 0
1.867865 0.166121 2.64099 -0.903686888 0.000299995647 -0.428193787 0 0
1.866484 0.16612 2.64659 -0.99999982 0 0.000599999892 0 0
1.869535 0.16612 2.638168 -0.821709388 0.000500005713 -0.569906511 0 0
1.869535 0.20901 2.638204 -0.821630068 0.000500018299 -0.57002086 0 0
1.869535 0.2534 2.638242 -0.821583232 0.000499989795 -0.570088365 0 0
1.869535 0.293188 2.638276 -0.821583232 0.000499989795 -0.570088365 0 0
1.877703 0.20901 3.12705 -0.664438203 0.0006000345 0.74734297 0 0
1.88049 0.2534 3.129474 -0.681715744 0.000600013857 0.731616897 0 0
1.877703 0.2534 3.127011 -0.664388546 0.000599989656 0.747387115 0 0
1.88049 0.20901 3.129514 -0.681769267 0.000599972954 0.731567022 0 0
1.882626 0.2534 3.131572 -0.77025023 0.000500032608 0.637741588 0 0
1.882626 0.20901 3.131612 -0.770290899 0.000499994093 0.637692466 0 0
1.88049 0.293188 3.129439 -0.681715744 0.000600013857 0.731616897 0 0
1.877703 0.293188 3.126976 -0.664332683 0.000600029519 0.747436771 0 0
1.882626 0.293188 3.131537 -0.770201105 0.000500000718 0.637800915 0 0
1.88049 0.166121 3.129552 -0.681819142 0.000600016846 0.731520538 0 0
1.877703 0.166121 3.127088 -0.664494053 0.00059999463 0.747293312 0 0
1.882626 0.16612 3.131651 -0.770290899 0.000499994093 0.637692466 0 0
1.874675 0.16612 3.124381 -0.68522731 0.000600023914 0.728329028 0 0
1.874675 0.20901 3.124343 -0.685177403 0.000599980213 0.728375979 0 0
1.871816 0.166121 3.121551 -0.74214427 0.000500029828 0.670239981 0 0
1.871816 0.20901 3.121514 -0.742094527 0.000499996313 0.670295057 0 0
1.874675 0.2534 3.124305 -0.685124346 0.000600021322 0.728425885 0 0
1.874675 0.293188 3.12427 -0.68502137 0.000600018718 0.728522727 0 0
1.871816 0.2534 3.121476 -0.742049593 0.000500033418 0.670344801 0 0
1.871816 0.293188 3.121442 -0.741999848 0.000499999898 0.670399863 0 0
1.867865 0.20901 3.115863 -0.903629847 0.000300009909 0.428314147 0 0
1.869535 0.2534 3.118648 -0.821583232 0.000499989795 0.570088365 0 0
1.867865 0.2534 3.115826 -0.903629847 0.000300009909 0.428314147 0 0
1.869535 0.20901 3.118686 -0.821630068 0.000500018299 0.57002086 0 0
1.869535 0.293188 3.118614 -0.821583232 0.000499989795 0.570088365 0 0
1.867865 0.293188 3.115793 -0.90359114 0.000299997059 0.4283958 0 0
1.869535 0.166121 3.118722 -0.821709388 0.000500005713 0.569906511 0 0
1.867865 0.166121 3.115899 -0.903686888 0.000299995647 0.428193787 0 0
1.866837 0.16612 3.11309 -0.971727141 0.000200005586 0.236106595 0 0
1.866837 0.20901 3.113054 -0.971727141 0.000200005586 0.236106595 0 0
1.866484 0.166121 3.1103 -0.99999982 0 -0.000599999892 0 0
1.866484 0.20901 3.110265 -0.99999982 0 -0.000599999892 0 0
1.866837 0.2534 3.113017 -0.971704193 0.000200000863 0.236201019 0 0
1.866837 0.293188 3.112984 -0.971704193 0.000200000863 0.236201019 0 0
1.866484 0.2534 3.110228 -0.99999982 0 -0.000599999892 0 0
1.866484 0.293188 3.110195 -0.99999982 0 -0.000599999892 0 0
1.867666 0.20901 2.652019 -0.93471246 -0.000300003999 0.355404738 0 0
1.868738 0.2534 2.654445 -0.898372043 -0.00030002406 0.439235224 0 0
1.867666 0.2534 2.652055 -0.93471246 -0.000300003999 0.355404738 0 0
1.868738 0.20901 2.65441 -0.898391335 -0.000299997107 0.439195764 0 0
1.869822 0.2534 2.656488 -0.880836837 -0.000400016729 0.473419799 0 0
1.869822 0.20901 2.656453 -0.880900943 -0.000400000428 0.473300506 0 0
1.868738 0.293188 2.654477 -0.898332579 -0.00030001088 0.439315932 0 0
1.867666 0.293188 2.652087 -0.934679236 -0.000299993336 0.355492103 0 0
1.869822 0.293188 2.656519 -0.880836837 -0.000400016729 0.473419799 0 0
1.868738 0.166121 2.654376 -0.89843079 -0.000300010282 0.439115049 0 0
1.867666 0.166121 2.651985 -0.934745677 -0.000300014661 0.355317363 0 0
1.869822 0.16612 2.656419 -0.880900943 -0.000400000428 0.473300506 0 0
1.866837 0.16612 2.649354 -0.976722865 -0.000200004682 0.214505022 0 0
1.866837 0.20901 2.649389 -0.976722865 -0.000200004682 0.214505022 0 0
1.866837 0.2534 2.649425 -0.976722865 -0.000200004682 0.214505022 0 0
1.866837 0.293188 2.649457 -0.976722865 -0.000200004682 0.214505022 0 0
1.867666 0.20901 3.104871 -0.93471246 -0.000300003999 -0.355404738 0 0
1.866837 0.2534 3.107465 -0.976722865 -0.000200004682 -0.214505022 0 0
1.867666 0.2534 3.104835 -0.934679236 -0.000299993336 -0.355492103 0 0
1.866837 0.20901 3.107501 -0.976722865 -0.000200004682 -0.214505022 0 0
1.866837 0.293188 3.107433 -0.976722865 -0.000200004682 -0.214505022 0 0
1.867666 0.293188 3.104803 -0.934679236 -0.000299993336 -0.355492103 0 0
1.866837 0.166121 3.107536 -0.976722865 -0.000200004682 -0.214505022 0 0
1.867666 0.166121 3.104905 -0.93471246 -0.000300003999 -0.355404738 0 0
1.868738 0.16612 3.102514 -0.89843079 -0.000300010282 -0.439115049 0 0
1.868738 0.20901 3.10248 -0.898391335 -0.000299997107 -0.439195764 0 0
1.869822 0.166121 3.10047 -0.880900943 -0.000400000428 -0.473300506 0 0
1.869822 0.20901 3.100437 -0.880900943 -0.000400000428 -0.473300506 0 0
1.868738 0.2534 3.102445 -0.898332579 -0.00030001088 -0.439315932 0 0
1.868738 0.293188 3.102413 -0.898332579 -0.00030001088 -0.439315932 0 0
1.869822 0.2534 3.100402 -0.880900943 -0.000400000428 -0.473300506 0 0
1.869822 0.293188 3.10037 -0.880836837 -0.000400016729 -0.473419799 0 0
1.88428 0.20901 2.615248 -0.890940191 0.000400018045 -0.454120486 0 0
1.883862 0.2534 2.61617 -0.922585013 0.000299995127 -0.385793733 0 0
1.88428 0.2534 2.615289 -0.890899728 0.000399999878 -0.454199861 0 0
1.883862 0.20901 2.616129 -0.922585013 0.000299995127 -0.385793733 0 0
1.883541 0.2534 2.617052 -0.960379885 0.000199995811 -0.278694163 0 0
1.883541 0.20901 2.61701 -0.960406646 0.000200001384 -0.278601928 0 0
1.883862 0.293188 2.616208 -0.922570127 0.000300022806 -0.385829328 0 0
1.88428 0.293188 2.615327 -0.890838623 0.000400017343 -0.454319697 0 0
1.883541 0.293188 2.617089 -0.960379885 0.000199995811 -0.278694163 0 0
1.883862 0.166121 2.61609 -0.922585013 0.000299995127 -0.385793733 0 0
1.88428 0.166121 2.615208 -0.890940191 0.000400018045 -0.454120486 0 0
1.883541 0.16612 2.616971 -0.960406646 0.000200001384 -0.278601928 0 0
1.884762 0.16612 2.614327 -0.870748964 0.000400022494 -0.491727651 0 0
1.884762 0.20901 2.614367 -0.870706104 0.000500003505 -0.491803448 0 0
1.885276 0.166121 2.613445 -0.863815061 0.000500008718 -0.503808784 0 0
1.885276 0.20901 2.613486 -0.863815061 0.000500008718 -0.503808784 0 0
1.884762 0.2534 2.614408 -0.870639084 0.000500022447 -0.491922083 0 0
1.884762 0.293188 2.614446 -0.870639084 0.000500022447 -0.491922083 0 0
1.885276 0.2534 2.613527 -0.863771539 0.000499983526 -0.503883397 0 0
1.885276 0.293188 2.613565 -0.863771539 0.000499983526 -0.503883397 0 0
1.883284 0.20901 2.618773 -1 0 0 0 0
1.883349 0.2534 2.619695 -0.989649276 -0.000100004979 0.143507145 0 0
1.883284 0.2534 2.618814 -1 0 0 0 0
1.883349 0.20901 2.619654 -0.989649276 -0.000100004979 0.143507145 0 0
1.883541 0.2534 2.620576 -0.960379885 -0.000199995811 0.278694163 0 0
1.883541 0.20901 2.620535 -0.960379885 -0.000199995811 0.278694163 0 0
1.883349 0.293188 2.619731 -0.989635068 -0.000100003544 0.143605089 0 0
1.883284 0.293188 2.61885 -1 0 0 0 0
1.883541 0.293188 2.620612 -0.960379885 -0.000199995811 0.278694163 0 0
1.883349 0.166121 2.619615 -0.989649276 -0.000100004979 0.143507145 0 0
1.883284 0.166121 2.618734 -1 0 0 0 0
1.883541 0.16612 2.620496 -0.960406646 -0.000200001384 0.278601928 0 0
1.883349 0.16612 2.617852 -0.989649276 0.000100004979 -0.143507145 0 0
1.883349 0.20901 2.617892 -0.989649276 0.000100004979 -0.143507145 0 0
1.883349 0.2534 2.617933 -0.989649276 0.000100004979 -0.143507145 0 0
1.883349 0.293188 2.61797 -0.989635068 0.000100003544 -0.143605089 0 0
1.884015 0.20901 2.62242 -0.998866327 0 -0.047603161 0 0
1.883702 0.2534 2.623706 -0.914095818 0.000299998628 -0.405498145 0 0
1.884015 0.2534 2.62246 -0.998866327 0 -0.047603161 0 0
1.883702 0.20901 2.623666 -0.914132882 0.000300010792 -0.405414583 0 0
1.883702 0.293188 2.623742 -0.914095786 0.000399998156 -0.405498131 0 0
1.884015 0.293188 2.622496 -0.998866327 0 -0.047603161 0 0
1.883702 0.166121 2.623627 -0.914132882 0.000300010792 -0.405414583 0 0
1.884015 0.166121 2.622381 -0.998866327 0 -0.047603161 0 0
1.883862 0.16612 2.621378 -0.968858502 -0.000200012077 0.247614951 0 0
1.883862 0.20901 2.621417 -0.968834506 -0.000200007123 0.247708822 0 0
1.883862 0.2534 2.621457 -0.968834506 -0.000200007123 0.247708822 0 0
1.883862 0.293188 2.621493 -0.968834506 -0.000200007123 0.247708822 0 0
1.88428 0.20901 3.141642 -0.890899728 0.000399999878 0.454199861 0 0
1.884762 0.2534 3.142481 -0.870639084 0.000500022447 0.491922083 0 0
1.88428 0.2534 3.1416 -0.890899728 0.000399999878 0.454199861 0 0
1.884762 0.20901 3.142523 -0.870706104 0.000500003505 0.491803448 0 0
1.885276 0.2534 3.143363 -0.863815061 0.000500008718 0.503808784 0 0
1.885276 0.20901 3.143404 -0.863815061 0.000500008718 0.503808784 0 0
1.884762 0.293188 3.142444 -0.870639084 0.000500022447 0.491922083 0 0
1.88428 0.293188 3.141563 -0.890838623 0.000400017343 0.454319697 0 0
1.885276 0.293188 3.143325 -0.863771539 0.000499983526 0.503883397 0 0
1.884762 0.166121 3.142563 -0.870748964 0.000400022494 0.491727651 0 0
1.88428 0.166121 3.141682 -0.890940191 0.000400018045 0.454120486 0 0
1.885276 0.166121 3.143444 -0.863815061 0.000500008718 0.503808784 0 0
1.883862 0.16612 3.1408 -0.922620602 0.000300006699 0.385708613 0 0
1.883862 0.20901 3.14076 -0.922620602 0.000300006699 0.385708613 0 0
1.883541 0.166121 3.139919 -0.960406646 0.000200001384 0.278601928 0 0
1.883541 0.20901 3.139879 -0.960406646 0.000200001384 0.278601928 0 0
1.883862 0.2534 3.140719 -0.922585013 0.000299995127 0.385793733 0 0
1.883862 0.293188 3.140682 -0.922585013 0.000299995127 0.385793733 0 0
1.883541 0.2534 3.139838 -0.960379885 0.000199995811 0.278694163 0 0
1.883541 0.293188 3.139801 -0.960379885 0.000199995811 0.278694163 0 0
1.883284 0.20901 3.138117 -1 0 0 0 0
1.883349 0.2534 3.138957 -0.989635068 0.000100003544 0.143605089 0 0
1.883284 0.2534 3.138076 -1 0 0 0 0
1.883349 0.20901 3.138998 -0.989649276 0.000100004979 0.143507145 0 0
1.883349 0.293188 3.13892 -0.989635068 0.000100003544 0.143605089 0 0
1.883284 0.293188 3.138039 -1 0 0 0 0
1.883349 0.166121 3.139038 -0.989635068 0.000100003544 0.143605089 0 0
1.883284 0.166121 3.138156 -1 0 0 0 0
1.883349 0.16612 3.137275 -0.989635068 -0.000100003544 -0.143605089 0 0
1.883349 0.20901 3.137236 -0.989635068 -0.000100003544 -0.143605089 0 0
1.883541 0.166121 3.136394 -0.960406646 -0.000200001384 -0.278601928 0 0
1.883541 0.20901 3.136354 -0.960379885 -0.000199995811 -0.278694163 0 0
1.883349 0.2534 3.137195 -0.989635068 -0.000100003544 -0.143605089 0 0
1.883349 0.293188 3.137158 -0.989635068 -0.000100003544 -0.143605089 0 0
1.883541 0.2534 3.136314 -0.960379885 -0.000199995811 -0.278694163 0 0
1.883541 0.293188 3.136277 -0.960379885 -0.000199995811 -0.278694163 0 0
1.884015 0.20901 3.13447 -0.998866327 0 0.047603161 0 0
1.883862 0.2534 3.135433 -0.968858502 -0.000200012077 -0.247614951 0 0
1.884015 0.2534 3.13443 -0.998866327 0 0.047603161 0 0
1.883862 0.20901 3.135473 -0.968858502 -0.000200012077 -0.247614951 0 0
1.883862 0.293188 3.135396 -0.968858502 -0.000200012077 -0.247614951 0 0
1.884015 0.293188 3.134394 -0.998871077 0 0.0475033802 0 0
1.883862 0.166121 3.135512 -0.968858502 -0.000200012077 -0.247614951 0 0
1.884015 0.166121 3.134509 -0.998871077 0 0.0475033802 0 0
1.883702 0.16612 3.133262 -0.91418637 0.000299995527 0.405293957 0 0
1.883702 0.20901 3.133224 -0.914132882 0.000300010792 0.405414583 0 0
1.883702 0.2534 3.133184 -0.914095786 0.000399998156 0.405498131 0 0
1.883702 0.293188 3.133148 -0.914095818 0.000299998628 0.405498145 0 0
1.871431 0.20901 2.659291 -0.838304154 -0.000400001982 0.545202701 0 0
1.872154 0.2534 2.660347 -0.784339677 -0.000500025294 0.62033138 0 0
1.871431 0.2534 2.659325 -0.838304154 -0.000400001982 0.545202701 0 0
1.872154 0.20901 2.660313 -0.784378155 -0.000499986076 0.620282725 0 0
1.872954 0.2534 2.661255 -0.716346123 -0.000500032196 0.697744926 0 0
1.872954 0.20901 2.661221 -0.716394806 -0.000499996375 0.697694942 0 0
1.872154 0.293188 2.660378 -0.784339677 -0.000500025294 0.62033138 0 0
1.871431 0.293188 2.659356 -0.838304154 -0.000400001982 0.545202701 0 0
1.872954 0.293188 2.661286 -0.716296139 -0.000499997305 0.697796239 0 0
1.872154 0.166121 2.66028 -0.784426808 -0.000500017088 0.620221196 0 0
1.871431 0.166121 2.659258 -0.838349858 -0.00040002379 0.54513242 0 0
1.872954 0.16612 2.661188 -0.716493458 -0.000499995435 0.697593631 0 0
1.870687 0.16612 2.658009 -0.868937634 -0.000400017325 0.494921436 0 0
1.870687 0.20901 2.658042 -0.868894626 -0.000399997526 0.494996938 0 0
1.870687 0.2534 2.658077 -0.868827104 -0.000400012479 0.495115445 0 0
1.870687 0.293188 2.658108 -0.868784084 -0.000399992672 0.495190928 0 0
1.875085 0.20901 2.663037 -0.591437259 -0.000600037801 0.806350798 0 0
1.876415 0.2534 2.663979 -0.540145747 -0.00060005082 0.841571276 0 0
1.875085 0.2534 2.663071 -0.591389568 -0.000599989416 0.806385775 0 0
1.876415 0.20901 2.663945 -0.540216571 -0.000600018406 0.841525814 0 0
1.877922 0.2534 2.664887 -0.495503327 -0.000600004029 0.868605833 0 0
1.877922 0.20901 2.664853 -0.495503327 -0.000600004029 0.868605833 0 0
1.876415 0.293188 2.664009 -0.540100289 -0.000600000321 0.84160045 0 0
1.875085 0.293188 2.663101 -0.591389568 -0.000599989416 0.806385775 0 0
1.877922 0.293188 2.664917 -0.495427874 -0.000600033759 0.868648871 0 0
1.876415 0.166121 2.663913 -0.540216571 -0.000600018406 0.841525814 0 0
1.875085 0.166121 2.663004 -0.591502277 -0.00060000231 0.806303104 0 0
1.877922 0.16612 2.664821 -0.495621815 -0.000600026411 0.86853823 0 0
1.873931 0.16612 2.662096 -0.650231088 -0.000500023907 0.759736324 0 0
1.873931 0.20901 2.662129 -0.650181652 -0.000599983069 0.759778559 0 0
1.873931 0.2534 2.662163 -0.650181652 -0.000599983069 0.759778559 0 0
1.873931 0.293188 2.662194 -0.650123922 -0.000600022078 0.759827958 0 0
1.881301 0.20901 2.666635 -0.460801555 -0.000600002025 0.887502995 0 0
1.88284 0.2534 2.667473 -0.481323513 -0.000600029312 0.87654282 0 0
1.881301 0.2534 2.666669 -0.460722783 -0.000600029672 0.88754389 0 0
1.88284 0.20901 2.66744 -0.481400344 -0.000600000429 0.876500627 0 0
1.884058 0.2534 2.668175 -0.556406641 -0.000600007161 0.830909917 0 0
1.884058 0.20901 2.668142 -0.556406641 -0.000600007161 0.830909917 0 0
1.88284 0.293188 2.667503 -0.481323513 -0.000600029312 0.87654282 0 0
1.881301 0.293188 2.666698 -0.460722783 -0.000600029672 0.88754389 0 0
1.884058 0.293188 2.668205 -0.556222305 -0.000600024061 0.831033325 0 0
1.88284 0.166121 2.667408 -0.481477164 -0.000599971544 0.876458431 0 0
1.881301 0.166121 2.666603 -0.460921219 -0.000600027623 0.887440854 0 0
1.884058 0.16612 2.66811 -0.556406641 -0.000600007161 0.830909917 0 0
1.879606 0.16612 2.665729 -0.466508663 -0.000600011142 0.884516426 0 0
1.879606 0.20901 2.665761 -0.466508663 -0.000600011142 0.884516426 0 0
1.879606 0.2534 2.665795 -0.466430419 -0.000600039133 0.884557688 0 0
1.879606 0.293188 2.665825 -0.466389161 -0.000599986056 0.884579443 0 0
1.871431 0.20901 3.097599 -0.838304154 -0.000400001982 -0.545202701 0 0
1.870687 0.2534 3.098813 -0.868827104 -0.000400012479 -0.495115445 0 0
1.871431 0.2534 3.097564 -0.838304154 -0.000400001982 -0.545202701 0 0
1.870687 0.20901 3.098847 -0.868894626 -0.000399997526 -0.494996938 0 0
1.870687 0.293188 3.098782 -0.868784084 -0.000399992672 -0.495190928 0 0
1.871431 0.293188 3.097533 -0.838228714 -0.000400013703 -0.54531868 0 0
1.870687 0.166121 3.098881 -0.868937634 -0.000400017325 -0.494921436 0 0
1.871431 0.166121 3.097632 -0.838349858 -0.00040002379 -0.54513242 0 0
1.872154 0.16612 3.09661 -0.784426808 -0.000500017088 -0.620221196 0 0
1.872154 0.20901 3.096577 -0.784378155 -0.000499986076 -0.620282725 0 0
1.872954 0.166121 3.095702 -0.716493458 -0.000499995435 -0.697593631 0 0
1.872954 0.20901 3.095669 -0.716394806 -0.000499996375 -0.697694942 0 0
1.872154 0.2534 3.096543 -0.784339677 -0.000500025294 -0.62033138 0 0
1.872154 0.293188 3.096512 -0.784339677 -0.000500025294 -0.62033138 0 0
1.872954 0.2534 3.095635 -0.716346123 -0.000500032196 -0.697744926 0 0
1.872954 0.293188 3.095604 -0.716296139 -0.000499997305 -0.697796239 0 0
1.875085 0.20901 3.093853 -0.591502277 -0.00060000231 -0.806303104 0 0
1.873931 0.2534 3.094727 -0.650231053 -0.000600028655 -0.759736282 0 0
1.875085 0.2534 3.093819 -0.591437259 -0.000600037801 -0.806350798 0 0
1.873931 0.20901 3.094761 -0.65028877 -0.000599989638 -0.75968688 0 0
1.873931 0.293188 3.094696 -0.650123922 -0.000600022078 -0.759827958 0 0
1.875085 0.293188 3.093788 -0.591389568 -0.000599989416 -0.806385775 0 0
1.873931 0.166121 3.094794 -0.650338208 -0.000500029378 -0.75964463 0 0
1.875085 0.166121 3.093885 -0.591502277 -0.00060000231 -0.806303104 0 0
1.876415 0.16612 3.092977 -0.540145747 -0.00060005082 -0.841571276 0 0
1.876415 0.20901 3.092944 -0.540100289 -0.000600000321 -0.84160045 0 0
1.877922 0.166121 3.092069 -0.495697249 -0.00059999667 -0.86849518 0 0
1.877922 0.20901 3.092036 -0.49557877 -0.000599974298 -0.868562792 0 0
1.876415 0.2534 3.092911 -0.540029454 -0.000600032727 -0.841645905 0 0
1.876415 0.293188 3.09288 -0.540029454 -0.000600032727 -0.841645905 0 0
1.877922 0.2534 3.092003 -0.495503327 -0.000600004029 -0.868605833 0 0
1.877922 0.293188 3.091973 -0.495427874 -0.000600033759 -0.868648871 0 0
1.881301 0.20901 3.090254 -0.460801555 -0.000600002025 -0.887502995 0 0
1.879606 0.2534 3.091095 -0.466508663 -0.000600011142 -0.884516426 0 0
1.881301 0.2534 3.090221 -0.460801555 -0.000600002025 -0.887502995 0 0
1.879606 0.20901 3.091128 -0.466508663 -0.000600011142 -0.884516426 0 0
1.879606 0.293188 3.091065 -0.466389161 -0.000599986056 -0.884579443 0 0
1.881301 0.293188 3.090191 -0.460801555 -0.000600002025 -0.887502995 0 0
1.879606 0.166121 3.09116 -0.466586896 -0.00059998315 -0.88447516 0 0
1.881301 0.166121 3.090286 -0.460842455 -0.00060005528 -0.887481759 0 0
1.88284 0.16612 3.089481 -0.481400344 -0.000600000429 -0.876500627 0 0
1.88284 0.20901 3.089449 -0.481323513 -0.000600029312 -0.87654282 0 0
1.884058 0.166121 3.08878 -0.556406641 -0.000600007161 -0.830909917 0 0
1.884058 0.20901 3.088748 -0.556291364 -0.000599990685 -0.830987099 0 0
1.88284 0.2534 3.089416 -0.481323513 -0.000600029312 -0.87654282 0 0
1.88284 0.293188 3.089386 -0.481323513 -0.000600029312 -0.87654282 0 0
1.884058 0.2534 3.088715 -0.556222305 -0.000600024061 -0.831033325 0 0
1.884058 0.293188 3.088685 -0.556222305 -0.000600024061 -0.831033325 0 0
2.046406 0.20901 2.81133 -0.999631549 0.0266008395 0.00540017043 0 0
2.045583 0.166122 2.78316 -0.999862848 0.00680042745 0.0151009492 0 0
2.045822 0.166121 2.811318 -0.99996175 0.00680041994 0.00550033966 0 0
2.046168 0.209011 2.783176 -0.999534729 0.0265009208 0.0151005247 0 0
2.045106 0.166125 2.761325 -0.999156304 0.00680038321 0.0405022824 0 0
2.045691 0.209014 2.761343 -0.998827998 0.0265007428 0.0405011353 0 0
2.047922 0.253401 2.783192 -0.997860966 0.063603886 0.0151009226 0 0
2.04816 0.2534 2.811342 -0.997954669 0.0636971066 0.00539975472 0 0
2.051429 0.29319 2.783206 -0.989667416 0.142595305 0.0149995061 0 0
2.051668 0.293189 2.811353 -0.989764332 0.142609269 0.00540035101 0 0
2.047445 0.253403 2.761363 -0.997157074 0.0636036405 0.0404023125 0 0
2.050952 0.293191 2.761379 -0.988968467 0.142595453 0.0400987215 0 0
2.04824 0.2534 2.84372 -0.9979685 0.0636979894 0.00119996212 0 0
2.046486 0.20901 2.843712 -0.999645405 0.0266012083 0.00120005451 0 0
2.04824 0.2534 2.87823 -0.997969218 0.0636980353 0 0 0
2.046486 0.20901 2.878227 -0.999646125 0.0266012274 0 0 0
2.051747 0.293188 2.843727 -0.989778052 0.142611246 0.00120009464 0 0
2.051747 0.293188 2.878232 -0.989778765 0.142611349 0 0 0
2.045901 0.166121 2.843704 -0.999976161 0.00679983789 0.00119997139 0 0
2.045901 0.166121 2.878225 -0.999976881 0.00679984279 0 0 0
2.046406 0.20901 2.945253 -0.999631549 0.0266008395 -0.00540017043 0 0
2.047922 0.253401 2.973502 -0.997862468 0.0636039817 -0.0150009391 0 0
2.04816 0.2534 2.945245 -0.997954669 0.0636971066 -0.00539975472 0 0
2.046168 0.209011 2.973516 -0.999534729 0.0265009208 -0.0151005247 0 0
2.047445 0.253403 2.99543 -0.997161098 0.0636038971 -0.0403024694 0 0
2.045691 0.209014 2.995447 -0.998836069 0.026500957 -0.0403014553 0 0
2.051429 0.29319 2.97349 -0.989668895 0.142595518 -0.0148995317 0 0
2.051668 0.293189 2.945237 -0.989764332 0.142609269 -0.00540035101 0 0
2.050952 0.293191 2.995414 -0.988976379 0.142596594 -0.039899047 0 0
2.045583 0.166122 2.97353 -0.999862848 0.00680042745 -0.0151009492 0 0
2.045822 0.166121 2.945262 -0.999962295 0.00680042365 -0.00540033642 0 0
2.045106 0.166125 2.995465 -0.999164378 0.00680043817 -0.0403025968 0 0
2.045901 0.166121 2.912786 -0.999976161 0.00679983789 -0.00119997139 0 0
2.046486 0.20901 2.912782 -0.999645405 0.0266012083 -0.00120005451 0 0
2.04824 0.2534 2.912779 -0.9979685 0.0636979894 -0.00119996212 0 0
2.051747 0.293188 2.912776 -0.989778052 0.142611246 -0.00120009464 0 0
2.004174 0.209126 2.724959 -0.312022317 0.0036002575 0.950067951 0 0
2.019631 0.25347 2.729716 -0.310315488 0.0128006389 0.950547443 0 0
2.005051 0.253501 2.724983 -0.305093271 0.00909979931 0.952278998 0 0
2.018425 0.20909 2.729692 -0.317303297 0.00520005403 0.948309853 0 0
2.032027 0.253443 2.733832 -0.321400456 0.0164000233 0.946801345 0 0
2.030547 0.209059 2.733809 -0.328226197 0.00670053479 0.94457539 0 0
2.022042 0.293249 2.729737 -0.297802476 0.0283002353 0.954207934 0 0
2.006805 0.293276 2.725005 -0.292605435 0.0203003771 0.956017758 0 0
2.034986 0.293226 2.733853 -0.308813341 0.0360015553 0.95044106 0 0
2.018023 0.166209 2.72967 -0.320005159 0.00100001612 0.947415272 0 0
2.003882 0.166247 2.724936 -0.31478742 0.000499980019 0.949162067 0 0
2.030054 0.166175 2.733788 -0.331009282 0.00140003926 0.94362646 0 0
1.989824 0.166284 2.720299 -0.310492142 9.99974691e-05 0.950575941 0 0
1.990006 0.209159 2.720323 -0.307723748 0.00210016208 0.951473428 0 0
1.978042 0.166311 2.716474 -0.303991894 -0.000199994667 0.952674597 0 0
1.978134 0.209184 2.716498 -0.301399269 0.00079999806 0.953497688 0 0
1.990554 0.25353 2.720348 -0.300911265 0.00560020965 0.9536357 0 0
1.991651 0.293301 2.720371 -0.288710143 0.0126004427 0.957333632 0 0
1.978408 0.253552 2.716524 -0.29481554 0.00270014233 0.955550368 0 0
1.978956 0.29332 2.716547 -0.282907613 0.00640017223 0.95912581 0 0
2.042777 0.209025 2.74049 -0.843347486 0.0217012219 0.536930233 0 0
2.046649 0.253406 2.747948 -0.983511512 0.0625007316 0.169701986 0 0
2.044503 0.253413 2.740512 -0.83803519 0.0521021878 0.543122806 0 0
2.044896 0.209017 2.747927 -0.985459341 0.0260015657 0.167910111 0 0
2.050157 0.293194 2.747967 -0.974988081 0.140398284 0.172297894 0 0
2.047956 0.2932 2.740532 -0.824248875 0.116406903 0.554132858 0 0
2.044311 0.166129 2.747907 -0.985900882 0.00660000591 0.16720015 0 0
2.042202 0.166137 2.740469 -0.84528405 0.0053998981 0.534289918 0 0
2.037781 0.166151 2.736575 -0.508022981 0.00280012667 0.861338964 0 0
2.038329 0.209038 2.736597 -0.504511717 0.012100281 0.863320051 0 0
2.039973 0.253425 2.736619 -0.496091802 0.0289995208 0.86778566 0 0
2.043262 0.29321 2.736639 -0.479086437 0.0633982052 0.875475216 0 0
2.004174 0.209126 3.03193 -0.311992673 0.00359991546 -0.950077688 0 0
1.990554 0.25353 3.036541 -0.300911265 0.00560020965 -0.9536357 0 0
2.005051 0.253501 3.031906 -0.305093271 0.00909979931 -0.952278998 0 0
1.990006 0.209159 3.036566 -0.307723748 0.00210016208 -0.951473428 0 0
1.978408 0.253552 3.040366 -0.29481554 0.00270014233 -0.955550368 0 0
1.978134 0.209184 3.040392 -0.301399269 0.00079999806 -0.953497688 0 0
1.991651 0.293301 3.036519 -0.288618471 0.0126008064 -0.957361268 0 0
2.006805 0.293276 3.031885 -0.292605435 0.0203003771 -0.956017758 0 0
1.978956 0.29332 3.040343 -0.282999608 0.00639999114 -0.959098672 0 0
1.989824 0.166284 3.03659 -0.310492142 9.99974691e-05 -0.950575941 0 0
2.003882 0.166247 3.031954 -0.31478742 0.000499980019 -0.949162067 0 0
1.978042 0.166311 3.040416 -0.303991894 -0.000199994667 -0.952674597 0 0
2.018023 0.166209 3.02722 -0.320005159 0.00100001612 -0.947415272 0 0
2.018425 0.20909 3.027197 -0.317303297 0.00520005403 -0.948309853 0 0
2.030054 0.166175 3.023102 -0.331009282 0.00140003926 -0.94362646 0 0
2.030547 0.209059 3.02308 -0.328315426 0.00670031482 -0.94454438 0 0
2.019631 0.25347 3.027174 -0.310315488 0.0128006389 -0.950547443 0 0
2.022042 0.293249 3.027153 -0.297802476 0.0283002353 -0.954207934 0 0
2.032027 0.253443 3.023058 -0.321400456 0.0164000233 -0.946801345 0 0
2.034986 0.293226 3.023037 -0.308813341 0.0360015553 -0.95044106 0 0
2.042777 0.209025 3.01639 -0.843927808 0.0217007151 -0.536017662 0 0
2.039973 0.253425 3.020271 -0.49659637 0.0290997873 -0.867493659 0 0
2.044503 0.253413 3.016368 -0.838618601 0.0522011578 -0.542212026 0 0
2.038329 0.209038 3.020293 -0.50508954 0.0120997494 -0.862982128 0 0
2.043262 0.29321 3.020251 -0.479636353 0.0635048132 -0.875166331 0 0
2.047956 0.2932 3.016349 -0.824919852 0.116502804 -0.553113311 0 0
2.037781 0.166151 3.020315 -0.508599288 0.00279999608 -0.860998795 0 0
2.042202 0.166137 3.01641 -0.845951516 0.00540032886 -0.533232472 0 0
2.044311 0.166129 3.008943 -0.986018828 0.00660012603 -0.166503179 0 0
2.044896 0.209017 3.008923 -0.985561333 0.0260016181 -0.167310412 0 0
2.046649 0.253406 3.008903 -0.983631373 0.0625019935 -0.169005391 0 0
2.050157 0.293194 3.008884 -0.97511037 0.140401493 -0.171601825 0 0
1.88636 0.20901 3.074693 -0.578899242 -0.000499999345 -0.815398932 0 0
1.885276 0.2534 3.075815 -0.92967179 -0.000199993931 -0.368388821 0 0
1.88636 0.2534 3.074662 -0.578785548 -0.000499987515 -0.815479638 0 0
1.885276 0.20901 3.075846 -0.929706034 -0.000200001298 -0.36830239 0 0
1.885276 0.2534 3.077127 -1 0 0 0 0
1.885276 0.20901 3.077158 -1 0 0 0 0
1.885276 0.293188 3.075788 -0.92967179 -0.000199993931 -0.368388821 0 0
1.88636 0.293188 3.074634 -0.578785548 -0.000499987515 -0.815479638 0 0
1.885276 0.293188 3.077099 -1 0 0 0 0
1.885276 0.166121 3.075876 -0.929740272 -0.000200008664 -0.36821595 0 0
1.88636 0.166121 3.074723 -0.578946448 -0.000500040117 -0.815365415 0 0
1.885276 0.16612 3.077188 -1 0 0 0 0
1.889613 0.166121 3.073277 -0.362996261 -0.00059999382 -0.931790403 0 0
1.889613 0.20901 3.073247 -0.362909434 -0.000600015598 -0.931824223 0 0
1.889613 0.2534 3.073216 -0.362909434 -0.000600015598 -0.931824223 0 0
1.889613 0.293188 3.073189 -0.362822597 -0.000600037371 -0.931858038 0 0
1.88636 0.20901 2.682197 -0.578899242 -0.000499999345 0.815398932 0 0
1.889613 0.2534 2.683673 -0.362909434 -0.000600015598 0.931824223 0 0
1.88636 0.2534 2.682228 -0.578785548 -0.000499987515 0.815479638 0 0
1.889613 0.20901 2.683643 -0.362996261 -0.00059999382 0.931790403 0 0
1.889613 0.293188 2.683701 -0.362822597 -0.000600037371 0.931858038 0 0
1.88636 0.293188 2.682256 -0.578785548 -0.000499987515 0.815479638 0 0
1.889613 0.166121 2.683613 -0.362996261 -0.00059999382 0.931790403 0 0
1.88636 0.166121 2.682167 -0.578899242 -0.000499999345 0.815398932 0 0
1.885276 0.16612 2.681013 -0.929706034 -0.000200001298 0.36830239 0 0
1.885276 0.20901 2.681043 -0.929706034 -0.000200001298 0.36830239 0 0
1.885276 0.166121 2.679701 -1 0 0 0 0
1.885276 0.20901 2.679731 -1 0 0 0 0
1.885276 0.2534 2.681074 -0.929706034 -0.000200001298 0.36830239 0 0
1.885276 0.293188 2.681102 -0.92967179 -0.000199993931 0.368388821 0 0
1.885276 0.2534 2.679763 -1 0 0 0 0
1.885276 0.293188 2.679791 -1 0 0 0 0
1.885276 0.20901 3.081302 -1 0 0 0 0
1.885276 0.2534 3.083488 -1 0 0 0 0
1.885276 0.2534 3.08127 -1 0 0 0 0
1.885276 0.20901 3.08352 -1 0 0 0 0
1.885276 0.2534 3.085393 -1 0 0 0 0
1.885276 0.20901 3.085425 -1 0 0 0 0
1.885276 0.293188 3.083459 -1 0 0 0 0
1.885276 0.293188 3.081242 -1 0 0 0 0
1.885276 0.293188 3.085364 -1 0 0 0 0
1.885276 0.166121 3.083551 -1 0 0 0 0
1.885276 0.166121 3.081333 -1 0 0 0 0
1.885276 0.16612 3.085457 -1 0 0 0 0
1.885276 0.16612 3.07911 -1 0 0 0 0
1.885276 0.20901 3.079079 -1 0 0 0 0
1.885276 0.2534 3.079048 -1 0 0 0 0
1.885276 0.293188 3.07902 -1 0 0 0 0
1.885154 0.20901 3.087568 -0.943270616 -0.000200014974 -0.332024856 0 0
1.884789 0.2534 3.088151 -0.748704361 -0.000500002913 -0.662903861 0 0
1.885154 0.2534 3.087535 -0.943239292 -0.000200008332 -0.332113834 0 0
1.884789 0.20901 3.088184 -0.748847561 -0.000500031758 -0.662742092 0 0
1.884789 0.293188 3.088121 -0.748704361 -0.000500002913 -0.662903861 0 0
1.885154 0.293188 3.087506 -0.943239292 -0.000200008332 -0.332113834 0 0
1.884789 0.166121 3.088216 -0.748891481 -0.000499994313 -0.662692462 0 0
1.885154 0.166121 3.0876 -0.943312952 -0.000200002746 -0.331904557 0 0
1.885276 0.16612 3.086743 -0.997504683 0 -0.0706003315 0 0
1.885276 0.20901 3.086712 -0.997504683 0 -0.0706003315 0 0
1.885276 0.2534 3.086679 -0.997504683 0 -0.0706003315 0 0
1.885276 0.293188 3.08665 -0.997504683 0 -0.0706003315 0 0
1.885154 0.20901 2.669322 -0.943239292 -0.000200008332 0.332113834 0 0
1.885276 0.2534 2.670211 -0.997504683 0 0.0706003315 0 0
1.885154 0.2534 2.669354 -0.943239292 -0.000200008332 0.332113834 0 0
1.885276 0.20901 2.670178 -0.997504683 0 0.0706003315 0 0
1.885276 0.2534 2.671497 -1 0 0 0 0
1.885276 0.20901 2.671464 -1 0 0 0 0
1.885276 0.293188 2.67024 -0.997504683 0 0.0706003315 0 0
1.885154 0.293188 2.669384 -0.943239292 -0.000200008332 0.332113834 0 0
1.885276 0.293188 2.671526 -1 0 0 0 0
1.885276 0.166121 2.670146 -0.997504683 0 0.0706003315 0 0
1.885154 0.166121 2.66929 -0.943281639 -0.000199996107 0.331993538 0 0
1.885276 0.16612 2.671433 -1 0 0 0 0
1.884789 0.16612 2.668674 -0.748847561 -0.000500031758 0.662742092 0 0
1.884789 0.20901 2.668706 -0.748753995 -0.000500036059 0.6628478 0 0
1.884789 0.2534 2.668739 -0.748704361 -0.000500002913 0.662903861 0 0
1.884789 0.293188 2.668769 -0.748610776 -0.000500007198 0.663009544 0 0
1.885276 0.20901 2.675588 -1 0 0 0 0
1.885276 0.2534 2.677842 -1 0 0 0 0
1.885276 0.2534 2.67562 -1 0 0 0 0
1.885276 0.20901 2.67781 -1 0 0 0 0
1.885276 0.293188 2.67787 -1 0 0 0 0
1.885276 0.293188 2.675648 -1 0 0 0 0
1.885276 0.166121 2.67778 -1 0 0 0 0
1.885276 0.166121 2.675557 -1 0 0 0 0
1.885276 0.16612 2.673339 -1 0 0 0 0
1.885276 0.20901 2.67337 -1 0 0 0 0
1.885276 0.2534 2.673402 -1 0 0 0 0
1.885276 0.293188 2.673431 -1 0 0 0 0
1.953579 0.20901 3.053116 -0.482106781 -0.000500007033 -0.876112323 0 0
1.950326 0.2534 3.054334 -0.331218872 -0.000600034188 -0.94355376 0 0
1.953579 0.2534 3.053089 -0.482030017 -0.000500031138 -0.87615456 0 0
1.950326 0.20901 3.054361 -0.331307902 -0.000600014311 -0.943522503 0 0
1.950326 0.293188 3.054309 -0.331218872 -0.000600034188 -0.94355376 0 0
1.953579 0.293188 3.053064 -0.481987784 -0.000499987328 -0.876177794 0 0
1.950326 0.166121 3.054388 -0.331307902 -0.000600014311 -0.943522503 0 0
1.953579 0.166121 3.053143 -0.482106781 -0.000500007033 -0.876112323 0 0
1.954663 0.16612 3.052335 -0.893786245 -0.000299995383 -0.448493098 0 0
1.954663 0.20901 3.052308 -0.893766128 -0.000300022198 -0.448533186 0 0
1.954663 0.166121 3.051564 -1 0 0 0 0
1.954663 0.20901 3.051538 -1 0 0 0 0
1.954663 0.2534 3.052281 -0.893726035 -0.000300008739 -0.448613068 0 0
1.954663 0.293188 3.052256 -0.893726035 -0.000300008739 -0.448613068 0 0
1.954663 0.2534 3.05151 -1 0 0 0 0
1.954663 0.293188 3.051486 -1 0 0 0 0
1.953579 0.20901 2.703773 -0.482106781 -0.000500007033 0.876112323 0 0
1.954663 0.2534 2.704609 -0.893726035 -0.000300008739 0.448613068 0 0
1.953579 0.2534 2.703801 -0.482030017 -0.000500031138 0.87615456 0 0
1.954663 0.20901 2.704581 -0.893726035 -0.000300008739 0.448613068 0 0
1.954663 0.2534 2.705379 -1 0 0 0 0
1.954663 0.20901 2.705352 -1 0 0 0 0
1.954663 0.293188 2.704633 -0.893726035 -0.000300008739 0.448613068 0 0
1.953579 0.293188 2.703826 -0.482030017 -0.000500031138 0.87615456 0 0
1.954663 0.293188 2.705404 -1 0 0 0 0
1.954663 0.166121 2.704555 -0.893786245 -0.000299995383 0.448493098 0 0
1.953579 0.166121 2.703747 -0.482183534 -0.000499982926 0.876070083 0 0
1.954663 0.16612 2.705326 -1 0 0 0 0
1.950326 0.166121 2.702502 -0.331307902 -0.000600014311 0.943522503 0 0
1.950326 0.20901 2.702528 -0.331307902 -0.000600014311 0.943522503 0 0
1.950326 0.2534 2.702556 -0.331218872 -0.000600034188 0.94355376 0 0
1.950326 0.293188 2.702581 -0.331218872 -0.000600034188 0.94355376 0 0
1.954816 0.209013 3.045218 -0.828215119 -0.000300005477 -0.56041023 0 0
1.954663 0.2534 3.045743 -0.99090001 -0.000100000001 -0.134600001 0 0
1.954816 0.253402 3.045191 -0.828215119 -0.000300005477 -0.56041023 0 0
1.954663 0.20901 3.045769 -0.99090001 -0.000100000001 -0.134600001 0 0
1.954663 0.2534 3.046566 -1 0 0 0 0
1.954663 0.20901 3.046592 -1 0 0 0 0
1.954663 0.293188 3.045719 -0.99090001 -0.000100000001 -0.134600001 0 0
1.954816 0.29319 3.045168 -0.828168704 -0.000299988664 -0.56047882 0 0
1.954663 0.293188 3.046542 -1 0 0 0 0
1.954663 0.166121 3.045794 -0.99090001 -0.000100000001 -0.134600001 0 0
1.954816 0.166123 3.045243 -0.828261534 -0.000300022289 -0.560341629 0 0
1.954663 0.16612 3.046618 -1 0 0 0 0
1.955274 0.166132 3.044894 -0.427424148 -0.00050002825 -0.904051076 0 0
1.955274 0.20902 3.044868 -0.427303771 -0.000500004413 -0.904107979 0 0
1.95619 0.166149 3.044677 -0.16520977 -0.00050002957 -0.986258324 0 0
1.95619 0.209036 3.044652 -0.165307035 -0.000600025535 -0.98624197 0 0
1.955274 0.253409 3.044842 -0.427303771 -0.000500004413 -0.904107979 0 0
1.955274 0.293196 3.044819 -0.427101644 -0.000500001925 -0.904203481 0 0
1.95619 0.253423 3.044626 -0.165209761 -0.000600035451 -0.98625827 0 0
1.95619 0.293208 3.044602 -0.165209761 -0.000600035451 -0.98625827 0 0
1.954663 0.20901 3.049086 -1 0 0 0 0
1.954663 0.2534 3.050378 -1 0 0 0 0
1.954663 0.2534 3.049059 -1 0 0 0 0
1.954663 0.20901 3.050405 -1 0 0 0 0
1.954663 0.293188 3.050354 -1 0 0 0 0
1.954663 0.293188 3.049035 -1 0 0 0 0
1.954663 0.166121 3.050431 -1 0 0 0 0
1.954663 0.166121 3.049112 -1 0 0 0 0
1.954663 0.16612 3.047782 -1 0 0 0 0
1.954663 0.20901 3.047756 -1 0 0 0 0
1.954663 0.2534 3.04773 -1 0 0 0 0
1.954663 0.293188 3.047706 -1 0 0 0 0
1.954663 0.20901 2.707804 -1 0 0 0 0
1.954663 0.2534 2.70916 -1 0 0 0 0
1.954663 0.2534 2.707831 -1 0 0 0 0
1.954663 0.20901 2.709133 -1 0 0 0 0
1.954663 0.2534 2.710324 -1 0 0 0 0
1.954663 0.20901 2.710298 -1 0 0 0 0
1.954663 0.293188 2.709184 -1 0 0 0 0
1.954663 0.293188 2.707855 -1 0 0 0 0
1.954663 0.293188 2.710348 -1 0 0 0 0
1.954663 0.166121 2.709108 -1 0 0 0 0
1.954663 0.166121 2.707778 -1 0 0 0 0
1.954663 0.16612 2.710272 -1 0 0 0 0
1.954663 0.16612 2.706459 -1 0 0 0 0
1.954663 0.20901 2.706485 -1 0 0 0 0
1.954663 0.2534 2.706512 -1 0 0 0 0
1.954663 0.293188 2.706536 -1 0 0 0 0
1.954816 0.209013 2.711672 -0.828215119 -0.000300005477 0.56041023 0 0
1.955274 0.253409 2.712048 -0.427303771 -0.000500004413 0.904107979 0 0
1.954816 0.253402 2.711699 -0.828215119 -0.000300005477 0.56041023 0 0
1.955274 0.20902 2.712022 -0.427424148 -0.00050002825 0.904051076 0 0
1.95619 0.253423 2.712264 -0.165096198 -0.000599986182 0.986277286 0 0
1.95619 0.209036 2.712238 -0.165209761 -0.000600035451 0.98625827 0 0
1.955274 0.293196 2.712071 -0.427303771 -0.000500004413 0.904107979 0 0
1.954816 0.29319 2.711722 -0.828215119 -0.000300005477 0.56041023 0 0
1.95619 0.293208 2.712288 -0.165096198 -0.000599986182 0.986277286 0 0
1.955274 0.166132 2.711996 -0.427424148 -0.00050002825 0.904051076 0 0
1.954816 0.166123 2.711647 -0.828261534 -0.000300022289 0.560341629 0 0
1.95619 0.166149 2.712213 -0.16520977 -0.00050002957 0.986258324 0 0
1.954663 0.16612 2.711095 -0.99090001 -0.000100000001 0.134600001 0 0
1.954663 0.20901 2.711121 -0.990886668 -9.99986545e-05 0.134698188 0 0
1.954663 0.2534 2.711147 -0.990886668 -9.99986545e-05 0.134698188 0 0
1.954663 0.293188 2.711171 -0.99090001 -0.000100000001 0.134600001 0 0
1.966665 0.209193 2.713037 -0.231012063 -0.000400020888 0.972950804 0 0
1.964587 0.166307 2.712608 -0.107906611 -0.000500030635 0.994160909 0 0
1.966656 0.166321 2.713012 -0.232593747 -0.000499986558 0.972573853 0 0
1.964587 0.20918 2.712633 -0.10750053 -0.000500002465 0.994204901 0 0
1.963291 0.166283 2.712577 -0.023800394 -0.000600009933 0.99971655 0 0
1.963291 0.209158 2.712602 -0.023800394 -0.000600009933 0.99971655 0 0
1.964587 0.253549 2.712659 -0.106105839 -0.000500027515 0.994354716 0 0
1.966693 0.25356 2.713063 -0.22709368 -0.000199994434 0.973872897 0 0
1.964587 0.293317 2.712682 -0.103601949 -0.000500009408 0.994618714 0 0
1.966748 0.293327 2.713086 -0.219904805 0.00020000437 0.975521315 0 0
1.963291 0.25353 2.712628 -0.023800394 -0.000600009933 0.99971655 0 0
1.963291 0.2933 2.712652 -0.0237004487 -0.000600011358 0.999718925 0 0
1.970877 0.253562 2.714223 -0.278417352 0.000800049861 0.960459858 0 0
1.970767 0.209195 2.714197 -0.284309641 0 0.958732511 0 0
1.971096 0.293328 2.714246 -0.267818522 0.00230015907 0.963466631 0 0
1.97073 0.166323 2.714172 -0.286705584 -0.00040000779 0.958018658 0 0
1.959589 0.209094 2.712494 -0.0444006056 -0.000600008184 0.999013627 0 0
1.957718 0.166178 2.712366 -0.0774993951 -0.000599995317 0.996992219 0 0
1.959589 0.166213 2.712469 -0.0444006056 -0.000600008184 0.999013627 0 0
1.957718 0.209062 2.712391 -0.0774993951 -0.000599995317 0.996992219 0 0
1.957718 0.253446 2.712417 -0.0773999954 -0.000599999964 0.99699994 0 0
1.959589 0.253474 2.712521 -0.0444006056 -0.000600008184 0.999013627 0 0
1.957718 0.293228 2.712441 -0.0773999954 -0.000599999964 0.99699994 0 0
1.959589 0.293252 2.712544 -0.0444006056 -0.000600008184 0.999013627 0 0
1.961536 0.253503 2.712586 -0.0287995686 -0.000599991012 0.999585026 0 0
1.961536 0.209128 2.71256 -0.0287995686 -0.000599991012 0.999585026 0 0
1.961536 0.293278 2.71261 -0.0287995686 -0.000599991012 0.999585026 0 0
1.961536 0.16625 2.712535 -0.0286996526 -0.000599992737 0.9995879 0 0
1.959589 0.209094 3.044395 -0.0444006056 -0.000600008184 -0.999013627 0 0
1.961536 0.16625 3.044355 -0.0287995686 -0.000599991012 -0.999585026 0 0
1.959589 0.166213 3.04442 -0.0444006056 -0.000600008184 -0.999013627 0 0
1.961536 0.209128 3.044329 -0.0287995686 -0.000599991012 -0.999585026 0 0
1.963291 0.166283 3.044313 -0.023800394 -0.000600009933 -0.99971655 0 0
1.963291 0.209158 3.044288 -0.023800394 -0.000600009933 -0.99971655 0 0
1.961536 0.253503 3.044303 -0.0287995686 -0.000599991012 -0.999585026 0 0
1.959589 0.253474 3.044369 -0.0444006056 -0.000600008184 -0.999013627 0 0
1.961536 0.293278 3.04428 -0.0288994837 -0.000599989281 -0.999582143 0 0
1.959589 0.293252 3.044346 -0.0444006056 -0.000600008184 -0.999013627 0 0
1.963291 0.25353 3.044261 -0.0237004487 -0.000600011358 -0.999718925 0 0
1.963291 0.2933 3.044238 -0.023800394 -0.000600009933 -0.99971655 0 0
1.957718 0.253446 3.044472 -0.0774993951 -0.000599995317 -0.996992219 0 0
1.957718 0.209062 3.044498 -0.0774993951 -0.000599995317 -0.996992219 0 0
1.957718 0.293228 3.044449 -0.0774993951 -0.000599995317 -0.996992219 0 0
1.957718 0.166178 3.044524 -0.0774993951 -0.000599995317 -0.996992219 0 0
1.966665 0.209193 3.043853 -0.231012063 -0.000400020888 -0.972950804 0 0
1.97073 0.166323 3.042717 -0.286705584 -0.00040000779 -0.958018658 0 0
1.966656 0.166321 3.043878 -0.23261637 -0.000500035189 -0.972568442 0 0
1.970767 0.209195 3.042693 -0.284309641 0 -0.958732511 0 0
1.970877 0.253562 3.042667 -0.278417352 0.000800049861 -0.960459858 0 0
1.966693 0.25356 3.043827 -0.22709368 -0.000199994434 -0.973872897 0 0
1.971096 0.293328 3.042644 -0.267818522 0.00230015907 -0.963466631 0 0
1.966748 0.293327 3.043804 -0.219809636 0.000200008768 -0.975542764 0 0
1.964587 0.253549 3.044231 -0.106095288 -0.000499977796 -0.994355842 0 0
1.964587 0.20918 3.044257 -0.107401684 -0.000500007838 -0.994215584 0 0
1.964587 0.293317 3.044207 -0.103601949 -0.000500009408 -0.994618714 0 0
1.964587 0.166307 3.044282 -0.107906611 -0.000500030635 -0.994160909 0 0
1.919969 0.345193 2.693271 -0.290914828 -0.000600030584 0.956748767 0 0
1.906959 0.322274 2.68929 -0.294697081 -0.000599994057 0.955590535 0 0
1.919969 0.322274 2.693256 -0.290914828 -0.000600030584 0.956748767 0 0
1.906959 0.345193 2.689305 -0.294605763 -0.000600011736 0.955618692 0 0
1.896118 0.322274 2.685909 -0.308206274 -0.000600012213 0.951319364 0 0
1.896118 0.345193 2.685925 -0.308206274 -0.000600012213 0.951319364 0 0
1.906959 0.366483 2.689319 -0.294605763 -0.000600011736 0.955618692 0 0
1.919969 0.366483 2.693285 -0.290795458 -0.000599990628 0.956785055 0 0
1.906959 0.390682 2.689336 -0.294605763 -0.000600011736 0.955618692 0 0
1.919969 0.390682 2.693301 -0.290795458 -0.000599990628 0.956785055 0 0
1.896118 0.366483 2.685939 -0.308206274 -0.000600012213 0.951319364 0 0
1.896118 0.390682 2.685956 -0.308206274 -0.000600012213 0.951319364 0 0
1.932979 0.366483 2.69723 -0.291308796 -0.000600018118 0.956628886 0 0
1.932979 0.345193 2.697216 -0.291308796 -0.000600018118 0.956628886 0 0
1.943821 0.366483 2.700546 -0.298593777 -0.000599987496 0.954380111 0 0
1.943821 0.345193 2.700532 -0.298593777 -0.000599987496 0.954380111 0 0
1.932979 0.390682 2.697245 -0.291308796 -0.000600018118 0.956628886 0 0
1.943821 0.390682 2.700561 -0.298502691 -0.000600005409 0.954408604 0 0
1.932979 0.322274 2.697201 -0.291400309 -0.000600000636 0.956601014 0 0
1.943821 0.322274 2.700518 -0.298622277 -0.000600044762 0.954371194 0 0
1.919969 0.458012 2.693345 -0.290795458 -0.000599990628 0.956785055 0 0
1.906959 0.422327 2.689357 -0.294605763 -0.000600011736 0.955618692 0 0
1.919969 0.422327 2.693322 -0.290795458 -0.000599990628 0.956785055 0 0
1.906959 0.458101 2.68938 -0.294514436 -0.000600029411 0.955646842 0 0
1.896118 0.422327 2.685977 -0.308115767 -0.000600030704 0.951348682 0 0
1.896118 0.458175 2.686001 -0.308115767 -0.000600030704 0.951348682 0 0
1.906959 0.494687 2.689403 -0.294514452 -0.000500024537 0.955646895 0 0
1.919969 0.494333 2.693367 -0.290703927 -0.000500006755 0.956812927 0 0
1.896118 0.494983 2.686024 -0.308115784 -0.000500025614 0.951348734 0 0
1.932979 0.493979 2.69731 -0.291217292 -0.00050002969 0.956656803 0 0
1.932979 0.457924 2.697288 -0.291217276 -0.000600035595 0.95665675 0 0
1.943821 0.493681 2.700624 -0.298411613 -0.000500019459 0.954437143 0 0
1.943821 0.457849 2.700603 -0.298502707 -0.000500004535 0.954408657 0 0
1.932979 0.422327 2.697266 -0.291217276 -0.000600035595 0.95665675 0 0
1.943821 0.422327 2.700581 -0.298502691 -0.000600005409 0.954408604 0 0
1.919969 0.345193 3.063618 -0.290914828 -0.000600030584 -0.956748767 0 0
1.932979 0.322274 3.059688 -0.291400309 -0.000600000636 -0.956601014 0 0
1.919969 0.322274 3.063634 -0.290914828 -0.000600030584 -0.956748767 0 0
1.932979 0.345193 3.059674 -0.291308796 -0.000600018118 -0.956628886 0 0
1.943821 0.322274 3.056372 -0.298622277 -0.000600044762 -0.954371194 0 0
1.943821 0.345193 3.056357 -0.298593777 -0.000599987496 -0.954380111 0 0
1.932979 0.366483 3.05966 -0.291308796 -0.000600018118 -0.956628886 0 0
1.919969 0.366483 3.063605 -0.290795458 -0.000599990628 -0.956785055 0 0
1.932979 0.390682 3.059644 -0.291308796 -0.000600018118 -0.956628886 0 0
1.919969 0.390682 3.063589 -0.290795458 -0.000599990628 -0.956785055 0 0
1.943821 0.366483 3.056344 -0.298593777 -0.000599987496 -0.954380111 0 0
1.943821 0.390682 3.056329 -0.298502691 -0.000600005409 -0.954408604 0 0
1.906959 0.366483 3.06757 -0.294605763 -0.000600011736 -0.955618692 0 0
1.906959 0.345193 3.067585 -0.294605763 -0.000600011736 -0.955618692 0 0
1.896118 0.366483 3.070951 -0.308206274 -0.000600012213 -0.951319364 0 0
1.896118 0.345193 3.070965 -0.308206274 -0.000600012213 -0.951319364 0 0
1.906959 0.390682 3.067554 -0.294605763 -0.000600011736 -0.955618692 0 0
1.896118 0.390682 3.070934 -0.308206274 -0.000600012213 -0.951319364 0 0
1.906959 0.322274 3.0676 -0.294697081 -0.000599994057 -0.955590535 0 0
1.896118 0.322274 3.070981 -0.308206274 -0.000600012213 -0.951319364 0 0
1.919969 0.458012 3.063545 -0.290795458 -0.000599990628 -0.956785055 0 0
1.932979 0.422327 3.059624 -0.291217276 -0.000600035595 -0.95665675 0 0
1.919969 0.422327 3.063568 -0.290795458 -0.000599990628 -0.956785055 0 0
1.932979 0.457924 3.059602 -0.291217276 -0.000600035595 -0.95665675 0 0
1.943821 0.422327 3.056309 -0.298502691 -0.000600005409 -0.954408604 0 0
1.943821 0.457849 3.056287 -0.298502707 -0.000500004535 -0.954408657 0 0
1.932979 0.493979 3.05958 -0.291217292 -0.00050002969 -0.956656803 0 0
1.919969 0.494333 3.063523 -0.290703927 -0.000500006755 -0.956812927 0 0
1.943821 0.493681 3.056265 -0.298502707 -0.000500004535 -0.954408657 0 0
1.906959 0.494687 3.067487 -0.294514452 -0.000500024537 -0.955646895 0 0
1.906959 0.458101 3.06751 -0.294514436 -0.000600029411 -0.955646842 0 0
1.896118 0.494983 3.070866 -0.308115784 -0.000500025614 -0.951348734 0 0
1.896118 0.458175 3.070889 -0.308115767 -0.000600030704 -0.951348682 0 0
1.906959 0.422327 3.067533 -0.294605763 -0.000600011736 -0.955618692 0 0
1.896118 0.422327 3.070913 -0.308115767 -0.000600030704 -0.951348682 0 0
1.877703 0.45849 2.630058 -0.664121608 0.000600019522 -0.747624324 0 0
1.874675 0.4962 2.632792 -0.684815415 0.000500011255 -0.728716404 0 0
1.877703 0.496243 2.630088 -0.664121644 0.000500016296 -0.747624365 0 0
1.874675 0.458479 2.632763 -0.684815378 0.000600013473 -0.728716364 0 0
1.871816 0.496154 2.635618 -0.741715713 0.000500010593 -0.670714209 0 0
1.871816 0.458467 2.635589 -0.741810441 0.000500007038 -0.670609439 0 0
1.874675 0.422327 2.632733 -0.68491838 0.000600016102 -0.728619553 0 0
1.877703 0.422327 2.630028 -0.664121608 0.000600019522 -0.747624324 0 0
1.874675 0.390682 2.632705 -0.68491838 0.000600016102 -0.728619553 0 0
1.877703 0.390682 2.63 -0.664177498 0.000599979673 -0.747574673 0 0
1.871816 0.422327 2.635559 -0.741810441 0.000500007038 -0.670609439 0 0
1.871816 0.390682 2.635532 -0.741810441 0.000500007038 -0.670609439 0 0
1.88049 0.422327 2.627566 -0.681508911 0.000600007845 -0.731809568 0 0
1.88049 0.458499 2.627597 -0.68145535 0.000600048738 -0.731859444 0 0
1.882626 0.422327 2.625469 -0.770021465 0.000500013938 -0.638017785 0 0
1.882626 0.458508 2.6255 -0.769972335 0.000499982036 -0.638077074 0 0
1.88049 0.390682 2.627538 -0.681558787 0.000600051757 -0.731763117 0 0
1.882626 0.390682 2.625441 -0.770021465 0.000500013938 -0.638017785 0 0
1.88049 0.496283 2.627627 -0.681405513 0.000500004045 -0.731905921 0 0
1.882626 0.496316 2.62553 -0.769972335 0.000499982036 -0.638077074 0 0
1.877703 0.345193 2.62996 -0.664283028 0.000599984671 -0.747480902 0 0
1.874675 0.366483 2.632684 -0.68491838 0.000600016102 -0.728619553 0 0
1.877703 0.366483 2.629978 -0.664227151 0.000600024527 -0.747530556 0 0
1.874675 0.345193 2.632665 -0.68502137 0.000600018718 -0.728522727 0 0
1.871816 0.366483 2.635511 -0.741905153 0.000500003473 -0.670504657 0 0
1.871816 0.345193 2.635493 -0.741905153 0.000500003473 -0.670504657 0 0
1.874675 0.322274 2.632645 -0.68502137 0.000600018718 -0.728522727 0 0
1.877703 0.322274 2.629939 -0.664283028 0.000599984671 -0.747480902 0 0
1.871816 0.322274 2.635473 -0.741905153 0.000500003473 -0.670504657 0 0
1.88049 0.322274 2.627477 -0.681612334 0.000600010857 -0.73171324 0 0
1.88049 0.345193 2.627497 -0.681612334 0.000600010857 -0.73171324 0 0
1.882626 0.322274 2.625379 -0.770160421 0.00050003923 -0.637850041 0 0
1.882626 0.345193 2.6254 -0.770111294 0.000500007333 -0.637909355 0 0
1.88049 0.366483 2.627516 -0.681612334 0.000600010857 -0.73171324 0 0
1.882626 0.366483 2.625419 -0.770111294 0.000500007333 -0.637909355 0 0
1.867865 0.458445 2.641235 -0.903495347 0.000299998455 -0.428597793 0 0
1.866837 0.496019 2.64407 -0.971652684 0.000200010845 -0.236412819 0 0
1.867865 0.496064 2.641263 -0.903495347 0.000299998455 -0.428597793 0 0
1.866837 0.458434 2.644042 -0.971675653 0.000200015573 -0.236318399 0 0
1.866484 0.495974 2.646857 -0.99999982 0 0.000599999892 0 0
1.866484 0.458422 2.646829 -0.99999982 0 0.000599999892 0 0
1.866837 0.422327 2.644013 -0.971675653 0.000200015573 -0.236318399 0 0
1.867865 0.422327 2.641206 -0.903534068 0.000300011312 -0.428516158 0 0
1.866837 0.390682 2.643987 -0.971681237 0.000199996138 -0.236295437 0 0
1.867865 0.390682 2.641179 -0.903534068 0.000300011312 -0.428516158 0 0
1.866484 0.422327 2.646801 -0.99999982 0 0.000599999892 0 0
1.866484 0.390682 2.646775 -0.99999982 0 0.000599999892 0 0
1.869535 0.422327 2.638386 -0.82142452 0.000500014926 -0.570317024 0 0
1.869535 0.458456 2.638416 -0.821424557 0.000400011959 -0.57031705 0 0
1.869535 0.390682 2.638359 -0.821503886 0.000500002365 -0.570202697 0 0
1.869535 0.496109 2.638444 -0.821424557 0.000400011959 -0.57031705 0 0
1.867865 0.345193 2.641141 -0.903572786 0.000300024168 -0.428434512 0 0
1.866837 0.366483 2.643967 -0.971681237 0.000199996138 -0.236295437 0 0
1.867865 0.366483 2.641159 -0.903534068 0.000300011312 -0.428516158 0 0
1.866837 0.345193 2.643949 -0.971704193 0.000200000863 -0.236201019 0 0
1.866484 0.366483 2.646755 -0.99999982 0 0.000599999892 0 0
1.866484 0.345193 2.646737 -0.99999982 0 0.000599999892 0 0
1.866837 0.322274 2.64393 -0.971704193 0.000200000863 -0.236201019 0 0
1.867865 0.322274 2.641122 -0.90359114 0.000299997059 -0.4283958 0 0
1.866484 0.322274 2.646718 -0.99999982 0 0.000599999892 0 0
1.869535 0.322274 2.638301 -0.821550728 0.000500030875 -0.570135204 0 0
1.869535 0.345193 2.63832 -0.821550728 0.000500030875 -0.570135204 0 0
1.869535 0.366483 2.638338 -0.821503886 0.000500002365 -0.570202697 0 0
1.877703 0.45849 3.126832 -0.664121608 0.000600019522 0.747624324 0 0
1.88049 0.496283 3.129263 -0.681405513 0.000500004045 0.731905921 0 0
1.877703 0.496243 3.126802 -0.664121644 0.000500016296 0.747624365 0 0
1.88049 0.458499 3.129293 -0.68145535 0.000600048738 0.731859444 0 0
1.882626 0.496316 3.13136 -0.769972335 0.000499982036 0.638077074 0 0
1.882626 0.458508 3.13139 -0.770021465 0.000500013938 0.638017785 0 0
1.88049 0.422327 3.129324 -0.681508911 0.000600007845 0.731809568 0 0
1.877703 0.422327 3.126862 -0.664121608 0.000600019522 0.747624324 0 0
1.88049 0.390682 3.129352 -0.681558787 0.000600051757 0.731763117 0 0
1.877703 0.390682 3.12689 -0.664177498 0.000599979673 0.747574673 0 0
1.882626 0.422327 3.131421 -0.770021465 0.000500013938 0.638017785 0 0
1.882626 0.390682 3.131449 -0.770070596 0.000500045841 0.637958484 0 0
1.874675 0.422327 3.124157 -0.68491838 0.000600016102 0.728619553 0 0
1.874675 0.458479 3.124127 -0.684815378 0.000600013473 0.728716364 0 0
1.871816 0.422327 3.12133 -0.741810441 0.000500007038 0.670609439 0 0
1.871816 0.458467 3.121301 -0.741810441 0.000500007038 0.670609439 0 0
1.874675 0.390682 3.124185 -0.68491838 0.000600016102 0.728619553 0 0
1.871816 0.390682 3.121358 -0.741860149 0.000600048651 0.670554367 0 0
1.874675 0.4962 3.124098 -0.684815415 0.000500011255 0.728716404 0 0
1.871816 0.496154 3.121272 -0.741765464 0.000500044131 0.670659188 0 0
1.877703 0.345193 3.12693 -0.664227151 0.000600024527 0.747530556 0 0
1.88049 0.366483 3.129374 -0.681612334 0.000600010857 0.73171324 0 0
1.877703 0.366483 3.126911 -0.664227151 0.000600024527 0.747530556 0 0
1.88049 0.345193 3.129393 -0.681612334 0.000600010857 0.73171324 0 0
1.882626 0.366483 3.131471 -0.770111294 0.000500007333 0.637909355 0 0
1.882626 0.345193 3.13149 -0.770111294 0.000500007333 0.637909355 0 0
1.88049 0.322274 3.129413 -0.681612334 0.000600010857 0.73171324 0 0
1.877703 0.322274 3.126951 -0.664283028 0.000599984671 0.747480902 0 0
1.882626 0.322274 3.131511 -0.770111294 0.000500007333 0.637909355 0 0
1.874675 0.322274 3.124244 -0.68502137 0.000600018718 0.728522727 0 0
1.874675 0.345193 3.124224 -0.684971465 0.000599975006 0.728569648 0 0
1.871816 0.322274 3.121417 -0.741905153 0.000500003473 0.670504657 0 0
1.871816 0.345193 3.121397 -0.741905112 0.000600004134 0.67050462 0 0
1.874675 0.366483 3.124206 -0.68491838 0.000600016102 0.728619553 0 0
1.871816 0.366483 3.121379 -0.741905153 0.000500003473 0.670504657 0 0
1.867865 0.458445 3.115654 -0.903495347 0.000299998455 0.428597793 0 0
1.869536 0.496109 3.118446 -0.821424557 0.000400011959 0.57031705 0 0
1.867865 0.496064 3.115626 -0.903495347 0.000299998455 0.428597793 0 0
1.869536 0.458456 3.118474 -0.821424557 0.000400011959 0.57031705 0 0
1.869536 0.422327 3.118504 -0.82142452 0.000500014926 0.570317024 0 0
1.867865 0.422327 3.115684 -0.903534068 0.000300011312 0.428516158 0 0
1.869536 0.390682 3.118531 -0.821503886 0.000500002365 0.570202697 0 0
1.867865 0.390682 3.11571 -0.903534068 0.000300011312 0.428516158 0 0
1.866837 0.422327 3.112877 -0.971681237 0.000199996138 0.236295437 0 0
1.866837 0.458434 3.112848 -0.971675653 0.000200015573 0.236318399 0 0
1.866484 0.422327 3.110089 -0.99999982 0 -0.000599999892 0 0
1.866484 0.458422 3.110061 -0.99999982 0 -0.000599999892 0 0
1.866837 0.390682 3.112903 -0.971704193 0.000200000863 0.236201019 0 0
1.866484 0.390682 3.110115 -0.99999982 0 -0.000599999892 0 0
1.866837 0.496019 3.11282 -0.971675653 0.000200015573 0.236318399 0 0
1.866484 0.495974 3.110033 -0.99999982 0 -0.000599999892 0 0
1.867865 0.345193 3.115749 -0.90359114 0.000299997059 0.4283958 0 0
1.869535 0.366483 3.118551 -0.821503886 0.000500002365 0.570202697 0 0
1.867865 0.366483 3.115731 -0.903534068 0.000300011312 0.428516158 0 0
1.869535 0.345193 3.11857 -0.821550728 0.000500030875 0.570135204 0 0
1.869535 0.322274 3.118589 -0.821550728 0.000500030875 0.570135204 0 0
1.867865 0.322274 3.115768 -0.90359114 0.000299997059 0.4283958 0 0
1.866837 0.322274 3.11296 -0.971704193 0.000200000863 0.236201019 0 0
1.866837 0.345193 3.112941 -0.971704193 0.000200000863 0.236201019 0 0
1.866484 0.322274 3.110172 -0.99999982 0 -0.000599999892 0 0
1.866484 0.345193 3.110153 -0.999999875 0 -0.000499999938 0 0
1.866837 0.366483 3.112923 -0.971704193 0.000200000863 0.236201019 0 0
1.866484 0.366483 3.110135 -0.99999982 0 -0.000599999892 0 0
1.867666 0.458401 2.652219 -0.934600145 -0.000200000031 0.355700055 0 0
1.868738 0.49585 2.654634 -0.89819484 -0.000299998277 0.439597475 0 0
1.867666 0.495888 2.652246 -0.934600145 -0.000200000031 0.355700055 0 0
1.868738 0.458391 2.654607 -0.898234322 -0.000300011464 0.439516794 0 0
1.869822 0.495817 2.656675 -0.880731029 -0.00030001057 0.473616686 0 0
1.869822 0.458383 2.656648 -0.880731029 -0.00030001057 0.473616686 0 0
1.868738 0.422327 2.654579 -0.89829311 -0.000299997699 0.43939663 0 0
1.867666 0.422327 2.652191 -0.934633362 -0.000300010709 0.355612694 0 0
1.868738 0.390682 2.654554 -0.89829311 -0.000299997699 0.43939663 0 0
1.867666 0.390682 2.652165 -0.934633362 -0.000300010709 0.355612694 0 0
1.869822 0.422327 2.656621 -0.880731029 -0.00030001057 0.473616686 0 0
1.869822 0.390682 2.656596 -0.880795134 -0.00039999779 0.473497384 0 0
1.866837 0.422327 2.649562 -0.976701909 -0.000200000391 0.21460042 0 0
1.866837 0.458411 2.64959 -0.976701909 -0.000200000391 0.21460042 0 0
1.866837 0.390682 2.649536 -0.976701909 -0.000200000391 0.21460042 0 0
1.866837 0.49593 2.649618 -0.97668096 -9.99980506e-05 0.214695815 0 0
1.867666 0.345193 2.652129 -0.934666597 -0.000300021377 0.355525332 0 0
1.868738 0.366483 2.654535 -0.89829311 -0.000299997699 0.43939663 0 0
1.867666 0.366483 2.652146 -0.934633362 -0.000300010709 0.355612694 0 0
1.868738 0.345193 2.654518 -0.898332579 -0.00030001088 0.439315932 0 0
1.869822 0.366483 2.656577 -0.880795134 -0.00039999779 0.473497384 0 0
1.869822 0.345193 2.65656 -0.880795134 -0.00039999779 0.473497384 0 0
1.868738 0.322274 2.6545 -0.898332579 -0.00030001088 0.439315932 0 0
1.867666 0.322274 2.65211 -0.934679236 -0.000299993336 0.355492103 0 0
1.869822 0.322274 2.656542 -0.880795134 -0.00039999779 0.473497384 0 0
1.866837 0.322274 2.649481 -0.976722865 -0.000200004682 0.214505022 0 0
1.866837 0.345193 2.649499 -0.976701909 -0.000200000391 0.21460042 0 0
1.866837 0.366483 2.649517 -0.976701909 -0.000200000391 0.21460042 0 0
1.867666 0.458401 3.104671 -0.934600145 -0.000200000031 -0.355700055 0 0
1.866837 0.49593 3.107272 -0.976701924 -0.000100000197 -0.214600423 0 0
1.867666 0.495888 3.104644 -0.934600145 -0.000200000031 -0.355700055 0 0
1.866837 0.458411 3.1073 -0.976701909 -0.000200000391 -0.21460042 0 0
1.866837 0.422327 3.107328 -0.976701909 -0.000200000391 -0.21460042 0 0
1.867666 0.422327 3.104699 -0.934600122 -0.000300000039 -0.355700046 0 0
1.866837 0.390682 3.107353 -0.976701909 -0.000200000391 -0.21460042 0 0
1.867666 0.390682 3.104725 -0.934633362 -0.000300010709 -0.355612694 0 0
1.868738 0.422327 3.102311 -0.89829311 -0.000299997699 -0.43939663 0 0
1.868738 0.458391 3.102283 -0.898234322 -0.000300011464 -0.439516794 0 0
1.869822 0.422327 3.100269 -0.880731029 -0.00030001057 -0.473616686 0 0
1.869822 0.458383 3.100241 -0.880731029 -0.00030001057 -0.473616686 0 0
1.868738 0.390682 3.102336 -0.89829311 -0.000299997699 -0.43939663 0 0
1.869822 0.390682 3.100294 -0.880795134 -0.00039999779 -0.473497384 0 0
1.868738 0.49585 3.102256 -0.898234322 -0.000300011464 -0.439516794 0 0
1.869822 0.495817 3.100215 -0.880731029 -0.00030001057 -0.473616686 0 0
1.867666 0.345193 3.104761 -0.934633362 -0.000300010709 -0.355612694 0 0
1.866837 0.366483 3.107373 -0.976701909 -0.000200000391 -0.21460042 0 0
1.867666 0.366483 3.104744 -0.934633362 -0.000300010709 -0.355612694 0 0
1.866837 0.345193 3.10739 -0.976722865 -0.000200004682 -0.214505022 0 0
1.866837 0.322274 3.107409 -0.976722865 -0.000200004682 -0.214505022 0 0
1.867666 0.322274 3.104779 -0.934666597 -0.000300021377 -0.355525332 0 0
1.868738 0.322274 3.10239 -0.898332579 -0.00030001088 -0.439315932 0 0
1.868738 0.345193 3.102372 -0.89829311 -0.000299997699 -0.43939663 0 0
1.869822 0.322274 3.100348 -0.880795134 -0.00039999779 -0.473497384 0 0
1.869822 0.345193 3.10033 -0.880795134 -0.00039999779 -0.473497384 0 0
1.868738 0.366483 3.102355 -0.89829311 -0.000299997699 -0.43939663 0 0
1.869822 0.366483 3.100313 -0.880795134 -0.00039999779 -0.473497384 0 0
1.88428 0.458548 2.61548 -0.890737011 0.000400016621 -0.454518886 0 0
1.883862 0.496463 2.616391 -0.92246331 0.000299988068 -0.386084644 0 0
1.88428 0.496477 2.615511 -0.890737042 0.000300012476 -0.454518902 0 0
1.883862 0.458545 2.61636 -0.92246331 0.000299988068 -0.386084644 0 0
1.883541 0.496449 2.617272 -0.960318563 0.000200003866 -0.278905391 0 0
1.883541 0.458541 2.61724 -0.960318563 0.000200003866 -0.278905391 0 0
1.883862 0.422327 2.616328 -0.922498921 0.000299999649 -0.385999548 0 0
1.88428 0.422327 2.615447 -0.890798147 0.000399999168 -0.454399055 0 0
1.883862 0.390682 2.616298 -0.922498921 0.000299999649 -0.385999548 0 0
1.88428 0.390682 2.615418 -0.890798147 0.000399999168 -0.454399055 0 0
1.883541 0.422327 2.617208 -0.960345344 0.000200009444 -0.278813164 0 0
1.883541 0.390682 2.617179 -0.960345344 0.000200009444 -0.278813164 0 0
1.884762 0.422327 2.614567 -0.870529242 0.000400013437 -0.49211653 0 0
1.884762 0.458552 2.614599 -0.870486399 0.00039999375 -0.49219231 0 0
1.885276 0.422327 2.613686 -0.863590133 0.000499994288 -0.50419424 0 0
1.885276 0.458555 2.613719 -0.863633713 0.000400015615 -0.504119679 0 0
1.884762 0.390682 2.614537 -0.870529202 0.000500016773 -0.492116508 0 0
1.885276 0.390682 2.613656 -0.863633674 0.000500019496 -0.504119656 0 0
1.884762 0.496491 2.614631 -0.870462171 0.000400028571 -0.492235157 0 0
1.885276 0.496505 2.61375 -0.863590172 0.000399995448 -0.504194262 0 0
1.88428 0.345193 2.615375 -0.890798147 0.000399999168 -0.454399055 0 0
1.883862 0.366483 2.616276 -0.922498921 0.000299999649 -0.385999548 0 0
1.88428 0.366483 2.615395 -0.890798147 0.000399999168 -0.454399055 0 0
1.883862 0.345193 2.616256 -0.922498921 0.000299999649 -0.385999548 0 0
1.883541 0.366483 2.617157 -0.960345344 0.000200009444 -0.278813164 0 0
1.883541 0.345193 2.617137 -0.960345344 0.000200009444 -0.278813164 0 0
1.883862 0.322274 2.616235 -0.922534527 0.000300011228 -0.385914443 0 0
1.88428 0.322274 2.615354 -0.890838623 0.000400017343 -0.454319697 0 0
1.883541 0.322274 2.617115 -0.960353117 0.000199990237 -0.27878639 0 0
1.884762 0.322274 2.614473 -0.870596252 0.000499997848 -0.491997882 0 0
1.884762 0.345193 2.614494 -0.870596252 0.000499997848 -0.491997882 0 0
1.885276 0.322274 2.613592 -0.863702617 0.000500001515 -0.504001527 0 0
1.885276 0.345193 2.613614 -0.863702617 0.000500001515 -0.504001527 0 0
1.884762 0.366483 2.614514 -0.870572043 0.00050004138 -0.492040718 0 0
1.885276 0.366483 2.613634 -0.863659085 0.000499976314 -0.50407612 0 0
1.883284 0.458534 2.619001 -1 0 0 0 0
1.883349 0.496406 2.619913 -0.989620852 -0.000100002107 0.143703028 0 0
1.883284 0.49642 2.619032 -1 0 0 0 0
1.883349 0.45853 2.619882 -0.989635068 -0.000100003544 0.143605089 0 0
1.883541 0.496392 2.620793 -0.960318563 -0.000200003866 0.278905391 0 0
1.883541 0.458527 2.620762 -0.960318563 -0.000200003866 0.278905391 0 0
1.883349 0.422327 2.61985 -0.989635068 -0.000100003544 0.143605089 0 0
1.883284 0.422327 2.618969 -1 0 0 0 0
1.883349 0.390682 2.619821 -0.989635068 -0.000100003544 0.143605089 0 0
1.883284 0.390682 2.61894 -1 0 0 0 0
1.883541 0.422327 2.62073 -0.960345344 -0.000200009444 0.278813164 0 0
1.883541 0.390682 2.620702 -0.960345344 -0.000200009444 0.278813164 0 0
1.883349 0.422327 2.618089 -0.989635068 0.000100003544 -0.143605089 0 0
1.883349 0.458537 2.618121 -0.989635068 0.000100003544 -0.143605089 0 0
1.883349 0.390682 2.61806 -0.989635068 0.000100003544 -0.143605089 0 0
1.883349 0.496435 2.618152 -0.989620852 0.000100002107 -0.143703028 0 0
1.883284 0.345193 2.618898 -1 0 0 0 0
1.883349 0.366483 2.619799 -0.989635068 -0.000100003544 0.143605089 0 0
1.883284 0.366483 2.618918 -1 0 0 0 0
1.883349 0.345193 2.619779 -0.989635068 -0.000100003544 0.143605089 0 0
1.883541 0.366483 2.620679 -0.960345344 -0.000200009444 0.278813164 0 0
1.883541 0.345193 2.62066 -0.960345344 -0.000200009444 0.278813164 0 0
1.883349 0.322274 2.619758 -0.989635068 -0.000100003544 0.143605089 0 0
1.883284 0.322274 2.618877 -1 0 0 0 0
1.883541 0.322274 2.620639 -0.960353117 -0.000199990237 0.27878639 0 0
1.883349 0.322274 2.617996 -0.989635068 0.000100003544 -0.143605089 0 0
1.883349 0.345193 2.618017 -0.989635068 0.000100003544 -0.143605089 0 0
1.883349 0.366483 2.618037 -0.989635068 0.000100003544 -0.143605089 0 0
1.884015 0.458519 2.622645 -0.998866327 0 -0.047603161 0 0
1.883702 0.496342 2.62392 -0.914005219 0.000300001713 -0.405702317 0 0
1.884015 0.496362 2.622675 -0.998866327 0 -0.047603161 0 0
1.883702 0.458514 2.62389 -0.914005219 0.000300001713 -0.405702317 0 0
1.883702 0.422327 2.623859 -0.914005219 0.000300001713 -0.405702317 0 0
1.884015 0.422327 2.622613 -0.998866327 0 -0.047603161 0 0
1.883702 0.390682 2.62383 -0.914005187 0.00040000227 -0.405702302 0 0
1.884015 0.390682 2.622585 -0.998866327 0 -0.047603161 0 0
1.883862 0.422327 2.621611 -0.968810502 -0.000200002168 0.247802686 0 0
1.883862 0.458523 2.621643 -0.968810502 -0.000200002168 0.247802686 0 0
1.883862 0.390682 2.621582 -0.968810502 -0.000200002168 0.247802686 0 0
1.883862 0.496378 2.621673 -0.96878649 -0.000199997211 0.247896543 0 0
1.884015 0.345193 2.622543 -0.998866327 0 -0.047603161 0 0
1.883702 0.366483 2.623808 -0.914042266 0.000400018497 -0.405618756 0 0
1.884015 0.366483 2.622562 -0.998866327 0 -0.047603161 0 0
1.883702 0.345193 2.623789 -0.914058718 0.000399981935 -0.405581682 0 0
1.883702 0.322274 2.623768 -0.914095786 0.000399998156 -0.405498131 0 0
1.884015 0.322274 2.622522 -0.998866327 0 -0.047603161 0 0
1.883862 0.322274 2.62152 -0.968834506 -0.000200007123 0.247708822 0 0
1.883862 0.345193 2.621541 -0.968834506 -0.000200007123 0.247708822 0 0
1.883862 0.366483 2.62156 -0.968810502 -0.000200002168 0.247802686 0 0
1.88428 0.458548 3.14141 -0.890737011 0.000400016621 0.454518886 0 0
1.884762 0.496491 3.142259 -0.870462171 0.000400028571 0.492235157 0 0
1.88428 0.496477 3.141379 -0.890696553 0.000299998839 0.454598241 0 0
1.884762 0.458552 3.142291 -0.870529242 0.000400013437 0.49211653 0 0
1.885276 0.496505 3.14314 -0.863659124 0.000399981069 0.504076143 0 0
1.885276 0.458555 3.143171 -0.863702656 0.00040000123 0.50400155 0 0
1.884762 0.422327 3.142323 -0.870529242 0.000400013437 0.49211653 0 0
1.88428 0.422327 3.141443 -0.890737011 0.000400016621 0.454518886 0 0
1.884762 0.390682 3.142353 -0.870529202 0.000500016773 0.492116508 0 0
1.88428 0.390682 3.141472 -0.890737011 0.000400016621 0.454518886 0 0
1.885276 0.422327 3.143204 -0.863702617 0.000500001515 0.504001527 0 0
1.885276 0.390682 3.143234 -0.863659085 0.000499976314 0.50407612 0 0
1.883862 0.422327 3.140562 -0.922498921 0.000299999649 0.385999548 0 0
1.883862 0.458545 3.14053 -0.922498921 0.000299999649 0.385999548 0 0
1.883541 0.422327 3.139682 -0.960318563 0.000200003866 0.278905391 0 0
1.883541 0.458541 3.139649 -0.960318563 0.000200003866 0.278905391 0 0
1.883862 0.390682 3.140592 -0.922534527 0.000300011228 0.385914443 0 0
1.883541 0.390682 3.139711 -0.960345344 0.000200009444 0.278813164 0 0
1.883862 0.496463 3.140499 -0.922498921 0.000299999649 0.385999548 0 0
1.883541 0.496449 3.139618 -0.960318563 0.000200003866 0.278905391 0 0
1.88428 0.345193 3.141515 -0.890798147 0.000399999168 0.454399055 0 0
1.884762 0.366483 3.142375 -0.870529202 0.000500016773 0.492116508 0 0
1.88428 0.366483 3.141495 -0.890798147 0.000399999168 0.454399055 0 0
1.884762 0.345193 3.142395 -0.870572043 0.00050004138 0.492040718 0 0
1.885276 0.366483 3.143256 -0.863659085 0.000499976314 0.50407612 0 0
1.885276 0.345193 3.143276 -0.863659085 0.000499976314 0.50407612 0 0
1.884762 0.322274 3.142417 -0.870596252 0.000499997848 0.491997882 0 0
1.88428 0.322274 3.141536 -0.890798147 0.000399999168 0.454399055 0 0
1.885276 0.322274 3.143298 -0.863702617 0.000500001515 0.504001527 0 0
1.883862 0.322274 3.140655 -0.922570127 0.000300022806 0.385829328 0 0
1.883862 0.345193 3.140634 -0.922534527 0.000300011228 0.385914443 0 0
1.883541 0.322274 3.139774 -0.960353117 0.000199990237 0.27878639 0 0
1.883541 0.345193 3.139753 -0.960345344 0.000200009444 0.278813164 0 0
1.883862 0.366483 3.140614 -0.922534527 0.000300011228 0.385914443 0 0
1.883541 0.366483 3.139733 -0.960345344 0.000200009444 0.278813164 0 0
1.883284 0.458534 3.137888 -1 0 0 0 0
1.883349 0.496435 3.138738 -0.989620852 0.000100002107 0.143703028 0 0
1.883284 0.49642 3.137857 -1 0 0 0 0
1.883349 0.458537 3.138769 -0.989620852 0.000100002107 0.143703028 0 0
1.883349 0.422327 3.138801 -0.989620852 0.000100002107 0.143703028 0 0
1.883284 0.422327 3.13792 -1 0 0 0 0
1.883349 0.390682 3.13883 -0.989620852 0.000100002107 0.143703028 0 0
1.883284 0.390682 3.137949 -1 0 0 0 0
1.883349 0.422327 3.13704 -0.989620852 -0.000100002107 -0.143703028 0 0
1.883349 0.45853 3.137008 -0.989620852 -0.000100002107 -0.143703028 0 0
1.883541 0.422327 3.136159 -0.960345344 -0.000200009444 -0.278813164 0 0
1.883541 0.458527 3.136127 -0.960318563 -0.000200003866 -0.278905391 0 0
1.883349 0.390682 3.137069 -0.989620852 -0.000100002107 -0.143703028 0 0
1.883541 0.390682 3.136188 -0.960345344 -0.000200009444 -0.278813164 0 0
1.883349 0.496406 3.136977 -0.989620852 -0.000100002107 -0.143703028 0 0
1.883541 0.496392 3.136097 -0.960318563 -0.000200003866 -0.278905391 0 0
1.883284 0.345193 3.137991 -1 0 0 0 0
1.883349 0.366483 3.138853 -0.989635068 0.000100003544 0.143605089 0 0
1.883284 0.366483 3.137972 -1 0 0 0 0
1.883349 0.345193 3.138872 -0.989635068 0.000100003544 0.143605089 0 0
1.883349 0.322274 3.138894 -0.989635068 0.000100003544 0.143605089 0 0
1.883284 0.322274 3.138013 -1 0 0 0 0
1.883349 0.322274 3.137132 -0.989635068 -0.000100003544 -0.143605089 0 0
1.883349 0.345193 3.137111 -0.989635068 -0.000100003544 -0.143605089 0 0
1.883541 0.322274 3.136251 -0.960379885 -0.000199995811 -0.278694163 0 0
1.883541 0.345193 3.13623 -0.960353117 -0.000199990237 -0.27878639 0 0
1.883349 0.366483 3.137091 -0.989620852 -0.000100002107 -0.143703028 0 0
1.883541 0.366483 3.13621 -0.960345344 -0.000200009444 -0.278813164 0 0
1.884015 0.458519 3.134245 -0.998866327 0 0.047603161 0 0
1.883862 0.496378 3.135216 -0.968810502 -0.000200002168 -0.247802686 0 0
1.884015 0.496362 3.134214 -0.998866327 0 0.047603161 0 0
1.883862 0.458523 3.135247 -0.968810502 -0.000200002168 -0.247802686 0 0
1.883862 0.422327 3.135279 -0.968810502 -0.000200002168 -0.247802686 0 0
1.884015 0.422327 3.134277 -0.998866327 0 0.047603161 0 0
1.883862 0.390682 3.135308 -0.968834506 -0.000200007123 -0.247708822 0 0
1.884015 0.390682 3.134305 -0.998866327 0 0.047603161 0 0
1.883702 0.422327 3.133031 -0.914005219 0.000300001713 0.405702317 0 0
1.883702 0.458514 3.133 -0.914005219 0.000300001713 0.405702317 0 0
1.883702 0.390682 3.13306 -0.914042266 0.000400018497 0.405618756 0 0
1.883702 0.496342 3.132969 -0.914005219 0.000300001713 0.405702317 0 0
1.884015 0.345193 3.134347 -0.998866327 0 0.047603161 0 0
1.883862 0.366483 3.13533 -0.968834506 -0.000200007123 -0.247708822 0 0
1.884015 0.366483 3.134327 -0.998871077 0 0.0475033802 0 0
1.883862 0.345193 3.135349 -0.968834506 -0.000200007123 -0.247708822 0 0
1.883862 0.322274 3.13537 -0.968834506 -0.000200007123 -0.247708822 0 0
1.884015 0.322274 3.134367 -0.998871077 0 0.0475033802 0 0
1.883702 0.322274 3.133121 -0.914095818 0.000299998628 0.405498145 0 0
1.883702 0.345193 3.133101 -0.914058749 0.000299986462 0.405581697 0 0
1.883702 0.366483 3.133082 -0.914042266 0.000400018497 0.405618756 0 0
1.871431 0.458372 2.659484 -0.838107535 -0.000400003596 0.545504904 0 0
1.872154 0.495755 2.660531 -0.784116729 -0.000400008534 0.620613241 0 0
1.871431 0.495771 2.65951 -0.838107564 -0.000300002708 0.545504923 0 0
1.872154 0.458368 2.660505 -0.784116729 -0.000400008534 0.620613241 0 0
1.872954 0.49574 2.661438 -0.716050068 -0.000400027971 0.698048809 0 0
1.872954 0.458364 2.661412 -0.716098761 -0.000499999135 0.697998792 0 0
1.872154 0.422327 2.660478 -0.784252527 -0.000500033491 0.620441555 0 0
1.871431 0.422327 2.659457 -0.838153254 -0.000400025416 0.545434655 0 0
1.872154 0.390682 2.660453 -0.784252527 -0.000500033491 0.620441555 0 0
1.871431 0.390682 2.659432 -0.838153254 -0.000400025416 0.545434655 0 0
1.872954 0.422327 2.661385 -0.716148746 -0.000500034036 0.697947507 0 0
1.872954 0.390682 2.661361 -0.716148746 -0.000500034036 0.697947507 0 0
1.870687 0.422327 2.658209 -0.868716532 -0.000400007612 0.495309426 0 0
1.870687 0.458377 2.658236 -0.868716562 -0.00030000572 0.495309443 0 0
1.870687 0.390682 2.658184 -0.868716532 -0.000400007612 0.495309426 0 0
1.870687 0.495791 2.658262 -0.868648989 -0.00030001692 0.49542794 0 0
1.871431 0.345193 2.659397 -0.838228714 -0.000400013703 0.54531868 0 0
1.872154 0.366483 2.660434 -0.784252527 -0.000500033491 0.620441555 0 0
1.871431 0.366483 2.659413 -0.838183002 -0.000399991888 0.54538894 0 0
1.872154 0.345193 2.660418 -0.784252527 -0.000500033491 0.620441555 0 0
1.872954 0.366483 2.661342 -0.716197458 -0.000499998225 0.697897522 0 0
1.872954 0.345193 2.661326 -0.716197458 -0.000499998225 0.697897522 0 0
1.872154 0.322274 2.6604 -0.784339677 -0.000500025294 0.62033138 0 0
1.871431 0.322274 2.659379 -0.838228714 -0.000400013703 0.54531868 0 0
1.872954 0.322274 2.661308 -0.716247442 -0.000500033121 0.697846223 0 0
1.870687 0.322274 2.658131 -0.868784084 -0.000399992672 0.495190928 0 0
1.870687 0.345193 2.658149 -0.868784084 -0.000399992672 0.495190928 0 0
1.870687 0.366483 2.658165 -0.86875956 -0.000400027425 0.495233952 0 0
1.875085 0.458357 2.663227 -0.591099107 -0.000499999245 0.806598782 0 0
1.876415 0.495697 2.66416 -0.539796888 -0.000499997118 0.841795147 0 0
1.875085 0.495711 2.663252 -0.591099107 -0.000499999245 0.806598782 0 0
1.876415 0.458353 2.664134 -0.539796858 -0.000599996508 0.841795101 0 0
1.877922 0.495682 2.665067 -0.495190906 -0.000499990818 0.868784045 0 0
1.877922 0.458349 2.665041 -0.495190879 -0.000599988948 0.868783997 0 0
1.876415 0.422327 2.664108 -0.539913158 -0.000600014623 0.841720513 0 0
1.875085 0.422327 2.6632 -0.591146756 -0.00060004746 0.806563794 0 0
1.876415 0.390682 2.664083 -0.539913158 -0.000600014623 0.841720513 0 0
1.875085 0.390682 2.663176 -0.59121181 -0.000600011985 0.80651611 0 0
1.877922 0.422327 2.665015 -0.495309376 -0.000600011358 0.868716445 0 0
1.877922 0.390682 2.664991 -0.495309376 -0.000600011358 0.868716445 0 0
1.873931 0.422327 2.662293 -0.649802502 -0.000500001925 0.760102926 0 0
1.873931 0.45836 2.662319 -0.649802502 -0.000500001925 0.760102926 0 0
1.873931 0.390682 2.662268 -0.649909628 -0.000600008889 0.76001126 0 0
1.873931 0.495726 2.662345 -0.649851896 -0.000500039932 0.760060697 0 0
1.875085 0.345193 2.663141 -0.591324538 -0.000600024899 0.806433464 0 0
1.876415 0.366483 2.664065 -0.539913158 -0.000600014623 0.841720513 0 0
1.875085 0.366483 2.663157 -0.591276852 -0.000599976511 0.806468427 0 0
1.876415 0.345193 2.664049 -0.539984003 -0.000599982226 0.841675066 0 0
1.877922 0.366483 2.664973 -0.495309376 -0.000600011358 0.868716445 0 0
1.877922 0.345193 2.664957 -0.495309376 -0.000600011358 0.868716445 0 0
1.876415 0.322274 2.664032 -0.540029454 -0.000600032727 0.841645905 0 0
1.875085 0.322274 2.663124 -0.591324538 -0.000600024899 0.806433464 0 0
1.877922 0.322274 2.664939 -0.495352409 -0.000600063487 0.868691908 0 0
1.873931 0.322274 2.662216 -0.65001678 -0.00060001549 0.759919618 0 0
1.873931 0.345193 2.662233 -0.65001678 -0.00060001549 0.759919618 0 0
1.873931 0.366483 2.66225 -0.65001678 -0.00060001549 0.759919618 0 0
1.881301 0.458342 2.666822 -0.460524323 -0.000600031692 0.887646882 0 0
1.88284 0.49564 2.667651 -0.481085483 -0.000499984913 0.876673547 0 0
1.881301 0.495654 2.666847 -0.460404673 -0.000500005075 0.88770901 0 0
1.88284 0.458339 2.667626 -0.481127634 -0.000600034464 0.876650352 0 0
1.884058 0.495628 2.668352 -0.555991746 -0.000499992578 0.831187661 0 0
1.884058 0.458336 2.668327 -0.555991746 -0.000499992578 0.831187661 0 0
1.88284 0.422327 2.6676 -0.481127634 -0.000600034464 0.876650352 0 0
1.881301 0.422327 2.666795 -0.460603114 -0.000600004056 0.887606 0 0
1.88284 0.390682 2.667576 -0.481127634 -0.000600034464 0.876650352 0 0
1.881301 0.390682 2.666772 -0.460603114 -0.000600004056 0.887606 0 0
1.884058 0.422327 2.668301 -0.555991716 -0.00059999106 0.831187615 0 0
1.884058 0.390682 2.668278 -0.556107013 -0.000600007566 0.83111048 0 0
1.879606 0.422327 2.665922 -0.466232647 -0.000600042016 0.884661946 0 0
1.879606 0.458346 2.665949 -0.466191401 -0.000599988933 0.884683682 0 0
1.879606 0.390682 2.665899 -0.466310909 -0.000600014037 0.884620696 0 0
1.879606 0.495668 2.665974 -0.466191427 -0.000499990805 0.884683731 0 0
1.881301 0.345193 2.666738 -0.460603114 -0.000600004056 0.887606 0 0
1.88284 0.366483 2.667558 -0.481204485 -0.000600005592 0.87660817 0 0
1.881301 0.366483 2.666754 -0.460603114 -0.000600004056 0.887606 0 0
1.88284 0.345193 2.667542 -0.481204485 -0.000600005592 0.87660817 0 0
1.884058 0.366483 2.668259 -0.556107013 -0.000600007566 0.83111048 0 0
1.884058 0.345193 2.668243 -0.556153235 -0.000600057437 0.831079551 0 0
1.88284 0.322274 2.667525 -0.481281324 -0.000599976718 0.876565986 0 0
1.881301 0.322274 2.66672 -0.460722783 -0.000600029672 0.88754389 0 0
1.884058 0.322274 2.668226 -0.556153235 -0.000600057437 0.831079551 0 0
1.879606 0.322274 2.665847 -0.466310909 -0.000600014037 0.884620696 0 0
1.879606 0.345193 2.665864 -0.466310909 -0.000600014037 0.884620696 0 0
1.879606 0.366483 2.66588 -0.466310909 -0.000600014037 0.884620696 0 0
1.871431 0.458372 3.097406 -0.838107535 -0.000400003596 -0.545504904 0 0
1.870687 0.495791 3.098627 -0.868648989 -0.00030001692 -0.49542794 0 0
1.871431 0.495771 3.09738 -0.838107564 -0.000300002708 -0.545504923 0 0
1.870687 0.458377 3.098654 -0.868716562 -0.00030000572 -0.495309443 0 0
1.870687 0.422327 3.098681 -0.868716532 -0.000400007612 -0.495309426 0 0
1.871431 0.422327 3.097433 -0.838153254 -0.000400025416 -0.545434655 0 0
1.870687 0.390682 3.098706 -0.868716532 -0.000400007612 -0.495309426 0 0
1.871431 0.390682 3.097458 -0.838183002 -0.000399991888 -0.54538894 0 0
1.872154 0.422327 3.096412 -0.784203866 -0.000500002465 -0.620503059 0 0
1.872154 0.458368 3.096385 -0.784165394 -0.00040003336 -0.62055175 0 0
1.872954 0.422327 3.095505 -0.716098761 -0.000499999135 -0.697998792 0 0
1.872954 0.458364 3.095478 -0.716098761 -0.000499999135 -0.697998792 0 0
1.872154 0.390682 3.096437 -0.784203866 -0.000500002465 -0.620503059 0 0
1.872954 0.390682 3.095529 -0.716148746 -0.000500034036 -0.697947507 0 0
1.872154 0.495755 3.096359 -0.784116729 -0.000400008534 -0.620613241 0 0
1.872954 0.49574 3.095452 -0.716050068 -0.000400027971 -0.698048809 0 0
1.871431 0.345193 3.097493 -0.838228714 -0.000400013703 -0.54531868 0 0
1.870687 0.366483 3.098724 -0.86875956 -0.000400027425 -0.495233952 0 0
1.871431 0.366483 3.097476 -0.838183002 -0.000399991888 -0.54538894 0 0
1.870687 0.345193 3.098741 -0.868784084 -0.000399992672 -0.495190928 0 0
1.870687 0.322274 3.098759 -0.868784084 -0.000399992672 -0.495190928 0 0
1.871431 0.322274 3.097511 -0.838228714 -0.000400013703 -0.54531868 0 0
1.872154 0.322274 3.096489 -0.78429102 -0.000499994275 -0.620392897 0 0
1.872154 0.345193 3.096472 -0.784252527 -0.000500033491 -0.620441555 0 0
1.872954 0.322274 3.095582 -0.716296139 -0.000499997305 -0.697796239 0 0
1.872954 0.345193 3.095564 -0.716247442 -0.000500033121 -0.697846223 0 0
1.872154 0.366483 3.096455 -0.784203866 -0.000500002465 -0.620503059 0 0
1.872954 0.366483 3.095548 -0.716197458 -0.000499998225 -0.697897522 0 0
1.875085 0.458357 3.093663 -0.591099107 -0.000499999245 -0.806598782 0 0
1.873931 0.495726 3.094545 -0.649802502 -0.000500001925 -0.760102926 0 0
1.875085 0.495711 3.093637 -0.591099107 -0.000499999245 -0.806598782 0 0
1.873931 0.45836 3.09457 -0.649802502 -0.000500001925 -0.760102926 0 0
1.873931 0.422327 3.094597 -0.649909664 -0.000500007435 -0.760011301 0 0
1.875085 0.422327 3.09369 -0.591146756 -0.00060004746 -0.806563794 0 0
1.873931 0.390682 3.094621 -0.65001678 -0.00060001549 -0.759919618 0 0
1.875085 0.390682 3.093714 -0.59121181 -0.000600011985 -0.80651611 0 0
1.876415 0.422327 3.092782 -0.539913158 -0.000600014623 -0.841720513 0 0
1.876415 0.458353 3.092756 -0.539842301 -0.000600047019 -0.841765959 0 0
1.877922 0.422327 3.091875 -0.495309376 -0.000600011358 -0.868716445 0 0
1.877922 0.458349 3.091848 -0.495309376 -0.000600011358 -0.868716445 0 0
1.876415 0.390682 3.092806 -0.539913158 -0.000600014623 -0.841720513 0 0
1.877922 0.390682 3.091899 -0.495309376 -0.000600011358 -0.868716445 0 0
1.876415 0.495697 3.09273 -0.539796888 -0.000499997118 -0.841795147 0 0
1.877922 0.495682 3.091823 -0.495190906 -0.000499990818 -0.868784045 0 0
1.875085 0.345193 3.093749 -0.59121181 -0.000600011985 -0.80651611 0 0
1.873931 0.366483 3.09464 -0.65001678 -0.00060001549 -0.759919618 0 0
1.875085 0.366483 3.093732 -0.59121181 -0.000600011985 -0.80651611 0 0
1.873931 0.345193 3.094656 -0.65001678 -0.00060001549 -0.759919618 0 0
1.873931 0.322274 3.094674 -0.650123922 -0.000600022078 -0.759827958 0 0
1.875085 0.322274 3.093766 -0.591324538 -0.000600024899 -0.806433464 0 0
1.876415 0.322274 3.092858 -0.540029454 -0.000600032727 -0.841645905 0 0
1.876415 0.345193 3.092841 -0.539913158 -0.000600014623 -0.841720513 0 0
1.877922 0.322274 3.091951 -0.495427874 -0.000600033759 -0.868648871 0 0
1.877922 0.345193 3.091933 -0.495427874 -0.000600033759 -0.868648871 0 0
1.876415 0.366483 3.092825 -0.539913158 -0.000600014623 -0.841720513 0 0
1.877922 0.366483 3.091917 -0.495309376 -0.000600011358 -0.868716445 0 0
1.881301 0.458342 3.090068 -0.460524323 -0.000600031692 -0.887646882 0 0
1.879606 0.495668 3.090916 -0.466113156 -0.000500014113 -0.884724972 0 0
1.881301 0.495654 3.090043 -0.460524349 -0.000500026437 -0.887646931 0 0
1.879606 0.458346 3.090941 -0.466191401 -0.000599988933 -0.884683682 0 0
1.879606 0.422327 3.090967 -0.466232647 -0.000600042016 -0.884661946 0 0
1.881301 0.422327 3.090094 -0.460524323 -0.000600031692 -0.887646882 0 0
1.879606 0.390682 3.090991 -0.466310909 -0.000600014037 -0.884620696 0 0
1.881301 0.390682 3.090118 -0.460603114 -0.000600004056 -0.887606 0 0
1.88284 0.422327 3.08929 -0.481008598 -0.000600010725 -0.876715671 0 0
1.88284 0.458339 3.089264 -0.481085457 -0.000599981863 -0.876673499 0 0
1.884058 0.422327 3.088589 -0.556037931 -0.000600040933 -0.831156699 0 0
1.884058 0.458336 3.088563 -0.555991746 -0.000499992578 -0.831187661 0 0
1.88284 0.390682 3.089314 -0.481085457 -0.000599981863 -0.876673499 0 0
1.884058 0.390682 3.088612 -0.556107013 -0.000600007566 -0.83111048 0 0
1.88284 0.49564 3.089239 -0.481008625 -0.000500008965 -0.87671572 0 0
1.884058 0.495628 3.088538 -0.555922654 -0.000500020376 -0.831233873 0 0
1.881301 0.345193 3.090152 -0.460644001 -0.000600057317 -0.887584782 0 0
1.879606 0.366483 3.091009 -0.466310909 -0.000600014037 -0.884620696 0 0
1.881301 0.366483 3.090136 -0.460603114 -0.000600004056 -0.887606 0 0
1.879606 0.345193 3.091025 -0.466310909 -0.000600014037 -0.884620696 0 0
1.879606 0.322274 3.091043 -0.466310909 -0.000600014037 -0.884620696 0 0
1.881301 0.322274 3.090169 -0.460722783 -0.000600029672 -0.88754389 0 0
1.88284 0.322274 3.089365 -0.481204485 -0.000600005592 -0.87660817 0 0
1.88284 0.345193 3.089348 -0.481204485 -0.000600005592 -0.87660817 0 0
1.884058 0.322274 3.088663 -0.556222305 -0.000600024061 -0.831033325 0 0
1.884058 0.345193 3.088646 -0.556222305 -0.000600024061 -0.831033325 0 0
1.88284 0.366483 3.089332 -0.481204485 -0.000600005592 -0.87660817 0 0
1.884058 0.366483 3.08863 -0.556153235 -0.000600057437 -0.831079551 0 0
2.064529 0.345193 2.811368 -0.953036273 0.302811525 0.00520019792 0 0
2.057275 0.322275 2.783217 -0.969363412 0.245190745 0.0146994452 0 0
2.057514 0.322274 2.811362 -0.969460554 0.245190023 0.00529978436 0 0
2.064291 0.345194 2.783225 -0.952941163 0.30281308 0.014400622 0 0
2.056798 0.322276 2.761392 -0.968700877 0.245100222 0.0393000356 0 0
2.063813 0.345195 2.761402 -0.952332375 0.302610287 0.0386013123 0 0
2.071306 0.366484 2.783233 -0.961617444 0.27400497 0.0146002649 0 0
2.071544 0.366483 2.811374 -0.961688104 0.274096609 0.00519993568 0 0
2.077152 0.390683 2.783242 -0.984842896 0.172807527 0.014900649 0 0
2.07739 0.390682 2.811381 -0.984940871 0.172807171 0.00540022409 0 0
2.070829 0.366485 2.761411 -0.960995945 0.273798845 0.0389998354 0 0
2.076675 0.390684 2.761421 -0.984184051 0.172597203 0.0398993534 0 0
2.071624 0.366483 2.84374 -0.961700414 0.274100118 0.00120000052 0 0
2.064609 0.345193 2.843736 -0.953048473 0.302815402 0.00120006104 0 0
2.071624 0.366483 2.878237 -0.961701106 0.274100315 0 0 0
2.064609 0.345193 2.878235 -0.953049159 0.30281562 0 0 0
2.07747 0.390682 2.843744 -0.984954524 0.172809566 0.00120006643 0 0
2.07747 0.390682 2.878238 -0.984955233 0.172809691 0 0 0
2.057593 0.322274 2.843732 -0.969473471 0.24519329 0.00119996716 0 0
2.057593 0.322274 2.878234 -0.969474169 0.245193467 0 0 0
2.082652 0.457194 2.811399 -0.99941684 0.0337005679 0.00550009268 0 0
2.080659 0.422327 2.783253 -0.996663983 0.0802051489 0.0151009694 0 0
2.080898 0.422327 2.811389 -0.99676375 0.0802051297 0.00540034539 0 0
2.082413 0.457197 2.783266 -0.999317893 0.0337006034 0.0151002704 0 0
2.080182 0.422328 2.761435 -0.99596724 0.0801054081 0.0404027277 0 0
2.081936 0.457202 2.76145 -0.998611035 0.0337003724 0.0405004475 0 0
2.082998 0.491069 2.783278 -0.999847474 0.00860040836 0.0152007217 0 0
2.083236 0.49106 2.811409 -0.999947889 0.00860041188 0.00550026341 0 0
2.082521 0.491089 2.761464 -0.999142454 0.00860036544 0.040501721 0 0
2.083316 0.491056 2.843761 -0.999962295 0.00860053579 0.00120007476 0 0
2.082731 0.457193 2.843755 -0.999431238 0.0337010533 0.00120003751 0 0
2.083316 0.491056 2.878244 -0.999963015 0.00860054198 0 0 0
2.082731 0.457193 2.878242 -0.999431957 0.0337010776 0 0 0
2.080977 0.422327 2.843749 -0.996778211 0.0801982469 0.00119997377 0 0
2.080977 0.422327 2.87824 -0.996778928 0.0801983046 0 0 0
2.082652 0.457194 2.945204 -0.999417385 0.0337005862 -0.00540009394 0 0
2.082998 0.491069 2.973428 -0.999848989 0.00860042139 -0.0151007399 0 0
2.083236 0.49106 2.945198 -0.999948434 0.00860041657 -0.00540026157 0 0
2.082413 0.457197 2.973439 -0.999317893 0.0337006034 -0.0151002704 0 0
2.082521 0.491089 2.995334 -0.999146496 0.00860040023 -0.0404018801 0 0
2.081936 0.457202 2.995348 -0.998619104 0.0337006447 -0.040300771 0 0
2.080659 0.422327 2.97345 -0.996665483 0.0802052697 -0.0150009856 0 0
2.080898 0.422327 2.945211 -0.99676375 0.0802051297 -0.00540034539 0 0
2.077152 0.390683 2.97346 -0.984842896 0.172807527 -0.014900649 0 0
2.07739 0.390682 2.945218 -0.984941398 0.172807263 -0.00530022277 0 0
2.080182 0.422328 2.995362 -0.995976072 0.0800980757 -0.0401990342 0 0
2.076675 0.390684 2.995374 -0.984191885 0.172598577 -0.0396996727 0 0
2.080977 0.422327 2.912768 -0.996778211 0.0801982469 -0.00119997377 0 0
2.082731 0.457193 2.912765 -0.999427864 0.0338009424 -0.00120003346 0 0
2.07747 0.390682 2.91277 -0.984954524 0.172809566 -0.00120006643 0 0
2.083316 0.491056 2.912763 -0.999962295 0.00860053579 -0.00120007476 0 0
2.064529 0.345193 2.945226 -0.953036273 0.302811525 -0.00520019792 0 0
2.071306 0.366484 2.973467 -0.961618843 0.274005369 -0.0145002841 0 0
2.071544 0.366483 2.945222 -0.961688104 0.274096609 -0.00519993568 0 0
2.064291 0.345194 2.973474 -0.952941163 0.30281308 -0.014400622 0 0
2.070829 0.366485 2.995384 -0.961003421 0.273800975 -0.0388001381 0 0
2.063813 0.345195 2.995393 -0.952336047 0.302611454 -0.0385014573 0 0
2.057275 0.322275 2.973481 -0.969364832 0.245191105 -0.0145994703 0 0
2.057514 0.322274 2.945231 -0.969460554 0.245190023 -0.00529978436 0 0
2.056798 0.322276 2.995402 -0.968704679 0.245101184 -0.0392001893 0 0
2.057593 0.322274 2.912775 -0.969473471 0.24519329 -0.00119996716 0 0
2.064609 0.345193 2.912773 -0.953048473 0.302815402 -0.00120006104 0 0
2.071624 0.366483 2.912771 -0.961700414 0.274100118 -0.00120000052 0 0
2.022297 0.457471 2.725094 -0.218009329 0.00310013266 0.975941761 0 0
2.043746 0.491756 2.729841 -0.221396276 0.000799986544 0.975183598 0 0
2.022589 0.492068 2.725113 -0.216708074 0.000400014903 0.97623637 0 0
2.043344 0.457386 2.729823 -0.222811582 0.00460023913 0.974850674 0 0
2.061622 0.491484 2.733954 -0.232710824 0.00120005582 0.972545234 0 0
2.061129 0.457311 2.733937 -0.234098636 0.00599996505 0.972194337 0 0
2.042138 0.422356 2.729805 -0.226508216 0.0120004353 0.973935325 0 0
2.02142 0.422369 2.725075 -0.221695217 0.00849981662 0.975078963 0 0
2.039726 0.390719 2.729788 -0.233890315 0.0279988406 0.971859756 0 0
2.019666 0.390735 2.725058 -0.228909906 0.0200008656 0.973242118 0 0
2.059649 0.422345 2.733919 -0.237892138 0.0154994878 0.971167903 0 0
2.05669 0.390705 2.733903 -0.245319554 0.0359028618 0.968777219 0 0
2.000785 0.422381 2.720443 -0.218505037 0.00510011756 0.975822493 0 0
2.001333 0.457555 2.720463 -0.21490722 0.00180006047 0.976632811 0 0
1.983523 0.42239 2.716621 -0.214906949 0.00240007761 0.97663158 0 0
1.983797 0.457623 2.716641 -0.211399872 0.000699999577 0.977399409 0 0
1.999689 0.390751 2.720425 -0.225703943 0.0124002166 0.974117018 0 0
1.982975 0.390762 2.716603 -0.221910619 0.00630030148 0.975046657 0 0
2.001516 0.492373 2.720481 -0.213508981 0.000100004207 0.976941096 0 0
1.983888 0.492624 2.71666 -0.210095867 -0.000199996066 0.977680769 0 0
2.013235 0.345262 2.725033 -0.257017563 0.040302754 0.965565979 0 0
2.035707 0.366526 2.729776 -0.245810995 0.0477021338 0.968143306 0 0
2.016743 0.366545 2.725045 -0.240910202 0.0343014525 0.969941073 0 0
2.030884 0.345241 2.729764 -0.261917396 0.0560037196 0.963463991 0 0
2.051757 0.366509 2.73389 -0.2571143 0.0610033928 0.96445364 0 0
2.045838 0.345222 2.733879 -0.27301591 0.0714041612 0.959355908 0 0
2.026061 0.322327 2.729752 -0.280496742 0.0472994506 0.958688865 0 0
2.009728 0.322351 2.725021 -0.275499898 0.0339999874 0.960699645 0 0
2.039919 0.322307 2.733868 -0.291520779 0.0602042912 0.954668046 0 0
1.993477 0.322373 2.720387 -0.271712093 0.021300948 0.962142821 0 0
1.99567 0.345282 2.7204 -0.253501098 0.0253001095 0.967004187 0 0
1.979869 0.32239 2.716563 -0.266611431 0.0110004717 0.963741321 0 0
1.980965 0.345297 2.716576 -0.249003589 0.0131001888 0.96841396 0 0
1.997862 0.366563 2.720412 -0.237511945 0.0214010763 0.97114884 0 0
1.982061 0.366576 2.716588 -0.233498769 0.010999942 0.972294876 0 0
2.078456 0.457229 2.740612 -0.78118042 0.0254993609 0.623784365 0 0
2.081726 0.491122 2.748059 -0.979391925 0.00829993157 0.201798336 0 0
2.079032 0.491186 2.740628 -0.779622496 0.00630018179 0.62621807 0 0
2.081141 0.457211 2.748043 -0.979059896 0.0328020067 0.200912291 0 0
2.079387 0.422329 2.748027 -0.976992551 0.0779994053 0.198498486 0 0
2.07673 0.422332 2.740595 -0.78391152 0.0616009052 0.617809079 0 0
2.07588 0.390685 2.748012 -0.966767067 0.168111662 0.192613362 0 0
2.073277 0.390689 2.740579 -0.785795046 0.134899149 0.603596194 0 0
2.070665 0.422337 2.736704 -0.400993911 0.0300995429 0.915586097 0 0
2.072309 0.45726 2.736721 -0.395205592 0.0121001712 0.918512997 0 0
2.067377 0.390695 2.736688 -0.412397623 0.0688996028 0.908394763 0 0
2.072858 0.491301 2.736738 -0.39280721 0.00270004956 0.91961688 0 0
2.060616 0.345202 2.740557 -0.782914147 0.243704404 0.572410344 0 0
2.070034 0.366487 2.748001 -0.945780985 0.26759462 0.184096299 0 0
2.067522 0.366491 2.740568 -0.780029977 0.217508359 0.586722548 0 0
2.063018 0.345197 2.747991 -0.938241523 0.297213153 0.177107838 0 0
2.056003 0.322279 2.74798 -0.954705447 0.241301377 0.174100993 0 0
2.053711 0.322284 2.740546 -0.802126306 0.199006527 0.563018464 0 0
2.048743 0.322292 2.736654 -0.458234477 0.107008051 0.882366387 0 0
2.055319 0.34521 2.736665 -0.438416866 0.129904998 0.889334213 0 0
2.061896 0.366498 2.736676 -0.423723638 0.114306377 0.898550127 0 0
2.022297 0.457471 3.031796 -0.218009329 0.00310013266 -0.975941761 0 0
2.001516 0.492373 3.036408 -0.213508983 0 -0.976941101 0 0
2.022589 0.492068 3.031777 -0.216708074 0.000400014903 -0.97623637 0 0
2.001333 0.457555 3.036427 -0.21490722 0.00180006047 -0.976632811 0 0
1.983888 0.492623 3.04023 -0.210095867 -0.000199996066 -0.977680769 0 0
1.983797 0.457623 3.040249 -0.211399886 0.000599999676 -0.977399472 0 0
2.000785 0.422381 3.036447 -0.218505037 0.00510011756 -0.975822493 0 0
2.02142 0.422369 3.031814 -0.221695217 0.00849981662 -0.975078963 0 0
1.999689 0.390751 3.036465 -0.225703943 0.0124002166 -0.974117018 0 0
2.019666 0.390735 3.031832 -0.228909906 0.0200008656 -0.973242118 0 0
1.983523 0.42239 3.040269 -0.214906949 0.00240007761 -0.97663158 0 0
1.982975 0.390762 3.040287 -0.221910619 0.00630030148 -0.975046657 0 0
2.042138 0.422356 3.027085 -0.226508216 0.0120004353 -0.973935325 0 0
2.043344 0.457386 3.027066 -0.222811582 0.00460023913 -0.974850674 0 0
2.059649 0.422345 3.022971 -0.237892138 0.0154994878 -0.971167903 0 0
2.061129 0.457311 3.022953 -0.234098636 0.00599996505 -0.972194337 0 0
2.039726 0.390719 3.027102 -0.233890315 0.0279988406 -0.971859756 0 0
2.05669 0.390705 3.022987 -0.245319554 0.0359028618 -0.968777219 0 0
2.043746 0.491756 3.027049 -0.221396276 0.000799986544 -0.975183598 0 0
2.061623 0.491484 3.022936 -0.232710824 0.00120005582 -0.972545234 0 0
2.013235 0.345262 3.031856 -0.257017563 0.040302754 -0.965565979 0 0
1.997862 0.366563 3.036478 -0.237511945 0.0214010763 -0.97114884 0 0
2.016743 0.366545 3.031845 -0.240910202 0.0343014525 -0.969941073 0 0
1.99567 0.345282 3.03649 -0.253501098 0.0253001095 -0.967004187 0 0
1.982061 0.366576 3.040301 -0.233498769 0.010999942 -0.972294876 0 0
1.980965 0.345297 3.040313 -0.249003589 0.0131001888 -0.96841396 0 0
1.993478 0.322373 3.036503 -0.271712093 0.021300948 -0.962142821 0 0
2.009728 0.322351 3.031869 -0.275499898 0.0339999874 -0.960699645 0 0
1.979869 0.32239 3.040327 -0.266611431 0.0110004717 -0.963741321 0 0
2.026061 0.322327 3.027138 -0.280496742 0.0472994506 -0.958688865 0 0
2.030884 0.345241 3.027125 -0.261917396 0.0560037196 -0.963463991 0 0
2.039919 0.322307 3.023022 -0.291520779 0.0602042912 -0.954668046 0 0
2.045838 0.345222 3.02301 -0.27301591 0.0714041612 -0.959355908 0 0
2.035707 0.366526 3.027114 -0.245810995 0.0477021338 -0.968143306 0 0
2.051757 0.366509 3.023 -0.2571143 0.0610033928 -0.96445364 0 0
2.078456 0.457229 3.016268 -0.781891294 0.0254997161 -0.622893064 0 0
2.072858 0.491301 3.020152 -0.393302254 0.00270001547 -0.919405268 0 0
2.079032 0.491186 3.016252 -0.780287149 0.00629989624 -0.6253897 0 0
2.072309 0.45726 3.020168 -0.395820724 0.0121006335 -0.918248076 0 0
2.070665 0.422337 3.020186 -0.401606287 0.0302004728 -0.915314329 0 0
2.07673 0.422332 3.016285 -0.784665146 0.0616051147 -0.616851213 0 0
2.067377 0.390695 3.020202 -0.412922088 0.0690036911 -0.908148578 0 0
2.073277 0.390689 3.016301 -0.786440404 0.135006936 -0.602730966 0 0
2.079387 0.422329 3.008825 -0.977124985 0.0781019971 -0.197805058 0 0
2.081141 0.457211 3.00881 -0.979186012 0.0327995315 -0.200297139 0 0
2.07588 0.390685 3.00884 -0.966891675 0.168098553 -0.191998347 0 0
2.081726 0.491122 3.008794 -0.979534113 0.00830028906 -0.201107004 0 0
2.060616 0.345202 3.016323 -0.78353019 0.243809394 -0.571522021 0 0
2.061896 0.366498 3.020214 -0.424205114 0.114401379 -0.898310829 0 0
2.067522 0.366491 3.016313 -0.780659426 0.217616566 -0.585844596 0 0
2.055319 0.34521 3.020225 -0.438892973 0.129997919 -0.889085766 0 0
2.048743 0.322292 3.020236 -0.458700472 0.10720011 -0.882100909 0 0
2.053711 0.322284 3.016334 -0.802714312 0.199203552 -0.562110023 0 0
2.056003 0.322279 3.008871 -0.954813854 0.241303501 -0.173502518 0 0
2.063018 0.345197 3.008861 -0.938364976 0.297188908 -0.176493413 0 0
2.070034 0.366487 3.008851 -0.945913181 0.267603729 -0.183402556 0 0
1.88636 0.458245 3.07452 -0.578605332 -0.000500004608 -0.815607516 0 0
1.885276 0.495314 3.075649 -0.929623961 -0.000200005155 -0.368509498 0 0
1.88636 0.495264 3.074497 -0.578538804 -0.000500033538 -0.815654708 0 0
1.885276 0.458257 3.075673 -0.929623961 -0.000200005155 -0.368509498 0 0
1.885276 0.495346 3.07696 -1 0 0 0 0
1.885276 0.458265 3.076983 -1 0 0 0 0
1.885276 0.422327 3.075697 -0.929658217 -0.000200012525 -0.368423071 0 0
1.88636 0.422327 3.074544 -0.578605332 -0.000500004608 -0.815607516 0 0
1.885276 0.390682 3.075719 -0.929658217 -0.000200012525 -0.368423071 0 0
1.88636 0.390682 3.074566 -0.578719043 -0.000500016453 -0.815526835 0 0
1.885276 0.422327 3.077008 -1 0 0 0 0
1.885276 0.390682 3.07703 -1 0 0 0 0
1.889613 0.422327 3.0731 -0.362701948 -0.000600003222 -0.931905004 0 0
1.889613 0.45822 3.073076 -0.362701948 -0.000600003222 -0.931905004 0 0
1.889613 0.390682 3.073122 -0.362701948 -0.000600003222 -0.931905004 0 0
1.889613 0.495165 3.073052 -0.362701968 -0.000500002713 -0.931905056 0 0
1.88636 0.345193 3.074598 -0.578719043 -0.000500016453 -0.815526835 0 0
1.885276 0.366483 3.075736 -0.92967179 -0.000199993931 -0.368388821 0 0
1.88636 0.366483 3.074583 -0.578719043 -0.000500016453 -0.815526835 0 0
1.885276 0.345193 3.075751 -0.92967179 -0.000199993931 -0.368388821 0 0
1.885276 0.366483 3.077047 -1 0 0 0 0
1.885276 0.345193 3.077062 -1 0 0 0 0
1.885276 0.322274 3.075767 -0.92967179 -0.000199993931 -0.368388821 0 0
1.88636 0.322274 3.074614 -0.578785548 -0.000499987515 -0.815479638 0 0
1.885276 0.322274 3.077079 -1 0 0 0 0
1.889613 0.322274 3.073169 -0.362788788 -0.000599981458 -0.931871201 0 0
1.889613 0.345193 3.073153 -0.362788788 -0.000599981458 -0.931871201 0 0
1.889613 0.366483 3.073138 -0.362701948 -0.000600003222 -0.931905004 0 0
1.88636 0.458245 2.68237 -0.578605332 -0.000500004608 0.815607516 0 0
1.889613 0.495165 2.683837 -0.362701968 -0.000500002713 0.931905056 0 0
1.88636 0.495264 2.682393 -0.578538804 -0.000500033538 0.815654708 0 0
1.889613 0.45822 2.683814 -0.362701948 -0.000600003222 0.931905004 0 0
1.889613 0.422327 2.68379 -0.362701948 -0.000600003222 0.931905004 0 0
1.88636 0.422327 2.682345 -0.578605332 -0.000500004608 0.815607516 0 0
1.889613 0.390682 2.683768 -0.362701948 -0.000600003222 0.931905004 0 0
1.88636 0.390682 2.682323 -0.578719043 -0.000500016453 0.815526835 0 0
1.885276 0.422327 2.681193 -0.929658217 -0.000200012525 0.368423071 0 0
1.885276 0.458257 2.681217 -0.929623961 -0.000200005155 0.368509498 0 0
1.885276 0.422327 2.679882 -1 0 0 0 0
1.885276 0.458265 2.679906 -1 0 0 0 0
1.885276 0.390682 2.68117 -0.929658217 -0.000200012525 0.368423071 0 0
1.885276 0.390682 2.679859 -1 0 0 0 0
1.885276 0.495314 2.681241 -0.929623961 -0.000200005155 0.368509498 0 0
1.885276 0.495346 2.67993 -1 0 0 0 0
1.88636 0.345193 2.682292 -0.578719043 -0.000500016453 0.815526835 0 0
1.889613 0.366483 2.683752 -0.362788788 -0.000599981458 0.931871201 0 0
1.88636 0.366483 2.682307 -0.578719043 -0.000500016453 0.815526835 0 0
1.889613 0.345193 2.683737 -0.362788788 -0.000599981458 0.931871201 0 0
1.889613 0.322274 2.683721 -0.362788788 -0.000599981458 0.931871201 0 0
1.88636 0.322274 2.682276 -0.578785548 -0.000499987515 0.815479638 0 0
1.885276 0.322274 2.681123 -0.92967179 -0.000199993931 0.368388821 0 0
1.885276 0.345193 2.681139 -0.92967179 -0.000199993931 0.368388821 0 0
1.885276 0.322274 2.679811 -1 0 0 0 0
1.885276 0.345193 2.679827 -1 0 0 0 0
1.885276 0.366483 2.681154 -0.92967179 -0.000199993931 0.368388821 0 0
1.885276 0.366483 2.679842 -1 0 0 0 0
1.885276 0.458291 3.081124 -1 0 0 0 0
1.885276 0.495503 3.083315 -1 0 0 0 0
1.885276 0.495449 3.0811 -1 0 0 0 0
1.885276 0.458305 3.083339 -1 0 0 0 0
1.885276 0.495551 3.085219 -1 0 0 0 0
1.885276 0.458317 3.085243 -1 0 0 0 0
1.885276 0.422327 3.083365 -1 0 0 0 0
1.885276 0.422327 3.081149 -1 0 0 0 0
1.885276 0.390682 3.083388 -1 0 0 0 0
1.885276 0.390682 3.081172 -1 0 0 0 0
1.885276 0.422327 3.085269 -1 0 0 0 0
1.885276 0.390682 3.085292 -1 0 0 0 0
1.885276 0.422327 3.078928 -1 0 0 0 0
1.885276 0.458277 3.078903 -1 0 0 0 0
1.885276 0.390682 3.07895 -1 0 0 0 0
1.885276 0.495394 3.078879 -1 0 0 0 0
1.885276 0.345193 3.081204 -1 0 0 0 0
1.885276 0.366483 3.083405 -1 0 0 0 0
1.885276 0.366483 3.081189 -1 0 0 0 0
1.885276 0.345193 3.083421 -1 0 0 0 0
1.885276 0.366483 3.08531 -1 0 0 0 0
1.885276 0.345193 3.085325 -1 0 0 0 0
1.885276 0.322274 3.083437 -1 0 0 0 0
1.885276 0.322274 3.081221 -1 0 0 0 0
1.885276 0.322274 3.085342 -1 0 0 0 0
1.885276 0.322274 3.078999 -1 0 0 0 0
1.885276 0.345193 3.078982 -1 0 0 0 0
1.885276 0.366483 3.078967 -1 0 0 0 0
1.885154 0.45833 3.087384 -0.943176624 -0.000199995043 -0.332291764 0 0
1.884789 0.495617 3.087974 -0.748423591 -0.000400012609 -0.663220905 0 0
1.885154 0.495603 3.087359 -0.943165581 -0.000200013907 -0.332323107 0 0
1.884789 0.458333 3.087999 -0.748517175 -0.000500011473 -0.663115215 0 0
1.884789 0.422327 3.088025 -0.748610776 -0.000500007198 -0.663009544 0 0
1.885154 0.422327 3.08741 -0.943207961 -0.000200001688 -0.332202804 0 0
1.884789 0.390682 3.088049 -0.748610776 -0.000500007198 -0.663009544 0 0
1.885154 0.390682 3.087433 -0.943207961 -0.000200001688 -0.332202804 0 0
1.885276 0.422327 3.086554 -0.997504683 0 -0.0706003315 0 0
1.885276 0.458324 3.086529 -0.997504683 0 -0.0706003315 0 0
1.885276 0.390682 3.086578 -0.997504683 0 -0.0706003315 0 0
1.885276 0.495582 3.086504 -0.997497636 0 -0.0706998324 0 0
1.885154 0.345193 3.087467 -0.943207961 -0.000200001688 -0.332202804 0 0
1.884789 0.366483 3.088067 -0.748610776 -0.000500007198 -0.663009544 0 0
1.885154 0.366483 3.087451 -0.943207961 -0.000200001688 -0.332202804 0 0
1.884789 0.345193 3.088083 -0.748610776 -0.000500007198 -0.663009544 0 0
1.884789 0.322274 3.088099 -0.748704361 -0.000500002913 -0.662903861 0 0
1.885154 0.322274 3.087484 -0.943207961 -0.000200001688 -0.332202804 0 0
1.885276 0.322274 3.086628 -0.997504683 0 -0.0706003315 0 0
1.885276 0.345193 3.086611 -0.997504683 0 -0.0706003315 0 0
1.885276 0.366483 3.086596 -0.997504683 0 -0.0706003315 0 0
1.885154 0.45833 2.669506 -0.943176624 -0.000199995043 0.332291764 0 0
1.885276 0.495582 2.670386 -0.997497636 0 0.0706998324 0 0
1.885154 0.495603 2.669531 -0.943165581 -0.000200013907 0.332323107 0 0
1.885276 0.458324 2.670361 -0.997504683 0 0.0706003315 0 0
1.885276 0.495551 2.671671 -1 0 0 0 0
1.885276 0.458317 2.671647 -1 0 0 0 0
1.885276 0.422327 2.670336 -0.997497636 0 0.0706998324 0 0
1.885154 0.422327 2.66948 -0.943207961 -0.000200001688 0.332202804 0 0
1.885276 0.390682 2.670312 -0.997504683 0 0.0706003315 0 0
1.885154 0.390682 2.669456 -0.943207961 -0.000200001688 0.332202804 0 0
1.885276 0.422327 2.671621 -1 0 0 0 0
1.885276 0.390682 2.671598 -1 0 0 0 0
1.884789 0.422327 2.668865 -0.748610776 -0.000500007198 0.663009544 0 0
1.884789 0.458333 2.66889 -0.748517175 -0.000500011473 0.663115215 0 0
1.884789 0.390682 2.668841 -0.748610776 -0.000500007198 0.663009544 0 0
1.884789 0.495617 2.668916 -0.748423591 -0.000400012609 0.663220905 0 0
1.885154 0.345193 2.669423 -0.943207961 -0.000200001688 0.332202804 0 0
1.885276 0.366483 2.670294 -0.997504683 0 0.0706003315 0 0
1.885154 0.366483 2.669438 -0.943207961 -0.000200001688 0.332202804 0 0
1.885276 0.345193 2.670279 -0.997504683 0 0.0706003315 0 0
1.885276 0.366483 2.67158 -1 0 0 0 0
1.885276 0.345193 2.671564 -1 0 0 0 0
1.885276 0.322274 2.670262 -0.997504683 0 0.0706003315 0 0
1.885154 0.322274 2.669406 -0.943239292 -0.000200008332 0.332113834 0 0
1.885276 0.322274 2.671547 -1 0 0 0 0
1.884789 0.322274 2.66879 -0.748610776 -0.000500007198 0.663009544 0 0
1.884789 0.345193 2.668807 -0.748610776 -0.000500007198 0.663009544 0 0
1.884789 0.366483 2.668823 -0.748610776 -0.000500007198 0.663009544 0 0
1.885276 0.458291 2.675766 -1 0 0 0 0
1.885276 0.495394 2.678011 -1 0 0 0 0
1.885276 0.495449 2.67579 -1 0 0 0 0
1.885276 0.458277 2.677987 -1 0 0 0 0
1.885276 0.422327 2.677962 -1 0 0 0 0
1.885276 0.422327 2.675741 -1 0 0 0 0
1.885276 0.390682 2.67794 -1 0 0 0 0
1.885276 0.390682 2.675718 -1 0 0 0 0
1.885276 0.422327 2.673525 -1 0 0 0 0
1.885276 0.458305 2.67355 -1 0 0 0 0
1.885276 0.390682 2.673502 -1 0 0 0 0
1.885276 0.495503 2.673575 -1 0 0 0 0
1.885276 0.345193 2.675686 -1 0 0 0 0
1.885276 0.366483 2.677922 -1 0 0 0 0
1.885276 0.366483 2.675701 -1 0 0 0 0
1.885276 0.345193 2.677907 -1 0 0 0 0
1.885276 0.322274 2.677891 -1 0 0 0 0
1.885276 0.322274 2.675669 -1 0 0 0 0
1.885276 0.322274 2.673452 -1 0 0 0 0
1.885276 0.345193 2.673469 -1 0 0 0 0
1.885276 0.366483 2.673485 -1 0 0 0 0
1.953579 0.457777 3.052963 -0.481715215 -0.000500015793 -0.876327679 0 0
1.950326 0.493497 3.054186 -0.331009565 -0.000500014448 -0.943627266 0 0
1.953579 0.493391 3.052942 -0.481715215 -0.000500015793 -0.876327679 0 0
1.950326 0.457803 3.054207 -0.331009565 -0.000500014448 -0.943627266 0 0
1.950326 0.422327 3.054228 -0.331098588 -0.000599997441 -0.943595976 0 0
1.953579 0.422327 3.052984 -0.481792007 -0.000499991705 -0.876285463 0 0
1.950326 0.390682 3.054248 -0.331098588 -0.000599997441 -0.943595976 0 0
1.953579 0.390682 3.053004 -0.481911012 -0.000500011425 -0.876220022 0 0
1.954663 0.422327 3.052177 -0.893665803 -0.000300022091 -0.448733041 0 0
1.954663 0.457762 3.052155 -0.893625719 -0.000200005756 -0.448812917 0 0
1.954663 0.422327 3.051407 -1 0 0 0 0
1.954663 0.457749 3.051385 -1 0 0 0 0
1.954663 0.390682 3.052196 -0.893685938 -0.00029999528 -0.44869294 0 0
1.954663 0.390682 3.051426 -1 0 0 0 0
1.954663 0.493331 3.052135 -0.893625719 -0.000200005756 -0.448812917 0 0
1.954663 0.493282 3.051365 -1 0 0 0 0
1.953579 0.345193 3.053032 -0.481911012 -0.000500011425 -0.876220022 0 0
1.950326 0.366483 3.054263 -0.331098588 -0.000599997441 -0.943595976 0 0
1.953579 0.366483 3.053019 -0.481911012 -0.000500011425 -0.876220022 0 0
1.950326 0.345193 3.054276 -0.331098588 -0.000599997441 -0.943595976 0 0
1.950326 0.322274 3.054291 -0.33118762 -0.000599977573 -0.94356473 0 0
1.953579 0.322274 3.053046 -0.481911012 -0.000500011425 -0.876220022 0 0
1.954663 0.322274 3.052238 -0.893726035 -0.000300008739 -0.448613068 0 0
1.954663 0.345193 3.052224 -0.893726035 -0.000300008739 -0.448613068 0 0
1.954663 0.322274 3.051468 -1 0 0 0 0
1.954663 0.345193 3.051454 -1 0 0 0 0
1.954663 0.366483 3.052211 -0.893726057 -0.000200005831 -0.44861308 0 0
1.954663 0.366483 3.051441 -1 0 0 0 0
1.953579 0.457777 2.703927 -0.481834228 -0.000500035521 0.876262248 0 0
1.954663 0.493331 2.704755 -0.893665825 -0.000200014733 0.448733053 0 0
1.953579 0.493391 2.703948 -0.481715215 -0.000500015793 0.876327679 0 0
1.954663 0.457762 2.704735 -0.89368596 -0.000199996858 0.448692951 0 0
1.954663 0.493282 2.705525 -1 0 0 0 0
1.954663 0.457749 2.705504 -1 0 0 0 0
1.954663 0.422327 2.704713 -0.893685938 -0.00029999528 0.44869294 0 0
1.953579 0.422327 2.703906 -0.481834228 -0.000500035521 0.876262248 0 0
1.954663 0.390682 2.704694 -0.893685938 -0.00029999528 0.44869294 0 0
1.953579 0.390682 2.703886 -0.481911012 -0.000500011425 0.876220022 0 0
1.954663 0.422327 2.705483 -1 0 0 0 0
1.954663 0.390682 2.705464 -1 0 0 0 0
1.950326 0.422327 2.702662 -0.331098588 -0.000599997441 0.943595976 0 0
1.950326 0.457803 2.702683 -0.331009565 -0.000500014448 0.943627266 0 0
1.950326 0.390682 2.702642 -0.331098588 -0.000599997441 0.943595976 0 0
1.950326 0.493497 2.702704 -0.331009565 -0.000500014448 0.943627266 0 0
1.953579 0.345193 2.703858 -0.481911012 -0.000500011425 0.876220022 0 0
1.954663 0.366483 2.704679 -0.893726035 -0.000300008739 0.448613068 0 0
1.953579 0.366483 2.703871 -0.481911012 -0.000500011425 0.876220022 0 0
1.954663 0.345193 2.704666 -0.893726035 -0.000300008739 0.448613068 0 0
1.954663 0.366483 2.705449 -1 0 0 0 0
1.954663 0.345193 2.705436 -1 0 0 0 0
1.954663 0.322274 2.704651 -0.893726035 -0.000300008739 0.448613068 0 0
1.953579 0.322274 2.703844 -0.481987784 -0.000499987328 0.876177794 0 0
1.954663 0.322274 2.705422 -1 0 0 0 0
1.950326 0.322274 2.702599 -0.331098588 -0.000599997441 0.943595976 0 0
1.950326 0.345193 2.702613 -0.331098588 -0.000599997441 0.943595976 0 0
1.950326 0.366483 2.702627 -0.331098588 -0.000599997441 0.943595976 0 0
1.954816 0.45765 3.045071 -0.828090866 -0.000299996691 -0.560593817 0 0
1.954663 0.492915 3.045602 -0.990886668 -9.99986545e-05 -0.134698188 0 0
1.954816 0.49288 3.045051 -0.828013008 -0.000300004713 -0.560708809 0 0
1.954663 0.457658 3.045622 -0.990886668 -9.99986545e-05 -0.134698188 0 0
1.954663 0.492967 3.046424 -1 0 0 0 0
1.954663 0.457671 3.046444 -1 0 0 0 0
1.954663 0.422327 3.045642 -0.990886668 -9.99986545e-05 -0.134698188 0 0
1.954816 0.422328 3.045091 -0.828090866 -0.000299996691 -0.560593817 0 0
1.954663 0.390682 3.045661 -0.990871499 -0.000100007216 -0.134809728 0 0
1.954816 0.390683 3.04511 -0.828090866 -0.000299996691 -0.560593817 0 0
1.954663 0.422327 3.046465 -1 0 0 0 0
1.954663 0.390682 3.046484 -1 0 0 0 0
1.955274 0.422331 3.044742 -0.427222024 -0.000500025777 -0.90414661 0 0
1.955274 0.457646 3.044722 -0.427222024 -0.000500025777 -0.90414661 0 0
1.95619 0.422336 3.044526 -0.165096207 -0.000499988513 -0.986277341 0 0
1.95619 0.457648 3.044505 -0.16520977 -0.00050002957 -0.986258324 0 0
1.955274 0.390687 3.044761 -0.427303771 -0.000500004413 -0.904107979 0 0
1.95619 0.390694 3.044545 -0.165096198 -0.000599986182 -0.986277286 0 0
1.955274 0.492861 3.044702 -0.42701988 -0.000500023279 -0.904242098 0 0
1.95619 0.492851 3.044486 -0.165096207 -0.000499988513 -0.986277341 0 0
1.954816 0.345194 3.045137 -0.828090866 -0.000299996691 -0.560593817 0 0
1.954663 0.366483 3.045676 -0.990871499 -0.000100007216 -0.134809728 0 0
1.954816 0.366485 3.045125 -0.828137288 -0.000300013508 -0.560525238 0 0
1.954663 0.345193 3.045688 -0.990886668 -9.99986545e-05 -0.134698188 0 0
1.954663 0.366483 3.046498 -1 0 0 0 0
1.954663 0.345193 3.046511 -1 0 0 0 0
1.954663 0.322274 3.045702 -0.99090001 -0.000100000001 -0.134600001 0 0
1.954816 0.322275 3.045151 -0.828090866 -0.000299996691 -0.560593817 0 0
1.954663 0.322274 3.046525 -1 0 0 0 0
1.955274 0.322281 3.044801 -0.427222024 -0.000500025777 -0.90414661 0 0
1.955274 0.345199 3.044788 -0.427222024 -0.000500025777 -0.90414661 0 0
1.95619 0.322291 3.044585 -0.165307035 -0.000600025535 -0.98624197 0 0
1.95619 0.345208 3.044571 -0.165209761 -0.000600035451 -0.98625827 0 0
1.955274 0.366489 3.044775 -0.427424148 -0.00050002825 -0.904051076 0 0
1.95619 0.366497 3.044559 -0.165209761 -0.000600035451 -0.98625827 0 0
1.954663 0.45771 3.048936 -1 0 0 0 0
1.954663 0.49321 3.050233 -1 0 0 0 0
1.954663 0.493126 3.048915 -1 0 0 0 0
1.954663 0.457731 3.050254 -1 0 0 0 0
1.954663 0.422327 3.050275 -1 0 0 0 0
1.954663 0.422327 3.048957 -1 0 0 0 0
1.954663 0.390682 3.050294 -1 0 0 0 0
1.954663 0.390682 3.048976 -1 0 0 0 0
1.954663 0.422327 3.047628 -1 0 0 0 0
1.954663 0.457689 3.047607 -1 0 0 0 0
1.954663 0.390682 3.047647 -1 0 0 0 0
1.954663 0.493041 3.047587 -1 0 0 0 0
1.954663 0.345193 3.049004 -1 0 0 0 0
1.954663 0.366483 3.050309 -1 0 0 0 0
1.954663 0.366483 3.04899 -1 0 0 0 0
1.954663 0.345193 3.050322 -1 0 0 0 0
1.954663 0.322274 3.050336 -1 0 0 0 0
1.954663 0.322274 3.049017 -1 0 0 0 0
1.954663 0.322274 3.047688 -1 0 0 0 0
1.954663 0.345193 3.047675 -1 0 0 0 0
1.954663 0.366483 3.047662 -1 0 0 0 0
1.954663 0.45771 2.707954 -1 0 0 0 0
1.954663 0.493041 2.709302 -1 0 0 0 0
1.954663 0.493126 2.707974 -1 0 0 0 0
1.954663 0.457689 2.709282 -1 0 0 0 0
1.954663 0.492967 2.710465 -1 0 0 0 0
1.954663 0.457671 2.710445 -1 0 0 0 0
1.954663 0.422327 2.709261 -1 0 0 0 0
1.954663 0.422327 2.707933 -1 0 0 0 0
1.954663 0.390682 2.709242 -1 0 0 0 0
1.954663 0.390682 2.707914 -1 0 0 0 0
1.954663 0.422327 2.710425 -1 0 0 0 0
1.954663 0.390682 2.710406 -1 0 0 0 0
1.954663 0.422327 2.706615 -1 0 0 0 0
1.954663 0.457731 2.706636 -1 0 0 0 0
1.954663 0.390682 2.706596 -1 0 0 0 0
1.954663 0.49321 2.706657 -1 0 0 0 0
1.954663 0.345193 2.707886 -1 0 0 0 0
1.954663 0.366483 2.709228 -1 0 0 0 0
1.954663 0.366483 2.707899 -1 0 0 0 0
1.954663 0.345193 2.709215 -1 0 0 0 0
1.954663 0.366483 2.710392 -1 0 0 0 0
1.954663 0.345193 2.710379 -1 0 0 0 0
1.954663 0.322274 2.709201 -1 0 0 0 0
1.954663 0.322274 2.707872 -1 0 0 0 0
1.954663 0.322274 2.710365 -1 0 0 0 0
1.954663 0.322274 2.706554 -1 0 0 0 0
1.954663 0.345193 2.706568 -1 0 0 0 0
1.954663 0.366483 2.706581 -1 0 0 0 0
1.954816 0.45765 2.711819 -0.828013008 -0.000300004713 0.560708809 0 0
1.955274 0.492861 2.712188 -0.427222024 -0.000500025777 0.90414661 0 0
1.954816 0.49288 2.711839 -0.82793513 -0.00030001273 0.560823796 0 0
1.955274 0.457646 2.712168 -0.427222024 -0.000500025777 0.90414661 0 0
1.95619 0.492851 2.712404 -0.165096207 -0.000499988513 0.986277341 0 0
1.95619 0.457648 2.712384 -0.165096207 -0.000499988513 0.986277341 0 0
1.955274 0.422331 2.712147 -0.427101644 -0.000500001925 0.904203481 0 0
1.954816 0.422328 2.711798 -0.828090866 -0.000299996691 0.560593817 0 0
1.955274 0.390687 2.712129 -0.427101644 -0.000500001925 0.904203481 0 0
1.954816 0.390683 2.71178 -0.828090866 -0.000299996691 0.560593817 0 0
1.95619 0.422336 2.712364 -0.164998932 -0.000499996765 0.986293619 0 0
1.95619 0.390694 2.712345 -0.164998923 -0.000599996085 0.986293565 0 0
1.954663 0.422327 2.711247 -0.990871499 -0.000100007216 0.134809728 0 0
1.954663 0.457658 2.711268 -0.990858135 -0.000100005868 0.134907915 0 0
1.954663 0.390682 2.711229 -0.990871499 -0.000100007216 0.134809728 0 0
1.954663 0.492915 2.711288 -0.990858135 -0.000100005868 0.134907915 0 0
1.954816 0.345194 2.711753 -0.828168704 -0.000299988664 0.56047882 0 0
1.955274 0.366489 2.712115 -0.427222024 -0.000500025777 0.90414661 0 0
1.954816 0.366485 2.711765 -0.828090866 -0.000299996691 0.560593817 0 0
1.955274 0.345199 2.712102 -0.427424148 -0.00050002825 0.904051076 0 0
1.95619 0.366497 2.712331 -0.165096198 -0.000599986182 0.986277286 0 0
1.95619 0.345208 2.712318 -0.165096198 -0.000599986182 0.986277286 0 0
1.955274 0.322281 2.712088 -0.427424148 -0.00050002825 0.904051076 0 0
1.954816 0.322275 2.711739 -0.828215119 -0.000300005477 0.56041023 0 0
1.95619 0.322291 2.712305 -0.165096198 -0.000599986182 0.986277286 0 0
1.954663 0.322274 2.711188 -0.990886668 -9.99986545e-05 0.134698188 0 0
1.954663 0.345193 2.711201 -0.990871499 -0.000100007216 0.134809728 0 0
1.954663 0.366483 2.711214 -0.990871499 -0.000100007216 0.134809728 0 0
1.966948 0.345302 2.713117 -0.198500073 0.00100000037 0.980100363 0 0
1.964587 0.322387 2.7127 -0.100305705 -0.00040002275 0.994956585 0 0
1.966839 0.322396 2.713103 -0.209692916 0.000799972973 0.977766967 0 0
1.964587 0.345295 2.712713 -0.0964040871 -0.000400016959 0.995342198 0 0
1.963291 0.322373 2.712669 -0.023800394 -0.000600009933 0.99971655 0 0
1.963291 0.345281 2.712682 -0.0239003387 -0.000600008502 0.999714166 0 0
1.964587 0.366574 2.712726 -0.0928977212 -0.000399990188 0.995675576 0 0
1.967058 0.366581 2.713129 -0.18839853 0.000799993756 0.982092335 0 0
1.964587 0.390761 2.71274 -0.0902021153 -0.000500011725 0.995923355 0 0
1.967149 0.390767 2.713143 -0.180803532 0.000200003907 0.983519213 0 0
1.963291 0.366562 2.712695 -0.0239003387 -0.000600008502 0.999714166 0 0
1.963291 0.39075 2.712709 -0.0239003387 -0.000600008502 0.999714166 0 0
1.972338 0.366582 2.714289 -0.223096973 0.00429994165 0.974786772 0 0
1.9719 0.345304 2.714277 -0.237305309 0.00510011409 0.971421731 0 0
1.972703 0.390767 2.714303 -0.212607605 0.00230008228 0.977134953 0 0
1.971461 0.322397 2.714263 -0.253107592 0.00420012598 0.967429018 0 0
1.967232 0.457681 2.713182 -0.173796729 -0.000399992472 0.984781467 0 0
1.964587 0.422389 2.712759 -0.0884978889 -0.000499988073 0.996076239 0 0
1.967204 0.422394 2.713162 -0.17620943 -0.000200010704 0.984352679 0 0
1.964587 0.457684 2.712779 -0.0875961261 -0.000499977889 0.996155946 0 0
1.963291 0.422381 2.712728 -0.023800394 -0.000600009933 0.99971655 0 0
1.963291 0.457678 2.712748 -0.0238003953 -0.000500008305 0.999716605 0 0
1.964587 0.492869 2.712799 -0.0871991921 -0.000499995368 0.99619077 0 0
1.967241 0.492847 2.713202 -0.172906686 -0.000500019334 0.984938083 0 0
1.963291 0.492864 2.712768 -0.0238003953 -0.000500008305 0.999716605 0 0
1.973069 0.492773 2.714361 -0.201709338 -0.000400018519 0.979445345 0 0
1.973032 0.457663 2.714342 -0.202899893 0 0.979199486 0 0
1.972923 0.422394 2.714322 -0.206106188 0.000700021018 0.978529381 0 0
1.959589 0.345243 2.712574 -0.0443008007 -0.000600010845 0.999018057 0 0
1.957718 0.322309 2.712458 -0.0773999954 -0.000599999964 0.99699994 0 0
1.959589 0.32233 2.712561 -0.0443008007 -0.000600010845 0.999018057 0 0
1.957718 0.345224 2.712471 -0.0773005933 -0.000600004605 0.997007652 0 0
1.957718 0.366511 2.712484 -0.0773005933 -0.000600004605 0.997007652 0 0
1.959589 0.366528 2.712587 -0.0443008007 -0.000600010845 0.999018057 0 0
1.957718 0.390706 2.712498 -0.0773999954 -0.000599999964 0.99699994 0 0
1.959589 0.390721 2.712601 -0.0443008007 -0.000600010845 0.999018057 0 0
1.961536 0.366546 2.712653 -0.0287995686 -0.000599991012 0.999585026 0 0
1.961536 0.345263 2.71264 -0.0287995686 -0.000599991012 0.999585026 0 0
1.961536 0.390736 2.712667 -0.0287995686 -0.000599991012 0.999585026 0 0
1.961536 0.322352 2.712627 -0.0287995686 -0.000599991012 0.999585026 0 0
1.959589 0.457661 2.71264 -0.0444006081 -0.000500006848 0.999013682 0 0
1.957718 0.422346 2.712517 -0.0773999954 -0.000599999964 0.99699994 0 0
1.959589 0.422358 2.71262 -0.0443008007 -0.000600010845 0.999018057 0 0
1.957718 0.457653 2.712538 -0.0773999996 -0.000499999998 0.996999995 0 0
1.957718 0.492849 2.712557 -0.0773005975 -0.000500003865 0.997007707 0 0
1.959589 0.492852 2.71266 -0.0443008032 -0.000500009065 0.999018112 0 0
1.961536 0.492858 2.712726 -0.0287995702 -0.000499992538 0.999585081 0 0
1.961536 0.457669 2.712706 -0.0287995702 -0.000499992538 0.999585081 0 0
1.961536 0.42237 2.712686 -0.0286996526 -0.000599992737 0.9995879 0 0
1.959589 0.345243 3.044315 -0.0444006056 -0.000600008184 -0.999013627 0 0
1.961536 0.322352 3.044263 -0.0287995686 -0.000599991012 -0.999585026 0 0
1.959589 0.32233 3.044329 -0.0444006056 -0.000600008184 -0.999013627 0 0
1.961536 0.345263 3.044249 -0.0286996526 -0.000599992737 -0.9995879 0 0
1.963291 0.322373 3.044221 -0.023800394 -0.000600009933 -0.99971655 0 0
1.963291 0.345281 3.044208 -0.023800394 -0.000600009933 -0.99971655 0 0
1.961536 0.366546 3.044237 -0.0287995686 -0.000599991012 -0.999585026 0 0
1.959589 0.366528 3.044303 -0.0444006056 -0.000600008184 -0.999013627 0 0
1.961536 0.390736 3.044223 -0.0286996526 -0.000599992737 -0.9995879 0 0
1.959589 0.390721 3.044288 -0.0444006056 -0.000600008184 -0.999013627 0 0
1.963291 0.366562 3.044195 -0.0239003387 -0.000600008502 -0.999714166 0 0
1.963291 0.39075 3.044181 -0.023800394 -0.000600009933 -0.99971655 0 0
1.957718 0.366511 3.044406 -0.0773005933 -0.000600004605 -0.997007652 0 0
1.957718 0.345224 3.044418 -0.0773999954 -0.000599999964 -0.99699994 0 0
1.957718 0.390706 3.044391 -0.0773005933 -0.000600004605 -0.997007652 0 0
1.957718 0.322309 3.044432 -0.0773999954 -0.000599999964 -0.99699994 0 0
1.959589 0.457661 3.044249 -0.0443008032 -0.000500009065 -0.999018112 0 0
1.961536 0.42237 3.044204 -0.0286996526 -0.000599992737 -0.9995879 0 0
1.959589 0.422358 3.04427 -0.0443008007 -0.000600010845 -0.999018057 0 0
1.961536 0.457669 3.044183 -0.0287995702 -0.000499992538 -0.999585081 0 0
1.963291 0.422381 3.044162 -0.023800394 -0.000600009933 -0.99971655 0 0
1.963291 0.457678 3.044142 -0.02390034 -0.000500007113 -0.999714221 0 0
1.961536 0.492858 3.044164 -0.0287995702 -0.000499992538 -0.999585081 0 0
1.959589 0.492852 3.04423 -0.0444006081 -0.000500006848 -0.999013682 0 0
1.963291 0.492864 3.044122 -0.0238003953 -0.000500008305 -0.999716605 0 0
1.957718 0.492849 3.044333 -0.0773999996 -0.000499999998 -0.996999995 0 0
1.957718 0.457653 3.044352 -0.0773999996 -0.000499999998 -0.996999995 0 0
1.957718 0.422346 3.044373 -0.0773005933 -0.000600004605 -0.997007652 0 0
1.966948 0.345302 3.043773 -0.198500073 0.00100000037 -0.980100363 0 0
1.971461 0.322397 3.042627 -0.253107592 0.00420012598 -0.967429018 0 0
1.966839 0.322396 3.043787 -0.209692916 0.000799972973 -0.977766967 0 0
1.9719 0.345304 3.042613 -0.237305309 0.00510011409 -0.971421731 0 0
1.972338 0.366582 3.042601 -0.223096973 0.00429994165 -0.974786772 0 0
1.967058 0.366581 3.043761 -0.18839853 0.000799993756 -0.982092335 0 0
1.972703 0.390767 3.042587 -0.212607605 0.00230008228 -0.977134953 0 0
1.967149 0.390767 3.043746 -0.180803532 0.000200003907 -0.983519213 0 0
1.964587 0.366574 3.044164 -0.0928977212 -0.000399990188 -0.995675576 0 0
1.964587 0.345295 3.044177 -0.0965031605 -0.000400013101 -0.995332598 0 0
1.964587 0.390761 3.04415 -0.0902021153 -0.000500011725 -0.995923355 0 0
1.964587 0.322387 3.04419 -0.100305705 -0.00040002275 -0.994956585 0 0
1.967232 0.457681 3.043707 -0.173796729 -0.000399992472 -0.984781467 0 0
1.972923 0.422394 3.042568 -0.206106188 0.000700021018 -0.978529381 0 0
1.967204 0.422394 3.043728 -0.176112527 -0.000200014228 -0.984370021 0 0
1.973032 0.457663 3.042548 -0.202899893 0 -0.979199486 0 0
1.973069 0.492773 3.042528 -0.201709338 -0.000400018519 -0.979445345 0 0
1.967241 0.492847 3.043688 -0.172906686 -0.000500019334 -0.984938083 0 0
1.964587 0.492869 3.044091 -0.0871991921 -0.000499995368 -0.99619077 0 0
1.964587 0.457684 3.044111 -0.0876048526 -0.000500027697 -0.996155179 0 0
1.964587 0.422389 3.044131 -0.0884978889 -0.000499988073 -0.996076239 0 0
3 0 1 2
3 0 3 1
3 3 4 1
3 3 5 4
3 2 6 7
3 2 1 6
3 1 8 6
3 1 4 8
3 0 9 3
3 0 10 9
3 10 11 9
3 10 12 11
3 3 13 5
3 3 9 13
3 9 14 13
3 9 11 14
3 0 15 10
3 0 16 15
3 16 17 15
3 16 18 17
3 10 19 12
3 10 15 19
3 15 20 19
3 15 17 20
3 0 21 16
3 0 2 21
3 2 22 21
3 2 7 22
3 16 23 18
3 16 21 23
3 21 24 23
3 21 22 24
3 25 26 27
3 25 28 26
3 28 6 26
3 28 7 6
3 27 29 30
3 27 26 29
3 26 8 29
3 26 6 8
3 25 31 28
3 25 32 31
3 32 33 31
3 32 34 33
3 28 22 7
3 28 31 22
3 31 24 22
3 31 33 24
3 25 35 32
3 25 36 35
3 36 37 35
3 36 38 37
3 32 39 34
3 32 35 39
3 35 40 39
3 35 37 40
3 25 41 36
3 25 27 41
3 27 42 41
3 27 30 42
3 36 43 38
3 36 41 43
3 41 44 43
3 41 42 44
3 45 46 47
3 45 48 46
3 48 49 46
3 48 50 49
3 47 51 52
3 47 46 51
3 46 53 51
3 46 49 53
3 45 54 48
3 45 55 54
3 55 56 54
3 55 57 56
3 48 58 50
3 48 54 58
3 54 59 58
3 54 56 59
3 45 60 55
3 45 61 60
3 61 62 60
3 61 63 62
3 55 64 57
3 55 60 64
3 60 65 64
3 60 62 65
3 45 66 61
3 45 47 66
3 47 67 66
3 47 52 67
3 61 68 63
3 61 66 68
3 66 69 68
3 66 67 69
3 70 71 72
3 70 73 71
3 73 51 71
3 73 52 51
3 72 74 75
3 72 71 74
3 71 53 74
3 71 51 53
3 70 76 73
3 70 77 76
3 77 78 76
3 77 79 78
3 73 67 52
3 73 76 67
3 76 69 67
3 76 78 69
3 70 80 77
3 70 81 80
3 81 19 80
3 81 12 19
3 77 82 79
3 77 80 82
3 80 20 82
3 80 19 20
3 70 83 81
3 70 72 83
3 72 84 83
3 72 75 84
3 81 11 12
3 81 83 11
3 83 14 11
3 83 84 14
3 85 86 87
3 85 88 86
3 88 89 86
3 88 90 89
3 87 91 92
3 87 86 91
3 86 93 91
3 86 89 93
3 85 94 88
3 85 95 94
3 95 96 94
3 95 97 96
3 88 98 90
3 88 94 98
3 94 99 98
3 94 96 99
3 85 100 95
3 85 101 100
3 101 102 100
3 101 103 102
3 95 104 97
3 95 100 104
3 100 105 104
3 100 102 105
3 85 106 101
3 85 87 106
3 87 107 106
3 87 92 107
3 101 108 103
3 101 106 108
3 106 109 108
3 106 107 109
3 110 111 112
3 110 113 111
3 113 114 111
3 113 115 114
3 112 96 97
3 112 111 96
3 111 99 96
3 111 114 99
3 110 116 113
3 110 117 116
3 117 118 116
3 117 119 118
3 113 120 115
3 113 116 120
3 116 121 120
3 116 118 121
3 110 122 117
3 110 123 122
3 123 124 122
3 123 125 124
3 117 126 119
3 117 122 126
3 122 127 126
3 122 124 127
3 110 128 123
3 110 112 128
3 112 104 128
3 112 97 104
3 123 129 125
3 123 128 129
3 128 105 129
3 128 104 105
3 130 131 132
3 130 133 131
3 133 134 131
3 133 135 134
3 132 136 137
3 132 131 136
3 131 138 136
3 131 134 138
3 130 139 133
3 130 140 139
3 140 108 139
3 140 103 108
3 133 141 135
3 133 139 141
3 139 109 141
3 139 108 109
3 130 142 140
3 130 143 142
3 143 144 142
3 143 145 144
3 140 102 103
3 140 142 102
3 142 105 102
3 142 144 105
3 130 146 143
3 130 132 146
3 132 147 146
3 132 137 147
3 143 148 145
3 143 146 148
3 146 149 148
3 146 147 149
3 150 151 152
3 150 153 151
3 153 148 151
3 153 145 148
3 152 154 155
3 152 151 154
3 151 149 154
3 151 148 149
3 150 156 153
3 150 157 156
3 157 129 156
3 157 125 129
3 153 144 145
3 153 156 144
3 156 105 144
3 156 129 105
3 150 158 157
3 150 159 158
3 159 160 158
3 159 161 160
3 157 124 125
3 157 158 124
3 158 127 124
3 158 160 127
3 150 162 159
3 150 152 162
3 152 163 162
3 152 155 163
3 159 164 161
3 159 162 164
3 162 165 164
3 162 163 165
3 166 167 168
3 166 169 167
3 169 170 167
3 169 171 170
3 168 172 173
3 168 167 172
3 167 174 172
3 167 170 174
3 166 175 169
3 166 176 175
3 176 177 175
3 176 178 177
3 169 179 171
3 169 175 179
3 175 180 179
3 175 177 180
3 166 181 176
3 166 182 181
3 182 183 181
3 182 184 183
3 176 185 178
3 176 181 185
3 181 186 185
3 181 183 186
3 166 187 182
3 166 168 187
3 168 188 187
3 168 173 188
3 182 189 184
3 182 187 189
3 187 190 189
3 187 188 190
3 191 192 193
3 191 194 192
3 194 195 192
3 194 196 195
3 193 177 178
3 193 192 177
3 192 180 177
3 192 195 180
3 191 197 194
3 191 198 197
3 198 199 197
3 198 200 199
3 194 201 196
3 194 197 201
3 197 202 201
3 197 199 202
3 191 203 198
3 191 204 203
3 204 205 203
3 204 206 205
3 198 207 200
3 198 203 207
3 203 208 207
3 203 205 208
3 191 209 204
3 191 193 209
3 193 185 209
3 193 178 185
3 204 210 206
3 204 209 210
3 209 186 210
3 209 185 186
3 211 212 213
3 211 214 212
3 214 215 212
3 214 216 215
3 213 89 90
3 213 212 89
3 212 93 89
3 212 215 93
3 211 217 214
3 211 218 217
3 218 189 217
3 218 184 189
3 214 219 216
3 214 217 219
3 217 190 219
3 217 189 190
3 211 220 218
3 211 221 220
3 221 222 220
3 221 223 222
3 218 183 184
3 218 220 183
3 220 186 183
3 220 222 186
3 211 224 221
3 211 213 224
3 213 98 224
3 213 90 98
3 221 225 223
3 221 224 225
3 224 99 225
3 224 98 99
3 226 227 228
3 226 229 227
3 229 225 227
3 229 223 225
3 228 114 115
3 228 227 114
3 227 99 114
3 227 225 99
3 226 230 229
3 226 231 230
3 231 210 230
3 231 206 210
3 229 222 223
3 229 230 222
3 230 186 222
3 230 210 186
3 226 232 231
3 226 233 232
3 233 234 232
3 233 235 234
3 231 205 206
3 231 232 205
3 232 208 205
3 232 234 208
3 226 236 233
3 226 228 236
3 228 120 236
3 228 115 120
3 233 237 235
3 233 236 237
3 236 121 237
3 236 120 121
3 238 239 240
3 238 241 239
3 241 242 239
3 241 243 242
3 240 118 119
3 240 239 118
3 239 121 118
3 239 242 121
3 238 244 241
3 238 245 244
3 245 246 244
3 245 247 246
3 241 248 243
3 241 244 248
3 244 249 248
3 244 246 249
3 238 250 245
3 238 251 250
3 251 252 250
3 251 253 252
3 245 254 247
3 245 250 254
3 250 255 254
3 250 252 255
3 238 256 251
3 238 240 256
3 240 126 256
3 240 119 126
3 251 257 253
3 251 256 257
3 256 127 257
3 256 126 127
3 258 259 260
3 258 261 259
3 261 164 259
3 261 161 164
3 260 262 263
3 260 259 262
3 259 165 262
3 259 164 165
3 258 264 261
3 258 265 264
3 265 257 264
3 265 253 257
3 261 160 161
3 261 264 160
3 264 127 160
3 264 257 127
3 258 266 265
3 258 267 266
3 267 268 266
3 267 269 268
3 265 252 253
3 265 266 252
3 266 255 252
3 266 268 255
3 258 270 267
3 258 260 270
3 260 271 270
3 260 263 271
3 267 272 269
3 267 270 272
3 270 273 272
3 270 271 273
3 274 275 276
3 274 277 275
3 277 278 275
3 277 279 278
3 276 199 200
3 276 275 199
3 275 202 199
3 275 278 202
3 274 280 277
3 274 281 280
3 281 282 280
3 281 283 282
3 277 284 279
3 277 280 284
3 280 285 284
3 280 282 285
3 274 286 281
3 274 287 286
3 287 288 286
3 287 289 288
3 281 290 283
3 281 286 290
3 286 291 290
3 286 288 291
3 274 292 287
3 274 276 292
3 276 207 292
3 276 200 207
3 287 293 289
3 287 292 293
3 292 208 293
3 292 207 208
3 294 295 296
3 294 297 295
3 297 237 295
3 297 235 237
3 296 242 243
3 296 295 242
3 295 121 242
3 295 237 121
3 294 298 297
3 294 299 298
3 299 293 298
3 299 289 293
3 297 234 235
3 297 298 234
3 298 208 234
3 298 293 208
3 294 300 299
3 294 301 300
3 301 302 300
3 301 303 302
3 299 288 289
3 299 300 288
3 300 291 288
3 300 302 291
3 294 304 301
3 294 296 304
3 296 248 304
3 296 243 248
3 301 305 303
3 301 304 305
3 304 249 305
3 304 248 249
3 306 307 308
3 306 309 307
3 309 310 307
3 309 311 310
3 308 312 313
3 308 307 312
3 307 314 312
3 307 310 314
3 306 315 309
3 306 316 315
3 316 317 315
3 316 318 317
3 309 319 311
3 309 315 319
3 315 320 319
3 315 317 320
3 306 321 316
3 306 322 321
3 322 323 321
3 322 324 323
3 316 325 318
3 316 321 325
3 321 326 325
3 321 323 326
3 306 327 322
3 306 308 327
3 308 328 327
3 308 313 328
3 322 329 324
3 322 327 329
3 327 330 329
3 327 328 330
3 331 332 333
3 331 334 332
3 334 335 332
3 334 336 335
3 333 317 318
3 333 332 317
3 332 320 317
3 332 335 320
3 331 337 334
3 331 338 337
3 338 339 337
3 338 340 339
3 334 341 336
3 334 337 341
3 337 342 341
3 337 339 342
3 331 343 338
3 331 344 343
3 344 345 343
3 344 346 345
3 338 347 340
3 338 343 347
3 343 348 347
3 343 345 348
3 331 349 344
3 331 333 349
3 333 325 349
3 333 318 325
3 344 350 346
3 344 349 350
3 349 326 350
3 349 325 326
3 351 352 353
3 351 354 352
3 354 355 352
3 354 356 355
3 353 339 340
3 353 352 339
3 352 342 339
3 352 355 342
3 351 357 354
3 351 358 357
3 358 91 357
3 358 92 91
3 354 359 356
3 354 357 359
3 357 93 359
3 357 91 93
3 351 360 358
3 351 361 360
3 361 362 360
3 361 363 362
3 358 107 92
3 358 360 107
3 360 109 107
3 360 362 109
3 351 364 361
3 351 353 364
3 353 347 364
3 353 340 347
3 361 365 363
3 361 364 365
3 364 348 365
3 364 347 348
3 366 367 368
3 366 369 367
3 369 370 367
3 369 371 370
3 368 372 373
3 368 367 372
3 367 374 372
3 367 370 374
3 366 375 369
3 366 376 375
3 376 329 375
3 376 324 329
3 369 377 371
3 369 375 377
3 375 330 377
3 375 329 330
3 366 378 376
3 366 379 378
3 379 380 378
3 379 381 380
3 376 323 324
3 376 378 323
3 378 326 323
3 378 380 326
3 366 382 379
3 366 368 382
3 368 383 382
3 368 373 383
3 379 384 381
3 379 382 384
3 382 385 384
3 382 383 385
3 386 387 388
3 386 389 387
3 389 384 387
3 389 381 384
3 388 390 391
3 388 387 390
3 387 385 390
3 387 384 385
3 386 392 389
3 386 393 392
3 393 350 392
3 393 346 350
3 389 380 381
3 389 392 380
3 392 326 380
3 392 350 326
3 386 394 393
3 386 395 394
3 395 396 394
3 395 397 396
3 393 345 346
3 393 394 345
3 394 348 345
3 394 396 348
3 386 398 395
3 386 388 398
3 388 399 398
3 388 391 399
3 395 400 397
3 395 398 400
3 398 401 400
3 398 399 401
3 402 403 404
3 402 405 403
3 405 400 403
3 405 397 400
3 404 406 407
3 404 403 406
3 403 401 406
3 403 400 401
3 402 408 405
3 402 409 408
3 409 365 408
3 409 363 365
3 405 396 397
3 405 408 396
3 408 348 396
3 408 365 348
3 402 410 409
3 402 411 410
3 411 141 410
3 411 135 141
3 409 362 363
3 409 410 362
3 410 109 362
3 410 141 109
3 402 412 411
3 402 404 412
3 404 413 412
3 404 407 413
3 411 134 135
3 411 412 134
3 412 138 134
3 412 413 138
3 414 415 416
3 414 417 415
3 417 418 415
3 417 419 418
3 416 420 421
3 416 415 420
3 415 422 420
3 415 418 422
3 414 423 417
3 414 424 423
3 424 425 423
3 424 426 425
3 417 427 419
3 417 423 427
3 423 428 427
3 423 425 428
3 414 429 424
3 414 430 429
3 430 431 429
3 430 432 431
3 424 433 426
3 424 429 433
3 429 434 433
3 429 431 434
3 414 435 430
3 414 416 435
3 416 436 435
3 416 421 436
3 430 437 432
3 430 435 437
3 435 438 437
3 435 436 438
3 439 440 441
3 439 442 440
3 442 443 440
3 442 444 443
3 441 425 426
3 441 440 425
3 440 428 425
3 440 443 428
3 439 445 442
3 439 446 445
3 446 447 445
3 446 448 447
3 442 449 444
3 442 445 449
3 445 450 449
3 445 447 450
3 439 451 446
3 439 452 451
3 452 453 451
3 452 454 453
3 446 455 448
3 446 451 455
3 451 456 455
3 451 453 456
3 439 457 452
3 439 441 457
3 441 433 457
3 441 426 433
3 452 458 454
3 452 457 458
3 457 434 458
3 457 433 434
3 459 460 461
3 459 462 460
3 462 463 460
3 462 464 463
3 461 447 448
3 461 460 447
3 460 450 447
3 460 463 450
3 459 465 462
3 459 466 465
3 466 172 465
3 466 173 172
3 462 467 464
3 462 465 467
3 465 174 467
3 465 172 174
3 459 468 466
3 459 469 468
3 469 470 468
3 469 471 470
3 466 188 173
3 466 468 188
3 468 190 188
3 468 470 190
3 459 472 469
3 459 461 472
3 461 455 472
3 461 448 455
3 469 473 471
3 469 472 473
3 472 456 473
3 472 455 456
3 474 475 476
3 474 477 475
3 477 478 475
3 477 479 478
3 476 310 311
3 476 475 310
3 475 314 310
3 475 478 314
3 474 480 477
3 474 481 480
3 481 437 480
3 481 432 437
3 477 482 479
3 477 480 482
3 480 438 482
3 480 437 438
3 474 483 481
3 474 484 483
3 484 485 483
3 484 486 485
3 481 431 432
3 481 483 431
3 483 434 431
3 483 485 434
3 474 487 484
3 474 476 487
3 476 319 487
3 476 311 319
3 484 488 486
3 484 487 488
3 487 320 488
3 487 319 320
3 489 490 491
3 489 492 490
3 492 488 490
3 492 486 488
3 491 335 336
3 491 490 335
3 490 320 335
3 490 488 320
3 489 493 492
3 489 494 493
3 494 458 493
3 494 454 458
3 492 485 486
3 492 493 485
3 493 434 485
3 493 458 434
3 489 495 494
3 489 496 495
3 496 497 495
3 496 498 497
3 494 453 454
3 494 495 453
3 495 456 453
3 495 497 456
3 489 499 496
3 489 491 499
3 491 341 499
3 491 336 341
3 496 500 498
3 496 499 500
3 499 342 500
3 499 341 342
3 501 502 503
3 501 504 502
3 504 500 502
3 504 498 500
3 503 355 356
3 503 502 355
3 502 342 355
3 502 500 342
3 501 505 504
3 501 506 505
3 506 473 505
3 506 471 473
3 504 497 498
3 504 505 497
3 505 456 497
3 505 473 456
3 501 507 506
3 501 508 507
3 508 219 507
3 508 216 219
3 506 470 471
3 506 507 470
3 507 190 470
3 507 219 190
3 501 509 508
3 501 503 509
3 503 359 509
3 503 356 359
3 508 215 216
3 508 509 215
3 509 93 215
3 509 359 93
3 510 511 512
3 510 513 511
3 513 514 511
3 513 515 514
3 512 246 247
3 512 511 246
3 511 249 246
3 511 514 249
3 510 516 513
3 510 517 516
3 517 518 516
3 517 519 518
3 513 520 515
3 513 516 520
3 516 521 520
3 516 518 521
3 510 522 517
3 510 523 522
3 523 524 522
3 523 525 524
3 517 526 519
3 517 522 526
3 522 527 526
3 522 524 527
3 510 528 523
3 510 512 528
3 512 254 528
3 512 247 254
3 523 529 525
3 523 528 529
3 528 255 529
3 528 254 255
3 530 531 532
3 530 533 531
3 533 534 531
3 533 535 534
3 532 518 519
3 532 531 518
3 531 521 518
3 531 534 521
3 530 536 533
3 530 537 536
3 537 538 536
3 537 539 538
3 533 540 535
3 533 536 540
3 536 541 540
3 536 538 541
3 530 542 537
3 530 543 542
3 543 544 542
3 543 545 544
3 537 546 539
3 537 542 546
3 542 547 546
3 542 544 547
3 530 548 543
3 530 532 548
3 532 526 548
3 532 519 526
3 543 549 545
3 543 548 549
3 548 527 549
3 548 526 527
3 550 551 552
3 550 553 551
3 553 554 551
3 553 555 554
3 552 538 539
3 552 551 538
3 551 541 538
3 551 554 541
3 550 556 553
3 550 557 556
3 557 558 556
3 557 559 558
3 553 560 555
3 553 556 560
3 556 561 560
3 556 558 561
3 550 562 557
3 550 563 562
3 563 564 562
3 563 565 564
3 557 566 559
3 557 562 566
3 562 567 566
3 562 564 567
3 550 568 563
3 550 552 568
3 552 546 568
3 552 539 546
3 563 569 565
3 563 568 569
3 568 547 569
3 568 546 547
3 570 571 572
3 570 573 571
3 573 272 571
3 573 269 272
3 572 574 575
3 572 571 574
3 571 273 574
3 571 272 273
3 570 576 573
3 570 577 576
3 577 529 576
3 577 525 529
3 573 268 269
3 573 576 268
3 576 255 268
3 576 529 255
3 570 578 577
3 570 579 578
3 579 580 578
3 579 581 580
3 577 524 525
3 577 578 524
3 578 527 524
3 578 580 527
3 570 582 579
3 570 572 582
3 572 583 582
3 572 575 583
3 579 584 581
3 579 582 584
3 582 585 584
3 582 583 585
3 586 587 588
3 586 589 587
3 589 584 587
3 589 581 584
3 588 590 591
3 588 587 590
3 587 585 590
3 587 584 585
3 586 592 589
3 586 593 592
3 593 549 592
3 593 545 549
3 589 580 581
3 589 592 580
3 592 527 580
3 592 549 527
3 586 594 593
3 586 595 594
3 595 596 594
3 595 597 596
3 593 544 545
3 593 594 544
3 594 547 544
3 594 596 547
3 586 598 595
3 586 588 598
3 588 599 598
3 588 591 599
3 595 600 597
3 595 598 600
3 598 601 600
3 598 599 601
3 602 603 604
3 602 605 603
3 605 600 603
3 605 597 600
3 604 606 607
3 604 603 606
3 603 601 606
3 603 600 601
3 602 608 605
3 602 609 608
3 609 569 608
3 609 565 569
3 605 596 597
3 605 608 596
3 608 547 596
3 608 569 547
3 602 610 609
3 602 611 610
3 611 612 610
3 611 613 612
3 609 564 565
3 609 610 564
3 610 567 564
3 610 612 567
3 602 614 611
3 602 604 614
3 604 615 614
3 604 607 615
3 611 616 613
3 611 614 616
3 614 617 616
3 614 615 617
3 618 619 620
3 618 621 619
3 621 622 619
3 621 623 622
3 620 282 283
3 620 619 282
3 619 285 282
3 619 622 285
3 618 624 621
3 618 625 624
3 625 626 624
3 625 627 626
3 621 628 623
3 621 624 628
3 624 629 628
3 624 626 629
3 618 630 625
3 618 631 630
3 631 632 630
3 631 633 632
3 625 634 627
3 625 630 634
3 630 635 634
3 630 632 635
3 618 636 631
3 618 620 636
3 620 290 636
3 620 283 290
3 631 637 633
3 631 636 637
3 636 291 637
3 636 290 291
3 638 639 640
3 638 641 639
3 641 642 639
3 641 643 642
3 640 626 627
3 640 639 626
3 639 629 626
3 639 642 629
3 638 644 641
3 638 645 644
3 645 646 644
3 645 647 646
3 641 648 643
3 641 644 648
3 644 649 648
3 644 646 649
3 638 650 645
3 638 651 650
3 651 652 650
3 651 653 652
3 645 654 647
3 645 650 654
3 650 655 654
3 650 652 655
3 638 656 651
3 638 640 656
3 640 634 656
3 640 627 634
3 651 657 653
3 651 656 657
3 656 635 657
3 656 634 635
3 658 659 660
3 658 661 659
3 661 662 659
3 661 663 662
3 660 646 647
3 660 659 646
3 659 649 646
3 659 662 649
3 658 664 661
3 658 665 664
3 665 666 664
3 665 667 666
3 661 668 663
3 661 664 668
3 664 669 668
3 664 666 669
3 658 670 665
3 658 671 670
3 671 672 670
3 671 673 672
3 665 674 667
3 665 670 674
3 670 675 674
3 670 672 675
3 658 676 671
3 658 660 676
3 660 654 676
3 660 647 654
3 671 677 673
3 671 676 677
3 676 655 677
3 676 654 655
3 678 679 680
3 678 681 679
3 681 305 679
3 681 303 305
3 680 514 515
3 680 679 514
3 679 249 514
3 679 305 249
3 678 682 681
3 678 683 682
3 683 637 682
3 683 633 637
3 681 302 303
3 681 682 302
3 682 291 302
3 682 637 291
3 678 684 683
3 678 685 684
3 685 686 684
3 685 687 686
3 683 632 633
3 683 684 632
3 684 635 632
3 684 686 635
3 678 688 685
3 678 680 688
3 680 520 688
3 680 515 520
3 685 689 687
3 685 688 689
3 688 521 689
3 688 520 521
3 690 691 692
3 690 693 691
3 693 689 691
3 693 687 689
3 692 534 535
3 692 691 534
3 691 521 534
3 691 689 521
3 690 694 693
3 690 695 694
3 695 657 694
3 695 653 657
3 693 686 687
3 693 694 686
3 694 635 686
3 694 657 635
3 690 696 695
3 690 697 696
3 697 698 696
3 697 699 698
3 695 652 653
3 695 696 652
3 696 655 652
3 696 698 655
3 690 700 697
3 690 692 700
3 692 540 700
3 692 535 540
3 697 701 699
3 697 700 701
3 700 541 701
3 700 540 541
3 702 703 704
3 702 705 703
3 705 701 703
3 705 699 701
3 704 554 555
3 704 703 554
3 703 541 554
3 703 701 541
3 702 706 705
3 702 707 706
3 707 677 706
3 707 673 677
3 705 698 699
3 705 706 698
3 706 655 698
3 706 677 655
3 702 708 707
3 702 709 708
3 709 710 708
3 709 711 710
3 707 672 673
3 707 708 672
3 708 675 672
3 708 710 675
3 702 712 709
3 702 704 712
3 704 560 712
3 704 555 560
3 709 713 711
3 709 712 713
3 712 561 713
3 712 560 561
3 714 715 716
3 714 717 715
3 717 718 715
3 717 719 718
3 716 720 721
3 716 715 720
3 715 722 720
3 715 718 722
3 714 723 717
3 714 724 723
3 724 725 723
3 724 726 725
3 717 727 719
3 717 723 727
3 723 728 727
3 723 725 728
3 714 729 724
3 714 730 729
3 730 731 729
3 730 732 731
3 724 733 726
3 724 729 733
3 729 734 733
3 729 731 734
3 714 735 730
3 714 716 735
3 716 736 735
3 716 721 736
3 730 737 732
3 730 735 737
3 735 738 737
3 735 736 738
3 739 740 741
3 739 742 740
3 742 737 740
3 742 732 737
3 741 743 744
3 741 740 743
3 740 738 743
3 740 737 738
3 739 745 742
3 739 746 745
3 746 747 745
3 746 748 747
3 742 731 732
3 742 745 731
3 745 734 731
3 745 747 734
3 739 749 746
3 739 750 749
3 750 751 749
3 750 752 751
3 746 753 748
3 746 749 753
3 749 754 753
3 749 751 754
3 739 755 750
3 739 741 755
3 741 756 755
3 741 744 756
3 750 757 752
3 750 755 757
3 755 758 757
3 755 756 758
3 759 760 761
3 759 762 760
3 762 757 760
3 762 752 757
3 761 763 764
3 761 760 763
3 760 758 763
3 760 757 758
3 759 765 762
3 759 766 765
3 766 767 765
3 766 768 767
3 762 751 752
3 762 765 751
3 765 754 751
3 765 767 754
3 759 769 766
3 759 770 769
3 770 771 769
3 770 772 771
3 766 773 768
3 766 769 773
3 769 774 773
3 769 771 774
3 759 775 770
3 759 761 775
3 761 776 775
3 761 764 776
3 770 777 772
3 770 775 777
3 775 778 777
3 775 776 778
3 779 780 781
3 779 782 780
3 782 783 780
3 782 784 783
3 781 785 786
3 781 780 785
3 780 787 785
3 780 783 787
3 779 788 782
3 779 789 788
3 789 790 788
3 789 791 790
3 782 792 784
3 782 788 792
3 788 793 792
3 788 790 793
3 779 794 789
3 779 795 794
3 795 796 794
3 795 797 796
3 789 798 791
3 789 794 798
3 794 799 798
3 794 796 799
3 779 800 795
3 779 781 800
3 781 801 800
3 781 786 801
3 795 802 797
3 795 800 802
3 800 803 802
3 800 801 803
3 804 805 806
3 804 807 805
3 807 808 805
3 807 809 808
3 806 790 791
3 806 805 790
3 805 793 790
3 805 808 793
3 804 810 807
3 804 811 810
3 811 812 810
3 811 813 812
3 807 814 809
3 807 810 814
3 810 815 814
3 810 812 815
3 804 816 811
3 804 817 816
3 817 818 816
3 817 819 818
3 811 820 813
3 811 816 820
3 816 821 820
3 816 818 821
3 804 822 817
3 804 806 822
3 806 798 822
3 806 791 798
3 817 823 819
3 817 822 823
3 822 799 823
3 822 798 799
3 824 825 826
3 824 827 825
3 827 828 825
3 827 829 828
3 826 812 813
3 826 825 812
3 825 815 812
3 825 828 815
3 824 830 827
3 824 831 830
3 831 832 830
3 831 833 832
3 827 834 829
3 827 830 834
3 830 835 834
3 830 832 835
3 824 836 831
3 824 837 836
3 837 838 836
3 837 839 838
3 831 840 833
3 831 836 840
3 836 841 840
3 836 838 841
3 824 842 837
3 824 826 842
3 826 820 842
3 826 813 820
3 837 843 839
3 837 842 843
3 842 821 843
3 842 820 821
3 844 845 846
3 844 847 845
3 847 848 845
3 847 849 848
3 846 850 851
3 846 845 850
3 845 852 850
3 845 848 852
3 844 853 847
3 844 854 853
3 854 855 853
3 854 856 855
3 847 857 849
3 847 853 857
3 853 858 857
3 853 855 858
3 844 859 854
3 844 860 859
3 860 861 859
3 860 862 861
3 854 863 856
3 854 859 863
3 859 864 863
3 859 861 864
3 844 865 860
3 844 846 865
3 846 866 865
3 846 851 866
3 860 867 862
3 860 865 867
3 865 868 867
3 865 866 868
3 869 870 871
3 869 872 870
3 872 873 870
3 872 874 873
3 871 875 876
3 871 870 875
3 870 877 875
3 870 873 877
3 869 878 872
3 869 879 878
3 879 880 878
3 879 881 880
3 872 882 874
3 872 878 882
3 878 883 882
3 878 880 883
3 869 884 879
3 869 885 884
3 885 857 884
3 885 849 857
3 879 886 881
3 879 884 886
3 884 858 886
3 884 857 858
3 869 887 885
3 869 871 887
3 871 888 887
3 871 876 888
3 885 848 849
3 885 887 848
3 887 852 848
3 887 888 852
3 889 890 891
3 889 892 890
3 892 893 890
3 892 894 893
3 891 895 896
3 891 890 895
3 890 897 895
3 890 893 897
3 889 898 892
3 889 899 898
3 899 900 898
3 899 901 900
3 892 902 894
3 892 898 902
3 898 903 902
3 898 900 903
3 889 904 899
3 889 905 904
3 905 882 904
3 905 874 882
3 899 906 901
3 899 904 906
3 904 883 906
3 904 882 883
3 889 907 905
3 889 891 907
3 891 908 907
3 891 896 908
3 905 873 874
3 905 907 873
3 907 877 873
3 907 908 877
3 909 910 911
3 909 912 910
3 912 913 910
3 912 914 913
3 911 915 916
3 911 910 915
3 910 917 915
3 910 913 917
3 909 918 912
3 909 919 918
3 919 920 918
3 919 921 920
3 912 922 914
3 912 918 922
3 918 923 922
3 918 920 923
3 909 924 919
3 909 925 924
3 925 926 924
3 925 927 926
3 919 928 921
3 919 924 928
3 924 929 928
3 924 926 929
3 909 930 925
3 909 911 930
3 911 931 930
3 911 916 931
3 925 932 927
3 925 930 932
3 930 933 932
3 930 931 933
3 934 935 936
3 934 937 935
3 937 938 935
3 937 939 938
3 936 940 941
3 936 935 940
3 935 942 940
3 935 938 942
3 934 943 937
3 934 944 943
3 944 915 943
3 944 916 915
3 937 945 939
3 937 943 945
3 943 917 945
3 943 915 917
3 934 946 944
3 934 947 946
3 947 948 946
3 947 949 948
3 944 931 916
3 944 946 931
3 946 933 931
3 946 948 933
3 934 950 947
3 934 936 950
3 936 951 950
3 936 941 951
3 947 952 949
3 947 950 952
3 950 953 952
3 950 951 953
3 954 955 956
3 954 957 955
3 957 958 955
3 957 959 958
3 956 960 961
3 956 955 960
3 955 962 960
3 955 958 962
3 954 963 957
3 954 964 963
3 964 940 963
3 964 941 940
3 957 965 959
3 957 963 965
3 963 942 965
3 963 940 942
3 954 966 964
3 954 967 966
3 967 968 966
3 967 969 968
3 964 951 941
3 964 966 951
3 966 953 951
3 966 968 953
3 954 970 967
3 954 956 970
3 956 971 970
3 956 961 971
3 967 972 969
3 967 970 972
3 970 973 972
3 970 971 973
3 974 975 976
3 974 977 975
3 977 978 975
3 977 979 978
3 976 980 981
3 976 975 980
3 975 982 980
3 975 978 982
3 974 983 977
3 974 984 983
3 984 985 983
3 984 986 985
3 977 987 979
3 977 983 987
3 983 988 987
3 983 985 988
3 974 989 984
3 974 990 989
3 990 727 989
3 990 719 727
3 984 991 986
3 984 989 991
3 989 728 991
3 989 727 728
3 974 992 990
3 974 976 992
3 976 993 992
3 976 981 993
3 990 718 719
3 990 992 718
3 992 722 718
3 992 993 722
3 994 995 996
3 994 997 995
3 997 998 995
3 997 999 998
3 996 1000 1001
3 996 995 1000
3 995 1002 1000
3 995 998 1002
3 994 1003 997
3 994 1004 1003
3 1004 785 1003
3 1004 786 785
3 997 1005 999
3 997 1003 1005
3 1003 787 1005
3 1003 785 787
3 994 1006 1004
3 994 1007 1006
3 1007 1008 1006
3 1007 1009 1008
3 1004 801 786
3 1004 1006 801
3 1006 803 801
3 1006 1008 803
3 994 1010 1007
3 994 996 1010
3 996 1011 1010
3 996 1001 1011
3 1007 1012 1009
3 1007 1010 1012
3 1010 1013 1012
3 1010 1011 1013
3 1014 1015 1016
3 1014 1017 1015
3 1017 1018 1015
3 1017 1019 1018
3 1016 1020 1021
3 1016 1015 1020
3 1015 1022 1020
3 1015 1018 1022
3 1014 1023 1017
3 1014 1024 1023
3 1024 1025 1023
3 1024 1026 1025
3 1017 1027 1019
3 1017 1023 1027
3 1023 1028 1027
3 1023 1025 1028
3 1014 1029 1024
3 1014 1030 1029
3 1030 987 1029
3 1030 979 987
3 1024 1031 1026
3 1024 1029 1031
3 1029 988 1031
3 1029 987 988
3 1014 1032 1030
3 1014 1016 1032
3 1016 1033 1032
3 1016 1021 1033
3 1030 978 979
3 1030 1032 978
3 1032 982 978
3 1032 1033 982
3 1034 1035 1036
3 1034 1037 1035
3 1037 867 1035
3 1037 862 867
3 1036 1038 1039
3 1036 1035 1038
3 1035 868 1038
3 1035 867 868
3 1034 1040 1037
3 1034 1041 1040
3 1041 1042 1040
3 1041 1043 1042
3 1037 861 862
3 1037 1040 861
3 1040 864 861
3 1040 1042 864
3 1034 1044 1041
3 1034 1045 1044
3 1045 1027 1044
3 1045 1019 1027
3 1041 1046 1043
3 1041 1044 1046
3 1044 1028 1046
3 1044 1027 1028
3 1034 1047 1045
3 1034 1036 1047
3 1036 1048 1047
3 1036 1039 1048
3 1045 1018 1019
3 1045 1047 1018
3 1047 1022 1018
3 1047 1048 1022
3 1049 1050 1051
3 1049 1052 1050
3 1052 1053 1050
3 1052 1054 1053
3 1051 1055 1056
3 1051 1050 1055
3 1050 1057 1055
3 1050 1053 1057
3 1049 1058 1052
3 1049 1059 1058
3 1059 1000 1058
3 1059 1001 1000
3 1052 1060 1054
3 1052 1058 1060
3 1058 1002 1060
3 1058 1000 1002
3 1049 1061 1059
3 1049 1062 1061
3 1062 1063 1061
3 1062 1064 1063
3 1059 1011 1001
3 1059 1061 1011
3 1061 1013 1011
3 1061 1063 1013
3 1049 1065 1062
3 1049 1051 1065
3 1051 1066 1065
3 1051 1056 1066
3 1062 1067 1064
3 1062 1065 1067
3 1065 1068 1067
3 1065 1066 1068
3 1069 1070 1071
3 1069 1072 1070
3 1072 1073 1070
3 1072 1074 1073
3 1071 920 921
3 1071 1070 920
3 1070 923 920
3 1070 1073 923
3 1069 1075 1072
3 1069 1076 1075
3 1076 1055 1075
3 1076 1056 1055
3 1072 1077 1074
3 1072 1075 1077
3 1075 1057 1077
3 1075 1055 1057
3 1069 1078 1076
3 1069 1079 1078
3 1079 1080 1078
3 1079 1081 1080
3 1076 1066 1056
3 1076 1078 1066
3 1078 1068 1066
3 1078 1080 1068
3 1069 1082 1079
3 1069 1071 1082
3 1071 928 1082
3 1071 921 928
3 1079 1083 1081
3 1079 1082 1083
3 1082 929 1083
3 1082 928 929
3 1084 1085 1086
3 1084 1087 1085
3 1087 1088 1085
3 1087 1089 1088
3 1086 1090 1091
3 1086 1085 1090
3 1085 1092 1090
3 1085 1088 1092
3 1084 1093 1087
3 1084 1094 1093
3 1094 1095 1093
3 1094 1096 1095
3 1087 1097 1089
3 1087 1093 1097
3 1093 1098 1097
3 1093 1095 1098
3 1084 1099 1094
3 1084 1100 1099
3 1100 1101 1099
3 1100 1102 1101
3 1094 1103 1096
3 1094 1099 1103
3 1099 1104 1103
3 1099 1101 1104
3 1084 1105 1100
3 1084 1086 1105
3 1086 1106 1105
3 1086 1091 1106
3 1100 1107 1102
3 1100 1105 1107
3 1105 1108 1107
3 1105 1106 1108
3 1109 1110 1111
3 1109 1112 1110
3 1112 1113 1110
3 1112 1114 1113
3 1111 1115 1116
3 1111 1110 1115
3 1110 1117 1115
3 1110 1113 1117
3 1109 1118 1112
3 1109 1119 1118
3 1119 1120 1118
3 1119 1121 1120
3 1112 1122 1114
3 1112 1118 1122
3 1118 1123 1122
3 1118 1120 1123
3 1109 1124 1119
3 1109 1125 1124
3 1125 1126 1124
3 1125 1127 1126
3 1119 1128 1121
3 1119 1124 1128
3 1124 1129 1128
3 1124 1126 1129
3 1109 1130 1125
3 1109 1111 1130
3 1111 1131 1130
3 1111 1116 1131
3 1125 1132 1127
3 1125 1130 1132
3 1130 1133 1132
3 1130 1131 1133
3 1134 1135 1136
3 1134 1137 1135
3 1137 1138 1135
3 1137 1139 1138
3 1136 1140 1141
3 1136 1135 1140
3 1135 1142 1140
3 1135 1138 1142
3 1134 1143 1137
3 1134 1144 1143
3 1144 1145 1143
3 1144 1146 1145
3 1137 1147 1139
3 1137 1143 1147
3 1143 1148 1147
3 1143 1145 1148
3 1134 1149 1144
3 1134 1150 1149
3 1150 1151 1149
3 1150 1152 1151
3 1144 1153 1146
3 1144 1149 1153
3 1149 1154 1153
3 1149 1151 1154
3 1134 1155 1150
3 1134 1136 1155
3 1136 1156 1155
3 1136 1141 1156
3 1150 1157 1152
3 1150 1155 1157
3 1155 1158 1157
3 1155 1156 1158
3 1159 1160 1161
3 1159 1162 1160
3 1162 1157 1160
3 1162 1152 1157
3 1161 1163 1164
3 1161 1160 1163
3 1160 1158 1163
3 1160 1157 1158
3 1159 1165 1162
3 1159 1166 1165
3 1166 1167 1165
3 1166 1168 1167
3 1162 1151 1152
3 1162 1165 1151
3 1165 1154 1151
3 1165 1167 1154
3 1159 1169 1166
3 1159 1170 1169
3 1170 1171 1169
3 1170 1172 1171
3 1166 1173 1168
3 1166 1169 1173
3 1169 1174 1173
3 1169 1171 1174
3 1159 1175 1170
3 1159 1161 1175
3 1161 1176 1175
3 1161 1164 1176
3 1170 1177 1172
3 1170 1175 1177
3 1175 1178 1177
3 1175 1176 1178
3 1179 1180 1181
3 1179 1182 1180
3 1182 1183 1180
3 1182 1184 1183
3 1181 1185 1186
3 1181 1180 1185
3 1180 1187 1185
3 1180 1183 1187
3 1179 1188 1182
3 1179 1189 1188
3 1189 1190 1188
3 1189 1191 1190
3 1182 1192 1184
3 1182 1188 1192
3 1188 1193 1192
3 1188 1190 1193
3 1179 1194 1189
3 1179 1195 1194
3 1195 1196 1194
3 1195 1197 1196
3 1189 1198 1191
3 1189 1194 1198
3 1194 1199 1198
3 1194 1196 1199
3 1179 1200 1195
3 1179 1181 1200
3 1181 1201 1200
3 1181 1186 1201
3 1195 1202 1197
3 1195 1200 1202
3 1200 1203 1202
3 1200 1201 1203
3 1204 1205 1206
3 1204 1207 1205
3 1207 1208 1205
3 1207 1209 1208
3 1206 1210 1211
3 1206 1205 1210
3 1205 1212 1210
3 1205 1208 1212
3 1204 1213 1207
3 1204 1214 1213
3 1214 1198 1213
3 1214 1191 1198
3 1207 1215 1209
3 1207 1213 1215
3 1213 1199 1215
3 1213 1198 1199
3 1204 1216 1214
3 1204 1217 1216
3 1217 1218 1216
3 1217 1219 1218
3 1214 1190 1191
3 1214 1216 1190
3 1216 1193 1190
3 1216 1218 1193
3 1204 1220 1217
3 1204 1206 1220
3 1206 1221 1220
3 1206 1211 1221
3 1217 1222 1219
3 1217 1220 1222
3 1220 1223 1222
3 1220 1221 1223
3 1224 1225 1226
3 1224 1227 1225
3 1227 1228 1225
3 1227 1229 1228
3 1226 1230 1231
3 1226 1225 1230
3 1225 1232 1230
3 1225 1228 1232
3 1224 1233 1227
3 1224 1234 1233
3 1234 1235 1233
3 1234 1236 1235
3 1227 1237 1229
3 1227 1233 1237
3 1233 1238 1237
3 1233 1235 1238
3 1224 1239 1234
3 1224 1240 1239
3 1240 1241 1239
3 1240 1242 1241
3 1234 1243 1236
3 1234 1239 1243
3 1239 1244 1243
3 1239 1241 1244
3 1224 1245 1240
3 1224 1226 1245
3 1226 1246 1245
3 1226 1231 1246
3 1240 1247 1242
3 1240 1245 1247
3 1245 1248 1247
3 1245 1246 1248
3 1249 1250 1251
3 1249 1252 1250
3 1252 1253 1250
3 1252 1254 1253
3 1251 1235 1236
3 1251 1250 1235
3 1250 1238 1235
3 1250 1253 1238
3 1249 1255 1252
3 1249 1256 1255
3 1256 1192 1255
3 1256 1184 1192
3 1252 1257 1254
3 1252 1255 1257
3 1255 1193 1257
3 1255 1192 1193
3 1249 1258 1256
3 1249 1259 1258
3 1259 1260 1258
3 1259 1261 1260
3 1256 1183 1184
3 1256 1258 1183
3 1258 1187 1183
3 1258 1260 1187
3 1249 1262 1259
3 1249 1251 1262
3 1251 1243 1262
3 1251 1236 1243
3 1259 1263 1261
3 1259 1262 1263
3 1262 1244 1263
3 1262 1243 1244
3 1264 1265 1266
3 1264 1267 1265
3 1267 1268 1265
3 1267 1269 1268
3 1266 1270 1271
3 1266 1265 1270
3 1265 1272 1270
3 1265 1268 1272
3 1264 1273 1267
3 1264 1274 1273
3 1274 1247 1273
3 1274 1242 1247
3 1267 1275 1269
3 1267 1273 1275
3 1273 1248 1275
3 1273 1247 1248
3 1264 1276 1274
3 1264 1277 1276
3 1277 1278 1276
3 1277 1279 1278
3 1274 1241 1242
3 1274 1276 1241
3 1276 1244 1241
3 1276 1278 1244
3 1264 1280 1277
3 1264 1266 1280
3 1266 1281 1280
3 1266 1271 1281
3 1277 1282 1279
3 1277 1280 1282
3 1280 1283 1282
3 1280 1281 1283
3 1284 1285 1286
3 1284 1287 1285
3 1287 1282 1285
3 1287 1279 1282
3 1286 1288 1289
3 1286 1285 1288
3 1285 1283 1288
3 1285 1282 1283
3 1284 1290 1287
3 1284 1291 1290
3 1291 1263 1290
3 1291 1261 1263
3 1287 1278 1279
3 1287 1290 1278
3 1290 1244 1278
3 1290 1263 1244
3 1284 1292 1291
3 1284 1293 1292
3 1293 1185 1292
3 1293 1186 1185
3 1291 1260 1261
3 1291 1292 1260
3 1292 1187 1260
3 1292 1185 1187
3 1284 1294 1293
3 1284 1286 1294
3 1286 1295 1294
3 1286 1289 1295
3 1293 1201 1186
3 1293 1294 1201
3 1294 1203 1201
3 1294 1295 1203
3 1296 1297 1298
3 1296 1299 1297
3 1299 1300 1297
3 1299 1301 1300
3 1298 1302 1303
3 1298 1297 1302
3 1297 1304 1302
3 1297 1300 1304
3 1296 1305 1299
3 1296 1306 1305
3 1306 1307 1305
3 1306 1308 1307
3 1299 1309 1301
3 1299 1305 1309
3 1305 1310 1309
3 1305 1307 1310
3 1296 1311 1306
3 1296 1312 1311
3 1312 1313 1311
3 1312 1314 1313
3 1306 1315 1308
3 1306 1311 1315
3 1311 1316 1315
3 1311 1313 1316
3 1296 1317 1312
3 1296 1298 1317
3 1298 1318 1317
3 1298 1303 1318
3 1312 1319 1314
3 1312 1317 1319
3 1317 1320 1319
3 1317 1318 1320
3 1321 1322 1323
3 1321 1324 1322
3 1324 1325 1322
3 1324 1326 1325
3 1323 1307 1308
3 1323 1322 1307
3 1322 1310 1307
3 1322 1325 1310
3 1321 1327 1324
3 1321 1328 1327
3 1328 1210 1327
3 1328 1211 1210
3 1324 1329 1326
3 1324 1327 1329
3 1327 1212 1329
3 1327 1210 1212
3 1321 1330 1328
3 1321 1331 1330
3 1331 1332 1330
3 1331 1333 1332
3 1328 1221 1211
3 1328 1330 1221
3 1330 1223 1221
3 1330 1332 1223
3 1321 1334 1331
3 1321 1323 1334
3 1323 1315 1334
3 1323 1308 1315
3 1331 1335 1333
3 1331 1334 1335
3 1334 1316 1335
3 1334 1315 1316
3 1336 1337 1338
3 1336 1339 1337
3 1339 1340 1337
3 1339 1341 1340
3 1338 1228 1229
3 1338 1337 1228
3 1337 1232 1228
3 1337 1340 1232
3 1336 1342 1339
3 1336 1343 1342
3 1343 1319 1342
3 1343 1314 1319
3 1339 1344 1341
3 1339 1342 1344
3 1342 1320 1344
3 1342 1319 1320
3 1336 1345 1343
3 1336 1346 1345
3 1346 1347 1345
3 1346 1348 1347
3 1343 1313 1314
3 1343 1345 1313
3 1345 1316 1313
3 1345 1347 1316
3 1336 1349 1346
3 1336 1338 1349
3 1338 1237 1349
3 1338 1229 1237
3 1346 1350 1348
3 1346 1349 1350
3 1349 1238 1350
3 1349 1237 1238
3 1351 1352 1353
3 1351 1354 1352
3 1354 1350 1352
3 1354 1348 1350
3 1353 1253 1254
3 1353 1352 1253
3 1352 1238 1253
3 1352 1350 1238
3 1351 1355 1354
3 1351 1356 1355
3 1356 1335 1355
3 1356 1333 1335
3 1354 1347 1348
3 1354 1355 1347
3 1355 1316 1347
3 1355 1335 1316
3 1351 1357 1356
3 1351 1358 1357
3 1358 1222 1357
3 1358 1219 1222
3 1356 1332 1333
3 1356 1357 1332
3 1357 1223 1332
3 1357 1222 1223
3 1351 1359 1358
3 1351 1353 1359
3 1353 1257 1359
3 1353 1254 1257
3 1358 1218 1219
3 1358 1359 1218
3 1359 1193 1218
3 1359 1257 1193
3 1360 1361 1362
3 1360 1363 1361
3 1363 1364 1361
3 1363 1365 1364
3 1362 1366 1367
3 1362 1361 1366
3 1361 1368 1366
3 1361 1364 1368
3 1360 1369 1363
3 1360 1370 1369
3 1370 1371 1369
3 1370 1372 1371
3 1363 1373 1365
3 1363 1369 1373
3 1369 1374 1373
3 1369 1371 1374
3 1360 1375 1370
3 1360 1376 1375
3 1376 1377 1375
3 1376 1378 1377
3 1370 1379 1372
3 1370 1375 1379
3 1375 1380 1379
3 1375 1377 1380
3 1360 1381 1376
3 1360 1362 1381
3 1362 1382 1381
3 1362 1367 1382
3 1376 1383 1378
3 1376 1381 1383
3 1381 1384 1383
3 1381 1382 1384
3 1385 1386 1387
3 1385 1388 1386
3 1388 1383 1386
3 1388 1378 1383
3 1387 1389 1390
3 1387 1386 1389
3 1386 1384 1389
3 1386 1383 1384
3 1385 1391 1388
3 1385 1392 1391
3 1392 1393 1391
3 1392 1394 1393
3 1388 1377 1378
3 1388 1391 1377
3 1391 1380 1377
3 1391 1393 1380
3 1385 1395 1392
3 1385 1396 1395
3 1396 1177 1395
3 1396 1172 1177
3 1392 1397 1394
3 1392 1395 1397
3 1395 1178 1397
3 1395 1177 1178
3 1385 1398 1396
3 1385 1387 1398
3 1387 1399 1398
3 1387 1390 1399
3 1396 1171 1172
3 1396 1398 1171
3 1398 1174 1171
3 1398 1399 1174
3 1400 1401 1402
3 1400 1403 1401
3 1403 1404 1401
3 1403 1405 1404
3 1402 1406 1407
3 1402 1401 1406
3 1401 1408 1406
3 1401 1404 1408
3 1400 1409 1403
3 1400 1410 1409
3 1410 1411 1409
3 1410 1412 1411
3 1403 1413 1405
3 1403 1409 1413
3 1409 1414 1413
3 1409 1411 1414
3 1400 1415 1410
3 1400 1416 1415
3 1416 1417 1415
3 1416 1418 1417
3 1410 1419 1412
3 1410 1415 1419
3 1415 1420 1419
3 1415 1417 1420
3 1400 1421 1416
3 1400 1402 1421
3 1402 1422 1421
3 1402 1407 1422
3 1416 1423 1418
3 1416 1421 1423
3 1421 1424 1423
3 1421 1422 1424
3 1425 1426 1427
3 1425 1428 1426
3 1428 1429 1426
3 1428 1430 1429
3 1427 1411 1412
3 1427 1426 1411
3 1426 1414 1411
3 1426 1429 1414
3 1425 1431 1428
3 1425 1432 1431
3 1432 1147 1431
3 1432 1139 1147
3 1428 1433 1430
3 1428 1431 1433
3 1431 1148 1433
3 1431 1147 1148
3 1425 1434 1432
3 1425 1435 1434
3 1435 1436 1434
3 1435 1437 1436
3 1432 1138 1139
3 1432 1434 1138
3 1434 1142 1138
3 1434 1436 1142
3 1425 1438 1435
3 1425 1427 1438
3 1427 1419 1438
3 1427 1412 1419
3 1435 1439 1437
3 1435 1438 1439
3 1438 1420 1439
3 1438 1419 1420
3 1440 1441 1442
3 1440 1443 1441
3 1443 1444 1441
3 1443 1445 1444
3 1442 1446 1447
3 1442 1441 1446
3 1441 1448 1446
3 1441 1444 1448
3 1440 1449 1443
3 1440 1450 1449
3 1450 43 1449
3 1450 38 43
3 1443 1451 1445
3 1443 1449 1451
3 1449 44 1451
3 1449 43 44
3 1440 1452 1450
3 1440 1453 1452
3 1453 1454 1452
3 1453 1455 1454
3 1450 37 38
3 1450 1452 37
3 1452 40 37
3 1452 1454 40
3 1440 1456 1453
3 1440 1442 1456
3 1442 1457 1456
3 1442 1447 1457
3 1453 1458 1455
3 1453 1456 1458
3 1456 1459 1458
3 1456 1457 1459
3 1460 1461 1462
3 1460 1463 1461
3 1463 1464 1461
3 1463 1465 1464
3 1462 1466 1467
3 1462 1461 1466
3 1461 1468 1466
3 1461 1464 1468
3 1460 1469 1463
3 1460 1470 1469
3 1470 64 1469
3 1470 57 64
3 1463 1471 1465
3 1463 1469 1471
3 1469 65 1471
3 1469 64 65
3 1460 1472 1470
3 1460 1473 1472
3 1473 1474 1472
3 1473 1475 1474
3 1470 56 57
3 1470 1472 56
3 1472 59 56
3 1472 1474 59
3 1460 1476 1473
3 1460 1462 1476
3 1462 1477 1476
3 1462 1467 1477
3 1473 1478 1475
3 1473 1476 1478
3 1476 1479 1478
3 1476 1477 1479
3 1480 1481 1482
3 1480 1483 1481
3 1483 1484 1481
3 1483 1485 1484
3 1482 147 137
3 1482 1481 147
3 1481 149 147
3 1481 1484 149
3 1480 1486 1483
3 1480 1487 1486
3 1487 1488 1486
3 1487 1489 1488
3 1483 1490 1485
3 1483 1486 1490
3 1486 1491 1490
3 1486 1488 1491
3 1480 1492 1487
3 1480 1493 1492
3 1493 1494 1492
3 1493 1495 1494
3 1487 1496 1489
3 1487 1492 1496
3 1492 1497 1496
3 1492 1494 1497
3 1480 1498 1493
3 1480 1482 1498
3 1482 136 1498
3 1482 137 136
3 1493 1499 1495
3 1493 1498 1499
3 1498 138 1499
3 1498 136 138
3 1500 1501 1502
3 1500 1503 1501
3 1503 1504 1501
3 1503 1505 1504
3 1502 163 155
3 1502 1501 163
3 1501 165 163
3 1501 1504 165
3 1500 1506 1503
3 1500 1507 1506
3 1507 1508 1506
3 1507 1509 1508
3 1503 1510 1505
3 1503 1506 1510
3 1506 1511 1510
3 1506 1508 1511
3 1500 1512 1507
3 1500 1513 1512
3 1513 1490 1512
3 1513 1485 1490
3 1507 1514 1509
3 1507 1512 1514
3 1512 1491 1514
3 1512 1490 1491
3 1500 1515 1513
3 1500 1502 1515
3 1502 154 1515
3 1502 155 154
3 1513 1484 1485
3 1513 1515 1484
3 1515 149 1484
3 1515 154 149
3 1516 1517 1518
3 1516 1519 1517
3 1519 1520 1517
3 1519 1521 1520
3 1518 170 171
3 1518 1517 170
3 1517 174 170
3 1517 1520 174
3 1516 1522 1519
3 1516 1523 1522
3 1523 1524 1522
3 1523 1525 1524
3 1519 1526 1521
3 1519 1522 1526
3 1522 1527 1526
3 1522 1524 1527
3 1516 1528 1523
3 1516 1529 1528
3 1529 1530 1528
3 1529 1531 1530
3 1523 1532 1525
3 1523 1528 1532
3 1528 1533 1532
3 1528 1530 1533
3 1516 1534 1529
3 1516 1518 1534
3 1518 179 1534
3 1518 171 179
3 1529 1535 1531
3 1529 1534 1535
3 1534 180 1535
3 1534 179 180
3 1536 1537 1538
3 1536 1539 1537
3 1539 1535 1537
3 1539 1531 1535
3 1538 195 196
3 1538 1537 195
3 1537 180 195
3 1537 1535 180
3 1536 1540 1539
3 1536 1541 1540
3 1541 1542 1540
3 1541 1543 1542
3 1539 1530 1531
3 1539 1540 1530
3 1540 1533 1530
3 1540 1542 1533
3 1536 1544 1541
3 1536 1545 1544
3 1545 1546 1544
3 1545 1547 1546
3 1541 1548 1543
3 1541 1544 1548
3 1544 1549 1548
3 1544 1546 1549
3 1536 1550 1545
3 1536 1538 1550
3 1538 201 1550
3 1538 196 201
3 1545 1551 1547
3 1545 1550 1551
3 1550 202 1551
3 1550 201 202
3 1552 1553 1554
3 1552 1555 1553
3 1555 1556 1553
3 1555 1557 1556
3 1554 271 263
3 1554 1553 271
3 1553 273 271
3 1553 1556 273
3 1552 1558 1555
3 1552 1559 1558
3 1559 1560 1558
3 1559 1561 1560
3 1555 1562 1557
3 1555 1558 1562
3 1558 1563 1562
3 1558 1560 1563
3 1552 1564 1559
3 1552 1565 1564
3 1565 1510 1564
3 1565 1505 1510
3 1559 1566 1561
3 1559 1564 1566
3 1564 1511 1566
3 1564 1510 1511
3 1552 1567 1565
3 1552 1554 1567
3 1554 262 1567
3 1554 263 262
3 1565 1504 1505
3 1565 1567 1504
3 1567 165 1504
3 1567 262 165
3 1568 1569 1570
3 1568 1571 1569
3 1571 1551 1569
3 1571 1547 1551
3 1570 278 279
3 1570 1569 278
3 1569 202 278
3 1569 1551 202
3 1568 1572 1571
3 1568 1573 1572
3 1573 1574 1572
3 1573 1575 1574
3 1571 1546 1547
3 1571 1572 1546
3 1572 1549 1546
3 1572 1574 1549
3 1568 1576 1573
3 1568 1577 1576
3 1577 1578 1576
3 1577 1579 1578
3 1573 1580 1575
3 1573 1576 1580
3 1576 1581 1580
3 1576 1578 1581
3 1568 1582 1577
3 1568 1570 1582
3 1570 284 1582
3 1570 279 284
3 1577 1583 1579
3 1577 1582 1583
3 1582 285 1583
3 1582 284 285
3 1584 1585 1586
3 1584 1587 1585
3 1587 1588 1585
3 1587 1589 1588
3 1586 383 373
3 1586 1585 383
3 1585 385 383
3 1585 1588 385
3 1584 1590 1587
3 1584 1591 1590
3 1591 1592 1590
3 1591 1593 1592
3 1587 1594 1589
3 1587 1590 1594
3 1590 1595 1594
3 1590 1592 1595
3 1584 1596 1591
3 1584 1597 1596
3 1597 1598 1596
3 1597 1599 1598
3 1591 1600 1593
3 1591 1596 1600
3 1596 1601 1600
3 1596 1598 1601
3 1584 1602 1597
3 1584 1586 1602
3 1586 372 1602
3 1586 373 372
3 1597 1603 1599
3 1597 1602 1603
3 1602 374 1603
3 1602 372 374
3 1604 1605 1606
3 1604 1607 1605
3 1607 1608 1605
3 1607 1609 1608
3 1606 399 391
3 1606 1605 399
3 1605 401 399
3 1605 1608 401
3 1604 1610 1607
3 1604 1611 1610
3 1611 1612 1610
3 1611 1613 1612
3 1607 1614 1609
3 1607 1610 1614
3 1610 1615 1614
3 1610 1612 1615
3 1604 1616 1611
3 1604 1617 1616
3 1617 1594 1616
3 1617 1589 1594
3 1611 1618 1613
3 1611 1616 1618
3 1616 1595 1618
3 1616 1594 1595
3 1604 1619 1617
3 1604 1606 1619
3 1606 390 1619
3 1606 391 390
3 1617 1588 1589
3 1617 1619 1588
3 1619 385 1588
3 1619 390 385
3 1620 1621 1622
3 1620 1623 1621
3 1623 1499 1621
3 1623 1495 1499
3 1622 413 407
3 1622 1621 413
3 1621 138 413
3 1621 1499 138
3 1620 1624 1623
3 1620 1625 1624
3 1625 1626 1624
3 1625 1627 1626
3 1623 1494 1495
3 1623 1624 1494
3 1624 1497 1494
3 1624 1626 1497
3 1620 1628 1625
3 1620 1629 1628
3 1629 1614 1628
3 1629 1609 1614
3 1625 1630 1627
3 1625 1628 1630
3 1628 1615 1630
3 1628 1614 1615
3 1620 1631 1629
3 1620 1622 1631
3 1622 406 1631
3 1622 407 406
3 1629 1608 1609
3 1629 1631 1608
3 1631 401 1608
3 1631 406 401
3 1632 1633 1634
3 1632 1635 1633
3 1635 1636 1633
3 1635 1637 1636
3 1634 418 419
3 1634 1633 418
3 1633 422 418
3 1633 1636 422
3 1632 1638 1635
3 1632 1639 1638
3 1639 1640 1638
3 1639 1641 1640
3 1635 1642 1637
3 1635 1638 1642
3 1638 1643 1642
3 1638 1640 1643
3 1632 1644 1639
3 1632 1645 1644
3 1645 1646 1644
3 1645 1647 1646
3 1639 1648 1641
3 1639 1644 1648
3 1644 1649 1648
3 1644 1646 1649
3 1632 1650 1645
3 1632 1634 1650
3 1634 427 1650
3 1634 419 427
3 1645 1651 1647
3 1645 1650 1651
3 1650 428 1651
3 1650 427 428
3 1652 1653 1654
3 1652 1655 1653
3 1655 1651 1653
3 1655 1647 1651
3 1654 443 444
3 1654 1653 443
3 1653 428 443
3 1653 1651 428
3 1652 1656 1655
3 1652 1657 1656
3 1657 1658 1656
3 1657 1659 1658
3 1655 1646 1647
3 1655 1656 1646
3 1656 1649 1646
3 1656 1658 1649
3 1652 1660 1657
3 1652 1661 1660
3 1661 1662 1660
3 1661 1663 1662
3 1657 1664 1659
3 1657 1660 1664
3 1660 1665 1664
3 1660 1662 1665
3 1652 1666 1661
3 1652 1654 1666
3 1654 449 1666
3 1654 444 449
3 1661 1667 1663
3 1661 1666 1667
3 1666 450 1667
3 1666 449 450
3 1668 1669 1670
3 1668 1671 1669
3 1671 1667 1669
3 1671 1663 1667
3 1670 463 464
3 1670 1669 463
3 1669 450 463
3 1669 1667 450
3 1668 1672 1671
3 1668 1673 1672
3 1673 1674 1672
3 1673 1675 1674
3 1671 1662 1663
3 1671 1672 1662
3 1672 1665 1662
3 1672 1674 1665
3 1668 1676 1673
3 1668 1677 1676
3 1677 1526 1676
3 1677 1521 1526
3 1673 1678 1675
3 1673 1676 1678
3 1676 1527 1678
3 1676 1526 1527
3 1668 1679 1677
3 1668 1670 1679
3 1670 467 1679
3 1670 464 467
3 1677 1520 1521
3 1677 1679 1520
3 1679 174 1520
3 1679 467 174
3 1680 1681 1682
3 1680 1683 1681
3 1683 1684 1681
3 1683 1685 1684
3 1682 583 575
3 1682 1681 583
3 1681 585 583
3 1681 1684 585
3 1680 1686 1683
3 1680 1687 1686
3 1687 1688 1686
3 1687 1689 1688
3 1683 1690 1685
3 1683 1686 1690
3 1686 1691 1690
3 1686 1688 1691
3 1680 1692 1687
3 1680 1693 1692
3 1693 1562 1692
3 1693 1557 1562
3 1687 1694 1689
3 1687 1692 1694
3 1692 1563 1694
3 1692 1562 1563
3 1680 1695 1693
3 1680 1682 1695
3 1682 574 1695
3 1682 575 574
3 1693 1556 1557
3 1693 1695 1556
3 1695 273 1556
3 1695 574 273
3 1696 1697 1698
3 1696 1699 1697
3 1699 1700 1697
3 1699 1701 1700
3 1698 599 591
3 1698 1697 599
3 1697 601 599
3 1697 1700 601
3 1696 1702 1699
3 1696 1703 1702
3 1703 1704 1702
3 1703 1705 1704
3 1699 1706 1701
3 1699 1702 1706
3 1702 1707 1706
3 1702 1704 1707
3 1696 1708 1703
3 1696 1709 1708
3 1709 1690 1708
3 1709 1685 1690
3 1703 1710 1705
3 1703 1708 1710
3 1708 1691 1710
3 1708 1690 1691
3 1696 1711 1709
3 1696 1698 1711
3 1698 590 1711
3 1698 591 590
3 1709 1684 1685
3 1709 1711 1684
3 1711 585 1684
3 1711 590 585
3 1712 1713 1714
3 1712 1715 1713
3 1715 1716 1713
3 1715 1717 1716
3 1714 615 607
3 1714 1713 615
3 1713 617 615
3 1713 1716 617
3 1712 1718 1715
3 1712 1719 1718
3 1719 1720 1718
3 1719 1721 1720
3 1715 1722 1717
3 1715 1718 1722
3 1718 1723 1722
3 1718 1720 1723
3 1712 1724 1719
3 1712 1725 1724
3 1725 1706 1724
3 1725 1701 1706
3 1719 1726 1721
3 1719 1724 1726
3 1724 1707 1726
3 1724 1706 1707
3 1712 1727 1725
3 1712 1714 1727
3 1714 606 1727
3 1714 607 606
3 1725 1700 1701
3 1725 1727 1700
3 1727 601 1700
3 1727 606 601
3 1728 1729 1730
3 1728 1731 1729
3 1731 1583 1729
3 1731 1579 1583
3 1730 622 623
3 1730 1729 622
3 1729 285 622
3 1729 1583 285
3 1728 1732 1731
3 1728 1733 1732
3 1733 1734 1732
3 1733 1735 1734
3 1731 1578 1579
3 1731 1732 1578
3 1732 1581 1578
3 1732 1734 1581
3 1728 1736 1733
3 1728 1737 1736
3 1737 1738 1736
3 1737 1739 1738
3 1733 1740 1735
3 1733 1736 1740
3 1736 1741 1740
3 1736 1738 1741
3 1728 1742 1737
3 1728 1730 1742
3 1730 628 1742
3 1730 623 628
3 1737 1743 1739
3 1737 1742 1743
3 1742 629 1743
3 1742 628 629
3 1744 1745 1746
3 1744 1747 1745
3 1747 1743 1745
3 1747 1739 1743
3 1746 642 643
3 1746 1745 642
3 1745 629 642
3 1745 1743 629
3 1744 1748 1747
3 1744 1749 1748
3 1749 1750 1748
3 1749 1751 1750
3 1747 1738 1739
3 1747 1748 1738
3 1748 1741 1738
3 1748 1750 1741
3 1744 1752 1749
3 1744 1753 1752
3 1753 1754 1752
3 1753 1755 1754
3 1749 1756 1751
3 1749 1752 1756
3 1752 1757 1756
3 1752 1754 1757
3 1744 1758 1753
3 1744 1746 1758
3 1746 648 1758
3 1746 643 648
3 1753 1759 1755
3 1753 1758 1759
3 1758 649 1759
3 1758 648 649
3 1760 1761 1762
3 1760 1763 1761
3 1763 1759 1761
3 1763 1755 1759
3 1762 662 663
3 1762 1761 662
3 1761 649 662
3 1761 1759 649
3 1760 1764 1763
3 1760 1765 1764
3 1765 1766 1764
3 1765 1767 1766
3 1763 1754 1755
3 1763 1764 1754
3 1764 1757 1754
3 1764 1766 1757
3 1760 1768 1765
3 1760 1769 1768
3 1769 1770 1768
3 1769 1771 1770
3 1765 1772 1767
3 1765 1768 1772
3 1768 1773 1772
3 1768 1770 1773
3 1760 1774 1769
3 1760 1762 1774
3 1762 668 1774
3 1762 663 668
3 1769 1775 1771
3 1769 1774 1775
3 1774 669 1775
3 1774 668 669
3 1776 1777 1778
3 1776 1779 1777
3 1779 1780 1777
3 1779 1781 1780
3 1778 1782 1783
3 1778 1777 1782
3 1777 1784 1782
3 1777 1780 1784
3 1776 1785 1779
3 1776 1786 1785
3 1786 1202 1785
3 1786 1197 1202
3 1779 1787 1781
3 1779 1785 1787
3 1785 1203 1787
3 1785 1202 1203
3 1776 1788 1786
3 1776 1789 1788
3 1789 1790 1788
3 1789 1791 1790
3 1786 1196 1197
3 1786 1788 1196
3 1788 1199 1196
3 1788 1790 1199
3 1776 1792 1789
3 1776 1778 1792
3 1778 1793 1792
3 1778 1783 1793
3 1789 1794 1791
3 1789 1792 1794
3 1792 1795 1794
3 1792 1793 1795
3 1796 1797 1798
3 1796 1799 1797
3 1799 1800 1797
3 1799 1801 1800
3 1798 1208 1209
3 1798 1797 1208
3 1797 1212 1208
3 1797 1800 1212
3 1796 1802 1799
3 1796 1803 1802
3 1803 1804 1802
3 1803 1805 1804
3 1799 1806 1801
3 1799 1802 1806
3 1802 1807 1806
3 1802 1804 1807
3 1796 1808 1803
3 1796 1809 1808
3 1809 1794 1808
3 1809 1791 1794
3 1803 1810 1805
3 1803 1808 1810
3 1808 1795 1810
3 1808 1794 1795
3 1796 1811 1809
3 1796 1798 1811
3 1798 1215 1811
3 1798 1209 1215
3 1809 1790 1791
3 1809 1811 1790
3 1811 1199 1790
3 1811 1215 1199
3 1812 1813 1814
3 1812 1815 1813
3 1815 1816 1813
3 1815 1817 1816
3 1814 1281 1271
3 1814 1813 1281
3 1813 1283 1281
3 1813 1816 1283
3 1812 1818 1815
3 1812 1819 1818
3 1819 1820 1818
3 1819 1821 1820
3 1815 1822 1817
3 1815 1818 1822
3 1818 1823 1822
3 1818 1820 1823
3 1812 1824 1819
3 1812 1825 1824
3 1825 1826 1824
3 1825 1827 1826
3 1819 1828 1821
3 1819 1824 1828
3 1824 1829 1828
3 1824 1826 1829
3 1812 1830 1825
3 1812 1814 1830
3 1814 1270 1830
3 1814 1271 1270
3 1825 1831 1827
3 1825 1830 1831
3 1830 1272 1831
3 1830 1270 1272
3 1832 1833 1834
3 1832 1835 1833
3 1835 1787 1833
3 1835 1781 1787
3 1834 1295 1289
3 1834 1833 1295
3 1833 1203 1295
3 1833 1787 1203
3 1832 1836 1835
3 1832 1837 1836
3 1837 1838 1836
3 1837 1839 1838
3 1835 1780 1781
3 1835 1836 1780
3 1836 1784 1780
3 1836 1838 1784
3 1832 1840 1837
3 1832 1841 1840
3 1841 1822 1840
3 1841 1817 1822
3 1837 1842 1839
3 1837 1840 1842
3 1840 1823 1842
3 1840 1822 1823
3 1832 1843 1841
3 1832 1834 1843
3 1834 1288 1843
3 1834 1289 1288
3 1841 1816 1817
3 1841 1843 1816
3 1843 1283 1816
3 1843 1288 1283
3 1844 1845 1846
3 1844 1847 1845
3 1847 1848 1845
3 1847 1849 1848
3 1846 1300 1301
3 1846 1845 1300
3 1845 1304 1300
3 1845 1848 1304
3 1844 1850 1847
3 1844 1851 1850
3 1851 1852 1850
3 1851 1853 1852
3 1847 1854 1849
3 1847 1850 1854
3 1850 1855 1854
3 1850 1852 1855
3 1844 1856 1851
3 1844 1857 1856
3 1857 1858 1856
3 1857 1859 1858
3 1851 1860 1853
3 1851 1856 1860
3 1856 1861 1860
3 1856 1858 1861
3 1844 1862 1857
3 1844 1846 1862
3 1846 1309 1862
3 1846 1301 1309
3 1857 1863 1859
3 1857 1862 1863
3 1862 1310 1863
3 1862 1309 1310
3 1864 1865 1866
3 1864 1867 1865
3 1867 1863 1865
3 1867 1859 1863
3 1866 1325 1326
3 1866 1865 1325
3 1865 1310 1325
3 1865 1863 1310
3 1864 1868 1867
3 1864 1869 1868
3 1869 1870 1868
3 1869 1871 1870
3 1867 1858 1859
3 1867 1868 1858
3 1868 1861 1858
3 1868 1870 1861
3 1864 1872 1869
3 1864 1873 1872
3 1873 1806 1872
3 1873 1801 1806
3 1869 1874 1871
3 1869 1872 1874
3 1872 1807 1874
3 1872 1806 1807
3 1864 1875 1873
3 1864 1866 1875
3 1866 1329 1875
3 1866 1326 1329
3 1873 1800 1801
3 1873 1875 1800
3 1875 1212 1800
3 1875 1329 1212
3 1876 1877 1878
3 1876 1879 1877
3 1879 1880 1877
3 1879 1881 1880
3 1878 1882 1883
3 1878 1877 1882
3 1877 1884 1882
3 1877 1880 1884
3 1876 1885 1879
3 1876 1886 1885
3 1886 74 1885
3 1886 75 74
3 1879 1887 1881
3 1879 1885 1887
3 1885 53 1887
3 1885 74 53
3 1876 1888 1886
3 1876 1889 1888
3 1889 1890 1888
3 1889 1891 1890
3 1886 84 75
3 1886 1888 84
3 1888 14 84
3 1888 1890 14
3 1876 1892 1889
3 1876 1878 1892
3 1878 1893 1892
3 1878 1883 1893
3 1889 1894 1891
3 1889 1892 1894
3 1892 1895 1894
3 1892 1893 1895
3 1896 1897 1898
3 1896 1899 1897
3 1899 1900 1897
3 1899 1901 1900
3 1898 1902 1903
3 1898 1897 1902
3 1897 1904 1902
3 1897 1900 1904
3 1896 1905 1899
3 1896 1906 1905
3 1906 58 1905
3 1906 50 58
3 1899 1907 1901
3 1899 1905 1907
3 1905 59 1907
3 1905 58 59
3 1896 1908 1906
3 1896 1909 1908
3 1909 1887 1908
3 1909 1881 1887
3 1906 49 50
3 1906 1908 49
3 1908 53 49
3 1908 1887 53
3 1896 1910 1909
3 1896 1898 1910
3 1898 1911 1910
3 1898 1903 1911
3 1909 1880 1881
3 1909 1910 1880
3 1910 1884 1880
3 1910 1911 1884
3 1912 1913 1914
3 1912 1915 1913
3 1915 1916 1913
3 1915 1917 1916
3 1914 1918 1919
3 1914 1913 1918
3 1913 1920 1918
3 1913 1916 1920
3 1912 1921 1915
3 1912 1922 1921
3 1922 29 1921
3 1922 30 29
3 1915 1923 1917
3 1915 1921 1923
3 1921 8 1923
3 1921 29 8
3 1912 1924 1922
3 1912 1925 1924
3 1925 1926 1924
3 1925 1927 1926
3 1922 42 30
3 1922 1924 42
3 1924 44 42
3 1924 1926 44
3 1912 1928 1925
3 1912 1914 1928
3 1914 1929 1928
3 1914 1919 1929
3 1925 1930 1927
3 1925 1928 1930
3 1928 1931 1930
3 1928 1929 1931
3 1932 1933 1934
3 1932 1935 1933
3 1935 1894 1933
3 1935 1891 1894
3 1934 1936 1937
3 1934 1933 1936
3 1933 1895 1936
3 1933 1894 1895
3 1932 1938 1935
3 1932 1939 1938
3 1939 13 1938
3 1939 5 13
3 1935 1890 1891
3 1935 1938 1890
3 1938 14 1890
3 1938 13 14
3 1932 1940 1939
3 1932 1941 1940
3 1941 1923 1940
3 1941 1917 1923
3 1939 4 5
3 1939 1940 4
3 1940 8 4
3 1940 1923 8
3 1932 1942 1941
3 1932 1934 1942
3 1934 1943 1942
3 1934 1937 1943
3 1941 1916 1917
3 1941 1942 1916
3 1942 1920 1916
3 1942 1943 1920
3 1944 1945 1946
3 1944 1947 1945
3 1947 1948 1945
3 1947 1949 1948
3 1946 1950 1951
3 1946 1945 1950
3 1945 1952 1950
3 1945 1948 1952
3 1944 1953 1947
3 1944 1954 1953
3 1954 1115 1953
3 1954 1116 1115
3 1947 1955 1949
3 1947 1953 1955
3 1953 1117 1955
3 1953 1115 1117
3 1944 1956 1954
3 1944 1957 1956
3 1957 1958 1956
3 1957 1959 1958
3 1954 1131 1116
3 1954 1956 1131
3 1956 1133 1131
3 1956 1958 1133
3 1944 1960 1957
3 1944 1946 1960
3 1946 1961 1960
3 1946 1951 1961
3 1957 1962 1959
3 1957 1960 1962
3 1960 1963 1962
3 1960 1961 1963
3 1964 1965 1966
3 1964 1967 1965
3 1967 1968 1965
3 1967 1969 1968
3 1966 1970 1971
3 1966 1965 1970
3 1965 1972 1970
3 1965 1968 1972
3 1964 1973 1967
3 1964 1974 1973
3 1974 1097 1973
3 1974 1089 1097
3 1967 1975 1969
3 1967 1973 1975
3 1973 1098 1975
3 1973 1097 1098
3 1964 1976 1974
3 1964 1977 1976
3 1977 1978 1976
3 1977 1979 1978
3 1974 1088 1089
3 1974 1976 1088
3 1976 1092 1088
3 1976 1978 1092
3 1964 1980 1977
3 1964 1966 1980
3 1966 1981 1980
3 1966 1971 1981
3 1977 1982 1979
3 1977 1980 1982
3 1980 1983 1982
3 1980 1981 1983
3 1984 1985 1986
3 1984 1987 1985
3 1987 1907 1985
3 1987 1901 1907
3 1986 1474 1475
3 1986 1985 1474
3 1985 59 1474
3 1985 1907 59
3 1984 1988 1987
3 1984 1989 1988
3 1989 1990 1988
3 1989 1991 1990
3 1987 1900 1901
3 1987 1988 1900
3 1988 1904 1900
3 1988 1990 1904
3 1984 1992 1989
3 1984 1993 1992
3 1993 1994 1992
3 1993 1995 1994
3 1989 1996 1991
3 1989 1992 1996
3 1992 1997 1996
3 1992 1994 1997
3 1984 1998 1993
3 1984 1986 1998
3 1986 1478 1998
3 1986 1475 1478
3 1993 1999 1995
3 1993 1998 1999
3 1998 1479 1999
3 1998 1478 1479
3 2000 2001 2002
3 2000 2003 2001
3 2003 1930 2001
3 2003 1927 1930
3 2002 2004 2005
3 2002 2001 2004
3 2001 1931 2004
3 2001 1930 1931
3 2000 2006 2003
3 2000 2007 2006
3 2007 1451 2006
3 2007 1445 1451
3 2003 1926 1927
3 2003 2006 1926
3 2006 44 1926
3 2006 1451 44
3 2000 2008 2007
3 2000 2009 2008
3 2009 2010 2008
3 2009 2011 2010
3 2007 1444 1445
3 2007 2008 1444
3 2008 1448 1444
3 2008 2010 1448
3 2000 2012 2009
3 2000 2002 2012
3 2002 2013 2012
3 2002 2005 2013
3 2009 2014 2011
3 2009 2012 2014
3 2012 2015 2014
3 2012 2013 2015
3 2016 2017 2018
3 2016 2019 2017
3 2019 2020 2017
3 2019 2021 2020
3 2018 710 711
3 2018 2017 710
3 2017 675 710
3 2017 2020 675
3 2016 2022 2019
3 2016 2023 2022
3 2023 2024 2022
3 2023 2025 2024
3 2019 2026 2021
3 2019 2022 2026
3 2022 2027 2026
3 2022 2024 2027
3 2016 2028 2023
3 2016 2029 2028
3 2029 2030 2028
3 2029 2031 2030
3 2023 2032 2025
3 2023 2028 2032
3 2028 2033 2032
3 2028 2030 2033
3 2016 2034 2029
3 2016 2018 2034
3 2018 713 2034
3 2018 711 713
3 2029 2035 2031
3 2029 2034 2035
3 2034 561 2035
3 2034 713 561
3 2036 2037 2038
3 2036 2039 2037
3 2039 2040 2037
3 2039 2041 2040
3 2038 2024 2025
3 2038 2037 2024
3 2037 2027 2024
3 2037 2040 2027
3 2036 2042 2039
3 2036 2043 2042
3 2043 1882 2042
3 2043 1883 1882
3 2039 2044 2041
3 2039 2042 2044
3 2042 1884 2044
3 2042 1882 1884
3 2036 2045 2043
3 2036 2046 2045
3 2046 2047 2045
3 2046 2048 2047
3 2043 1893 1883
3 2043 2045 1893
3 2045 1895 1893
3 2045 2047 1895
3 2036 2049 2046
3 2036 2038 2049
3 2038 2032 2049
3 2038 2025 2032
3 2046 2050 2048
3 2046 2049 2050
3 2049 2033 2050
3 2049 2032 2033
3 2051 2052 2053
3 2051 2054 2052
3 2054 2055 2052
3 2054 2056 2055
3 2053 666 667
3 2053 2052 666
3 2052 669 666
3 2052 2055 669
3 2051 2057 2054
3 2051 2058 2057
3 2058 2059 2057
3 2058 2060 2059
3 2054 2061 2056
3 2054 2057 2061
3 2057 2062 2061
3 2057 2059 2062
3 2051 2063 2058
3 2051 2064 2063
3 2064 2026 2063
3 2064 2021 2026
3 2058 2065 2060
3 2058 2063 2065
3 2063 2027 2065
3 2063 2026 2027
3 2051 2066 2064
3 2051 2053 2066
3 2053 674 2066
3 2053 667 674
3 2064 2020 2021
3 2064 2066 2020
3 2066 675 2020
3 2066 674 675
3 2067 2068 2069
3 2067 2070 2068
3 2070 2071 2068
3 2070 2072 2071
3 2069 2059 2060
3 2069 2068 2059
3 2068 2062 2059
3 2068 2071 2062
3 2067 2073 2070
3 2067 2074 2073
3 2074 1902 2073
3 2074 1903 1902
3 2070 2075 2072
3 2070 2073 2075
3 2073 1904 2075
3 2073 1902 1904
3 2067 2076 2074
3 2067 2077 2076
3 2077 2044 2076
3 2077 2041 2044
3 2074 1911 1903
3 2074 2076 1911
3 2076 1884 1911
3 2076 2044 1884
3 2067 2078 2077
3 2067 2069 2078
3 2069 2065 2078
3 2069 2060 2065
3 2077 2040 2041
3 2077 2078 2040
3 2078 2027 2040
3 2078 2065 2027
3 2079 2080 2081
3 2079 2082 2080
3 2082 2083 2080
3 2082 2084 2083
3 2081 612 613
3 2081 2080 612
3 2080 567 612
3 2080 2083 567
3 2079 2085 2082
3 2079 2086 2085
3 2086 2087 2085
3 2086 2088 2087
3 2082 2089 2084
3 2082 2085 2089
3 2085 2090 2089
3 2085 2087 2090
3 2079 2091 2086
3 2079 2092 2091
3 2092 2093 2091
3 2092 2094 2093
3 2086 2095 2088
3 2086 2091 2095
3 2091 2096 2095
3 2091 2093 2096
3 2079 2097 2092
3 2079 2081 2097
3 2081 616 2097
3 2081 613 616
3 2092 2098 2094
3 2092 2097 2098
3 2097 617 2098
3 2097 616 617
3 2099 2100 2101
3 2099 2102 2100
3 2102 2103 2100
3 2102 2104 2103
3 2101 2087 2088
3 2101 2100 2087
3 2100 2090 2087
3 2100 2103 2090
3 2099 2105 2102
3 2099 2106 2105
3 2106 1918 2105
3 2106 1919 1918
3 2102 2107 2104
3 2102 2105 2107
3 2105 1920 2107
3 2105 1918 1920
3 2099 2108 2106
3 2099 2109 2108
3 2109 2110 2108
3 2109 2111 2110
3 2106 1929 1919
3 2106 2108 1929
3 2108 1931 1929
3 2108 2110 1931
3 2099 2112 2109
3 2099 2101 2112
3 2101 2095 2112
3 2101 2088 2095
3 2109 2113 2111
3 2109 2112 2113
3 2112 2096 2113
3 2112 2095 2096
3 2114 2115 2116
3 2114 2117 2115
3 2117 2035 2115
3 2117 2031 2035
3 2116 558 559
3 2116 2115 558
3 2115 561 558
3 2115 2035 561
3 2114 2118 2117
3 2114 2119 2118
3 2119 2120 2118
3 2119 2121 2120
3 2117 2030 2031
3 2117 2118 2030
3 2118 2033 2030
3 2118 2120 2033
3 2114 2122 2119
3 2114 2123 2122
3 2123 2089 2122
3 2123 2084 2089
3 2119 2124 2121
3 2119 2122 2124
3 2122 2090 2124
3 2122 2089 2090
3 2114 2125 2123
3 2114 2116 2125
3 2116 566 2125
3 2116 559 566
3 2123 2083 2084
3 2123 2125 2083
3 2125 567 2083
3 2125 566 567
3 2126 2127 2128
3 2126 2129 2127
3 2129 2050 2127
3 2129 2048 2050
3 2128 2120 2121
3 2128 2127 2120
3 2127 2033 2120
3 2127 2050 2033
3 2126 2130 2129
3 2126 2131 2130
3 2131 1936 2130
3 2131 1937 1936
3 2129 2047 2048
3 2129 2130 2047
3 2130 1895 2047
3 2130 1936 1895
3 2126 2132 2131
3 2126 2133 2132
3 2133 2107 2132
3 2133 2104 2107
3 2131 1943 1937
3 2131 2132 1943
3 2132 1920 1943
3 2132 2107 1920
3 2126 2134 2133
3 2126 2128 2134
3 2128 2124 2134
3 2128 2121 2124
3 2133 2103 2104
3 2133 2134 2103
3 2134 2090 2103
3 2134 2124 2090
3 2135 2136 2137
3 2135 2138 2136
3 2138 2139 2136
3 2138 2140 2139
3 2137 832 833
3 2137 2136 832
3 2136 835 832
3 2136 2139 835
3 2135 2141 2138
3 2135 2142 2141
3 2142 2143 2141
3 2142 2144 2143
3 2138 2145 2140
3 2138 2141 2145
3 2141 2146 2145
3 2141 2143 2146
3 2135 2147 2142
3 2135 2148 2147
3 2148 2149 2147
3 2148 2150 2149
3 2142 2151 2144
3 2142 2147 2151
3 2147 2152 2151
3 2147 2149 2152
3 2135 2153 2148
3 2135 2137 2153
3 2137 840 2153
3 2137 833 840
3 2148 2154 2150
3 2148 2153 2154
3 2153 841 2154
3 2153 840 841
3 2155 2156 2157
3 2155 2158 2156
3 2158 2159 2156
3 2158 2160 2159
3 2157 2143 2144
3 2157 2156 2143
3 2156 2146 2143
3 2156 2159 2146
3 2155 2161 2158
3 2155 2162 2161
3 2162 1950 2161
3 2162 1951 1950
3 2158 2163 2160
3 2158 2161 2163
3 2161 1952 2163
3 2161 1950 1952
3 2155 2164 2162
3 2155 2165 2164
3 2165 2166 2164
3 2165 2167 2166
3 2162 1961 1951
3 2162 2164 1961
3 2164 1963 1961
3 2164 2166 1963
3 2155 2168 2165
3 2155 2157 2168
3 2157 2151 2168
3 2157 2144 2151
3 2165 2169 2167
3 2165 2168 2169
3 2168 2152 2169
3 2168 2151 2152
3 2170 2171 2172
3 2170 2173 2171
3 2173 2174 2171
3 2173 2175 2174
3 2172 771 772
3 2172 2171 771
3 2171 774 771
3 2171 2174 774
3 2170 2176 2173
3 2170 2177 2176
3 2177 2178 2176
3 2177 2179 2178
3 2173 2180 2175
3 2173 2176 2180
3 2176 2181 2180
3 2176 2178 2181
3 2170 2182 2177
3 2170 2183 2182
3 2183 2184 2182
3 2183 2185 2184
3 2177 2186 2179
3 2177 2182 2186
3 2182 2187 2186
3 2182 2184 2187
3 2170 2188 2183
3 2170 2172 2188
3 2172 777 2188
3 2172 772 777
3 2183 2189 2185
3 2183 2188 2189
3 2188 778 2189
3 2188 777 778
3 2190 2191 2192
3 2190 2193 2191
3 2193 2194 2191
3 2193 2195 2194
3 2192 2178 2179
3 2192 2191 2178
3 2191 2181 2178
3 2191 2194 2181
3 2190 2196 2193
3 2190 2197 2196
3 2197 1970 2196
3 2197 1971 1970
3 2193 2198 2195
3 2193 2196 2198
3 2196 1972 2198
3 2196 1970 1972
3 2190 2199 2197
3 2190 2200 2199
3 2200 2201 2199
3 2200 2202 2201
3 2197 1981 1971
3 2197 2199 1981
3 2199 1983 1981
3 2199 2201 1983
3 2190 2203 2200
3 2190 2192 2203
3 2192 2186 2203
3 2192 2179 2186
3 2200 2204 2202
3 2200 2203 2204
3 2203 2187 2204
3 2203 2186 2187
3 2205 2206 2207
3 2205 2208 2206
3 2208 2075 2206
3 2208 2072 2075
3 2207 1990 1991
3 2207 2206 1990
3 2206 1904 1990
3 2206 2075 1904
3 2205 2209 2208
3 2205 2210 2209
3 2210 2211 2209
3 2210 2212 2211
3 2208 2071 2072
3 2208 2209 2071
3 2209 2062 2071
3 2209 2211 2062
3 2205 2213 2210
3 2205 2214 2213
3 2214 2215 2213
3 2214 2216 2215
3 2210 2217 2212
3 2210 2213 2217
3 2213 2218 2217
3 2213 2215 2218
3 2205 2219 2214
3 2205 2207 2219
3 2207 1996 2219
3 2207 1991 1996
3 2214 2220 2216
3 2214 2219 2220
3 2219 1997 2220
3 2219 1996 1997
3 2221 2222 2223
3 2221 2224 2222
3 2224 2061 2222
3 2224 2056 2061
3 2223 2211 2212
3 2223 2222 2211
3 2222 2062 2211
3 2222 2061 2062
3 2221 2225 2224
3 2221 2226 2225
3 2226 1775 2225
3 2226 1771 1775
3 2224 2055 2056
3 2224 2225 2055
3 2225 669 2055
3 2225 1775 669
3 2221 2227 2226
3 2221 2228 2227
3 2228 2229 2227
3 2228 2230 2229
3 2226 1770 1771
3 2226 2227 1770
3 2227 1773 1770
3 2227 2229 1773
3 2221 2231 2228
3 2221 2223 2231
3 2223 2217 2231
3 2223 2212 2217
3 2228 2232 2230
3 2228 2231 2232
3 2231 2218 2232
3 2231 2217 2218
3 2233 2234 2235
3 2233 2236 2234
3 2236 2098 2234
3 2236 2094 2098
3 2235 1716 1717
3 2235 2234 1716
3 2234 617 1716
3 2234 2098 617
3 2233 2237 2236
3 2233 2238 2237
3 2238 2239 2237
3 2238 2240 2239
3 2236 2093 2094
3 2236 2237 2093
3 2237 2096 2093
3 2237 2239 2096
3 2233 2241 2238
3 2233 2242 2241
3 2242 2243 2241
3 2242 2244 2243
3 2238 2245 2240
3 2238 2241 2245
3 2241 2246 2245
3 2241 2243 2246
3 2233 2247 2242
3 2233 2235 2247
3 2235 1722 2247
3 2235 1717 1722
3 2242 2248 2244
3 2242 2247 2248
3 2247 1723 2248
3 2247 1722 1723
3 2249 2250 2251
3 2249 2252 2250
3 2252 2113 2250
3 2252 2111 2113
3 2251 2239 2240
3 2251 2250 2239
3 2250 2096 2239
3 2250 2113 2096
3 2249 2253 2252
3 2249 2254 2253
3 2254 2004 2253
3 2254 2005 2004
3 2252 2110 2111
3 2252 2253 2110
3 2253 1931 2110
3 2253 2004 1931
3 2249 2255 2254
3 2249 2256 2255
3 2256 2257 2255
3 2256 2258 2257
3 2254 2013 2005
3 2254 2255 2013
3 2255 2015 2013
3 2255 2257 2015
3 2249 2259 2256
3 2249 2251 2259
3 2251 2245 2259
3 2251 2240 2245
3 2256 2260 2258
3 2256 2259 2260
3 2259 2246 2260
3 2259 2245 2246
3 2261 2262 2263
3 2261 2264 2262
3 2264 2265 2262
3 2264 2266 2265
3 2263 1120 1121
3 2263 2262 1120
3 2262 1123 1120
3 2262 2265 1123
3 2261 2267 2264
3 2261 2268 2267
3 2268 2269 2267
3 2268 2270 2269
3 2264 2271 2266
3 2264 2267 2271
3 2267 2272 2271
3 2267 2269 2272
3 2261 2273 2268
3 2261 2274 2273
3 2274 2275 2273
3 2274 2276 2275
3 2268 2277 2270
3 2268 2273 2277
3 2273 2278 2277
3 2273 2275 2278
3 2261 2279 2274
3 2261 2263 2279
3 2263 1128 2279
3 2263 1121 1128
3 2274 2280 2276
3 2274 2279 2280
3 2279 1129 2280
3 2279 1128 1129
3 2281 2282 2283
3 2281 2284 2282
3 2284 2285 2282
3 2284 2286 2285
3 2283 1101 1102
3 2283 2282 1101
3 2282 1104 1101
3 2282 2285 1104
3 2281 2287 2284
3 2281 2288 2287
3 2288 2289 2287
3 2288 2290 2289
3 2284 2291 2286
3 2284 2287 2291
3 2287 2292 2291
3 2287 2289 2292
3 2281 2293 2288
3 2281 2294 2293
3 2294 2295 2293
3 2294 2296 2295
3 2288 2297 2290
3 2288 2293 2297
3 2293 2298 2297
3 2293 2295 2298
3 2281 2299 2294
3 2281 2283 2299
3 2283 1107 2299
3 2283 1102 1107
3 2294 2300 2296
3 2294 2299 2300
3 2299 1108 2300
3 2299 1107 1108
3 2301 2302 2303
3 2301 2304 2302
3 2304 2305 2302
3 2304 2306 2305
3 2303 78 79
3 2303 2302 78
3 2302 69 78
3 2302 2305 69
3 2301 2307 2304
3 2301 2308 2307
3 2308 2309 2307
3 2308 2310 2309
3 2304 2311 2306
3 2304 2307 2311
3 2307 2312 2311
3 2307 2309 2312
3 2301 2313 2308
3 2301 2314 2313
3 2314 2315 2313
3 2314 2316 2315
3 2308 2317 2310
3 2308 2313 2317
3 2313 2318 2317
3 2313 2315 2318
3 2301 2319 2314
3 2301 2303 2319
3 2303 82 2319
3 2303 79 82
3 2314 2320 2316
3 2314 2319 2320
3 2319 20 2320
3 2319 82 20
3 2321 2322 2323
3 2321 2324 2322
3 2324 2325 2322
3 2324 2326 2325
3 2323 62 63
3 2323 2322 62
3 2322 65 62
3 2322 2325 65
3 2321 2327 2324
3 2321 2328 2327
3 2328 2329 2327
3 2328 2330 2329
3 2324 2331 2326
3 2324 2327 2331
3 2327 2332 2331
3 2327 2329 2332
3 2321 2333 2328
3 2321 2334 2333
3 2334 2311 2333
3 2334 2306 2311
3 2328 2335 2330
3 2328 2333 2335
3 2333 2312 2335
3 2333 2311 2312
3 2321 2336 2334
3 2321 2323 2336
3 2323 68 2336
3 2323 63 68
3 2334 2305 2306
3 2334 2336 2305
3 2336 69 2305
3 2336 68 69
3 2337 2338 2339
3 2337 2340 2338
3 2340 2341 2338
3 2340 2342 2341
3 2339 33 34
3 2339 2338 33
3 2338 24 33
3 2338 2341 24
3 2337 2343 2340
3 2337 2344 2343
3 2344 2345 2343
3 2344 2346 2345
3 2340 2347 2342
3 2340 2343 2347
3 2343 2348 2347
3 2343 2345 2348
3 2337 2349 2344
3 2337 2350 2349
3 2350 2351 2349
3 2350 2352 2351
3 2344 2353 2346
3 2344 2349 2353
3 2349 2354 2353
3 2349 2351 2354
3 2337 2355 2350
3 2337 2339 2355
3 2339 39 2355
3 2339 34 39
3 2350 2356 2352
3 2350 2355 2356
3 2355 40 2356
3 2355 39 40
3 2357 2358 2359
3 2357 2360 2358
3 2360 2320 2358
3 2360 2316 2320
3 2359 17 18
3 2359 2358 17
3 2358 20 17
3 2358 2320 20
3 2357 2361 2360
3 2357 2362 2361
3 2362 2363 2361
3 2362 2364 2363
3 2360 2315 2316
3 2360 2361 2315
3 2361 2318 2315
3 2361 2363 2318
3 2357 2365 2362
3 2357 2366 2365
3 2366 2347 2365
3 2366 2342 2347
3 2362 2367 2364
3 2362 2365 2367
3 2365 2348 2367
3 2365 2347 2348
3 2357 2368 2366
3 2357 2359 2368
3 2359 23 2368
3 2359 18 23
3 2366 2341 2342
3 2366 2368 2341
3 2368 24 2341
3 2368 23 24
3 2369 2370 2371
3 2369 2372 2370
3 2372 2331 2370
3 2372 2326 2331
3 2371 2373 2374
3 2371 2370 2373
3 2370 2332 2373
3 2370 2331 2332
3 2369 2375 2372
3 2369 2376 2375
3 2376 1471 2375
3 2376 1465 1471
3 2372 2325 2326
3 2372 2375 2325
3 2375 65 2325
3 2375 1471 65
3 2369 2377 2376
3 2369 2378 2377
3 2378 2379 2377
3 2378 2380 2379
3 2376 1464 1465
3 2376 2377 1464
3 2377 1468 1464
3 2377 2379 1468
3 2369 2381 2378
3 2369 2371 2381
3 2371 2382 2381
3 2371 2374 2382
3 2378 2383 2380
3 2378 2381 2383
3 2381 2384 2383
3 2381 2382 2384
3 2385 2386 2387
3 2385 2388 2386
3 2388 2356 2386
3 2388 2352 2356
3 2387 1454 1455
3 2387 2386 1454
3 2386 40 1454
3 2386 2356 40
3 2385 2389 2388
3 2385 2390 2389
3 2390 2391 2389
3 2390 2392 2391
3 2388 2351 2352
3 2388 2389 2351
3 2389 2354 2351
3 2389 2391 2354
3 2385 2393 2390
3 2385 2394 2393
3 2394 2395 2393
3 2394 2396 2395
3 2390 2397 2392
3 2390 2393 2397
3 2393 2398 2397
3 2393 2395 2398
3 2385 2399 2394
3 2385 2387 2399
3 2387 1458 2399
3 2387 1455 1458
3 2394 2400 2396
3 2394 2399 2400
3 2399 1459 2400
3 2399 1458 1459
3 2401 2402 2403
3 2401 2404 2402
3 2404 2405 2402
3 2404 2406 2405
3 2403 2269 2270
3 2403 2402 2269
3 2402 2272 2269
3 2402 2405 2272
3 2401 2407 2404
3 2401 2408 2407
3 2408 2409 2407
3 2408 2410 2409
3 2404 2411 2406
3 2404 2407 2411
3 2407 2412 2411
3 2407 2409 2412
3 2401 2413 2408
3 2401 2414 2413
3 2414 2415 2413
3 2414 2416 2415
3 2408 2417 2410
3 2408 2413 2417
3 2413 2418 2417
3 2413 2415 2418
3 2401 2419 2414
3 2401 2403 2419
3 2403 2277 2419
3 2403 2270 2277
3 2414 2420 2416
3 2414 2419 2420
3 2419 2278 2420
3 2419 2277 2278
3 2421 2422 2423
3 2421 2424 2422
3 2424 2425 2422
3 2424 2426 2425
3 2423 2409 2410
3 2423 2422 2409
3 2422 2412 2409
3 2422 2425 2412
3 2421 2427 2424
3 2421 2428 2427
3 2428 2429 2427
3 2428 2430 2429
3 2424 2431 2426
3 2424 2427 2431
3 2427 2432 2431
3 2427 2429 2432
3 2421 2433 2428
3 2421 2434 2433
3 2434 2435 2433
3 2434 2436 2435
3 2428 2437 2430
3 2428 2433 2437
3 2433 2438 2437
3 2433 2435 2438
3 2421 2439 2434
3 2421 2423 2439
3 2423 2417 2439
3 2423 2410 2417
3 2434 2440 2436
3 2434 2439 2440
3 2439 2418 2440
3 2439 2417 2418
3 2441 2442 2443
3 2441 2444 2442
3 2444 2445 2442
3 2444 2446 2445
3 2443 2289 2290
3 2443 2442 2289
3 2442 2292 2289
3 2442 2445 2292
3 2441 2447 2444
3 2441 2448 2447
3 2448 2449 2447
3 2448 2450 2449
3 2444 2451 2446
3 2444 2447 2451
3 2447 2452 2451
3 2447 2449 2452
3 2441 2453 2448
3 2441 2454 2453
3 2454 2455 2453
3 2454 2456 2455
3 2448 2457 2450
3 2448 2453 2457
3 2453 2458 2457
3 2453 2455 2458
3 2441 2459 2454
3 2441 2443 2459
3 2443 2297 2459
3 2443 2290 2297
3 2454 2460 2456
3 2454 2459 2460
3 2459 2298 2460
3 2459 2297 2298
3 2461 2462 2463
3 2461 2464 2462
3 2464 2465 2462
3 2464 2466 2465
3 2463 2449 2450
3 2463 2462 2449
3 2462 2452 2449
3 2462 2465 2452
3 2461 2467 2464
3 2461 2468 2467
3 2468 2469 2467
3 2468 2470 2469
3 2464 2471 2466
3 2464 2467 2471
3 2467 2472 2471
3 2467 2469 2472
3 2461 2473 2468
3 2461 2474 2473
3 2474 2475 2473
3 2474 2476 2475
3 2468 2477 2470
3 2468 2473 2477
3 2473 2478 2477
3 2473 2475 2478
3 2461 2479 2474
3 2461 2463 2479
3 2463 2457 2479
3 2463 2450 2457
3 2474 2480 2476
3 2474 2479 2480
3 2479 2458 2480
3 2479 2457 2458
3 2481 2482 2483
3 2481 2484 2482
3 2484 2485 2482
3 2484 2486 2485
3 2483 2309 2310
3 2483 2482 2309
3 2482 2312 2309
3 2482 2485 2312
3 2481 2487 2484
3 2481 2488 2487
3 2488 2489 2487
3 2488 2490 2489
3 2484 2491 2486
3 2484 2487 2491
3 2487 2492 2491
3 2487 2489 2492
3 2481 2493 2488
3 2481 2494 2493
3 2494 2495 2493
3 2494 2496 2495
3 2488 2497 2490
3 2488 2493 2497
3 2493 2498 2497
3 2493 2495 2498
3 2481 2499 2494
3 2481 2483 2499
3 2483 2317 2499
3 2483 2310 2317
3 2494 2500 2496
3 2494 2499 2500
3 2499 2318 2500
3 2499 2317 2318
3 2501 2502 2503
3 2501 2504 2502
3 2504 2505 2502
3 2504 2506 2505
3 2503 2489 2490
3 2503 2502 2489
3 2502 2492 2489
3 2502 2505 2492
3 2501 2507 2504
3 2501 2508 2507
3 2508 2509 2507
3 2508 2510 2509
3 2504 2511 2506
3 2504 2507 2511
3 2507 2512 2511
3 2507 2509 2512
3 2501 2513 2508
3 2501 2514 2513
3 2514 2515 2513
3 2514 2516 2515
3 2508 2517 2510
3 2508 2513 2517
3 2513 2518 2517
3 2513 2515 2518
3 2501 2519 2514
3 2501 2503 2519
3 2503 2497 2519
3 2503 2490 2497
3 2514 2520 2516
3 2514 2519 2520
3 2519 2498 2520
3 2519 2497 2498
3 2521 2522 2523
3 2521 2524 2522
3 2524 2525 2522
3 2524 2526 2525
3 2523 2329 2330
3 2523 2522 2329
3 2522 2332 2329
3 2522 2525 2332
3 2521 2527 2524
3 2521 2528 2527
3 2528 2529 2527
3 2528 2530 2529
3 2524 2531 2526
3 2524 2527 2531
3 2527 2532 2531
3 2527 2529 2532
3 2521 2533 2528
3 2521 2534 2533
3 2534 2491 2533
3 2534 2486 2491
3 2528 2535 2530
3 2528 2533 2535
3 2533 2492 2535
3 2533 2491 2492
3 2521 2536 2534
3 2521 2523 2536
3 2523 2335 2536
3 2523 2330 2335
3 2534 2485 2486
3 2534 2536 2485
3 2536 2312 2485
3 2536 2335 2312
3 2537 2538 2539
3 2537 2540 2538
3 2540 2541 2538
3 2540 2542 2541
3 2539 2529 2530
3 2539 2538 2529
3 2538 2532 2529
3 2538 2541 2532
3 2537 2543 2540
3 2537 2544 2543
3 2544 2545 2543
3 2544 2546 2545
3 2540 2547 2542
3 2540 2543 2547
3 2543 2548 2547
3 2543 2545 2548
3 2537 2549 2544
3 2537 2550 2549
3 2550 2511 2549
3 2550 2506 2511
3 2544 2551 2546
3 2544 2549 2551
3 2549 2512 2551
3 2549 2511 2512
3 2537 2552 2550
3 2537 2539 2552
3 2539 2535 2552
3 2539 2530 2535
3 2550 2505 2506
3 2550 2552 2505
3 2552 2492 2505
3 2552 2535 2492
3 2553 2554 2555
3 2553 2556 2554
3 2556 2557 2554
3 2556 2558 2557
3 2555 2345 2346
3 2555 2554 2345
3 2554 2348 2345
3 2554 2557 2348
3 2553 2559 2556
3 2553 2560 2559
3 2560 2561 2559
3 2560 2562 2561
3 2556 2563 2558
3 2556 2559 2563
3 2559 2564 2563
3 2559 2561 2564
3 2553 2565 2560
3 2553 2566 2565
3 2566 2567 2565
3 2566 2568 2567
3 2560 2569 2562
3 2560 2565 2569
3 2565 2570 2569
3 2565 2567 2570
3 2553 2571 2566
3 2553 2555 2571
3 2555 2353 2571
3 2555 2346 2353
3 2566 2572 2568
3 2566 2571 2572
3 2571 2354 2572
3 2571 2353 2354
3 2573 2574 2575
3 2573 2576 2574
3 2576 2577 2574
3 2576 2578 2577
3 2575 2561 2562
3 2575 2574 2561
3 2574 2564 2561
3 2574 2577 2564
3 2573 2579 2576
3 2573 2580 2579
3 2580 2581 2579
3 2580 2582 2581
3 2576 2583 2578
3 2576 2579 2583
3 2579 2584 2583
3 2579 2581 2584
3 2573 2585 2580
3 2573 2586 2585
3 2586 2587 2585
3 2586 2588 2587
3 2580 2589 2582
3 2580 2585 2589
3 2585 2590 2589
3 2585 2587 2590
3 2573 2591 2586
3 2573 2575 2591
3 2575 2569 2591
3 2575 2562 2569
3 2586 2592 2588
3 2586 2591 2592
3 2591 2570 2592
3 2591 2569 2570
3 2593 2594 2595
3 2593 2596 2594
3 2596 2500 2594
3 2596 2496 2500
3 2595 2363 2364
3 2595 2594 2363
3 2594 2318 2363
3 2594 2500 2318
3 2593 2597 2596
3 2593 2598 2597
3 2598 2599 2597
3 2598 2600 2599
3 2596 2495 2496
3 2596 2597 2495
3 2597 2498 2495
3 2597 2599 2498
3 2593 2601 2598
3 2593 2602 2601
3 2602 2563 2601
3 2602 2558 2563
3 2598 2603 2600
3 2598 2601 2603
3 2601 2564 2603
3 2601 2563 2564
3 2593 2604 2602
3 2593 2595 2604
3 2595 2367 2604
3 2595 2364 2367
3 2602 2557 2558
3 2602 2604 2557
3 2604 2348 2557
3 2604 2367 2348
3 2605 2606 2607
3 2605 2608 2606
3 2608 2520 2606
3 2608 2516 2520
3 2607 2599 2600
3 2607 2606 2599
3 2606 2498 2599
3 2606 2520 2498
3 2605 2609 2608
3 2605 2610 2609
3 2610 2611 2609
3 2610 2612 2611
3 2608 2515 2516
3 2608 2609 2515
3 2609 2518 2515
3 2609 2611 2518
3 2605 2613 2610
3 2605 2614 2613
3 2614 2583 2613
3 2614 2578 2583
3 2610 2615 2612
3 2610 2613 2615
3 2613 2584 2615
3 2613 2583 2584
3 2605 2616 2614
3 2605 2607 2616
3 2607 2603 2616
3 2607 2600 2603
3 2614 2577 2578
3 2614 2616 2577
3 2616 2564 2577
3 2616 2603 2564
3 2617 2618 2619
3 2617 2620 2618
3 2620 2547 2618
3 2620 2542 2547
3 2619 2621 2622
3 2619 2618 2621
3 2618 2548 2621
3 2618 2547 2548
3 2617 2623 2620
3 2617 2624 2623
3 2624 2625 2623
3 2624 2626 2625
3 2620 2541 2542
3 2620 2623 2541
3 2623 2532 2541
3 2623 2625 2532
3 2617 2627 2624
3 2617 2628 2627
3 2628 2629 2627
3 2628 2630 2629
3 2624 2631 2626
3 2624 2627 2631
3 2627 2632 2631
3 2627 2629 2632
3 2617 2633 2628
3 2617 2619 2633
3 2619 2634 2633
3 2619 2622 2634
3 2628 2635 2630
3 2628 2633 2635
3 2633 2636 2635
3 2633 2634 2636
3 2637 2638 2639
3 2637 2640 2638
3 2640 2531 2638
3 2640 2526 2531
3 2639 2625 2626
3 2639 2638 2625
3 2638 2532 2625
3 2638 2531 2532
3 2637 2641 2640
3 2637 2642 2641
3 2642 2373 2641
3 2642 2374 2373
3 2640 2525 2526
3 2640 2641 2525
3 2641 2332 2525
3 2641 2373 2332
3 2637 2643 2642
3 2637 2644 2643
3 2644 2645 2643
3 2644 2646 2645
3 2642 2382 2374
3 2642 2643 2382
3 2643 2384 2382
3 2643 2645 2384
3 2637 2647 2644
3 2637 2639 2647
3 2639 2631 2647
3 2639 2626 2631
3 2644 2648 2646
3 2644 2647 2648
3 2647 2632 2648
3 2647 2631 2632
3 2649 2650 2651
3 2649 2652 2650
3 2652 2572 2650
3 2652 2568 2572
3 2651 2391 2392
3 2651 2650 2391
3 2650 2354 2391
3 2650 2572 2354
3 2649 2653 2652
3 2649 2654 2653
3 2654 2655 2653
3 2654 2656 2655
3 2652 2567 2568
3 2652 2653 2567
3 2653 2570 2567
3 2653 2655 2570
3 2649 2657 2654
3 2649 2658 2657
3 2658 2659 2657
3 2658 2660 2659
3 2654 2661 2656
3 2654 2657 2661
3 2657 2662 2661
3 2657 2659 2662
3 2649 2663 2658
3 2649 2651 2663
3 2651 2397 2663
3 2651 2392 2397
3 2658 2664 2660
3 2658 2663 2664
3 2663 2398 2664
3 2663 2397 2398
3 2665 2666 2667
3 2665 2668 2666
3 2668 2592 2666
3 2668 2588 2592
3 2667 2655 2656
3 2667 2666 2655
3 2666 2570 2655
3 2666 2592 2570
3 2665 2669 2668
3 2665 2670 2669
3 2670 2671 2669
3 2670 2672 2671
3 2668 2587 2588
3 2668 2669 2587
3 2669 2590 2587
3 2669 2671 2590
3 2665 2673 2670
3 2665 2674 2673
3 2674 2675 2673
3 2674 2676 2675
3 2670 2677 2672
3 2670 2673 2677
3 2673 2678 2677
3 2673 2675 2678
3 2665 2679 2674
3 2665 2667 2679
3 2667 2661 2679
3 2667 2656 2661
3 2674 2680 2676
3 2674 2679 2680
3 2679 2662 2680
3 2679 2661 2662
3 2681 2682 2683
3 2681 2684 2682
3 2684 2685 2682
3 2684 2686 2685
3 2683 2611 2612
3 2683 2682 2611
3 2682 2518 2611
3 2682 2685 2518
3 2681 2687 2684
3 2681 2688 2687
3 2688 2689 2687
3 2688 2690 2689
3 2684 2691 2686
3 2684 2687 2691
3 2687 2692 2691
3 2687 2689 2692
3 2681 2693 2688
3 2681 2694 2693
3 2694 2695 2693
3 2694 2696 2695
3 2688 2697 2690
3 2688 2693 2697
3 2693 2698 2697
3 2693 2695 2698
3 2681 2699 2694
3 2681 2683 2699
3 2683 2615 2699
3 2683 2612 2615
3 2694 2700 2696
3 2694 2699 2700
3 2699 2584 2700
3 2699 2615 2584
3 2701 2702 2703
3 2701 2704 2702
3 2704 2705 2702
3 2704 2706 2705
3 2703 2689 2690
3 2703 2702 2689
3 2702 2692 2689
3 2702 2705 2692
3 2701 2707 2704
3 2701 2708 2707
3 2708 1230 2707
3 2708 1231 1230
3 2704 2709 2706
3 2704 2707 2709
3 2707 1232 2709
3 2707 1230 1232
3 2701 2710 2708
3 2701 2711 2710
3 2711 2712 2710
3 2711 2713 2712
3 2708 1246 1231
3 2708 2710 1246
3 2710 1248 1246
3 2710 2712 1248
3 2701 2714 2711
3 2701 2703 2714
3 2703 2697 2714
3 2703 2690 2697
3 2711 2715 2713
3 2711 2714 2715
3 2714 2698 2715
3 2714 2697 2698
3 2716 2717 2718
3 2716 2719 2717
3 2719 2700 2717
3 2719 2696 2700
3 2718 2581 2582
3 2718 2717 2581
3 2717 2584 2581
3 2717 2700 2584
3 2716 2720 2719
3 2716 2721 2720
3 2721 2722 2720
3 2721 2723 2722
3 2719 2695 2696
3 2719 2720 2695
3 2720 2698 2695
3 2720 2722 2698
3 2716 2724 2721
3 2716 2725 2724
3 2725 2726 2724
3 2725 2727 2726
3 2721 2728 2723
3 2721 2724 2728
3 2724 2729 2728
3 2724 2726 2729
3 2716 2730 2725
3 2716 2718 2730
3 2718 2589 2730
3 2718 2582 2589
3 2725 2731 2727
3 2725 2730 2731
3 2730 2590 2731
3 2730 2589 2590
3 2732 2733 2734
3 2732 2735 2733
3 2735 2715 2733
3 2735 2713 2715
3 2734 2722 2723
3 2734 2733 2722
3 2733 2698 2722
3 2733 2715 2698
3 2732 2736 2735
3 2732 2737 2736
3 2737 1275 2736
3 2737 1269 1275
3 2735 2712 2713
3 2735 2736 2712
3 2736 1248 2712
3 2736 1275 1248
3 2732 2738 2737
3 2732 2739 2738
3 2739 2740 2738
3 2739 2741 2740
3 2737 1268 1269
3 2737 2738 1268
3 2738 1272 1268
3 2738 2740 1272
3 2732 2742 2739
3 2732 2734 2742
3 2734 2728 2742
3 2734 2723 2728
3 2739 2743 2741
3 2739 2742 2743
3 2742 2729 2743
3 2742 2728 2729
3 2744 2745 2746
3 2744 2747 2745
3 2747 2748 2745
3 2747 2749 2748
3 2746 2545 2546
3 2746 2745 2545
3 2745 2548 2545
3 2745 2748 2548
3 2744 2750 2747
3 2744 2751 2750
3 2751 2752 2750
3 2751 2753 2752
3 2747 2754 2749
3 2747 2750 2754
3 2750 2755 2754
3 2750 2752 2755
3 2744 2756 2751
3 2744 2757 2756
3 2757 2758 2756
3 2757 2759 2758
3 2751 2760 2753
3 2751 2756 2760
3 2756 2761 2760
3 2756 2758 2761
3 2744 2762 2757
3 2744 2746 2762
3 2746 2551 2762
3 2746 2546 2551
3 2757 2763 2759
3 2757 2762 2763
3 2762 2512 2763
3 2762 2551 2512
3 2764 2765 2766
3 2764 2767 2765
3 2767 2768 2765
3 2767 2769 2768
3 2766 2752 2753
3 2766 2765 2752
3 2765 2755 2752
3 2765 2768 2755
3 2764 2770 2767
3 2764 2771 2770
3 2771 1302 2770
3 2771 1303 1302
3 2767 2772 2769
3 2767 2770 2772
3 2770 1304 2772
3 2770 1302 1304
3 2764 2773 2771
3 2764 2774 2773
3 2774 2775 2773
3 2774 2776 2775
3 2771 1318 1303
3 2771 2773 1318
3 2773 1320 1318
3 2773 2775 1320
3 2764 2777 2774
3 2764 2766 2777
3 2766 2760 2777
3 2766 2753 2760
3 2774 2778 2776
3 2774 2777 2778
3 2777 2761 2778
3 2777 2760 2761
3 2779 2780 2781
3 2779 2782 2780
3 2782 2763 2780
3 2782 2759 2763
3 2781 2509 2510
3 2781 2780 2509
3 2780 2512 2509
3 2780 2763 2512
3 2779 2783 2782
3 2779 2784 2783
3 2784 2785 2783
3 2784 2786 2785
3 2782 2758 2759
3 2782 2783 2758
3 2783 2761 2758
3 2783 2785 2761
3 2779 2787 2784
3 2779 2788 2787
3 2788 2691 2787
3 2788 2686 2691
3 2784 2789 2786
3 2784 2787 2789
3 2787 2692 2789
3 2787 2691 2692
3 2779 2790 2788
3 2779 2781 2790
3 2781 2517 2790
3 2781 2510 2517
3 2788 2685 2686
3 2788 2790 2685
3 2790 2518 2685
3 2790 2517 2518
3 2791 2792 2793
3 2791 2794 2792
3 2794 2778 2792
3 2794 2776 2778
3 2793 2785 2786
3 2793 2792 2785
3 2792 2761 2785
3 2792 2778 2761
3 2791 2795 2794
3 2791 2796 2795
3 2796 1344 2795
3 2796 1341 1344
3 2794 2775 2776
3 2794 2795 2775
3 2795 1320 2775
3 2795 1344 1320
3 2791 2797 2796
3 2791 2798 2797
3 2798 2709 2797
3 2798 2706 2709
3 2796 1340 1341
3 2796 2797 1340
3 2797 1232 1340
3 2797 2709 1232
3 2791 2799 2798
3 2791 2793 2799
3 2793 2789 2799
3 2793 2786 2789
3 2798 2705 2706
3 2798 2799 2705
3 2799 2692 2705
3 2799 2789 2692
3 2800 2801 2802
3 2800 2803 2801
3 2803 2804 2801
3 2803 2805 2804
3 2802 2469 2470
3 2802 2801 2469
3 2801 2472 2469
3 2801 2804 2472
3 2800 2806 2803
3 2800 2807 2806
3 2807 2808 2806
3 2807 2809 2808
3 2803 2810 2805
3 2803 2806 2810
3 2806 2811 2810
3 2806 2808 2811
3 2800 2812 2807
3 2800 2813 2812
3 2813 2814 2812
3 2813 2815 2814
3 2807 2816 2809
3 2807 2812 2816
3 2812 2817 2816
3 2812 2814 2817
3 2800 2818 2813
3 2800 2802 2818
3 2802 2477 2818
3 2802 2470 2477
3 2813 2819 2815
3 2813 2818 2819
3 2818 2478 2819
3 2818 2477 2478
3 2820 2821 2822
3 2820 2823 2821
3 2823 2824 2821
3 2823 2825 2824
3 2822 2808 2809
3 2822 2821 2808
3 2821 2811 2808
3 2821 2824 2811
3 2820 2826 2823
3 2820 2827 2826
3 2827 1373 2826
3 2827 1365 1373
3 2823 2828 2825
3 2823 2826 2828
3 2826 1374 2828
3 2826 1373 1374
3 2820 2829 2827
3 2820 2830 2829
3 2830 2831 2829
3 2830 2832 2831
3 2827 1364 1365
3 2827 2829 1364
3 2829 1368 1364
3 2829 2831 1368
3 2820 2833 2830
3 2820 2822 2833
3 2822 2816 2833
3 2822 2809 2816
3 2830 2834 2832
3 2830 2833 2834
3 2833 2817 2834
3 2833 2816 2817
3 2835 2836 2837
3 2835 2838 2836
3 2838 2839 2836
3 2838 2840 2839
3 2837 2429 2430
3 2837 2836 2429
3 2836 2432 2429
3 2836 2839 2432
3 2835 2841 2838
3 2835 2842 2841
3 2842 2843 2841
3 2842 2844 2843
3 2838 2845 2840
3 2838 2841 2845
3 2841 2846 2845
3 2841 2843 2846
3 2835 2847 2842
3 2835 2848 2847
3 2848 2849 2847
3 2848 2850 2849
3 2842 2851 2844
3 2842 2847 2851
3 2847 2852 2851
3 2847 2849 2852
3 2835 2853 2848
3 2835 2837 2853
3 2837 2437 2853
3 2837 2430 2437
3 2848 2854 2850
3 2848 2853 2854
3 2853 2438 2854
3 2853 2437 2438
3 2855 2856 2857
3 2855 2858 2856
3 2858 2859 2856
3 2858 2860 2859
3 2857 2843 2844
3 2857 2856 2843
3 2856 2846 2843
3 2856 2859 2846
3 2855 2861 2858
3 2855 2862 2861
3 2862 1406 2861
3 2862 1407 1406
3 2858 2863 2860
3 2858 2861 2863
3 2861 1408 2863
3 2861 1406 1408
3 2855 2864 2862
3 2855 2865 2864
3 2865 2866 2864
3 2865 2867 2866
3 2862 1422 1407
3 2862 2864 1422
3 2864 1424 1422
3 2864 2866 1424
3 2855 2868 2865
3 2855 2857 2868
3 2857 2851 2868
3 2857 2844 2851
3 2865 2869 2867
3 2865 2868 2869
3 2868 2852 2869
3 2868 2851 2852
3 2870 2871 2872
3 2870 2873 2871
3 2873 2874 2871
3 2873 2875 2874
3 2872 1826 1827
3 2872 2871 1826
3 2871 1829 1826
3 2871 2874 1829
3 2870 2876 2873
3 2870 2877 2876
3 2877 2878 2876
3 2877 2879 2878
3 2873 2880 2875
3 2873 2876 2880
3 2876 2881 2880
3 2876 2878 2881
3 2870 2882 2877
3 2870 2883 2882
3 2883 2743 2882
3 2883 2741 2743
3 2877 2884 2879
3 2877 2882 2884
3 2882 2729 2884
3 2882 2743 2729
3 2870 2885 2883
3 2870 2872 2885
3 2872 1831 2885
3 2872 1827 1831
3 2883 2740 2741
3 2883 2885 2740
3 2885 1272 2740
3 2885 1831 1272
3 2886 2887 2888
3 2886 2889 2887
3 2889 2890 2887
3 2889 2891 2890
3 2888 2878 2879
3 2888 2887 2878
3 2887 2881 2878
3 2887 2890 2881
3 2886 2892 2889
3 2886 2893 2892
3 2893 2677 2892
3 2893 2672 2677
3 2889 2894 2891
3 2889 2892 2894
3 2892 2678 2894
3 2892 2677 2678
3 2886 2895 2893
3 2886 2896 2895
3 2896 2731 2895
3 2896 2727 2731
3 2893 2671 2672
3 2893 2895 2671
3 2895 2590 2671
3 2895 2731 2590
3 2886 2897 2896
3 2886 2888 2897
3 2888 2884 2897
3 2888 2879 2884
3 2896 2726 2727
3 2896 2897 2726
3 2897 2729 2726
3 2897 2884 2729
3 2898 2899 2900
3 2898 2901 2899
3 2901 2902 2899
3 2901 2903 2902
3 2900 2634 2622
3 2900 2899 2634
3 2899 2636 2634
3 2899 2902 2636
3 2898 2904 2901
3 2898 2905 2904
3 2905 2906 2904
3 2905 2907 2906
3 2901 2908 2903
3 2901 2904 2908
3 2904 2909 2908
3 2904 2906 2909
3 2898 2910 2905
3 2898 2911 2910
3 2911 2754 2910
3 2911 2749 2754
3 2905 2912 2907
3 2905 2910 2912
3 2910 2755 2912
3 2910 2754 2755
3 2898 2913 2911
3 2898 2900 2913
3 2900 2621 2913
3 2900 2622 2621
3 2911 2748 2749
3 2911 2913 2748
3 2913 2548 2748
3 2913 2621 2548
3 2914 2915 2916
3 2914 2917 2915
3 2917 2918 2915
3 2917 2919 2918
3 2916 2906 2907
3 2916 2915 2906
3 2915 2909 2906
3 2915 2918 2909
3 2914 2920 2917
3 2914 2921 2920
3 2921 1854 2920
3 2921 1849 1854
3 2917 2922 2919
3 2917 2920 2922
3 2920 1855 2922
3 2920 1854 1855
3 2914 2923 2921
3 2914 2924 2923
3 2924 2772 2923
3 2924 2769 2772
3 2921 1848 1849
3 2921 2923 1848
3 2923 1304 1848
3 2923 2772 1304
3 2914 2925 2924
3 2914 2916 2925
3 2916 2912 2925
3 2916 2907 2912
3 2924 2768 2769
3 2924 2925 2768
3 2925 2755 2768
3 2925 2912 2755
3 2926 2927 2928
3 2926 2929 2927
3 2929 2930 2927
3 2929 2931 2930
3 2928 1113 1114
3 2928 2927 1113
3 2927 1117 1113
3 2927 2930 1117
3 2926 2932 2929
3 2926 2933 2932
3 2933 2934 2932
3 2933 2935 2934
3 2929 2936 2931
3 2929 2932 2936
3 2932 2937 2936
3 2932 2934 2937
3 2926 2938 2933
3 2926 2939 2938
3 2939 2940 2938
3 2939 2941 2940
3 2933 2942 2935
3 2933 2938 2942
3 2938 2943 2942
3 2938 2940 2943
3 2926 2944 2939
3 2926 2928 2944
3 2928 1122 2944
3 2928 1114 1122
3 2939 2945 2941
3 2939 2944 2945
3 2944 1123 2945
3 2944 1122 1123
3 2946 2947 2948
3 2946 2949 2947
3 2949 2950 2947
3 2949 2951 2950
3 2948 1106 1091
3 2948 2947 1106
3 2947 1108 1106
3 2947 2950 1108
3 2946 2952 2949
3 2946 2953 2952
3 2953 2954 2952
3 2953 2955 2954
3 2949 2956 2951
3 2949 2952 2956
3 2952 2957 2956
3 2952 2954 2957
3 2946 2958 2953
3 2946 2959 2958
3 2959 2960 2958
3 2959 2961 2960
3 2953 2962 2955
3 2953 2958 2962
3 2958 2963 2962
3 2958 2960 2963
3 2946 2964 2959
3 2946 2948 2964
3 2948 1090 2964
3 2948 1091 1090
3 2959 2965 2961
3 2959 2964 2965
3 2964 1092 2965
3 2964 1090 1092
3 2966 2967 2968
3 2966 2969 2967
3 2969 2970 2967
3 2969 2971 2970
3 2968 2972 2973
3 2968 2967 2972
3 2967 2974 2972
3 2967 2970 2974
3 2966 2975 2969
3 2966 2976 2975
3 2976 1077 2975
3 2976 1074 1077
3 2969 2977 2971
3 2969 2975 2977
3 2975 1057 2977
3 2975 1077 1057
3 2966 2978 2976
3 2966 2979 2978
3 2979 2980 2978
3 2979 2981 2980
3 2976 1073 1074
3 2976 2978 1073
3 2978 923 1073
3 2978 2980 923
3 2966 2982 2979
3 2966 2968 2982
3 2968 2983 2982
3 2968 2973 2983
3 2979 2984 2981
3 2979 2982 2984
3 2982 2985 2984
3 2982 2983 2985
3 2986 2987 2988
3 2986 2989 2987
3 2989 2990 2987
3 2989 2991 2990
3 2988 2992 2993
3 2988 2987 2992
3 2987 2994 2992
3 2987 2990 2994
3 2986 2995 2989
3 2986 2996 2995
3 2996 1060 2995
3 2996 1054 1060
3 2989 2997 2991
3 2989 2995 2997
3 2995 1002 2997
3 2995 1060 1002
3 2986 2998 2996
3 2986 2999 2998
3 2999 2977 2998
3 2999 2971 2977
3 2996 1053 1054
3 2996 2998 1053
3 2998 1057 1053
3 2998 2977 1057
3 2986 3000 2999
3 2986 2988 3000
3 2988 3001 3000
3 2988 2993 3001
3 2999 2970 2971
3 2999 3000 2970
3 3000 2974 2970
3 3000 3001 2974
3 3002 3003 3004
3 3002 3005 3003
3 3005 3006 3003
3 3005 3007 3006
3 3004 3008 3009
3 3004 3003 3008
3 3003 3010 3008
3 3003 3006 3010
3 3002 3011 3005
3 3002 3012 3011
3 3012 1038 3011
3 3012 1039 1038
3 3005 3013 3007
3 3005 3011 3013
3 3011 868 3013
3 3011 1038 868
3 3002 3014 3012
3 3002 3015 3014
3 3015 3016 3014
3 3015 3017 3016
3 3012 1048 1039
3 3012 3014 1048
3 3014 1022 1048
3 3014 3016 1022
3 3002 3018 3015
3 3002 3004 3018
3 3004 3019 3018
3 3004 3009 3019
3 3015 3020 3017
3 3015 3018 3020
3 3018 3021 3020
3 3018 3019 3021
3 3022 3023 3024
3 3022 3025 3023
3 3025 3020 3023
3 3025 3017 3020
3 3024 3026 3027
3 3024 3023 3026
3 3023 3021 3026
3 3023 3020 3021
3 3022 3028 3025
3 3022 3029 3028
3 3029 1020 3028
3 3029 1021 1020
3 3025 3016 3017
3 3025 3028 3016
3 3028 1022 3016
3 3028 1020 1022
3 3022 3030 3029
3 3022 3031 3030
3 3031 3032 3030
3 3031 3033 3032
3 3029 1033 1021
3 3029 3030 1033
3 3030 982 1033
3 3030 3032 982
3 3022 3034 3031
3 3022 3024 3034
3 3024 3035 3034
3 3024 3027 3035
3 3031 3036 3033
3 3031 3034 3036
3 3034 3037 3036
3 3034 3035 3037
3 3038 3039 3040
3 3038 3041 3039
3 3041 3042 3039
3 3041 3043 3042
3 3040 3044 3045
3 3040 3039 3044
3 3039 3046 3044
3 3039 3042 3046
3 3038 3047 3041
3 3038 3048 3047
3 3048 1005 3047
3 3048 999 1005
3 3041 3049 3043
3 3041 3047 3049
3 3047 787 3049
3 3047 1005 787
3 3038 3050 3048
3 3038 3051 3050
3 3051 2997 3050
3 3051 2991 2997
3 3048 998 999
3 3048 3050 998
3 3050 1002 998
3 3050 2997 1002
3 3038 3052 3051
3 3038 3040 3052
3 3040 3053 3052
3 3040 3045 3053
3 3051 2990 2991
3 3051 3052 2990
3 3052 2994 2990
3 3052 3053 2994
3 3054 3055 3056
3 3054 3057 3055
3 3057 3036 3055
3 3057 3033 3036
3 3056 3058 3059
3 3056 3055 3058
3 3055 3037 3058
3 3055 3036 3037
3 3054 3060 3057
3 3054 3061 3060
3 3061 980 3060
3 3061 981 980
3 3057 3032 3033
3 3057 3060 3032
3 3060 982 3032
3 3060 980 982
3 3054 3062 3061
3 3054 3063 3062
3 3063 3064 3062
3 3063 3065 3064
3 3061 993 981
3 3061 3062 993
3 3062 722 993
3 3062 3064 722
3 3054 3066 3063
3 3054 3056 3066
3 3056 3067 3066
3 3056 3059 3067
3 3063 3068 3065
3 3063 3066 3068
3 3066 3069 3068
3 3066 3067 3069
3 3070 3071 3072
3 3070 3073 3071
3 3073 3074 3071
3 3073 3075 3074
3 3072 3076 3077
3 3072 3071 3076
3 3071 3078 3076
3 3071 3074 3078
3 3070 3079 3073
3 3070 3080 3079
3 3080 965 3079
3 3080 959 965
3 3073 3081 3075
3 3073 3079 3081
3 3079 942 3081
3 3079 965 942
3 3070 3082 3080
3 3070 3083 3082
3 3083 3084 3082
3 3083 3085 3084
3 3080 958 959
3 3080 3082 958
3 3082 962 958
3 3082 3084 962
3 3070 3086 3083
3 3070 3072 3086
3 3072 3087 3086
3 3072 3077 3087
3 3083 3088 3085
3 3083 3086 3088
3 3086 3089 3088
3 3086 3087 3089
3 3090 3091 3092
3 3090 3093 3091
3 3093 3094 3091
3 3093 3095 3094
3 3092 3096 3097
3 3092 3091 3096
3 3091 3098 3096
3 3091 3094 3098
3 3090 3099 3093
3 3090 3100 3099
3 3100 945 3099
3 3100 939 945
3 3093 3101 3095
3 3093 3099 3101
3 3099 917 3101
3 3099 945 917
3 3090 3102 3100
3 3090 3103 3102
3 3103 3081 3102
3 3103 3075 3081
3 3100 938 939
3 3100 3102 938
3 3102 942 938
3 3102 3081 942
3 3090 3104 3103
3 3090 3092 3104
3 3092 3105 3104
3 3092 3097 3105
3 3103 3074 3075
3 3103 3104 3074
3 3104 3078 3074
3 3104 3105 3078
3 3106 3107 3108
3 3106 3109 3107
3 3109 2984 3107
3 3109 2981 2984
3 3108 3110 3111
3 3108 3107 3110
3 3107 2985 3110
3 3107 2984 2985
3 3106 3112 3109
3 3106 3113 3112
3 3113 922 3112
3 3113 914 922
3 3109 2980 2981
3 3109 3112 2980
3 3112 923 2980
3 3112 922 923
3 3106 3114 3113
3 3106 3115 3114
3 3115 3101 3114
3 3115 3095 3101
3 3113 913 914
3 3113 3114 913
3 3114 917 913
3 3114 3101 917
3 3106 3116 3115
3 3106 3108 3116
3 3108 3117 3116
3 3108 3111 3117
3 3115 3094 3095
3 3115 3116 3094
3 3116 3098 3094
3 3116 3117 3098
3 3118 3119 3120
3 3118 3121 3119
3 3121 3122 3119
3 3121 3123 3122
3 3120 3124 3125
3 3120 3119 3124
3 3119 3126 3124
3 3119 3122 3126
3 3118 3127 3121
3 3118 3128 3127
3 3128 895 3127
3 3128 896 895
3 3121 3129 3123
3 3121 3127 3129
3 3127 897 3129
3 3127 895 897
3 3118 3130 3128
3 3118 3131 3130
3 3131 3132 3130
3 3131 3133 3132
3 3128 908 896
3 3128 3130 908
3 3130 877 908
3 3130 3132 877
3 3118 3134 3131
3 3118 3120 3134
3 3120 3135 3134
3 3120 3125 3135
3 3131 3136 3133
3 3131 3134 3136
3 3134 3137 3136
3 3134 3135 3137
3 3138 3139 3140
3 3138 3141 3139
3 3141 3136 3139
3 3141 3133 3136
3 3140 3142 3143
3 3140 3139 3142
3 3139 3137 3142
3 3139 3136 3137
3 3138 3144 3141
3 3138 3145 3144
3 3145 875 3144
3 3145 876 875
3 3141 3132 3133
3 3141 3144 3132
3 3144 877 3132
3 3144 875 877
3 3138 3146 3145
3 3138 3147 3146
3 3147 3148 3146
3 3147 3149 3148
3 3145 888 876
3 3145 3146 888
3 3146 852 888
3 3146 3148 852
3 3138 3150 3147
3 3138 3140 3150
3 3140 3151 3150
3 3140 3143 3151
3 3147 3152 3149
3 3147 3150 3152
3 3150 3153 3152
3 3150 3151 3153
3 3154 3155 3156
3 3154 3157 3155
3 3157 3152 3155
3 3157 3149 3152
3 3156 3158 3159
3 3156 3155 3158
3 3155 3153 3158
3 3155 3152 3153
3 3154 3160 3157
3 3154 3161 3160
3 3161 850 3160
3 3161 851 850
3 3157 3148 3149
3 3157 3160 3148
3 3160 852 3148
3 3160 850 852
3 3154 3162 3161
3 3154 3163 3162
3 3163 3013 3162
3 3163 3007 3013
3 3161 866 851
3 3161 3162 866
3 3162 868 866
3 3162 3013 868
3 3154 3164 3163
3 3154 3156 3164
3 3156 3165 3164
3 3156 3159 3165
3 3163 3006 3007
3 3163 3164 3006
3 3164 3010 3006
3 3164 3165 3010
3 3166 3167 3168
3 3166 3169 3167
3 3169 3170 3167
3 3169 3171 3170
3 3168 3172 3173
3 3168 3167 3172
3 3167 3174 3172
3 3167 3170 3174
3 3166 3175 3169
3 3166 3176 3175
3 3176 792 3175
3 3176 784 792
3 3169 3177 3171
3 3169 3175 3177
3 3175 793 3177
3 3175 792 793
3 3166 3178 3176
3 3166 3179 3178
3 3179 3049 3178
3 3179 3043 3049
3 3176 783 784
3 3176 3178 783
3 3178 787 783
3 3178 3049 787
3 3166 3180 3179
3 3166 3168 3180
3 3168 3181 3180
3 3168 3173 3181
3 3179 3042 3043
3 3179 3180 3042
3 3180 3046 3042
3 3180 3181 3046
3 3182 3183 3184
3 3182 3185 3183
3 3185 3186 3183
3 3185 3187 3186
3 3184 3188 3189
3 3184 3183 3188
3 3183 3190 3188
3 3183 3186 3190
3 3182 3191 3185
3 3182 3192 3191
3 3192 814 3191
3 3192 809 814
3 3185 3193 3187
3 3185 3191 3193
3 3191 815 3193
3 3191 814 815
3 3182 3194 3192
3 3182 3195 3194
3 3195 3177 3194
3 3195 3171 3177
3 3192 808 809
3 3192 3194 808
3 3194 793 808
3 3194 3177 793
3 3182 3196 3195
3 3182 3184 3196
3 3184 3197 3196
3 3184 3189 3197
3 3195 3170 3171
3 3195 3196 3170
3 3196 3174 3170
3 3196 3197 3174
3 3198 3199 3200
3 3198 3201 3199
3 3201 3202 3199
3 3201 3203 3202
3 3200 3204 3205
3 3200 3199 3204
3 3199 3206 3204
3 3199 3202 3206
3 3198 3207 3201
3 3198 3208 3207
3 3208 834 3207
3 3208 829 834
3 3201 3209 3203
3 3201 3207 3209
3 3207 835 3209
3 3207 834 835
3 3198 3210 3208
3 3198 3211 3210
3 3211 3193 3210
3 3211 3187 3193
3 3208 828 829
3 3208 3210 828
3 3210 815 828
3 3210 3193 815
3 3198 3212 3211
3 3198 3200 3212
3 3200 3213 3212
3 3200 3205 3213
3 3211 3186 3187
3 3211 3212 3186
3 3212 3190 3186
3 3212 3213 3190
3 3214 3215 3216
3 3214 3217 3215
3 3217 3068 3215
3 3217 3065 3068
3 3216 3218 3219
3 3216 3215 3218
3 3215 3069 3218
3 3215 3068 3069
3 3214 3220 3217
3 3214 3221 3220
3 3221 720 3220
3 3221 721 720
3 3217 3064 3065
3 3217 3220 3064
3 3220 722 3064
3 3220 720 722
3 3214 3222 3221
3 3214 3223 3222
3 3223 3224 3222
3 3223 3225 3224
3 3221 736 721
3 3221 3222 736
3 3222 738 736
3 3222 3224 738
3 3214 3226 3223
3 3214 3216 3226
3 3216 3227 3226
3 3216 3219 3227
3 3223 3228 3225
3 3223 3226 3228
3 3226 3229 3228
3 3226 3227 3229
3 3230 3231 3232
3 3230 3233 3231
3 3233 3228 3231
3 3233 3225 3228
3 3232 3234 3235
3 3232 3231 3234
3 3231 3229 3234
3 3231 3228 3229
3 3230 3236 3233
3 3230 3237 3236
3 3237 743 3236
3 3237 744 743
3 3233 3224 3225
3 3233 3236 3224
3 3236 738 3224
3 3236 743 738
3 3230 3238 3237
3 3230 3239 3238
3 3239 3240 3238
3 3239 3241 3240
3 3237 756 744
3 3237 3238 756
3 3238 758 756
3 3238 3240 758
3 3230 3242 3239
3 3230 3232 3242
3 3232 3243 3242
3 3232 3235 3243
3 3239 3244 3241
3 3239 3242 3244
3 3242 3245 3244
3 3242 3243 3245
3 3246 3247 3248
3 3246 3249 3247
3 3249 3244 3247
3 3249 3241 3244
3 3248 3250 3251
3 3248 3247 3250
3 3247 3245 3250
3 3247 3244 3245
3 3246 3252 3249
3 3246 3253 3252
3 3253 763 3252
3 3253 764 763
3 3249 3240 3241
3 3249 3252 3240
3 3252 758 3240
3 3252 763 758
3 3246 3254 3253
3 3246 3255 3254
3 3255 3256 3254
3 3255 3257 3256
3 3253 776 764
3 3253 3254 776
3 3254 778 776
3 3254 3256 778
3 3246 3258 3255
3 3246 3248 3258
3 3248 3259 3258
3 3248 3251 3259
3 3255 3260 3257
3 3255 3258 3260
3 3258 3261 3260
3 3258 3259 3261
3 3262 3263 3264
3 3262 3265 3263
3 3265 3266 3263
3 3265 3267 3266
3 3264 1145 1146
3 3264 3263 1145
3 3263 1148 1145
3 3263 3266 1148
3 3262 3268 3265
3 3262 3269 3268
3 3269 3270 3268
3 3269 3271 3270
3 3265 3272 3267
3 3265 3268 3272
3 3268 3273 3272
3 3268 3270 3273
3 3262 3274 3269
3 3262 3275 3274
3 3275 3276 3274
3 3275 3277 3276
3 3269 3278 3271
3 3269 3274 3278
3 3274 3279 3278
3 3274 3276 3279
3 3262 3280 3275
3 3262 3264 3280
3 3264 1153 3280
3 3264 1146 1153
3 3275 3281 3277
3 3275 3280 3281
3 3280 1154 3281
3 3280 1153 1154
3 3282 3283 3284
3 3282 3285 3283
3 3285 3286 3283
3 3285 3287 3286
3 3284 3288 3289
3 3284 3283 3288
3 3283 3290 3288
3 3283 3286 3290
3 3282 3291 3285
3 3282 3292 3291
3 3292 1173 3291
3 3292 1168 1173
3 3285 3293 3287
3 3285 3291 3293
3 3291 1174 3293
3 3291 1173 1174
3 3282 3294 3292
3 3282 3295 3294
3 3295 3281 3294
3 3295 3277 3281
3 3292 1167 1168
3 3292 3294 1167
3 3294 1154 1167
3 3294 3281 1154
3 3282 3296 3295
3 3282 3284 3296
3 3284 3297 3296
3 3284 3289 3297
3 3295 3276 3277
3 3295 3296 3276
3 3296 3279 3276
3 3296 3297 3279
3 3298 3299 3300
3 3298 3301 3299
3 3301 3302 3299
3 3301 3303 3302
3 3300 3304 3305
3 3300 3299 3304
3 3299 3306 3304
3 3299 3302 3306
3 3298 3307 3301
3 3298 3308 3307
3 3308 1413 3307
3 3308 1405 1413
3 3301 3309 3303
3 3301 3307 3309
3 3307 1414 3309
3 3307 1413 1414
3 3298 3310 3308
3 3298 3311 3310
3 3311 3312 3310
3 3311 3313 3312
3 3308 1404 1405
3 3308 3310 1404
3 3310 1408 1404
3 3310 3312 1408
3 3298 3314 3311
3 3298 3300 3314
3 3300 3315 3314
3 3300 3305 3315
3 3311 3316 3313
3 3311 3314 3316
3 3314 3317 3316
3 3314 3315 3317
3 3318 3319 3320
3 3318 3321 3319
3 3321 3272 3319
3 3321 3267 3272
3 3320 3322 3323
3 3320 3319 3322
3 3319 3273 3322
3 3319 3272 3273
3 3318 3324 3321
3 3318 3325 3324
3 3325 1433 3324
3 3325 1430 1433
3 3321 3266 3267
3 3321 3324 3266
3 3324 1148 3266
3 3324 1433 1148
3 3318 3326 3325
3 3318 3327 3326
3 3327 3309 3326
3 3327 3303 3309
3 3325 1429 1430
3 3325 3326 1429
3 3326 1414 1429
3 3326 3309 1414
3 3318 3328 3327
3 3318 3320 3328
3 3320 3329 3328
3 3320 3323 3329
3 3327 3302 3303
3 3327 3328 3302
3 3328 3306 3302
3 3328 3329 3306
3 3330 3331 3332
3 3330 3333 3331
3 3333 3334 3331
3 3333 3335 3334
3 3332 3336 3337
3 3332 3331 3336
3 3331 3338 3336
3 3331 3334 3338
3 3330 3339 3333
3 3330 3340 3339
3 3340 1366 3339
3 3340 1367 1366
3 3333 3341 3335
3 3333 3339 3341
3 3339 1368 3341
3 3339 1366 1368
3 3330 3342 3340
3 3330 3343 3342
3 3343 3344 3342
3 3343 3345 3344
3 3340 1382 1367
3 3340 3342 1382
3 3342 1384 1382
3 3342 3344 1384
3 3330 3346 3343
3 3330 3332 3346
3 3332 3347 3346
3 3332 3337 3347
3 3343 3348 3345
3 3343 3346 3348
3 3346 3349 3348
3 3346 3347 3349
3 3350 3351 3352
3 3350 3353 3351
3 3353 3348 3351
3 3353 3345 3348
3 3352 3354 3355
3 3352 3351 3354
3 3351 3349 3354
3 3351 3348 3349
3 3350 3356 3353
3 3350 3357 3356
3 3357 1389 3356
3 3357 1390 1389
3 3353 3344 3345
3 3353 3356 3344
3 3356 1384 3344
3 3356 1389 1384
3 3350 3358 3357
3 3350 3359 3358
3 3359 3293 3358
3 3359 3287 3293
3 3357 1399 1390
3 3357 3358 1399
3 3358 1174 1399
3 3358 3293 1174
3 3350 3360 3359
3 3350 3352 3360
3 3352 3361 3360
3 3352 3355 3361
3 3359 3286 3287
3 3359 3360 3286
3 3360 3290 3286
3 3360 3361 3290
3 3362 3363 3364
3 3362 3365 3363
3 3365 3366 3363
3 3365 3367 3366
3 3364 3368 3369
3 3364 3363 3368
3 3363 3370 3368
3 3363 3366 3370
3 3362 3371 3365
3 3362 3372 3371
3 3372 1982 3371
3 3372 1979 1982
3 3365 3373 3367
3 3365 3371 3373
3 3371 1983 3373
3 3371 1982 1983
3 3362 3374 3372
3 3362 3375 3374
3 3375 2965 3374
3 3375 2961 2965
3 3372 1978 1979
3 3372 3374 1978
3 3374 1092 1978
3 3374 2965 1092
3 3362 3376 3375
3 3362 3364 3376
3 3364 3377 3376
3 3364 3369 3377
3 3375 2960 2961
3 3375 3376 2960
3 3376 2963 2960
3 3376 3377 2963
3 3378 3379 3380
3 3378 3381 3379
3 3381 2936 3379
3 3381 2931 2936
3 3380 3382 3383
3 3380 3379 3382
3 3379 2937 3382
3 3379 2936 2937
3 3378 3384 3381
3 3378 3385 3384
3 3385 1955 3384
3 3385 1949 1955
3 3381 2930 2931
3 3381 3384 2930
3 3384 1117 2930
3 3384 1955 1117
3 3378 3386 3385
3 3378 3387 3386
3 3387 3388 3386
3 3387 3389 3388
3 3385 1948 1949
3 3385 3386 1948
3 3386 1952 1948
3 3386 3388 1952
3 3378 3390 3387
3 3378 3380 3390
3 3380 3391 3390
3 3380 3383 3391
3 3387 3392 3389
3 3387 3390 3392
3 3390 3393 3392
3 3390 3391 3393
3 3394 3395 3396
3 3394 3397 3395
3 3397 3398 3395
3 3397 3399 3398
3 3396 3400 3401
3 3396 3395 3400
3 3395 3402 3400
3 3395 3398 3402
3 3394 3403 3397
3 3394 3404 3403
3 3404 2204 3403
3 3404 2202 2204
3 3397 3405 3399
3 3397 3403 3405
3 3403 2187 3405
3 3403 2204 2187
3 3394 3406 3404
3 3394 3407 3406
3 3407 3373 3406
3 3407 3367 3373
3 3404 2201 2202
3 3404 3406 2201
3 3406 1983 2201
3 3406 3373 1983
3 3394 3408 3407
3 3394 3396 3408
3 3396 3409 3408
3 3396 3401 3409
3 3407 3366 3367
3 3407 3408 3366
3 3408 3370 3366
3 3408 3409 3370
3 3410 3411 3412
3 3410 3413 3411
3 3413 3260 3411
3 3413 3257 3260
3 3412 3414 3415
3 3412 3411 3414
3 3411 3261 3414
3 3411 3260 3261
3 3410 3416 3413
3 3410 3417 3416
3 3417 2189 3416
3 3417 2185 2189
3 3413 3256 3257
3 3413 3416 3256
3 3416 778 3256
3 3416 2189 778
3 3410 3418 3417
3 3410 3419 3418
3 3419 3405 3418
3 3419 3399 3405
3 3417 2184 2185
3 3417 3418 2184
3 3418 2187 2184
3 3418 3405 2187
3 3410 3420 3419
3 3410 3412 3420
3 3412 3421 3420
3 3412 3415 3421
3 3419 3398 3399
3 3419 3420 3398
3 3420 3402 3398
3 3420 3421 3402
3 3422 3423 3424
3 3422 3425 3423
3 3425 3426 3423
3 3425 3427 3426
3 3424 3428 3429
3 3424 3423 3428
3 3423 3430 3428
3 3423 3426 3430
3 3422 3431 3425
3 3422 3432 3431
3 3432 2145 3431
3 3432 2140 2145
3 3425 3433 3427
3 3425 3431 3433
3 3431 2146 3433
3 3431 2145 2146
3 3422 3434 3432
3 3422 3435 3434
3 3435 3209 3434
3 3435 3203 3209
3 3432 2139 2140
3 3432 3434 2139
3 3434 835 2139
3 3434 3209 835
3 3422 3436 3435
3 3422 3424 3436
3 3424 3437 3436
3 3424 3429 3437
3 3435 3202 3203
3 3435 3436 3202
3 3436 3206 3202
3 3436 3437 3206
3 3438 3439 3440
3 3438 3441 3439
3 3441 3392 3439
3 3441 3389 3392
3 3440 3442 3443
3 3440 3439 3442
3 3439 3393 3442
3 3439 3392 3393
3 3438 3444 3441
3 3438 3445 3444
3 3445 2163 3444
3 3445 2160 2163
3 3441 3388 3389
3 3441 3444 3388
3 3444 1952 3388
3 3444 2163 1952
3 3438 3446 3445
3 3438 3447 3446
3 3447 3433 3446
3 3447 3427 3433
3 3445 2159 2160
3 3445 3446 2159
3 3446 2146 2159
3 3446 3433 2146
3 3438 3448 3447
3 3438 3440 3448
3 3440 3449 3448
3 3440 3443 3449
3 3447 3426 3427
3 3447 3448 3426
3 3448 3430 3426
3 3448 3449 3430
3 3450 3451 3452
3 3450 3453 3451
3 3453 2956 3451
3 3453 2951 2956
3 3452 3454 3455
3 3452 3451 3454
3 3451 2957 3454
3 3451 2956 2957
3 3450 3456 3453
3 3450 3457 3456
3 3457 2300 3456
3 3457 2296 2300
3 3453 2950 2951
3 3453 3456 2950
3 3456 1108 2950
3 3456 2300 1108
3 3450 3458 3457
3 3450 3459 3458
3 3459 3460 3458
3 3459 3461 3460
3 3457 2295 2296
3 3457 3458 2295
3 3458 2298 2295
3 3458 3460 2298
3 3450 3462 3459
3 3450 3452 3462
3 3452 3463 3462
3 3452 3455 3463
3 3459 3464 3461
3 3459 3462 3464
3 3462 3465 3464
3 3462 3463 3465
3 3466 3467 3468
3 3466 3469 3467
3 3469 3470 3467
3 3469 3471 3470
3 3468 3472 3473
3 3468 3467 3472
3 3467 3474 3472
3 3467 3470 3474
3 3466 3475 3469
3 3466 3476 3475
3 3476 2271 3475
3 3476 2266 2271
3 3469 3477 3471
3 3469 3475 3477
3 3475 2272 3477
3 3475 2271 2272
3 3466 3478 3476
3 3466 3479 3478
3 3479 2945 3478
3 3479 2941 2945
3 3476 2265 2266
3 3476 3478 2265
3 3478 1123 2265
3 3478 2945 1123
3 3466 3480 3479
3 3466 3468 3480
3 3468 3481 3480
3 3468 3473 3481
3 3479 2940 2941
3 3479 3480 2940
3 3480 2943 2940
3 3480 3481 2943
3 3482 3483 3484
3 3482 3485 3483
3 3485 3486 3483
3 3485 3487 3486
3 3484 3488 3489
3 3484 3483 3488
3 3483 3490 3488
3 3483 3486 3490
3 3482 3491 3485
3 3482 3492 3491
3 3492 2480 3491
3 3492 2476 2480
3 3485 3493 3487
3 3485 3491 3493
3 3491 2458 3493
3 3491 2480 2458
3 3482 3494 3492
3 3482 3495 3494
3 3495 3496 3494
3 3495 3497 3496
3 3492 2475 2476
3 3492 3494 2475
3 3494 2478 2475
3 3494 3496 2478
3 3482 3498 3495
3 3482 3484 3498
3 3484 3499 3498
3 3484 3489 3499
3 3495 3500 3497
3 3495 3498 3500
3 3498 3501 3500
3 3498 3499 3501
3 3502 3503 3504
3 3502 3505 3503
3 3505 3464 3503
3 3505 3461 3464
3 3504 3506 3507
3 3504 3503 3506
3 3503 3465 3506
3 3503 3464 3465
3 3502 3508 3505
3 3502 3509 3508
3 3509 2460 3508
3 3509 2456 2460
3 3505 3460 3461
3 3505 3508 3460
3 3508 2298 3460
3 3508 2460 2298
3 3502 3510 3509
3 3502 3511 3510
3 3511 3493 3510
3 3511 3487 3493
3 3509 2455 2456
3 3509 3510 2455
3 3510 2458 2455
3 3510 3493 2458
3 3502 3512 3511
3 3502 3504 3512
3 3504 3513 3512
3 3504 3507 3513
3 3511 3486 3487
3 3511 3512 3486
3 3512 3490 3486
3 3512 3513 3490
3 3514 3515 3516
3 3514 3517 3515
3 3517 3518 3515
3 3517 3519 3518
3 3516 3520 3521
3 3516 3515 3520
3 3515 3522 3520
3 3515 3518 3522
3 3514 3523 3517
3 3514 3524 3523
3 3524 2411 3523
3 3524 2406 2411
3 3517 3525 3519
3 3517 3523 3525
3 3523 2412 3525
3 3523 2411 2412
3 3514 3526 3524
3 3514 3527 3526
3 3527 3477 3526
3 3527 3471 3477
3 3524 2405 2406
3 3524 3526 2405
3 3526 2272 2405
3 3526 3477 2272
3 3514 3528 3527
3 3514 3516 3528
3 3516 3529 3528
3 3516 3521 3529
3 3527 3470 3471
3 3527 3528 3470
3 3528 3474 3470
3 3528 3529 3474
3 3530 3531 3532
3 3530 3533 3531
3 3533 3534 3531
3 3533 3535 3534
3 3532 3536 3537
3 3532 3531 3536
3 3531 3538 3536
3 3531 3534 3538
3 3530 3539 3533
3 3530 3540 3539
3 3540 2431 3539
3 3540 2426 2431
3 3533 3541 3535
3 3533 3539 3541
3 3539 2432 3541
3 3539 2431 2432
3 3530 3542 3540
3 3530 3543 3542
3 3543 3525 3542
3 3543 3519 3525
3 3540 2425 2426
3 3540 3542 2425
3 3542 2412 2425
3 3542 3525 2412
3 3530 3544 3543
3 3530 3532 3544
3 3532 3545 3544
3 3532 3537 3545
3 3543 3518 3519
3 3543 3544 3518
3 3544 3522 3518
3 3544 3545 3522
3 3546 3547 3548
3 3546 3549 3547
3 3549 3550 3547
3 3549 3551 3550
3 3548 2859 2860
3 3548 3547 2859
3 3547 2846 2859
3 3547 3550 2846
3 3546 3552 3549
3 3546 3553 3552
3 3553 3554 3552
3 3553 3555 3554
3 3549 3556 3551
3 3549 3552 3556
3 3552 3557 3556
3 3552 3554 3557
3 3546 3558 3553
3 3546 3559 3558
3 3559 3316 3558
3 3559 3313 3316
3 3553 3560 3555
3 3553 3558 3560
3 3558 3317 3560
3 3558 3316 3317
3 3546 3561 3559
3 3546 3548 3561
3 3548 2863 3561
3 3548 2860 2863
3 3559 3312 3313
3 3559 3561 3312
3 3561 1408 3312
3 3561 2863 1408
3 3562 3563 3564
3 3562 3565 3563
3 3565 3541 3563
3 3565 3535 3541
3 3564 2839 2840
3 3564 3563 2839
3 3563 2432 2839
3 3563 3541 2432
3 3562 3566 3565
3 3562 3567 3566
3 3567 3568 3566
3 3567 3569 3568
3 3565 3534 3535
3 3565 3566 3534
3 3566 3538 3534
3 3566 3568 3538
3 3562 3570 3567
3 3562 3571 3570
3 3571 3556 3570
3 3571 3551 3556
3 3567 3572 3569
3 3567 3570 3572
3 3570 3557 3572
3 3570 3556 3557
3 3562 3573 3571
3 3562 3564 3573
3 3564 2845 3573
3 3564 2840 2845
3 3571 3550 3551
3 3571 3573 3550
3 3573 2846 3550
3 3573 2845 2846
3 3574 3575 3576
3 3574 3577 3575
3 3577 3578 3575
3 3577 3579 3578
3 3576 2814 2815
3 3576 3575 2814
3 3575 2817 2814
3 3575 3578 2817
3 3574 3580 3577
3 3574 3581 3580
3 3581 3582 3580
3 3581 3583 3582
3 3577 3584 3579
3 3577 3580 3584
3 3580 3585 3584
3 3580 3582 3585
3 3574 3586 3581
3 3574 3587 3586
3 3587 3500 3586
3 3587 3497 3500
3 3581 3588 3583
3 3581 3586 3588
3 3586 3501 3588
3 3586 3500 3501
3 3574 3589 3587
3 3574 3576 3589
3 3576 2819 3589
3 3576 2815 2819
3 3587 3496 3497
3 3587 3589 3496
3 3589 2478 3496
3 3589 2819 2478
3 3590 3591 3592
3 3590 3593 3591
3 3593 3341 3591
3 3593 3335 3341
3 3592 2831 2832
3 3592 3591 2831
3 3591 1368 2831
3 3591 3341 1368
3 3590 3594 3593
3 3590 3595 3594
3 3595 3596 3594
3 3595 3597 3596
3 3593 3334 3335
3 3593 3594 3334
3 3594 3338 3334
3 3594 3596 3338
3 3590 3598 3595
3 3590 3599 3598
3 3599 3584 3598
3 3599 3579 3584
3 3595 3600 3597
3 3595 3598 3600
3 3598 3585 3600
3 3598 3584 3585
3 3590 3601 3599
3 3590 3592 3601
3 3592 2834 3601
3 3592 2832 2834
3 3599 3578 3579
3 3599 3601 3578
3 3601 2817 3578
3 3601 2834 2817
3 3602 3603 3604
3 3602 3605 3603
3 3605 3606 3603
3 3605 3607 3606
3 3604 2934 2935
3 3604 3603 2934
3 3603 2937 2934
3 3603 3606 2937
3 3602 3608 3605
3 3602 3609 3608
3 3609 3610 3608
3 3609 3611 3610
3 3605 3612 3607
3 3605 3608 3612
3 3608 3613 3612
3 3608 3610 3613
3 3602 3614 3609
3 3602 3615 3614
3 3615 3616 3614
3 3615 3617 3616
3 3609 3618 3611
3 3609 3614 3618
3 3614 3619 3618
3 3614 3616 3619
3 3602 3620 3615
3 3602 3604 3620
3 3604 2942 3620
3 3604 2935 2942
3 3615 3621 3617
3 3615 3620 3621
3 3620 2943 3621
3 3620 2942 2943
3 3622 3623 3624
3 3622 3625 3623
3 3625 3626 3623
3 3625 3627 3626
3 3624 3610 3611
3 3624 3623 3610
3 3623 3613 3610
3 3623 3626 3613
3 3622 3628 3625
3 3622 3629 3628
3 3629 1446 3628
3 3629 1447 1446
3 3625 3630 3627
3 3625 3628 3630
3 3628 1448 3630
3 3628 1446 1448
3 3622 3631 3629
3 3622 3632 3631
3 3632 3633 3631
3 3632 3634 3633
3 3629 1457 1447
3 3629 3631 1457
3 3631 1459 1457
3 3631 3633 1459
3 3622 3635 3632
3 3622 3624 3635
3 3624 3618 3635
3 3624 3611 3618
3 3632 3636 3634
3 3632 3635 3636
3 3635 3619 3636
3 3635 3618 3619
3 3637 3638 3639
3 3637 3640 3638
3 3640 3641 3638
3 3640 3642 3641
3 3639 2954 2955
3 3639 3638 2954
3 3638 2957 2954
3 3638 3641 2957
3 3637 3643 3640
3 3637 3644 3643
3 3644 3645 3643
3 3644 3646 3645
3 3640 3647 3642
3 3640 3643 3647
3 3643 3648 3647
3 3643 3645 3648
3 3637 3649 3644
3 3637 3650 3649
3 3650 3651 3649
3 3650 3652 3651
3 3644 3653 3646
3 3644 3649 3653
3 3649 3654 3653
3 3649 3651 3654
3 3637 3655 3650
3 3637 3639 3655
3 3639 2962 3655
3 3639 2955 2962
3 3650 3656 3652
3 3650 3655 3656
3 3655 2963 3656
3 3655 2962 2963
3 3657 3658 3659
3 3657 3660 3658
3 3660 3661 3658
3 3660 3662 3661
3 3659 3645 3646
3 3659 3658 3645
3 3658 3648 3645
3 3658 3661 3648
3 3657 3663 3660
3 3657 3664 3663
3 3664 1466 3663
3 3664 1467 1466
3 3660 3665 3662
3 3660 3663 3665
3 3663 1468 3665
3 3663 1466 1468
3 3657 3666 3664
3 3657 3667 3666
3 3667 3668 3666
3 3667 3669 3668
3 3664 1477 1467
3 3664 3666 1477
3 3666 1479 1477
3 3666 3668 1479
3 3657 3670 3667
3 3657 3659 3670
3 3659 3653 3670
3 3659 3646 3653
3 3667 3671 3669
3 3667 3670 3671
3 3670 3654 3671
3 3670 3653 3654
3 3672 3673 3674
3 3672 3675 3673
3 3675 3676 3673
3 3675 3677 3676
3 3674 1488 1489
3 3674 3673 1488
3 3673 1491 1488
3 3673 3676 1491
3 3672 3678 3675
3 3672 3679 3678
3 3679 3680 3678
3 3679 3681 3680
3 3675 3682 3677
3 3675 3678 3682
3 3678 3683 3682
3 3678 3680 3683
3 3672 3684 3679
3 3672 3685 3684
3 3685 3686 3684
3 3685 3687 3686
3 3679 3688 3681
3 3679 3684 3688
3 3684 3689 3688
3 3684 3686 3689
3 3672 3690 3685
3 3672 3674 3690
3 3674 1496 3690
3 3674 1489 1496
3 3685 3691 3687
3 3685 3690 3691
3 3690 1497 3691
3 3690 1496 1497
3 3692 3693 3694
3 3692 3695 3693
3 3695 3696 3693
3 3695 3697 3696
3 3694 3680 3681
3 3694 3693 3680
3 3693 3683 3680
3 3693 3696 3683
3 3692 3698 3695
3 3692 3699 3698
3 3699 2972 3698
3 3699 2973 2972
3 3695 3700 3697
3 3695 3698 3700
3 3698 2974 3700
3 3698 2972 2974
3 3692 3701 3699
3 3692 3702 3701
3 3702 3703 3701
3 3702 3704 3703
3 3699 2983 2973
3 3699 3701 2983
3 3701 2985 2983
3 3701 3703 2985
3 3692 3705 3702
3 3692 3694 3705
3 3694 3688 3705
3 3694 3681 3688
3 3702 3706 3704
3 3702 3705 3706
3 3705 3689 3706
3 3705 3688 3689
3 3707 3708 3709
3 3707 3710 3708
3 3710 3711 3708
3 3710 3712 3711
3 3709 1508 1509
3 3709 3708 1508
3 3708 1511 1508
3 3708 3711 1511
3 3707 3713 3710
3 3707 3714 3713
3 3714 3715 3713
3 3714 3716 3715
3 3710 3717 3712
3 3710 3713 3717
3 3713 3718 3717
3 3713 3715 3718
3 3707 3719 3714
3 3707 3720 3719
3 3720 3682 3719
3 3720 3677 3682
3 3714 3721 3716
3 3714 3719 3721
3 3719 3683 3721
3 3719 3682 3683
3 3707 3722 3720
3 3707 3709 3722
3 3709 1514 3722
3 3709 1509 1514
3 3720 3676 3677
3 3720 3722 3676
3 3722 1491 3676
3 3722 1514 1491
3 3723 3724 3725
3 3723 3726 3724
3 3726 3727 3724
3 3726 3728 3727
3 3725 3715 3716
3 3725 3724 3715
3 3724 3718 3715
3 3724 3727 3718
3 3723 3729 3726
3 3723 3730 3729
3 3730 2992 3729
3 3730 2993 2992
3 3726 3731 3728
3 3726 3729 3731
3 3729 2994 3731
3 3729 2992 2994
3 3723 3732 3730
3 3723 3733 3732
3 3733 3700 3732
3 3733 3697 3700
3 3730 3001 2993
3 3730 3732 3001
3 3732 2974 3001
3 3732 3700 2974
3 3723 3734 3733
3 3723 3725 3734
3 3725 3721 3734
3 3725 3716 3721
3 3733 3696 3697
3 3733 3734 3696
3 3734 3683 3696
3 3734 3721 3683
3 3735 3736 3737
3 3735 3738 3736
3 3738 3739 3736
3 3738 3740 3739
3 3737 1524 1525
3 3737 3736 1524
3 3736 1527 1524
3 3736 3739 1527
3 3735 3741 3738
3 3735 3742 3741
3 3742 3743 3741
3 3742 3744 3743
3 3738 3745 3740
3 3738 3741 3745
3 3741 3746 3745
3 3741 3743 3746
3 3735 3747 3742
3 3735 3748 3747
3 3748 3749 3747
3 3748 3750 3749
3 3742 3751 3744
3 3742 3747 3751
3 3747 3752 3751
3 3747 3749 3752
3 3735 3753 3748
3 3735 3737 3753
3 3737 1532 3753
3 3737 1525 1532
3 3748 3754 3750
3 3748 3753 3754
3 3753 1533 3754
3 3753 1532 1533
3 3755 3756 3757
3 3755 3758 3756
3 3758 3759 3756
3 3758 3760 3759
3 3757 3743 3744
3 3757 3756 3743
3 3756 3746 3743
3 3756 3759 3746
3 3755 3761 3758
3 3755 3762 3761
3 3762 3008 3761
3 3762 3009 3008
3 3758 3763 3760
3 3758 3761 3763
3 3761 3010 3763
3 3761 3008 3010
3 3755 3764 3762
3 3755 3765 3764
3 3765 3766 3764
3 3765 3767 3766
3 3762 3019 3009
3 3762 3764 3019
3 3764 3021 3019
3 3764 3766 3021
3 3755 3768 3765
3 3755 3757 3768
3 3757 3751 3768
3 3757 3744 3751
3 3765 3769 3767
3 3765 3768 3769
3 3768 3752 3769
3 3768 3751 3752
3 3770 3771 3772
3 3770 3773 3771
3 3773 3754 3771
3 3773 3750 3754
3 3772 1542 1543
3 3772 3771 1542
3 3771 1533 1542
3 3771 3754 1533
3 3770 3774 3773
3 3770 3775 3774
3 3775 3776 3774
3 3775 3777 3776
3 3773 3749 3750
3 3773 3774 3749
3 3774 3752 3749
3 3774 3776 3752
3 3770 3778 3775
3 3770 3779 3778
3 3779 3780 3778
3 3779 3781 3780
3 3775 3782 3777
3 3775 3778 3782
3 3778 3783 3782
3 3778 3780 3783
3 3770 3784 3779
3 3770 3772 3784
3 3772 1548 3784
3 3772 1543 1548
3 3779 3785 3781
3 3779 3784 3785
3 3784 1549 3785
3 3784 1548 1549
3 3786 3787 3788
3 3786 3789 3787
3 3789 3769 3787
3 3789 3767 3769
3 3788 3776 3777
3 3788 3787 3776
3 3787 3752 3776
3 3787 3769 3752
3 3786 3790 3789
3 3786 3791 3790
3 3791 3026 3790
3 3791 3027 3026
3 3789 3766 3767
3 3789 3790 3766
3 3790 3021 3766
3 3790 3026 3021
3 3786 3792 3791
3 3786 3793 3792
3 3793 3794 3792
3 3793 3795 3794
3 3791 3035 3027
3 3791 3792 3035
3 3792 3037 3035
3 3792 3794 3037
3 3786 3796 3793
3 3786 3788 3796
3 3788 3782 3796
3 3788 3777 3782
3 3793 3797 3795
3 3793 3796 3797
3 3796 3783 3797
3 3796 3782 3783
3 3798 3799 3800
3 3798 3801 3799
3 3801 3802 3799
3 3801 3803 3802
3 3800 1560 1561
3 3800 3799 1560
3 3799 1563 1560
3 3799 3802 1563
3 3798 3804 3801
3 3798 3805 3804
3 3805 3806 3804
3 3805 3807 3806
3 3801 3808 3803
3 3801 3804 3808
3 3804 3809 3808
3 3804 3806 3809
3 3798 3810 3805
3 3798 3811 3810
3 3811 3717 3810
3 3811 3712 3717
3 3805 3812 3807
3 3805 3810 3812
3 3810 3718 3812
3 3810 3717 3718
3 3798 3813 3811
3 3798 3800 3813
3 3800 1566 3813
3 3800 1561 1566
3 3811 3711 3712
3 3811 3813 3711
3 3813 1511 3711
3 3813 1566 1511
3 3814 3815 3816
3 3814 3817 3815
3 3817 3818 3815
3 3817 3819 3818
3 3816 3806 3807
3 3816 3815 3806
3 3815 3809 3806
3 3815 3818 3809
3 3814 3820 3817
3 3814 3821 3820
3 3821 3044 3820
3 3821 3045 3044
3 3817 3822 3819
3 3817 3820 3822
3 3820 3046 3822
3 3820 3044 3046
3 3814 3823 3821
3 3814 3824 3823
3 3824 3731 3823
3 3824 3728 3731
3 3821 3053 3045
3 3821 3823 3053
3 3823 2994 3053
3 3823 3731 2994
3 3814 3825 3824
3 3814 3816 3825
3 3816 3812 3825
3 3816 3807 3812
3 3824 3727 3728
3 3824 3825 3727
3 3825 3718 3727
3 3825 3812 3718
3 3826 3827 3828
3 3826 3829 3827
3 3829 3785 3827
3 3829 3781 3785
3 3828 1574 1575
3 3828 3827 1574
3 3827 1549 1574
3 3827 3785 1549
3 3826 3830 3829
3 3826 3831 3830
3 3831 3832 3830
3 3831 3833 3832
3 3829 3780 3781
3 3829 3830 3780
3 3830 3783 3780
3 3830 3832 3783
3 3826 3834 3831
3 3826 3835 3834
3 3835 3836 3834
3 3835 3837 3836
3 3831 3838 3833
3 3831 3834 3838
3 3834 3839 3838
3 3834 3836 3839
3 3826 3840 3835
3 3826 3828 3840
3 3828 1580 3840
3 3828 1575 1580
3 3835 3841 3837
3 3835 3840 3841
3 3840 1581 3841
3 3840 1580 1581
3 3842 3843 3844
3 3842 3845 3843
3 3845 3797 3843
3 3845 3795 3797
3 3844 3832 3833
3 3844 3843 3832
3 3843 3783 3832
3 3843 3797 3783
3 3842 3846 3845
3 3842 3847 3846
3 3847 3058 3846
3 3847 3059 3058
3 3845 3794 3795
3 3845 3846 3794
3 3846 3037 3794
3 3846 3058 3037
3 3842 3848 3847
3 3842 3849 3848
3 3849 3850 3848
3 3849 3851 3850
3 3847 3067 3059
3 3847 3848 3067
3 3848 3069 3067
3 3848 3850 3069
3 3842 3852 3849
3 3842 3844 3852
3 3844 3838 3852
3 3844 3833 3838
3 3849 3853 3851
3 3849 3852 3853
3 3852 3839 3853
3 3852 3838 3839
3 3854 3855 3856
3 3854 3857 3855
3 3857 3858 3855
3 3857 3859 3858
3 3856 1592 1593
3 3856 3855 1592
3 3855 1595 1592
3 3855 3858 1595
3 3854 3860 3857
3 3854 3861 3860
3 3861 3862 3860
3 3861 3863 3862
3 3857 3864 3859
3 3857 3860 3864
3 3860 3865 3864
3 3860 3862 3865
3 3854 3866 3861
3 3854 3867 3866
3 3867 3868 3866
3 3867 3869 3868
3 3861 3870 3863
3 3861 3866 3870
3 3866 3871 3870
3 3866 3868 3871
3 3854 3872 3867
3 3854 3856 3872
3 3856 1600 3872
3 3856 1593 1600
3 3867 3873 3869
3 3867 3872 3873
3 3872 1601 3873
3 3872 1600 1601
3 3874 3875 3876
3 3874 3877 3875
3 3877 3878 3875
3 3877 3879 3878
3 3876 3862 3863
3 3876 3875 3862
3 3875 3865 3862
3 3875 3878 3865
3 3874 3880 3877
3 3874 3881 3880
3 3881 3076 3880
3 3881 3077 3076
3 3877 3882 3879
3 3877 3880 3882
3 3880 3078 3882
3 3880 3076 3078
3 3874 3883 3881
3 3874 3884 3883
3 3884 3885 3883
3 3884 3886 3885
3 3881 3087 3077
3 3881 3883 3087
3 3883 3089 3087
3 3883 3885 3089
3 3874 3887 3884
3 3874 3876 3887
3 3876 3870 3887
3 3876 3863 3870
3 3884 3888 3886
3 3884 3887 3888
3 3887 3871 3888
3 3887 3870 3871
3 3889 3890 3891
3 3889 3892 3890
3 3892 3893 3890
3 3892 3894 3893
3 3891 1612 1613
3 3891 3890 1612
3 3890 1615 1612
3 3890 3893 1615
3 3889 3895 3892
3 3889 3896 3895
3 3896 3897 3895
3 3896 3898 3897
3 3892 3899 3894
3 3892 3895 3899
3 3895 3900 3899
3 3895 3897 3900
3 3889 3901 3896
3 3889 3902 3901
3 3902 3864 3901
3 3902 3859 3864
3 3896 3903 3898
3 3896 3901 3903
3 3901 3865 3903
3 3901 3864 3865
3 3889 3904 3902
3 3889 3891 3904
3 3891 1618 3904
3 3891 1613 1618
3 3902 3858 3859
3 3902 3904 3858
3 3904 1595 3858
3 3904 1618 1595
3 3905 3906 3907
3 3905 3908 3906
3 3908 3909 3906
3 3908 3910 3909
3 3907 3897 3898
3 3907 3906 3897
3 3906 3900 3897
3 3906 3909 3900
3 3905 3911 3908
3 3905 3912 3911
3 3912 3096 3911
3 3912 3097 3096
3 3908 3913 3910
3 3908 3911 3913
3 3911 3098 3913
3 3911 3096 3098
3 3905 3914 3912
3 3905 3915 3914
3 3915 3882 3914
3 3915 3879 3882
3 3912 3105 3097
3 3912 3914 3105
3 3914 3078 3105
3 3914 3882 3078
3 3905 3916 3915
3 3905 3907 3916
3 3907 3903 3916
3 3907 3898 3903
3 3915 3878 3879
3 3915 3916 3878
3 3916 3865 3878
3 3916 3903 3865
3 3917 3918 3919
3 3917 3920 3918
3 3920 3691 3918
3 3920 3687 3691
3 3919 1626 1627
3 3919 3918 1626
3 3918 1497 1626
3 3918 3691 1497
3 3917 3921 3920
3 3917 3922 3921
3 3922 3923 3921
3 3922 3924 3923
3 3920 3686 3687
3 3920 3921 3686
3 3921 3689 3686
3 3921 3923 3689
3 3917 3925 3922
3 3917 3926 3925
3 3926 3899 3925
3 3926 3894 3899
3 3922 3927 3924
3 3922 3925 3927
3 3925 3900 3927
3 3925 3899 3900
3 3917 3928 3926
3 3917 3919 3928
3 3919 1630 3928
3 3919 1627 1630
3 3926 3893 3894
3 3926 3928 3893
3 3928 1615 3893
3 3928 1630 1615
3 3929 3930 3931
3 3929 3932 3930
3 3932 3706 3930
3 3932 3704 3706
3 3931 3923 3924
3 3931 3930 3923
3 3930 3689 3923
3 3930 3706 3689
3 3929 3933 3932
3 3929 3934 3933
3 3934 3110 3933
3 3934 3111 3110
3 3932 3703 3704
3 3932 3933 3703
3 3933 2985 3703
3 3933 3110 2985
3 3929 3935 3934
3 3929 3936 3935
3 3936 3913 3935
3 3936 3910 3913
3 3934 3117 3111
3 3934 3935 3117
3 3935 3098 3117
3 3935 3913 3098
3 3929 3937 3936
3 3929 3931 3937
3 3931 3927 3937
3 3931 3924 3927
3 3936 3909 3910
3 3936 3937 3909
3 3937 3900 3909
3 3937 3927 3900
3 3938 3939 3940
3 3938 3941 3939
3 3941 3942 3939
3 3941 3943 3942
3 3940 1640 1641
3 3940 3939 1640
3 3939 1643 1640
3 3939 3942 1643
3 3938 3944 3941
3 3938 3945 3944
3 3945 3946 3944
3 3945 3947 3946
3 3941 3948 3943
3 3941 3944 3948
3 3944 3949 3948
3 3944 3946 3949
3 3938 3950 3945
3 3938 3951 3950
3 3951 3952 3950
3 3951 3953 3952
3 3945 3954 3947
3 3945 3950 3954
3 3950 3955 3954
3 3950 3952 3955
3 3938 3956 3951
3 3938 3940 3956
3 3940 1648 3956
3 3940 1641 1648
3 3951 3957 3953
3 3951 3956 3957
3 3956 1649 3957
3 3956 1648 1649
3 3958 3959 3960
3 3958 3961 3959
3 3961 3962 3959
3 3961 3963 3962
3 3960 3946 3947
3 3960 3959 3946
3 3959 3949 3946
3 3959 3962 3949
3 3958 3964 3961
3 3958 3965 3964
3 3965 3124 3964
3 3965 3125 3124
3 3961 3966 3963
3 3961 3964 3966
3 3964 3126 3966
3 3964 3124 3126
3 3958 3967 3965
3 3958 3968 3967
3 3968 3969 3967
3 3968 3970 3969
3 3965 3135 3125
3 3965 3967 3135
3 3967 3137 3135
3 3967 3969 3137
3 3958 3971 3968
3 3958 3960 3971
3 3960 3954 3971
3 3960 3947 3954
3 3968 3972 3970
3 3968 3971 3972
3 3971 3955 3972
3 3971 3954 3955
3 3973 3974 3975
3 3973 3976 3974
3 3976 3957 3974
3 3976 3953 3957
3 3975 1658 1659
3 3975 3974 1658
3 3974 1649 1658
3 3974 3957 1649
3 3973 3977 3976
3 3973 3978 3977
3 3978 3979 3977
3 3978 3980 3979
3 3976 3952 3953
3 3976 3977 3952
3 3977 3955 3952
3 3977 3979 3955
3 3973 3981 3978
3 3973 3982 3981
3 3982 3983 3981
3 3982 3984 3983
3 3978 3985 3980
3 3978 3981 3985
3 3981 3986 3985
3 3981 3983 3986
3 3973 3987 3982
3 3973 3975 3987
3 3975 1664 3987
3 3975 1659 1664
3 3982 3988 3984
3 3982 3987 3988
3 3987 1665 3988
3 3987 1664 1665
3 3989 3990 3991
3 3989 3992 3990
3 3992 3972 3990
3 3992 3970 3972
3 3991 3979 3980
3 3991 3990 3979
3 3990 3955 3979
3 3990 3972 3955
3 3989 3993 3992
3 3989 3994 3993
3 3994 3142 3993
3 3994 3143 3142
3 3992 3969 3970
3 3992 3993 3969
3 3993 3137 3969
3 3993 3142 3137
3 3989 3995 3994
3 3989 3996 3995
3 3996 3997 3995
3 3996 3998 3997
3 3994 3151 3143
3 3994 3995 3151
3 3995 3153 3151
3 3995 3997 3153
3 3989 3999 3996
3 3989 3991 3999
3 3991 3985 3999
3 3991 3980 3985
3 3996 4000 3998
3 3996 3999 4000
3 3999 3986 4000
3 3999 3985 3986
3 4001 4002 4003
3 4001 4004 4002
3 4004 3988 4002
3 4004 3984 3988
3 4003 1674 1675
3 4003 4002 1674
3 4002 1665 1674
3 4002 3988 1665
3 4001 4005 4004
3 4001 4006 4005
3 4006 4007 4005
3 4006 4008 4007
3 4004 3983 3984
3 4004 4005 3983
3 4005 3986 3983
3 4005 4007 3986
3 4001 4009 4006
3 4001 4010 4009
3 4010 3745 4009
3 4010 3740 3745
3 4006 4011 4008
3 4006 4009 4011
3 4009 3746 4011
3 4009 3745 3746
3 4001 4012 4010
3 4001 4003 4012
3 4003 1678 4012
3 4003 1675 1678
3 4010 3739 3740
3 4010 4012 3739
3 4012 1527 3739
3 4012 1678 1527
3 4013 4014 4015
3 4013 4016 4014
3 4016 4000 4014
3 4016 3998 4000
3 4015 4007 4008
3 4015 4014 4007
3 4014 3986 4007
3 4014 4000 3986
3 4013 4017 4016
3 4013 4018 4017
3 4018 3158 4017
3 4018 3159 3158
3 4016 3997 3998
3 4016 4017 3997
3 4017 3153 3997
3 4017 3158 3153
3 4013 4019 4018
3 4013 4020 4019
3 4020 3763 4019
3 4020 3760 3763
3 4018 3165 3159
3 4018 4019 3165
3 4019 3010 3165
3 4019 3763 3010
3 4013 4021 4020
3 4013 4015 4021
3 4015 4011 4021
3 4015 4008 4011
3 4020 3759 3760
3 4020 4021 3759
3 4021 3746 3759
3 4021 4011 3746
3 4022 4023 4024
3 4022 4025 4023
3 4025 4026 4023
3 4025 4027 4026
3 4024 1688 1689
3 4024 4023 1688
3 4023 1691 1688
3 4023 4026 1691
3 4022 4028 4025
3 4022 4029 4028
3 4029 4030 4028
3 4029 4031 4030
3 4025 4032 4027
3 4025 4028 4032
3 4028 4033 4032
3 4028 4030 4033
3 4022 4034 4029
3 4022 4035 4034
3 4035 3808 4034
3 4035 3803 3808
3 4029 4036 4031
3 4029 4034 4036
3 4034 3809 4036
3 4034 3808 3809
3 4022 4037 4035
3 4022 4024 4037
3 4024 1694 4037
3 4024 1689 1694
3 4035 3802 3803
3 4035 4037 3802
3 4037 1563 3802
3 4037 1694 1563
3 4038 4039 4040
3 4038 4041 4039
3 4041 4042 4039
3 4041 4043 4042
3 4040 4030 4031
3 4040 4039 4030
3 4039 4033 4030
3 4039 4042 4033
3 4038 4044 4041
3 4038 4045 4044
3 4045 3172 4044
3 4045 3173 3172
3 4041 4046 4043
3 4041 4044 4046
3 4044 3174 4046
3 4044 3172 3174
3 4038 4047 4045
3 4038 4048 4047
3 4048 3822 4047
3 4048 3819 3822
3 4045 3181 3173
3 4045 4047 3181
3 4047 3046 3181
3 4047 3822 3046
3 4038 4049 4048
3 4038 4040 4049
3 4040 4036 4049
3 4040 4031 4036
3 4048 3818 3819
3 4048 4049 3818
3 4049 3809 3818
3 4049 4036 3809
3 4050 4051 4052
3 4050 4053 4051
3 4053 4054 4051
3 4053 4055 4054
3 4052 1704 1705
3 4052 4051 1704
3 4051 1707 1704
3 4051 4054 1707
3 4050 4056 4053
3 4050 4057 4056
3 4057 4058 4056
3 4057 4059 4058
3 4053 4060 4055
3 4053 4056 4060
3 4056 4061 4060
3 4056 4058 4061
3 4050 4062 4057
3 4050 4063 4062
3 4063 4032 4062
3 4063 4027 4032
3 4057 4064 4059
3 4057 4062 4064
3 4062 4033 4064
3 4062 4032 4033
3 4050 4065 4063
3 4050 4052 4065
3 4052 1710 4065
3 4052 1705 1710
3 4063 4026 4027
3 4063 4065 4026
3 4065 1691 4026
3 4065 1710 1691
3 4066 4067 4068
3 4066 4069 4067
3 4069 4070 4067
3 4069 4071 4070
3 4068 4058 4059
3 4068 4067 4058
3 4067 4061 4058
3 4067 4070 4061
3 4066 4072 4069
3 4066 4073 4072
3 4073 3188 4072
3 4073 3189 3188
3 4069 4074 4071
3 4069 4072 4074
3 4072 3190 4074
3 4072 3188 3190
3 4066 4075 4073
3 4066 4076 4075
3 4076 4046 4075
3 4076 4043 4046
3 4073 3197 3189
3 4073 4075 3197
3 4075 3174 3197
3 4075 4046 3174
3 4066 4077 4076
3 4066 4068 4077
3 4068 4064 4077
3 4068 4059 4064
3 4076 4042 4043
3 4076 4077 4042
3 4077 4033 4042
3 4077 4064 4033
3 4078 4079 4080
3 4078 4081 4079
3 4081 4082 4079
3 4081 4083 4082
3 4080 1720 1721
3 4080 4079 1720
3 4079 1723 1720
3 4079 4082 1723
3 4078 4084 4081
3 4078 4085 4084
3 4085 4086 4084
3 4085 4087 4086
3 4081 4088 4083
3 4081 4084 4088
3 4084 4089 4088
3 4084 4086 4089
3 4078 4090 4085
3 4078 4091 4090
3 4091 4060 4090
3 4091 4055 4060
3 4085 4092 4087
3 4085 4090 4092
3 4090 4061 4092
3 4090 4060 4061
3 4078 4093 4091
3 4078 4080 4093
3 4080 1726 4093
3 4080 1721 1726
3 4091 4054 4055
3 4091 4093 4054
3 4093 1707 4054
3 4093 1726 1707
3 4094 4095 4096
3 4094 4097 4095
3 4097 4098 4095
3 4097 4099 4098
3 4096 4086 4087
3 4096 4095 4086
3 4095 4089 4086
3 4095 4098 4089
3 4094 4100 4097
3 4094 4101 4100
3 4101 3204 4100
3 4101 3205 3204
3 4097 4102 4099
3 4097 4100 4102
3 4100 3206 4102
3 4100 3204 3206
3 4094 4103 4101
3 4094 4104 4103
3 4104 4074 4103
3 4104 4071 4074
3 4101 3213 3205
3 4101 4103 3213
3 4103 3190 3213
3 4103 4074 3190
3 4094 4105 4104
3 4094 4096 4105
3 4096 4092 4105
3 4096 4087 4092
3 4104 4070 4071
3 4104 4105 4070
3 4105 4061 4070
3 4105 4092 4061
3 4106 4107 4108
3 4106 4109 4107
3 4109 3841 4107
3 4109 3837 3841
3 4108 1734 1735
3 4108 4107 1734
3 4107 1581 1734
3 4107 3841 1581
3 4106 4110 4109
3 4106 4111 4110
3 4111 4112 4110
3 4111 4113 4112
3 4109 3836 3837
3 4109 4110 3836
3 4110 3839 3836
3 4110 4112 3839
3 4106 4114 4111
3 4106 4115 4114
3 4115 4116 4114
3 4115 4117 4116
3 4111 4118 4113
3 4111 4114 4118
3 4114 4119 4118
3 4114 4116 4119
3 4106 4120 4115
3 4106 4108 4120
3 4108 1740 4120
3 4108 1735 1740
3 4115 4121 4117
3 4115 4120 4121
3 4120 1741 4121
3 4120 1740 1741
3 4122 4123 4124
3 4122 4125 4123
3 4125 3853 4123
3 4125 3851 3853
3 4124 4112 4113
3 4124 4123 4112
3 4123 3839 4112
3 4123 3853 3839
3 4122 4126 4125
3 4122 4127 4126
3 4127 3218 4126
3 4127 3219 3218
3 4125 3850 3851
3 4125 4126 3850
3 4126 3069 3850
3 4126 3218 3069
3 4122 4128 4127
3 4122 4129 4128
3 4129 4130 4128
3 4129 4131 4130
3 4127 3227 3219
3 4127 4128 3227
3 4128 3229 3227
3 4128 4130 3229
3 4122 4132 4129
3 4122 4124 4132
3 4124 4118 4132
3 4124 4113 4118
3 4129 4133 4131
3 4129 4132 4133
3 4132 4119 4133
3 4132 4118 4119
3 4134 4135 4136
3 4134 4137 4135
3 4137 4121 4135
3 4137 4117 4121
3 4136 1750 1751
3 4136 4135 1750
3 4135 1741 1750
3 4135 4121 1741
3 4134 4138 4137
3 4134 4139 4138
3 4139 4140 4138
3 4139 4141 4140
3 4137 4116 4117
3 4137 4138 4116
3 4138 4119 4116
3 4138 4140 4119
3 4134 4142 4139
3 4134 4143 4142
3 4143 4144 4142
3 4143 4145 4144
3 4139 4146 4141
3 4139 4142 4146
3 4142 4147 4146
3 4142 4144 4147
3 4134 4148 4143
3 4134 4136 4148
3 4136 1756 4148
3 4136 1751 1756
3 4143 4149 4145
3 4143 4148 4149
3 4148 1757 4149
3 4148 1756 1757
3 4150 4151 4152
3 4150 4153 4151
3 4153 4133 4151
3 4153 4131 4133
3 4152 4140 4141
3 4152 4151 4140
3 4151 4119 4140
3 4151 4133 4119
3 4150 4154 4153
3 4150 4155 4154
3 4155 3234 4154
3 4155 3235 3234
3 4153 4130 4131
3 4153 4154 4130
3 4154 3229 4130
3 4154 3234 3229
3 4150 4156 4155
3 4150 4157 4156
3 4157 4158 4156
3 4157 4159 4158
3 4155 3243 3235
3 4155 4156 3243
3 4156 3245 3243
3 4156 4158 3245
3 4150 4160 4157
3 4150 4152 4160
3 4152 4146 4160
3 4152 4141 4146
3 4157 4161 4159
3 4157 4160 4161
3 4160 4147 4161
3 4160 4146 4147
3 4162 4163 4164
3 4162 4165 4163
3 4165 4149 4163
3 4165 4145 4149
3 4164 1766 1767
3 4164 4163 1766
3 4163 1757 1766
3 4163 4149 1757
3 4162 4166 4165
3 4162 4167 4166
3 4167 4168 4166
3 4167 4169 4168
3 4165 4144 4145
3 4165 4166 4144
3 4166 4147 4144
3 4166 4168 4147
3 4162 4170 4167
3 4162 4171 4170
3 4171 4172 4170
3 4171 4173 4172
3 4167 4174 4169
3 4167 4170 4174
3 4170 4175 4174
3 4170 4172 4175
3 4162 4176 4171
3 4162 4164 4176
3 4164 1772 4176
3 4164 1767 1772
3 4171 4177 4173
3 4171 4176 4177
3 4176 1773 4177
3 4176 1772 1773
3 4178 4179 4180
3 4178 4181 4179
3 4181 4161 4179
3 4181 4159 4161
3 4180 4168 4169
3 4180 4179 4168
3 4179 4147 4168
3 4179 4161 4147
3 4178 4182 4181
3 4178 4183 4182
3 4183 3250 4182
3 4183 3251 3250
3 4181 4158 4159
3 4181 4182 4158
3 4182 3245 4158
3 4182 3250 3245
3 4178 4184 4183
3 4178 4185 4184
3 4185 4186 4184
3 4185 4187 4186
3 4183 3259 3251
3 4183 4184 3259
3 4184 3261 3259
3 4184 4186 3261
3 4178 4188 4185
3 4178 4180 4188
3 4180 4174 4188
3 4180 4169 4174
3 4185 4189 4187
3 4185 4188 4189
3 4188 4175 4189
3 4188 4174 4175
3 4190 4191 4192
3 4190 4193 4191
3 4193 4194 4191
3 4193 4195 4194
3 4192 3270 3271
3 4192 4191 3270
3 4191 3273 3270
3 4191 4194 3273
3 4190 4196 4193
3 4190 4197 4196
3 4197 4198 4196
3 4197 4199 4198
3 4193 4200 4195
3 4193 4196 4200
3 4196 4201 4200
3 4196 4198 4201
3 4190 4202 4197
3 4190 4203 4202
3 4203 4204 4202
3 4203 4205 4204
3 4197 4206 4199
3 4197 4202 4206
3 4202 4207 4206
3 4202 4204 4207
3 4190 4208 4203
3 4190 4192 4208
3 4192 3278 4208
3 4192 3271 3278
3 4203 4209 4205
3 4203 4208 4209
3 4208 3279 4209
3 4208 3278 3279
3 4210 4211 4212
3 4210 4213 4211
3 4213 4214 4211
3 4213 4215 4214
3 4212 4198 4199
3 4212 4211 4198
3 4211 4201 4198
3 4211 4214 4201
3 4210 4216 4213
3 4210 4217 4216
3 4217 1782 4216
3 4217 1783 1782
3 4213 4218 4215
3 4213 4216 4218
3 4216 1784 4218
3 4216 1782 1784
3 4210 4219 4217
3 4210 4220 4219
3 4220 4221 4219
3 4220 4222 4221
3 4217 1793 1783
3 4217 4219 1793
3 4219 1795 1793
3 4219 4221 1795
3 4210 4223 4220
3 4210 4212 4223
3 4212 4206 4223
3 4212 4199 4206
3 4220 4224 4222
3 4220 4223 4224
3 4223 4207 4224
3 4223 4206 4207
3 4225 4226 4227
3 4225 4228 4226
3 4228 4229 4226
3 4228 4230 4229
3 4227 1804 1805
3 4227 4226 1804
3 4226 1807 1804
3 4226 4229 1807
3 4225 4231 4228
3 4225 4232 4231
3 4232 4233 4231
3 4232 4234 4233
3 4228 4235 4230
3 4228 4231 4235
3 4231 4236 4235
3 4231 4233 4236
3 4225 4237 4232
3 4225 4238 4237
3 4238 4224 4237
3 4238 4222 4224
3 4232 4239 4234
3 4232 4237 4239
3 4237 4207 4239
3 4237 4224 4207
3 4225 4240 4238
3 4225 4227 4240
3 4227 1810 4240
3 4227 1805 1810
3 4238 4221 4222
3 4238 4240 4221
3 4240 1795 4221
3 4240 1810 1795
3 4241 4242 4243
3 4241 4244 4242
3 4244 4245 4242
3 4244 4246 4245
3 4243 4233 4234
3 4243 4242 4233
3 4242 4236 4233
3 4242 4245 4236
3 4241 4247 4244
3 4241 4248 4247
3 4248 3288 4247
3 4248 3289 3288
3 4244 4249 4246
3 4244 4247 4249
3 4247 3290 4249
3 4247 3288 3290
3 4241 4250 4248
3 4241 4251 4250
3 4251 4209 4250
3 4251 4205 4209
3 4248 3297 3289
3 4248 4250 3297
3 4250 3279 3297
3 4250 4209 3279
3 4241 4252 4251
3 4241 4243 4252
3 4243 4239 4252
3 4243 4234 4239
3 4251 4204 4205
3 4251 4252 4204
3 4252 4207 4204
3 4252 4239 4207
3 4253 4254 4255
3 4253 4256 4254
3 4256 4257 4254
3 4256 4258 4257
3 4255 1820 1821
3 4255 4254 1820
3 4254 1823 1820
3 4254 4257 1823
3 4253 4259 4256
3 4253 4260 4259
3 4260 4261 4259
3 4260 4262 4261
3 4256 4263 4258
3 4256 4259 4263
3 4259 4264 4263
3 4259 4261 4264
3 4253 4265 4260
3 4253 4266 4265
3 4266 4267 4265
3 4266 4268 4267
3 4260 4269 4262
3 4260 4265 4269
3 4265 4270 4269
3 4265 4267 4270
3 4253 4271 4266
3 4253 4255 4271
3 4255 1828 4271
3 4255 1821 1828
3 4266 4272 4268
3 4266 4271 4272
3 4271 1829 4272
3 4271 1828 1829
3 4273 4274 4275
3 4273 4276 4274
3 4276 4277 4274
3 4276 4278 4277
3 4275 4261 4262
3 4275 4274 4261
3 4274 4264 4261
3 4274 4277 4264
3 4273 4279 4276
3 4273 4280 4279
3 4280 3304 4279
3 4280 3305 3304
3 4276 4281 4278
3 4276 4279 4281
3 4279 3306 4281
3 4279 3304 3306
3 4273 4282 4280
3 4273 4283 4282
3 4283 4284 4282
3 4283 4285 4284
3 4280 3315 3305
3 4280 4282 3315
3 4282 3317 3315
3 4282 4284 3317
3 4273 4286 4283
3 4273 4275 4286
3 4275 4269 4286
3 4275 4262 4269
3 4283 4287 4285
3 4283 4286 4287
3 4286 4270 4287
3 4286 4269 4270
3 4288 4289 4290
3 4288 4291 4289
3 4291 4218 4289
3 4291 4215 4218
3 4290 1838 1839
3 4290 4289 1838
3 4289 1784 1838
3 4289 4218 1784
3 4288 4292 4291
3 4288 4293 4292
3 4293 4294 4292
3 4293 4295 4294
3 4291 4214 4215
3 4291 4292 4214
3 4292 4201 4214
3 4292 4294 4201
3 4288 4296 4293
3 4288 4297 4296
3 4297 4263 4296
3 4297 4258 4263
3 4293 4298 4295
3 4293 4296 4298
3 4296 4264 4298
3 4296 4263 4264
3 4288 4299 4297
3 4288 4290 4299
3 4290 1842 4299
3 4290 1839 1842
3 4297 4257 4258
3 4297 4299 4257
3 4299 1823 4257
3 4299 1842 1823
3 4300 4301 4302
3 4300 4303 4301
3 4303 4200 4301
3 4303 4195 4200
3 4302 4294 4295
3 4302 4301 4294
3 4301 4201 4294
3 4301 4200 4201
3 4300 4304 4303
3 4300 4305 4304
3 4305 3322 4304
3 4305 3323 3322
3 4303 4194 4195
3 4303 4304 4194
3 4304 3273 4194
3 4304 3322 3273
3 4300 4306 4305
3 4300 4307 4306
3 4307 4281 4306
3 4307 4278 4281
3 4305 3329 3323
3 4305 4306 3329
3 4306 3306 3329
3 4306 4281 3306
3 4300 4308 4307
3 4300 4302 4308
3 4302 4298 4308
3 4302 4295 4298
3 4307 4277 4278
3 4307 4308 4277
3 4308 4264 4277
3 4308 4298 4264
3 4309 4310 4311
3 4309 4312 4310
3 4312 4313 4310
3 4312 4314 4313
3 4311 1852 1853
3 4311 4310 1852
3 4310 1855 1852
3 4310 4313 1855
3 4309 4315 4312
3 4309 4316 4315
3 4316 4317 4315
3 4316 4318 4317
3 4312 4319 4314
3 4312 4315 4319
3 4315 4320 4319
3 4315 4317 4320
3 4309 4321 4316
3 4309 4322 4321
3 4322 4323 4321
3 4322 4324 4323
3 4316 4325 4318
3 4316 4321 4325
3 4321 4326 4325
3 4321 4323 4326
3 4309 4327 4322
3 4309 4311 4327
3 4311 1860 4327
3 4311 1853 1860
3 4322 4328 4324
3 4322 4327 4328
3 4327 1861 4328
3 4327 1860 1861
3 4329 4330 4331
3 4329 4332 4330
3 4332 4333 4330
3 4332 4334 4333
3 4331 4317 4318
3 4331 4330 4317
3 4330 4320 4317
3 4330 4333 4320
3 4329 4335 4332
3 4329 4336 4335
3 4336 3336 4335
3 4336 3337 3336
3 4332 4337 4334
3 4332 4335 4337
3 4335 3338 4337
3 4335 3336 3338
3 4329 4338 4336
3 4329 4339 4338
3 4339 4340 4338
3 4339 4341 4340
3 4336 3347 3337
3 4336 4338 3347
3 4338 3349 3347
3 4338 4340 3349
3 4329 4342 4339
3 4329 4331 4342
3 4331 4325 4342
3 4331 4318 4325
3 4339 4343 4341
3 4339 4342 4343
3 4342 4326 4343
3 4342 4325 4326
3 4344 4345 4346
3 4344 4347 4345
3 4347 4328 4345
3 4347 4324 4328
3 4346 1870 1871
3 4346 4345 1870
3 4345 1861 1870
3 4345 4328 1861
3 4344 4348 4347
3 4344 4349 4348
3 4349 4350 4348
3 4349 4351 4350
3 4347 4323 4324
3 4347 4348 4323
3 4348 4326 4323
3 4348 4350 4326
3 4344 4352 4349
3 4344 4353 4352
3 4353 4235 4352
3 4353 4230 4235
3 4349 4354 4351
3 4349 4352 4354
3 4352 4236 4354
3 4352 4235 4236
3 4344 4355 4353
3 4344 4346 4355
3 4346 1874 4355
3 4346 1871 1874
3 4353 4229 4230
3 4353 4355 4229
3 4355 1807 4229
3 4355 1874 1807
3 4356 4357 4358
3 4356 4359 4357
3 4359 4343 4357
3 4359 4341 4343
3 4358 4350 4351
3 4358 4357 4350
3 4357 4326 4350
3 4357 4343 4326
3 4356 4360 4359
3 4356 4361 4360
3 4361 3354 4360
3 4361 3355 3354
3 4359 4340 4341
3 4359 4360 4340
3 4360 3349 4340
3 4360 3354 3349
3 4356 4362 4361
3 4356 4363 4362
3 4363 4249 4362
3 4363 4246 4249
3 4361 3361 3355
3 4361 4362 3361
3 4362 3290 3361
3 4362 4249 3290
3 4356 4364 4363
3 4356 4358 4364
3 4358 4354 4364
3 4358 4351 4354
3 4363 4245 4246
3 4363 4364 4245
3 4364 4236 4245
3 4364 4354 4236
3 4365 4366 4367
3 4365 4368 4366
3 4368 4369 4366
3 4368 4370 4369
3 4367 1994 1995
3 4367 4366 1994
3 4366 1997 1994
3 4366 4369 1997
3 4365 4371 4368
3 4365 4372 4371
3 4372 4373 4371
3 4372 4374 4373
3 4368 4375 4370
3 4368 4371 4375
3 4371 4376 4375
3 4371 4373 4376
3 4365 4377 4372
3 4365 4378 4377
3 4378 3671 4377
3 4378 3669 3671
3 4372 4379 4374
3 4372 4377 4379
3 4377 3654 4379
3 4377 3671 3654
3 4365 4380 4378
3 4365 4367 4380
3 4367 1999 4380
3 4367 1995 1999
3 4378 3668 3669
3 4378 4380 3668
3 4380 1479 3668
3 4380 1999 1479
3 4381 4382 4383
3 4381 4384 4382
3 4384 4385 4382
3 4384 4386 4385
3 4383 4373 4374
3 4383 4382 4373
3 4382 4376 4373
3 4382 4385 4376
3 4381 4387 4384
3 4381 4388 4387
3 4388 3368 4387
3 4388 3369 3368
3 4384 4389 4386
3 4384 4387 4389
3 4387 3370 4389
3 4387 3368 3370
3 4381 4390 4388
3 4381 4391 4390
3 4391 3656 4390
3 4391 3652 3656
3 4388 3377 3369
3 4388 4390 3377
3 4390 2963 3377
3 4390 3656 2963
3 4381 4392 4391
3 4381 4383 4392
3 4383 4379 4392
3 4383 4374 4379
3 4391 3651 3652
3 4391 4392 3651
3 4392 3654 3651
3 4392 4379 3654
3 4393 4394 4395
3 4393 4396 4394
3 4396 3630 4394
3 4396 3627 3630
3 4395 2010 2011
3 4395 4394 2010
3 4394 1448 2010
3 4394 3630 1448
3 4393 4397 4396
3 4393 4398 4397
3 4398 4399 4397
3 4398 4400 4399
3 4396 3626 3627
3 4396 4397 3626
3 4397 3613 3626
3 4397 4399 3613
3 4393 4401 4398
3 4393 4402 4401
3 4402 4403 4401
3 4402 4404 4403
3 4398 4405 4400
3 4398 4401 4405
3 4401 4406 4405
3 4401 4403 4406
3 4393 4407 4402
3 4393 4395 4407
3 4395 2014 4407
3 4395 2011 2014
3 4402 4408 4404
3 4402 4407 4408
3 4407 2015 4408
3 4407 2014 2015
3 4409 4410 4411
3 4409 4412 4410
3 4412 3612 4410
3 4412 3607 3612
3 4411 4399 4400
3 4411 4410 4399
3 4410 3613 4399
3 4410 3612 3613
3 4409 4413 4412
3 4409 4414 4413
3 4414 3382 4413
3 4414 3383 3382
3 4412 3606 3607
3 4412 4413 3606
3 4413 2937 3606
3 4413 3382 2937
3 4409 4415 4414
3 4409 4416 4415
3 4416 4417 4415
3 4416 4418 4417
3 4414 3391 3383
3 4414 4415 3391
3 4415 3393 3391
3 4415 4417 3393
3 4409 4419 4416
3 4409 4411 4419
3 4411 4405 4419
3 4411 4400 4405
3 4416 4420 4418
3 4416 4419 4420
3 4419 4406 4420
3 4419 4405 4406
3 4421 4422 4423
3 4421 4424 4422
3 4424 4425 4422
3 4424 4426 4425
3 4423 2215 2216
3 4423 4422 2215
3 4422 2218 2215
3 4422 4425 2218
3 4421 4427 4424
3 4421 4428 4427
3 4428 4429 4427
3 4428 4430 4429
3 4424 4431 4426
3 4424 4427 4431
3 4427 4432 4431
3 4427 4429 4432
3 4421 4433 4428
3 4421 4434 4433
3 4434 4375 4433
3 4434 4370 4375
3 4428 4435 4430
3 4428 4433 4435
3 4433 4376 4435
3 4433 4375 4376
3 4421 4436 4434
3 4421 4423 4436
3 4423 2220 4436
3 4423 2216 2220
3 4434 4369 4370
3 4434 4436 4369
3 4436 1997 4369
3 4436 2220 1997
3 4437 4438 4439
3 4437 4440 4438
3 4440 4441 4438
3 4440 4442 4441
3 4439 4429 4430
3 4439 4438 4429
3 4438 4432 4429
3 4438 4441 4432
3 4437 4443 4440
3 4437 4444 4443
3 4444 3400 4443
3 4444 3401 3400
3 4440 4445 4442
3 4440 4443 4445
3 4443 3402 4445
3 4443 3400 3402
3 4437 4446 4444
3 4437 4447 4446
3 4447 4389 4446
3 4447 4386 4389
3 4444 3409 3401
3 4444 4446 3409
3 4446 3370 3409
3 4446 4389 3370
3 4437 4448 4447
3 4437 4439 4448
3 4439 4435 4448
3 4439 4430 4435
3 4447 4385 4386
3 4447 4448 4385
3 4448 4376 4385
3 4448 4435 4376
3 4449 4450 4451
3 4449 4452 4450
3 4452 4177 4450
3 4452 4173 4177
3 4451 2229 2230
3 4451 4450 2229
3 4450 1773 2229
3 4450 4177 1773
3 4449 4453 4452
3 4449 4454 4453
3 4454 4455 4453
3 4454 4456 4455
3 4452 4172 4173
3 4452 4453 4172
3 4453 4175 4172
3 4453 4455 4175
3 4449 4457 4454
3 4449 4458 4457
3 4458 4431 4457
3 4458 4426 4431
3 4454 4459 4456
3 4454 4457 4459
3 4457 4432 4459
3 4457 4431 4432
3 4449 4460 4458
3 4449 4451 4460
3 4451 2232 4460
3 4451 2230 2232
3 4458 4425 4426
3 4458 4460 4425
3 4460 2218 4425
3 4460 2232 2218
3 4461 4462 4463
3 4461 4464 4462
3 4464 4189 4462
3 4464 4187 4189
3 4463 4455 4456
3 4463 4462 4455
3 4462 4175 4455
3 4462 4189 4175
3 4461 4465 4464
3 4461 4466 4465
3 4466 3414 4465
3 4466 3415 3414
3 4464 4186 4187
3 4464 4465 4186
3 4465 3261 4186
3 4465 3414 3261
3 4461 4467 4466
3 4461 4468 4467
3 4468 4445 4467
3 4468 4442 4445
3 4466 3421 3415
3 4466 4467 3421
3 4467 3402 3421
3 4467 4445 3402
3 4461 4469 4468
3 4461 4463 4469
3 4463 4459 4469
3 4463 4456 4459
3 4468 4441 4442
3 4468 4469 4441
3 4469 4432 4441
3 4469 4459 4432
3 4470 4471 4472
3 4470 4473 4471
3 4473 4474 4471
3 4473 4475 4474
3 4472 2243 2244
3 4472 4471 2243
3 4471 2246 2243
3 4471 4474 2246
3 4470 4476 4473
3 4470 4477 4476
3 4477 4478 4476
3 4477 4479 4478
3 4473 4480 4475
3 4473 4476 4480
3 4476 4481 4480
3 4476 4478 4481
3 4470 4482 4477
3 4470 4483 4482
3 4483 4088 4482
3 4483 4083 4088
3 4477 4484 4479
3 4477 4482 4484
3 4482 4089 4484
3 4482 4088 4089
3 4470 4485 4483
3 4470 4472 4485
3 4472 2248 4485
3 4472 2244 2248
3 4483 4082 4083
3 4483 4485 4082
3 4485 1723 4082
3 4485 2248 1723
3 4486 4487 4488
3 4486 4489 4487
3 4489 4490 4487
3 4489 4491 4490
3 4488 4478 4479
3 4488 4487 4478
3 4487 4481 4478
3 4487 4490 4481
3 4486 4492 4489
3 4486 4493 4492
3 4493 3428 4492
3 4493 3429 3428
3 4489 4494 4491
3 4489 4492 4494
3 4492 3430 4494
3 4492 3428 3430
3 4486 4495 4493
3 4486 4496 4495
3 4496 4102 4495
3 4496 4099 4102
3 4493 3437 3429
3 4493 4495 3437
3 4495 3206 3437
3 4495 4102 3206
3 4486 4497 4496
3 4486 4488 4497
3 4488 4484 4497
3 4488 4479 4484
3 4496 4098 4099
3 4496 4497 4098
3 4497 4089 4098
3 4497 4484 4089
3 4498 4499 4500
3 4498 4501 4499
3 4501 4408 4499
3 4501 4404 4408
3 4500 2257 2258
3 4500 4499 2257
3 4499 2015 2257
3 4499 4408 2015
3 4498 4502 4501
3 4498 4503 4502
3 4503 4504 4502
3 4503 4505 4504
3 4501 4403 4404
3 4501 4502 4403
3 4502 4406 4403
3 4502 4504 4406
3 4498 4506 4503
3 4498 4507 4506
3 4507 4480 4506
3 4507 4475 4480
3 4503 4508 4505
3 4503 4506 4508
3 4506 4481 4508
3 4506 4480 4481
3 4498 4509 4507
3 4498 4500 4509
3 4500 2260 4509
3 4500 2258 2260
3 4507 4474 4475
3 4507 4509 4474
3 4509 2246 4474
3 4509 2260 2246
3 4510 4511 4512
3 4510 4513 4511
3 4513 4420 4511
3 4513 4418 4420
3 4512 4504 4505
3 4512 4511 4504
3 4511 4406 4504
3 4511 4420 4406
3 4510 4514 4513
3 4510 4515 4514
3 4515 3442 4514
3 4515 3443 3442
3 4513 4417 4418
3 4513 4514 4417
3 4514 3393 4417
3 4514 3442 3393
3 4510 4516 4515
3 4510 4517 4516
3 4517 4494 4516
3 4517 4491 4494
3 4515 3449 3443
3 4515 4516 3449
3 4516 3430 3449
3 4516 4494 3430
3 4510 4518 4517
3 4510 4512 4518
3 4512 4508 4518
3 4512 4505 4508
3 4517 4490 4491
3 4517 4518 4490
3 4518 4481 4490
3 4518 4508 4481
3 4519 4520 4521
3 4519 4522 4520
3 4522 3665 4520
3 4522 3662 3665
3 4521 2379 2380
3 4521 4520 2379
3 4520 1468 2379
3 4520 3665 1468
3 4519 4523 4522
3 4519 4524 4523
3 4524 4525 4523
3 4524 4526 4525
3 4522 3661 3662
3 4522 4523 3661
3 4523 3648 3661
3 4523 4525 3648
3 4519 4527 4524
3 4519 4528 4527
3 4528 4529 4527
3 4528 4530 4529
3 4524 4531 4526
3 4524 4527 4531
3 4527 4532 4531
3 4527 4529 4532
3 4519 4533 4528
3 4519 4521 4533
3 4521 2383 4533
3 4521 2380 2383
3 4528 4534 4530
3 4528 4533 4534
3 4533 2384 4534
3 4533 2383 2384
3 4535 4536 4537
3 4535 4538 4536
3 4538 3647 4536
3 4538 3642 3647
3 4537 4525 4526
3 4537 4536 4525
3 4536 3648 4525
3 4536 3647 3648
3 4535 4539 4538
3 4535 4540 4539
3 4540 3454 4539
3 4540 3455 3454
3 4538 3641 3642
3 4538 4539 3641
3 4539 2957 3641
3 4539 3454 2957
3 4535 4541 4540
3 4535 4542 4541
3 4542 4543 4541
3 4542 4544 4543
3 4540 3463 3455
3 4540 4541 3463
3 4541 3465 3463
3 4541 4543 3465
3 4535 4545 4542
3 4535 4537 4545
3 4537 4531 4545
3 4537 4526 4531
3 4542 4546 4544
3 4542 4545 4546
3 4545 4532 4546
3 4545 4531 4532
3 4547 4548 4549
3 4547 4550 4548
3 4550 4551 4548
3 4550 4552 4551
3 4549 2395 2396
3 4549 4548 2395
3 4548 2398 2395
3 4548 4551 2398
3 4547 4553 4550
3 4547 4554 4553
3 4554 4555 4553
3 4554 4556 4555
3 4550 4557 4552
3 4550 4553 4557
3 4553 4558 4557
3 4553 4555 4558
3 4547 4559 4554
3 4547 4560 4559
3 4560 3636 4559
3 4560 3634 3636
3 4554 4561 4556
3 4554 4559 4561
3 4559 3619 4561
3 4559 3636 3619
3 4547 4562 4560
3 4547 4549 4562
3 4549 2400 4562
3 4549 2396 2400
3 4560 3633 3634
3 4560 4562 3633
3 4562 1459 3633
3 4562 2400 1459
3 4563 4564 4565
3 4563 4566 4564
3 4566 4567 4564
3 4566 4568 4567
3 4565 4555 4556
3 4565 4564 4555
3 4564 4558 4555
3 4564 4567 4558
3 4563 4569 4566
3 4563 4570 4569
3 4570 3472 4569
3 4570 3473 3472
3 4566 4571 4568
3 4566 4569 4571
3 4569 3474 4571
3 4569 3472 3474
3 4563 4572 4570
3 4563 4573 4572
3 4573 3621 4572
3 4573 3617 3621
3 4570 3481 3473
3 4570 4572 3481
3 4572 2943 3481
3 4572 3621 2943
3 4563 4574 4573
3 4563 4565 4574
3 4565 4561 4574
3 4565 4556 4561
3 4573 3616 3617
3 4573 4574 3616
3 4574 3619 3616
3 4574 4561 3619
3 4575 4576 4577
3 4575 4578 4576
3 4578 4579 4576
3 4578 4580 4579
3 4577 2629 2630
3 4577 4576 2629
3 4576 2632 2629
3 4576 4579 2632
3 4575 4581 4578
3 4575 4582 4581
3 4582 4583 4581
3 4582 4584 4583
3 4578 4585 4580
3 4578 4581 4585
3 4581 4586 4585
3 4581 4583 4586
3 4575 4587 4582
3 4575 4588 4587
3 4588 4589 4587
3 4588 4590 4589
3 4582 4591 4584
3 4582 4587 4591
3 4587 4592 4591
3 4587 4589 4592
3 4575 4593 4588
3 4575 4577 4593
3 4577 2635 4593
3 4577 2630 2635
3 4588 4594 4590
3 4588 4593 4594
3 4593 2636 4594
3 4593 2635 2636
3 4595 4596 4597
3 4595 4598 4596
3 4598 4599 4596
3 4598 4600 4599
3 4597 4583 4584
3 4597 4596 4583
3 4596 4586 4583
3 4596 4599 4586
3 4595 4601 4598
3 4595 4602 4601
3 4602 3488 4601
3 4602 3489 3488
3 4598 4603 4600
3 4598 4601 4603
3 4601 3490 4603
3 4601 3488 3490
3 4595 4604 4602
3 4595 4605 4604
3 4605 4606 4604
3 4605 4607 4606
3 4602 3499 3489
3 4602 4604 3499
3 4604 3501 3499
3 4604 4606 3501
3 4595 4608 4605
3 4595 4597 4608
3 4597 4591 4608
3 4597 4584 4591
3 4605 4609 4607
3 4605 4608 4609
3 4608 4592 4609
3 4608 4591 4592
3 4610 4611 4612
3 4610 4613 4611
3 4613 4534 4611
3 4613 4530 4534
3 4612 2645 2646
3 4612 4611 2645
3 4611 2384 2645
3 4611 4534 2384
3 4610 4614 4613
3 4610 4615 4614
3 4615 4616 4614
3 4615 4617 4616
3 4613 4529 4530
3 4613 4614 4529
3 4614 4532 4529
3 4614 4616 4532
3 4610 4618 4615
3 4610 4619 4618
3 4619 4585 4618
3 4619 4580 4585
3 4615 4620 4617
3 4615 4618 4620
3 4618 4586 4620
3 4618 4585 4586
3 4610 4621 4619
3 4610 4612 4621
3 4612 2648 4621
3 4612 2646 2648
3 4619 4579 4580
3 4619 4621 4579
3 4621 2632 4579
3 4621 2648 2632
3 4622 4623 4624
3 4622 4625 4623
3 4625 4546 4623
3 4625 4544 4546
3 4624 4616 4617
3 4624 4623 4616
3 4623 4532 4616
3 4623 4546 4532
3 4622 4626 4625
3 4622 4627 4626
3 4627 3506 4626
3 4627 3507 3506
3 4625 4543 4544
3 4625 4626 4543
3 4626 3465 4543
3 4626 3506 3465
3 4622 4628 4627
3 4622 4629 4628
3 4629 4603 4628
3 4629 4600 4603
3 4627 3513 3507
3 4627 4628 3513
3 4628 3490 3513
3 4628 4603 3490
3 4622 4630 4629
3 4622 4624 4630
3 4624 4620 4630
3 4624 4617 4620
3 4629 4599 4600
3 4629 4630 4599
3 4630 4586 4599
3 4630 4620 4586
3 4631 4632 4633
3 4631 4634 4632
3 4634 4635 4632
3 4634 4636 4635
3 4633 2659 2660
3 4633 4632 2659
3 4632 2662 2659
3 4632 4635 2662
3 4631 4637 4634
3 4631 4638 4637
3 4638 4639 4637
3 4638 4640 4639
3 4634 4641 4636
3 4634 4637 4641
3 4637 4642 4641
3 4637 4639 4642
3 4631 4643 4638
3 4631 4644 4643
3 4644 4557 4643
3 4644 4552 4557
3 4638 4645 4640
3 4638 4643 4645
3 4643 4558 4645
3 4643 4557 4558
3 4631 4646 4644
3 4631 4633 4646
3 4633 2664 4646
3 4633 2660 2664
3 4644 4551 4552
3 4644 4646 4551
3 4646 2398 4551
3 4646 2664 2398
3 4647 4648 4649
3 4647 4650 4648
3 4650 4651 4648
3 4650 4652 4651
3 4649 4639 4640
3 4649 4648 4639
3 4648 4642 4639
3 4648 4651 4642
3 4647 4653 4650
3 4647 4654 4653
3 4654 3520 4653
3 4654 3521 3520
3 4650 4655 4652
3 4650 4653 4655
3 4653 3522 4655
3 4653 3520 3522
3 4647 4656 4654
3 4647 4657 4656
3 4657 4571 4656
3 4657 4568 4571
3 4654 3529 3521
3 4654 4656 3529
3 4656 3474 3529
3 4656 4571 3474
3 4647 4658 4657
3 4647 4649 4658
3 4649 4645 4658
3 4649 4640 4645
3 4657 4567 4568
3 4657 4658 4567
3 4658 4558 4567
3 4658 4645 4558
3 4659 4660 4661
3 4659 4662 4660
3 4662 4663 4660
3 4662 4664 4663
3 4661 2675 2676
3 4661 4660 2675
3 4660 2678 2675
3 4660 4663 2678
3 4659 4665 4662
3 4659 4666 4665
3 4666 4667 4665
3 4666 4668 4667
3 4662 4669 4664
3 4662 4665 4669
3 4665 4670 4669
3 4665 4667 4670
3 4659 4671 4666
3 4659 4672 4671
3 4672 4641 4671
3 4672 4636 4641
3 4666 4673 4668
3 4666 4671 4673
3 4671 4642 4673
3 4671 4641 4642
3 4659 4674 4672
3 4659 4661 4674
3 4661 2680 4674
3 4661 2676 2680
3 4672 4635 4636
3 4672 4674 4635
3 4674 2662 4635
3 4674 2680 2662
3 4675 4676 4677
3 4675 4678 4676
3 4678 4679 4676
3 4678 4680 4679
3 4677 4667 4668
3 4677 4676 4667
3 4676 4670 4667
3 4676 4679 4670
3 4675 4681 4678
3 4675 4682 4681
3 4682 3536 4681
3 4682 3537 3536
3 4678 4683 4680
3 4678 4681 4683
3 4681 3538 4683
3 4681 3536 3538
3 4675 4684 4682
3 4675 4685 4684
3 4685 4655 4684
3 4685 4652 4655
3 4682 3545 3537
3 4682 4684 3545
3 4684 3522 3545
3 4684 4655 3522
3 4675 4686 4685
3 4675 4677 4686
3 4677 4673 4686
3 4677 4668 4673
3 4685 4651 4652
3 4685 4686 4651
3 4686 4642 4651
3 4686 4673 4642
3 4687 4688 4689
3 4687 4690 4688
3 4690 4691 4688
3 4690 4692 4691
3 4689 3554 3555
3 4689 4688 3554
3 4688 3557 3554
3 4688 4691 3557
3 4687 4693 4690
3 4687 4694 4693
3 4694 4695 4693
3 4694 4696 4695
3 4690 4697 4692
3 4690 4693 4697
3 4693 4698 4697
3 4693 4695 4698
3 4687 4699 4694
3 4687 4700 4699
3 4700 4287 4699
3 4700 4285 4287
3 4694 4701 4696
3 4694 4699 4701
3 4699 4270 4701
3 4699 4287 4270
3 4687 4702 4700
3 4687 4689 4702
3 4689 3560 4702
3 4689 3555 3560
3 4700 4284 4285
3 4700 4702 4284
3 4702 3317 4284
3 4702 3560 3317
3 4703 4704 4705
3 4703 4706 4704
3 4706 4707 4704
3 4706 4708 4707
3 4705 4695 4696
3 4705 4704 4695
3 4704 4698 4695
3 4704 4707 4698
3 4703 4709 4706
3 4703 4710 4709
3 4710 2880 4709
3 4710 2875 2880
3 4706 4711 4708
3 4706 4709 4711
3 4709 2881 4711
3 4709 2880 2881
3 4703 4712 4710
3 4703 4713 4712
3 4713 4272 4712
3 4713 4268 4272
3 4710 2874 2875
3 4710 4712 2874
3 4712 1829 2874
3 4712 4272 1829
3 4703 4714 4713
3 4703 4705 4714
3 4705 4701 4714
3 4705 4696 4701
3 4713 4267 4268
3 4713 4714 4267
3 4714 4270 4267
3 4714 4701 4270
3 4715 4716 4717
3 4715 4718 4716
3 4718 4683 4716
3 4718 4680 4683
3 4717 3568 3569
3 4717 4716 3568
3 4716 3538 3568
3 4716 4683 3538
3 4715 4719 4718
3 4715 4720 4719
3 4720 4721 4719
3 4720 4722 4721
3 4718 4679 4680
3 4718 4719 4679
3 4719 4670 4679
3 4719 4721 4670
3 4715 4723 4720
3 4715 4724 4723
3 4724 4697 4723
3 4724 4692 4697
3 4720 4725 4722
3 4720 4723 4725
3 4723 4698 4725
3 4723 4697 4698
3 4715 4726 4724
3 4715 4717 4726
3 4717 3572 4726
3 4717 3569 3572
3 4724 4691 4692
3 4724 4726 4691
3 4726 3557 4691
3 4726 3572 3557
3 4727 4728 4729
3 4727 4730 4728
3 4730 4669 4728
3 4730 4664 4669
3 4729 4721 4722
3 4729 4728 4721
3 4728 4670 4721
3 4728 4669 4670
3 4727 4731 4730
3 4727 4732 4731
3 4732 2894 4731
3 4732 2891 2894
3 4730 4663 4664
3 4730 4731 4663
3 4731 2678 4663
3 4731 2894 2678
3 4727 4733 4732
3 4727 4734 4733
3 4734 4711 4733
3 4734 4708 4711
3 4732 2890 2891
3 4732 4733 2890
3 4733 2881 2890
3 4733 4711 2881
3 4727 4735 4734
3 4727 4729 4735
3 4729 4725 4735
3 4729 4722 4725
3 4734 4707 4708
3 4734 4735 4707
3 4735 4698 4707
3 4735 4725 4698
3 4736 4737 4738
3 4736 4739 4737
3 4739 4740 4737
3 4739 4741 4740
3 4738 3582 3583
3 4738 4737 3582
3 4737 3585 3582
3 4737 4740 3585
3 4736 4742 4739
3 4736 4743 4742
3 4743 4744 4742
3 4743 4745 4744
3 4739 4746 4741
3 4739 4742 4746
3 4742 4747 4746
3 4742 4744 4747
3 4736 4748 4743
3 4736 4749 4748
3 4749 4609 4748
3 4749 4607 4609
3 4743 4750 4745
3 4743 4748 4750
3 4748 4592 4750
3 4748 4609 4592
3 4736 4751 4749
3 4736 4738 4751
3 4738 3588 4751
3 4738 3583 3588
3 4749 4606 4607
3 4749 4751 4606
3 4751 3501 4606
3 4751 3588 3501
3 4752 4753 4754
3 4752 4755 4753
3 4755 4756 4753
3 4755 4757 4756
3 4754 4744 4745
3 4754 4753 4744
3 4753 4747 4744
3 4753 4756 4747
3 4752 4758 4755
3 4752 4759 4758
3 4759 2908 4758
3 4759 2903 2908
3 4755 4760 4757
3 4755 4758 4760
3 4758 2909 4760
3 4758 2908 2909
3 4752 4761 4759
3 4752 4762 4761
3 4762 4594 4761
3 4762 4590 4594
3 4759 2902 2903
3 4759 4761 2902
3 4761 2636 2902
3 4761 4594 2636
3 4752 4763 4762
3 4752 4754 4763
3 4754 4750 4763
3 4754 4745 4750
3 4762 4589 4590
3 4762 4763 4589
3 4763 4592 4589
3 4763 4750 4592
3 4764 4765 4766
3 4764 4767 4765
3 4767 4337 4765
3 4767 4334 4337
3 4766 3596 3597
3 4766 4765 3596
3 4765 3338 3596
3 4765 4337 3338
3 4764 4768 4767
3 4764 4769 4768
3 4769 4770 4768
3 4769 4771 4770
3 4767 4333 4334
3 4767 4768 4333
3 4768 4320 4333
3 4768 4770 4320
3 4764 4772 4769
3 4764 4773 4772
3 4773 4746 4772
3 4773 4741 4746
3 4769 4774 4771
3 4769 4772 4774
3 4772 4747 4774
3 4772 4746 4747
3 4764 4775 4773
3 4764 4766 4775
3 4766 3600 4775
3 4766 3597 3600
3 4773 4740 4741
3 4773 4775 4740
3 4775 3585 4740
3 4775 3600 3585
3 4776 4777 4778
3 4776 4779 4777
3 4779 4319 4777
3 4779 4314 4319
3 4778 4770 4771
3 4778 4777 4770
3 4777 4320 4770
3 4777 4319 4320
3 4776 4780 4779
3 4776 4781 4780
3 4781 2922 4780
3 4781 2919 2922
3 4779 4313 4314
3 4779 4780 4313
3 4780 1855 4313
3 4780 2922 1855
3 4776 4782 4781
3 4776 4783 4782
3 4783 4760 4782
3 4783 4757 4760
3 4781 2918 2919
3 4781 4782 2918
3 4782 2909 2918
3 4782 4760 2909
3 4776 4784 4783
3 4776 4778 4784
3 4778 4774 4784
3 4778 4771 4774
3 4783 4756 4757
3 4783 4784 4756
3 4784 4747 4756
3 4784 4774 4747
