ply
format ascii 1.0
element vertex 7298
property float x
property float y
property float z
property float nx
property float ny
property float nz
property float u
property float v
element face 14528
property list uchar int vertex_indices
end_header
1.756855 1.232748 2.462935 0.00269999015 9.9999635e-05 0.99999635 0 0
1.766484 1.239443 2.462922 0.000599999892 0 0.99999982 0 0
1.756572 1.239443 2.462935 0.00269999015 9.9999635e-05 0.99999635 0 0
1.766661 1.232748 2.462922 0.000599999892 0 0.99999982 0 0
1.774799 1.239443 2.462922 0 0 1 0 0
1.774887 1.232748 2.462922 0 0 1 0 0
1.766346 1.246099 2.462922 0.000599999892 0 0.99999982 0 0
1.756351 1.246099 2.462935 0.0025999912 9.99996615e-05 0.999996615 0 0
1.774729 1.246099 2.462922 0 0 1 0 0
1.766869 1.226026 2.462922 0.000699999829 0 0.999999755 0 0
1.757189 1.226026 2.462935 0.0026999901 0.000199999267 0.999996335 0 0
1.767104 1.219291 2.462922 0.000699999829 0 0.999999755 0 0
1.757565 1.219291 2.462935 0.00279998897 0.000199999212 0.99999606 0 0
1.774991 1.226026 2.462922 0 0 1 0 0
1.775109 1.219291 2.462922 0 0 1 0 0
1.74754 1.226026 2.462975 0.00699982763 0.000499987688 0.999975376 0 0
1.74708 1.232748 2.462975 0.0068998352 0.000399990446 0.999976116 0 0
1.739511 1.226026 2.463054 0.0186004753 0.00170004345 0.999825551 0 0
1.738948 1.232748 2.463054 0.0184005469 0.00140004161 0.999829715 0 0
1.748056 1.219291 2.462975 0.00709981977 0.00059998477 0.999974616 0 0
1.740146 1.219291 2.463054 0.0190003358 0.00190003358 0.999817672 0 0
1.746692 1.239443 2.462975 0.00679984225 0.00039999072 0.999976801 0 0
1.746388 1.246099 2.462975 0.00679984265 0.000199995372 0.999976861 0 0
1.738471 1.239443 2.463054 0.0183005822 0.00120003818 0.99983181 0 0
1.738098 1.246099 2.463054 0.0181006475 0.000900032195 0.999835765 0 0
1.75843 1.205821 2.462935 0.00289998775 0.000199999155 0.999995775 0 0
1.767359 1.212556 2.462922 0.000699999829 0 0.999999755 0 0
1.757973 1.212556 2.462935 0.00279998897 0.000199999212 0.99999606 0 0
1.767645 1.205821 2.462922 0.000699999829 0 0.999999755 0 0
1.775236 1.212556 2.462922 0 0 1 0 0
1.775379 1.205821 2.462922 0 0 1 0 0
1.767972 1.199086 2.462922 0.000699999829 0 0.999999755 0 0
1.758952 1.199086 2.462935 0.00289998775 0.000199999155 0.999995775 0 0
1.76835 1.192351 2.462922 0.000699999829 0 0.999999755 0 0
1.759558 1.192351 2.462935 0.00299998637 0.000299998637 0.999995455 0 0
1.775542 1.199086 2.462922 0 0 1 0 0
1.775732 1.192351 2.462922 0 0 1 0 0
1.749964 1.199086 2.462975 0.00749978603 0.000899974324 0.999971471 0 0
1.749246 1.205821 2.462975 0.00739979503 0.000799977841 0.999972301 0 0
1.742487 1.199086 2.463054 0.0200998748 0.00289998193 0.999793771 0 0
1.741605 1.205821 2.463054 0.0197000602 0.00240000733 0.999803054 0 0
1.750797 1.192351 2.462975 0.00769976709 0.00109996673 0.999969751 0 0
1.743509 1.192351 2.463054 0.0205996296 0.00339993887 0.999782024 0 0
1.748617 1.212556 2.462975 0.00719981209 0.000599984341 0.999973901 0 0
1.740834 1.212556 2.463054 0.0193002225 0.00210002421 0.999811528 0 0
1.761089 1.178881 2.462935 0.00319998322 0.000499997378 0.999994755 0 0
1.768791 1.185616 2.462922 0.00079999974 9.99999675e-05 0.999999675 0 0
1.760263 1.185616 2.462935 0.00309998486 0.000399998046 0.999995115 0 0
1.769307 1.178881 2.462922 0.00079999974 9.99999675e-05 0.999999675 0 0
1.775952 1.185616 2.462922 0 0 1 0 0
1.77621 1.178881 2.462922 0 0 1 0 0
1.769912 1.172146 2.462922 0.00079999974 9.99999675e-05 0.999999675 0 0
1.762057 1.172146 2.462935 0.00339997974 0.000599996424 0.99999404 0 0
1.770619 1.165411 2.462922 0.000899999631 9.9999959e-05 0.99999959 0 0
1.763189 1.165411 2.462935 0.00359997579 0.000699995293 0.999993275 0 0
1.776513 1.172146 2.462922 0 0 1 0 0
1.776866 1.165411 2.462922 0 0 1 0 0
1.754233 1.172146 2.462975 0.00870052505 0.00190011467 0.999960344 0 0
1.752902 1.178881 2.462975 0.00830053349 0.00160010284 0.99996427 0 0
1.747726 1.172146 2.463054 0.023200255 0.00630006924 0.999710987 0 0
1.746093 1.178881 2.463054 0.0222008998 0.00510020672 0.99974052 0 0
1.755789 1.165411 2.462975 0.00920050416 0.00240013152 0.999954794 0 0
1.749636 1.165411 2.463054 0.0245991871 0.00779974226 0.999666967 0 0
1.751767 1.185616 2.462975 0.00800053725 0.0013000873 0.99996715 0 0
1.744699 1.185616 2.463054 0.02129924 0.00419985013 0.999764324 0 0
1.765857 1.152353 2.462935 0.00409996349 0.000999991095 0.999991095 0 0
1.771442 1.158677 2.462922 0.000899999618 0.000199999915 0.999999575 0 0
1.764505 1.158677 2.462935 0.00379997103 0.000899993138 0.999992375 0 0
1.772287 1.152353 2.462922 0.00099999948 0.000199999896 0.99999948 0 0
1.777277 1.158677 2.462922 0 0 1 0 0
1.7777 1.152353 2.462922 0 0 1 0 0
1.773061 1.146852 2.462922 0.00109999931 0.000199999875 0.999999375 0 0
1.767095 1.146852 2.462935 0.00439995475 0.00109998869 0.999989715 0 0
1.773671 1.142586 2.462922 0.00109999931 0.000199999875 0.999999375 0 0
1.768072 1.142586 2.462935 0.00469994525 0.00109998719 0.99998835 0 0
1.778087 1.146852 2.462922 0 0 1 0 0
1.778392 1.142586 2.462922 0 0 1 0 0
1.761161 1.146852 2.462975 0.0114003212 0.00370010423 0.999928168 0 0
1.759458 1.152353 2.462975 0.0106004067 0.00330012663 0.999938368 0 0
1.756229 1.146852 2.463054 0.0302991277 0.0117996603 0.999471226 0 0
1.754138 1.152353 2.463054 0.0283011939 0.0107004514 0.999542167 0 0
1.762504 1.142586 2.462975 0.0120002493 0.00380007895 0.999920774 0 0
1.757877 1.142586 2.463054 0.0321003273 0.0122001244 0.999410189 0 0
1.757599 1.158677 2.462975 0.00980046818 0.00290013854 0.999947769 0 0
1.751857 1.158677 2.463054 0.0263002848 0.00930010072 0.999610826 0 0
1.766397 1.121926 2.462935 0.00419996287 -0.000199998232 0.99999116 0 0
1.772707 1.124466 2.462922 0.00109999933 0 0.999999395 0 0
1.766528 1.124466 2.462935 0.00429996005 -0.000299997213 0.99999071 0 0
1.772624 1.121926 2.462922 0.0009999995 0 0.9999995 0 0
1.77791 1.124466 2.462922 0 0 1 0 0
1.777869 1.121926 2.462922 0 0 1 0 0
1.772813 1.1268 2.462922 0.00109999933 -9.9999939e-05 0.99999939 0 0
1.766699 1.1268 2.462935 0.0042999599 -0.00039999627 0.999990675 0 0
1.777963 1.1268 2.462922 0 0 1 0 0
1.772571 1.119248 2.462922 0.0009999995 0 0.9999995 0 0
1.766312 1.119248 2.462935 0.00419996294 -9.99991175e-05 0.999991175 0 0
1.772552 1.116502 2.462922 0.0009999995 0 0.9999995 0 0
1.766281 1.116502 2.462935 0.00419996296 0 0.99999118 0 0
1.777842 1.119248 2.462922 0 0 1 0 0
1.777832 1.116502 2.462922 0 0 1 0 0
1.760083 1.119248 2.462975 0.010900442 -0.000300012164 0.999940543 0 0
1.7602 1.121926 2.462975 0.0109004405 -0.000600024247 0.999940408 0 0
1.754906 1.119248 2.463054 0.029099299 -0.0010999735 0.999575921 0 0
1.75505 1.121926 2.463054 0.0292020836 -0.00210014985 0.999571322 0 0
1.760041 1.116502 2.462975 0.0109004425 0 0.999940588 0 0
1.754854 1.116502 2.463054 0.0289994032 0 0.999579429 0 0
1.760381 1.124466 2.462975 0.011000429 -0.001000039 0.999938993 0 0
1.760616 1.1268 2.462975 0.0111004168 -0.00130004881 0.999937543 0 0
1.755272 1.124466 2.463054 0.0294018399 -0.00320020026 0.99956255 0 0
1.755559 1.1268 2.463054 0.0298013761 -0.00440020318 0.999546155 0 0
1.766397 1.111067 2.462935 0.00419996287 0.000199998232 0.99999116 0 0
1.772571 1.113756 2.462922 0.0009999995 0 0.9999995 0 0
1.766312 1.113756 2.462935 0.00419996294 9.99991175e-05 0.999991175 0 0
1.772624 1.111067 2.462922 0.0009999995 0 0.9999995 0 0
1.777842 1.113756 2.462922 0 0 1 0 0
1.777869 1.111067 2.462922 0 0 1 0 0
1.772707 1.108492 2.462922 0.00109999933 0 0.999999395 0 0
1.766528 1.108492 2.462935 0.00429996005 0.000299997213 0.99999071 0 0
1.772813 1.106089 2.462922 0.00109999933 9.9999939e-05 0.99999939 0 0
1.766699 1.106089 2.462935 0.0042999599 0.00039999627 0.999990675 0 0
1.77791 1.108492 2.462922 0 0 1 0 0
1.777963 1.106089 2.462922 0 0 1 0 0
1.760381 1.108492 2.462975 0.01100043 0.000900035183 0.999939088 0 0
1.7602 1.111067 2.462975 0.0109004405 0.000600024247 0.999940408 0 0
1.755272 1.108492 2.463054 0.0294018491 0.00310019498 0.999562864 0 0
1.75505 1.111067 2.463054 0.0292020836 0.00210014985 0.999571322 0 0
1.760616 1.106089 2.462975 0.0111004168 0.00130004881 0.999937543 0 0
1.755559 1.106089 2.463054 0.0297014854 0.00420021006 0.999549989 0 0
1.760083 1.113756 2.462975 0.010900442 0.000300012164 0.999940543 0 0
1.754906 1.113756 2.463054 0.029099299 0.0010999735 0.999575921 0 0
1.767129 1.13067 2.462935 0.00449995334 -0.000699992741 0.99998963 0 0
1.773241 1.132255 2.462922 0.00109999931 -0.000199999875 0.999999375 0 0
1.767383 1.132255 2.462935 0.00449995262 -0.000899990523 0.99998947 0 0
1.773082 1.13067 2.462922 0.00109999933 -9.9999939e-05 0.99999939 0 0
1.778177 1.132255 2.462922 0 0 1 0 0
1.778098 1.13067 2.462922 0 0 1 0 0
1.773413 1.133639 2.462922 0.00109999931 -0.000199999875 0.999999375 0 0
1.767658 1.133639 2.462935 0.00459994855 -0.0010999877 0.999988815 0 0
1.778263 1.133639 2.462922 0 0 1 0 0
1.772939 1.12886 2.462922 0.00109999933 -9.9999939e-05 0.99999939 0 0
1.7669 1.12886 2.462935 0.00439995686 -0.000499995098 0.999990195 0 0
1.778026 1.12886 2.462922 0 0 1 0 0
1.760893 1.12886 2.462975 0.0113003902 -0.00180006216 0.999934528 0 0
1.761208 1.13067 2.462975 0.011400369 -0.00230007445 0.999932368 0 0
1.755899 1.12886 2.463054 0.0302007988 -0.00590015606 0.999526438 0 0
1.756286 1.13067 2.463054 0.0306000861 -0.00760002139 0.999502814 0 0
1.761556 1.132255 2.462975 0.0117003165 -0.00300008115 0.999927048 0 0
1.761935 1.133639 2.462975 0.0118002732 -0.00380008799 0.999923153 0 0
1.756714 1.132255 2.463054 0.0311989427 -0.00969967128 0.999466129 0 0
1.757178 1.133639 2.463054 0.0317007662 -0.0121002925 0.999424156 0 0
1.767133 1.10197 2.462935 0.00449995334 0.000699992741 0.99998963 0 0
1.772939 1.103915 2.462922 0.00109999933 9.9999939e-05 0.99999939 0 0
1.7669 1.103915 2.462935 0.00439995686 0.000499995098 0.999990195 0 0
1.773084 1.10197 2.462922 0.00109999933 9.9999939e-05 0.99999939 0 0
1.778026 1.103915 2.462922 0 0 1 0 0
1.778099 1.10197 2.462922 0 0 1 0 0
1.773249 1.100254 2.462922 0.00109999931 0.000199999875 0.999999375 0 0
1.767396 1.100254 2.462935 0.00449995262 0.000899990523 0.99998947 0 0
1.773433 1.098766 2.462922 0.00109999931 0.000199999875 0.999999375 0 0
1.76769 1.098766 2.462935 0.00459994802 0.00119998644 0.9999887 0 0
1.778181 1.100254 2.462922 0 0 1 0 0
1.778273 1.098766 2.462922 0 0 1 0 0
1.761574 1.100254 2.462975 0.0117003165 0.00300008115 0.999927048 0 0
1.761212 1.10197 2.462975 0.011400369 0.00230007445 0.999932368 0 0
1.756736 1.100254 2.463054 0.0312988717 0.00959965394 0.99946397 0 0
1.756291 1.10197 2.463054 0.0306001767 0.00720004158 0.999505772 0 0
1.761979 1.098766 2.462975 0.0119002569 0.00390008418 0.999921584 0 0
1.757232 1.098766 2.463054 0.0320002296 0.0127000911 0.999407171 0 0
1.760893 1.103915 2.462975 0.0113003922 0.001700059 0.999934703 0 0
1.755899 1.103915 2.463054 0.0301009556 0.00550017461 0.999531731 0 0
1.768401 1.096418 2.462935 0.00489992822 0.00229996631 0.99998535 0 0
1.773636 1.097507 2.462922 0.00119999908 0.000299999771 0.999999235 0 0
1.768016 1.097507 2.462935 0.00479993856 0.00159997952 0.9999872 0 0
1.773877 1.096418 2.462922 0.00119999904 0.00039999968 0.9999992 0 0
1.778375 1.097507 2.462922 0 0 1 0 0
1.778495 1.096418 2.462922 0 0 1 0 0
1.774173 1.095436 2.462922 0.00129999867 0.000599999385 0.999998975 0 0
1.768875 1.095436 2.462935 0.00509990757 0.003199942 0.999981875 0 0
1.774544 1.094503 2.462922 0.00129999849 0.000799999068 0.999998835 0 0
1.769468 1.094503 2.462935 0.00529987657 0.00429989986 0.999976711 0 0
1.778643 1.095436 2.462922 0 0 1 0 0
1.778828 1.094503 2.462922 0 0 1 0 0
1.763608 1.095436 2.462975 0.0131007318 0.0108006033 0.999855849 0 0
1.762956 1.096418 2.462975 0.0125998765 0.00779992352 0.999890196 0 0
1.759232 1.095436 2.463054 0.0350027181 0.0349027103 0.998777558 0 0
1.758432 1.096418 2.463054 0.0339003385 0.0251002506 0.999109976 0 0
1.764423 1.094503 2.462975 0.0136000715 0.0143000751 0.999805254 0 0
1.760232 1.094503 2.463054 0.0364990667 0.0459988238 0.998274474 0 0
1.762426 1.097507 2.462975 0.0123001135 0.00550005074 0.999909224 0 0
1.757781 1.097507 2.463054 0.0329000627 0.0177000337 0.999301904 0 0
1.756855 1.232748 2.542421 0.00269999015 9.9999635e-05 -0.99999635 0 0
1.74754 1.226026 2.542381 0.00699982763 0.000499987688 -0.999975376 0 0
1.74708 1.232748 2.542381 0.0068998352 0.000399990446 -0.999976116 0 0
1.757189 1.226026 2.542421 0.0026999901 0.000199999267 -0.999996335 0 0
1.748056 1.219291 2.542381 0.00709981977 0.00059998477 -0.999974616 0 0
1.757565 1.219291 2.542421 0.0026999901 0.000199999267 -0.999996335 0 0
1.739511 1.226026 2.542302 0.018700443 0.00170004027 -0.999823686 0 0
1.738948 1.232748 2.542302 0.0184005469 0.00140004161 -0.999829715 0 0
1.740146 1.219291 2.542302 0.0189003699 0.00190003718 -0.999819567 0 0
1.766869 1.226026 2.542434 0.000699999829 0 -0.999999755 0 0
1.766661 1.232748 2.542434 0.000699999829 0 -0.999999755 0 0
1.774991 1.226026 2.542434 0 0 -1 0 0
1.774887 1.232748 2.542434 0 0 -1 0 0
1.767104 1.219291 2.542434 0.000699999829 0 -0.999999755 0 0
1.775109 1.219291 2.542434 0 0 -1 0 0
1.766484 1.239443 2.542434 0.000599999892 0 -0.99999982 0 0
1.756572 1.239443 2.542421 0.00269999015 9.9999635e-05 -0.99999635 0 0
1.766346 1.246099 2.542434 0.000599999892 0 -0.99999982 0 0
1.756351 1.246099 2.542421 0.0025999912 9.99996615e-05 -0.999996615 0 0
1.774799 1.239443 2.542434 0 0 -1 0 0
1.774729 1.246099 2.542434 0 0 -1 0 0
1.746692 1.239443 2.542381 0.00679984225 0.00039999072 -0.999976801 0 0
1.738471 1.239443 2.542302 0.0183005822 0.00120003818 -0.99983181 0 0
1.746388 1.246099 2.542381 0.00679984265 0.000199995372 -0.999976861 0 0
1.738098 1.246099 2.542302 0.0181006475 0.000900032195 -0.999835765 0 0
1.75843 1.205821 2.542421 0.00279998897 0.000199999212 -0.99999606 0 0
1.749964 1.199086 2.542381 0.00749978603 0.000899974324 -0.999971471 0 0
1.749246 1.205821 2.542381 0.00739979503 0.000799977841 -0.999972301 0 0
1.758952 1.199086 2.542421 0.00289998775 0.000199999155 -0.999995775 0 0
1.750797 1.192351 2.542381 0.00770053709 0.00110007673 -0.999969745 0 0
1.759558 1.192351 2.542421 0.00299998637 0.000299998637 -0.999995455 0 0
1.742487 1.199086 2.542302 0.0200998748 0.00289998193 -0.999793771 0 0
1.741605 1.205821 2.542302 0.0197000602 0.00240000733 -0.999803054 0 0
1.743509 1.192351 2.542302 0.0205996296 0.00339993887 -0.999782024 0 0
1.767972 1.199086 2.542434 0.000699999829 0 -0.999999755 0 0
1.767645 1.205821 2.542434 0.000699999829 0 -0.999999755 0 0
1.775542 1.199086 2.542434 0 0 -1 0 0
1.775379 1.205821 2.542434 0 0 -1 0 0
1.76835 1.192351 2.542434 0.000699999829 0 -0.999999755 0 0
1.775732 1.192351 2.542434 0 0 -1 0 0
1.767359 1.212556 2.542434 0.000699999829 0 -0.999999755 0 0
1.757973 1.212556 2.542421 0.00279998897 0.000199999212 -0.99999606 0 0
1.775236 1.212556 2.542434 0 0 -1 0 0
1.748617 1.212556 2.542381 0.00719981209 0.000599984341 -0.999973901 0 0
1.740834 1.212556 2.542302 0.0193002225 0.00210002421 -0.999811528 0 0
1.761089 1.178881 2.542421 0.00319998322 0.000499997378 -0.999994755 0 0
1.754233 1.172146 2.542381 0.00870052505 0.00190011467 -0.999960344 0 0
1.752902 1.178881 2.542381 0.00830053349 0.00160010284 -0.99996427 0 0
1.762057 1.172146 2.542421 0.00339997974 0.000599996424 -0.99999404 0 0
1.755789 1.165411 2.542381 0.00920050416 0.00240013152 -0.999954794 0 0
1.763189 1.165411 2.542421 0.00359997579 0.000699995293 -0.999993275 0 0
1.747726 1.172146 2.542302 0.023200255 0.00630006924 -0.999710987 0 0
1.746093 1.178881 2.542302 0.0221009447 0.00510021801 -0.999742735 0 0
1.749636 1.165411 2.542302 0.0245991871 0.00779974226 -0.999666967 0 0
1.769912 1.172146 2.542434 0.00079999974 9.99999675e-05 -0.999999675 0 0
1.769307 1.178881 2.542434 0.00079999974 9.99999675e-05 -0.999999675 0 0
1.776513 1.172146 2.542434 0 0 -1 0 0
1.77621 1.178881 2.542434 0 0 -1 0 0
1.770619 1.165411 2.542434 0.000899999631 9.9999959e-05 -0.99999959 0 0
1.776866 1.165411 2.542434 0 0 -1 0 0
1.768791 1.185616 2.542434 0.00079999974 9.99999675e-05 -0.999999675 0 0
1.760263 1.185616 2.542421 0.00309998486 0.000399998046 -0.999995115 0 0
1.775952 1.185616 2.542434 0 0 -1 0 0
1.751767 1.185616 2.542381 0.00800053725 0.0013000873 -0.99996715 0 0
1.744699 1.185616 2.542302 0.02129924 0.00419985013 -0.999764324 0 0
1.765857 1.152353 2.542421 0.00409996349 0.000999991095 -0.999991095 0 0
1.761161 1.146852 2.542381 0.0114003212 0.00370010423 -0.999928168 0 0
1.759458 1.152353 2.542381 0.0106004067 0.00330012663 -0.999938368 0 0
1.767095 1.146852 2.542421 0.00439995475 0.00109998869 -0.999989715 0 0
1.762504 1.142586 2.542381 0.0120002493 0.00380007895 -0.999920774 0 0
1.768072 1.142586 2.542421 0.00469994525 0.00109998719 -0.99998835 0 0
1.756229 1.146852 2.542302 0.0303990326 0.0117996245 -0.999468192 0 0
1.754138 1.152353 2.542302 0.0283011939 0.0107004514 -0.999542167 0 0
1.757877 1.142586 2.542302 0.0321003273 0.0122001244 -0.999410189 0 0
1.773061 1.146852 2.542434 0.00109999931 0.000199999875 -0.999999375 0 0
1.772287 1.152353 2.542434 0.00099999948 0.000199999896 -0.99999948 0 0
1.778087 1.146852 2.542434 0 0 -1 0 0
1.7777 1.152353 2.542434 0 0 -1 0 0
1.773671 1.142586 2.542434 0.00119999911 0.000199999852 -0.99999926 0 0
1.778392 1.142586 2.542434 0 0 -1 0 0
1.771442 1.158677 2.542434 0.000899999618 0.000199999915 -0.999999575 0 0
1.764505 1.158677 2.542421 0.00379997103 0.000899993138 -0.999992375 0 0
1.777277 1.158677 2.542434 0 0 -1 0 0
1.757599 1.158677 2.542381 0.00980046818 0.00290013854 -0.999947769 0 0
1.751857 1.158677 2.542302 0.0263002848 0.00930010072 -0.999610826 0 0
1.766397 1.121926 2.542421 0.00419996287 -0.000199998232 -0.99999116 0 0
1.760083 1.119248 2.542381 0.010900442 -0.000300012164 -0.999940543 0 0
1.7602 1.121926 2.542381 0.0109004405 -0.000600024247 -0.999940408 0 0
1.766312 1.119248 2.542421 0.00419996294 -9.99991175e-05 -0.999991175 0 0
1.760041 1.116502 2.542381 0.0108004501 0 -0.999941673 0 0
1.766281 1.116502 2.542421 0.00419996296 0 -0.99999118 0 0
1.754906 1.119248 2.542302 0.029099299 -0.0010999735 -0.999575921 0 0
1.75505 1.121926 2.542302 0.0292020836 -0.00210014985 -0.999571322 0 0
1.754854 1.116502 2.542302 0.0289994032 0 -0.999579429 0 0
1.772571 1.119248 2.542434 0.0009999995 0 -0.9999995 0 0
1.772624 1.121926 2.542434 0.0009999995 0 -0.9999995 0 0
1.777842 1.119248 2.542434 0 0 -1 0 0
1.777869 1.121926 2.542434 0 0 -1 0 0
1.772552 1.116502 2.542434 0.0009999995 0 -0.9999995 0 0
1.777832 1.116502 2.542434 0 0 -1 0 0
1.772707 1.124466 2.542434 0.0009999995 0 -0.9999995 0 0
1.766528 1.124466 2.542421 0.00429996005 -0.000299997213 -0.99999071 0 0
1.772813 1.1268 2.542434 0.00109999933 -9.9999939e-05 -0.99999939 0 0
1.766699 1.1268 2.542421 0.0042999599 -0.00039999627 -0.999990675 0 0
1.77791 1.124466 2.542434 0 0 -1 0 0
1.777963 1.1268 2.542434 0 0 -1 0 0
1.760381 1.124466 2.542381 0.011000429 -0.001000039 -0.999938993 0 0
1.755272 1.124466 2.542302 0.0294018399 -0.00320020026 -0.99956255 0 0
1.760616 1.1268 2.542381 0.0111004168 -0.00130004881 -0.999937543 0 0
1.755559 1.1268 2.542302 0.0298013761 -0.00440020318 -0.999546155 0 0
1.766397 1.111067 2.542421 0.00419996287 0.000199998232 -0.99999116 0 0
1.760381 1.108492 2.542381 0.01100043 0.000900035183 -0.999939088 0 0
1.7602 1.111067 2.542381 0.0109004405 0.000600024247 -0.999940408 0 0
1.766528 1.108492 2.542421 0.00429996005 0.000299997213 -0.99999071 0 0
1.760616 1.106089 2.542381 0.0111004168 0.00130004881 -0.999937543 0 0
1.766699 1.106089 2.542421 0.0042999599 0.00039999627 -0.999990675 0 0
1.755272 1.108492 2.542302 0.0294018491 0.00310019498 -0.999562864 0 0
1.75505 1.111067 2.542302 0.0292020836 0.00210014985 -0.999571322 0 0
1.755559 1.106089 2.542302 0.0298014017 0.00420019756 -0.999547015 0 0
1.772707 1.108492 2.542434 0.0009999995 0 -0.9999995 0 0
1.772624 1.111067 2.542434 0.0009999995 0 -0.9999995 0 0
1.77791 1.108492 2.542434 0 0 -1 0 0
1.777869 1.111067 2.542434 0 0 -1 0 0
1.772813 1.106089 2.542434 0.00109999933 9.9999939e-05 -0.99999939 0 0
1.777963 1.106089 2.542434 0 0 -1 0 0
1.772571 1.113756 2.542434 0.0009999995 0 -0.9999995 0 0
1.766312 1.113756 2.542421 0.00419996294 9.99991175e-05 -0.999991175 0 0
1.777842 1.113756 2.542434 0 0 -1 0 0
1.760083 1.113756 2.542381 0.0108004496 0.00030001249 -0.999941628 0 0
1.754906 1.113756 2.542302 0.029099299 0.0010999735 -0.999575921 0 0
1.767129 1.13067 2.542421 0.00449995334 -0.000699992741 -0.99998963 0 0
1.760893 1.12886 2.542381 0.0113003902 -0.00180006216 -0.999934528 0 0
1.761208 1.13067 2.542381 0.011400369 -0.00230007445 -0.999932368 0 0
1.7669 1.12886 2.542421 0.00439995686 -0.000499995098 -0.999990195 0 0
1.755899 1.12886 2.542302 0.0302007988 -0.00590015606 -0.999526438 0 0
1.756286 1.13067 2.542302 0.0306000861 -0.00760002139 -0.999502814 0 0
1.772939 1.12886 2.542434 0.00109999933 -9.9999939e-05 -0.99999939 0 0
1.773082 1.13067 2.542434 0.00109999933 -9.9999939e-05 -0.99999939 0 0
1.778026 1.12886 2.542434 0 0 -1 0 0
1.778098 1.13067 2.542434 0 0 -1 0 0
1.773241 1.132255 2.542434 0.00109999931 -0.000199999875 -0.999999375 0 0
1.767383 1.132255 2.542421 0.00449995262 -0.000899990523 -0.99998947 0 0
1.773413 1.133639 2.542434 0.00109999931 -0.000199999875 -0.999999375 0 0
1.767658 1.133639 2.542421 0.00459994855 -0.0010999877 -0.999988815 0 0
1.778177 1.132255 2.542434 0 0 -1 0 0
1.778263 1.133639 2.542434 0 0 -1 0 0
1.761557 1.132255 2.542381 0.0116003273 -0.00300008465 -0.999928213 0 0
1.756714 1.132255 2.542302 0.0311989427 -0.00969967128 -0.999466129 0 0
1.761935 1.133639 2.542381 0.0119002615 -0.00380008349 -0.999921969 0 0
1.757178 1.133639 2.542302 0.031800629 -0.0122002413 -0.999419769 0 0
1.767133 1.10197 2.542421 0.00449995334 0.000699992741 -0.99998963 0 0
1.761574 1.100254 2.542381 0.0117003165 0.00300008115 -0.999927048 0 0
1.761212 1.10197 2.542381 0.011400369 0.00230007445 -0.999932368 0 0
1.767396 1.100254 2.542421 0.00449995262 0.000899990523 -0.99998947 0 0
1.761979 1.098766 2.542381 0.0119002569 0.00390008418 -0.999921584 0 0
1.76769 1.098766 2.542421 0.00459994802 0.00119998644 -0.9999887 0 0
1.756736 1.100254 2.542302 0.0312988717 0.00959965394 -0.99946397 0 0
1.756291 1.10197 2.542302 0.0307000832 0.00720001951 -0.999502709 0 0
1.757232 1.098766 2.542302 0.0320002296 0.0127000911 -0.999407171 0 0
1.773249 1.100254 2.542434 0.00109999931 0.000199999875 -0.999999375 0 0
1.773084 1.10197 2.542434 0.00109999933 9.9999939e-05 -0.99999939 0 0
1.778181 1.100254 2.542434 0 0 -1 0 0
1.778099 1.10197 2.542434 0 0 -1 0 0
1.773433 1.098766 2.542434 0.00109999931 0.000199999875 -0.999999375 0 0
1.778273 1.098766 2.542434 0 0 -1 0 0
1.772939 1.103915 2.542434 0.00109999933 9.9999939e-05 -0.99999939 0 0
1.7669 1.103915 2.542421 0.00439995686 0.000499995098 -0.999990195 0 0
1.778026 1.103915 2.542434 0 0 -1 0 0
1.760893 1.103915 2.542381 0.0113003922 0.001700059 -0.999934703 0 0
1.755899 1.103915 2.542302 0.0302008677 0.00550015802 -0.999528717 0 0
1.768401 1.096418 2.542421 0.00489992822 0.00229996631 -0.99998535 0 0
1.763608 1.095436 2.542381 0.0131007318 0.0108006033 -0.999855849 0 0
1.762956 1.096418 2.542381 0.0125998765 0.00779992352 -0.999890196 0 0
1.768875 1.095436 2.542421 0.00509990757 0.003199942 -0.999981875 0 0
1.764423 1.094503 2.542381 0.0136000715 0.0143000751 -0.999805254 0 0
1.769468 1.094503 2.542421 0.00529987657 0.00429989986 -0.999976711 0 0
1.759232 1.095436 2.542302 0.0350027181 0.0349027103 -0.998777558 0 0
1.758432 1.096418 2.542302 0.0339002532 0.0252001882 -0.999107463 0 0
1.760232 1.094503 2.542302 0.0364990667 0.0459988238 -0.998274474 0 0
1.774173 1.095436 2.542434 0.00129999867 0.000599999385 -0.999998975 0 0
1.773877 1.096418 2.542434 0.00119999904 0.00039999968 -0.9999992 0 0
1.778643 1.095436 2.542434 0 0 -1 0 0
1.778495 1.096418 2.542434 0 0 -1 0 0
1.774544 1.094503 2.542434 0.00129999849 0.000799999068 -0.999998835 0 0
1.778828 1.094503 2.542434 0 0 -1 0 0
1.773636 1.097507 2.542434 0.00119999908 0.000299999771 -0.999999235 0 0
1.768016 1.097507 2.542421 0.00479993856 0.00159997952 -0.9999872 0 0
1.778375 1.097507 2.542434 0 0 -1 0 0
1.762426 1.097507 2.542381 0.0123001135 0.00550005074 -0.999909224 0 0
1.757781 1.097507 2.542302 0.0329000627 0.0177000337 -0.999301904 0 0
1.751863 1.10197 2.46341 0.37902017 0.102905476 0.91964894 0 0
1.753833 1.100254 2.463186 0.100397291 0.0337990881 0.994373172 0 0
1.753339 1.10197 2.463186 0.0985005033 0.0257001313 0.994805083 0 0
1.752381 1.100254 2.46341 0.382495431 0.133998399 0.91418908 0 0
1.754385 1.098766 2.463186 0.102599976 0.0450999896 0.993699771 0 0
1.752961 1.098766 2.46341 0.385126486 0.175812091 0.905962305 0 0
1.751897 1.100254 2.463765 0.850216562 0.295005747 0.436008494 0 0
1.751371 1.10197 2.463765 0.864640233 0.233710875 0.444720693 0 0
1.751897 1.100254 2.46429 0.943669567 0.330889329 0 0 0
1.751371 1.10197 2.46429 0.964796121 0.262998943 0 0 0
1.752486 1.098766 2.463765 0.826327112 0.371012173 0.423713902 0 0
1.752486 1.098766 2.46429 0.910263702 0.414028975 0 0 0
1.750906 1.103915 2.463765 0.873348127 0.183710124 0.45112486 0 0
1.751405 1.103915 2.46341 0.375393577 0.0790986466 0.923484199 0 0
1.750503 1.106089 2.463765 0.878485501 0.142597646 0.455992474 0 0
1.751009 1.106089 2.46341 0.372022582 0.0604036666 0.926256226 0 0
1.750906 1.103915 2.46429 0.978274092 0.207315702 0 0 0
1.750503 1.106089 2.46429 0.98690528 0.161300863 0 0 0
1.752903 1.103915 2.463186 0.0969001076 0.0196000218 0.995101105 0 0
1.752526 1.106089 2.463186 0.0956007906 0.0149001232 0.995308231 0 0
1.751863 1.10197 2.541946 0.37902017 0.102905476 -0.91964894 0 0
1.751897 1.100254 2.541591 0.850253631 0.295018609 -0.435927497 0 0
1.751371 1.10197 2.541591 0.864685672 0.233596129 -0.444692632 0 0
1.752381 1.100254 2.541946 0.382495431 0.133998399 -0.91418908 0 0
1.752486 1.098766 2.541591 0.826357769 0.37092593 -0.423729622 0 0
1.752961 1.098766 2.541946 0.385126486 0.175812091 -0.905962305 0 0
1.751897 1.100254 2.541066 0.943669567 0.330889329 0 0 0
1.751371 1.10197 2.541066 0.964796121 0.262998943 0 0 0
1.752486 1.098766 2.541066 0.91022601 0.414111833 0 0 0
1.753833 1.100254 2.54217 0.100397291 0.0337990881 -0.994373172 0 0
1.753339 1.10197 2.54217 0.0985005033 0.0257001313 -0.994805083 0 0
1.754385 1.098766 2.54217 0.102599976 0.0450999896 -0.993699771 0 0
1.752903 1.103915 2.54217 0.0969001076 0.0196000218 -0.995101105 0 0
1.751405 1.103915 2.541946 0.375307666 0.0791016157 -0.923518863 0 0
1.752526 1.106089 2.54217 0.0956007906 0.0149001232 -0.995308231 0 0
1.751009 1.106089 2.541946 0.372022582 0.0604036666 -0.926256226 0 0
1.750906 1.103915 2.541591 0.873308724 0.183701835 -0.451204508 0 0
1.750906 1.103915 2.541066 0.978274092 0.207315702 0 0 0
1.750503 1.106089 2.541591 0.878462672 0.142610174 -0.456032535 0 0
1.750503 1.106089 2.541066 0.98690528 0.161300863 0 0 0
1.75436 1.096418 2.46341 0.378101582 0.318901335 0.869103637 0 0
1.756607 1.095436 2.463186 0.111302232 0.122402455 0.986219779 0 0
1.755717 1.096418 2.463186 0.108402614 0.0889021435 0.990123872 0 0
1.755294 1.095436 2.46341 0.363106298 0.407907075 0.83771453 0 0
1.757718 1.094503 2.463186 0.114803686 0.159305115 0.980531485 0 0
1.75646 1.094503 2.46341 0.345400641 0.489300908 0.800801485 0 0
1.754856 1.095436 2.463765 0.638297948 0.689497783 0.3422989 0 0
1.753907 1.096418 2.463765 0.719426965 0.582821845 0.377814161 0 0
1.754856 1.095436 2.46429 0.670240065 0.742144363 0 0 0
1.753907 1.096418 2.46429 0.769972432 0.638077154 0 0 0
1.756041 1.094503 2.463765 0.560304653 0.771306406 0.301902507 0 0
1.756041 1.094503 2.46429 0.579013002 0.815318308 0 0 0
1.753137 1.097507 2.463765 0.785065968 0.468679683 0.404982444 0 0
1.753601 1.097507 2.46341 0.385414282 0.23720879 0.891733044 0 0
1.753137 1.097507 2.46429 0.854451435 0.519531274 0 0 0
1.754995 1.097507 2.463186 0.105503595 0.06280214 0.992433818 0 0
1.75436 1.096418 2.541946 0.378101582 0.318901335 -0.869103637 0 0
1.754856 1.095436 2.541591 0.638238685 0.689541794 -0.342320749 0 0
1.753907 1.096418 2.541591 0.719468896 0.582755804 -0.377836181 0 0
1.755294 1.095436 2.541946 0.363019477 0.407921886 -0.837744946 0 0
1.756041 1.094503 2.541591 0.560192827 0.771390122 -0.301896134 0 0
1.75646 1.094503 2.541946 0.345417541 0.489224843 -0.800840668 0 0
1.754856 1.095436 2.541066 0.670240065 0.742144363 0 0 0
1.753907 1.096418 2.541066 0.769972432 0.638077154 0 0 0
1.756041 1.094503 2.541066 0.57894652 0.815365517 0 0 0
1.756607 1.095436 2.54217 0.111303594 0.122303949 -0.986231846 0 0
1.755717 1.096418 2.54217 0.108401649 0.0890013542 -0.990115065 0 0
1.757718 1.094503 2.54217 0.114805515 0.159207648 -0.980547102 0 0
1.754995 1.097507 2.54217 0.105503595 0.06280214 -0.992433818 0 0
1.753601 1.097507 2.541946 0.385414282 0.23720879 -0.891733044 0 0
1.753137 1.097507 2.541591 0.78510276 0.468601647 -0.405001424 0 0
1.753137 1.097507 2.541066 0.854451435 0.519531274 0 0 0
1.751856 1.13067 2.46341 0.378527465 -0.108007837 0.9192667 0 0
1.752903 1.12886 2.463186 0.0969968161 -0.0207993173 0.995067337 0 0
1.753333 1.13067 2.463186 0.0983981009 -0.0269994789 0.994780801 0 0
1.751405 1.12886 2.46341 0.375305744 -0.0837012811 0.923114128 0 0
1.752526 1.1268 2.463186 0.0956990033 -0.0154998386 0.995289634 0 0
1.751009 1.1268 2.46341 0.372287919 -0.0630979525 0.925969953 0 0
1.750906 1.12886 2.463765 0.871473983 -0.193894211 0.450486551 0 0
1.751364 1.13067 2.463765 0.861910985 -0.244703119 0.44410566 0 0
1.750906 1.12886 2.46429 0.975771176 -0.218793537 0 0 0
1.751364 1.13067 2.46429 0.961353943 -0.275315448 0 0 0
1.750503 1.1268 2.463765 0.877762262 -0.148710548 0.455432305 0 0
1.750503 1.1268 2.46429 0.985751393 -0.16820877 0 0 0
1.751872 1.132255 2.463765 0.84808953 -0.300796287 0.436194615 0 0
1.752356 1.132255 2.46341 0.381407458 -0.136202663 0.91431788 0 0
1.752421 1.133639 2.463765 0.82922474 -0.361210777 0.426512725 0 0
1.752897 1.133639 2.46341 0.383627367 -0.168612028 0.907964772 0 0
1.751872 1.132255 2.46429 0.941461023 -0.337121851 0 0 0
1.752421 1.133639 2.46429 0.915236862 -0.402916228 0 0 0
1.753808 1.132255 2.463186 0.100098606 -0.0342995222 0.994386148 0 0
1.754324 1.133639 2.463186 0.102005098 -0.0431021541 0.993849669 0 0
1.751856 1.13067 2.541946 0.378492669 -0.107997908 -0.919282194 0 0
1.750906 1.12886 2.541591 0.871473983 -0.193894211 -0.450486551 0 0
1.751364 1.13067 2.541591 0.861910985 -0.244703119 -0.44410566 0 0
1.751405 1.12886 2.541946 0.375305744 -0.0837012811 -0.923114128 0 0
1.750503 1.1268 2.541591 0.877722281 -0.148703775 -0.455511563 0 0
1.751009 1.1268 2.541946 0.372201777 -0.0631003013 -0.926004422 0 0
1.750906 1.12886 2.541066 0.975771176 -0.218793537 0 0 0
1.751364 1.13067 2.541066 0.961353943 -0.275315448 0 0 0
1.750503 1.1268 2.541066 0.985751393 -0.16820877 0 0 0
1.752903 1.12886 2.54217 0.0968977588 -0.0207995189 -0.995076984 0 0
1.753333 1.13067 2.54217 0.0983981009 -0.0269994789 -0.994780801 0 0
1.752526 1.1268 2.54217 0.0955997701 -0.0155999625 -0.995297606 0 0
1.753808 1.132255 2.54217 0.100098262 -0.0343994027 -0.994382733 0 0
1.752356 1.132255 2.541946 0.381321999 -0.136207858 -0.914352751 0 0
1.754324 1.133639 2.54217 0.101906132 -0.0431025936 -0.993859802 0 0
1.752897 1.133639 2.541946 0.383592535 -0.168596719 -0.907982331 0 0
1.751872 1.132255 2.541591 0.848061453 -0.300821798 -0.43623161 0 0
1.751872 1.132255 2.541066 0.941461023 -0.337121851 0 0 0
1.752421 1.133639 2.541591 0.829260107 -0.361226183 -0.426430909 0 0
1.752421 1.133639 2.541066 0.915236862 -0.402916228 0 0 0
1.750414 1.121926 2.46341 0.367507947 -0.0305006596 0.929520101 0 0
1.751799 1.119248 2.463186 0.0934019914 -0.00380008102 0.995621227 0 0
1.751959 1.121926 2.463186 0.0938059358 -0.00740046828 0.995562996 0 0
1.750246 1.119248 2.46341 0.366321931 -0.01570094 0.930355697 0 0
1.751741 1.116502 2.463186 0.0932043994 0 0.995646996 0 0
1.750185 1.116502 2.46341 0.366125729 0 0.930565393 0 0
1.749729 1.119248 2.463765 0.885433731 -0.0379014439 0.463217647 0 0
1.749899 1.121926 2.463765 0.883995381 -0.0733996165 0.461697588 0 0
1.749729 1.119248 2.46429 0.999075118 -0.0429989291 0 0 0
1.749899 1.121926 2.46429 0.996524345 -0.0833020351 0 0 0
1.749667 1.116502 2.463765 0.886097581 0 0.463498735 0 0
1.749667 1.116502 2.46429 1 0 0 0 0
1.750162 1.124466 2.463765 0.881586913 -0.109298377 0.459193183 0 0
1.750673 1.124466 2.46341 0.369502152 -0.0457002662 0.928105406 0 0
1.750162 1.124466 2.46429 0.99230708 -0.123800883 0 0 0
1.752206 1.124466 2.463186 0.0945955139 -0.0111994689 0.995452792 0 0
1.750414 1.121926 2.541946 0.367421447 -0.0305017804 -0.92955426 0 0
1.749729 1.119248 2.541591 0.885392713 -0.0378996881 -0.463296187 0 0
1.749899 1.121926 2.541591 0.883932702 -0.0734027156 -0.461817085 0 0
1.750246 1.119248 2.541946 0.366201265 -0.0157000542 -0.930403215 0 0
1.749667 1.116502 2.541591 0.886035017 0 -0.463618323 0 0
1.750185 1.116502 2.541946 0.366005058 0 -0.930612861 0 0
1.749729 1.119248 2.541066 0.999075118 -0.0429989291 0 0 0
1.749899 1.121926 2.541066 0.996524345 -0.0833020351 0 0 0
1.749667 1.116502 2.541066 1 0 0 0 0
1.751799 1.119248 2.54217 0.0934019914 -0.00380008102 -0.995621227 0 0
1.751959 1.121926 2.54217 0.0938059358 -0.00740046828 -0.995562996 0 0
1.751741 1.116502 2.54217 0.0933035339 0 -0.99563771 0 0
1.752206 1.124466 2.54217 0.0945955139 -0.0111994689 -0.995452792 0 0
1.750673 1.124466 2.541946 0.3694158 -0.0457019547 -0.928139697 0 0
1.750162 1.124466 2.541591 0.881586913 -0.109298377 -0.459193183 0 0
1.750162 1.124466 2.541066 0.99230708 -0.123800883 0 0 0
1.750414 1.111067 2.46341 0.367390639 0.0301992305 0.929576315 0 0
1.752206 1.108492 2.463186 0.0944966218 0.0109996068 0.995464413 0 0
1.751959 1.111067 2.463186 0.0938059358 0.00740046828 0.995562996 0 0
1.750673 1.108492 2.46341 0.369311851 0.0447014345 0.928229787 0 0
1.750162 1.108492 2.463765 0.881756937 0.106906903 0.459429666 0 0
1.749899 1.111067 2.463765 0.883977908 0.0727064079 0.461840704 0 0
1.750162 1.108492 2.46429 0.992639721 0.121104846 0 0 0
1.749899 1.111067 2.46429 0.996591125 0.0824992653 0 0 0
1.749729 1.113756 2.463765 0.885437083 0.0378015832 0.4632194 0 0
1.750246 1.113756 2.46341 0.366288424 0.015599507 0.930370596 0 0
1.749729 1.113756 2.46429 0.999079409 0.0428991159 0 0 0
1.751799 1.113756 2.463186 0.0934019914 0.00380008102 0.995621227 0 0
1.750414 1.111067 2.541946 0.367390639 0.0301992305 -0.929576315 0 0
1.750162 1.108492 2.541591 0.881716422 0.106901991 -0.459508558 0 0
1.749899 1.111067 2.541591 0.883937077 0.0727030496 -0.461919376 0 0
1.750673 1.108492 2.541946 0.369311851 0.0447014345 -0.928229787 0 0
1.750162 1.108492 2.541066 0.992639721 0.121104846 0 0 0
1.749899 1.111067 2.541066 0.996591125 0.0824992653 0 0 0
1.752206 1.108492 2.54217 0.0944966218 0.0109996068 -0.995464413 0 0
1.751959 1.111067 2.54217 0.0938059358 0.00740046828 -0.995562996 0 0
1.751799 1.113756 2.54217 0.0934019914 0.00380008102 -0.995621227 0 0
1.750246 1.113756 2.541946 0.366288424 0.015599507 -0.930370596 0 0
1.749729 1.113756 2.541591 0.885396064 0.037799832 -0.463297941 0 0
1.749729 1.113756 2.541066 0.999079409 0.0428991159 0 0 0
1.749351 1.152353 2.46341 0.350909162 0.152403979 0.923924124 0 0
1.753269 1.146852 2.463186 0.0972977675 0.0417990409 0.994377184 0 0
1.750947 1.152353 2.463186 0.0909038335 0.0378015941 0.995141966 0 0
1.75179 1.146852 2.46341 0.369124151 0.165310816 0.914559837 0 0
1.7551 1.142586 2.463186 0.102698658 0.0428994393 0.993787011 0 0
1.753712 1.142586 2.46341 0.383998126 0.167599182 0.907995569 0 0
1.751296 1.146852 2.463765 0.818946395 0.370520991 0.438224826 0 0
1.748819 1.152353 2.463765 0.816234181 0.356614934 0.454519033 0 0
1.751296 1.146852 2.46429 0.910541062 0.413418644 0 0 0
1.748819 1.152353 2.46429 0.915670065 0.401930755 0 0 0
1.753249 1.142586 2.463765 0.826694932 0.36709775 0.426397386 0 0
1.753249 1.142586 2.46429 0.91382392 0.40611063 0 0 0
1.746115 1.158677 2.463765 0.81699665 0.332398637 0.471198068 0 0
1.746689 1.158677 2.46341 0.332821619 0.135108776 0.933260622 0 0
1.743483 1.165411 2.463765 0.822045436 0.296516389 0.486126869 0 0
1.744098 1.165411 2.46341 0.317105484 0.114801986 0.941416282 0 0
1.746115 1.158677 2.46429 0.925551735 0.378621164 0 0 0
1.743483 1.165411 2.46429 0.93994808 0.341317459 0 0 0
1.748412 1.158677 2.463186 0.0845067481 0.0329026274 0.995879524 0 0
1.745944 1.165411 2.463186 0.0791983709 0.0274994343 0.996479503 0 0
1.749351 1.152353 2.541946 0.350909162 0.152403979 -0.923924124 0 0
1.751296 1.146852 2.541591 0.818946395 0.370520991 -0.438224826 0 0
1.748819 1.152353 2.541591 0.816234181 0.356614934 -0.454519033 0 0
1.75179 1.146852 2.541946 0.369118047 0.165408087 -0.914544713 0 0
1.753249 1.142586 2.541591 0.826694932 0.36709775 -0.426397386 0 0
1.753712 1.142586 2.541946 0.38411825 0.167607963 -0.907943137 0 0
1.751296 1.146852 2.541066 0.910541062 0.413418644 0 0 0
1.748819 1.152353 2.541066 0.915670065 0.401930755 0 0 0
1.753249 1.142586 2.541066 0.91382392 0.40611063 0 0 0
1.753269 1.146852 2.54217 0.0973968171 0.041798634 -0.994367505 0 0
1.750947 1.152353 2.54217 0.0908046543 0.0378019376 -0.995151008 0 0
1.7551 1.142586 2.54217 0.102698658 0.0428994393 -0.993787011 0 0
1.748412 1.158677 2.54217 0.0845067481 0.0329026274 -0.995879524 0 0
1.746689 1.158677 2.541946 0.332786062 0.135194338 -0.933260911 0 0
1.745944 1.165411 2.54217 0.0791983709 0.0274994343 -0.996479503 0 0
1.744098 1.165411 2.541946 0.317105484 0.114801986 -0.941416282 0 0
1.746115 1.158677 2.541591 0.817023804 0.332309682 -0.471213729 0 0
1.746115 1.158677 2.541066 0.925551735 0.378621164 0 0 0
1.743483 1.165411 2.541591 0.822045436 0.296516389 -0.486126869 0 0
1.743483 1.165411 2.541066 0.93994808 0.341317459 0 0 0
1.739964 1.178881 2.46341 0.292116368 0.0773043315 0.953253412 0 0
1.743822 1.172146 2.463186 0.0748038342 0.0222011379 0.9969511 0 0
1.742007 1.178881 2.463186 0.0713988269 0.0180997026 0.997283615 0 0
1.74187 1.172146 2.46341 0.303310777 0.0941033436 0.948233691 0 0
1.74122 1.172146 2.463765 0.827616321 0.256205052 0.499409848 0 0
1.739284 1.178881 2.463765 0.831526501 0.220107015 0.510016254 0 0
1.74122 1.172146 2.46429 0.954719887 0.297506197 0 0 0
1.739284 1.178881 2.46429 0.966329483 0.257307851 0 0 0
1.737632 1.185616 2.463765 0.834130171 0.188606822 0.518318748 0 0
1.738338 1.185616 2.46341 0.282905005 0.0639011304 0.95701693 0 0
1.736221 1.192351 2.463765 0.835556615 0.161810964 0.525035575 0 0
1.73695 1.192351 2.46341 0.275297562 0.0530995298 0.9598915 0 0
1.737632 1.185616 2.46429 0.975135803 0.221608136 0 0 0
1.736221 1.192351 2.46429 0.9815904 0.190998132 0 0 0
1.740459 1.185616 2.463186 0.0686023582 0.0148005088 0.997534291 0 0
1.739137 1.192351 2.463186 0.0665007039 0.0123001302 0.997710561 0 0
1.739964 1.178881 2.541946 0.291997054 0.0772992201 -0.953290381 0 0
1.74122 1.172146 2.541591 0.827502131 0.25620066 -0.499601286 0 0
1.739284 1.178881 2.541591 0.831434917 0.220209248 -0.510121423 0 0
1.74187 1.172146 2.541946 0.303219969 0.0941061976 -0.94826245 0 0
1.74122 1.172146 2.541066 0.954719887 0.297506197 0 0 0
1.739284 1.178881 2.541066 0.966329483 0.257307851 0 0 0
1.743822 1.172146 2.54217 0.0748038342 0.0222011379 -0.9969511 0 0
1.742007 1.178881 2.54217 0.0713988269 0.0180997026 -0.997283615 0 0
1.740459 1.185616 2.54217 0.06870189 0.0148004072 -0.997527442 0 0
1.738338 1.185616 2.541946 0.282813003 0.063902938 -0.957044001 0 0
1.739137 1.192351 2.54217 0.0665007039 0.0123001302 -0.997710561 0 0
1.73695 1.192351 2.541946 0.275296099 0.0531992462 -0.959886399 0 0
1.737632 1.185616 2.541591 0.834056501 0.188612777 -0.51843512 0 0
1.737632 1.185616 2.541066 0.975135803 0.221608136 0 0 0
1.736221 1.192351 2.541591 0.835512742 0.161802468 -0.525108008 0 0
1.736221 1.192351 2.541066 0.9815904 0.190998132 0 0 0
1.734729 1.205821 2.46341 0.26390031 0.0380000447 0.963801132 0 0
1.738001 1.199086 2.463186 0.0648029172 0.0103004637 0.997844919 0 0
1.737021 1.205821 2.463186 0.0632972599 0.0086996234 0.997956799 0 0
1.735758 1.199086 2.46341 0.269093366 0.044698898 0.96207628 0 0
1.735011 1.199086 2.463765 0.836193791 0.139498964 0.530396062 0 0
1.733965 1.205821 2.463765 0.836303671 0.121200532 0.534702347 0 0
1.735011 1.199086 2.46429 0.986258447 0.165209791 0 0 0
1.733965 1.205821 2.46429 0.989592395 0.143898894 0 0 0
1.733051 1.212556 2.463765 0.835847979 0.107006142 0.538430907 0 0
1.733829 1.212556 2.46341 0.259402359 0.0329002992 0.965208779 0 0
1.732235 1.219291 2.463765 0.835022892 0.0969026566 0.541614849 0 0
1.733026 1.219291 2.46341 0.255515293 0.0294017597 0.966357838 0 0
1.733051 1.212556 2.46429 0.991852209 0.127393862 0 0 0
1.732235 1.219291 2.46429 0.993295903 0.115599523 0 0 0
1.736164 1.212556 2.463186 0.0620029685 0.00750035909 0.998047783 0 0
1.735399 1.219291 2.463186 0.0610009303 0.00670010218 0.998115221 0 0
1.734729 1.205821 2.541946 0.26390031 0.0380000447 -0.963801132 0 0
1.735011 1.199086 2.541591 0.836193791 0.139498964 -0.530396062 0 0
1.733965 1.205821 2.541591 0.836228884 0.121204186 -0.534818473 0 0
1.735758 1.199086 2.541946 0.269093366 0.044698898 -0.96207628 0 0
1.735011 1.199086 2.541066 0.986258447 0.165209791 0 0 0
1.733965 1.205821 2.541066 0.989592395 0.143898894 0 0 0
1.738001 1.199086 2.54217 0.0648029172 0.0103004637 -0.997844919 0 0
1.737021 1.205821 2.54217 0.0632972599 0.0086996234 -0.997956799 0 0
1.736164 1.212556 2.54217 0.0621025879 0.00750031254 -0.998041589 0 0
1.733829 1.212556 2.541946 0.259309084 0.0329011525 -0.965233813 0 0
1.735399 1.219291 2.54217 0.0610009303 0.00670010218 -0.998115221 0 0
1.733026 1.219291 2.541946 0.255397129 0.0293996695 -0.966389138 0 0
1.733051 1.212556 2.541591 0.835802971 0.10700038 -0.538501914 0 0
1.733051 1.212556 2.541066 0.991852209 0.127393862 0 0 0
1.732235 1.219291 2.541591 0.83494738 0.0969054992 -0.541730741 0 0
1.732235 1.219291 2.541066 0.99330738 0.115500858 0 0 0
1.731629 1.232748 2.46341 0.249595874 0.0226996248 0.968083998 0 0
1.734695 1.226026 2.463186 0.0601980954 0.00599981017 0.998168418 0 0
1.734068 1.232748 2.463186 0.0594012284 0.00520010754 0.998220643 0 0
1.732286 1.226026 2.46341 0.252391578 0.0262991224 0.967267723 0 0
1.731483 1.226026 2.463765 0.834568429 0.0876966825 0.543879425 0 0
1.730815 1.232748 2.463765 0.83441754 0.076401606 0.545811473 0 0
1.731483 1.226026 2.46429 0.994482965 0.104898203 0 0 0
1.730815 1.232748 2.46429 0.995805034 0.0915004625 0 0 0
1.730251 1.239443 2.463765 0.834513227 0.0627009938 0.547408676 0 0
1.731073 1.239443 2.46341 0.24740882 0.0185006596 0.968734536 0 0
1.729808 1.246099 2.463765 0.834763319 0.0465035274 0.548641616 0 0
1.730637 1.246099 2.46341 0.245805993 0.0136003316 0.96922363 0 0
1.730251 1.239443 2.46429 0.997176143 0.0750982033 0 0 0
1.729808 1.246099 2.46429 0.998441836 0.0558023382 0 0 0
1.733539 1.239443 2.463186 0.0587977078 0.00419983627 0.998261084 0 0
1.733124 1.246099 2.463186 0.0583993267 0.00309996426 0.99828849 0 0
1.731629 1.232748 2.541946 0.249595874 0.0226996248 -0.968083998 0 0
1.731483 1.226026 2.541591 0.834538077 0.0877040016 -0.543924817 0 0
1.730815 1.232748 2.541591 0.83441754 0.076401606 -0.545811473 0 0
1.732286 1.226026 2.541946 0.252297948 0.0262997861 -0.967292131 0 0
1.731483 1.226026 2.541066 0.994482965 0.104898203 0 0 0
1.730815 1.232748 2.541066 0.995805034 0.0915004625 0 0 0
1.734695 1.226026 2.54217 0.0601980954 0.00599981017 -0.998168418 0 0
1.734068 1.232748 2.54217 0.0594012284 0.00520010754 -0.998220643 0 0
1.733539 1.239443 2.54217 0.0587977078 0.00419983627 -0.998261084 0 0
1.731073 1.239443 2.541946 0.24740882 0.0185006596 -0.968734536 0 0
1.733124 1.246099 2.54217 0.058299668 0.00309998235 -0.998294315 0 0
1.730637 1.246099 2.541946 0.245712029 0.0136006658 -0.969247451 0 0
1.730251 1.239443 2.541591 0.834467544 0.0626975614 -0.547478706 0 0
1.730251 1.239443 2.541066 0.997176143 0.0750982033 0 0 0
1.729808 1.246099 2.541591 0.834763319 0.0465035274 -0.548641616 0 0
1.729808 1.246099 2.541066 0.998441836 0.0558023382 0 0 0
1.756074 1.273146 2.463375 0.00250012835 -0.989250784 0.146207506 0 0
1.747205 1.273071 2.463207 0.0066000856 -0.914511861 0.404505246 0 0
1.756321 1.273106 2.463191 0.00260002072 -0.928907403 0.370302951 0 0
1.746224 1.273113 2.463395 0.00679992082 -0.983588546 0.1802979 0 0
1.739877 1.273002 2.463217 0.0134003808 -0.865624597 0.500514222 0 0
1.738092 1.27304 2.463421 0.018099669 -0.969582266 0.244095536 0 0
1.747859 1.273002 2.463091 0.00470032128 -0.708048397 0.706148267 0 0
1.756485 1.27303 2.463063 0.00200001318 -0.708104666 0.706104653 0 0
1.742289 1.272964 2.463129 0.00920033927 -0.708126113 0.706026035 0 0
1.745897 1.273144 2.463686 0.00610035618 -0.994958092 0.100105845 0 0
1.755986 1.273164 2.463621 0.00150010284 -0.998468447 0.0553037912 0 0
1.745897 1.27317 2.464029 0.00450010895 -0.996224119 0.0867020991 0 0
1.755978 1.27317 2.463898 0.000899980043 -0.999477837 0.0322992838 0 0
1.737496 1.273078 2.463778 0.0223995394 -0.992079598 0.123597458 0 0
1.737495 1.27317 2.464422 0.0220991281 -0.992660835 0.118895309 0 0
1.766091 1.27317 2.463686 0.000200008692 -0.99964344 0.0267011603 0 0
1.766115 1.273157 2.46339 0.000300006587 -0.992821798 0.119602626 0 0
1.774571 1.27317 2.463778 -0.000100002326 -0.999823251 0.0188004372 0 0
1.774606 1.273157 2.463413 -0.000100001263 -0.994312553 0.106501345 0 0
1.76606 1.27317 2.464029 9.9998487e-05 -0.99998487 0.00549991679 0 0
1.774462 1.27317 2.464422 0 -1 0 0 0
1.766123 1.273118 2.463186 0.000499977249 -0.933957501 0.357383738 0 0
1.766123 1.273039 2.463054 0.000700005695 -0.708205761 0.706005743 0 0
1.774618 1.273118 2.463186 -9.9999911e-05 -0.936899166 0.349599689 0 0
1.774618 1.273039 2.463054 0 -0.708305773 0.705905753 0 0
1.756074 1.273146 2.541981 0.0024001238 -0.989251027 -0.146207542 0 0
1.745897 1.273144 2.54167 0.00610029508 -0.994948127 -0.100204847 0 0
1.755986 1.273164 2.541735 0.00150010284 -0.998468447 -0.0553037912 0 0
1.746224 1.273113 2.541961 0.00680004338 -0.983606275 -0.18020115 0 0
1.737496 1.273078 2.541578 0.0223992624 -0.992067332 -0.123695927 0 0
1.738092 1.27304 2.541935 0.0181001107 -0.969605929 -0.244001492 0 0
1.745897 1.27317 2.541327 0.00450006991 -0.996215476 -0.0868013485 0 0
1.755978 1.27317 2.541459 0.000899980043 -0.999477837 -0.0322992838 0 0
1.737495 1.27317 2.540934 0.022101059 -0.992647564 -0.119005702 0 0
1.747205 1.273071 2.54215 0.0066000856 -0.914511861 -0.404505246 0 0
1.756321 1.273106 2.542165 0.00259992443 -0.928873003 -0.370389235 0 0
1.747859 1.273002 2.542265 0.00469999015 -0.707898517 -0.70629852 0 0
1.756485 1.27303 2.542293 0.00210001341 -0.708104521 -0.706104508 0 0
1.739877 1.273002 2.542139 0.0133998914 -0.865692984 -0.500395944 0 0
1.742289 1.272964 2.542227 0.00920033927 -0.708126113 -0.706026035 0 0
1.766123 1.273118 2.54217 0.000500023947 -0.933944728 -0.357417117 0 0
1.766115 1.273157 2.541966 0.000300002997 -0.992809918 -0.119701196 0 0
1.774618 1.273118 2.54217 -9.99964147e-05 -0.936866409 -0.349687462 0 0
1.774606 1.273157 2.541943 -0.000200002522 -0.994312538 -0.106501343 0 0
1.766123 1.273039 2.542302 0.000700005695 -0.708205761 -0.706005743 0 0
1.774618 1.273039 2.542302 0 -0.708255937 -0.705955755 0 0
1.766091 1.27317 2.54167 0.000200008692 -0.99964344 -0.0267011603 0 0
1.76606 1.27317 2.541327 9.99984315e-05 -0.999984315 -0.00559991217 0 0
1.774571 1.27317 2.541578 -0.000100002326 -0.999823251 -0.0188004372 0 0
1.774462 1.27317 2.540934 0 -1 0 0 0
1.759636 1.092633 2.541946 0.309809367 0.635719221 -0.707021377 0 0
1.759104 1.093559 2.54217 0.11970744 0.201912549 -0.972060415 0 0
1.760742 1.092633 2.54217 0.125805178 0.255310508 -0.958639453 0 0
1.757917 1.093559 2.541946 0.328498604 0.563497605 -0.757996779 0 0
1.76148 1.093559 2.542302 0.0386002119 0.0591003245 -0.997505476 0 0
1.762954 1.092633 2.542302 0.0414999118 0.0765998372 -0.996197883 0 0
1.757521 1.093559 2.541591 0.494028079 0.829247132 -0.261314852 0 0
1.759267 1.092633 2.541591 0.433513714 0.873827644 -0.220206966 0 0
1.757521 1.093559 2.541066 0.503541428 0.863971082 0 0 0
1.759267 1.092633 2.541066 0.43642072 0.899742716 0 0 0
1.761254 1.091756 2.541591 0.374295563 0.909889213 -0.178897879 0 0
1.761592 1.091756 2.541946 0.287500579 0.708401427 -0.644601299 0 0
1.763454 1.090958 2.541591 0.31389655 0.939389676 -0.137898485 0 0
1.763757 1.090958 2.541946 0.259294978 0.782284847 -0.566389029 0 0
1.761254 1.091756 2.541066 0.37259725 0.927993151 0 0 0
1.763454 1.090958 2.541066 0.309289563 0.95096791 0 0 0
1.762604 1.091756 2.54217 0.132296413 0.325691171 -0.936174621 0 0
1.76463 1.091756 2.542302 0.0453032842 0.10180738 -0.993772041 0 0
1.764667 1.090958 2.54217 0.137295693 0.419586838 -0.897271853 0 0
1.766486 1.090958 2.542302 0.0502994097 0.141298342 -0.988688398 0 0
1.759636 1.092633 2.46341 0.309809367 0.635719221 0.707021377 0 0
1.757521 1.093559 2.463765 0.494090758 0.82918449 0.261395111 0 0
1.759267 1.092633 2.463765 0.433385079 0.873869913 0.220292415 0 0
1.757917 1.093559 2.46341 0.328409391 0.563516114 0.758021676 0 0
1.757521 1.093559 2.46429 0.503616073 0.863927573 0 0 0
1.759267 1.092633 2.46429 0.436300495 0.899801021 0 0 0
1.759104 1.093559 2.463186 0.11970744 0.201912549 0.972060415 0 0
1.760742 1.092633 2.463186 0.125900382 0.255400775 0.958602909 0 0
1.76148 1.093559 2.463054 0.0386002119 0.0591003245 0.997505476 0 0
1.762954 1.092633 2.463054 0.0414004006 0.0765007401 0.996209638 0 0
1.762604 1.091756 2.463186 0.132394659 0.32568686 0.936162231 0 0
1.761592 1.091756 2.46341 0.28759231 0.708381058 0.644582764 0 0
1.764667 1.090958 2.463186 0.137197579 0.419592596 0.897284168 0 0
1.763757 1.090958 2.46341 0.259309663 0.782329154 0.566321104 0 0
1.76463 1.091756 2.463054 0.0451989894 0.101797724 0.993777779 0 0
1.766486 1.090958 2.463054 0.0502994097 0.141298342 0.988688398 0 0
1.761254 1.091756 2.463765 0.374209569 0.909923267 0.178904575 0 0
1.761254 1.091756 2.46429 0.37259725 0.927993151 0 0 0
1.763454 1.090958 2.463765 0.31389655 0.939389676 0.137898485 0 0
1.763454 1.090958 2.46429 0.309289563 0.95096791 0 0 0
1.771081 1.092633 2.542421 0.0061003384 0.00720039942 -0.999955469 0 0
1.775006 1.093559 2.542434 0.00139999793 0.00099999852 -0.99999852 0 0
1.775552 1.092633 2.542434 0.00149999705 0.00129999744 -0.99999803 0 0
1.770208 1.093559 2.542421 0.0056003875 0.00550038058 -0.99996919 0 0
1.77906 1.093559 2.542434 0 0 -1 0 0
1.779332 1.092633 2.542434 0 0 -1 0 0
1.76544 1.093559 2.542381 0.0145003705 0.0184004701 -0.999725543 0 0
1.766641 1.092633 2.542381 0.0155998477 0.0239997658 -0.999590244 0 0
1.768007 1.091756 2.542381 0.0171007105 0.0320013297 -0.999341524 0 0
1.772074 1.091756 2.542421 0.00670021086 0.00960030213 -0.999931468 0 0
1.769519 1.090958 2.542381 0.019000375 0.0447008822 -0.998819712 0 0
1.773174 1.090958 2.542421 0.00749985559 0.0134997401 -0.999880747 0 0
1.776173 1.091756 2.542434 0.00169999479 0.00179999448 -0.999996935 0 0
1.779643 1.091756 2.542434 0 0 -1 0 0
1.77686 1.090958 2.542434 0.00189999063 0.00249998768 -0.99999507 0 0
1.779987 1.090958 2.542434 0 0 -1 0 0
1.771081 1.092633 2.462935 0.0061003384 0.00720039942 0.999955469 0 0
1.76544 1.093559 2.462975 0.0144003887 0.0184004967 0.999726988 0 0
1.766641 1.092633 2.462975 0.0155998477 0.0239997658 0.999590244 0 0
1.770208 1.093559 2.462935 0.0056003875 0.00550038058 0.99996919 0 0
1.775006 1.093559 2.462922 0.00139999793 0.00099999852 0.99999852 0 0
1.775552 1.092633 2.462922 0.00149999705 0.00129999744 0.99999803 0 0
1.77906 1.093559 2.462922 0 0 1 0 0
1.779332 1.092633 2.462922 0 0 1 0 0
1.776173 1.091756 2.462922 0.00169999479 0.00179999448 0.999996935 0 0
1.772074 1.091756 2.462935 0.00670021086 0.00960030213 0.999931468 0 0
1.77686 1.090958 2.462922 0.00189999063 0.00249998768 0.99999507 0 0
1.773174 1.090958 2.462935 0.00749985559 0.0134997401 0.999880747 0 0
1.779643 1.091756 2.462922 0 0 1 0 0
1.779987 1.090958 2.462922 0 0 1 0 0
1.768007 1.091756 2.462975 0.0171007105 0.0320013297 0.999341524 0 0
1.769519 1.090958 2.462975 0.019000375 0.0447008822 0.998819712 0 0
1.775546 1.089699 2.462948 0.009799714 0.0796976741 0.99677091 0 0
1.771159 1.09027 2.462975 0.0214992637 0.0720975307 0.997165848 0 0
1.77278 1.089709 2.462986 0.0247009324 0.137905205 0.990137373 0 0
1.774367 1.09027 2.462935 0.00850024332 0.0295008445 0.999528612 0 0
1.768499 1.09027 2.463054 0.0561015793 0.20320572 0.977527518 0 0
1.770506 1.089715 2.463063 0.0604031818 0.304016014 0.950750082 0 0
1.777606 1.09027 2.462922 0.00209997537 0.0147998264 0.999888271 0 0
1.778343 1.089696 2.462935 0.00250009253 0.0593021948 0.998236945 0 0
1.780359 1.09027 2.462922 0 0.0114003992 0.999935013 0 0
1.780728 1.089696 2.462935 0 0.0548995537 0.998491882 0 0
1.779005 1.089243 2.462975 0.0031002054 0.167511098 0.985865316 0 0
1.776605 1.089255 2.462986 0.0126997715 0.19619647 0.980482361 0 0
1.779525 1.088915 2.463054 0.00469999147 0.409499257 0.912298344 0 0
1.777416 1.088938 2.463063 0.0182009227 0.435622084 0.899945624 0 0
1.781059 1.089243 2.462975 0 0.161203462 0.986921194 0 0
1.781319 1.088915 2.463054 0 0.402302909 0.915506619 0 0
1.774234 1.089294 2.463022 0.0290002543 0.266102334 0.96350845 0 0
1.772345 1.089319 2.463091 0.0585004326 0.429003172 0.901406666 0 0
1.775295 1.089008 2.463091 0.0377007712 0.47860979 0.877217944 0 0
1.773712 1.089102 2.463129 0.0521030046 0.524930271 0.849548991 0 0
1.775546 1.089699 2.542408 0.00989970133 0.0796975956 -0.996769928 0 0
1.777606 1.09027 2.542434 0.00219997372 0.0147998232 -0.999888056 0 0
1.778343 1.089696 2.542421 0.00250006283 0.0595014953 -0.998225086 0 0
1.774367 1.09027 2.542421 0.0085002182 0.0296007599 -0.999525658 0 0
1.780359 1.09027 2.542434 0 0.0114003992 -0.999935013 0 0
1.780728 1.089696 2.542421 0 0.0548995537 -0.998491882 0 0
1.771159 1.09027 2.542381 0.0216010557 0.0723035336 -0.997148732 0 0
1.77278 1.089709 2.542369 0.0246013284 0.137807441 -0.990153465 0 0
1.768499 1.09027 2.542302 0.0560018904 0.203206859 -0.977532997 0 0
1.770506 1.089715 2.542293 0.0604031818 0.304016014 -0.950750082 0 0
1.774234 1.089294 2.542334 0.0289003371 0.266103104 -0.963511239 0 0
1.776605 1.089255 2.542369 0.0126007774 0.196312112 -0.980460491 0 0
1.775295 1.089008 2.542265 0.037800932 0.478411795 -0.877321631 0 0
1.777416 1.088938 2.542293 0.0181000569 0.435301369 -0.900102831 0 0
1.772345 1.089319 2.542265 0.0586023471 0.42871717 -0.901536107 0 0
1.773712 1.089102 2.542227 0.0522027381 0.524927533 -0.84954456 0 0
1.779005 1.089243 2.542381 0.00310015345 0.167608296 -0.985848796 0 0
1.781059 1.089243 2.542381 0 0.161203462 -0.986921194 0 0
1.779525 1.088915 2.542302 0.0046999475 0.409295428 -0.912389809 0 0
1.781319 1.088915 2.542302 0 0.402302909 -0.915506619 0 0
1.768553 1.089699 2.463411 0.192211517 0.909854515 0.367722033 0 0
1.765839 1.09027 2.463765 0.255414849 0.961655907 0.0999058082 0 0
1.768342 1.089696 2.463765 0.203602511 0.976612047 0.0691008524 0 0
1.766105 1.09027 2.46341 0.227097827 0.852291844 0.471195491 0 0
1.765839 1.09027 2.46429 0.250504026 0.968115558 0 0 0
1.768342 1.089696 2.46429 0.199307524 0.979936993 0 0 0
1.766903 1.09027 2.463186 0.138206514 0.528924929 0.837339465 0 0
1.769186 1.089709 2.463191 0.131201054 0.642105156 0.755306065 0 0
1.771386 1.089294 2.463207 0.112299334 0.738895618 0.66439606 0 0
1.771016 1.089255 2.463415 0.151999276 0.949295477 0.275198689 0 0
1.773552 1.089008 2.463217 0.0846033512 0.802131773 0.591123415 0 0
1.773454 1.088938 2.463418 0.104001316 0.968512257 0.226202863 0 0
1.770892 1.089243 2.463765 0.154410049 0.986864222 0.0475030914 0 0
1.770892 1.089243 2.46429 0.151899379 0.988395962 0 0 0
1.773421 1.088915 2.463765 0.105101279 0.993712094 0.0386004698 0 0
1.773421 1.088915 2.46429 0.104502586 0.994524615 0 0 0
1.768553 1.089699 2.541945 0.192414558 0.909768831 -0.367827829 0 0
1.766903 1.09027 2.54217 0.138398425 0.528793982 -0.837390471 0 0
1.769186 1.089709 2.542165 0.131111191 0.642054802 -0.755364473 0 0
1.766105 1.09027 2.541946 0.227002982 0.852311195 -0.471206189 0 0
1.765839 1.09027 2.541591 0.255318811 0.961670854 -0.100007368 0 0
1.768342 1.089696 2.541591 0.203602511 0.976612047 -0.0691008524 0 0
1.765839 1.09027 2.541066 0.250504026 0.968115558 0 0 0
1.768342 1.089696 2.541066 0.199307524 0.979936993 0 0 0
1.770892 1.089243 2.541591 0.154507668 0.986848979 -0.0475023576 0 0
1.771016 1.089255 2.541941 0.152003458 0.949321597 -0.275106259 0 0
1.773421 1.088915 2.541591 0.105101279 0.993712094 -0.0386004698 0 0
1.773454 1.088938 2.541939 0.104003668 0.968534161 -0.226107975 0 0
1.770892 1.089243 2.541066 0.151899379 0.988395962 0 0 0
1.773421 1.088915 2.541066 0.104502586 0.994524615 0 0 0
1.771386 1.089294 2.54215 0.112301003 0.738706597 -0.664605935 0 0
1.773552 1.089008 2.542139 0.0849012043 0.802111378 -0.591108385 0 0
1.778041 1.088651 2.463411 0.0272000521 0.97120186 0.236700453 0 0
1.779837 1.088718 2.463186 0.00640033369 0.771140204 0.636633192 0 0
1.777853 1.088747 2.463191 0.0243014318 0.783246146 0.621236601 0 0
1.779993 1.08862 2.46341 0.0069999335 0.968990795 0.246997654 0 0
1.781475 1.088718 2.463186 0 0.766932787 0.641727434 0 0
1.781553 1.08862 2.46341 0 0.968170312 0.250292325 0 0
1.780046 1.088587 2.463765 0.0080004392 0.998954839 0.0450024705 0 0
1.778104 1.08862 2.463765 0.0293993107 0.998676586 0.0421990107 0 0
1.780046 1.088587 2.46429 0.00840054366 0.999964715 0 0 0
1.778104 1.08862 2.46429 0.0303012372 0.999540812 0 0 0
1.781579 1.088587 2.463765 0 0.998945943 0.0459021111 0 0
1.781579 1.088587 2.46429 0 1 0 0 0
1.775861 1.088718 2.463765 0.0614033632 0.997354627 0.0389021307 0 0
1.775829 1.088747 2.463415 0.0588016435 0.972927194 0.223506247 0 0
1.775861 1.088718 2.46429 0.0621043347 0.998069663 0 0 0
1.775733 1.088835 2.463207 0.0501030849 0.800349279 0.597436785 0 0
1.778041 1.088651 2.541945 0.0271994081 0.971178867 -0.236794847 0 0
1.780046 1.088587 2.541591 0.0080004392 0.998954839 -0.0450024705 0 0
1.778104 1.08862 2.541591 0.0293991865 0.998672367 -0.0422988296 0 0
1.779993 1.08862 2.541946 0.00700043887 0.968960746 -0.247115492 0 0
1.781579 1.088587 2.541591 0 0.998941352 -0.0460019043 0 0
1.781553 1.08862 2.541946 0 0.968170312 -0.250292325 0 0
1.780046 1.088587 2.541066 0.00840054366 0.999964715 0 0 0
1.778104 1.08862 2.541066 0.0303012372 0.999540812 0 0 0
1.781579 1.088587 2.541066 0 1 0 0 0
1.779837 1.088718 2.54217 0.00629993136 0.771091599 -0.636693063 0 0
1.777853 1.088747 2.542165 0.0243003152 0.783110157 -0.62140806 0 0
1.781475 1.088718 2.54217 0 0.766932787 -0.641727434 0 0
1.775733 1.088835 2.54215 0.050101107 0.800217681 -0.597613204 0 0
1.775829 1.088747 2.541941 0.0588016435 0.972927194 -0.223506247 0 0
1.775861 1.088718 2.541591 0.0614033632 0.997354627 -0.0389021307 0 0
1.775861 1.088718 2.541066 0.0621043347 0.998069663 0 0 0
1.756107 1.258872 2.462935 0.00259999121 0 0.99999662 0 0
1.746182 1.252703 2.462975 0.00669984949 0.000199995507 0.999977536 0 0
1.756201 1.252703 2.462935 0.00259999121 0 0.99999662 0 0
1.746052 1.258872 2.462975 0.00669984959 9.99977551e-05 0.999977551 0 0
1.737845 1.252703 2.463054 0.0180006804 0.000600022681 0.999837795 0 0
1.737686 1.258872 2.463054 0.0179007106 0.000400015879 0.999839689 0 0
1.745979 1.264226 2.462975 0.00669984959 9.99977551e-05 0.999977551 0 0
1.756054 1.264226 2.462935 0.00259999121 0 0.99999662 0 0
1.74594 1.268382 2.462975 0.00669984959 9.99977551e-05 0.999977551 0 0
1.756026 1.268382 2.462935 0.00259999121 0 0.99999662 0 0
1.737596 1.264226 2.463054 0.0179007117 0.000200007951 0.999839749 0 0
1.737549 1.268382 2.463054 0.0178007395 0.000200008309 0.999841534 0 0
1.76616 1.264226 2.462922 0.000599999892 0 0.99999982 0 0
1.766193 1.258872 2.462922 0.000599999892 0 0.99999982 0 0
1.774637 1.264226 2.462922 0 0 1 0 0
1.774653 1.258872 2.462922 0 0 1 0 0
1.766143 1.268382 2.462922 0.000599999892 0 0.99999982 0 0
1.774628 1.268382 2.462922 0 0 1 0 0
1.766252 1.252703 2.462922 0.000599999892 0 0.99999982 0 0
1.774683 1.252703 2.462922 0 0 1 0 0
1.756081 1.272341 2.462948 0.00270002157 -0.0397003172 0.999207984 0 0
1.745917 1.270961 2.462975 0.0069004395 -0.00500031848 0.99996369 0 0
1.756009 1.270961 2.462935 0.0025999625 -0.0046999322 0.999985575 0 0
1.746231 1.272337 2.462986 0.00740044045 -0.0450026784 0.998959455 0 0
1.73752 1.270961 2.463054 0.0188998865 -0.00739995556 0.999793996 0 0
1.7381 1.272334 2.463063 0.0198994179 -0.0710979201 0.997270825 0 0
1.747206 1.272887 2.463022 0.00700027736 -0.332613178 0.943037364 0 0
1.756323 1.272902 2.462986 0.00300018828 -0.306519236 0.951859736 0 0
1.739879 1.272877 2.463091 0.0143000192 -0.421100566 0.90690122 0 0
1.766124 1.272907 2.462975 0.000599977573 -0.301188742 0.953564356 0 0
1.766126 1.272342 2.462935 0.000600011625 -0.0395007653 0.99921936 0 0
1.774618 1.272907 2.462975 0 -0.301188796 0.953564528 0 0
1.77462 1.272342 2.462935 0 -0.0396006178 0.999215588 0 0
1.766132 1.270961 2.462922 0.000599993265 -0.00469994724 0.999988775 0 0
1.774622 1.270961 2.462922 0 -0.00469994809 0.999988955 0 0
1.756107 1.258872 2.542421 0.00259999121 0 -0.99999662 0 0
1.766252 1.252703 2.542434 0.000599999892 0 -0.99999982 0 0
1.756201 1.252703 2.542421 0.00259999121 0 -0.99999662 0 0
1.766193 1.258872 2.542434 0.000599999892 0 -0.99999982 0 0
1.774683 1.252703 2.542434 0 0 -1 0 0
1.774653 1.258872 2.542434 0 0 -1 0 0
1.76616 1.264226 2.542434 0.000599999892 0 -0.99999982 0 0
1.756054 1.264226 2.542421 0.00259999121 0 -0.99999662 0 0
1.766143 1.268382 2.542434 0.000599999892 0 -0.99999982 0 0
1.756026 1.268382 2.542421 0.00259999121 0 -0.99999662 0 0
1.774637 1.264226 2.542434 0 0 -1 0 0
1.774628 1.268382 2.542434 0 0 -1 0 0
1.745979 1.264226 2.542381 0.00669984959 9.99977551e-05 -0.999977551 0 0
1.746052 1.258872 2.542381 0.00669984959 9.99977551e-05 -0.999977551 0 0
1.737596 1.264226 2.542302 0.0179007117 0.000200007951 -0.999839749 0 0
1.737686 1.258872 2.542302 0.0179007106 0.000400015879 -0.999839689 0 0
1.74594 1.268382 2.542381 0.00669984959 9.99977551e-05 -0.999977551 0 0
1.737549 1.268382 2.542302 0.0178007395 0.000200008309 -0.999841534 0 0
1.746182 1.252703 2.542381 0.00669984949 0.000199995507 -0.999977536 0 0
1.737845 1.252703 2.542302 0.0180006804 0.000600022681 -0.999837795 0 0
1.756081 1.272341 2.542408 0.00270001084 -0.0398001598 -0.999204012 0 0
1.766132 1.270961 2.542434 0.000599993265 -0.00469994724 -0.999988775 0 0
1.756009 1.270961 2.542421 0.0025999625 -0.0046999322 -0.999985575 0 0
1.766126 1.272342 2.542421 0.000600009252 -0.0396006106 -0.999215408 0 0
1.774622 1.270961 2.542434 0 -0.00469994809 -0.999988955 0 0
1.77462 1.272342 2.542421 0 -0.0396006178 -0.999215588 0 0
1.766124 1.272907 2.542381 0.000600034788 -0.301217464 -0.953555284 0 0
1.756323 1.272902 2.542369 0.00299999465 -0.306399453 -0.951898301 0 0
1.774618 1.272907 2.542381 0 -0.301097867 -0.953593244 0 0
1.747206 1.272887 2.542334 0.00700027736 -0.332613178 -0.943037364 0 0
1.746231 1.272337 2.542369 0.00739973447 -0.0448983889 -0.998964153 0 0
1.739879 1.272877 2.542265 0.0143012235 -0.420936011 -0.906977591 0 0
1.7381 1.272334 2.542293 0.0198995592 -0.0709984274 -0.997277911 0 0
1.745917 1.270961 2.542381 0.00690043602 -0.00510032227 -0.999963185 0 0
1.73752 1.270961 2.542302 0.0188998724 -0.00749994938 -0.999793251 0 0
1.730761 1.272342 2.463413 0.213609365 -0.508022272 0.834436583 0 0
1.735445 1.272887 2.463207 0.0314999252 -0.617298534 0.786098133 0 0
1.733204 1.272909 2.463422 0.0779020407 -0.787620632 0.611216011 0 0
1.733211 1.272337 2.463191 0.0646020008 -0.193705999 0.978930318 0 0
1.732482 1.270961 2.463186 0.0625030274 -0.0198009591 0.997848332 0 0
1.729963 1.270961 2.46341 0.266900017 -0.0835000054 0.960100062 0 0
1.732514 1.268382 2.463186 0.0574029236 0.000700035654 0.998350847 0 0
1.729997 1.268382 2.46341 0.242016666 0.00320022037 0.970266815 0 0
1.729123 1.270961 2.463765 0.823800787 -0.202700194 0.529400506 0 0
1.729945 1.272348 2.463772 0.536493964 -0.677992373 0.502494347 0 0
1.729123 1.270961 2.46429 0.974516011 -0.212003483 0.0733012043 0 0
1.72984 1.272353 2.4643 0.623236167 -0.750943579 0.218312669 0 0
1.729157 1.268382 2.463765 0.833503659 0.0111000487 0.552402425 0 0
1.729157 1.268382 2.46429 0.999911549 0.0133001536 0 0 0
1.732457 1.272934 2.463791 0.135803633 -0.95382552 0.267907168 0 0
1.732037 1.272954 2.46433 0.140301743 -0.969512046 0.200902496 0 0
1.730156 1.258872 2.46341 0.24321359 0.00600033528 0.969954198 0 0
1.732566 1.264226 2.463186 0.0576022621 0.000900035345 0.998339206 0 0
1.730051 1.264226 2.46341 0.242604274 0.00400007046 0.970117089 0 0
1.732666 1.258872 2.463186 0.0577019002 0.0014000461 0.998332876 0 0
1.732843 1.252703 2.463186 0.0580008323 0.00210003014 0.998314326 0 0
1.730342 1.252703 2.46341 0.244195559 0.00919983271 0.969682367 0 0
1.729508 1.252703 2.463765 0.834500492 0.0316000186 0.550100325 0 0
1.72932 1.258872 2.463765 0.834228514 0.0210007178 0.551018834 0 0
1.729508 1.252703 2.46429 0.999277771 0.0379991547 0 0 0
1.72932 1.258872 2.46429 0.999682441 0.0251995574 0 0 0
1.729213 1.264226 2.463765 0.833918634 0.0139003106 0.551712328 0 0
1.729213 1.264226 2.46429 0.999862193 0.0166010326 0 0 0
1.730156 1.258872 2.541946 0.243307676 0.00600018931 -0.969930602 0 0
1.732843 1.252703 2.54217 0.0580008323 0.00210003014 -0.998314326 0 0
1.730342 1.252703 2.541946 0.24431328 0.00920050011 -0.969652707 0 0
1.732666 1.258872 2.54217 0.0577019002 0.0014000461 -0.998332876 0 0
1.732566 1.264226 2.54217 0.0575025891 0.000900040525 -0.998344951 0 0
1.730051 1.264226 2.541946 0.242604274 0.00400007046 -0.970117089 0 0
1.732514 1.268382 2.54217 0.0574029236 0.000700035654 -0.998350847 0 0
1.729997 1.268382 2.541946 0.242016666 0.00320022037 -0.970266815 0 0
1.729213 1.264226 2.541591 0.833918634 0.0139003106 -0.551712328 0 0
1.72932 1.258872 2.541591 0.834228514 0.0210007178 -0.551018834 0 0
1.729213 1.264226 2.541066 0.999862193 0.0166010326 0 0 0
1.72932 1.258872 2.541066 0.999682441 0.0251995574 0 0 0
1.729157 1.268382 2.541591 0.833503659 0.0111000487 -0.552402425 0 0
1.729157 1.268382 2.541066 0.999911549 0.0133001536 0 0 0
1.729508 1.252703 2.541591 0.834546398 0.0316017569 -0.55003058 0 0
1.729508 1.252703 2.541066 0.999277771 0.0379991547 0 0 0
1.730761 1.272342 2.541943 0.21360239 -0.507905683 -0.834509338 0 0
1.732482 1.270961 2.54217 0.0625030274 -0.0198009591 -0.997848332 0 0
1.729963 1.270961 2.541946 0.266804908 -0.0836015379 -0.960117662 0 0
1.733211 1.272337 2.542165 0.0646032519 -0.193609746 -0.978949277 0 0
1.735445 1.272887 2.54215 0.0316017759 -0.617234686 -0.786144179 0 0
1.733204 1.272909 2.541934 0.0779034142 -0.787534514 -0.611326792 0 0
1.732457 1.272934 2.541565 0.135799995 -0.953799962 -0.267999989 0 0
1.729945 1.272348 2.541584 0.536530339 -0.677938335 -0.502528416 0 0
1.732037 1.272954 2.541026 0.140203708 -0.969525644 -0.200905314 0 0
1.72984 1.272353 2.541056 0.623310927 -0.750913164 -0.218203825 0 0
1.729123 1.270961 2.541591 0.823817482 -0.202604299 -0.529411234 0 0
1.729123 1.270961 2.541066 0.974516011 -0.212003483 -0.0733012043 0 0
1.751371 1.10197 2.466936 0.964796121 0.262998943 0 0 0
1.751897 1.100254 2.465025 0.943669567 0.330889329 0 0 0
1.751371 1.10197 2.465025 0.964796121 0.262998943 0 0 0
1.751897 1.100254 2.466936 0.943669567 0.330889329 0 0 0
1.752486 1.098766 2.465025 0.91022601 0.414111833 0 0 0
1.752486 1.098766 2.466936 0.91022601 0.414111833 0 0 0
1.751897 1.100254 2.47099 0.943669567 0.330889329 0 0 0
1.751371 1.10197 2.47099 0.964796121 0.262998943 0 0 0
1.751897 1.100254 2.478155 0.943669567 0.330889329 0 0 0
1.751371 1.10197 2.478155 0.964796121 0.262998943 0 0 0
1.752486 1.098766 2.47099 0.91022601 0.414111833 0 0 0
1.752486 1.098766 2.478155 0.91022601 0.414111833 0 0 0
1.750906 1.103915 2.47099 0.978274092 0.207315702 0 0 0
1.750906 1.103915 2.466936 0.978274092 0.207315702 0 0 0
1.750503 1.106089 2.47099 0.98690528 0.161300863 0 0 0
1.750503 1.106089 2.466936 0.98690528 0.161300863 0 0 0
1.750906 1.103915 2.478155 0.978274092 0.207315702 0 0 0
1.750503 1.106089 2.478155 0.98690528 0.161300863 0 0 0
1.750906 1.103915 2.465025 0.978274092 0.207315702 0 0 0
1.750503 1.106089 2.465025 0.98690528 0.161300863 0 0 0
1.751371 1.10197 2.502678 0.964796121 0.262998943 0 0 0
1.751897 1.100254 2.489397 0.943669567 0.330889329 0 0 0
1.751371 1.10197 2.489397 0.964796121 0.262998943 0 0 0
1.751897 1.100254 2.502678 0.943669567 0.330889329 0 0 0
1.752486 1.098766 2.489397 0.91022601 0.414111833 0 0 0
1.752486 1.098766 2.502678 0.91022601 0.414111833 0 0 0
1.751897 1.100254 2.515959 0.943669567 0.330889329 0 0 0
1.751371 1.10197 2.515959 0.964796121 0.262998943 0 0 0
1.751897 1.100254 2.527201 0.943669567 0.330889329 0 0 0
1.751371 1.10197 2.527201 0.964796121 0.262998943 0 0 0
1.752486 1.098766 2.515959 0.91022601 0.414111833 0 0 0
1.752486 1.098766 2.527201 0.91022601 0.414111833 0 0 0
1.750906 1.103915 2.515959 0.978274092 0.207315702 0 0 0
1.750906 1.103915 2.502678 0.97827839 0.207295421 0 0 0
1.750503 1.106089 2.515959 0.98690528 0.161300863 0 0 0
1.750503 1.106089 2.502678 0.98690528 0.161300863 0 0 0
1.750906 1.103915 2.527201 0.978274092 0.207315702 0 0 0
1.750503 1.106089 2.527201 0.98690528 0.161300863 0 0 0
1.750906 1.103915 2.489397 0.978274092 0.207315702 0 0 0
1.750503 1.106089 2.489397 0.98690528 0.161300863 0 0 0
1.751371 1.10197 2.53842 0.964796121 0.262998943 0 0 0
1.751897 1.100254 2.534366 0.943658617 0.330920556 0 0 0
1.751371 1.10197 2.534366 0.964796121 0.262998943 0 0 0
1.751897 1.100254 2.53842 0.943669567 0.330889329 0 0 0
1.752486 1.098766 2.534366 0.91022601 0.414111833 0 0 0
1.752486 1.098766 2.53842 0.91022601 0.414111833 0 0 0
1.751897 1.100254 2.540331 0.943669567 0.330889329 0 0 0
1.751371 1.10197 2.540331 0.964796121 0.262998943 0 0 0
1.752486 1.098766 2.540331 0.91022601 0.414111833 0 0 0
1.750906 1.103915 2.540331 0.978274092 0.207315702 0 0 0
1.750906 1.103915 2.53842 0.978274092 0.207315702 0 0 0
1.750503 1.106089 2.540331 0.98690528 0.161300863 0 0 0
1.750503 1.106089 2.53842 0.98690528 0.161300863 0 0 0
1.750906 1.103915 2.534366 0.978274092 0.207315702 0 0 0
1.750503 1.106089 2.534366 0.98690528 0.161300863 0 0 0
1.753907 1.096418 2.466936 0.769972432 0.638077154 0 0 0
1.754856 1.095436 2.465025 0.670240065 0.742144363 0 0 0
1.753907 1.096418 2.465025 0.769972432 0.638077154 0 0 0
1.754856 1.095436 2.466936 0.670240065 0.742144363 0 0 0
1.756041 1.094503 2.465025 0.579013002 0.815318308 0 0 0
1.756041 1.094503 2.466936 0.579013002 0.815318308 0 0 0
1.754856 1.095436 2.47099 0.670240065 0.742144363 0 0 0
1.753907 1.096418 2.47099 0.769972432 0.638077154 0 0 0
1.754856 1.095436 2.478155 0.670240065 0.742144363 0 0 0
1.753907 1.096418 2.478155 0.769972432 0.638077154 0 0 0
1.756041 1.094503 2.47099 0.579013002 0.815318308 0 0 0
1.756041 1.094503 2.478155 0.579013002 0.815318308 0 0 0
1.753137 1.097507 2.47099 0.854478425 0.519486883 0 0 0
1.753137 1.097507 2.466936 0.854451435 0.519531274 0 0 0
1.753137 1.097507 2.478155 0.854451435 0.519531274 0 0 0
1.753137 1.097507 2.465025 0.854451435 0.519531274 0 0 0
1.753907 1.096418 2.502678 0.769972432 0.638077154 0 0 0
1.754856 1.095436 2.489397 0.670240065 0.742144363 0 0 0
1.753907 1.096418 2.489397 0.769972432 0.638077154 0 0 0
1.754856 1.095436 2.502678 0.670240065 0.742144363 0 0 0
1.756041 1.094503 2.489397 0.579013002 0.815318308 0 0 0
1.756041 1.094503 2.502678 0.579013002 0.815318308 0 0 0
1.754856 1.095436 2.515959 0.670240065 0.742144363 0 0 0
1.753907 1.096418 2.515959 0.769972432 0.638077154 0 0 0
1.754856 1.095436 2.527201 0.670240065 0.742144363 0 0 0
1.753907 1.096418 2.527201 0.769972432 0.638077154 0 0 0
1.756041 1.094503 2.515959 0.579013002 0.815318308 0 0 0
1.756041 1.094503 2.527201 0.579013002 0.815318308 0 0 0
1.753137 1.097507 2.515959 0.854451435 0.519531274 0 0 0
1.753137 1.097507 2.502678 0.854451435 0.519531274 0 0 0
1.753137 1.097507 2.527201 0.854478425 0.519486883 0 0 0
1.753137 1.097507 2.489397 0.854451435 0.519531274 0 0 0
1.753907 1.096418 2.53842 0.769972432 0.638077154 0 0 0
1.754856 1.095436 2.534366 0.670240065 0.742144363 0 0 0
1.753907 1.096418 2.534366 0.769972432 0.638077154 0 0 0
1.754856 1.095436 2.53842 0.670240065 0.742144363 0 0 0
1.756041 1.094503 2.534366 0.579013002 0.815318308 0 0 0
1.756041 1.094503 2.53842 0.579013002 0.815318308 0 0 0
1.754856 1.095436 2.540331 0.670240065 0.742144363 0 0 0
1.753907 1.096418 2.540331 0.769931714 0.638126285 0 0 0
1.756041 1.094503 2.540331 0.579013002 0.815318308 0 0 0
1.753137 1.097507 2.540331 0.854451435 0.519531274 0 0 0
1.753137 1.097507 2.53842 0.854478425 0.519486883 0 0 0
1.753137 1.097507 2.534366 0.854478425 0.519486883 0 0 0
1.751364 1.13067 2.466936 0.961353943 -0.275315448 0 0 0
1.750906 1.12886 2.465025 0.975771176 -0.218793537 0 0 0
1.751364 1.13067 2.465025 0.961353943 -0.275315448 0 0 0
1.750906 1.12886 2.466936 0.975771176 -0.218793537 0 0 0
1.750503 1.1268 2.465025 0.985751393 -0.16820877 0 0 0
1.750503 1.1268 2.466936 0.985751393 -0.16820877 0 0 0
1.750906 1.12886 2.47099 0.975771176 -0.218793537 0 0 0
1.751364 1.13067 2.47099 0.961353943 -0.275315448 0 0 0
1.750906 1.12886 2.478155 0.975771176 -0.218793537 0 0 0
1.751364 1.13067 2.478155 0.961353943 -0.275315448 0 0 0
1.750503 1.1268 2.47099 0.985751393 -0.16820877 0 0 0
1.750503 1.1268 2.478155 0.985751393 -0.16820877 0 0 0
1.751872 1.132255 2.47099 0.941429279 -0.337210487 0 0 0
1.751872 1.132255 2.466936 0.941429279 -0.337210487 0 0 0
1.752421 1.133639 2.47099 0.915236862 -0.402916228 0 0 0
1.752421 1.133639 2.466936 0.915236862 -0.402916228 0 0 0
1.751872 1.132255 2.478155 0.941429279 -0.337210487 0 0 0
1.752421 1.133639 2.478155 0.915236862 -0.402916228 0 0 0
1.751872 1.132255 2.465025 0.941429279 -0.337210487 0 0 0
1.752421 1.133639 2.465025 0.915236862 -0.402916228 0 0 0
1.751364 1.13067 2.502678 0.961353943 -0.275315448 0 0 0
1.750906 1.12886 2.489397 0.975771176 -0.218793537 0 0 0
1.751364 1.13067 2.489397 0.961353943 -0.275315448 0 0 0
1.750906 1.12886 2.502678 0.975771176 -0.218793537 0 0 0
1.750503 1.1268 2.489397 0.985751393 -0.16820877 0 0 0
1.750503 1.1268 2.502678 0.985751393 -0.16820877 0 0 0
1.750906 1.12886 2.515959 0.975771176 -0.218793537 0 0 0
1.751364 1.13067 2.515959 0.961353943 -0.275315448 0 0 0
1.750906 1.12886 2.527201 0.975771176 -0.218793537 0 0 0
1.751364 1.13067 2.527201 0.961353943 -0.275315448 0 0 0
1.750503 1.1268 2.515959 0.985751393 -0.16820877 0 0 0
1.750503 1.1268 2.527201 0.985751393 -0.16820877 0 0 0
1.751872 1.132255 2.515959 0.941429279 -0.337210487 0 0 0
1.751872 1.132255 2.502678 0.941429279 -0.337210487 0 0 0
1.752421 1.133639 2.515959 0.915236862 -0.402916228 0 0 0
1.752421 1.133639 2.502678 0.915236862 -0.402916228 0 0 0
1.751872 1.132255 2.527201 0.941429279 -0.337210487 0 0 0
1.752421 1.133639 2.527201 0.915236862 -0.402916228 0 0 0
1.751872 1.132255 2.489397 0.941429279 -0.337210487 0 0 0
1.752421 1.133639 2.489397 0.915236862 -0.402916228 0 0 0
1.751364 1.13067 2.53842 0.961353943 -0.275315448 0 0 0
1.750906 1.12886 2.534366 0.975771176 -0.218793537 0 0 0
1.751364 1.13067 2.534366 0.961353943 -0.275315448 0 0 0
1.750906 1.12886 2.53842 0.975771176 -0.218793537 0 0 0
1.750503 1.1268 2.534366 0.985751393 -0.16820877 0 0 0
1.750503 1.1268 2.53842 0.985751393 -0.16820877 0 0 0
1.750906 1.12886 2.540331 0.975771176 -0.218793537 0 0 0
1.751364 1.13067 2.540331 0.961353943 -0.275315448 0 0 0
1.750503 1.1268 2.540331 0.985751393 -0.16820877 0 0 0
1.751872 1.132255 2.540331 0.941429279 -0.337210487 0 0 0
1.751872 1.132255 2.53842 0.941429279 -0.337210487 0 0 0
1.752421 1.133639 2.540331 0.915236862 -0.402916228 0 0 0
1.752421 1.133639 2.53842 0.915236862 -0.402916228 0 0 0
1.751872 1.132255 2.534366 0.941429279 -0.337210487 0 0 0
1.752421 1.133639 2.534366 0.915236862 -0.402916228 0 0 0
1.749899 1.121926 2.466936 0.996524345 -0.0833020351 0 0 0
1.749729 1.119248 2.465025 0.999075118 -0.0429989291 0 0 0
1.749899 1.121926 2.465025 0.996524345 -0.0833020351 0 0 0
1.749729 1.119248 2.466936 0.999075118 -0.0429989291 0 0 0
1.749667 1.116502 2.465025 1 0 0 0 0
1.749667 1.116502 2.466936 1 0 0 0 0
1.749729 1.119248 2.47099 0.999075118 -0.0429989291 0 0 0
1.749899 1.121926 2.47099 0.996524345 -0.0833020351 0 0 0
1.749729 1.119248 2.478155 0.999075118 -0.0429989291 0 0 0
1.749899 1.121926 2.478155 0.996524345 -0.0833020351 0 0 0
1.749667 1.116502 2.47099 1 0 0 0 0
1.749667 1.116502 2.478155 1 0 0 0 0
1.750162 1.124466 2.47099 0.99230708 -0.123800883 0 0 0
1.750162 1.124466 2.466936 0.99230708 -0.123800883 0 0 0
1.750162 1.124466 2.478155 0.99230708 -0.123800883 0 0 0
1.750162 1.124466 2.465025 0.99230708 -0.123800883 0 0 0
1.749899 1.121926 2.502678 0.996524345 -0.0833020351 0 0 0
1.749729 1.119248 2.489397 0.999075118 -0.0429989291 0 0 0
1.749899 1.121926 2.489397 0.996524345 -0.0833020351 0 0 0
1.749729 1.119248 2.502678 0.999075118 -0.0429989291 0 0 0
1.749667 1.116502 2.489397 1 0 0 0 0
1.749667 1.116502 2.502678 1 0 0 0 0
1.749729 1.119248 2.515959 0.999075118 -0.0429989291 0 0 0
1.749899 1.121926 2.515959 0.996524345 -0.0833020351 0 0 0
1.749729 1.119248 2.527201 0.999075118 -0.0429989291 0 0 0
1.749899 1.121926 2.527201 0.996524345 -0.0833020351 0 0 0
1.749667 1.116502 2.515959 1 0 0 0 0
1.749667 1.116502 2.527201 1 0 0 0 0
1.750162 1.124466 2.515959 0.99230708 -0.123800883 0 0 0
1.750162 1.124466 2.502678 0.99230708 -0.123800883 0 0 0
1.750162 1.124466 2.527201 0.99230708 -0.123800883 0 0 0
1.750162 1.124466 2.489397 0.99230708 -0.123800883 0 0 0
1.749899 1.121926 2.53842 0.996524345 -0.0833020351 0 0 0
1.749729 1.119248 2.534366 0.999075118 -0.0429989291 0 0 0
1.749899 1.121926 2.534366 0.996524345 -0.0833020351 0 0 0
1.749729 1.119248 2.53842 0.999075118 -0.0429989291 0 0 0
1.749667 1.116502 2.534366 1 0 0 0 0
1.749667 1.116502 2.53842 1 0 0 0 0
1.749729 1.119248 2.540331 0.999075118 -0.0429989291 0 0 0
1.749899 1.121926 2.540331 0.996524345 -0.0833020351 0 0 0
1.749667 1.116502 2.540331 1 0 0 0 0
1.750162 1.124466 2.540331 0.99230708 -0.123800883 0 0 0
1.750162 1.124466 2.53842 0.99230708 -0.123800883 0 0 0
1.750162 1.124466 2.534366 0.99230708 -0.123800883 0 0 0
1.749899 1.111067 2.466936 0.996591125 0.0824992653 0 0 0
1.750162 1.108492 2.465025 0.992639721 0.121104846 0 0 0
1.749899 1.111067 2.465025 0.996591125 0.0824992653 0 0 0
1.750162 1.108492 2.466936 0.992639721 0.121104846 0 0 0
1.750162 1.108492 2.47099 0.992639721 0.121104846 0 0 0
1.749899 1.111067 2.47099 0.996591125 0.0824992653 0 0 0
1.750162 1.108492 2.478155 0.992639721 0.121104846 0 0 0
1.749899 1.111067 2.478155 0.996591125 0.0824992653 0 0 0
1.749729 1.113756 2.47099 0.999079409 0.0428991159 0 0 0
1.749729 1.113756 2.466936 0.999079409 0.0428991159 0 0 0
1.749729 1.113756 2.478155 0.999079409 0.0428991159 0 0 0
1.749729 1.113756 2.465025 0.999079409 0.0428991159 0 0 0
1.749899 1.111067 2.502678 0.996591125 0.0824992653 0 0 0
1.750162 1.108492 2.489397 0.992639721 0.121104846 0 0 0
1.749899 1.111067 2.489397 0.996591125 0.0824992653 0 0 0
1.750162 1.108492 2.502678 0.992639721 0.121104846 0 0 0
1.750162 1.108492 2.515959 0.992639721 0.121104846 0 0 0
1.749899 1.111067 2.515959 0.996591125 0.0824992653 0 0 0
1.750162 1.108492 2.527201 0.992639721 0.121104846 0 0 0
1.749899 1.111067 2.527201 0.996591125 0.0824992653 0 0 0
1.749729 1.113756 2.515959 0.999079409 0.0428991159 0 0 0
1.749729 1.113756 2.502678 0.999079409 0.0428991159 0 0 0
1.749729 1.113756 2.527201 0.999079409 0.0428991159 0 0 0
1.749729 1.113756 2.489397 0.999079409 0.0428991159 0 0 0
1.749899 1.111067 2.53842 0.996591125 0.0824992653 0 0 0
1.750162 1.108492 2.534366 0.992639721 0.121104846 0 0 0
1.749899 1.111067 2.534366 0.996591125 0.0824992653 0 0 0
1.750162 1.108492 2.53842 0.992639721 0.121104846 0 0 0
1.750162 1.108492 2.540331 0.992639721 0.121104846 0 0 0
1.749899 1.111067 2.540331 0.996591125 0.0824992653 0 0 0
1.749729 1.113756 2.540331 0.999079409 0.0428991159 0 0 0
1.749729 1.113756 2.53842 0.999079409 0.0428991159 0 0 0
1.749729 1.113756 2.534366 0.999079409 0.0428991159 0 0 0
1.748819 1.152353 2.466936 0.915686219 0.401893952 0 0 0
1.751296 1.146852 2.465025 0.910541062 0.413418644 0 0 0
1.748819 1.152353 2.465025 0.915670065 0.401930755 0 0 0
1.751296 1.146852 2.466936 0.910541062 0.413418644 0 0 0
1.753249 1.142586 2.465025 0.91382392 0.40611063 0 0 0
1.753249 1.142586 2.466936 0.91382392 0.40611063 0 0 0
1.751296 1.146852 2.47099 0.910541062 0.413418644 0 0 0
1.748819 1.152353 2.47099 0.915670065 0.401930755 0 0 0
1.751296 1.146852 2.478155 0.910541062 0.413418644 0 0 0
1.748819 1.152353 2.478155 0.915670065 0.401930755 0 0 0
1.753249 1.142586 2.47099 0.91382392 0.40611063 0 0 0
1.753249 1.142586 2.478155 0.91382392 0.40611063 0 0 0
1.746115 1.158677 2.47099 0.925551735 0.378621164 0 0 0
1.746115 1.158677 2.466936 0.925551735 0.378621164 0 0 0
1.743483 1.165411 2.47099 0.93994808 0.341317459 0 0 0
1.743483 1.165411 2.466936 0.93994808 0.341317459 0 0 0
1.746115 1.158677 2.478155 0.925551735 0.378621164 0 0 0
1.743483 1.165411 2.478155 0.93994808 0.341317459 0 0 0
1.746115 1.158677 2.465025 0.925551735 0.378621164 0 0 0
1.743483 1.165411 2.465025 0.93994808 0.341317459 0 0 0
1.748819 1.152353 2.502678 0.915670065 0.401930755 0 0 0
1.751296 1.146852 2.489397 0.910541062 0.413418644 0 0 0
1.748819 1.152353 2.489397 0.915670065 0.401930755 0 0 0
1.751296 1.146852 2.502678 0.910541062 0.413418644 0 0 0
1.753249 1.142586 2.489397 0.91382392 0.40611063 0 0 0
1.753249 1.142586 2.502678 0.91382392 0.40611063 0 0 0
1.751296 1.146852 2.515959 0.910541062 0.413418644 0 0 0
1.748819 1.152353 2.515959 0.915686219 0.401893952 0 0 0
1.751296 1.146852 2.527201 0.910541062 0.413418644 0 0 0
1.748819 1.152353 2.527201 0.915670065 0.401930755 0 0 0
1.753249 1.142586 2.515959 0.91382392 0.40611063 0 0 0
1.753249 1.142586 2.527201 0.91382392 0.40611063 0 0 0
1.746115 1.158677 2.515959 0.925551735 0.378621164 0 0 0
1.746115 1.158677 2.502678 0.925551735 0.378621164 0 0 0
1.743483 1.165411 2.515959 0.939915993 0.341405809 0 0 0
1.743483 1.165411 2.502678 0.93994808 0.341317459 0 0 0
1.746115 1.158677 2.527201 0.925551735 0.378621164 0 0 0
1.743483 1.165411 2.527201 0.939915993 0.341405809 0 0 0
1.746115 1.158677 2.489397 0.925551735 0.378621164 0 0 0
1.743483 1.165411 2.489397 0.93994808 0.341317459 0 0 0
1.748819 1.152353 2.53842 0.915686219 0.401893952 0 0 0
1.751296 1.146852 2.534366 0.910541062 0.413418644 0 0 0
1.748819 1.152353 2.534366 0.915670065 0.401930755 0 0 0
1.751296 1.146852 2.53842 0.910541062 0.413418644 0 0 0
1.753249 1.142586 2.534366 0.91382392 0.40611063 0 0 0
1.753249 1.142586 2.53842 0.91382392 0.40611063 0 0 0
1.751296 1.146852 2.540331 0.910541062 0.413418644 0 0 0
1.748819 1.152353 2.540331 0.915686219 0.401893952 0 0 0
1.753249 1.142586 2.540331 0.913786805 0.406194135 0 0 0
1.746115 1.158677 2.540331 0.925551735 0.378621164 0 0 0
1.746115 1.158677 2.53842 0.925551735 0.378621164 0 0 0
1.743483 1.165411 2.540331 0.93994808 0.341317459 0 0 0
1.743483 1.165411 2.53842 0.93994808 0.341317459 0 0 0
1.746115 1.158677 2.534366 0.925551735 0.378621164 0 0 0
1.743483 1.165411 2.534366 0.93994808 0.341317459 0 0 0
1.739284 1.178881 2.466936 0.966329483 0.257307851 0 0 0
1.74122 1.172146 2.465025 0.954719887 0.297506197 0 0 0
1.739284 1.178881 2.465025 0.966329483 0.257307851 0 0 0
1.74122 1.172146 2.466936 0.954719887 0.297506197 0 0 0
1.74122 1.172146 2.47099 0.954719887 0.297506197 0 0 0
1.739284 1.178881 2.47099 0.966329483 0.257307851 0 0 0
1.74122 1.172146 2.478155 0.954719887 0.297506197 0 0 0
1.739284 1.178881 2.478155 0.966329483 0.257307851 0 0 0
1.737632 1.185616 2.47099 0.975135803 0.221608136 0 0 0
1.737632 1.185616 2.466936 0.975135803 0.221608136 0 0 0
1.736221 1.192351 2.47099 0.9815904 0.190998132 0 0 0
1.736221 1.192351 2.466936 0.9815904 0.190998132 0 0 0
1.737632 1.185616 2.478155 0.975135803 0.221608136 0 0 0
1.736221 1.192351 2.478155 0.9815904 0.190998132 0 0 0
1.737632 1.185616 2.465025 0.975135803 0.221608136 0 0 0
1.736221 1.192351 2.465025 0.9815904 0.190998132 0 0 0
1.739284 1.178881 2.502678 0.966329483 0.257307851 0 0 0
1.74122 1.172146 2.489397 0.954719887 0.297506197 0 0 0
1.739284 1.178881 2.489397 0.966329483 0.257307851 0 0 0
1.74122 1.172146 2.502678 0.954719887 0.297506197 0 0 0
1.74122 1.172146 2.515959 0.954719887 0.297506197 0 0 0
1.739284 1.178881 2.515959 0.966329483 0.257307851 0 0 0
1.74122 1.172146 2.527201 0.954719887 0.297506197 0 0 0
1.739284 1.178881 2.527201 0.966329483 0.257307851 0 0 0
1.737632 1.185616 2.515959 0.975135803 0.221608136 0 0 0
1.737632 1.185616 2.502678 0.975135803 0.221608136 0 0 0
1.736221 1.192351 2.515959 0.9815904 0.190998132 0 0 0
1.736221 1.192351 2.502678 0.9815904 0.190998132 0 0 0
1.737632 1.185616 2.527201 0.975135803 0.221608136 0 0 0
1.736221 1.192351 2.527201 0.9815904 0.190998132 0 0 0
1.737632 1.185616 2.489397 0.975135803 0.221608136 0 0 0
1.736221 1.192351 2.489397 0.9815904 0.190998132 0 0 0
1.739284 1.178881 2.53842 0.966329483 0.257307851 0 0 0
1.74122 1.172146 2.534366 0.954719887 0.297506197 0 0 0
1.739284 1.178881 2.534366 0.966329483 0.257307851 0 0 0
1.74122 1.172146 2.53842 0.954719887 0.297506197 0 0 0
1.74122 1.172146 2.540331 0.954748288 0.297415042 0 0 0
1.739284 1.178881 2.540331 0.966329483 0.257307851 0 0 0
1.737632 1.185616 2.540331 0.975135803 0.221608136 0 0 0
1.737632 1.185616 2.53842 0.975135803 0.221608136 0 0 0
1.736221 1.192351 2.540331 0.9815904 0.190998132 0 0 0
1.736221 1.192351 2.53842 0.9815904 0.190998132 0 0 0
1.737632 1.185616 2.534366 0.975135803 0.221608136 0 0 0
1.736221 1.192351 2.534366 0.9815904 0.190998132 0 0 0
1.733965 1.205821 2.466936 0.989592395 0.143898894 0 0 0
1.735011 1.199086 2.465025 0.986258447 0.165209791 0 0 0
1.733965 1.205821 2.465025 0.989592395 0.143898894 0 0 0
1.735011 1.199086 2.466936 0.986258447 0.165209791 0 0 0
1.735011 1.199086 2.47099 0.986258447 0.165209791 0 0 0
1.733965 1.205821 2.47099 0.989592395 0.143898894 0 0 0
1.735011 1.199086 2.478155 0.986258447 0.165209791 0 0 0
1.733965 1.205821 2.478155 0.989592395 0.143898894 0 0 0
1.733051 1.212556 2.47099 0.991852209 0.127393862 0 0 0
1.733051 1.212556 2.466936 0.991852209 0.127393862 0 0 0
1.732235 1.219291 2.47099 0.993295903 0.115599523 0 0 0
1.732235 1.219291 2.466936 0.993295903 0.115599523 0 0 0
1.733051 1.212556 2.478155 0.991852209 0.127393862 0 0 0
1.732235 1.219291 2.478155 0.993295903 0.115599523 0 0 0
1.733051 1.212556 2.465025 0.991852209 0.127393862 0 0 0
1.732235 1.219291 2.465025 0.993295903 0.115599523 0 0 0
1.733965 1.205821 2.502678 0.989592395 0.143898894 0 0 0
1.735011 1.199086 2.489397 0.986258447 0.165209791 0 0 0
1.733965 1.205821 2.489397 0.989592395 0.143898894 0 0 0
1.735011 1.199086 2.502678 0.986258447 0.165209791 0 0 0
1.735011 1.199086 2.515959 0.986258447 0.165209791 0 0 0
1.733965 1.205821 2.515959 0.989592395 0.143898894 0 0 0
1.735011 1.199086 2.527201 0.986258447 0.165209791 0 0 0
1.733965 1.205821 2.527201 0.989592395 0.143898894 0 0 0
1.733051 1.212556 2.515959 0.991852209 0.127393862 0 0 0
1.733051 1.212556 2.502678 0.991852209 0.127393862 0 0 0
1.732235 1.219291 2.515959 0.993295903 0.115599523 0 0 0
1.732235 1.219291 2.502678 0.993295903 0.115599523 0 0 0
1.733051 1.212556 2.527201 0.991852209 0.127393862 0 0 0
1.732235 1.219291 2.527201 0.993295903 0.115599523 0 0 0
1.733051 1.212556 2.489397 0.991852209 0.127393862 0 0 0
1.732235 1.219291 2.489397 0.993295903 0.115599523 0 0 0
1.733965 1.205821 2.53842 0.989592395 0.143898894 0 0 0
1.735011 1.199086 2.534366 0.986258447 0.165209791 0 0 0
1.733965 1.205821 2.534366 0.989592395 0.143898894 0 0 0
1.735011 1.199086 2.53842 0.986258447 0.165209791 0 0 0
1.735011 1.199086 2.540331 0.986258447 0.165209791 0 0 0
1.733965 1.205821 2.540331 0.989592395 0.143898894 0 0 0
1.733051 1.212556 2.540331 0.991864839 0.127295487 0 0 0
1.733051 1.212556 2.53842 0.991852209 0.127393862 0 0 0
1.732235 1.219291 2.540331 0.99330738 0.115500858 0 0 0
1.732235 1.219291 2.53842 0.993295903 0.115599523 0 0 0
1.733051 1.212556 2.534366 0.991852209 0.127393862 0 0 0
1.732235 1.219291 2.534366 0.993295903 0.115599523 0 0 0
1.730815 1.232748 2.466936 0.995805034 0.0915004625 0 0 0
1.731483 1.226026 2.465025 0.994482965 0.104898203 0 0 0
1.730815 1.232748 2.465025 0.995805034 0.0915004625 0 0 0
1.731483 1.226026 2.466936 0.994482965 0.104898203 0 0 0
1.731483 1.226026 2.47099 0.994482965 0.104898203 0 0 0
1.730815 1.232748 2.47099 0.995805034 0.0915004625 0 0 0
1.731483 1.226026 2.478155 0.994482965 0.104898203 0 0 0
1.730815 1.232748 2.478155 0.995805034 0.0915004625 0 0 0
1.730251 1.239443 2.47099 0.99716865 0.0751976358 0 0 0
1.730251 1.239443 2.466936 0.99716865 0.0751976358 0 0 0
1.729808 1.246099 2.47099 0.998441836 0.0558023382 0 0 0
1.729808 1.246099 2.466936 0.998441836 0.0558023382 0 0 0
1.730251 1.239443 2.478155 0.99716865 0.0751976358 0 0 0
1.729808 1.246099 2.478155 0.998441836 0.0558023382 0 0 0
1.730251 1.239443 2.465025 0.99716865 0.0751976358 0 0 0
1.729808 1.246099 2.465025 0.998441836 0.0558023382 0 0 0
1.730815 1.232748 2.502678 0.995805034 0.0915004625 0 0 0
1.731483 1.226026 2.489397 0.994482965 0.104898203 0 0 0
1.730815 1.232748 2.489397 0.995805034 0.0915004625 0 0 0
1.731483 1.226026 2.502678 0.994482965 0.104898203 0 0 0
1.731483 1.226026 2.515959 0.994482965 0.104898203 0 0 0
1.730815 1.232748 2.515959 0.995805034 0.0915004625 0 0 0
1.731483 1.226026 2.527201 0.994482965 0.104898203 0 0 0
1.730815 1.232748 2.527201 0.995805034 0.0915004625 0 0 0
1.730251 1.239443 2.515959 0.99716865 0.0751976358 0 0 0
1.730251 1.239443 2.502678 0.99716865 0.0751976358 0 0 0
1.729808 1.246099 2.515959 0.998441836 0.0558023382 0 0 0
1.729808 1.246099 2.502678 0.998441836 0.0558023382 0 0 0
1.730251 1.239443 2.527201 0.99716865 0.0751976358 0 0 0
1.729808 1.246099 2.527201 0.998441836 0.0558023382 0 0 0
1.730251 1.239443 2.489397 0.99716865 0.0751976358 0 0 0
1.729808 1.246099 2.489397 0.998441836 0.0558023382 0 0 0
1.730815 1.232748 2.53842 0.995805034 0.0915004625 0 0 0
1.731483 1.226026 2.534366 0.994482965 0.104898203 0 0 0
1.730815 1.232748 2.534366 0.995805034 0.0915004625 0 0 0
1.731483 1.226026 2.53842 0.994482965 0.104898203 0 0 0
1.731483 1.226026 2.540331 0.994482965 0.104898203 0 0 0
1.730815 1.232748 2.540331 0.995805034 0.0915004625 0 0 0
1.730251 1.239443 2.540331 0.997176143 0.0750982033 0 0 0
1.730251 1.239443 2.53842 0.99716865 0.0751976358 0 0 0
1.729808 1.246099 2.540331 0.998441836 0.0558023382 0 0 0
1.729808 1.246099 2.53842 0.998441836 0.0558023382 0 0 0
1.730251 1.239443 2.534366 0.99716865 0.0751976358 0 0 0
1.729808 1.246099 2.534366 0.998441836 0.0558023382 0 0 0
1.759267 1.092633 2.53842 0.436300495 0.899801021 0 0 0
1.757521 1.093559 2.540331 0.503616073 0.863927573 0 0 0
1.759267 1.092633 2.540331 0.436300495 0.899801021 0 0 0
1.757521 1.093559 2.53842 0.503616073 0.863927573 0 0 0
1.757521 1.093559 2.534366 0.503616073 0.863927573 0 0 0
1.759267 1.092633 2.534366 0.436339757 0.899781983 0 0 0
1.757521 1.093559 2.527201 0.503616073 0.863927573 0 0 0
1.759267 1.092633 2.527201 0.436300495 0.899801021 0 0 0
1.761254 1.091756 2.534366 0.37259725 0.927993151 0 0 0
1.761254 1.091756 2.53842 0.37259725 0.927993151 0 0 0
1.763454 1.090958 2.534366 0.309289563 0.95096791 0 0 0
1.763454 1.090958 2.53842 0.309289563 0.95096791 0 0 0
1.761254 1.091756 2.527201 0.37259725 0.927993151 0 0 0
1.763454 1.090958 2.527201 0.309289563 0.95096791 0 0 0
1.761254 1.091756 2.540331 0.37259725 0.927993151 0 0 0
1.763454 1.090958 2.540331 0.309289563 0.95096791 0 0 0
1.759267 1.092633 2.502678 0.436300495 0.899801021 0 0 0
1.757521 1.093559 2.515959 0.503616073 0.863927573 0 0 0
1.759267 1.092633 2.515959 0.436300495 0.899801021 0 0 0
1.757521 1.093559 2.502678 0.503616073 0.863927573 0 0 0
1.757521 1.093559 2.489397 0.503616073 0.863927573 0 0 0
1.759267 1.092633 2.489397 0.436300495 0.899801021 0 0 0
1.757521 1.093559 2.478155 0.503616073 0.863927573 0 0 0
1.759267 1.092633 2.478155 0.436339757 0.899781983 0 0 0
1.761254 1.091756 2.489397 0.37259725 0.927993151 0 0 0
1.761254 1.091756 2.502678 0.37259725 0.927993151 0 0 0
1.763454 1.090958 2.489397 0.309289563 0.95096791 0 0 0
1.763454 1.090958 2.502678 0.309289563 0.95096791 0 0 0
1.761254 1.091756 2.478155 0.37259725 0.927993151 0 0 0
1.763454 1.090958 2.478155 0.309289563 0.95096791 0 0 0
1.761254 1.091756 2.515959 0.37259725 0.927993151 0 0 0
1.763454 1.090958 2.515959 0.309289563 0.95096791 0 0 0
1.759267 1.092633 2.466936 0.43642072 0.899742716 0 0 0
1.757521 1.093559 2.47099 0.503616073 0.863927573 0 0 0
1.759267 1.092633 2.47099 0.436300495 0.899801021 0 0 0
1.757521 1.093559 2.466936 0.503616073 0.863927573 0 0 0
1.757521 1.093559 2.465025 0.503616073 0.863927573 0 0 0
1.759267 1.092633 2.465025 0.436300495 0.899801021 0 0 0
1.761254 1.091756 2.465025 0.37259725 0.927993151 0 0 0
1.761254 1.091756 2.466936 0.37259725 0.927993151 0 0 0
1.763454 1.090958 2.465025 0.309289563 0.95096791 0 0 0
1.763454 1.090958 2.466936 0.309289563 0.95096791 0 0 0
1.761254 1.091756 2.47099 0.37259725 0.927993151 0 0 0
1.763454 1.090958 2.47099 0.309289563 0.95096791 0 0 0
1.768342 1.089696 2.53842 0.199307524 0.979936993 0 0 0
1.765839 1.09027 2.540331 0.250504026 0.968115558 0 0 0
1.768342 1.089696 2.540331 0.199307524 0.979936993 0 0 0
1.765839 1.09027 2.53842 0.250504026 0.968115558 0 0 0
1.765839 1.09027 2.534366 0.250504026 0.968115558 0 0 0
1.768342 1.089696 2.534366 0.199307524 0.979936993 0 0 0
1.765839 1.09027 2.527201 0.250504026 0.968115558 0 0 0
1.768342 1.089696 2.527201 0.199307524 0.979936993 0 0 0
1.770892 1.089243 2.534366 0.151899379 0.988395962 0 0 0
1.770892 1.089243 2.53842 0.151899379 0.988395962 0 0 0
1.773421 1.088915 2.534366 0.104502586 0.994524615 0 0 0
1.773421 1.088915 2.53842 0.104502586 0.994524615 0 0 0
1.770892 1.089243 2.527201 0.151899379 0.988395962 0 0 0
1.773421 1.088915 2.527201 0.104502586 0.994524615 0 0 0
1.770892 1.089243 2.540331 0.151899379 0.988395962 0 0 0
1.773421 1.088915 2.540331 0.104502586 0.994524615 0 0 0
1.768342 1.089696 2.502678 0.199307524 0.979936993 0 0 0
1.765839 1.09027 2.515959 0.250504026 0.968115558 0 0 0
1.768342 1.089696 2.515959 0.199307524 0.979936993 0 0 0
1.765839 1.09027 2.502678 0.250504026 0.968115558 0 0 0
1.765839 1.09027 2.489397 0.250504026 0.968115558 0 0 0
1.768342 1.089696 2.489397 0.199307524 0.979936993 0 0 0
1.765839 1.09027 2.478155 0.250504026 0.968115558 0 0 0
1.768342 1.089696 2.478155 0.199307524 0.979936993 0 0 0
1.770892 1.089243 2.489397 0.151899379 0.988395962 0 0 0
1.770892 1.089243 2.502678 0.151899379 0.988395962 0 0 0
1.773421 1.088915 2.489397 0.104502586 0.994524615 0 0 0
1.773421 1.088915 2.502678 0.104502586 0.994524615 0 0 0
1.770892 1.089243 2.478155 0.151899379 0.988395962 0 0 0
1.773421 1.088915 2.478155 0.104502586 0.994524615 0 0 0
1.770892 1.089243 2.515959 0.151899379 0.988395962 0 0 0
1.773421 1.088915 2.515959 0.104502586 0.994524615 0 0 0
1.768342 1.089696 2.466936 0.199307524 0.979936993 0 0 0
1.765839 1.09027 2.47099 0.250504026 0.968115558 0 0 0
1.768342 1.089696 2.47099 0.199307524 0.979936993 0 0 0
1.765839 1.09027 2.466936 0.250504026 0.968115558 0 0 0
1.765839 1.09027 2.465025 0.250504026 0.968115558 0 0 0
1.768342 1.089696 2.465025 0.199307524 0.979936993 0 0 0
1.770892 1.089243 2.465025 0.151899379 0.988395962 0 0 0
1.770892 1.089243 2.466936 0.151899379 0.988395962 0 0 0
1.773421 1.088915 2.465025 0.104502586 0.994524615 0 0 0
1.773421 1.088915 2.466936 0.104502586 0.994524615 0 0 0
1.770892 1.089243 2.47099 0.151899379 0.988395962 0 0 0
1.773421 1.088915 2.47099 0.104502586 0.994524615 0 0 0
1.778104 1.08862 2.466936 0.0303012372 0.999540812 0 0 0
1.780046 1.088587 2.465025 0.00840054366 0.999964715 0 0 0
1.778104 1.08862 2.465025 0.0303012372 0.999540812 0 0 0
1.780046 1.088587 2.466936 0.00840054366 0.999964715 0 0 0
1.781579 1.088587 2.465025 0 1 0 0 0
1.781579 1.088587 2.466936 0 1 0 0 0
1.780046 1.088587 2.47099 0.00840054366 0.999964715 0 0 0
1.778104 1.08862 2.47099 0.0303012372 0.999540812 0 0 0
1.780046 1.088587 2.478155 0.00840054366 0.999964715 0 0 0
1.778104 1.08862 2.478155 0.0303012372 0.999540812 0 0 0
1.781579 1.088587 2.47099 0 1 0 0 0
1.781579 1.088587 2.478155 0 1 0 0 0
1.775861 1.088718 2.47099 0.0621043347 0.998069663 0 0 0
1.775861 1.088718 2.466936 0.0621043347 0.998069663 0 0 0
1.775861 1.088718 2.478155 0.0621043347 0.998069663 0 0 0
1.775861 1.088718 2.465025 0.0621043347 0.998069663 0 0 0
1.778104 1.08862 2.502678 0.0303012372 0.999540812 0 0 0
1.780046 1.088587 2.489397 0.00840054366 0.999964715 0 0 0
1.778104 1.08862 2.489397 0.0303012372 0.999540812 0 0 0
1.780046 1.088587 2.502678 0.00840054366 0.999964715 0 0 0
1.781579 1.088587 2.489397 0 1 0 0 0
1.781579 1.088587 2.502678 0 1 0 0 0
1.780046 1.088587 2.515959 0.00840054366 0.999964715 0 0 0
1.778104 1.08862 2.515959 0.0303012372 0.999540812 0 0 0
1.780046 1.088587 2.527201 0.00840054366 0.999964715 0 0 0
1.778104 1.08862 2.527201 0.0303012372 0.999540812 0 0 0
1.781579 1.088587 2.515959 0 1 0 0 0
1.781579 1.088587 2.527201 0 1 0 0 0
1.775861 1.088718 2.515959 0.0621043347 0.998069663 0 0 0
1.775861 1.088718 2.502678 0.0621043347 0.998069663 0 0 0
1.775861 1.088718 2.527201 0.0621043347 0.998069663 0 0 0
1.775861 1.088718 2.489397 0.0621043347 0.998069663 0 0 0
1.778104 1.08862 2.53842 0.0303012372 0.999540812 0 0 0
1.780046 1.088587 2.534366 0.00840054366 0.999964715 0 0 0
1.778104 1.08862 2.534366 0.0303012372 0.999540812 0 0 0
1.780046 1.088587 2.53842 0.00840054366 0.999964715 0 0 0
1.781579 1.088587 2.534366 0 1 0 0 0
1.781579 1.088587 2.53842 0 1 0 0 0
1.780046 1.088587 2.540331 0.00840054366 0.999964715 0 0 0
1.778104 1.08862 2.540331 0.0303012372 0.999540812 0 0 0
1.781579 1.088587 2.540331 0 1 0 0 0
1.775861 1.088718 2.540331 0.0621043347 0.998069663 0 0 0
1.775861 1.088718 2.53842 0.0621043347 0.998069663 0 0 0
1.775861 1.088718 2.534366 0.0621043347 0.998069663 0 0 0
1.72932 1.258872 2.53842 0.999682441 0.0251995574 0 0 0
1.729213 1.264226 2.540331 0.999862193 0.0166010326 0 0 0
1.72932 1.258872 2.540331 0.999682441 0.0251995574 0 0 0
1.729213 1.264226 2.53842 0.999862193 0.0166010326 0 0 0
1.729157 1.268382 2.540331 0.999911549 0.0133001536 0 0 0
1.729157 1.268382 2.53842 0.999911549 0.0133001536 0 0 0
1.729213 1.264226 2.534366 0.999862193 0.0166010326 0 0 0
1.72932 1.258872 2.534366 0.999682441 0.0251995574 0 0 0
1.729213 1.264226 2.527201 0.999862193 0.0166010326 0 0 0
1.72932 1.258872 2.527201 0.999682441 0.0251995574 0 0 0
1.729157 1.268382 2.534366 0.999911549 0.0133001536 0 0 0
1.729157 1.268382 2.527201 0.999911549 0.0133001536 0 0 0
1.729508 1.252703 2.534366 0.999277771 0.0379991547 0 0 0
1.729508 1.252703 2.53842 0.999277771 0.0379991547 0 0 0
1.729508 1.252703 2.527201 0.999277771 0.0379991547 0 0 0
1.729508 1.252703 2.540331 0.999277771 0.0379991547 0 0 0
1.72932 1.258872 2.502678 0.999682441 0.0251995574 0 0 0
1.729213 1.264226 2.515959 0.999862193 0.0166010326 0 0 0
1.72932 1.258872 2.515959 0.999682441 0.0251995574 0 0 0
1.729213 1.264226 2.502678 0.999862193 0.0166010326 0 0 0
1.729157 1.268382 2.515959 0.999911549 0.0133001536 0 0 0
1.729157 1.268382 2.502678 0.999911549 0.0133001536 0 0 0
1.729213 1.264226 2.489397 0.999862193 0.0166010326 0 0 0
1.72932 1.258872 2.489397 0.999682441 0.0251995574 0 0 0
1.729213 1.264226 2.478155 0.999862193 0.0166010326 0 0 0
1.72932 1.258872 2.478155 0.999682441 0.0251995574 0 0 0
1.729157 1.268382 2.489397 0.999911549 0.0133001536 0 0 0
1.729157 1.268382 2.478155 0.999911549 0.0133001536 0 0 0
1.729508 1.252703 2.489397 0.999277771 0.0379991547 0 0 0
1.729508 1.252703 2.502678 0.999277771 0.0379991547 0 0 0
1.729508 1.252703 2.478155 0.999277771 0.0379991547 0 0 0
1.729508 1.252703 2.515959 0.999277771 0.0379991547 0 0 0
1.72932 1.258872 2.466936 0.999682441 0.0251995574 0 0 0
1.729213 1.264226 2.47099 0.999862193 0.0166010326 0 0 0
1.72932 1.258872 2.47099 0.999682441 0.0251995574 0 0 0
1.729213 1.264226 2.466936 0.999862193 0.0166010326 0 0 0
1.729157 1.268382 2.47099 0.999911549 0.0133001536 0 0 0
1.729157 1.268382 2.466936 0.999911549 0.0133001536 0 0 0
1.729213 1.264226 2.465025 0.999862193 0.0166010326 0 0 0
1.72932 1.258872 2.465025 0.999682441 0.0251995574 0 0 0
1.729157 1.268382 2.465025 0.999911549 0.0133001536 0 0 0
1.729508 1.252703 2.465025 0.999277771 0.0379991547 0 0 0
1.729508 1.252703 2.466936 0.999277771 0.0379991547 0 0 0
1.729508 1.252703 2.47099 0.999277771 0.0379991547 0 0 0
1.729209 1.272355 2.538419 0.943648406 -0.313816098 -0.105105392 0 0
1.730777 1.27296 2.540305 0.297810233 -0.916231482 -0.268009209 0 0
1.729524 1.272355 2.540325 0.781988919 -0.580291777 -0.227496776 0 0
1.729516 1.27296 2.538414 0.696522616 -0.698422678 -0.164505342 0 0
1.732454 1.27317 2.540278 0.0789964152 -0.967556093 -0.23998911 0 0
1.729934 1.27317 2.538407 0.399516275 -0.901236713 -0.167806836 0 0
1.729096 1.27296 2.534366 0.969572789 -0.240518056 -0.0456034236 0 0
1.729104 1.272355 2.534366 0.99804134 -0.0596024688 -0.019000787 0 0
1.729096 1.27296 2.527201 0.999912874 0.01320017 0 0 0
1.729104 1.272355 2.527201 0.999911549 0.0133001536 0 0 0
1.729094 1.27317 2.534366 0.926475495 -0.371590172 -0.059698421 0 0
1.729094 1.27317 2.527201 0.999912874 0.01320017 0 0 0
1.729123 1.270961 2.534366 0.999987275 0.00389995037 -0.00319995928 0 0
1.729123 1.270961 2.53842 0.998813404 -0.0426005717 -0.0236003167 0 0
1.729123 1.270961 2.527201 0.999911549 0.0133001536 0 0 0
1.729123 1.270961 2.540331 0.988991465 -0.130098877 -0.0704993916 0 0
1.729104 1.272355 2.502678 0.999910214 0.0134001369 0 0 0
1.729096 1.27296 2.515959 0.999910214 0.0134001369 0 0 0
1.729104 1.272355 2.515959 0.999911549 0.0133001536 0 0 0
1.729096 1.27296 2.502678 0.999912874 0.01320017 0 0 0
1.729094 1.27317 2.515959 0.999910214 0.0134001369 0 0 0
1.729094 1.27317 2.502678 0.999915494 0.0130002014 0 0 0
1.729096 1.27296 2.489397 0.999912874 0.01320017 0 0 0
1.729104 1.272355 2.489397 0.999910214 0.0134001369 0 0 0
1.729096 1.27296 2.478155 0.999912874 0.01320017 0 0 0
1.729104 1.272355 2.478155 0.999911549 0.0133001536 0 0 0
1.729094 1.27317 2.489397 0.999915494 0.0130002014 0 0 0
1.729094 1.27317 2.478155 0.999912874 0.01320017 0 0 0
1.729123 1.270961 2.489397 0.999911549 0.0133001536 0 0 0
1.729123 1.270961 2.502678 0.999911549 0.0133001536 0 0 0
1.729123 1.270961 2.478155 0.999911549 0.0133001536 0 0 0
1.729123 1.270961 2.515959 0.999911549 0.0133001536 0 0 0
1.729209 1.272355 2.466938 0.943648406 -0.313816098 0.105105392 0 0
1.729096 1.27296 2.47099 0.969572789 -0.240518056 0.0456034236 0 0
1.729104 1.272355 2.47099 0.99804134 -0.0596024688 0.019000787 0 0
1.729516 1.27296 2.466943 0.696422474 -0.698522542 0.164505309 0 0
1.729094 1.27317 2.47099 0.926426895 -0.371710791 0.0597017332 0 0
1.729934 1.27317 2.466949 0.399516275 -0.901236713 0.167806836 0 0
1.730777 1.27296 2.465051 0.297719095 -0.916258766 0.26801719 0 0
1.729524 1.272355 2.465031 0.782034297 -0.580225446 0.227509978 0 0
1.732454 1.27317 2.465078 0.0789964152 -0.967556093 0.23998911 0 0
1.729123 1.270961 2.465025 0.988998432 -0.130099794 0.0703998884 0 0
1.729123 1.270961 2.466936 0.998813404 -0.0426005717 0.0236003167 0 0
1.729123 1.270961 2.47099 0.999987275 0.00389995037 0.00319995928 0 0
1.768877 1.138529 2.462935 0.00479994432 0.00039999536 0.9999884 0 0
1.774025 1.139965 2.462922 0.00119999911 0.000199999852 0.99999926 0 0
1.768637 1.139965 2.462935 0.00479994231 0.00099998798 0.99998798 0 0
1.774175 1.138529 2.462922 0.00119999913 9.99999275e-05 0.999999275 0 0
1.778569 1.139965 2.462922 0 0 1 0 0
1.778644 1.138529 2.462922 0 0 1 0 0
1.774175 1.137816 2.462922 0.00109999933 -9.9999939e-05 0.99999939 0 0
1.768878 1.137816 2.462935 0.00469994659 -0.000799990908 0.999988635 0 0
1.77408 1.137366 2.462922 0.00119999908 -0.000299999771 0.999999235 0 0
1.768726 1.137366 2.462935 0.00489993324 -0.00179997548 0.999986375 0 0
1.778644 1.137816 2.462922 0 0 1 0 0
1.778597 1.137366 2.462922 0 0 1 0 0
1.763612 1.137816 2.462975 0.0120002954 -0.002600064 0.999924613 0 0
1.763611 1.138529 2.462975 0.0124002745 0.00140003099 0.999922134 0 0
1.759237 1.137816 2.463054 0.0313991865 -0.00809979014 0.999474104 0 0
1.759235 1.138529 2.463054 0.0325986575 0.0043998188 0.999458838 0 0
1.763403 1.137366 2.462975 0.0127000095 -0.00610000454 0.999900745 0 0
1.75898 1.137366 2.463054 0.0338012297 -0.0196007131 0.999236353 0 0
1.763281 1.139965 2.462975 0.0124002191 0.00330005831 0.999917669 0 0
1.75883 1.139965 2.463054 0.0330998269 0.010699944 0.999394773 0 0
1.768241 1.135876 2.462935 0.00479993856 -0.00159997952 0.9999872 0 0
1.773943 1.136718 2.462922 0.00119999908 -0.000299999771 0.999999235 0 0
1.768506 1.136718 2.462935 0.0048999341 -0.00169997714 0.99998655 0 0
1.773777 1.135876 2.462922 0.00119999908 -0.000299999771 0.999999235 0 0
1.778528 1.136718 2.462922 0 0 1 0 0
1.778445 1.135876 2.462922 0 0 1 0 0
1.773596 1.134848 2.462922 0.00119999911 -0.000199999852 0.99999926 0 0
1.767951 1.134848 2.462935 0.00469994412 -0.00129998454 0.99998811 0 0
1.778354 1.134848 2.462922 0 0 1 0 0
1.762338 1.134848 2.462975 0.0121001961 -0.00460007457 0.999916209 0 0
1.762736 1.135876 2.462975 0.0123001268 -0.00530005462 0.999910304 0 0
1.757673 1.134848 2.463054 0.0322990352 -0.0146995609 0.999370149 0 0
1.758162 1.135876 2.463054 0.0329004623 -0.0170002389 0.99931404 0 0
1.763101 1.136718 2.462975 0.0125000558 -0.00590002634 0.999904465 0 0
1.758609 1.136718 2.463054 0.0334021772 -0.0188012255 0.999265134 0 0
1.768241 1.135876 2.542421 0.00479993856 -0.00159997952 -0.9999872 0 0
1.773596 1.134848 2.542434 0.00119999911 -0.000199999852 -0.99999926 0 0
1.767951 1.134848 2.542421 0.00469994412 -0.00129998454 -0.99998811 0 0
1.773777 1.135876 2.542434 0.00119999908 -0.000299999771 -0.999999235 0 0
1.778354 1.134848 2.542434 0 0 -1 0 0
1.778445 1.135876 2.542434 0 0 -1 0 0
1.773943 1.136718 2.542434 0.00119999908 -0.000299999771 -0.999999235 0 0
1.768506 1.136718 2.542421 0.0048999341 -0.00169997714 -0.99998655 0 0
1.77408 1.137366 2.542434 0.00119999908 -0.000299999771 -0.999999235 0 0
1.768726 1.137366 2.542421 0.00489993324 -0.00179997548 -0.999986375 0 0
1.778528 1.136718 2.542434 0 0 -1 0 0
1.778597 1.137366 2.542434 0 0 -1 0 0
1.763101 1.136718 2.542381 0.0125000558 -0.00590002634 -0.999904465 0 0
1.762736 1.135876 2.542381 0.0123001268 -0.00530005462 -0.999910304 0 0
1.758609 1.136718 2.542302 0.0334021143 -0.0189011964 -0.99926325 0 0
1.758162 1.135876 2.542302 0.0329004623 -0.0170002389 -0.99931404 0 0
1.763403 1.137366 2.542381 0.0126000253 -0.00610001226 -0.99990201 0 0
1.75898 1.137366 2.542302 0.0338012297 -0.0196007131 -0.999236353 0 0
1.762338 1.134848 2.542381 0.0121001961 -0.00460007457 -0.999916209 0 0
1.757673 1.134848 2.542302 0.0322990352 -0.0146995609 -0.999370149 0 0
1.768877 1.138529 2.542421 0.00479994432 0.00039999536 -0.9999884 0 0
1.774175 1.137816 2.542434 0.00109999933 -9.9999939e-05 -0.99999939 0 0
1.768878 1.137816 2.542421 0.00469994659 -0.000799990908 -0.999988635 0 0
1.774175 1.138529 2.542434 0.00119999913 9.99999275e-05 -0.999999275 0 0
1.778644 1.137816 2.542434 0 0 -1 0 0
1.778644 1.138529 2.542434 0 0 -1 0 0
1.774025 1.139965 2.542434 0.00119999911 0.000199999852 -0.99999926 0 0
1.768637 1.139965 2.542421 0.00479994231 0.00099998798 -0.99998798 0 0
1.778569 1.139965 2.542434 0 0 -1 0 0
1.763281 1.139965 2.542381 0.0124002191 0.00330005831 -0.999917669 0 0
1.763611 1.138529 2.542381 0.0124002745 0.00140003099 -0.999922134 0 0
1.75883 1.139965 2.542302 0.0330998269 0.010699944 -0.999394773 0 0
1.759235 1.138529 2.542302 0.0325986575 0.0043998188 -0.999458838 0 0
1.763612 1.137816 2.542381 0.0120002954 -0.002600064 -0.999924613 0 0
1.759237 1.137816 2.542302 0.0313991865 -0.00809979014 -0.999474104 0 0
1.754045 1.135876 2.46341 0.385233268 -0.228519735 0.894077211 0 0
1.753008 1.134848 2.463765 0.807259013 -0.418630603 0.416030413 0 0
1.753474 1.134848 2.46341 0.384515046 -0.200707854 0.901035258 0 0
1.753587 1.135876 2.463765 0.786729778 -0.465417616 0.405515349 0 0
1.753008 1.134848 2.46429 0.885890246 -0.463894893 0 0 0
1.753587 1.135876 2.46429 0.85869058 -0.512494378 0 0 0
1.754118 1.136718 2.463765 0.770064303 -0.499841739 0.396433104 0 0
1.754567 1.136718 2.46341 0.385797442 -0.249898343 0.888094112 0 0
1.754557 1.137366 2.463765 0.762830392 -0.514820511 0.391215586 0 0
1.754999 1.137366 2.46341 0.386798406 -0.257798938 0.885396352 0 0
1.754118 1.136718 2.46429 0.837077056 -0.547085005 0 0 0
1.754557 1.137366 2.46429 0.828137325 -0.560525263 0 0 0
1.755915 1.136718 2.463186 0.106905315 -0.0664033013 0.992049321 0 0
1.755417 1.135876 2.463186 0.105400635 -0.0602003624 0.992605975 0 0
1.756326 1.137366 2.463186 0.107798098 -0.0688987843 0.9917825 0 0
1.754874 1.134848 2.463186 0.103704442 -0.0521022316 0.993242541 0 0
1.755297 1.138529 2.46341 0.388717689 0.0609027714 0.919341836 0 0
1.754862 1.137816 2.463765 0.848097583 -0.279699203 0.449998718 0 0
1.755299 1.137816 2.46341 0.367697702 -0.108499322 0.923594228 0 0
1.75486 1.138529 2.463765 0.882761438 0.149410399 0.445431001 0 0
1.754862 1.137816 2.46429 0.956416757 -0.292005116 0 0 0
1.75486 1.138529 2.46429 0.986838917 0.161706377 0 0 0
1.75438 1.139965 2.463765 0.845138345 0.324714733 0.424619265 0 0
1.754825 1.139965 2.46341 0.393412928 0.146404811 0.907629825 0 0
1.75438 1.139965 2.46429 0.93413717 0.356914202 0 0 0
1.75616 1.139965 2.463186 0.105600143 0.0375000506 0.993701341 0 0
1.75661 1.138529 2.463186 0.103303346 0.0153004955 0.994532208 0 0
1.756612 1.137816 2.463186 0.0984952438 -0.0276986625 0.994751965 0 0
1.754045 1.135876 2.541946 0.38531843 -0.22851093 -0.894042763 0 0
1.754874 1.134848 2.54217 0.103606051 -0.0520030371 -0.993258008 0 0
1.753474 1.134848 2.541946 0.384522762 -0.200611876 -0.901053339 0 0
1.755417 1.135876 2.54217 0.105401269 -0.0601007233 -0.992611946 0 0
1.755915 1.136718 2.54217 0.106904604 -0.0665028643 -0.992042728 0 0
1.754567 1.136718 2.541946 0.385916822 -0.249910894 -0.88803871 0 0
1.756326 1.137366 2.54217 0.107798098 -0.0688987843 -0.9917825 0 0
1.754999 1.137366 2.541946 0.38661834 -0.257912234 -0.885442002 0 0
1.754118 1.136718 2.541591 0.770206732 -0.499804368 -0.396203463 0 0
1.753587 1.135876 2.541591 0.786725058 -0.465514827 -0.405412913 0 0
1.754118 1.136718 2.541066 0.837047123 -0.547130802 0 0 0
1.753587 1.135876 2.541066 0.858620298 -0.512612118 0 0 0
1.754557 1.137366 2.541591 0.762911467 -0.514707736 -0.39120588 0 0
1.754557 1.137366 2.541066 0.828137325 -0.560525263 0 0 0
1.753008 1.134848 2.541591 0.807327425 -0.418614221 -0.415914129 0 0
1.753008 1.134848 2.541066 0.885890246 -0.463894893 0 0 0
1.755297 1.138529 2.541946 0.388717689 0.0609027714 -0.919341836 0 0
1.756612 1.137816 2.54217 0.0984955161 -0.0275987436 -0.994754715 0 0
1.755299 1.137816 2.541946 0.367615205 -0.108404484 -0.923638202 0 0
1.75661 1.138529 2.54217 0.103303187 0.0154004751 -0.994530682 0 0
1.75616 1.139965 2.54217 0.105600143 0.0375000506 -0.993701341 0 0
1.754825 1.139965 2.541946 0.393497448 0.146399051 -0.907594114 0 0
1.75438 1.139965 2.541591 0.845202798 0.324701075 -0.424501405 0 0
1.75486 1.138529 2.541591 0.882761438 0.149410399 -0.445431001 0 0
1.75438 1.139965 2.541066 0.93413717 0.356914202 0 0 0
1.75486 1.138529 2.541066 0.986822954 0.161803764 0 0 0
1.754862 1.137816 2.541591 0.848031335 -0.279710335 -0.450116632 0 0
1.754862 1.137816 2.541066 0.956416757 -0.292005116 0 0 0
1.753587 1.135876 2.466936 0.858664312 -0.512538388 0 0 0
1.753008 1.134848 2.47099 0.885890246 -0.463894893 0 0 0
1.753008 1.134848 2.466936 0.885890246 -0.463894893 0 0 0
1.753587 1.135876 2.47099 0.858664312 -0.512538388 0 0 0
1.753008 1.134848 2.478155 0.885890246 -0.463894893 0 0 0
1.753587 1.135876 2.478155 0.858620298 -0.512612118 0 0 0
1.754118 1.136718 2.47099 0.837047123 -0.547130802 0 0 0
1.754118 1.136718 2.466936 0.837047123 -0.547130802 0 0 0
1.754557 1.137366 2.47099 0.828137325 -0.560525263 0 0 0
1.754557 1.137366 2.466936 0.828137325 -0.560525263 0 0 0
1.754118 1.136718 2.478155 0.837077056 -0.547085005 0 0 0
1.754557 1.137366 2.478155 0.828137325 -0.560525263 0 0 0
1.754118 1.136718 2.465025 0.837047123 -0.547130802 0 0 0
1.753587 1.135876 2.465025 0.858620298 -0.512612118 0 0 0
1.754557 1.137366 2.465025 0.828168741 -0.560478845 0 0 0
1.753008 1.134848 2.465025 0.885890246 -0.463894893 0 0 0
1.75486 1.138529 2.466936 0.986838917 0.161706377 0 0 0
1.754862 1.137816 2.47099 0.956388825 -0.292096587 0 0 0
1.754862 1.137816 2.466936 0.956416757 -0.292005116 0 0 0
1.75486 1.138529 2.47099 0.986838917 0.161706377 0 0 0
1.754862 1.137816 2.478155 0.956416757 -0.292005116 0 0 0
1.75486 1.138529 2.478155 0.986822954 0.161803764 0 0 0
1.75438 1.139965 2.47099 0.93413717 0.356914202 0 0 0
1.75438 1.139965 2.466936 0.93413717 0.356914202 0 0 0
1.75438 1.139965 2.478155 0.93413717 0.356914202 0 0 0
1.75438 1.139965 2.465025 0.93413717 0.356914202 0 0 0
1.75486 1.138529 2.465025 0.986838917 0.161706377 0 0 0
1.754862 1.137816 2.465025 0.956416757 -0.292005116 0 0 0
1.753587 1.135876 2.502678 0.858664312 -0.512538388 0 0 0
1.753008 1.134848 2.515959 0.885890246 -0.463894893 0 0 0
1.753008 1.134848 2.502678 0.885890246 -0.463894893 0 0 0
1.753587 1.135876 2.515959 0.858664312 -0.512538388 0 0 0
1.753008 1.134848 2.527201 0.885890246 -0.463894893 0 0 0
1.753587 1.135876 2.527201 0.858620298 -0.512612118 0 0 0
1.754118 1.136718 2.515959 0.837001322 -0.547200865 0 0 0
1.754118 1.136718 2.502678 0.837047123 -0.547130802 0 0 0
1.754557 1.137366 2.515959 0.828137325 -0.560525263 0 0 0
1.754557 1.137366 2.502678 0.828137325 -0.560525263 0 0 0
1.754118 1.136718 2.527201 0.837047123 -0.547130802 0 0 0
1.754557 1.137366 2.527201 0.828168741 -0.560478845 0 0 0
1.754118 1.136718 2.489397 0.837077056 -0.547085005 0 0 0
1.753587 1.135876 2.489397 0.858620298 -0.512612118 0 0 0
1.754557 1.137366 2.489397 0.828137325 -0.560525263 0 0 0
1.753008 1.134848 2.489397 0.885890246 -0.463894893 0 0 0
1.75486 1.138529 2.502678 0.986822954 0.161803764 0 0 0
1.754862 1.137816 2.515959 0.956416757 -0.292005116 0 0 0
1.754862 1.137816 2.502678 0.956416757 -0.292005116 0 0 0
1.75486 1.138529 2.515959 0.986822954 0.161803764 0 0 0
1.754862 1.137816 2.527201 0.956416757 -0.292005116 0 0 0
1.75486 1.138529 2.527201 0.986822954 0.161803764 0 0 0
1.75438 1.139965 2.515959 0.93413717 0.356914202 0 0 0
1.75438 1.139965 2.502678 0.93413717 0.356914202 0 0 0
1.75438 1.139965 2.527201 0.93413717 0.356914202 0 0 0
1.75438 1.139965 2.489397 0.93413717 0.356914202 0 0 0
1.75486 1.138529 2.489397 0.986822954 0.161803764 0 0 0
1.754862 1.137816 2.489397 0.956416757 -0.292005116 0 0 0
1.753587 1.135876 2.53842 0.858664312 -0.512538388 0 0 0
1.753008 1.134848 2.540331 0.885890246 -0.463894893 0 0 0
1.753008 1.134848 2.53842 0.885890246 -0.463894893 0 0 0
1.753587 1.135876 2.540331 0.858620298 -0.512612118 0 0 0
1.754118 1.136718 2.540331 0.837001322 -0.547200865 0 0 0
1.754118 1.136718 2.53842 0.837047123 -0.547130802 0 0 0
1.754557 1.137366 2.540331 0.828137325 -0.560525263 0 0 0
1.754557 1.137366 2.53842 0.828137325 -0.560525263 0 0 0
1.754118 1.136718 2.534366 0.837047123 -0.547130802 0 0 0
1.753587 1.135876 2.534366 0.858664312 -0.512538388 0 0 0
1.754557 1.137366 2.534366 0.828137325 -0.560525263 0 0 0
1.753008 1.134848 2.534366 0.885890246 -0.463894893 0 0 0
1.75486 1.138529 2.53842 0.986822954 0.161803764 0 0 0
1.754862 1.137816 2.540331 0.956416757 -0.292005116 0 0 0
1.754862 1.137816 2.53842 0.956416757 -0.292005116 0 0 0
1.75486 1.138529 2.540331 0.986838917 0.161706377 0 0 0
1.75438 1.139965 2.540331 0.93413717 0.356914202 0 0 0
1.75438 1.139965 2.53842 0.93413717 0.356914202 0 0 0
1.75438 1.139965 2.534366 0.93413717 0.356914202 0 0 0
1.75486 1.138529 2.534366 0.986822954 0.161803764 0 0 0
1.754862 1.137816 2.534366 0.956416757 -0.292005116 0 0 0
1.782925 1.138529 2.542421 -0.0359019871 -0.000100005535 -0.999355311 0 0
1.781395 1.139965 2.542434 -0.00429996023 -9.9999075e-05 -0.99999075 0 0
1.782918 1.139965 2.542421 -0.0352991795 -0.000199995351 -0.99937677 0 0
1.781425 1.138529 2.542434 -0.00439995741 0 -0.99999032 0 0
1.781325 1.142586 2.542434 -0.00409996552 -9.9999159e-05 -0.99999159 0 0
1.7829 1.142586 2.542421 -0.0343003963 -0.000200002311 -0.999411548 0 0
1.781425 1.137816 2.542434 -0.00439995741 0 -0.99999032 0 0
1.782925 1.137816 2.542421 -0.0360018631 0.000100005175 -0.999351718 0 0
1.781406 1.137366 2.542434 -0.00429996023 9.9999075e-05 -0.99999075 0 0
1.78292 1.137366 2.542421 -0.035598793 0.000299989829 -0.999366117 0 0
1.78355 1.137816 2.542381 -0.263092021 9.99969671e-05 -0.964770739 0 0
1.78355 1.138529 2.542381 -0.262905856 0 -0.964821492 0 0
1.783706 1.137816 2.542302 -0.653085991 0 -0.757283756 0 0
1.783706 1.138529 2.542302 -0.65313545 0 -0.7572411 0 0
1.78355 1.137366 2.542381 -0.262812757 0.000200009709 -0.964846835 0 0
1.783706 1.137366 2.542302 -0.653085991 0 -0.757283756 0 0
1.78355 1.139965 2.542381 -0.262601211 -0.000100000461 -0.964904448 0 0
1.78355 1.142586 2.542381 -0.261898739 -9.99995185e-05 -0.965095353 0 0
1.783706 1.139965 2.542302 -0.653192789 0 -0.757191641 0 0
1.783706 1.142586 2.542302 -0.653299575 0 -0.757099508 0 0
1.782905 1.135876 2.542421 -0.0347998009 0.000199998856 -0.999394283 0 0
1.781379 1.136718 2.542434 -0.00419996294 9.99991175e-05 -0.999991175 0 0
1.782914 1.136718 2.542421 -0.0351993059 0.000199996056 -0.999380292 0 0
1.781346 1.135876 2.542434 -0.00419996294 9.99991175e-05 -0.999991175 0 0
1.781309 1.134848 2.542434 -0.00409996552 9.9999159e-05 -0.99999159 0 0
1.782896 1.134848 2.542421 -0.0344002793 0.000200001624 -0.999408115 0 0
1.781273 1.133639 2.542434 -0.00399996798 9.99991995e-05 -0.999991995 0 0
1.782887 1.133639 2.542421 -0.0339008541 0.000200005039 -0.999425181 0 0
1.78355 1.134848 2.542381 -0.261619285 0.000100007372 -0.965171145 0 0
1.78355 1.135876 2.542381 -0.261991876 9.99968991e-05 -0.965070074 0 0
1.783706 1.134848 2.542302 -0.653192789 0 -0.757191641 0 0
1.783706 1.135876 2.542302 -0.65313545 0 -0.7572411 0 0
1.78355 1.133639 2.542381 -0.261196142 9.9998523e-05 -0.965285743 0 0
1.783706 1.133639 2.542302 -0.653085991 0 -0.757283756 0 0
1.78355 1.136718 2.542381 -0.262508098 0.00020000617 -0.964929769 0 0
1.783706 1.136718 2.542302 -0.653192789 0 -0.757191641 0 0
1.782905 1.135876 2.462935 -0.0347998009 0.000199998856 0.999394283 0 0
1.781309 1.134848 2.462922 -0.00419996294 9.99991175e-05 0.999991175 0 0
1.782896 1.134848 2.462935 -0.0343003963 0.000200002311 0.999411548 0 0
1.781346 1.135876 2.462922 -0.00419996294 9.99991175e-05 0.999991175 0 0
1.781273 1.133639 2.462922 -0.00409996552 9.9999159e-05 0.99999159 0 0
1.782887 1.133639 2.462935 -0.033800966 0.000200005716 0.999428564 0 0
1.781379 1.136718 2.462922 -0.00419996294 9.99991175e-05 0.999991175 0 0
1.782914 1.136718 2.462935 -0.0352991795 0.000199995351 0.99937677 0 0
1.781406 1.137366 2.462922 -0.00429996023 9.9999075e-05 0.99999075 0 0
1.78292 1.137366 2.462935 -0.0356986624 0.00029998876 0.999362555 0 0
1.78355 1.136718 2.462975 -0.262508098 0.00020000617 0.964929769 0 0
1.78355 1.135876 2.462975 -0.261991876 9.99968991e-05 0.965070074 0 0
1.783706 1.136718 2.463054 -0.652708143 0 0.757609451 0 0
1.783706 1.135876 2.463054 -0.652814986 0 0.757517389 0 0
1.78355 1.137366 2.462975 -0.262905851 0.000200004451 0.964821472 0 0
1.783706 1.137366 2.463054 -0.652872364 0 0.757467937 0 0
1.78355 1.134848 2.462975 -0.261500876 0.000100000335 0.965203233 0 0
1.78355 1.133639 2.462975 -0.261314537 0.000100005563 0.965253699 0 0
1.783706 1.134848 2.463054 -0.653028639 0 0.757333214 0 0
1.783706 1.133639 2.463054 -0.653028639 0 0.757333214 0 0
1.782925 1.138529 2.462935 -0.0359019871 -0.000100005535 0.999355311 0 0
1.781425 1.137816 2.462922 -0.00439995741 0 0.99999032 0 0
1.782925 1.137816 2.462935 -0.0360018631 0.000100005175 0.999351718 0 0
1.781425 1.138529 2.462922 -0.00439995741 0 0.99999032 0 0
1.781395 1.139965 2.462922 -0.00419996294 -9.99991175e-05 0.999991175 0 0
1.782918 1.139965 2.462935 -0.035399052 -0.000199994644 0.999373237 0 0
1.781325 1.142586 2.462922 -0.00409996552 -9.9999159e-05 0.99999159 0 0
1.7829 1.142586 2.462935 -0.0344002793 -0.000200001624 0.999408115 0 0
1.78355 1.139965 2.462975 -0.262601211 -0.000100000461 0.964904448 0 0
1.78355 1.138529 2.462975 -0.262905856 0 0.964821492 0 0
1.783706 1.139965 2.463054 -0.652921818 0 0.75742531 0 0
1.783706 1.138529 2.463054 -0.653028639 0 0.757333214 0 0
1.78355 1.142586 2.462975 -0.261898739 -9.99995185e-05 0.965095353 0 0
1.783706 1.142586 2.463054 -0.653028639 0 0.757333214 0 0
1.78355 1.137816 2.462975 -0.263092021 9.99969671e-05 0.964770739 0 0
1.783706 1.137816 2.463054 -0.653085991 0 0.757283756 0 0
1.783219 1.08862 2.53842 -0.169910265 0.985459538 0 0 0
1.782599 1.088587 2.540331 -0.0264013581 0.999651423 0 0 0
1.783219 1.08862 2.540331 -0.169910265 0.985459538 0 0 0
1.782599 1.088587 2.53842 -0.0264013581 0.999651423 0 0 0
1.782599 1.088587 2.541066 -0.0264013581 0.999651423 0 0 0
1.783219 1.08862 2.541066 -0.169910265 0.985459538 0 0 0
1.782599 1.088587 2.534366 -0.0264013581 0.999651423 0 0 0
1.783219 1.08862 2.534366 -0.169813144 0.985476279 0 0 0
1.782599 1.088587 2.527201 -0.0264013581 0.999651423 0 0 0
1.783219 1.08862 2.527201 -0.169813144 0.985476279 0 0 0
1.78355 1.088718 2.534366 -0.559812876 0.828619058 0 0 0
1.78355 1.088718 2.53842 -0.559744208 0.828665446 0 0 0
1.783706 1.088915 2.534366 -0.889514295 0.456907343 0 0 0
1.783706 1.088915 2.53842 -0.889514295 0.456907343 0 0 0
1.78355 1.088718 2.527201 -0.559744208 0.828665446 0 0 0
1.783706 1.088915 2.527201 -0.889514295 0.456907343 0 0 0
1.78355 1.088718 2.540331 -0.559744208 0.828665446 0 0 0
1.78355 1.088718 2.541066 -0.559812876 0.828619058 0 0 0
1.783706 1.088915 2.540331 -0.88947365 0.456986462 0 0 0
1.783706 1.088915 2.541066 -0.88947365 0.456986462 0 0 0
1.783219 1.08862 2.502678 -0.169813144 0.985476279 0 0 0
1.782599 1.088587 2.515959 -0.0264013581 0.999651423 0 0 0
1.783219 1.08862 2.515959 -0.169910265 0.985459538 0 0 0
1.782599 1.088587 2.502678 -0.0264013581 0.999651423 0 0 0
1.782599 1.088587 2.489397 -0.0264013581 0.999651423 0 0 0
1.783219 1.08862 2.489397 -0.169813144 0.985476279 0 0 0
1.782599 1.088587 2.478155 -0.0264013581 0.999651423 0 0 0
1.783219 1.08862 2.478155 -0.169910265 0.985459538 0 0 0
1.78355 1.088718 2.489397 -0.559927924 0.82854132 0 0 0
1.78355 1.088718 2.502678 -0.559812876 0.828619058 0 0 0
1.783706 1.088915 2.489397 -0.889514295 0.456907343 0 0 0
1.783706 1.088915 2.502678 -0.889514295 0.456907343 0 0 0
1.78355 1.088718 2.478155 -0.559812876 0.828619058 0 0 0
1.783706 1.088915 2.478155 -0.889554936 0.456828212 0 0 0
1.78355 1.088718 2.515959 -0.559697823 0.828696776 0 0 0
1.783706 1.088915 2.515959 -0.88947365 0.456986462 0 0 0
1.783219 1.08862 2.466936 -0.169813144 0.985476279 0 0 0
1.782599 1.088587 2.47099 -0.0264013581 0.999651423 0 0 0
1.783219 1.08862 2.47099 -0.169813144 0.985476279 0 0 0
1.782599 1.088587 2.466936 -0.0264013581 0.999651423 0 0 0
1.782599 1.088587 2.465025 -0.0264013581 0.999651423 0 0 0
1.783219 1.08862 2.465025 -0.169910265 0.985459538 0 0 0
1.782599 1.088587 2.46429 -0.0264013581 0.999651423 0 0 0
1.783219 1.08862 2.46429 -0.169910265 0.985459538 0 0 0
1.78355 1.088718 2.465025 -0.559812876 0.828619058 0 0 0
1.78355 1.088718 2.466936 -0.559812876 0.828619058 0 0 0
1.783706 1.088915 2.465025 -0.889514295 0.456907343 0 0 0
1.783706 1.088915 2.466936 -0.889554936 0.456828212 0 0 0
1.78355 1.088718 2.46429 -0.559927924 0.82854132 0 0 0
1.783706 1.088915 2.46429 -0.889514295 0.456907343 0 0 0
1.78355 1.088718 2.47099 -0.559812876 0.828619058 0 0 0
1.783706 1.088915 2.47099 -0.889575804 0.456787576 0 0 0
1.783242 1.273157 2.538419 -0.0723053428 -0.997373699 -0.00420031037 0 0
1.783113 1.27317 2.534366 -0.0229008617 -0.999737616 -0.000500018814 0 0
1.783347 1.273157 2.534366 -0.108905652 -0.994051588 -0.0010000519 0 0
1.782693 1.27317 2.538414 -0.0122002798 -0.999922928 -0.00230005274 0 0
1.782863 1.27317 2.534366 0 -1 0 0 0
1.782023 1.27317 2.538407 0 -0.999999995 9.99999995e-05 0 0
1.783113 1.27317 2.527201 -0.0280002218 -0.999607917 0 0 0
1.783347 1.273157 2.527201 -0.12360394 -0.992331631 0 0 0
1.782863 1.27317 2.527201 0 -1 0 0 0
1.781433 1.27317 2.540305 -0.00469991592 -0.99998211 -0.00369993381 0 0
1.782927 1.273157 2.540325 -0.0395994438 -0.999185967 -0.00769989186 0 0
1.78018 1.27317 2.541026 -0.00229999166 -0.999996375 -0.00139999493 0 0
1.782614 1.273157 2.541056 -0.0237000679 -0.999702864 -0.00570001633 0 0
1.779503 1.27317 2.540278 0 -1 0 0 0
1.78355 1.273118 2.540331 -0.264705184 -0.964318886 -0.00450008814 0 0
1.78355 1.273118 2.53842 -0.289401521 -0.95720503 -0.00230001209 0 0
1.783706 1.273039 2.540331 -0.651902445 -0.758302844 0 0 0
1.783706 1.273039 2.53842 -0.651902445 -0.758302844 0 0 0
1.78355 1.273118 2.541066 -0.253905839 -0.967222241 -0.00360008278 0 0
1.783706 1.273039 2.541066 -0.651795503 -0.758394767 0 0 0
1.78355 1.273118 2.534366 -0.314997471 -0.949092379 -0.000499995985 0 0
1.78355 1.273118 2.527201 -0.324017497 -0.946051088 0 0 0
1.783706 1.273039 2.534366 -0.652009376 -0.758210903 0 0 0
1.783706 1.273039 2.527201 -0.652116297 -0.758118946 0 0 0
1.783347 1.273157 2.502678 -0.123702413 -0.99231936 0 0 0
1.783113 1.27317 2.489397 -0.0280002218 -0.999607917 0 0 0
1.783347 1.273157 2.489397 -0.12360394 -0.992331631 0 0 0
1.783113 1.27317 2.502678 -0.0280002218 -0.999607917 0 0 0
1.782863 1.27317 2.489397 0 -1 0 0 0
1.782863 1.27317 2.502678 0 -1 0 0 0
1.783113 1.27317 2.478155 -0.0280002218 -0.999607917 0 0 0
1.783347 1.273157 2.478155 -0.12360394 -0.992331631 0 0 0
1.782863 1.27317 2.478155 0 -1 0 0 0
1.783113 1.27317 2.515959 -0.0280002218 -0.999607917 0 0 0
1.783347 1.273157 2.515959 -0.12360394 -0.992331631 0 0 0
1.782863 1.27317 2.515959 0 -1 0 0 0
1.78355 1.273118 2.515959 -0.324017497 -0.946051088 0 0 0
1.78355 1.273118 2.502678 -0.324106999 -0.94602043 0 0 0
1.783706 1.273039 2.515959 -0.652009376 -0.758210903 0 0 0
1.783706 1.273039 2.502678 -0.651902445 -0.758302844 0 0 0
1.78355 1.273118 2.489397 -0.324017497 -0.946051088 0 0 0
1.78355 1.273118 2.478155 -0.324017497 -0.946051088 0 0 0
1.783706 1.273039 2.489397 -0.652009376 -0.758210903 0 0 0
1.783706 1.273039 2.478155 -0.652009376 -0.758210903 0 0 0
1.783242 1.273157 2.466938 -0.0723053428 -0.997373699 0.00420031037 0 0
1.781433 1.27317 2.465051 -0.00469991592 -0.99998211 0.00369993381 0 0
1.782927 1.273157 2.465032 -0.0395994438 -0.999185967 0.00769989186 0 0
1.782693 1.27317 2.466943 -0.0122002798 -0.999922928 0.00230005274 0 0
1.779503 1.27317 2.465078 0 -1 0 0 0
1.782023 1.27317 2.466949 0 -0.999999995 -9.99999995e-05 0 0
1.78018 1.27317 2.46433 -0.00229999197 -0.99999651 0.00129999546 0 0
1.782614 1.273157 2.4643 -0.0237000679 -0.999702864 0.00570001633 0 0
1.783113 1.27317 2.47099 -0.0229008617 -0.999737616 0.000500018814 0 0
1.783347 1.273157 2.47099 -0.108905652 -0.994051588 0.0010000519 0 0
1.782863 1.27317 2.47099 0 -1 0 0 0
1.78355 1.273118 2.47099 -0.314907389 -0.949122271 0.000500011733 0 0
1.78355 1.273118 2.466936 -0.289309892 -0.957232728 0.00230007864 0 0
1.783706 1.273039 2.47099 -0.651844936 -0.758352279 0 0 0
1.783706 1.273039 2.466936 -0.651737981 -0.7584442 0 0 0
1.78355 1.273118 2.465025 -0.264612186 -0.964344409 0.00450020724 0 0
1.78355 1.273118 2.46429 -0.25381228 -0.967246796 0.00360017418 0 0
1.783706 1.273039 2.465025 -0.65168855 -0.758486674 0 0 0
1.783706 1.273039 2.46429 -0.651737981 -0.7584442 0 0 0
1.782521 1.272341 2.542408 -0.0212005498 -0.0387010037 -0.99902591 0 0
1.779815 1.272907 2.542381 -0.00239997608 -0.301097 -0.953590497 0 0
1.782517 1.272902 2.542369 -0.0217003973 -0.301505521 -0.953217454 0 0
1.779816 1.272342 2.542421 -0.00230003889 -0.039500668 -0.999216897 0 0
1.779815 1.273039 2.542302 -0.00240018318 -0.708154045 -0.706053885 0 0
1.782513 1.27303 2.542293 -0.0217012141 -0.707939607 -0.705939495 0 0
1.779817 1.270961 2.542434 -0.00239996658 -0.00469993455 -0.999986075 0 0
1.782523 1.270961 2.542421 -0.0215990523 -0.00459979817 -0.999756132 0 0
1.779819 1.268382 2.542434 -0.00239999309 0 -0.99999712 0 0
1.782524 1.268382 2.542421 -0.0215992808 0 -0.999766708 0 0
1.78355 1.270961 2.542381 -0.251604725 -0.00480009015 -0.967818176 0 0
1.783544 1.272337 2.542369 -0.252418314 -0.0405029386 -0.966770142 0 0
1.783706 1.270961 2.542302 -0.653340205 -0.00520032001 -0.757046586 0 0
1.783695 1.272334 2.542293 -0.652732889 -0.0435021919 -0.756338109 0 0
1.78355 1.268382 2.542381 -0.251395931 0 -0.967884335 0 0
1.783706 1.268382 2.542302 -0.653349039 0 -0.757056823 0 0
1.783526 1.272887 2.542334 -0.249308609 -0.30291046 -0.919831762 0 0
1.783514 1.273002 2.542265 -0.227014734 -0.689444746 -0.687844643 0 0
1.783662 1.272877 2.542265 -0.624356063 -0.294826474 -0.723364954 0 0
1.783617 1.272964 2.542227 -0.511996355 -0.607995671 -0.60679568 0 0
1.782526 1.258872 2.542421 -0.0217991795 0 -0.99976237 0 0
1.779822 1.264226 2.542434 -0.00239999309 0 -0.99999712 0 0
1.782524 1.264226 2.542421 -0.0216992305 0 -0.999764544 0 0
1.779829 1.258872 2.542434 -0.00239999309 0 -0.99999712 0 0
1.779841 1.252703 2.542434 -0.00239999309 0 -0.99999712 0 0
1.782529 1.252703 2.542421 -0.0217991795 0 -0.99976237 0 0
1.77986 1.246099 2.542434 -0.00239999309 0 -0.99999712 0 0
1.782534 1.246099 2.542421 -0.0218991279 0 -0.999760185 0 0
1.78355 1.252703 2.542381 -0.251302249 0 -0.967908663 0 0
1.78355 1.258872 2.542381 -0.251090558 0 -0.9679636 0 0
1.783706 1.252703 2.542302 -0.653085991 0 -0.757283756 0 0
1.783706 1.258872 2.542302 -0.653028639 0 -0.757333214 0 0
1.78355 1.246099 2.542381 -0.251395931 0 -0.967884335 0 0
1.783706 1.246099 2.542302 -0.65324225 0 -0.75714897 0 0
1.78355 1.264226 2.542381 -0.251302249 0 -0.967908663 0 0
1.783706 1.264226 2.542302 -0.653192789 0 -0.757191641 0 0
1.782526 1.258872 2.462935 -0.0217991795 0 0.99976237 0 0
1.779841 1.252703 2.462922 -0.00239999309 0 0.99999712 0 0
1.782529 1.252703 2.462935 -0.0217991795 0 0.99976237 0 0
1.779829 1.258872 2.462922 -0.00239999309 0 0.99999712 0 0
1.77986 1.246099 2.462922 -0.00239999309 0 0.99999712 0 0
1.782534 1.246099 2.462935 -0.0218991279 0 0.999760185 0 0
1.779822 1.264226 2.462922 -0.00239999309 0 0.99999712 0 0
1.782524 1.264226 2.462935 -0.0216992305 0 0.999764544 0 0
1.779819 1.268382 2.462922 -0.00239999309 0 0.99999712 0 0
1.782524 1.268382 2.462935 -0.0216992305 0 0.999764544 0 0
1.78355 1.264226 2.462975 -0.251090558 0 0.9679636 0 0
1.78355 1.258872 2.462975 -0.251114864 0 0.967957295 0 0
1.783706 1.264226 2.463054 -0.65313545 0 0.7572411 0 0
1.783706 1.258872 2.463054 -0.653085991 0 0.757283756 0 0
1.78355 1.268382 2.462975 -0.25120856 0 0.967932983 0 0
1.783706 1.268382 2.463054 -0.65324225 0 0.75714897 0 0
1.78355 1.252703 2.462975 -0.251302249 0 0.967908663 0 0
1.78355 1.246099 2.462975 -0.251114864 0 0.967957295 0 0
1.783706 1.252703 2.463054 -0.653192789 0 0.757191641 0 0
1.783706 1.246099 2.463054 -0.653028639 0 0.757333214 0 0
1.782521 1.272341 2.462948 -0.0210007145 -0.0386013132 0.999033988 0 0
1.779817 1.270961 2.462922 -0.00239996658 -0.00469993455 0.999986075 0 0
1.782523 1.270961 2.462935 -0.021499103 -0.00459980808 0.999758286 0 0
1.779816 1.272342 2.462935 -0.00230004797 -0.0394008217 0.999220839 0 0
1.779815 1.272907 2.462975 -0.00239997608 -0.301097 0.953590497 0 0
1.782517 1.272902 2.462986 -0.0216010935 -0.301415258 0.953248255 0 0
1.779815 1.273039 2.463054 -0.0024000132 -0.708203895 0.706003883 0 0
1.782513 1.27303 2.463063 -0.0217996332 -0.70788809 0.705988122 0 0
1.783526 1.272887 2.463022 -0.250292158 -0.302890511 0.91957119 0 0
1.783544 1.272337 2.462986 -0.252418314 -0.0405029386 0.966770142 0 0
1.783662 1.272877 2.463091 -0.624717149 -0.294908095 0.723019847 0 0
1.783695 1.272334 2.463063 -0.652623273 -0.0436015549 0.756426975 0 0
1.783514 1.273002 2.463091 -0.227109583 -0.689429091 0.687829024 0 0
1.783617 1.272964 2.463129 -0.511638876 -0.608246216 0.60684611 0 0
1.78355 1.270961 2.462975 -0.251111971 -0.00480022883 0.967946143 0 0
1.783706 1.270961 2.463054 -0.653126619 -0.00520021194 0.757230862 0 0
1.783215 1.088651 2.541945 -0.162203334 0.955419639 -0.246705071 0 0
1.782558 1.088718 2.54217 -0.0203000519 0.766601959 -0.64180164 0 0
1.783202 1.088747 2.542165 -0.135005927 0.760433384 -0.635227887 0 0
1.782589 1.08862 2.541946 -0.0252991077 0.967865864 -0.250191176 0 0
1.782495 1.088915 2.542302 -0.0126001867 0.401405949 -0.915813572 0 0
1.783184 1.088938 2.542293 -0.0907053659 0.400823711 -0.911653931 0 0
1.782599 1.088587 2.541591 -0.0264000454 0.998601718 -0.0458000788 0 0
1.783219 1.08862 2.541591 -0.168708107 0.984647318 -0.044802153 0 0
1.78355 1.088718 2.541591 -0.556725334 0.829737758 -0.0399018158 0 0
1.783544 1.088747 2.541941 -0.539897249 0.811295866 -0.224298857 0 0
1.783706 1.088915 2.541591 -0.887906202 0.459103207 -0.0291002033 0 0
1.783695 1.088938 2.541939 -0.872826739 0.456713992 -0.172005269 0 0
1.783526 1.088835 2.54215 -0.467288164 0.665883133 -0.581585269 0 0
1.783514 1.089008 2.542265 -0.352920521 0.373321707 -0.857949887 0 0
1.783662 1.089008 2.542139 -0.786243858 0.396622124 -0.473826431 0 0
1.783617 1.089102 2.542227 -0.621716967 0.284307759 -0.729819917 0 0
1.783215 1.088651 2.463411 -0.162203334 0.955419639 0.246705071 0 0
1.782599 1.088587 2.463765 -0.0264000454 0.998601718 0.0458000788 0 0
1.783219 1.08862 2.463765 -0.168708863 0.984651725 0.0447023483 0 0
1.782589 1.08862 2.46341 -0.0253996751 0.967887621 0.250096801 0 0
1.782558 1.088718 2.463186 -0.020301101 0.766741582 0.641634797 0 0
1.783202 1.088747 2.463191 -0.135305652 0.760631772 0.634926521 0 0
1.782495 1.088915 2.463054 -0.0125008439 0.401527106 0.915761821 0 0
1.783184 1.088938 2.463063 -0.0910039019 0.401017194 0.911539083 0 0
1.783526 1.088835 2.463207 -0.466807856 0.666111211 0.58170979 0 0
1.783544 1.088747 2.463415 -0.539782595 0.811373838 0.224292768 0 0
1.783662 1.089008 2.463217 -0.785308474 0.397304287 0.474805123 0 0
1.783695 1.088938 2.463418 -0.872708155 0.45690427 0.172101608 0 0
1.783514 1.089008 2.463091 -0.352719056 0.37352018 0.857946352 0 0
1.783617 1.089102 2.463129 -0.620882907 0.284692163 0.730379893 0 0
1.78355 1.088718 2.463765 -0.556727553 0.829741065 0.0398019698 0 0
1.783706 1.088915 2.463765 -0.887968118 0.45898352 0.0290989552 0 0
1.783132 1.089699 2.542408 -0.0548020315 0.0521019315 -0.997136965 0 0
1.782111 1.09027 2.542434 -0.0066001593 0.010400251 -0.999924133 0 0
1.783097 1.09027 2.542421 -0.0501001829 0.00900003285 -0.998703645 0 0
1.782259 1.089696 2.542421 -0.00740025912 0.0536018769 -0.998534964 0 0
1.781962 1.090958 2.542434 -0.00589989587 -0.000699987645 -0.99998235 0 0
1.783059 1.090958 2.542421 -0.0461016295 -0.00170006009 -0.998935308 0 0
1.782391 1.089243 2.542381 -0.00879994782 0.159899052 -0.987094147 0 0
1.783161 1.089255 2.542369 -0.0646000594 0.160000147 -0.985000906 0 0
1.783526 1.089294 2.542334 -0.297204304 0.165202392 -0.940413617 0 0
1.783544 1.089709 2.542369 -0.281394139 0.0572988065 -0.957880047 0 0
1.783662 1.089319 2.542265 -0.64260687 0.165501769 -0.748107997 0 0
1.783695 1.089715 2.542293 -0.651595983 0.0635996079 -0.75589534 0 0
1.78355 1.09027 2.542381 -0.274996534 0.0104998677 -0.961387882 0 0
1.78355 1.090958 2.542381 -0.271205873 -0.00100002166 -0.962520844 0 0
1.783706 1.09027 2.542302 -0.653024593 0.0128004821 -0.757228518 0 0
1.783706 1.090958 2.542302 -0.653085991 0 -0.757283756 0 0
1.783132 1.089699 2.462948 -0.0546029058 0.0520027674 0.997153065 0 0
1.782391 1.089243 2.462975 -0.00869995602 0.159899192 0.98709501 0 0
1.783161 1.089255 2.462986 -0.0646996412 0.159999113 0.984994538 0 0
1.782259 1.089696 2.462935 -0.00730026099 0.0536019163 0.998535698 0 0
1.782111 1.09027 2.462922 -0.00650016114 0.0104002578 0.999924788 0 0
1.783097 1.09027 2.462935 -0.0498009726 0.00890017382 0.998719505 0 0
1.781962 1.090958 2.462922 -0.00589989587 -0.000699987645 0.99998235 0 0
1.783059 1.090958 2.462935 -0.0461016295 -0.00170006009 0.998935308 0 0
1.78355 1.09027 2.462975 -0.274600608 0.010400023 0.96150213 0 0
1.783544 1.089709 2.462986 -0.281209963 0.0573020302 0.95793394 0 0
1.783706 1.09027 2.463054 -0.65313223 0.0127006267 0.757137362 0 0
1.783695 1.089715 2.463063 -0.651809552 0.0636009321 0.755711075 0 0
1.78355 1.090958 2.462975 -0.271602537 -0.00100000934 0.962408989 0 0
1.783706 1.090958 2.463054 -0.653192789 0 0.757191641 0 0
1.783526 1.089294 2.463022 -0.297898289 0.165199051 0.940194599 0 0
1.783662 1.089319 2.463091 -0.642681706 0.165795281 0.747978709 0 0
1.782994 1.092633 2.462935 -0.0407028839 -0.00100007086 0.999170794 0 0
1.781825 1.091756 2.462922 -0.00539992059 -0.000499992648 0.999985295 0 0
1.783025 1.091756 2.462935 -0.0429988928 -0.00129996653 0.999074274 0 0
1.781701 1.092633 2.462922 -0.0049999371 -0.000399994968 0.99998742 0 0
1.781592 1.093559 2.462922 -0.00469994788 -0.000299996673 0.99998891 0 0
1.782967 1.093559 2.462935 -0.0386020992 -0.000800043508 0.999254341 0 0
1.781499 1.094503 2.462922 -0.00449995435 -0.000199997971 0.999989855 0 0
1.782944 1.094503 2.462935 -0.0370005578 -0.000600009045 0.999315065 0 0
1.78355 1.093559 2.462975 -0.265105315 -0.000500010025 0.964219333 0 0
1.78355 1.092633 2.462975 -0.266694707 -0.000599988093 0.963780874 0 0
1.783706 1.093559 2.463054 -0.652814986 0 0.757517389 0 0
1.783706 1.092633 2.463054 -0.653028639 0 0.757333214 0 0
1.78355 1.094503 2.462975 -0.263912718 -0.000400019277 0.964546483 0 0
1.783706 1.094503 2.463054 -0.652979183 0 0.757375855 0 0
1.78355 1.091756 2.462975 -0.269103107 -0.000700008082 0.963111119 0 0
1.783706 1.091756 2.463054 -0.653299575 0 0.757099508 0 0
1.782994 1.092633 2.542421 -0.0407028839 -0.00100007086 -0.999170794 0 0
1.781592 1.093559 2.542434 -0.00469994788 -0.000299996673 -0.99998891 0 0
1.782967 1.093559 2.542421 -0.0388018098 -0.000800037315 -0.999246606 0 0
1.781701 1.092633 2.542434 -0.0049999371 -0.000399994968 -0.99998742 0 0
1.781499 1.094503 2.542434 -0.00449995435 -0.000199997971 -0.999989855 0 0
1.782944 1.094503 2.542421 -0.0372002848 -0.000600004593 -0.99930765 0 0
1.781825 1.091756 2.542434 -0.00539992059 -0.000499992648 -0.999985295 0 0
1.783025 1.091756 2.542421 -0.0430987047 -0.00129996093 -0.999069973 0 0
1.78355 1.091756 2.542381 -0.268798902 -0.000699997141 -0.963196065 0 0
1.78355 1.092633 2.542381 -0.267091926 -0.000599981863 -0.963670869 0 0
1.783706 1.091756 2.542302 -0.653028639 0 -0.757333214 0 0
1.783706 1.092633 2.542302 -0.653085991 0 -0.757283756 0 0
1.78355 1.093559 2.542381 -0.265502747 -0.000500005173 -0.964109974 0 0
1.78355 1.094503 2.542381 -0.264098783 -0.000399998156 -0.964495554 0 0
1.783706 1.093559 2.542302 -0.65324225 0 -0.75714897 0 0
1.783706 1.094503 2.542302 -0.65313545 0 -0.7572411 0 0
1.782519 1.273145 2.541943 -0.0210999766 -0.994498896 -0.102599886 0 0
1.779784 1.27317 2.541565 -0.00190007215 -0.999837965 -0.0179006797 0 0
1.782515 1.273157 2.541584 -0.0207001854 -0.999608952 -0.0188001684 0 0
1.779807 1.273157 2.541939 -0.0022999986 -0.994699393 -0.102799937 0 0
1.779815 1.273118 2.54217 -0.00240003143 -0.937712279 -0.347404549 0 0
1.782517 1.273106 2.542165 -0.0214012926 -0.937056595 -0.34852105 0 0
1.783526 1.273071 2.54215 -0.244301296 -0.902104786 -0.355701887 0 0
1.783544 1.273106 2.541941 -0.253214468 -0.961054911 -0.110706325 0 0
1.783662 1.273002 2.542139 -0.608315077 -0.708517561 -0.357708866 0 0
1.783695 1.27303 2.541939 -0.647817543 -0.75222037 -0.120403261 0 0
1.78355 1.273118 2.541591 -0.251397284 -0.967689544 -0.0193997904 0 0
1.783706 1.273039 2.541591 -0.651809471 -0.758111015 -0.020300295 0 0
1.782519 1.273145 2.463413 -0.0210999766 -0.994498896 0.102599886 0 0
1.779815 1.273118 2.463186 -0.00230003066 -0.9377125 0.347404631 0 0
1.782517 1.273106 2.463191 -0.0214005466 -0.937023932 0.348608904 0 0
1.779807 1.273157 2.463417 -0.00230002223 -0.994709614 0.102700993 0 0
1.779784 1.27317 2.463791 -0.00190006874 -0.99983617 0.0180006512 0 0
1.782515 1.273157 2.463772 -0.0207001464 -0.999607067 0.0189001336 0 0
1.78355 1.273118 2.463765 -0.251397284 -0.967689544 0.0193997904 0 0
1.783544 1.273106 2.463415 -0.253308058 -0.961030571 0.110703522 0 0
1.783706 1.273039 2.463765 -0.651972566 -0.757968105 0.0203991416 0 0
1.783695 1.27303 2.463418 -0.647924304 -0.752128213 0.120404516 0 0
1.783526 1.273071 2.463207 -0.243916433 -0.902160781 0.355823973 0 0
1.783662 1.273002 2.463217 -0.60769924 -0.708899114 0.357999553 0 0
1.78255 1.232748 2.542421 -0.0222011886 0 -0.999753523 0 0
1.779887 1.239443 2.542434 -0.00239999309 0 -0.99999712 0 0
1.782541 1.239443 2.542421 -0.0219990756 0 -0.999757991 0 0
1.779922 1.232748 2.542434 -0.00249999219 0 -0.999996875 0 0
1.779964 1.226026 2.542434 -0.00249999219 0 -0.999996875 0 0
1.78256 1.226026 2.542421 -0.0224010994 0 -0.999749064 0 0
1.780011 1.219291 2.542434 -0.00249999219 0 -0.999996875 0 0
1.782572 1.219291 2.542421 -0.0227009605 0 -0.9997423 0 0
1.78355 1.226026 2.542381 -0.25210029 0 -0.967701113 0 0
1.78355 1.232748 2.542381 -0.251794954 0 -0.967780606 0 0
1.783706 1.226026 2.542302 -0.653406351 0 -0.757007358 0 0
1.783706 1.232748 2.542302 -0.653513116 0 -0.756915191 0 0
1.78355 1.219291 2.542381 -0.252499241 0 -0.967597092 0 0
1.783706 1.219291 2.542302 -0.653406351 0 -0.757007358 0 0
1.78355 1.239443 2.542381 -0.251607624 0 -0.967829326 0 0
1.783706 1.239443 2.542302 -0.653406351 0 -0.757007358 0 0
1.782599 1.205821 2.542421 -0.0234006125 0 -0.999726168 0 0
1.780062 1.212556 2.542434 -0.00259999121 0 -0.99999662 0 0
1.782584 1.212556 2.542421 -0.0230008155 0 -0.999735446 0 0
1.780119 1.205821 2.542434 -0.00259999121 0 -0.99999662 0 0
1.780185 1.199086 2.542434 -0.00269999016 0 -0.999996355 0 0
1.782615 1.199086 2.542421 -0.0238003983 0 -0.99971673 0 0
1.78026 1.192351 2.542434 -0.00269999016 0 -0.999996355 0 0
1.782634 1.192351 2.542421 -0.0243001145 0 -0.999704709 0 0
1.78355 1.199086 2.542381 -0.253109825 0 -0.967437552 0 0
1.78355 1.205821 2.542381 -0.252804539 0 -0.967517372 0 0
1.783706 1.199086 2.542302 -0.653299575 0 -0.757099508 0 0
1.783706 1.205821 2.542302 -0.653299575 0 -0.757099508 0 0
1.78355 1.192351 2.542381 -0.253907484 0 -0.967228509 0 0
1.783706 1.192351 2.542302 -0.653406351 0 -0.757007358 0 0
1.78355 1.212556 2.542381 -0.252804539 0 -0.967517372 0 0
1.783706 1.212556 2.542302 -0.653406351 0 -0.757007358 0 0
1.782682 1.178881 2.542421 -0.0256992215 -9.99969706e-05 -0.999669715 0 0
1.780348 1.185616 2.542434 -0.00279998902 0 -0.99999608 0 0
1.782656 1.185616 2.542421 -0.0248997496 -9.99989945e-05 -0.999689948 0 0
1.780452 1.178881 2.542434 -0.00289998781 0 -0.999995795 0 0
1.780573 1.172146 2.542434 -0.0029999865 0 -0.9999955 0 0
1.782712 1.172146 2.542421 -0.0266012273 -0.000100004614 -0.99964612 0 0
1.780714 1.165411 2.542434 -0.00319998362 0 -0.99999488 0 0
1.782748 1.165411 2.542421 -0.0279002988 -0.000100001071 -0.999610706 0 0
1.78355 1.172146 2.542381 -0.255502237 0 -0.966808464 0 0
1.78355 1.178881 2.542381 -0.255010123 0 -0.966938383 0 0
1.783706 1.172146 2.542302 -0.653299575 0 -0.757099508 0 0
1.783706 1.178881 2.542302 -0.653406351 0 -0.757007358 0 0
1.78355 1.165411 2.542381 -0.256510965 -0.000100004275 -0.966541316 0 0
1.783706 1.165411 2.542302 -0.653299575 0 -0.757099508 0 0
1.78355 1.185616 2.542381 -0.254399775 0 -0.967099144 0 0
1.783706 1.185616 2.542302 -0.653406351 0 -0.757007358 0 0
1.782831 1.152353 2.542421 -0.0311005054 -0.00020000325 -0.999516242 0 0
1.780879 1.158677 2.542434 -0.00339998035 0 -0.99999422 0 0
1.782789 1.158677 2.542421 -0.0294019903 -0.00010000677 -0.999567663 0 0
1.781048 1.152353 2.542434 -0.00369997466 -9.9999315e-05 -0.99999315 0 0
1.781203 1.146852 2.542434 -0.00389997032 -9.9999239e-05 -0.99999239 0 0
1.78287 1.146852 2.542421 -0.0327987515 -0.000199992387 -0.999461956 0 0
1.78355 1.146852 2.542381 -0.260704998 -0.000100001917 -0.965418507 0 0
1.78355 1.152353 2.542381 -0.259205924 -0.000100002286 -0.965822074 0 0
1.783706 1.146852 2.542302 -0.653299575 0 -0.757099508 0 0
1.783706 1.152353 2.542302 -0.65324225 0 -0.75714897 0 0
1.78355 1.158677 2.542381 -0.257892926 -9.99972571e-05 -0.966173498 0 0
1.783706 1.158677 2.542302 -0.65324225 0 -0.75714897 0 0
1.782848 1.111067 2.542421 -0.0318997151 0 -0.999491075 0 0
1.781105 1.113756 2.542434 -0.00379997256 0 -0.99999278 0 0
1.782845 1.113756 2.542421 -0.0317998173 0 -0.999494258 0 0
1.781115 1.111067 2.542434 -0.00379997256 0 -0.99999278 0 0
1.781101 1.116502 2.542434 -0.00369997467 0 -0.999993155 0 0
1.782844 1.116502 2.542421 -0.0317998173 0 -0.999494258 0 0
1.781132 1.108492 2.542434 -0.00379997256 0 -0.99999278 0 0
1.782852 1.108492 2.542421 -0.0320995079 0 -0.999484678 0 0
1.781153 1.106089 2.542434 -0.00379997256 0 -0.99999278 0 0
1.782857 1.106089 2.542421 -0.0322992967 -9.99978226e-05 -0.999478237 0 0
1.78355 1.108492 2.542381 -0.260002163 0 -0.965608034 0 0
1.78355 1.111067 2.542381 -0.259697328 0 -0.965690063 0 0
1.783706 1.108492 2.542302 -0.65324225 0 -0.75714897 0 0
1.783706 1.111067 2.542302 -0.653192789 0 -0.757191641 0 0
1.78355 1.106089 2.542381 -0.260002163 0 -0.965608034 0 0
1.783706 1.106089 2.542302 -0.65313545 0 -0.7572411 0 0
1.78355 1.113756 2.542381 -0.259392478 0 -0.965771993 0 0
1.78355 1.116502 2.542381 -0.259299205 0 -0.96579704 0 0
1.783706 1.113756 2.542302 -0.653028639 0 -0.757333214 0 0
1.783706 1.116502 2.542302 -0.652921818 0 -0.75742531 0 0
1.782848 1.121926 2.542421 -0.031999612 0 -0.999487881 0 0
1.781132 1.124466 2.542434 -0.00379997256 0 -0.99999278 0 0
1.782852 1.124466 2.542421 -0.0320995079 0 -0.999484678 0 0
1.781115 1.121926 2.542434 -0.00379997256 0 -0.99999278 0 0
1.781153 1.1268 2.542434 -0.00379997256 0 -0.99999278 0 0
1.782857 1.1268 2.542421 -0.0323991897 9.99974991e-05 -0.999475003 0 0
1.781105 1.119248 2.542434 -0.00369997467 0 -0.999993155 0 0
1.782845 1.119248 2.542421 -0.0317998173 0 -0.999494258 0 0
1.78355 1.119248 2.542381 -0.259510804 0 -0.965740205 0 0
1.78355 1.121926 2.542381 -0.259510804 0 -0.965740205 0 0
1.783706 1.119248 2.542302 -0.653085991 0 -0.757283756 0 0
1.783706 1.121926 2.542302 -0.65313545 0 -0.7572411 0 0
1.78355 1.124466 2.542381 -0.259815667 0 -0.965658231 0 0
1.78355 1.1268 2.542381 -0.260400207 0 -0.965500768 0 0
1.783706 1.124466 2.542302 -0.653085991 0 -0.757283756 0 0
1.783706 1.1268 2.542302 -0.653349039 0 -0.757056823 0 0
1.782871 1.13067 2.542421 -0.0329985273 9.99955373e-05 -0.999455395 0 0
1.781238 1.132255 2.542434 -0.003999968 0 -0.999992 0 0
1.782879 1.132255 2.542421 -0.0334014041 0.000100004204 -0.999442012 0 0
1.781207 1.13067 2.542434 -0.00389997034 0 -0.999992395 0 0
1.781178 1.12886 2.542434 -0.00389997034 0 -0.999992395 0 0
1.782863 1.12886 2.542421 -0.0326988629 9.99965227e-05 -0.999465244 0 0
1.78355 1.12886 2.542381 -0.260704999 0 -0.965418512 0 0
1.78355 1.13067 2.542381 -0.260891393 9.99967012e-05 -0.965368153 0 0
1.783706 1.12886 2.542302 -0.653349039 0 -0.757056823 0 0
1.783706 1.13067 2.542302 -0.65324225 0 -0.75714897 0 0
1.78355 1.132255 2.542381 -0.261009775 0.000100003745 -0.965336153 0 0
1.783706 1.132255 2.542302 -0.653192789 0 -0.757191641 0 0
1.78291 1.096418 2.542421 -0.0350994303 -0.000299995131 -0.99938378 0 0
1.781318 1.097507 2.542434 -0.00419996294 -9.99991175e-05 -0.999991175 0 0
1.782898 1.097507 2.542421 -0.0345001613 -0.000200000935 -0.999404672 0 0
1.781366 1.096418 2.542434 -0.00419996294 -9.99991175e-05 -0.999991175 0 0
1.781277 1.098766 2.542434 -0.00399996798 -9.99991995e-05 -0.999991995 0 0
1.782888 1.098766 2.542421 -0.0339008541 -0.000200005039 -0.999425181 0 0
1.781425 1.095436 2.542434 -0.00429996016 -0.000199998147 -0.999990735 0 0
1.782925 1.095436 2.542421 -0.0360018588 -0.000500025817 -0.999351598 0 0
1.78355 1.095436 2.542381 -0.263210473 -0.000300011938 -0.964738388 0 0
1.78355 1.096418 2.542381 -0.262601207 -0.000200000919 -0.964904434 0 0
1.783706 1.095436 2.542302 -0.653085991 0 -0.757283756 0 0
1.783706 1.096418 2.542302 -0.653192789 0 -0.757191641 0 0
1.78355 1.097507 2.542381 -0.261898739 -9.99995185e-05 -0.965095353 0 0
1.78355 1.098766 2.542381 -0.26140771 -0.00010000295 -0.96522847 0 0
1.783706 1.097507 2.542302 -0.653192789 0 -0.757191641 0 0
1.783706 1.098766 2.542302 -0.65324225 0 -0.75714897 0 0
1.782871 1.10197 2.542421 -0.0329985273 -9.99955373e-05 -0.999455395 0 0
1.781178 1.103915 2.542434 -0.00389997034 0 -0.999992395 0 0
1.782863 1.103915 2.542421 -0.0326988629 -9.99965227e-05 -0.999465244 0 0
1.781207 1.10197 2.542434 -0.00389997034 0 -0.999992395 0 0
1.78124 1.100254 2.542434 -0.00389997034 0 -0.999992395 0 0
1.782879 1.100254 2.542421 -0.0334014041 -0.000100004204 -0.999442012 0 0
1.78355 1.100254 2.542381 -0.261102962 -0.000100001135 -0.965310952 0 0
1.78355 1.10197 2.542381 -0.260798199 -9.99993095e-05 -0.965393334 0 0
1.783706 1.100254 2.542302 -0.653299575 0 -0.757099508 0 0
1.783706 1.10197 2.542302 -0.653406351 0 -0.757007358 0 0
1.78355 1.103915 2.542381 -0.260306984 0 -0.965525905 0 0
1.783706 1.103915 2.542302 -0.653192789 0 -0.757191641 0 0
1.782871 1.10197 2.462935 -0.0330984135 -9.99952068e-05 0.999452092 0 0
1.78124 1.100254 2.462922 -0.003999968 0 0.999992 0 0
1.782879 1.100254 2.462935 -0.0334014041 -0.000100004204 0.999442012 0 0
1.781207 1.10197 2.462922 -0.00389997034 0 0.999992395 0 0
1.781277 1.098766 2.462922 -0.00409996552 -9.9999159e-05 0.99999159 0 0
1.782888 1.098766 2.462935 -0.0339008541 -0.000200005039 0.999425181 0 0
1.781178 1.103915 2.462922 -0.00389997034 0 0.999992395 0 0
1.782863 1.103915 2.462935 -0.0326988629 -9.99965227e-05 0.999465244 0 0
1.781153 1.106089 2.462922 -0.00389997034 0 0.999992395 0 0
1.782857 1.106089 2.462935 -0.0322992967 -9.99978226e-05 0.999478237 0 0
1.78355 1.103915 2.462975 -0.260213754 0 0.965551036 0 0
1.78355 1.10197 2.462975 -0.260611789 -0.000100004524 0.965443673 0 0
1.783706 1.103915 2.463054 -0.653192789 0 0.757191641 0 0
1.783706 1.10197 2.463054 -0.65313545 0 0.7572411 0 0
1.78355 1.106089 2.462975 -0.260002163 0 0.965608034 0 0
1.783706 1.106089 2.463054 -0.653299575 0 0.757099508 0 0
1.78355 1.100254 2.462975 -0.26091658 -0.000100006355 0.965361346 0 0
1.78355 1.098766 2.462975 -0.261196142 -9.9998523e-05 0.965285743 0 0
1.783706 1.100254 2.463054 -0.653085991 0 0.757283756 0 0
1.783706 1.098766 2.463054 -0.652814986 0 0.757517389 0 0
1.78291 1.096418 2.462935 -0.0350994303 -0.000299995131 0.99938378 0 0
1.781425 1.095436 2.462922 -0.00429996016 -0.000199998147 0.999990735 0 0
1.782925 1.095436 2.462935 -0.0360018588 -0.000500025817 0.999351598 0 0
1.781366 1.096418 2.462922 -0.00419996294 -9.99991175e-05 0.999991175 0 0
1.781318 1.097507 2.462922 -0.00419996294 -9.99991175e-05 0.999991175 0 0
1.782898 1.097507 2.462935 -0.0345001613 -0.000200000935 0.999404672 0 0
1.78355 1.097507 2.462975 -0.261898739 -9.99995185e-05 0.965095353 0 0
1.78355 1.096418 2.462975 -0.262296547 -0.000199997367 0.964987296 0 0
1.783706 1.097507 2.463054 -0.652921818 0 0.75742531 0 0
1.783706 1.096418 2.463054 -0.653028639 0 0.757333214 0 0
1.78355 1.095436 2.462975 -0.262812751 -0.000300014556 0.964846811 0 0
1.783706 1.095436 2.463054 -0.653028639 0 0.757333214 0 0
1.782871 1.13067 2.462935 -0.0330984135 9.99952068e-05 0.999452092 0 0
1.781178 1.12886 2.462922 -0.00389997034 0 0.999992395 0 0
1.782863 1.12886 2.462935 -0.0326988629 9.99965227e-05 0.999465244 0 0
1.781207 1.13067 2.462922 -0.00389997034 0 0.999992395 0 0
1.781153 1.1268 2.462922 -0.00379997256 0 0.99999278 0 0
1.782857 1.1268 2.462935 -0.0322992967 9.99978226e-05 0.999478237 0 0
1.781238 1.132255 2.462922 -0.003999968 0 0.999992 0 0
1.782879 1.132255 2.462935 -0.0334014041 0.000100004204 0.999442012 0 0
1.78355 1.132255 2.462975 -0.261102962 0.000100001135 0.965310952 0 0
1.78355 1.13067 2.462975 -0.260798199 9.99993095e-05 0.965393334 0 0
1.783706 1.132255 2.463054 -0.652921818 0 0.75742531 0 0
1.783706 1.13067 2.463054 -0.653028639 0 0.757333214 0 0
1.78355 1.12886 2.462975 -0.260400207 0 0.965500768 0 0
1.78355 1.1268 2.462975 -0.260002163 0 0.965608034 0 0
1.783706 1.12886 2.463054 -0.653299575 0 0.757099508 0 0
1.783706 1.1268 2.463054 -0.653299575 0 0.757099508 0 0
1.782848 1.121926 2.462935 -0.0318997151 0 0.999491075 0 0
1.781105 1.119248 2.462922 -0.00379997256 0 0.99999278 0 0
1.782845 1.119248 2.462935 -0.0317998173 0 0.999494258 0 0
1.781115 1.121926 2.462922 -0.00379997256 0 0.99999278 0 0
1.781101 1.116502 2.462922 -0.00369997467 0 0.999993155 0 0
1.782844 1.116502 2.462935 -0.0317998173 0 0.999494258 0 0
1.781132 1.124466 2.462922 -0.00379997256 0 0.99999278 0 0
1.782852 1.124466 2.462935 -0.0320995079 0 0.999484678 0 0
1.78355 1.124466 2.462975 -0.259697328 0 0.965690063 0 0
1.78355 1.121926 2.462975 -0.259697328 0 0.965690063 0 0
1.783706 1.124466 2.463054 -0.653085991 0 0.757283756 0 0
1.783706 1.121926 2.463054 -0.653192789 0 0.757191641 0 0
1.78355 1.119248 2.462975 -0.259815667 0 0.965658231 0 0
1.78355 1.116502 2.462975 -0.259697328 0 0.965690063 0 0
1.783706 1.119248 2.463054 -0.653299575 0 0.757099508 0 0
1.783706 1.116502 2.463054 -0.65324225 0 0.75714897 0 0
1.782848 1.111067 2.462935 -0.0318997151 0 0.999491075 0 0
1.781132 1.108492 2.462922 -0.00379997256 0 0.99999278 0 0
1.782852 1.108492 2.462935 -0.0320995079 0 0.999484678 0 0
1.781115 1.111067 2.462922 -0.00379997256 0 0.99999278 0 0
1.781105 1.113756 2.462922 -0.00379997256 0 0.99999278 0 0
1.782845 1.113756 2.462935 -0.0317998173 0 0.999494258 0 0
1.78355 1.113756 2.462975 -0.259815667 0 0.965658231 0 0
1.78355 1.111067 2.462975 -0.259697328 0 0.965690063 0 0
1.783706 1.113756 2.463054 -0.65324225 0 0.75714897 0 0
1.783706 1.111067 2.463054 -0.653192789 0 0.757191641 0 0
1.78355 1.108492 2.462975 -0.259604069 0 0.965715138 0 0
1.783706 1.108492 2.463054 -0.65313545 0 0.7572411 0 0
1.782831 1.152353 2.462935 -0.0311005054 -0.00020000325 0.999516242 0 0
1.781203 1.146852 2.462922 -0.00389997032 -9.9999239e-05 0.99999239 0 0
1.78287 1.146852 2.462935 -0.0327987515 -0.000199992387 0.999461956 0 0
1.781048 1.152353 2.462922 -0.00359997665 -9.99993515e-05 0.999993515 0 0
1.780879 1.158677 2.462922 -0.00339998035 0 0.99999422 0 0
1.782789 1.158677 2.462935 -0.0294019903 -0.00010000677 0.999567663 0 0
1.780714 1.165411 2.462922 -0.00319998362 0 0.99999488 0 0
1.782748 1.165411 2.462935 -0.0279002988 -0.000100001071 0.999610706 0 0
1.78355 1.158677 2.462975 -0.257494599 -9.99979027e-05 0.966279732 0 0
1.78355 1.152353 2.462975 -0.258901032 -0.000100000399 0.965903849 0 0
1.783706 1.158677 2.463054 -0.65313545 0 0.7572411 0 0
1.783706 1.152353 2.463054 -0.653028639 0 0.757333214 0 0
1.78355 1.165411 2.462975 -0.256510965 -0.000100004275 0.966541316 0 0
1.783706 1.165411 2.463054 -0.653299575 0 0.757099508 0 0
1.78355 1.146852 2.462975 -0.260493421 -9.99974746e-05 0.965475617 0 0
1.783706 1.146852 2.463054 -0.653028639 0 0.757333214 0 0
1.782682 1.178881 2.462935 -0.025799152 -9.99967132e-05 0.999667141 0 0
1.780573 1.172146 2.462922 -0.0030999851 0 0.999995195 0 0
1.782712 1.172146 2.462935 -0.0267011607 -0.000100004347 0.999643455 0 0
1.780452 1.178881 2.462922 -0.0029999865 0 0.9999955 0 0
1.780348 1.185616 2.462922 -0.00289998781 0 0.999995795 0 0
1.782656 1.185616 2.462935 -0.0249996863 -9.9998745e-05 0.999687454 0 0
1.78026 1.192351 2.462922 -0.00279998902 0 0.99999608 0 0
1.782634 1.192351 2.462935 -0.0244000555 0 0.999702274 0 0
1.78355 1.185616 2.462975 -0.253695817 0 0.96728405 0 0
1.78355 1.178881 2.462975 -0.254399775 0 0.967099144 0 0
1.783706 1.185616 2.463054 -0.653192789 0 0.757191641 0 0
1.783706 1.178881 2.463054 -0.653192789 0 0.757191641 0 0
1.78355 1.192351 2.462975 -0.253203418 0 0.96741306 0 0
1.783706 1.192351 2.463054 -0.653192789 0 0.757191641 0 0
1.78355 1.172146 2.462975 -0.255502237 0 0.966808464 0 0
1.783706 1.172146 2.463054 -0.653299575 0 0.757099508 0 0
1.782599 1.205821 2.462935 -0.0234006125 0 0.999726168 0 0
1.780185 1.199086 2.462922 -0.00269999016 0 0.999996355 0 0
1.782615 1.199086 2.462935 -0.0238003983 0 0.99971673 0 0
1.780119 1.205821 2.462922 -0.00259999121 0 0.99999662 0 0
1.780062 1.212556 2.462922 -0.00259999121 0 0.99999662 0 0
1.782584 1.212556 2.462935 -0.0231007658 0 0.999733142 0 0
1.780011 1.219291 2.462922 -0.00259999121 0 0.99999662 0 0
1.782572 1.219291 2.462935 -0.0228009129 0 0.999740025 0 0
1.78355 1.212556 2.462975 -0.25210029 0 0.967701113 0 0
1.78355 1.205821 2.462975 -0.252804539 0 0.967517372 0 0
1.783706 1.212556 2.463054 -0.653192789 0 0.757191641 0 0
1.783706 1.205821 2.463054 -0.653299575 0 0.757099508 0 0
1.78355 1.219291 2.462975 -0.251912986 0 0.967749889 0 0
1.783706 1.219291 2.463054 -0.653192789 0 0.757191641 0 0
1.78355 1.199086 2.462975 -0.253109825 0 0.967437552 0 0
1.783706 1.199086 2.463054 -0.653299575 0 0.757099508 0 0
1.78255 1.232748 2.462935 -0.0222011886 0 0.999753523 0 0
1.779964 1.226026 2.462922 -0.00249999219 0 0.999996875 0 0
1.78256 1.226026 2.462935 -0.0225010537 0 0.999746819 0 0
1.779922 1.232748 2.462922 -0.00249999219 0 0.999996875 0 0
1.779887 1.239443 2.462922 -0.00239999309 0 0.99999712 0 0
1.782541 1.239443 2.462935 -0.0220990227 0 0.999755787 0 0
1.78355 1.239443 2.462975 -0.251302249 0 0.967908663 0 0
1.78355 1.232748 2.462975 -0.251912986 0 0.967749889 0 0
1.783706 1.239443 2.463054 -0.653085991 0 0.757283756 0 0
1.783706 1.232748 2.463054 -0.653299575 0 0.757099508 0 0
1.78355 1.226026 2.462975 -0.251819324 0 0.967774265 0 0
1.783706 1.226026 2.463054 -0.653192789 0 0.757191641 0 0
1.783847 1.10197 2.46341 -0.9921822 0 0.124797761 0 0
1.7838 1.103915 2.463186 -0.91663866 0 0.399716858 0 0
1.7838 1.10197 2.463186 -0.916602016 0 0.39980088 0 0
1.783847 1.103915 2.46341 -0.9921822 0 0.124797761 0 0
1.7838 1.106089 2.463186 -0.91663866 0 0.399716858 0 0
1.783847 1.106089 2.46341 -0.9921822 0 0.124797761 0 0
1.783862 1.103915 2.463765 -0.999757991 0 0.0219990756 0 0
1.783862 1.10197 2.463765 -0.999757991 0 0.0219990756 0 0
1.783862 1.103915 2.46429 -1 0 0 0 0
1.783862 1.10197 2.46429 -1 0 0 0 0
1.783862 1.106089 2.463765 -0.999757991 0 0.0219990756 0 0
1.783862 1.106089 2.46429 -1 0 0 0 0
1.783862 1.100254 2.463765 -0.999757991 0 0.0219990756 0 0
1.783847 1.100254 2.46341 -0.992194578 0 0.124699319 0 0
1.783862 1.098766 2.463765 -0.999757991 0 0.0219990756 0 0
1.783847 1.098766 2.46341 -0.992194578 0 0.124699319 0 0
1.783862 1.100254 2.46429 -1 0 0 0 0
1.783862 1.098766 2.46429 -1 0 0 0 0
1.7838 1.100254 2.463186 -0.916565368 0 0.399884891 0 0
1.7838 1.098766 2.463186 -0.916512717 0 0.40000555 0 0
1.783847 1.10197 2.541946 -0.9921822 0 -0.124797761 0 0
1.783862 1.103915 2.541591 -0.999757991 0 -0.0219990756 0 0
1.783862 1.10197 2.541591 -0.999757991 0 -0.0219990756 0 0
1.783847 1.103915 2.541946 -0.9921822 0 -0.124797761 0 0
1.783862 1.106089 2.541591 -0.999757991 0 -0.0219990756 0 0
1.783847 1.106089 2.541946 -0.9921822 0 -0.124797761 0 0
1.783862 1.103915 2.541066 -1 0 0 0 0
1.783862 1.10197 2.541066 -1 0 0 0 0
1.783862 1.106089 2.541066 -1 0 0 0 0
1.7838 1.103915 2.54217 -0.91663866 0 -0.399716858 0 0
1.7838 1.10197 2.54217 -0.916602016 0 -0.39980088 0 0
1.7838 1.106089 2.54217 -0.916602016 0 -0.39980088 0 0
1.7838 1.100254 2.54217 -0.916602016 0 -0.39980088 0 0
1.783847 1.100254 2.541946 -0.9921822 0 -0.124797761 0 0
1.7838 1.098766 2.54217 -0.916602016 0 -0.39980088 0 0
1.783847 1.098766 2.541946 -0.9921822 0 -0.124797761 0 0
1.783862 1.100254 2.541591 -0.999757991 0 -0.0219990756 0 0
1.783862 1.100254 2.541066 -1 0 0 0 0
1.783862 1.098766 2.541591 -0.999757991 0 -0.0219990756 0 0
1.783862 1.098766 2.541066 -1 0 0 0 0
1.783847 1.096418 2.46341 -0.992194578 0 0.124699319 0 0
1.7838 1.097507 2.463186 -0.916423369 0 0.400210205 0 0
1.7838 1.096418 2.463186 -0.916549376 0 0.399921544 0 0
1.783847 1.097507 2.46341 -0.992194578 0 0.124699319 0 0
1.783862 1.097507 2.463765 -0.999757991 0 0.0219990756 0 0
1.783862 1.096418 2.463765 -0.999757991 0 0.0219990756 0 0
1.783862 1.097507 2.46429 -1 0 0 0 0
1.783862 1.096418 2.46429 -1 0 0 0 0
1.783862 1.095436 2.463765 -0.999757991 0 0.0219990756 0 0
1.783847 1.095436 2.46341 -0.9921822 0 0.124797761 0 0
1.783862 1.094503 2.463765 -0.999757991 0 0.0219990756 0 0
1.783847 1.094503 2.46341 -0.992194578 0 0.124699319 0 0
1.783862 1.095436 2.46429 -1 0 0 0 0
1.783862 1.094503 2.46429 -1 0 0 0 0
1.7838 1.095436 2.463186 -0.916602016 0 0.39980088 0 0
1.7838 1.094503 2.463186 -0.916512717 0 0.40000555 0 0
1.783847 1.096418 2.541946 -0.9921822 0 -0.124797761 0 0
1.783862 1.097507 2.541591 -0.999757991 0 -0.0219990756 0 0
1.783862 1.096418 2.541591 -0.999757991 0 -0.0219990756 0 0
1.783847 1.097507 2.541946 -0.9921822 0 -0.124797761 0 0
1.783862 1.097507 2.541066 -1 0 0 0 0
1.783862 1.096418 2.541066 -1 0 0 0 0
1.7838 1.097507 2.54217 -0.916549376 0 -0.399921544 0 0
1.7838 1.096418 2.54217 -0.916512717 0 -0.40000555 0 0
1.7838 1.095436 2.54217 -0.916512717 0 -0.40000555 0 0
1.783847 1.095436 2.541946 -0.9921822 0 -0.124797761 0 0
1.7838 1.094503 2.54217 -0.916602016 0 -0.39980088 0 0
1.783847 1.094503 2.541946 -0.9921822 0 -0.124797761 0 0
1.783862 1.095436 2.541591 -0.999757991 0 -0.0219990756 0 0
1.783862 1.095436 2.541066 -1 0 0 0 0
1.783862 1.094503 2.541591 -0.999757991 0 -0.0219990756 0 0
1.783862 1.094503 2.541066 -1 0 0 0 0
1.783847 1.13067 2.46341 -0.9921822 0 0.124797761 0 0
1.7838 1.132255 2.463186 -0.916423369 0 0.400210205 0 0
1.7838 1.13067 2.463186 -0.916460044 0 0.400126215 0 0
1.783847 1.132255 2.46341 -0.992194578 0 0.124699319 0 0
1.7838 1.133639 2.463186 -0.916549376 0 0.399921544 0 0
1.783847 1.133639 2.46341 -0.992194578 0 0.124699319 0 0
1.783862 1.132255 2.463765 -0.999757991 0 0.0219990756 0 0
1.783862 1.13067 2.463765 -0.999757991 0 0.0219990756 0 0
1.783862 1.132255 2.46429 -1 0 0 0 0
1.783862 1.13067 2.46429 -1 0 0 0 0
1.783862 1.133639 2.463765 -0.999757991 0 0.0219990756 0 0
1.783862 1.133639 2.46429 -1 0 0 0 0
1.783862 1.12886 2.463765 -0.999757991 0 0.0219990756 0 0
1.783847 1.12886 2.46341 -0.9921822 0 0.124797761 0 0
1.783862 1.1268 2.463765 -0.999757991 0 0.0219990756 0 0
1.783847 1.1268 2.46341 -0.9921822 0 0.124797761 0 0
1.783862 1.12886 2.46429 -1 0 0 0 0
1.783862 1.1268 2.46429 -1 0 0 0 0
1.7838 1.12886 2.463186 -0.916602016 0 0.39980088 0 0
1.7838 1.1268 2.463186 -0.91663866 0 0.399716858 0 0
1.783847 1.13067 2.541946 -0.9921822 0 -0.124797761 0 0
1.783862 1.132255 2.541591 -0.999757991 0 -0.0219990756 0 0
1.783862 1.13067 2.541591 -0.999757991 0 -0.0219990756 0 0
1.783847 1.132255 2.541946 -0.9921822 0 -0.124797761 0 0
1.783862 1.133639 2.541591 -0.999757991 0 -0.0219990756 0 0
1.783847 1.133639 2.541946 -0.9921822 0 -0.124797761 0 0
1.783862 1.132255 2.541066 -1 0 0 0 0
1.783862 1.13067 2.541066 -1 0 0 0 0
1.783862 1.133639 2.541066 -1 0 0 0 0
1.7838 1.132255 2.54217 -0.916549376 0 -0.399921544 0 0
1.7838 1.13067 2.54217 -0.916512717 0 -0.40000555 0 0
1.7838 1.133639 2.54217 -0.916602016 0 -0.39980088 0 0
1.7838 1.12886 2.54217 -0.916549376 0 -0.399921544 0 0
1.783847 1.12886 2.541946 -0.9921822 0 -0.124797761 0 0
1.7838 1.1268 2.54217 -0.916549376 0 -0.399921544 0 0
1.783847 1.1268 2.541946 -0.9921822 0 -0.124797761 0 0
1.783862 1.12886 2.541591 -0.999757991 0 -0.0219990756 0 0
1.783862 1.12886 2.541066 -1 0 0 0 0
1.783862 1.1268 2.541591 -0.999757991 0 -0.0219990756 0 0
1.783862 1.1268 2.541066 -1 0 0 0 0
1.783847 1.121926 2.46341 -0.9921822 0 0.124797761 0 0
1.7838 1.124466 2.463186 -0.916602016 0 0.39980088 0 0
1.7838 1.121926 2.463186 -0.916565368 0 0.399884891 0 0
1.783847 1.124466 2.46341 -0.9921822 0 0.124797761 0 0
1.783862 1.124466 2.463765 -0.999757991 0 0.0219990756 0 0
1.783862 1.121926 2.463765 -0.999760185 0 0.0218991279 0 0
1.783862 1.124466 2.46429 -1 0 0 0 0
1.783862 1.121926 2.46429 -1 0 0 0 0
1.783862 1.119248 2.463765 -0.999760185 0 0.0218991279 0 0
1.783847 1.119248 2.46341 -0.9921822 0 0.124797761 0 0
1.783862 1.116502 2.463765 -0.999757991 0 0.0219990756 0 0
1.783847 1.116502 2.46341 -0.9921822 0 0.124797761 0 0
1.783862 1.119248 2.46429 -1 0 0 0 0
1.783862 1.116502 2.46429 -1 0 0 0 0
1.7838 1.119248 2.463186 -0.916549376 0 0.399921544 0 0
1.7838 1.116502 2.463186 -0.916602016 0 0.39980088 0 0
1.783847 1.121926 2.541946 -0.9921822 0 -0.124797761 0 0
1.783862 1.124466 2.541591 -0.999757991 0 -0.0219990756 0 0
1.783862 1.121926 2.541591 -0.999757991 0 -0.0219990756 0 0
1.783847 1.124466 2.541946 -0.9921822 0 -0.124797761 0 0
1.783862 1.124466 2.541066 -1 0 0 0 0
1.783862 1.121926 2.541066 -1 0 0 0 0
1.7838 1.124466 2.54217 -0.916602016 0 -0.39980088 0 0
1.7838 1.121926 2.54217 -0.91663866 0 -0.399716858 0 0
1.7838 1.119248 2.54217 -0.91663866 0 -0.399716858 0 0
1.783847 1.119248 2.541946 -0.9921822 0 -0.124797761 0 0
1.7838 1.116502 2.54217 -0.916602016 0 -0.39980088 0 0
1.783847 1.116502 2.541946 -0.992194578 0 -0.124699319 0 0
1.783862 1.119248 2.541591 -0.999757991 0 -0.0219990756 0 0
1.783862 1.119248 2.541066 -1 0 0 0 0
1.783862 1.116502 2.541591 -0.999757991 0 -0.0219990756 0 0
1.783862 1.116502 2.541066 -1 0 0 0 0
1.783847 1.111067 2.46341 -0.9921822 0 0.124797761 0 0
1.7838 1.113756 2.463186 -0.916549376 0 0.399921544 0 0
1.7838 1.111067 2.463186 -0.916565368 0 0.399884891 0 0
1.783847 1.113756 2.46341 -0.9921822 0 0.124797761 0 0
1.783862 1.113756 2.463765 -0.999757991 0 0.0219990756 0 0
1.783862 1.111067 2.463765 -0.999757991 0 0.0219990756 0 0
1.783862 1.113756 2.46429 -1 0 0 0 0
1.783862 1.111067 2.46429 -1 0 0 0 0
1.783862 1.108492 2.463765 -0.999757991 0 0.0219990756 0 0
1.783847 1.108492 2.46341 -0.9921822 0 0.124797761 0 0
1.783862 1.108492 2.46429 -1 0 0 0 0
1.7838 1.108492 2.463186 -0.91663866 0 0.399716858 0 0
1.783847 1.111067 2.541946 -0.9921822 0 -0.124797761 0 0
1.783862 1.113756 2.541591 -0.999757991 0 -0.0219990756 0 0
1.783862 1.111067 2.541591 -0.999757991 0 -0.0219990756 0 0
1.783847 1.113756 2.541946 -0.9921822 0 -0.124797761 0 0
1.783862 1.113756 2.541066 -1 0 0 0 0
1.783862 1.111067 2.541066 -1 0 0 0 0
1.7838 1.113756 2.54217 -0.916602016 0 -0.39980088 0 0
1.7838 1.111067 2.54217 -0.916602016 0 -0.39980088 0 0
1.7838 1.108492 2.54217 -0.916549376 0 -0.399921544 0 0
1.783847 1.108492 2.541946 -0.9921822 0 -0.124797761 0 0
1.783862 1.108492 2.541591 -0.999757991 0 -0.0219990756 0 0
1.783862 1.108492 2.541066 -1 0 0 0 0
1.783847 1.152353 2.46341 -0.9921822 0 0.124797761 0 0
1.7838 1.158677 2.463186 -0.91663866 0 0.399716858 0 0
1.7838 1.152353 2.463186 -0.916602016 0 0.39980088 0 0
1.783847 1.158677 2.46341 -0.9921822 0 0.124797761 0 0
1.7838 1.165411 2.463186 -0.916565368 0 0.399884891 0 0
1.783847 1.165411 2.46341 -0.9921822 0 0.124797761 0 0
1.783862 1.158677 2.463765 -0.999760185 0 0.0218991279 0 0
1.783862 1.152353 2.463765 -0.999757991 0 0.0219990756 0 0
1.783862 1.158677 2.46429 -1 0 0 0 0
1.783862 1.152353 2.46429 -1 0 0 0 0
1.783862 1.165411 2.463765 -0.999757991 0 0.0219990756 0 0
1.783862 1.165411 2.46429 -1 0 0 0 0
1.783862 1.146852 2.463765 -0.999760185 0 0.0218991279 0 0
1.783847 1.146852 2.46341 -0.992194578 0 0.124699319 0 0
1.783862 1.142586 2.463765 -0.999757991 0 0.0219990756 0 0
1.783847 1.142586 2.46341 -0.992194578 0 0.124699319 0 0
1.783862 1.146852 2.46429 -1 0 0 0 0
1.783862 1.142586 2.46429 -1 0 0 0 0
1.7838 1.146852 2.463186 -0.916512717 0 0.40000555 0 0
1.7838 1.142586 2.463186 -0.916423369 0 0.400210205 0 0
1.783847 1.152353 2.541946 -0.9921822 0 -0.124797761 0 0
1.783862 1.158677 2.541591 -0.999757991 0 -0.0219990756 0 0
1.783862 1.152353 2.541591 -0.999757991 0 -0.0219990756 0 0
1.783847 1.158677 2.541946 -0.9921822 0 -0.124797761 0 0
1.783862 1.165411 2.541591 -0.999757991 0 -0.0219990756 0 0
1.783847 1.165411 2.541946 -0.9921822 0 -0.124797761 0 0
1.783862 1.158677 2.541066 -1 0 0 0 0
1.783862 1.152353 2.541066 -1 0 0 0 0
1.783862 1.165411 2.541066 -1 0 0 0 0
1.7838 1.158677 2.54217 -0.916512717 0 -0.40000555 0 0
1.7838 1.152353 2.54217 -0.916549376 0 -0.399921544 0 0
1.7838 1.165411 2.54217 -0.916565368 0 -0.399884891 0 0
1.7838 1.146852 2.54217 -0.916565368 0 -0.399884891 0 0
1.783847 1.146852 2.541946 -0.9921822 0 -0.124797761 0 0
1.7838 1.142586 2.54217 -0.916549376 0 -0.399921544 0 0
1.783847 1.142586 2.541946 -0.9921822 0 -0.124797761 0 0
1.783862 1.146852 2.541591 -0.999757991 0 -0.0219990756 0 0
1.783862 1.146852 2.541066 -1 0 0 0 0
1.783862 1.142586 2.541591 -0.999757991 0 -0.0219990756 0 0
1.783862 1.142586 2.541066 -1 0 0 0 0
1.783847 1.178881 2.46341 -0.992169814 0 0.1248962 0 0
1.7838 1.185616 2.463186 -0.91663866 0 0.399716858 0 0
1.7838 1.178881 2.463186 -0.91663866 0 0.399716858 0 0
1.783847 1.185616 2.46341 -0.992169814 0 0.1248962 0 0
1.7838 1.192351 2.463186 -0.91663866 0 0.399716858 0 0
1.783847 1.192351 2.46341 -0.992169814 0 0.1248962 0 0
1.783862 1.185616 2.463765 -0.999760185 0 0.0218991279 0 0
1.783862 1.178881 2.463765 -0.999760185 0 0.0218991279 0 0
1.783862 1.185616 2.46429 -1 0 0 0 0
1.783862 1.178881 2.46429 -1 0 0 0 0
1.783862 1.192351 2.463765 -0.999760185 0 0.0218991279 0 0
1.783862 1.192351 2.46429 -1 0 0 0 0
1.783862 1.172146 2.463765 -0.999757991 0 0.0219990756 0 0
1.783847 1.172146 2.46341 -0.9921822 0 0.124797761 0 0
1.783862 1.172146 2.46429 -1 0 0 0 0
1.7838 1.172146 2.463186 -0.916565368 0 0.399884891 0 0
1.783847 1.178881 2.541946 -0.992194578 0 -0.124699319 0 0
1.783862 1.185616 2.541591 -0.999757991 0 -0.0219990756 0 0
1.783862 1.178881 2.541591 -0.999757991 0 -0.0219990756 0 0
1.783847 1.185616 2.541946 -0.992194578 0 -0.124699319 0 0
1.783862 1.192351 2.541591 -0.999757991 0 -0.0219990756 0 0
1.783847 1.192351 2.541946 -0.992194578 0 -0.124699319 0 0
1.783862 1.185616 2.541066 -1 0 0 0 0
1.783862 1.178881 2.541066 -1 0 0 0 0
1.783862 1.192351 2.541066 -1 0 0 0 0
1.7838 1.185616 2.54217 -0.916512717 0 -0.40000555 0 0
1.7838 1.178881 2.54217 -0.916512717 0 -0.40000555 0 0
1.7838 1.192351 2.54217 -0.916512717 0 -0.40000555 0 0
1.7838 1.172146 2.54217 -0.916565368 0 -0.399884891 0 0
1.783847 1.172146 2.541946 -0.9921822 0 -0.124797761 0 0
1.783862 1.172146 2.541591 -0.999757991 0 -0.0219990756 0 0
1.783862 1.172146 2.541066 -1 0 0 0 0
1.783847 1.205821 2.46341 -0.9921822 0 0.124797761 0 0
1.7838 1.212556 2.463186 -0.91663866 0 0.399716858 0 0
1.7838 1.205821 2.463186 -0.916565368 0 0.399884891 0 0
1.783847 1.212556 2.46341 -0.992169814 0 0.1248962 0 0
1.7838 1.219291 2.463186 -0.91663866 0 0.399716858 0 0
1.783847 1.219291 2.46341 -0.992169814 0 0.1248962 0 0
1.783862 1.212556 2.463765 -0.999760185 0 0.0218991279 0 0
1.783862 1.205821 2.463765 -0.999757991 0 0.0219990756 0 0
1.783862 1.212556 2.46429 -1 0 0 0 0
1.783862 1.205821 2.46429 -1 0 0 0 0
1.783862 1.219291 2.463765 -0.999760185 0 0.0218991279 0 0
1.783862 1.219291 2.46429 -1 0 0 0 0
1.783862 1.199086 2.463765 -0.999757991 0 0.0219990756 0 0
1.783847 1.199086 2.46341 -0.9921822 0 0.124797761 0 0
1.783862 1.199086 2.46429 -1 0 0 0 0
1.7838 1.199086 2.463186 -0.916565368 0 0.399884891 0 0
1.783847 1.205821 2.541946 -0.9921822 0 -0.124797761 0 0
1.783862 1.212556 2.541591 -0.999757991 0 -0.0219990756 0 0
1.783862 1.205821 2.541591 -0.999757991 0 -0.0219990756 0 0
1.783847 1.212556 2.541946 -0.992194578 0 -0.124699319 0 0
1.783862 1.219291 2.541591 -0.999757991 0 -0.0219990756 0 0
1.783847 1.219291 2.541946 -0.992194578 0 -0.124699319 0 0
1.783862 1.212556 2.541066 -1 0 0 0 0
1.783862 1.205821 2.541066 -1 0 0 0 0
1.783862 1.219291 2.541066 -1 0 0 0 0
1.7838 1.212556 2.54217 -0.916512717 0 -0.40000555 0 0
1.7838 1.205821 2.54217 -0.916565368 0 -0.399884891 0 0
1.7838 1.219291 2.54217 -0.916512717 0 -0.40000555 0 0
1.7838 1.199086 2.54217 -0.916565368 0 -0.399884891 0 0
1.783847 1.199086 2.541946 -0.9921822 0 -0.124797761 0 0
1.783862 1.199086 2.541591 -0.999757991 0 -0.0219990756 0 0
1.783862 1.199086 2.541066 -1 0 0 0 0
1.783847 1.232748 2.46341 -0.9921822 0 0.124797761 0 0
1.7838 1.239443 2.463186 -0.916602016 0 0.39980088 0 0
1.7838 1.232748 2.463186 -0.916512717 0 0.40000555 0 0
1.783847 1.239443 2.46341 -0.9921822 0 0.124797761 0 0
1.7838 1.246099 2.463186 -0.916565368 0 0.399884891 0 0
1.783847 1.246099 2.46341 -0.9921822 0 0.124797761 0 0
1.783862 1.239443 2.463765 -0.999757991 0 0.0219990756 0 0
1.783862 1.232748 2.463765 -0.999757991 0 0.0219990756 0 0
1.783862 1.239443 2.46429 -1 0 0 0 0
1.783862 1.232748 2.46429 -1 0 0 0 0
1.783862 1.246099 2.463765 -0.999757991 0 0.0219990756 0 0
1.783862 1.246099 2.46429 -1 0 0 0 0
1.783862 1.226026 2.463765 -0.999757991 0 0.0219990756 0 0
1.783847 1.226026 2.46341 -0.9921822 0 0.124797761 0 0
1.783862 1.226026 2.46429 -1 0 0 0 0
1.7838 1.226026 2.463186 -0.916549376 0 0.399921544 0 0
1.783847 1.232748 2.541946 -0.9921822 0 -0.124797761 0 0
1.783862 1.239443 2.541591 -0.999757991 0 -0.0219990756 0 0
1.783862 1.232748 2.541591 -0.999757991 0 -0.0219990756 0 0
1.783847 1.239443 2.541946 -0.9921822 0 -0.124797761 0 0
1.783862 1.246099 2.541591 -0.999757991 0 -0.0219990756 0 0
1.783847 1.246099 2.541946 -0.9921822 0 -0.124797761 0 0
1.783862 1.239443 2.541066 -1 0 0 0 0
1.783862 1.232748 2.541066 -1 0 0 0 0
1.783862 1.246099 2.541066 -1 0 0 0 0
1.7838 1.239443 2.54217 -0.916602016 0 -0.39980088 0 0
1.7838 1.232748 2.54217 -0.91663866 0 -0.399716858 0 0
1.7838 1.246099 2.54217 -0.916549376 0 -0.399921544 0 0
1.7838 1.226026 2.54217 -0.916565368 0 -0.399884891 0 0
1.783847 1.226026 2.541946 -0.9921822 0 -0.124797761 0 0
1.783862 1.226026 2.541591 -0.999757991 0 -0.0219990756 0 0
1.783862 1.226026 2.541066 -1 0 0 0 0
1.783847 1.092633 2.541946 -0.9921822 0 -0.124797761 0 0
1.783862 1.093559 2.541591 -0.999757991 0 -0.0219990756 0 0
1.783862 1.092633 2.541591 -0.999757991 0 -0.0219990756 0 0
1.783847 1.093559 2.541946 -0.9921822 0 -0.124797761 0 0
1.783862 1.093559 2.541066 -1 0 0 0 0
1.783862 1.092633 2.541066 -1 0 0 0 0
1.7838 1.093559 2.54217 -0.916602016 0 -0.39980088 0 0
1.7838 1.092633 2.54217 -0.916512717 0 -0.40000555 0 0
1.7838 1.091756 2.54217 -0.916565368 0 -0.399884891 0 0
1.783847 1.091756 2.541946 -0.9921822 0 -0.124797761 0 0
1.7838 1.090958 2.54217 -0.916602016 0 -0.39980088 0 0
1.783847 1.090958 2.541946 -0.9921822 0 -0.124797761 0 0
1.783862 1.091756 2.541591 -0.999757991 0 -0.0219990756 0 0
1.783862 1.091756 2.541066 -1 0 0 0 0
1.783862 1.090958 2.541591 -0.999760185 0 -0.0218991279 0 0
1.783862 1.090958 2.541066 -1 0 0 0 0
1.783847 1.092633 2.46341 -0.9921822 0 0.124797761 0 0
1.7838 1.093559 2.463186 -0.916549376 0 0.399921544 0 0
1.7838 1.092633 2.463186 -0.91663866 0 0.399716858 0 0
1.783847 1.093559 2.46341 -0.992194578 0 0.124699319 0 0
1.783862 1.093559 2.463765 -0.999757991 0 0.0219990756 0 0
1.783862 1.092633 2.463765 -0.999757991 0 0.0219990756 0 0
1.783862 1.093559 2.46429 -1 0 0 0 0
1.783862 1.092633 2.46429 -1 0 0 0 0
1.783862 1.091756 2.463765 -0.999757991 0 0.0219990756 0 0
1.783847 1.091756 2.46341 -0.9921822 0 0.124797761 0 0
1.783862 1.090958 2.463765 -0.999760185 0 0.0218991279 0 0
1.783847 1.090958 2.46341 -0.9921822 0 0.124797761 0 0
1.783862 1.091756 2.46429 -1 0 0 0 0
1.783862 1.090958 2.46429 -1 0 0 0 0
1.7838 1.091756 2.463186 -0.916549376 0 0.399921544 0 0
1.7838 1.090958 2.463186 -0.916512717 0 0.40000555 0 0
1.783832 1.089699 2.463411 -0.989954315 0.065103572 0.125506886 0 0
1.7838 1.09027 2.463186 -0.916469528 0.0131995611 0.399886704 0 0
1.783786 1.089709 2.463191 -0.912681112 0.0660986321 0.403291654 0 0
1.783847 1.09027 2.46341 -0.992131302 0.0132004165 0.124503928 0 0
1.783862 1.09027 2.463765 -0.99967122 0.0134996114 0.0217993724 0 0
1.783847 1.089696 2.463765 -0.997656009 0.0648971384 0.0216990432 0 0
1.783862 1.09027 2.46429 -0.999907514 0.0136001022 0 0 0
1.783847 1.089696 2.46429 -0.997885326 0.0649990442 0 0 0
1.7838 1.089243 2.463765 -0.981438017 0.190407376 0.0229008871 0 0
1.783786 1.089255 2.463415 -0.97165216 0.19281035 0.136807344 0 0
1.7838 1.089243 2.46429 -0.981918608 0.189303587 0 0 0
1.783744 1.089294 2.463207 -0.888997306 0.184499441 0.41909873 0 0
1.783832 1.089699 2.541945 -0.989947865 0.0652031526 -0.125506068 0 0
1.783862 1.09027 2.541591 -0.999669036 0.0134995819 -0.0218993217 0 0
1.783847 1.089696 2.541591 -0.997656009 0.0648971384 -0.0216990432 0 0
1.783847 1.09027 2.541946 -0.99214365 0.0132005808 -0.124405473 0 0
1.783862 1.09027 2.541066 -0.999907514 0.0136001022 0 0 0
1.783847 1.089696 2.541066 -0.997885326 0.0649990442 0 0 0
1.7838 1.09027 2.54217 -0.916380202 0.0131997148 -0.400091356 0 0
1.783786 1.089709 2.542165 -0.912500388 0.0661000281 -0.403700172 0 0
1.783744 1.089294 2.54215 -0.889204584 0.184400951 -0.418702158 0 0
1.783786 1.089255 2.541941 -0.971620122 0.192903995 -0.136902835 0 0
1.7838 1.089243 2.541591 -0.9814567 0.190310995 -0.022901323 0 0
1.7838 1.089243 2.541066 -0.981918608 0.189303587 0 0 0
1.783832 1.272341 2.463411 -0.991317973 -0.0462008376 0.123102232 0 0
1.7838 1.272907 2.463765 -0.938831409 -0.343711499 0.021400716 0 0
1.783786 1.272902 2.463415 -0.930621721 -0.34360802 0.126002941 0 0
1.783847 1.272342 2.463765 -0.99867722 -0.0467989325 0.0212995142 0 0
1.7838 1.272907 2.46429 -0.939081923 -0.343693384 0 0 0
1.783847 1.272342 2.46429 -0.99889959 -0.0468999808 0 0 0
1.783862 1.270961 2.463765 -0.999746644 -0.00560026129 0.0218010172 0 0
1.783847 1.270961 2.46341 -0.992217185 -0.00540009353 0.124402155 0 0
1.783862 1.268382 2.463765 -0.999757991 0 0.0219990756 0 0
1.783847 1.268382 2.46341 -0.9921822 0 0.124797761 0 0
1.783862 1.270961 2.46429 -0.99998432 -0.00559991219 0 0 0
1.783862 1.268382 2.46429 -1 0 0 0 0
1.7838 1.270961 2.463186 -0.916625295 -0.00540014902 0.39971103 0 0
1.783786 1.272337 2.463191 -0.915289648 -0.0456994831 0.400195474 0 0
1.7838 1.268382 2.463186 -0.916602016 0 0.39980088 0 0
1.783744 1.272887 2.463207 -0.860093936 -0.325497705 0.392797231 0 0
1.783847 1.258872 2.46341 -0.9921822 0 0.124797761 0 0
1.783862 1.264226 2.463765 -0.999757991 0 0.0219990756 0 0
1.783847 1.264226 2.46341 -0.9921822 0 0.124797761 0 0
1.783862 1.258872 2.463765 -0.999757991 0 0.0219990756 0 0
1.783862 1.264226 2.46429 -1 0 0 0 0
1.783862 1.258872 2.46429 -1 0 0 0 0
1.783862 1.252703 2.463765 -0.999757991 0 0.0219990756 0 0
1.783847 1.252703 2.46341 -0.9921822 0 0.124797761 0 0
1.783862 1.252703 2.46429 -1 0 0 0 0
1.7838 1.252703 2.463186 -0.916565368 0 0.399884891 0 0
1.7838 1.258872 2.463186 -0.916565368 0 0.399884891 0 0
1.7838 1.264226 2.463186 -0.916602016 0 0.39980088 0 0
1.783832 1.272341 2.541945 -0.991322548 -0.0461010486 -0.1231028 0 0
1.783744 1.272887 2.54215 -0.860365007 -0.325224573 -0.392429651 0 0
1.783786 1.272902 2.541941 -0.93059825 -0.343599354 -0.126199763 0 0
1.783786 1.272337 2.542165 -0.915362897 -0.0457031404 -0.400027487 0 0
1.7838 1.270961 2.54217 -0.916588653 -0.00539993315 -0.399795051 0 0
1.783847 1.270961 2.541946 -0.992217185 -0.00540009353 -0.124402155 0 0
1.7838 1.268382 2.54217 -0.916549376 0 -0.399921544 0 0
1.783847 1.268382 2.541946 -0.9921822 0 -0.124797761 0 0
1.783862 1.270961 2.541591 -0.999746644 -0.00560026129 -0.0218010172 0 0
1.783847 1.272342 2.541591 -0.998681889 -0.0466991531 -0.0212996137 0 0
1.783862 1.270961 2.541066 -0.99998432 -0.00559991219 0 0 0
1.783847 1.272342 2.541066 -0.998894901 -0.0469997601 0 0 0
1.783862 1.268382 2.541591 -0.999757991 0 -0.0219990756 0 0
1.783862 1.268382 2.541066 -1 0 0 0 0
1.7838 1.272907 2.541591 -0.938754984 -0.343920144 -0.0214012535 0 0
1.7838 1.272907 2.541066 -0.939037825 -0.343813849 0 0 0
1.783847 1.258872 2.541946 -0.9921822 0 -0.124797761 0 0
1.7838 1.264226 2.54217 -0.916512717 0 -0.40000555 0 0
1.783847 1.264226 2.541946 -0.9921822 0 -0.124797761 0 0
1.7838 1.258872 2.54217 -0.916549376 0 -0.399921544 0 0
1.7838 1.252703 2.54217 -0.916512717 0 -0.40000555 0 0
1.783847 1.252703 2.541946 -0.9921822 0 -0.124797761 0 0
1.783862 1.252703 2.541591 -0.999760185 0 -0.0218991279 0 0
1.783862 1.258872 2.541591 -0.999757991 0 -0.0219990756 0 0
1.783862 1.252703 2.541066 -1 0 0 0 0
1.783862 1.258872 2.541066 -1 0 0 0 0
1.783862 1.264226 2.541591 -0.999757991 0 -0.0219990756 0 0
1.783862 1.264226 2.541066 -1 0 0 0 0
1.783862 1.10197 2.466936 -1 0 0 0 0
1.783862 1.103915 2.465025 -1 0 0 0 0
1.783862 1.10197 2.465025 -1 0 0 0 0
1.783862 1.103915 2.466936 -1 0 0 0 0
1.783862 1.106089 2.465025 -1 0 0 0 0
1.783862 1.106089 2.466936 -1 0 0 0 0
1.783862 1.103915 2.47099 -1 0 0 0 0
1.783862 1.10197 2.47099 -1 0 0 0 0
1.783862 1.103915 2.478155 -1 0 0 0 0
1.783862 1.10197 2.478155 -1 0 0 0 0
1.783862 1.106089 2.47099 -1 0 0 0 0
1.783862 1.106089 2.478155 -1 0 0 0 0
1.783862 1.100254 2.47099 -1 0 0 0 0
1.783862 1.100254 2.466936 -1 0 0 0 0
1.783862 1.098766 2.47099 -1 0 0 0 0
1.783862 1.098766 2.466936 -1 0 0 0 0
1.783862 1.100254 2.478155 -1 0 0 0 0
1.783862 1.098766 2.478155 -1 0 0 0 0
1.783862 1.100254 2.465025 -1 0 0 0 0
1.783862 1.098766 2.465025 -1 0 0 0 0
1.783862 1.10197 2.502678 -1 0 0 0 0
1.783862 1.103915 2.489397 -1 0 0 0 0
1.783862 1.10197 2.489397 -1 0 0 0 0
1.783862 1.103915 2.502678 -1 0 0 0 0
1.783862 1.106089 2.489397 -1 0 0 0 0
1.783862 1.106089 2.502678 -1 0 0 0 0
1.783862 1.103915 2.515959 -1 0 0 0 0
1.783862 1.10197 2.515959 -1 0 0 0 0
1.783862 1.103915 2.527201 -1 0 0 0 0
1.783862 1.10197 2.527201 -1 0 0 0 0
1.783862 1.106089 2.515959 -1 0 0 0 0
1.783862 1.106089 2.527201 -1 0 0 0 0
1.783862 1.100254 2.515959 -1 0 0 0 0
1.783862 1.100254 2.502678 -1 0 0 0 0
1.783862 1.098766 2.515959 -1 0 0 0 0
1.783862 1.098766 2.502678 -1 0 0 0 0
1.783862 1.100254 2.527201 -1 0 0 0 0
1.783862 1.098766 2.527201 -1 0 0 0 0
1.783862 1.100254 2.489397 -1 0 0 0 0
1.783862 1.098766 2.489397 -1 0 0 0 0
1.783862 1.10197 2.53842 -1 0 0 0 0
1.783862 1.103915 2.534366 -1 0 0 0 0
1.783862 1.10197 2.534366 -1 0 0 0 0
1.783862 1.103915 2.53842 -1 0 0 0 0
1.783862 1.106089 2.534366 -1 0 0 0 0
1.783862 1.106089 2.53842 -1 0 0 0 0
1.783862 1.103915 2.540331 -1 0 0 0 0
1.783862 1.10197 2.540331 -1 0 0 0 0
1.783862 1.106089 2.540331 -1 0 0 0 0
1.783862 1.100254 2.540331 -1 0 0 0 0
1.783862 1.100254 2.53842 -1 0 0 0 0
1.783862 1.098766 2.540331 -1 0 0 0 0
1.783862 1.098766 2.53842 -1 0 0 0 0
1.783862 1.100254 2.534366 -1 0 0 0 0
1.783862 1.098766 2.534366 -1 0 0 0 0
1.783862 1.096418 2.466936 -1 0 0 0 0
1.783862 1.097507 2.465025 -1 0 0 0 0
1.783862 1.096418 2.465025 -1 0 0 0 0
1.783862 1.097507 2.466936 -1 0 0 0 0
1.783862 1.097507 2.47099 -1 0 0 0 0
1.783862 1.096418 2.47099 -1 0 0 0 0
1.783862 1.097507 2.478155 -1 0 0 0 0
1.783862 1.096418 2.478155 -1 0 0 0 0
1.783862 1.095436 2.47099 -1 0 0 0 0
1.783862 1.095436 2.466936 -1 0 0 0 0
1.783862 1.094503 2.47099 -1 0 0 0 0
1.783862 1.094503 2.466936 -1 0 0 0 0
1.783862 1.095436 2.478155 -1 0 0 0 0
1.783862 1.094503 2.478155 -1 0 0 0 0
1.783862 1.095436 2.465025 -1 0 0 0 0
1.783862 1.094503 2.465025 -1 0 0 0 0
1.783862 1.096418 2.502678 -1 0 0 0 0
1.783862 1.097507 2.489397 -1 0 0 0 0
1.783862 1.096418 2.489397 -1 0 0 0 0
1.783862 1.097507 2.502678 -1 0 0 0 0
1.783862 1.097507 2.515959 -1 0 0 0 0
1.783862 1.096418 2.515959 -1 0 0 0 0
1.783862 1.097507 2.527201 -1 0 0 0 0
1.783862 1.096418 2.527201 -1 0 0 0 0
1.783862 1.095436 2.515959 -1 0 0 0 0
1.783862 1.095436 2.502678 -1 0 0 0 0
1.783862 1.094503 2.515959 -1 0 0 0 0
1.783862 1.094503 2.502678 -1 0 0 0 0
1.783862 1.095436 2.527201 -1 0 0 0 0
1.783862 1.094503 2.527201 -1 0 0 0 0
1.783862 1.095436 2.489397 -1 0 0 0 0
1.783862 1.094503 2.489397 -1 0 0 0 0
1.783862 1.096418 2.53842 -1 0 0 0 0
1.783862 1.097507 2.534366 -1 0 0 0 0
1.783862 1.096418 2.534366 -1 0 0 0 0
1.783862 1.097507 2.53842 -1 0 0 0 0
1.783862 1.097507 2.540331 -1 0 0 0 0
1.783862 1.096418 2.540331 -1 0 0 0 0
1.783862 1.095436 2.540331 -1 0 0 0 0
1.783862 1.095436 2.53842 -1 0 0 0 0
1.783862 1.094503 2.540331 -1 0 0 0 0
1.783862 1.094503 2.53842 -1 0 0 0 0
1.783862 1.095436 2.534366 -1 0 0 0 0
1.783862 1.094503 2.534366 -1 0 0 0 0
1.783862 1.13067 2.466936 -1 0 0 0 0
1.783862 1.132255 2.465025 -1 0 0 0 0
1.783862 1.13067 2.465025 -1 0 0 0 0
1.783862 1.132255 2.466936 -1 0 0 0 0
1.783862 1.133639 2.465025 -1 0 0 0 0
1.783862 1.133639 2.466936 -1 0 0 0 0
1.783862 1.132255 2.47099 -1 0 0 0 0
1.783862 1.13067 2.47099 -1 0 0 0 0
1.783862 1.132255 2.478155 -1 0 0 0 0
1.783862 1.13067 2.478155 -1 0 0 0 0
1.783862 1.133639 2.47099 -1 0 0 0 0
1.783862 1.133639 2.478155 -1 0 0 0 0
1.783862 1.12886 2.47099 -1 0 0 0 0
1.783862 1.12886 2.466936 -1 0 0 0 0
1.783862 1.1268 2.47099 -1 0 0 0 0
1.783862 1.1268 2.466936 -1 0 0 0 0
1.783862 1.12886 2.478155 -1 0 0 0 0
1.783862 1.1268 2.478155 -1 0 0 0 0
1.783862 1.12886 2.465025 -1 0 0 0 0
1.783862 1.1268 2.465025 -1 0 0 0 0
1.783862 1.13067 2.502678 -1 0 0 0 0
1.783862 1.132255 2.489397 -1 0 0 0 0
1.783862 1.13067 2.489397 -1 0 0 0 0
1.783862 1.132255 2.502678 -1 0 0 0 0
1.783862 1.133639 2.489397 -1 0 0 0 0
1.783862 1.133639 2.502678 -1 0 0 0 0
1.783862 1.132255 2.515959 -1 0 0 0 0
1.783862 1.13067 2.515959 -1 0 0 0 0
1.783862 1.132255 2.527201 -1 0 0 0 0
1.783862 1.13067 2.527201 -1 0 0 0 0
1.783862 1.133639 2.515959 -1 0 0 0 0
1.783862 1.133639 2.527201 -1 0 0 0 0
1.783862 1.12886 2.515959 -1 0 0 0 0
1.783862 1.12886 2.502678 -1 0 0 0 0
1.783862 1.1268 2.515959 -1 0 0 0 0
1.783862 1.1268 2.502678 -1 0 0 0 0
1.783862 1.12886 2.527201 -1 0 0 0 0
1.783862 1.1268 2.527201 -1 0 0 0 0
1.783862 1.12886 2.489397 -1 0 0 0 0
1.783862 1.1268 2.489397 -1 0 0 0 0
1.783862 1.13067 2.53842 -1 0 0 0 0
1.783862 1.132255 2.534366 -1 0 0 0 0
1.783862 1.13067 2.534366 -1 0 0 0 0
1.783862 1.132255 2.53842 -1 0 0 0 0
1.783862 1.133639 2.534366 -1 0 0 0 0
1.783862 1.133639 2.53842 -1 0 0 0 0
1.783862 1.132255 2.540331 -1 0 0 0 0
1.783862 1.13067 2.540331 -1 0 0 0 0
1.783862 1.133639 2.540331 -1 0 0 0 0
1.783862 1.12886 2.540331 -1 0 0 0 0
1.783862 1.12886 2.53842 -1 0 0 0 0
1.783862 1.1268 2.540331 -1 0 0 0 0
1.783862 1.1268 2.53842 -1 0 0 0 0
1.783862 1.12886 2.534366 -1 0 0 0 0
1.783862 1.1268 2.534366 -1 0 0 0 0
1.783862 1.121926 2.466936 -1 0 0 0 0
1.783862 1.124466 2.465025 -1 0 0 0 0
1.783862 1.121926 2.465025 -1 0 0 0 0
1.783862 1.124466 2.466936 -1 0 0 0 0
1.783862 1.124466 2.47099 -1 0 0 0 0
1.783862 1.121926 2.47099 -1 0 0 0 0
1.783862 1.124466 2.478155 -1 0 0 0 0
1.783862 1.121926 2.478155 -1 0 0 0 0
1.783862 1.119248 2.47099 -1 0 0 0 0
1.783862 1.119248 2.466936 -1 0 0 0 0
1.783862 1.116502 2.47099 -1 0 0 0 0
1.783862 1.116502 2.466936 -1 0 0 0 0
1.783862 1.119248 2.478155 -1 0 0 0 0
1.783862 1.116502 2.478155 -1 0 0 0 0
1.783862 1.119248 2.465025 -1 0 0 0 0
1.783862 1.116502 2.465025 -1 0 0 0 0
1.783862 1.121926 2.502678 -1 0 0 0 0
1.783862 1.124466 2.489397 -1 0 0 0 0
1.783862 1.121926 2.489397 -1 0 0 0 0
1.783862 1.124466 2.502678 -1 0 0 0 0
1.783862 1.124466 2.515959 -1 0 0 0 0
1.783862 1.121926 2.515959 -1 0 0 0 0
1.783862 1.124466 2.527201 -1 0 0 0 0
1.783862 1.121926 2.527201 -1 0 0 0 0
1.783862 1.119248 2.515959 -1 0 0 0 0
1.783862 1.119248 2.502678 -1 0 0 0 0
1.783862 1.116502 2.515959 -1 0 0 0 0
1.783862 1.116502 2.502678 -1 0 0 0 0
1.783862 1.119248 2.527201 -1 0 0 0 0
1.783862 1.116502 2.527201 -1 0 0 0 0
1.783862 1.119248 2.489397 -1 0 0 0 0
1.783862 1.116502 2.489397 -1 0 0 0 0
1.783862 1.121926 2.53842 -1 0 0 0 0
1.783862 1.124466 2.534366 -1 0 0 0 0
1.783862 1.121926 2.534366 -1 0 0 0 0
1.783862 1.124466 2.53842 -1 0 0 0 0
1.783862 1.124466 2.540331 -1 0 0 0 0
1.783862 1.121926 2.540331 -1 0 0 0 0
1.783862 1.119248 2.540331 -1 0 0 0 0
1.783862 1.119248 2.53842 -1 0 0 0 0
1.783862 1.116502 2.540331 -1 0 0 0 0
1.783862 1.116502 2.53842 -1 0 0 0 0
1.783862 1.119248 2.534366 -1 0 0 0 0
1.783862 1.116502 2.534366 -1 0 0 0 0
1.783862 1.111067 2.466936 -1 0 0 0 0
1.783862 1.113756 2.465025 -1 0 0 0 0
1.783862 1.111067 2.465025 -1 0 0 0 0
1.783862 1.113756 2.466936 -1 0 0 0 0
1.783862 1.113756 2.47099 -1 0 0 0 0
1.783862 1.111067 2.47099 -1 0 0 0 0
1.783862 1.113756 2.478155 -1 0 0 0 0
1.783862 1.111067 2.478155 -1 0 0 0 0
1.783862 1.108492 2.47099 -1 0 0 0 0
1.783862 1.108492 2.466936 -1 0 0 0 0
1.783862 1.108492 2.478155 -1 0 0 0 0
1.783862 1.108492 2.465025 -1 0 0 0 0
1.783862 1.111067 2.502678 -1 0 0 0 0
1.783862 1.113756 2.489397 -1 0 0 0 0
1.783862 1.111067 2.489397 -1 0 0 0 0
1.783862 1.113756 2.502678 -1 0 0 0 0
1.783862 1.113756 2.515959 -1 0 0 0 0
1.783862 1.111067 2.515959 -1 0 0 0 0
1.783862 1.113756 2.527201 -1 0 0 0 0
1.783862 1.111067 2.527201 -1 0 0 0 0
1.783862 1.108492 2.515959 -1 0 0 0 0
1.783862 1.108492 2.502678 -1 0 0 0 0
1.783862 1.108492 2.527201 -1 0 0 0 0
1.783862 1.108492 2.489397 -1 0 0 0 0
1.783862 1.111067 2.53842 -1 0 0 0 0
1.783862 1.113756 2.534366 -1 0 0 0 0
1.783862 1.111067 2.534366 -1 0 0 0 0
1.783862 1.113756 2.53842 -1 0 0 0 0
1.783862 1.113756 2.540331 -1 0 0 0 0
1.783862 1.111067 2.540331 -1 0 0 0 0
1.783862 1.108492 2.540331 -1 0 0 0 0
1.783862 1.108492 2.53842 -1 0 0 0 0
1.783862 1.108492 2.534366 -1 0 0 0 0
1.783862 1.152353 2.466936 -1 0 0 0 0
1.783862 1.158677 2.465025 -1 0 0 0 0
1.783862 1.152353 2.465025 -1 0 0 0 0
1.783862 1.158677 2.466936 -1 0 0 0 0
1.783862 1.165411 2.465025 -1 0 0 0 0
1.783862 1.165411 2.466936 -1 0 0 0 0
1.783862 1.158677 2.47099 -1 0 0 0 0
1.783862 1.152353 2.47099 -1 0 0 0 0
1.783862 1.158677 2.478155 -1 0 0 0 0
1.783862 1.152353 2.478155 -1 0 0 0 0
1.783862 1.165411 2.47099 -1 0 0 0 0
1.783862 1.165411 2.478155 -1 0 0 0 0
1.783862 1.146852 2.47099 -1 0 0 0 0
1.783862 1.146852 2.466936 -1 0 0 0 0
1.783862 1.142586 2.47099 -1 0 0 0 0
1.783862 1.142586 2.466936 -1 0 0 0 0
1.783862 1.146852 2.478155 -1 0 0 0 0
1.783862 1.142586 2.478155 -1 0 0 0 0
1.783862 1.146852 2.465025 -1 0 0 0 0
1.783862 1.142586 2.465025 -1 0 0 0 0
1.783862 1.152353 2.502678 -1 0 0 0 0
1.783862 1.158677 2.489397 -1 0 0 0 0
1.783862 1.152353 2.489397 -1 0 0 0 0
1.783862 1.158677 2.502678 -1 0 0 0 0
1.783862 1.165411 2.489397 -1 0 0 0 0
1.783862 1.165411 2.502678 -1 0 0 0 0
1.783862 1.158677 2.515959 -1 0 0 0 0
1.783862 1.152353 2.515959 -1 0 0 0 0
1.783862 1.158677 2.527201 -1 0 0 0 0
1.783862 1.152353 2.527201 -1 0 0 0 0
1.783862 1.165411 2.515959 -1 0 0 0 0
1.783862 1.165411 2.527201 -1 0 0 0 0
1.783862 1.146852 2.515959 -1 0 0 0 0
1.783862 1.146852 2.502678 -1 0 0 0 0
1.783862 1.142586 2.515959 -1 0 0 0 0
1.783862 1.142586 2.502678 -1 0 0 0 0
1.783862 1.146852 2.527201 -1 0 0 0 0
1.783862 1.142586 2.527201 -1 0 0 0 0
1.783862 1.146852 2.489397 -1 0 0 0 0
1.783862 1.142586 2.489397 -1 0 0 0 0
1.783862 1.152353 2.53842 -1 0 0 0 0
1.783862 1.158677 2.534366 -1 0 0 0 0
1.783862 1.152353 2.534366 -1 0 0 0 0
1.783862 1.158677 2.53842 -1 0 0 0 0
1.783862 1.165411 2.534366 -1 0 0 0 0
1.783862 1.165411 2.53842 -1 0 0 0 0
1.783862 1.158677 2.540331 -1 0 0 0 0
1.783862 1.152353 2.540331 -1 0 0 0 0
1.783862 1.165411 2.540331 -1 0 0 0 0
1.783862 1.146852 2.540331 -1 0 0 0 0
1.783862 1.146852 2.53842 -1 0 0 0 0
1.783862 1.142586 2.540331 -1 0 0 0 0
1.783862 1.142586 2.53842 -1 0 0 0 0
1.783862 1.146852 2.534366 -1 0 0 0 0
1.783862 1.142586 2.534366 -1 0 0 0 0
1.783862 1.178881 2.466936 -1 0 0 0 0
1.783862 1.185616 2.465025 -1 0 0 0 0
1.783862 1.178881 2.465025 -1 0 0 0 0
1.783862 1.185616 2.466936 -1 0 0 0 0
1.783862 1.192351 2.465025 -1 0 0 0 0
1.783862 1.192351 2.466936 -1 0 0 0 0
1.783862 1.185616 2.47099 -1 0 0 0 0
1.783862 1.178881 2.47099 -1 0 0 0 0
1.783862 1.185616 2.478155 -1 0 0 0 0
1.783862 1.178881 2.478155 -1 0 0 0 0
1.783862 1.192351 2.47099 -1 0 0 0 0
1.783862 1.192351 2.478155 -1 0 0 0 0
1.783862 1.172146 2.47099 -1 0 0 0 0
1.783862 1.172146 2.466936 -1 0 0 0 0
1.783862 1.172146 2.478155 -1 0 0 0 0
1.783862 1.172146 2.465025 -1 0 0 0 0
1.783862 1.178881 2.502678 -1 0 0 0 0
1.783862 1.185616 2.489397 -1 0 0 0 0
1.783862 1.178881 2.489397 -1 0 0 0 0
1.783862 1.185616 2.502678 -1 0 0 0 0
1.783862 1.192351 2.489397 -1 0 0 0 0
1.783862 1.192351 2.502678 -1 0 0 0 0
1.783862 1.185616 2.515959 -1 0 0 0 0
1.783862 1.178881 2.515959 -1 0 0 0 0
1.783862 1.185616 2.527201 -1 0 0 0 0
1.783862 1.178881 2.527201 -1 0 0 0 0
1.783862 1.192351 2.515959 -1 0 0 0 0
1.783862 1.192351 2.527201 -1 0 0 0 0
1.783862 1.172146 2.515959 -1 0 0 0 0
1.783862 1.172146 2.502678 -1 0 0 0 0
1.783862 1.172146 2.527201 -1 0 0 0 0
1.783862 1.172146 2.489397 -1 0 0 0 0
1.783862 1.178881 2.53842 -1 0 0 0 0
1.783862 1.185616 2.534366 -1 0 0 0 0
1.783862 1.178881 2.534366 -1 0 0 0 0
1.783862 1.185616 2.53842 -1 0 0 0 0
1.783862 1.192351 2.534366 -1 0 0 0 0
1.783862 1.192351 2.53842 -1 0 0 0 0
1.783862 1.185616 2.540331 -1 0 0 0 0
1.783862 1.178881 2.540331 -1 0 0 0 0
1.783862 1.192351 2.540331 -1 0 0 0 0
1.783862 1.172146 2.540331 -1 0 0 0 0
1.783862 1.172146 2.53842 -1 0 0 0 0
1.783862 1.172146 2.534366 -1 0 0 0 0
1.783862 1.205821 2.466936 -1 0 0 0 0
1.783862 1.212556 2.465025 -1 0 0 0 0
1.783862 1.205821 2.465025 -1 0 0 0 0
1.783862 1.212556 2.466936 -1 0 0 0 0
1.783862 1.219291 2.465025 -1 0 0 0 0
1.783862 1.219291 2.466936 -1 0 0 0 0
1.783862 1.212556 2.47099 -1 0 0 0 0
1.783862 1.205821 2.47099 -1 0 0 0 0
1.783862 1.212556 2.478155 -1 0 0 0 0
1.783862 1.205821 2.478155 -1 0 0 0 0
1.783862 1.219291 2.47099 -1 0 0 0 0
1.783862 1.219291 2.478155 -1 0 0 0 0
1.783862 1.199086 2.47099 -1 0 0 0 0
1.783862 1.199086 2.466936 -1 0 0 0 0
1.783862 1.199086 2.478155 -1 0 0 0 0
1.783862 1.199086 2.465025 -1 0 0 0 0
1.783862 1.205821 2.502678 -1 0 0 0 0
1.783862 1.212556 2.489397 -1 0 0 0 0
1.783862 1.205821 2.489397 -1 0 0 0 0
1.783862 1.212556 2.502678 -1 0 0 0 0
1.783862 1.219291 2.489397 -1 0 0 0 0
1.783862 1.219291 2.502678 -1 0 0 0 0
1.783862 1.212556 2.515959 -1 0 0 0 0
1.783862 1.205821 2.515959 -1 0 0 0 0
1.783862 1.212556 2.527201 -1 0 0 0 0
1.783862 1.205821 2.527201 -1 0 0 0 0
1.783862 1.219291 2.515959 -1 0 0 0 0
1.783862 1.219291 2.527201 -1 0 0 0 0
1.783862 1.199086 2.515959 -1 0 0 0 0
1.783862 1.199086 2.502678 -1 0 0 0 0
1.783862 1.199086 2.527201 -1 0 0 0 0
1.783862 1.199086 2.489397 -1 0 0 0 0
1.783862 1.205821 2.53842 -1 0 0 0 0
1.783862 1.212556 2.534366 -1 0 0 0 0
1.783862 1.205821 2.534366 -1 0 0 0 0
1.783862 1.212556 2.53842 -1 0 0 0 0
1.783862 1.219291 2.534366 -1 0 0 0 0
1.783862 1.219291 2.53842 -1 0 0 0 0
1.783862 1.212556 2.540331 -1 0 0 0 0
1.783862 1.205821 2.540331 -1 0 0 0 0
1.783862 1.219291 2.540331 -1 0 0 0 0
1.783862 1.199086 2.540331 -1 0 0 0 0
1.783862 1.199086 2.53842 -1 0 0 0 0
1.783862 1.199086 2.534366 -1 0 0 0 0
1.783862 1.232748 2.466936 -1 0 0 0 0
1.783862 1.239443 2.465025 -1 0 0 0 0
1.783862 1.232748 2.465025 -1 0 0 0 0
1.783862 1.239443 2.466936 -1 0 0 0 0
1.783862 1.246099 2.465025 -1 0 0 0 0
1.783862 1.246099 2.466936 -1 0 0 0 0
1.783862 1.239443 2.47099 -1 0 0 0 0
1.783862 1.232748 2.47099 -1 0 0 0 0
1.783862 1.239443 2.478155 -1 0 0 0 0
1.783862 1.232748 2.478155 -1 0 0 0 0
1.783862 1.246099 2.47099 -1 0 0 0 0
1.783862 1.246099 2.478155 -1 0 0 0 0
1.783862 1.226026 2.47099 -1 0 0 0 0
1.783862 1.226026 2.466936 -1 0 0 0 0
1.783862 1.226026 2.478155 -1 0 0 0 0
1.783862 1.226026 2.465025 -1 0 0 0 0
1.783862 1.232748 2.502678 -1 0 0 0 0
1.783862 1.239443 2.489397 -1 0 0 0 0
1.783862 1.232748 2.489397 -1 0 0 0 0
1.783862 1.239443 2.502678 -1 0 0 0 0
1.783862 1.246099 2.489397 -1 0 0 0 0
1.783862 1.246099 2.502678 -1 0 0 0 0
1.783862 1.239443 2.515959 -1 0 0 0 0
1.783862 1.232748 2.515959 -1 0 0 0 0
1.783862 1.239443 2.527201 -1 0 0 0 0
1.783862 1.232748 2.527201 -1 0 0 0 0
1.783862 1.246099 2.515959 -1 0 0 0 0
1.783862 1.246099 2.527201 -1 0 0 0 0
1.783862 1.226026 2.515959 -1 0 0 0 0
1.783862 1.226026 2.502678 -1 0 0 0 0
1.783862 1.226026 2.527201 -1 0 0 0 0
1.783862 1.226026 2.489397 -1 0 0 0 0
1.783862 1.232748 2.53842 -1 0 0 0 0
1.783862 1.239443 2.534366 -1 0 0 0 0
1.783862 1.232748 2.534366 -1 0 0 0 0
1.783862 1.239443 2.53842 -1 0 0 0 0
1.783862 1.246099 2.534366 -1 0 0 0 0
1.783862 1.246099 2.53842 -1 0 0 0 0
1.783862 1.239443 2.540331 -1 0 0 0 0
1.783862 1.232748 2.540331 -1 0 0 0 0
1.783862 1.246099 2.540331 -1 0 0 0 0
1.783862 1.226026 2.540331 -1 0 0 0 0
1.783862 1.226026 2.53842 -1 0 0 0 0
1.783862 1.226026 2.534366 -1 0 0 0 0
1.783862 1.092633 2.466936 -1 0 0 0 0
1.783862 1.093559 2.465025 -1 0 0 0 0
1.783862 1.092633 2.465025 -1 0 0 0 0
1.783862 1.093559 2.466936 -1 0 0 0 0
1.783862 1.093559 2.47099 -1 0 0 0 0
1.783862 1.092633 2.47099 -1 0 0 0 0
1.783862 1.093559 2.478155 -1 0 0 0 0
1.783862 1.092633 2.478155 -1 0 0 0 0
1.783862 1.091756 2.47099 -1 0 0 0 0
1.783862 1.091756 2.466936 -1 0 0 0 0
1.783862 1.090958 2.47099 -1 0 0 0 0
1.783862 1.090958 2.466936 -1 0 0 0 0
1.783862 1.091756 2.478155 -1 0 0 0 0
1.783862 1.090958 2.478155 -1 0 0 0 0
1.783862 1.091756 2.465025 -1 0 0 0 0
1.783862 1.090958 2.465025 -1 0 0 0 0
1.783862 1.092633 2.502678 -1 0 0 0 0
1.783862 1.093559 2.489397 -1 0 0 0 0
1.783862 1.092633 2.489397 -1 0 0 0 0
1.783862 1.093559 2.502678 -1 0 0 0 0
1.783862 1.093559 2.515959 -1 0 0 0 0
1.783862 1.092633 2.515959 -1 0 0 0 0
1.783862 1.093559 2.527201 -1 0 0 0 0
1.783862 1.092633 2.527201 -1 0 0 0 0
1.783862 1.091756 2.515959 -1 0 0 0 0
1.783862 1.091756 2.502678 -1 0 0 0 0
1.783862 1.090958 2.515959 -1 0 0 0 0
1.783862 1.090958 2.502678 -1 0 0 0 0
1.783862 1.091756 2.527201 -1 0 0 0 0
1.783862 1.090958 2.527201 -1 0 0 0 0
1.783862 1.091756 2.489397 -1 0 0 0 0
1.783862 1.090958 2.489397 -1 0 0 0 0
1.783862 1.092633 2.53842 -1 0 0 0 0
1.783862 1.093559 2.534366 -1 0 0 0 0
1.783862 1.092633 2.534366 -1 0 0 0 0
1.783862 1.093559 2.53842 -1 0 0 0 0
1.783862 1.093559 2.540331 -1 0 0 0 0
1.783862 1.092633 2.540331 -1 0 0 0 0
1.783862 1.091756 2.540331 -1 0 0 0 0
1.783862 1.091756 2.53842 -1 0 0 0 0
1.783862 1.090958 2.540331 -1 0 0 0 0
1.783862 1.090958 2.53842 -1 0 0 0 0
1.783862 1.091756 2.534366 -1 0 0 0 0
1.783862 1.090958 2.534366 -1 0 0 0 0
1.783847 1.089696 2.466936 -0.997885326 0.0649990442 0 0 0
1.783862 1.09027 2.465025 -0.999906149 0.0137000843 0 0 0
1.783847 1.089696 2.465025 -0.997885326 0.0649990442 0 0 0
1.783862 1.09027 2.466936 -0.999907514 0.0136001022 0 0 0
1.783862 1.09027 2.47099 -0.999907514 0.0136001022 0 0 0
1.783847 1.089696 2.47099 -0.997885326 0.0649990442 0 0 0
1.783862 1.09027 2.478155 -0.999907514 0.0136001022 0 0 0
1.783847 1.089696 2.478155 -0.997885326 0.0649990442 0 0 0
1.7838 1.089243 2.47099 -0.981937192 0.189207166 0 0 0
1.7838 1.089243 2.466936 -0.981918608 0.189303587 0 0 0
1.7838 1.089243 2.478155 -0.981918608 0.189303587 0 0 0
1.7838 1.089243 2.465025 -0.981937192 0.189207166 0 0 0
1.783847 1.089696 2.502678 -0.997891807 0.0648994672 0 0 0
1.783862 1.09027 2.489397 -0.999907514 0.0136001022 0 0 0
1.783847 1.089696 2.489397 -0.997885326 0.0649990442 0 0 0
1.783862 1.09027 2.502678 -0.999907514 0.0136001022 0 0 0
1.783862 1.09027 2.515959 -0.999907514 0.0136001022 0 0 0
1.783847 1.089696 2.515959 -0.997885326 0.0649990442 0 0 0
1.783862 1.09027 2.527201 -0.999906149 0.0137000843 0 0 0
1.783847 1.089696 2.527201 -0.997885326 0.0649990442 0 0 0
1.7838 1.089243 2.515959 -0.981937192 0.189207166 0 0 0
1.7838 1.089243 2.502678 -0.981918608 0.189303587 0 0 0
1.7838 1.089243 2.527201 -0.981937192 0.189207166 0 0 0
1.7838 1.089243 2.489397 -0.981900015 0.189400003 0 0 0
1.783847 1.089696 2.53842 -0.997885326 0.0649990442 0 0 0
1.783862 1.09027 2.534366 -0.999907514 0.0136001022 0 0 0
1.783847 1.089696 2.534366 -0.997885326 0.0649990442 0 0 0
1.783862 1.09027 2.53842 -0.999907514 0.0136001022 0 0 0
1.783862 1.09027 2.540331 -0.999907514 0.0136001022 0 0 0
1.783847 1.089696 2.540331 -0.997891807 0.0648994672 0 0 0
1.7838 1.089243 2.540331 -0.981937192 0.189207166 0 0 0
1.7838 1.089243 2.53842 -0.981918608 0.189303587 0 0 0
1.7838 1.089243 2.534366 -0.981918608 0.189303587 0 0 0
1.783847 1.272342 2.53842 -0.998894901 -0.0469997601 0 0 0
1.783862 1.270961 2.540331 -0.99998432 -0.00559991219 0 0 0
1.783847 1.272342 2.540331 -0.998894901 -0.0469997601 0 0 0
1.783862 1.270961 2.53842 -0.99998432 -0.00559991219 0 0 0
1.783862 1.268382 2.540331 -1 0 0 0 0
1.783862 1.268382 2.53842 -1 0 0 0 0
1.783862 1.270961 2.534366 -0.99998432 -0.00559991219 0 0 0
1.783847 1.272342 2.534366 -0.998894901 -0.0469997601 0 0 0
1.783862 1.270961 2.527201 -0.99998432 -0.00559991219 0 0 0
1.783847 1.272342 2.527201 -0.998894901 -0.0469997601 0 0 0
1.783862 1.268382 2.534366 -1 0 0 0 0
1.783862 1.268382 2.527201 -1 0 0 0 0
1.7838 1.272907 2.534366 -0.939146461 -0.343516994 0 0 0
1.7838 1.272907 2.53842 -0.939114195 -0.343605194 0 0 0
1.7838 1.272907 2.527201 -0.939222762 -0.34330832 0 0 0
1.7838 1.272907 2.540331 -0.939081923 -0.343693384 0 0 0
1.783847 1.272342 2.502678 -0.99889959 -0.0468999808 0 0 0
1.783862 1.270961 2.515959 -0.99998432 -0.00559991219 0 0 0
1.783847 1.272342 2.515959 -0.99889959 -0.0468999808 0 0 0
1.783862 1.270961 2.502678 -0.99998432 -0.00559991219 0 0 0
1.783862 1.268382 2.515959 -1 0 0 0 0
1.783862 1.268382 2.502678 -1 0 0 0 0
1.783862 1.270961 2.489397 -0.99998432 -0.00559991219 0 0 0
1.783847 1.272342 2.489397 -0.99889959 -0.0468999808 0 0 0
1.783862 1.270961 2.478155 -0.99998432 -0.00559991219 0 0 0
1.783847 1.272342 2.478155 -0.998894901 -0.0469997601 0 0 0
1.783862 1.268382 2.489397 -1 0 0 0 0
1.783862 1.268382 2.478155 -1 0 0 0 0
1.7838 1.272907 2.489397 -0.939190514 -0.343396532 0 0 0
1.7838 1.272907 2.502678 -0.939146461 -0.343516994 0 0 0
1.7838 1.272907 2.478155 -0.939190514 -0.343396532 0 0 0
1.7838 1.272907 2.515959 -0.939178721 -0.343428786 0 0 0
1.783847 1.272342 2.466936 -0.998894901 -0.0469997601 0 0 0
1.783862 1.270961 2.47099 -0.99998432 -0.00559991219 0 0 0
1.783847 1.272342 2.47099 -0.998894901 -0.0469997601 0 0 0
1.783862 1.270961 2.466936 -0.99998432 -0.00559991219 0 0 0
1.783862 1.268382 2.47099 -1 0 0 0 0
1.783862 1.268382 2.466936 -1 0 0 0 0
1.783862 1.270961 2.465025 -0.99998432 -0.00559991219 0 0 0
1.783847 1.272342 2.465025 -0.99889959 -0.0468999808 0 0 0
1.783862 1.268382 2.465025 -1 0 0 0 0
1.7838 1.272907 2.465025 -0.939037825 -0.343813849 0 0 0
1.7838 1.272907 2.466936 -0.939037825 -0.343813849 0 0 0
1.7838 1.272907 2.47099 -0.939114195 -0.343605194 0 0 0
1.783862 1.258872 2.53842 -1 0 0 0 0
1.783862 1.252703 2.540331 -1 0 0 0 0
1.783862 1.258872 2.540331 -1 0 0 0 0
1.783862 1.252703 2.53842 -1 0 0 0 0
1.783862 1.252703 2.534366 -1 0 0 0 0
1.783862 1.258872 2.534366 -1 0 0 0 0
1.783862 1.252703 2.527201 -1 0 0 0 0
1.783862 1.258872 2.527201 -1 0 0 0 0
1.783862 1.264226 2.534366 -1 0 0 0 0
1.783862 1.264226 2.53842 -1 0 0 0 0
1.783862 1.264226 2.527201 -1 0 0 0 0
1.783862 1.264226 2.540331 -1 0 0 0 0
1.783862 1.258872 2.502678 -1 0 0 0 0
1.783862 1.252703 2.515959 -1 0 0 0 0
1.783862 1.258872 2.515959 -1 0 0 0 0
1.783862 1.252703 2.502678 -1 0 0 0 0
1.783862 1.252703 2.489397 -1 0 0 0 0
1.783862 1.258872 2.489397 -1 0 0 0 0
1.783862 1.252703 2.478155 -1 0 0 0 0
1.783862 1.258872 2.478155 -1 0 0 0 0
1.783862 1.264226 2.489397 -1 0 0 0 0
1.783862 1.264226 2.502678 -1 0 0 0 0
1.783862 1.264226 2.478155 -1 0 0 0 0
1.783862 1.264226 2.515959 -1 0 0 0 0
1.783862 1.258872 2.466936 -1 0 0 0 0
1.783862 1.252703 2.47099 -1 0 0 0 0
1.783862 1.258872 2.47099 -1 0 0 0 0
1.783862 1.252703 2.466936 -1 0 0 0 0
1.783862 1.252703 2.465025 -1 0 0 0 0
1.783862 1.258872 2.465025 -1 0 0 0 0
1.783862 1.264226 2.465025 -1 0 0 0 0
1.783862 1.264226 2.466936 -1 0 0 0 0
1.783862 1.264226 2.47099 -1 0 0 0 0
1.783847 1.138529 2.46341 -0.992194578 0 0.124699319 0 0
1.783862 1.139965 2.463765 -0.999757991 0 0.0219990756 0 0
1.783847 1.139965 2.46341 -0.992194578 0 0.124699319 0 0
1.783862 1.138529 2.463765 -0.999757991 0 0.0219990756 0 0
1.783862 1.139965 2.46429 -1 0 0 0 0
1.783862 1.138529 2.46429 -1 0 0 0 0
1.783862 1.137816 2.463765 -0.999757991 0 0.0219990756 0 0
1.783847 1.137816 2.46341 -0.992194578 0 0.124699319 0 0
1.783862 1.137366 2.463765 -0.999757986 -9.99957978e-05 0.0219990755 0 0
1.783847 1.137366 2.46341 -0.992194578 0 0.124699319 0 0
1.783862 1.137816 2.46429 -1 0 0 0 0
1.783862 1.137366 2.46429 -0.999999995 -9.99999995e-05 0 0 0
1.7838 1.137816 2.463186 -0.916549376 0 0.399921544 0 0
1.7838 1.138529 2.463186 -0.916549376 0 0.399921544 0 0
1.7838 1.137366 2.463186 -0.916460044 0 0.400126215 0 0
1.7838 1.139965 2.463186 -0.916476053 0 0.400089546 0 0
1.783847 1.135876 2.46341 -0.992194578 0 0.124699319 0 0
1.783862 1.136718 2.463765 -0.999757991 0 0.0219990756 0 0
1.783847 1.136718 2.46341 -0.992206945 0 0.124600872 0 0
1.783862 1.135876 2.463765 -0.999757991 0 0.0219990756 0 0
1.783862 1.136718 2.46429 -1 0 0 0 0
1.783862 1.135876 2.46429 -1 0 0 0 0
1.783862 1.134848 2.463765 -0.999757991 0 0.0219990756 0 0
1.783847 1.134848 2.46341 -0.9921822 0 0.124797761 0 0
1.783862 1.134848 2.46429 -1 0 0 0 0
1.7838 1.134848 2.463186 -0.916602016 0 0.39980088 0 0
1.7838 1.135876 2.463186 -0.916512717 0 0.40000555 0 0
1.7838 1.136718 2.463186 -0.916423369 0 0.400210205 0 0
1.783847 1.138529 2.541946 -0.9921822 0 -0.124797761 0 0
1.7838 1.139965 2.54217 -0.916565368 0 -0.399884891 0 0
1.783847 1.139965 2.541946 -0.9921822 0 -0.124797761 0 0
1.7838 1.138529 2.54217 -0.916565368 0 -0.399884891 0 0
1.7838 1.137816 2.54217 -0.916512717 0 -0.40000555 0 0
1.783847 1.137816 2.541946 -0.992194578 0 -0.124699319 0 0
1.7838 1.137366 2.54217 -0.916549376 0 -0.399921544 0 0
1.783847 1.137366 2.541946 -0.9921822 0 -0.124797761 0 0
1.783862 1.137816 2.541591 -0.999757991 0 -0.0219990756 0 0
1.783862 1.138529 2.541591 -0.999757991 0 -0.0219990756 0 0
1.783862 1.137816 2.541066 -1 0 0 0 0
1.783862 1.138529 2.541066 -1 0 0 0 0
1.783862 1.137366 2.541591 -0.999757991 0 -0.0219990756 0 0
1.783862 1.137366 2.541066 -1 0 0 0 0
1.783862 1.139965 2.541591 -0.999757991 0 -0.0219990756 0 0
1.783862 1.139965 2.541066 -1 0 0 0 0
1.783847 1.135876 2.541946 -0.9921822 0 -0.124797761 0 0
1.7838 1.136718 2.54217 -0.916602016 0 -0.39980088 0 0
1.783847 1.136718 2.541946 -0.9921822 0 -0.124797761 0 0
1.7838 1.135876 2.54217 -0.91663866 0 -0.399716858 0 0
1.7838 1.134848 2.54217 -0.91663866 0 -0.399716858 0 0
1.783847 1.134848 2.541946 -0.9921822 0 -0.124797761 0 0
1.783862 1.134848 2.541591 -0.999760185 0 -0.0218991279 0 0
1.783862 1.135876 2.541591 -0.999760185 0 -0.0218991279 0 0
1.783862 1.134848 2.541066 -1 0 0 0 0
1.783862 1.135876 2.541066 -1 0 0 0 0
1.783862 1.136718 2.541591 -0.999760185 0 -0.0218991279 0 0
1.783862 1.136718 2.541066 -1 0 0 0 0
1.783862 1.138529 2.466936 -1 0 0 0 0
1.783862 1.139965 2.47099 -1 0 0 0 0
1.783862 1.139965 2.466936 -1 0 0 0 0
1.783862 1.138529 2.47099 -1 0 0 0 0
1.783862 1.139965 2.478155 -1 0 0 0 0
1.783862 1.138529 2.478155 -1 0 0 0 0
1.783862 1.137816 2.47099 -1 0 0 0 0
1.783862 1.137816 2.466936 -1 0 0 0 0
1.783862 1.137366 2.47099 -1 0 0 0 0
1.783862 1.137366 2.466936 -1 0 0 0 0
1.783862 1.137816 2.478155 -1 0 0 0 0
1.783862 1.137366 2.478155 -1 0 0 0 0
1.783862 1.137816 2.465025 -1 0 0 0 0
1.783862 1.138529 2.465025 -1 0 0 0 0
1.783862 1.137366 2.465025 -1 0 0 0 0
1.783862 1.139965 2.465025 -1 0 0 0 0
1.783862 1.135876 2.466936 -1 0 0 0 0
1.783862 1.136718 2.47099 -1 0 0 0 0
1.783862 1.136718 2.466936 -1 0 0 0 0
1.783862 1.135876 2.47099 -1 0 0 0 0
1.783862 1.136718 2.478155 -1 0 0 0 0
1.783862 1.135876 2.478155 -1 0 0 0 0
1.783862 1.134848 2.47099 -1 0 0 0 0
1.783862 1.134848 2.466936 -1 0 0 0 0
1.783862 1.134848 2.478155 -1 0 0 0 0
1.783862 1.134848 2.465025 -1 0 0 0 0
1.783862 1.135876 2.465025 -1 0 0 0 0
1.783862 1.136718 2.465025 -1 0 0 0 0
1.783862 1.138529 2.502678 -1 0 0 0 0
1.783862 1.139965 2.515959 -1 0 0 0 0
1.783862 1.139965 2.502678 -1 0 0 0 0
1.783862 1.138529 2.515959 -1 0 0 0 0
1.783862 1.139965 2.527201 -1 0 0 0 0
1.783862 1.138529 2.527201 -1 0 0 0 0
1.783862 1.137816 2.515959 -1 0 0 0 0
1.783862 1.137816 2.502678 -1 0 0 0 0
1.783862 1.137366 2.515959 -1 0 0 0 0
1.783862 1.137366 2.502678 -1 0 0 0 0
1.783862 1.137816 2.527201 -1 0 0 0 0
1.783862 1.137366 2.527201 -1 0 0 0 0
1.783862 1.137816 2.489397 -1 0 0 0 0
1.783862 1.138529 2.489397 -1 0 0 0 0
1.783862 1.137366 2.489397 -1 0 0 0 0
1.783862 1.139965 2.489397 -1 0 0 0 0
1.783862 1.135876 2.502678 -1 0 0 0 0
1.783862 1.136718 2.515959 -1 0 0 0 0
1.783862 1.136718 2.502678 -1 0 0 0 0
1.783862 1.135876 2.515959 -1 0 0 0 0
1.783862 1.136718 2.527201 -1 0 0 0 0
1.783862 1.135876 2.527201 -1 0 0 0 0
1.783862 1.134848 2.515959 -1 0 0 0 0
1.783862 1.134848 2.502678 -1 0 0 0 0
1.783862 1.134848 2.527201 -1 0 0 0 0
1.783862 1.134848 2.489397 -1 0 0 0 0
1.783862 1.135876 2.489397 -1 0 0 0 0
1.783862 1.136718 2.489397 -1 0 0 0 0
1.783862 1.138529 2.53842 -1 0 0 0 0
1.783862 1.139965 2.540331 -1 0 0 0 0
1.783862 1.139965 2.53842 -1 0 0 0 0
1.783862 1.138529 2.540331 -1 0 0 0 0
1.783862 1.137816 2.540331 -1 0 0 0 0
1.783862 1.137816 2.53842 -1 0 0 0 0
1.783862 1.137366 2.540331 -1 0 0 0 0
1.783862 1.137366 2.53842 -1 0 0 0 0
1.783862 1.137816 2.534366 -1 0 0 0 0
1.783862 1.138529 2.534366 -1 0 0 0 0
1.783862 1.137366 2.534366 -1 0 0 0 0
1.783862 1.139965 2.534366 -1 0 0 0 0
1.783862 1.135876 2.53842 -1 0 0 0 0
1.783862 1.136718 2.540331 -1 0 0 0 0
1.783862 1.136718 2.53842 -1 0 0 0 0
1.783862 1.135876 2.540331 -1 0 0 0 0
1.783862 1.134848 2.540331 -1 0 0 0 0
1.783862 1.134848 2.53842 -1 0 0 0 0
1.783862 1.134848 2.534366 -1 0 0 0 0
1.783862 1.135876 2.534366 -1 0 0 0 0
1.783862 1.136718 2.534366 -1 0 0 0 0
1.756855 1.232748 3.290754 0.00269999015 9.9999635e-05 -0.99999635 0 0
1.766484 1.239443 3.290767 0.000599999892 0 -0.99999982 0 0
1.766661 1.232748 3.290767 0.000699999829 0 -0.999999755 0 0
1.756572 1.239443 3.290754 0.00269999015 9.9999635e-05 -0.99999635 0 0
1.774799 1.239443 3.290767 0 0 -1 0 0
1.774887 1.232748 3.290767 0 0 -1 0 0
1.766346 1.246099 3.290767 0.000599999892 0 -0.99999982 0 0
1.756351 1.246099 3.290754 0.0025999912 9.99996615e-05 -0.999996615 0 0
1.774729 1.246099 3.290767 0 0 -1 0 0
1.766869 1.226026 3.290767 0.000699999829 0 -0.999999755 0 0
1.757189 1.226026 3.290754 0.0026999901 0.000199999267 -0.999996335 0 0
1.767104 1.219291 3.290767 0.000699999829 0 -0.999999755 0 0
1.757565 1.219291 3.290754 0.0026999901 0.000199999267 -0.999996335 0 0
1.774991 1.226026 3.290767 0 0 -1 0 0
1.775109 1.219291 3.290767 0 0 -1 0 0
1.74754 1.226026 3.290715 0.00699982763 0.000499987688 -0.999975376 0 0
1.74708 1.232748 3.290715 0.0068998352 0.000399990446 -0.999976116 0 0
1.739511 1.226026 3.290635 0.018700443 0.00170004027 -0.999823686 0 0
1.738948 1.232748 3.290635 0.0184005469 0.00140004161 -0.999829715 0 0
1.748056 1.219291 3.290715 0.00709981977 0.00059998477 -0.999974616 0 0
1.740146 1.219291 3.290635 0.0190003358 0.00190003358 -0.999817672 0 0
1.746692 1.239443 3.290715 0.00679984225 0.00039999072 -0.999976801 0 0
1.746388 1.246099 3.290715 0.00679984265 0.000199995372 -0.999976861 0 0
1.738471 1.239443 3.290635 0.0183005822 0.00120003818 -0.99983181 0 0
1.738098 1.246099 3.290635 0.0181006475 0.000900032195 -0.999835765 0 0
1.75843 1.205821 3.290754 0.00279998897 0.000199999212 -0.99999606 0 0
1.767359 1.212556 3.290767 0.000699999829 0 -0.999999755 0 0
1.767645 1.205821 3.290767 0.000699999829 0 -0.999999755 0 0
1.757973 1.212556 3.290754 0.00279998897 0.000199999212 -0.99999606 0 0
1.775236 1.212556 3.290767 0 0 -1 0 0
1.775379 1.205821 3.290767 0 0 -1 0 0
1.767972 1.199086 3.290767 0.000699999829 0 -0.999999755 0 0
1.758952 1.199086 3.290754 0.00289998775 0.000199999155 -0.999995775 0 0
1.76835 1.192351 3.290767 0.000699999829 0 -0.999999755 0 0
1.759558 1.192351 3.290754 0.00299998637 0.000299998637 -0.999995455 0 0
1.775542 1.199086 3.290767 0 0 -1 0 0
1.775732 1.192351 3.290767 0 0 -1 0 0
1.749964 1.199086 3.290715 0.00749978603 0.000899974324 -0.999971471 0 0
1.749246 1.205821 3.290715 0.00729980316 0.000799978429 -0.999973036 0 0
1.742487 1.199086 3.290635 0.0200998748 0.00289998193 -0.999793771 0 0
1.741605 1.205821 3.290635 0.0197000602 0.00240000733 -0.999803054 0 0
1.750797 1.192351 3.290715 0.00769976709 0.00109996673 -0.999969751 0 0
1.743509 1.192351 3.290635 0.0205996296 0.00339993887 -0.999782024 0 0
1.748617 1.212556 3.290715 0.00719981209 0.000599984341 -0.999973901 0 0
1.740834 1.212556 3.290635 0.0193002225 0.00210002421 -0.999811528 0 0
1.761089 1.178881 3.290754 0.00319998322 0.000499997378 -0.999994755 0 0
1.768791 1.185616 3.290767 0.00079999974 9.99999675e-05 -0.999999675 0 0
1.769307 1.178881 3.290767 0.00079999974 9.99999675e-05 -0.999999675 0 0
1.760263 1.185616 3.290754 0.00309998486 0.000399998046 -0.999995115 0 0
1.775952 1.185616 3.290767 0 0 -1 0 0
1.77621 1.178881 3.290767 0 0 -1 0 0
1.769912 1.172146 3.290767 0.00079999974 9.99999675e-05 -0.999999675 0 0
1.762057 1.172146 3.290754 0.00339997974 0.000599996424 -0.99999404 0 0
1.770619 1.165411 3.290767 0.000899999631 9.9999959e-05 -0.99999959 0 0
1.763189 1.165411 3.290754 0.00359997579 0.000699995293 -0.999993275 0 0
1.776513 1.172146 3.290767 0 0 -1 0 0
1.776866 1.165411 3.290767 0 0 -1 0 0
1.754233 1.172146 3.290715 0.00870052505 0.00190011467 -0.999960344 0 0
1.752902 1.178881 3.290715 0.00830053349 0.00160010284 -0.99996427 0 0
1.747726 1.172146 3.290635 0.023200255 0.00630006924 -0.999710987 0 0
1.746093 1.178881 3.290635 0.0222008998 0.00510020672 -0.99974052 0 0
1.755789 1.165411 3.290715 0.00920050416 0.00240013152 -0.999954794 0 0
1.749636 1.165411 3.290635 0.0245991871 0.00779974226 -0.999666967 0 0
1.751767 1.185616 3.290715 0.00800053725 0.0013000873 -0.99996715 0 0
1.744699 1.185616 3.290635 0.02129924 0.00419985013 -0.999764324 0 0
1.765857 1.152353 3.290754 0.00409996349 0.000999991095 -0.999991095 0 0
1.771442 1.158676 3.290767 0.000899999618 0.000199999915 -0.999999575 0 0
1.772287 1.152353 3.290767 0.00099999948 0.000199999896 -0.99999948 0 0
1.764505 1.158676 3.290754 0.00379997103 0.000899993138 -0.999992375 0 0
1.777277 1.158676 3.290767 0 0 -1 0 0
1.7777 1.152353 3.290767 0 0 -1 0 0
1.773061 1.146852 3.290767 0.00109999931 0.000199999875 -0.999999375 0 0
1.767095 1.146852 3.290754 0.00439995475 0.00109998869 -0.999989715 0 0
1.773671 1.142586 3.290767 0.00119999911 0.000199999852 -0.99999926 0 0
1.768072 1.142586 3.290754 0.00469994525 0.00109998719 -0.99998835 0 0
1.778087 1.146852 3.290767 0 0 -1 0 0
1.778392 1.142586 3.290767 0 0 -1 0 0
1.761161 1.146852 3.290715 0.0114003212 0.00370010423 -0.999928168 0 0
1.759458 1.152353 3.290715 0.0106004067 0.00330012663 -0.999938368 0 0
1.756229 1.146852 3.290635 0.0303990326 0.0117996245 -0.999468192 0 0
1.754138 1.152353 3.290635 0.0283011939 0.0107004514 -0.999542167 0 0
1.762504 1.142586 3.290715 0.0120002493 0.00380007895 -0.999920774 0 0
1.757877 1.142586 3.290635 0.0321003273 0.0122001244 -0.999410189 0 0
1.757599 1.158676 3.290715 0.00980046818 0.00290013854 -0.999947769 0 0
1.751857 1.158676 3.290635 0.0263002848 0.00930010072 -0.999610826 0 0
1.766397 1.121926 3.290754 0.00429996016 -0.000199998147 -0.999990735 0 0
1.772707 1.124466 3.290767 0.00109999933 0 -0.999999395 0 0
1.772624 1.121926 3.290767 0.0009999995 0 -0.9999995 0 0
1.766528 1.124466 3.290754 0.00429996005 -0.000299997213 -0.99999071 0 0
1.77791 1.124466 3.290767 0 0 -1 0 0
1.777869 1.121926 3.290767 0 0 -1 0 0
1.772813 1.1268 3.290767 0.00109999933 -9.9999939e-05 -0.99999939 0 0
1.766699 1.1268 3.290754 0.0042999599 -0.00039999627 -0.999990675 0 0
1.777963 1.1268 3.290767 0 0 -1 0 0
1.772571 1.119248 3.290767 0.0009999995 0 -0.9999995 0 0
1.766312 1.119248 3.290754 0.00419996294 -9.99991175e-05 -0.999991175 0 0
1.772552 1.116502 3.290767 0.0009999995 0 -0.9999995 0 0
1.766281 1.116502 3.290754 0.00419996296 0 -0.99999118 0 0
1.777842 1.119248 3.290767 0 0 -1 0 0
1.777832 1.116502 3.290767 0 0 -1 0 0
1.760083 1.119248 3.290715 0.0108004496 -0.00030001249 -0.999941628 0 0
1.7602 1.121926 3.290715 0.0109004405 -0.000600024247 -0.999940408 0 0
1.754906 1.119248 3.290635 0.029099299 -0.0010999735 -0.999575921 0 0
1.75505 1.121926 3.290635 0.0292020836 -0.00210014985 -0.999571322 0 0
1.760041 1.116502 3.290715 0.0108004501 0 -0.999941673 0 0
1.754854 1.116502 3.290635 0.0289994032 0 -0.999579429 0 0
1.760381 1.124466 3.290715 0.011000429 -0.001000039 -0.999938993 0 0
1.760616 1.1268 3.290715 0.0111004168 -0.00130004881 -0.999937543 0 0
1.755272 1.124466 3.290635 0.0294018399 -0.00320020026 -0.99956255 0 0
1.755559 1.1268 3.290635 0.0298013761 -0.00440020318 -0.999546155 0 0
1.766397 1.111067 3.290754 0.00419996287 0.000199998232 -0.99999116 0 0
1.772571 1.113756 3.290767 0.0009999995 0 -0.9999995 0 0
1.772624 1.111067 3.290767 0.0009999995 0 -0.9999995 0 0
1.766312 1.113756 3.290754 0.00419996294 9.99991175e-05 -0.999991175 0 0
1.777842 1.113756 3.290767 0 0 -1 0 0
1.777869 1.111067 3.290767 0 0 -1 0 0
1.772707 1.108492 3.290767 0.0009999995 0 -0.9999995 0 0
1.766528 1.108492 3.290754 0.00429996005 0.000299997213 -0.99999071 0 0
1.772813 1.106089 3.290767 0.00109999933 9.9999939e-05 -0.99999939 0 0
1.766699 1.106089 3.290754 0.0042999599 0.00039999627 -0.999990675 0 0
1.77791 1.108492 3.290767 0 0 -1 0 0
1.777963 1.106089 3.290767 0 0 -1 0 0
1.760381 1.108492 3.290715 0.01100043 0.000900035183 -0.999939088 0 0
1.7602 1.111067 3.290715 0.0109004405 0.000600024247 -0.999940408 0 0
1.755272 1.108492 3.290635 0.0294018491 0.00310019498 -0.999562864 0 0
1.75505 1.111067 3.290635 0.0292020836 0.00210014985 -0.999571322 0 0
1.760616 1.106089 3.290715 0.0111004168 0.00130004881 -0.999937543 0 0
1.755559 1.106089 3.290635 0.0298014017 0.00420019756 -0.999547015 0 0
1.760083 1.113756 3.290715 0.010900442 0.000300012164 -0.999940543 0 0
1.754906 1.113756 3.290635 0.029099299 0.0010999735 -0.999575921 0 0
1.767129 1.13067 3.290754 0.00449995334 -0.000699992741 -0.99998963 0 0
1.773241 1.132254 3.290767 0.00109999931 -0.000199999875 -0.999999375 0 0
1.773082 1.13067 3.290767 0.00109999933 -9.9999939e-05 -0.99999939 0 0
1.767383 1.132254 3.290754 0.00449995262 -0.000899990523 -0.99998947 0 0
1.778177 1.132254 3.290767 0 0 -1 0 0
1.778098 1.13067 3.290767 0 0 -1 0 0
1.773413 1.133639 3.290767 0.00109999931 -0.000199999875 -0.999999375 0 0
1.767658 1.133639 3.290754 0.00459994855 -0.0010999877 -0.999988815 0 0
1.778263 1.133639 3.290767 0 0 -1 0 0
1.772939 1.12886 3.290767 0.00109999933 -9.9999939e-05 -0.99999939 0 0
1.7669 1.12886 3.290754 0.00439995686 -0.000499995098 -0.999990195 0 0
1.778026 1.12886 3.290767 0 0 -1 0 0
1.760893 1.12886 3.290715 0.0113003902 -0.00180006216 -0.999934528 0 0
1.761208 1.13067 3.290715 0.011400369 -0.00230007445 -0.999932368 0 0
1.755899 1.12886 3.290635 0.0302007988 -0.00590015606 -0.999526438 0 0
1.756286 1.13067 3.290635 0.0306000861 -0.00760002139 -0.999502814 0 0
1.761556 1.132254 3.290715 0.0116003273 -0.00300008465 -0.999928213 0 0
1.761935 1.133639 3.290715 0.0119002615 -0.00380008349 -0.999921969 0 0
1.756714 1.132254 3.290635 0.0311989427 -0.00969967128 -0.999466129 0 0
1.757178 1.133639 3.290635 0.031800629 -0.0122002413 -0.999419769 0 0
1.767133 1.10197 3.290754 0.00449995334 0.000699992741 -0.99998963 0 0
1.772939 1.103915 3.290767 0.00109999933 9.9999939e-05 -0.99999939 0 0
1.773084 1.10197 3.290767 0.00109999933 9.9999939e-05 -0.99999939 0 0
1.7669 1.103915 3.290754 0.00439995686 0.000499995098 -0.999990195 0 0
1.778026 1.103915 3.290767 0 0 -1 0 0
1.778099 1.10197 3.290767 0 0 -1 0 0
1.773249 1.100254 3.290767 0.00109999931 0.000199999875 -0.999999375 0 0
1.767396 1.100254 3.290754 0.00449995262 0.000899990523 -0.99998947 0 0
1.773433 1.098766 3.290767 0.00119999911 0.000199999852 -0.99999926 0 0
1.76769 1.098766 3.290754 0.00459994802 0.00119998644 -0.9999887 0 0
1.778181 1.100254 3.290767 0 0 -1 0 0
1.778273 1.098766 3.290767 0 0 -1 0 0
1.761574 1.100254 3.290715 0.0117003165 0.00300008115 -0.999927048 0 0
1.761212 1.10197 3.290715 0.011400369 0.00230007445 -0.999932368 0 0
1.756736 1.100254 3.290635 0.0312988717 0.00959965394 -0.99946397 0 0
1.756291 1.10197 3.290635 0.0307000832 0.00720001951 -0.999502709 0 0
1.761979 1.098766 3.290715 0.0119002569 0.00390008418 -0.999921584 0 0
1.757232 1.098766 3.290635 0.0320002296 0.0127000911 -0.999407171 0 0
1.760893 1.103915 3.290715 0.0113003922 0.001700059 -0.999934703 0 0
1.755899 1.103915 3.290635 0.0302008677 0.00550015802 -0.999528717 0 0
1.768401 1.096417 3.290754 0.00489992822 0.00229996631 -0.99998535 0 0
1.773636 1.097507 3.290767 0.00119999908 0.000299999771 -0.999999235 0 0
1.773877 1.096417 3.290767 0.00119999904 0.00039999968 -0.9999992 0 0
1.768016 1.097507 3.290754 0.00479993856 0.00159997952 -0.9999872 0 0
1.778375 1.097507 3.290767 0 0 -1 0 0
1.778495 1.096417 3.290767 0 0 -1 0 0
1.774173 1.095436 3.290767 0.00129999867 0.000599999385 -0.999998975 0 0
1.768875 1.095436 3.290754 0.00509990757 0.003199942 -0.999981875 0 0
1.774544 1.094503 3.290767 0.00129999849 0.000799999068 -0.999998835 0 0
1.769468 1.094503 3.290754 0.00529987657 0.00429989986 -0.999976711 0 0
1.778643 1.095436 3.290767 0 0 -1 0 0
1.778828 1.094503 3.290767 0 0 -1 0 0
1.763608 1.095436 3.290715 0.0131007318 0.0108006033 -0.999855849 0 0
1.762956 1.096417 3.290715 0.0125998765 0.00779992352 -0.999890196 0 0
1.759232 1.095436 3.290635 0.0350027181 0.0349027103 -0.998777558 0 0
1.758432 1.096417 3.290635 0.0338003669 0.0252002736 -0.999110845 0 0
1.764423 1.094503 3.290715 0.0136000715 0.0143000751 -0.999805254 0 0
1.760232 1.094503 3.290635 0.0364990667 0.0459988238 -0.998274474 0 0
1.762426 1.097507 3.290715 0.0122001275 0.00550005748 -0.999910449 0 0
1.757781 1.097507 3.290635 0.0329000627 0.0177000337 -0.999301904 0 0
1.756855 1.232748 3.211268 0.00269999015 9.9999635e-05 0.99999635 0 0
1.74754 1.226026 3.211308 0.00699982763 0.000499987688 0.999975376 0 0
1.757189 1.226026 3.211268 0.0026999901 0.000199999267 0.999996335 0 0
1.74708 1.232748 3.211308 0.0068998352 0.000399990446 0.999976116 0 0
1.748056 1.219291 3.211308 0.00709981977 0.00059998477 0.999974616 0 0
1.757565 1.219291 3.211268 0.0026999901 0.000199999267 0.999996335 0 0
1.739511 1.226026 3.211387 0.0186004753 0.00170004345 0.999825551 0 0
1.738948 1.232748 3.211387 0.0184005469 0.00140004161 0.999829715 0 0
1.740146 1.219291 3.211387 0.0190003358 0.00190003358 0.999817672 0 0
1.766869 1.226026 3.211255 0.000699999829 0 0.999999755 0 0
1.766661 1.232748 3.211255 0.000699999829 0 0.999999755 0 0
1.774991 1.226026 3.211255 0 0 1 0 0
1.774887 1.232748 3.211255 0 0 1 0 0
1.767104 1.219291 3.211255 0.000699999829 0 0.999999755 0 0
1.775109 1.219291 3.211255 0 0 1 0 0
1.766484 1.239443 3.211255 0.000599999892 0 0.99999982 0 0
1.756572 1.239443 3.211268 0.00269999015 9.9999635e-05 0.99999635 0 0
1.766346 1.246099 3.211255 0.000599999892 0 0.99999982 0 0
1.756351 1.246099 3.211268 0.0025999912 9.99996615e-05 0.999996615 0 0
1.774799 1.239443 3.211255 0 0 1 0 0
1.774729 1.246099 3.211255 0 0 1 0 0
1.746692 1.239443 3.211308 0.00679984225 0.00039999072 0.999976801 0 0
1.738471 1.239443 3.211387 0.0183005822 0.00120003818 0.99983181 0 0
1.746388 1.246099 3.211308 0.00679984265 0.000199995372 0.999976861 0 0
1.738098 1.246099 3.211387 0.0181006475 0.000900032195 0.999835765 0 0
1.75843 1.205821 3.211268 0.00289998775 0.000199999155 0.999995775 0 0
1.749964 1.199086 3.211308 0.00749978603 0.000899974324 0.999971471 0 0
1.758952 1.199086 3.211268 0.00289998775 0.000199999155 0.999995775 0 0
1.749246 1.205821 3.211308 0.00729980316 0.000799978429 0.999973036 0 0
1.750797 1.192351 3.211308 0.00769976709 0.00109996673 0.999969751 0 0
1.759558 1.192351 3.211268 0.00299998637 0.000299998637 0.999995455 0 0
1.742487 1.199086 3.211387 0.0200998748 0.00289998193 0.999793771 0 0
1.741605 1.205821 3.211387 0.0196000984 0.00240001205 0.999805019 0 0
1.743509 1.192351 3.211387 0.0205996296 0.00339993887 0.999782024 0 0
1.767972 1.199086 3.211255 0.000699999829 0 0.999999755 0 0
1.767645 1.205821 3.211255 0.000699999829 0 0.999999755 0 0
1.775542 1.199086 3.211255 0 0 1 0 0
1.775379 1.205821 3.211255 0 0 1 0 0
1.76835 1.192351 3.211255 0.000699999829 0 0.999999755 0 0
1.775732 1.192351 3.211255 0 0 1 0 0
1.767359 1.212556 3.211255 0.000699999829 0 0.999999755 0 0
1.757973 1.212556 3.211268 0.00279998897 0.000199999212 0.99999606 0 0
1.775236 1.212556 3.211255 0 0 1 0 0
1.748617 1.212556 3.211308 0.00719981209 0.000599984341 0.999973901 0 0
1.740834 1.212556 3.211387 0.0193002225 0.00210002421 0.999811528 0 0
1.761089 1.178881 3.211268 0.00319998322 0.000499997378 0.999994755 0 0
1.754233 1.172146 3.211308 0.00870052505 0.00190011467 0.999960344 0 0
1.762057 1.172146 3.211268 0.00339997974 0.000599996424 0.99999404 0 0
1.752902 1.178881 3.211308 0.00830053349 0.00160010284 0.99996427 0 0
1.755789 1.165411 3.211308 0.00920050416 0.00240013152 0.999954794 0 0
1.763189 1.165411 3.211268 0.00359997579 0.000699995293 0.999993275 0 0
1.747726 1.172146 3.211387 0.023200255 0.00630006924 0.999710987 0 0
1.746093 1.178881 3.211387 0.0222008998 0.00510020672 0.99974052 0 0
1.749636 1.165411 3.211387 0.0245991871 0.00779974226 0.999666967 0 0
1.769912 1.172146 3.211255 0.00079999974 9.99999675e-05 0.999999675 0 0
1.769307 1.178881 3.211255 0.00079999974 9.99999675e-05 0.999999675 0 0
1.776513 1.172146 3.211255 0 0 1 0 0
1.77621 1.178881 3.211255 0 0 1 0 0
1.770619 1.165411 3.211255 0.000899999631 9.9999959e-05 0.99999959 0 0
1.776866 1.165411 3.211255 0 0 1 0 0
1.768791 1.185616 3.211255 0.00079999974 9.99999675e-05 0.999999675 0 0
1.760263 1.185616 3.211268 0.00309998486 0.000399998046 0.999995115 0 0
1.775952 1.185616 3.211255 0 0 1 0 0
1.751767 1.185616 3.211308 0.00800053725 0.0013000873 0.99996715 0 0
1.744699 1.185616 3.211387 0.02129924 0.00419985013 0.999764324 0 0
1.765857 1.152353 3.211268 0.00409996349 0.000999991095 0.999991095 0 0
1.761161 1.146852 3.211308 0.0114003212 0.00370010423 0.999928168 0 0
1.767095 1.146852 3.211268 0.00439995475 0.00109998869 0.999989715 0 0
1.759458 1.152353 3.211308 0.0106004067 0.00330012663 0.999938368 0 0
1.762504 1.142586 3.211308 0.0120002493 0.00380007895 0.999920774 0 0
1.768072 1.142586 3.211268 0.00469994525 0.00109998719 0.99998835 0 0
1.756229 1.146852 3.211387 0.0302991277 0.0117996603 0.999471226 0 0
1.754138 1.152353 3.211387 0.0283011939 0.0107004514 0.999542167 0 0
1.757877 1.142586 3.211387 0.0321003273 0.0122001244 0.999410189 0 0
1.773061 1.146852 3.211255 0.00109999931 0.000199999875 0.999999375 0 0
1.772287 1.152353 3.211255 0.00099999948 0.000199999896 0.99999948 0 0
1.778087 1.146852 3.211255 0 0 1 0 0
1.7777 1.152353 3.211255 0 0 1 0 0
1.773671 1.142586 3.211255 0.00119999911 0.000199999852 0.99999926 0 0
1.778392 1.142586 3.211255 0 0 1 0 0
1.771442 1.158676 3.211255 0.000899999618 0.000199999915 0.999999575 0 0
1.764505 1.158676 3.211268 0.00379997103 0.000899993138 0.999992375 0 0
1.777277 1.158676 3.211255 0 0 1 0 0
1.757599 1.158676 3.211308 0.00980046818 0.00290013854 0.999947769 0 0
1.751857 1.158676 3.211387 0.0263002848 0.00930010072 0.999610826 0 0
1.766397 1.121926 3.211268 0.00419996287 -0.000199998232 0.99999116 0 0
1.760083 1.119248 3.211308 0.010900442 -0.000300012164 0.999940543 0 0
1.766312 1.119248 3.211268 0.00419996294 -9.99991175e-05 0.999991175 0 0
1.7602 1.121926 3.211308 0.0109004405 -0.000600024247 0.999940408 0 0
1.760041 1.116502 3.211308 0.0108004501 0 0.999941673 0 0
1.766281 1.116502 3.211268 0.00419996296 0 0.99999118 0 0
1.754906 1.119248 3.211387 0.029099299 -0.0010999735 0.999575921 0 0
1.75505 1.121926 3.211387 0.0292020836 -0.00210014985 0.999571322 0 0
1.754854 1.116502 3.211387 0.0289994032 0 0.999579429 0 0
1.772571 1.119248 3.211255 0.0009999995 0 0.9999995 0 0
1.772624 1.121926 3.211255 0.0009999995 0 0.9999995 0 0
1.777842 1.119248 3.211255 0 0 1 0 0
1.777869 1.121926 3.211255 0 0 1 0 0
1.772552 1.116502 3.211255 0.0009999995 0 0.9999995 0 0
1.777832 1.116502 3.211255 0 0 1 0 0
1.772707 1.124466 3.211255 0.00109999933 0 0.999999395 0 0
1.766528 1.124466 3.211268 0.00429996005 -0.000299997213 0.99999071 0 0
1.772813 1.1268 3.211255 0.00109999933 -9.9999939e-05 0.99999939 0 0
1.766699 1.1268 3.211268 0.0042999599 -0.00039999627 0.999990675 0 0
1.77791 1.124466 3.211255 0 0 1 0 0
1.777963 1.1268 3.211255 0 0 1 0 0
1.760381 1.124466 3.211308 0.011000429 -0.001000039 0.999938993 0 0
1.755272 1.124466 3.211387 0.0295017592 -0.00320019083 0.999559606 0 0
1.760616 1.1268 3.211308 0.0111004168 -0.00130004881 0.999937543 0 0
1.755559 1.1268 3.211387 0.0298013761 -0.00440020318 0.999546155 0 0
1.766397 1.111067 3.211268 0.00419996287 0.000199998232 0.99999116 0 0
1.760381 1.108492 3.211308 0.01100043 0.000900035183 0.999939088 0 0
1.766528 1.108492 3.211268 0.00429996005 0.000299997213 0.99999071 0 0
1.7602 1.111067 3.211308 0.0109004405 0.000600024247 0.999940408 0 0
1.760616 1.106089 3.211308 0.0111004168 0.00130004881 0.999937543 0 0
1.766699 1.106089 3.211268 0.0042999599 0.00039999627 0.999990675 0 0
1.755272 1.108492 3.211387 0.0294018491 0.00310019498 0.999562864 0 0
1.75505 1.111067 3.211387 0.0292020836 0.00210014985 0.999571322 0 0
1.755559 1.106089 3.211387 0.0298014017 0.00420019756 0.999547015 0 0
1.772707 1.108492 3.211255 0.0009999995 0 0.9999995 0 0
1.772624 1.111067 3.211255 0.0009999995 0 0.9999995 0 0
1.77791 1.108492 3.211255 0 0 1 0 0
1.777869 1.111067 3.211255 0 0 1 0 0
1.772813 1.106089 3.211255 0.00109999933 9.9999939e-05 0.99999939 0 0
1.777963 1.106089 3.211255 0 0 1 0 0
1.772571 1.113756 3.211255 0.0009999995 0 0.9999995 0 0
1.766312 1.113756 3.211268 0.00419996294 9.99991175e-05 0.999991175 0 0
1.777842 1.113756 3.211255 0 0 1 0 0
1.760083 1.113756 3.211308 0.010900442 0.000300012164 0.999940543 0 0
1.754906 1.113756 3.211387 0.0289993857 0.0010999767 0.999578824 0 0
1.767129 1.13067 3.211268 0.00449995334 -0.000699992741 0.99998963 0 0
1.760893 1.12886 3.211308 0.0113003902 -0.00180006216 0.999934528 0 0
1.7669 1.12886 3.211268 0.00439995686 -0.000499995098 0.999990195 0 0
1.761208 1.13067 3.211308 0.011400369 -0.00230007445 0.999932368 0 0
1.755899 1.12886 3.211387 0.0302007988 -0.00590015606 0.999526438 0 0
1.756286 1.13067 3.211387 0.0306000861 -0.00760002139 0.999502814 0 0
1.772939 1.12886 3.211255 0.00109999933 -9.9999939e-05 0.99999939 0 0
1.773082 1.13067 3.211255 0.00109999933 -9.9999939e-05 0.99999939 0 0
1.778026 1.12886 3.211255 0 0 1 0 0
1.778098 1.13067 3.211255 0 0 1 0 0
1.773241 1.132254 3.211255 0.00109999931 -0.000199999875 0.999999375 0 0
1.767383 1.132254 3.211268 0.00449995262 -0.000899990523 0.99998947 0 0
1.773413 1.133639 3.211255 0.00109999931 -0.000199999875 0.999999375 0 0
1.767658 1.133639 3.211268 0.00459994855 -0.0010999877 0.999988815 0 0
1.778177 1.132254 3.211255 0 0 1 0 0
1.778263 1.133639 3.211255 0 0 1 0 0
1.761557 1.132254 3.211308 0.0116003273 -0.00300008465 0.999928213 0 0
1.756714 1.132254 3.211387 0.0311989427 -0.00969967128 0.999466129 0 0
1.761935 1.133639 3.211308 0.0118002732 -0.00380008799 0.999923153 0 0
1.757178 1.133639 3.211387 0.031800629 -0.0122002413 0.999419769 0 0
1.767133 1.10197 3.211268 0.00449995334 0.000699992741 0.99998963 0 0
1.761574 1.100254 3.211308 0.0117003165 0.00300008115 0.999927048 0 0
1.767396 1.100254 3.211268 0.00449995262 0.000899990523 0.99998947 0 0
1.761212 1.10197 3.211308 0.011400369 0.00230007445 0.999932368 0 0
1.761979 1.098766 3.211308 0.0119002569 0.00390008418 0.999921584 0 0
1.76769 1.098766 3.211268 0.00469994471 0.00119998588 0.999988235 0 0
1.756736 1.100254 3.211387 0.0311989728 0.00959968394 0.999467093 0 0
1.756291 1.10197 3.211387 0.0306001767 0.00720004158 0.999505772 0 0
1.757232 1.098766 3.211387 0.0320002296 0.0127000911 0.999407171 0 0
1.773249 1.100254 3.211255 0.00109999931 0.000199999875 0.999999375 0 0
1.773084 1.10197 3.211255 0.00109999933 9.9999939e-05 0.99999939 0 0
1.778181 1.100254 3.211255 0 0 1 0 0
1.778099 1.10197 3.211255 0 0 1 0 0
1.773433 1.098766 3.211255 0.00119999911 0.000199999852 0.99999926 0 0
1.778273 1.098766 3.211255 0 0 1 0 0
1.772939 1.103915 3.211255 0.00109999933 9.9999939e-05 0.99999939 0 0
1.7669 1.103915 3.211268 0.00439995686 0.000499995098 0.999990195 0 0
1.778026 1.103915 3.211255 0 0 1 0 0
1.760893 1.103915 3.211308 0.0113003922 0.001700059 0.999934703 0 0
1.755899 1.103915 3.211387 0.0302008677 0.00550015802 0.999528717 0 0
1.768401 1.096417 3.211268 0.00489992822 0.00229996631 0.99998535 0 0
1.763608 1.095436 3.211308 0.0131007318 0.0108006033 0.999855849 0 0
1.768875 1.095436 3.211268 0.00509990757 0.003199942 0.999981875 0 0
1.762956 1.096417 3.211308 0.0125998765 0.00779992352 0.999890196 0 0
1.764423 1.094503 3.211308 0.0136000715 0.0143000751 0.999805254 0 0
1.769468 1.094503 3.211268 0.00529987657 0.00429989986 0.999976711 0 0
1.759232 1.095436 3.211387 0.0350027181 0.0349027103 0.998777558 0 0
1.758432 1.096417 3.211387 0.0339002532 0.0252001882 0.999107463 0 0
1.760232 1.094503 3.211387 0.0364990667 0.0459988238 0.998274474 0 0
1.774173 1.095436 3.211255 0.00129999867 0.000599999385 0.999998975 0 0
1.773877 1.096417 3.211255 0.00119999904 0.00039999968 0.9999992 0 0
1.778643 1.095436 3.211255 0 0 1 0 0
1.778495 1.096417 3.211255 0 0 1 0 0
1.774544 1.094503 3.211255 0.00129999849 0.000799999068 0.999998835 0 0
1.778828 1.094503 3.211255 0 0 1 0 0
1.773636 1.097507 3.211255 0.00119999908 0.000299999771 0.999999235 0 0
1.768016 1.097507 3.211268 0.00479993856 0.00159997952 0.9999872 0 0
1.778375 1.097507 3.211255 0 0 1 0 0
1.762426 1.097507 3.211308 0.0122001275 0.00550005748 0.999910449 0 0
1.757781 1.097507 3.211387 0.0329000627 0.0177000337 0.999301904 0 0
1.751863 1.10197 3.290279 0.378899676 0.102899912 -0.919699214 0 0
1.753833 1.100254 3.290503 0.100397291 0.0337990881 -0.994373172 0 0
1.752381 1.100254 3.290279 0.382495431 0.133998399 -0.91418908 0 0
1.753339 1.10197 3.290503 0.0985005033 0.0257001313 -0.994805083 0 0
1.754385 1.098766 3.290503 0.102599976 0.0450999896 -0.993699771 0 0
1.752961 1.098766 3.290279 0.385126486 0.175812091 -0.905962305 0 0
1.751897 1.100254 3.289924 0.850216562 0.295005747 -0.436008494 0 0
1.751371 1.10197 3.289924 0.864621979 0.233605938 -0.444811307 0 0
1.751897 1.100254 3.289399 0.943669567 0.330889329 0 0 0
1.751371 1.10197 3.289399 0.964796121 0.262998943 0 0 0
1.752486 1.098766 3.289924 0.826357769 0.37092593 -0.423729622 0 0
1.752486 1.098766 3.289399 0.910263702 0.414028975 0 0 0
1.750906 1.103915 3.289924 0.873348127 0.183710124 -0.45112486 0 0
1.751405 1.103915 3.290279 0.375393577 0.0790986466 -0.923484199 0 0
1.750503 1.106089 3.289924 0.878485501 0.142597646 -0.455992474 0 0
1.751009 1.106089 3.290279 0.372022582 0.0604036666 -0.926256226 0 0
1.750906 1.103915 3.289399 0.978274092 0.207315702 0 0 0
1.750503 1.106089 3.289399 0.98690528 0.161300863 0 0 0
1.752903 1.103915 3.290503 0.0969001076 0.0196000218 -0.995101105 0 0
1.752526 1.106089 3.290503 0.0955017023 0.0149002656 -0.995317742 0 0
1.751863 1.10197 3.211743 0.37902017 0.102905476 0.91964894 0 0
1.751897 1.100254 3.212098 0.850253631 0.295018609 0.435927497 0 0
1.752381 1.100254 3.211743 0.382490304 0.134096601 0.914176826 0 0
1.751371 1.10197 3.212098 0.864724122 0.233606517 0.444612403 0 0
1.752486 1.098766 3.212098 0.826327112 0.371012173 0.423713902 0 0
1.752961 1.098766 3.211743 0.385126486 0.175812091 0.905962305 0 0
1.751897 1.100254 3.212623 0.943669567 0.330889329 0 0 0
1.751371 1.10197 3.212623 0.964796121 0.262998943 0 0 0
1.752486 1.098766 3.212623 0.910263702 0.414028975 0 0 0
1.753833 1.100254 3.211519 0.100397291 0.0337990881 0.994373172 0 0
1.753339 1.10197 3.211519 0.0985005033 0.0257001313 0.994805083 0 0
1.754385 1.098766 3.211519 0.102599976 0.0450999896 0.993699771 0 0
1.752903 1.103915 3.211519 0.096801045 0.0196002116 0.995110742 0 0
1.751405 1.103915 3.211743 0.375393577 0.0790986466 0.923484199 0 0
1.752526 1.106089 3.211519 0.0955017023 0.0149002656 0.995317742 0 0
1.751009 1.106089 3.211743 0.372108743 0.0604014191 0.926221762 0 0
1.750906 1.103915 3.212098 0.873427286 0.183605736 0.45101409 0 0
1.750906 1.103915 3.212623 0.978274092 0.207315702 0 0 0
1.750503 1.106089 3.212098 0.878525557 0.142604148 0.455913263 0 0
1.750503 1.106089 3.212623 0.98690528 0.161300863 0 0 0
1.75436 1.096417 3.290279 0.378101582 0.318901335 -0.869103637 0 0
1.756607 1.095436 3.290503 0.111303594 0.122303949 -0.986231846 0 0
1.755294 1.095436 3.290279 0.363004666 0.408005245 -0.837710769 0 0
1.755717 1.096417 3.290503 0.108401649 0.0890013542 -0.990115065 0 0
1.757718 1.094503 3.290503 0.114805515 0.159207648 -0.980547102 0 0
1.75646 1.094503 3.290279 0.345417541 0.489224843 -0.800840668 0 0
1.754856 1.095436 3.289924 0.638238685 0.689541794 -0.342320749 0 0
1.753907 1.096417 3.289924 0.719468896 0.582755804 -0.377836181 0 0
1.754856 1.095436 3.289399 0.670240065 0.742144363 0 0 0
1.753907 1.096417 3.289399 0.769972432 0.638077154 0 0 0
1.756041 1.094503 3.289924 0.560236041 0.771349623 -0.301919423 0 0
1.756041 1.094503 3.289399 0.579013002 0.815318308 0 0 0
1.753137 1.097507 3.289924 0.78510276 0.468601647 -0.405001424 0 0
1.753601 1.097507 3.290279 0.385379915 0.237187638 -0.891753523 0 0
1.753137 1.097507 3.289399 0.854478425 0.519486883 0 0 0
1.754995 1.097507 3.290503 0.105503595 0.06280214 -0.992433818 0 0
1.75436 1.096417 3.211743 0.37822015 0.318916991 0.8690463 0 0
1.754856 1.095436 3.212098 0.638400887 0.689500958 0.342100476 0 0
1.755294 1.095436 3.211743 0.363004666 0.408005245 0.837710769 0 0
1.753907 1.096417 3.212098 0.719544315 0.582735889 0.377723263 0 0
1.756041 1.094503 3.212098 0.560209737 0.771413407 0.301805245 0 0
1.75646 1.094503 3.211743 0.345400641 0.489300908 0.800801485 0 0
1.754856 1.095436 3.212623 0.670240065 0.742144363 0 0 0
1.753907 1.096417 3.212623 0.769972432 0.638077154 0 0 0
1.756041 1.094503 3.212623 0.57894652 0.815365517 0 0 0
1.756607 1.095436 3.211519 0.111204828 0.12230531 0.986242819 0 0
1.755717 1.096417 3.211519 0.108204953 0.0889040692 0.99014532 0 0
1.757718 1.094503 3.211519 0.114697404 0.1590964 0.98057781 0 0
1.754995 1.097507 3.211519 0.105404703 0.0628028023 0.992444284 0 0
1.753601 1.097507 3.211743 0.385414282 0.23720879 0.891733044 0 0
1.753137 1.097507 3.212098 0.785166345 0.468639599 0.404834208 0 0
1.753137 1.097507 3.212623 0.854478425 0.519486883 0 0 0
1.751856 1.13067 3.290279 0.378617226 -0.107904909 -0.919241822 0 0
1.752903 1.12886 3.290503 0.0969968161 -0.0207993173 -0.995067337 0 0
1.751405 1.12886 3.290279 0.375305744 -0.0837012811 -0.923114128 0 0
1.753333 1.13067 3.290503 0.0983981009 -0.0269994789 -0.994780801 0 0
1.752526 1.1268 3.290503 0.0956988545 -0.0155998133 -0.995288086 0 0
1.751009 1.1268 3.290279 0.372322394 -0.0631037955 -0.925955693 0 0
1.750906 1.12886 3.289924 0.871490876 -0.193797971 -0.450495283 0 0
1.751364 1.13067 3.289924 0.861932073 -0.244609102 -0.444116526 0 0
1.750906 1.12886 3.289399 0.975771176 -0.218793537 0 0 0
1.751364 1.13067 3.289399 0.961353943 -0.275315448 0 0 0
1.750503 1.1268 3.289924 0.877762262 -0.148710548 -0.455432305 0 0
1.750503 1.1268 3.289399 0.985751393 -0.16820877 0 0 0
1.751872 1.132254 3.289924 0.848061453 -0.300821798 -0.43623161 0 0
1.752356 1.132254 3.290279 0.381321999 -0.136207858 -0.914352751 0 0
1.752421 1.133639 3.289924 0.82922474 -0.361210777 -0.426512725 0 0
1.752897 1.133639 3.290279 0.383592535 -0.168596719 -0.907982331 0 0
1.751872 1.132254 3.289399 0.941429279 -0.337210487 0 0 0
1.752421 1.133639 3.289399 0.915236862 -0.402916228 0 0 0
1.753808 1.132254 3.290503 0.100098262 -0.0343994027 -0.994382733 0 0
1.754324 1.133639 3.290503 0.102005098 -0.0431021541 -0.993849669 0 0
1.751856 1.13067 3.211743 0.378411076 -0.107903158 0.919326909 0 0
1.750906 1.12886 3.212098 0.871530134 -0.193806701 0.450415573 0 0
1.751405 1.12886 3.211743 0.375391655 -0.0836981394 0.92307948 0 0
1.751364 1.13067 3.212098 0.861872705 -0.244692251 0.444185933 0 0
1.750503 1.1268 3.212098 0.877825185 -0.148704266 0.455313063 0 0
1.751009 1.1268 3.211743 0.372408532 -0.0631014457 0.925921213 0 0
1.750906 1.12886 3.212623 0.975771176 -0.218793537 0 0 0
1.751364 1.13067 3.212623 0.96132747 -0.27540787 0 0 0
1.750503 1.1268 3.212623 0.985751393 -0.16820877 0 0 0
1.752903 1.12886 3.211519 0.0968977588 -0.0207995189 0.995076984 0 0
1.753333 1.13067 3.211519 0.0984971293 -0.0269992131 0.994771008 0 0
1.752526 1.1268 3.211519 0.0955997701 -0.0155999625 0.995297606 0 0
1.753808 1.132254 3.211519 0.100098262 -0.0343994027 0.994382733 0 0
1.752356 1.132254 3.211743 0.381321999 -0.136207858 0.914352751 0 0
1.754324 1.133639 3.211519 0.102005098 -0.0431021541 0.993849669 0 0
1.752897 1.133639 3.211743 0.383592535 -0.168596719 0.907982331 0 0
1.751872 1.132254 3.212098 0.848061453 -0.300821798 0.43623161 0 0
1.751872 1.132254 3.212623 0.941429279 -0.337210487 0 0 0
1.752421 1.133639 3.212098 0.829260107 -0.361226183 0.426430909 0 0
1.752421 1.133639 3.212623 0.915236862 -0.402916228 0 0 0
1.750414 1.121926 3.290279 0.367387294 -0.0304989452 -0.929567851 0 0
1.751799 1.119248 3.290503 0.0934019914 -0.00380008102 -0.995621227 0 0
1.750246 1.119248 3.290279 0.366201265 -0.0157000542 -0.930403215 0 0
1.751959 1.121926 3.290503 0.0938059358 -0.00740046828 -0.995562996 0 0
1.751741 1.116502 3.290503 0.0933035339 0 -0.99563771 0 0
1.750185 1.116502 3.290279 0.366125729 0 -0.930565393 0 0
1.749729 1.119248 3.289924 0.885392713 -0.0378996881 -0.463296187 0 0
1.749899 1.121926 3.289924 0.883891877 -0.0733993255 -0.461895755 0 0
1.749729 1.119248 3.289399 0.999075118 -0.0429989291 0 0 0
1.749899 1.121926 3.289399 0.996524345 -0.0833020351 0 0 0
1.749667 1.116502 3.289924 0.886097581 0 -0.463498735 0 0
1.749667 1.116502 3.289399 1 0 0 0 0
1.750162 1.124466 3.289924 0.88156463 -0.109308014 -0.459233668 0 0
1.750673 1.124466 3.290279 0.369502152 -0.0457002662 -0.928105406 0 0
1.750162 1.124466 3.289399 0.99230708 -0.123800883 0 0 0
1.752206 1.124466 3.290503 0.0946049309 -0.0112005838 -0.995451884 0 0
1.750414 1.121926 3.211743 0.367507947 -0.0305006596 0.929520101 0 0
1.749729 1.119248 3.212098 0.885496338 -0.0378998433 0.463098085 0 0
1.750246 1.119248 3.211743 0.366322504 -0.0156009584 0.930357154 0 0
1.749899 1.121926 3.212098 0.884029699 -0.0735024694 0.461615508 0 0
1.749667 1.116502 3.212098 0.886097581 0 0.463498735 0 0
1.750185 1.116502 3.211743 0.366125729 0 0.930565393 0 0
1.749729 1.119248 3.212623 0.999075118 -0.0429989291 0 0 0
1.749899 1.121926 3.212623 0.996524345 -0.0833020351 0 0 0
1.749667 1.116502 3.212623 1 0 0 0 0
1.751799 1.119248 3.211519 0.0933028602 -0.00380011649 0.995630522 0 0
1.751959 1.121926 3.211519 0.093706808 -0.00740053767 0.995572331 0 0
1.751741 1.116502 3.211519 0.0932043994 0 0.995646996 0 0
1.752206 1.124466 3.211519 0.094496412 -0.0111995748 0.995462203 0 0
1.750673 1.124466 3.211743 0.369586804 -0.0457983648 0.928066864 0 0
1.750162 1.124466 3.212098 0.881627393 -0.109303396 0.459114265 0 0
1.750162 1.124466 3.212623 0.99230708 -0.123800883 0 0 0
1.750414 1.111067 3.290279 0.367304134 0.0302003399 -0.929610463 0 0
1.752206 1.108492 3.290503 0.0944966218 0.0109996068 -0.995464413 0 0
1.750673 1.108492 3.290279 0.369311851 0.0447014345 -0.928229787 0 0
1.751959 1.111067 3.290503 0.0938059358 0.00740046828 -0.995562996 0 0
1.750162 1.108492 3.289924 0.881716422 0.106901991 -0.459508558 0 0
1.749899 1.111067 3.289924 0.883937077 0.0727030496 -0.461919376 0 0
1.750162 1.108492 3.289399 0.992639721 0.121104846 0 0 0
1.749899 1.111067 3.289399 0.996591125 0.0824992653 0 0 0
1.749729 1.113756 3.289924 0.885437083 0.0378015832 -0.4632194 0 0
1.750246 1.113756 3.290279 0.366288424 0.015599507 -0.930370596 0 0
1.749729 1.113756 3.289399 0.999079409 0.0428991159 0 0 0
1.751799 1.113756 3.290503 0.0933028602 0.00380011649 -0.995630522 0 0
1.750414 1.111067 3.211743 0.367424793 0.030202038 0.929562724 0 0
1.750162 1.108492 3.212098 0.881819691 0.106902387 0.459310257 0 0
1.750673 1.108492 3.211743 0.36939821 0.0446997834 0.928195503 0 0
1.749899 1.111067 3.212098 0.884040587 0.0727033379 0.461721198 0 0
1.750162 1.108492 3.212623 0.992639721 0.121104846 0 0 0
1.749899 1.111067 3.212623 0.996591125 0.0824992653 0 0 0
1.752206 1.108492 3.211519 0.0944966218 0.0109996068 0.995464413 0 0
1.751959 1.111067 3.211519 0.093706808 0.00740053767 0.995572331 0 0
1.751799 1.113756 3.211519 0.0933028602 0.00380011649 0.995630522 0 0
1.750246 1.113756 3.211743 0.366288424 0.015599507 0.930370596 0 0
1.749729 1.113756 3.212098 0.88549969 0.0377999868 0.463099838 0 0
1.749729 1.113756 3.212623 0.999079409 0.0428991159 0 0 0
1.749351 1.152353 3.290279 0.350909162 0.152403979 -0.923924124 0 0
1.753269 1.146852 3.290503 0.0972977675 0.0417990409 -0.994377184 0 0
1.75179 1.146852 3.290279 0.369118047 0.165408087 -0.914544713 0 0
1.750947 1.152353 3.290503 0.0908046543 0.0378019376 -0.995151008 0 0
1.7551 1.142586 3.290503 0.102698658 0.0428994393 -0.993787011 0 0
1.753712 1.142586 3.290279 0.38411825 0.167607963 -0.907943137 0 0
1.751296 1.146852 3.289924 0.818946395 0.370520991 -0.438224826 0 0
1.748819 1.152353 3.289924 0.816234181 0.356614934 -0.454519033 0 0
1.751296 1.146852 3.289399 0.910541062 0.413418644 0 0 0
1.748819 1.152353 3.289399 0.915670065 0.401930755 0 0 0
1.753249 1.142586 3.289924 0.826760529 0.367026871 -0.426331213 0 0
1.753249 1.142586 3.289399 0.91382392 0.40611063 0 0 0
1.746115 1.158676 3.289924 0.817062303 0.332325341 -0.471135925 0 0
1.746689 1.158676 3.290279 0.332910543 0.135104279 -0.933229556 0 0
1.743483 1.165411 3.289924 0.822117815 0.296506425 -0.486010532 0 0
1.744098 1.165411 3.290279 0.317105484 0.114801986 -0.941416282 0 0
1.746115 1.158676 3.289399 0.925551735 0.378621164 0 0 0
1.743483 1.165411 3.289399 0.93994808 0.341317459 0 0 0
1.748412 1.158676 3.290503 0.0845067481 0.0329026274 -0.995879524 0 0
1.745944 1.165411 3.290503 0.0791983709 0.0274994343 -0.996479503 0 0
1.749351 1.152353 3.211743 0.350909162 0.152403979 0.923924124 0 0
1.751296 1.146852 3.212098 0.818910503 0.370504752 0.438305621 0 0
1.75179 1.146852 3.211743 0.369118047 0.165408087 0.914544713 0 0
1.748819 1.152353 3.212098 0.816197078 0.356598723 0.454598373 0 0
1.753249 1.142586 3.212098 0.826664582 0.367184268 0.426381732 0 0
1.753712 1.142586 3.211743 0.38411825 0.167607963 0.907943137 0 0
1.751296 1.146852 3.212623 0.910541062 0.413418644 0 0 0
1.748819 1.152353 3.212623 0.915670065 0.401930755 0 0 0
1.753249 1.142586 3.212623 0.91382392 0.40611063 0 0 0
1.753269 1.146852 3.211519 0.0973968171 0.041798634 0.994367505 0 0
1.750947 1.152353 3.211519 0.0909038335 0.0378015941 0.995141966 0 0
1.7551 1.142586 3.211519 0.102698658 0.0428994393 0.993787011 0 0
1.748412 1.158676 3.211519 0.0845067481 0.0329026274 0.995879524 0 0
1.746689 1.158676 3.211743 0.332817121 0.135206955 0.933248007 0 0
1.745944 1.165411 3.211519 0.0791983709 0.0274994343 0.996479503 0 0
1.744098 1.165411 3.211743 0.317195426 0.114798345 0.941386425 0 0
1.746115 1.158676 3.212098 0.817062303 0.332325341 0.471135925 0 0
1.746115 1.158676 3.212623 0.925551735 0.378621164 0 0 0
1.743483 1.165411 3.212098 0.822117815 0.296506425 0.486010532 0 0
1.743483 1.165411 3.212623 0.93994808 0.341317459 0 0 0
1.739964 1.178881 3.290279 0.292116368 0.0773043315 -0.953253412 0 0
1.743822 1.172146 3.290503 0.0748038342 0.0222011379 -0.9969511 0 0
1.74187 1.172146 3.290279 0.303310777 0.0941033436 -0.948233691 0 0
1.742007 1.178881 3.290503 0.0713988269 0.0180997026 -0.997283615 0 0
1.74122 1.172146 3.289924 0.827616321 0.256205052 -0.499409848 0 0
1.739284 1.178881 3.289924 0.831526501 0.220107015 -0.510016254 0 0
1.74122 1.172146 3.289399 0.954719887 0.297506197 0 0 0
1.739284 1.178881 3.289399 0.966329483 0.257307851 0 0 0
1.737632 1.185616 3.289924 0.834130171 0.188606822 -0.518318748 0 0
1.738338 1.185616 3.290279 0.282905005 0.0639011304 -0.95701693 0 0
1.736221 1.192351 3.289924 0.835630664 0.161805938 -0.524919262 0 0
1.73695 1.192351 3.290279 0.275416414 0.0531031648 -0.959857204 0 0
1.737632 1.185616 3.289399 0.975135803 0.221608136 0 0 0
1.736221 1.192351 3.289399 0.9815904 0.190998132 0 0 0
1.740459 1.185616 3.290503 0.0686023582 0.0148005088 -0.997534291 0 0
1.739137 1.192351 3.290503 0.0665007039 0.0123001302 -0.997710561 0 0
1.739964 1.178881 3.211743 0.292116368 0.0773043315 0.953253412 0 0
1.74122 1.172146 3.212098 0.827616321 0.256205052 0.499409848 0 0
1.74187 1.172146 3.211743 0.303310777 0.0941033436 0.948233691 0 0
1.739284 1.178881 3.212098 0.831526501 0.220107015 0.510016254 0 0
1.74122 1.172146 3.212623 0.954719887 0.297506197 0 0 0
1.739284 1.178881 3.212623 0.966329483 0.257307851 0 0 0
1.743822 1.172146 3.211519 0.0748038342 0.0222011379 0.9969511 0 0
1.742007 1.178881 3.211519 0.0713988269 0.0180997026 0.997283615 0 0
1.740459 1.185616 3.211519 0.0686023582 0.0148005088 0.997534291 0 0
1.738338 1.185616 3.211743 0.282905005 0.0639011304 0.95701693 0 0
1.739137 1.192351 3.211519 0.0665007039 0.0123001302 0.997710561 0 0
1.73695 1.192351 3.211743 0.275416414 0.0531031648 0.959857204 0 0
1.737632 1.185616 3.212098 0.834130171 0.188606822 0.518318748 0 0
1.737632 1.185616 3.212623 0.975135803 0.221608136 0 0 0
1.736221 1.192351 3.212098 0.835630664 0.161805938 0.524919262 0 0
1.736221 1.192351 3.212623 0.9815904 0.190998132 0 0 0
1.734729 1.205821 3.290279 0.26390031 0.0380000447 -0.963801132 0 0
1.738001 1.199086 3.290503 0.0647033317 0.0103005304 -0.997851381 0 0
1.735758 1.199086 3.290279 0.269212017 0.0447019953 -0.962042942 0 0
1.737021 1.205821 3.290503 0.0632972599 0.0086996234 -0.997956799 0 0
1.735011 1.199086 3.289924 0.836238142 0.139506363 -0.530324189 0 0
1.733965 1.205821 3.289924 0.836303671 0.121200532 -0.534702347 0 0
1.735011 1.199086 3.289399 0.986258447 0.165209791 0 0 0
1.733965 1.205821 3.289399 0.989592395 0.143898894 0 0 0
1.733051 1.212556 3.289924 0.835847979 0.107006142 -0.538430907 0 0
1.733829 1.212556 3.290279 0.259402359 0.0329002992 -0.965208779 0 0
1.732235 1.219291 3.289924 0.835022892 0.0969026566 -0.541614849 0 0
1.733026 1.219291 3.290279 0.255515293 0.0294017597 -0.966357838 0 0
1.733051 1.212556 3.289399 0.991852209 0.127393862 0 0 0
1.732235 1.219291 3.289399 0.993295903 0.115599523 0 0 0
1.736164 1.212556 3.290503 0.0620029685 0.00750035909 -0.998047783 0 0
1.735399 1.219291 3.290503 0.0610009303 0.00670010218 -0.998115221 0 0
1.734729 1.205821 3.211743 0.263993342 0.0379990417 0.963775694 0 0
1.735011 1.199086 3.212098 0.836238142 0.139506363 0.530324189 0 0
1.735758 1.199086 3.211743 0.269212017 0.0447019953 0.962042942 0 0
1.733965 1.205821 3.212098 0.836303671 0.121200532 0.534702347 0 0
1.735011 1.199086 3.212623 0.986258447 0.165209791 0 0 0
1.733965 1.205821 3.212623 0.98957815 0.143996821 0 0 0
1.738001 1.199086 3.211519 0.0647033317 0.0103005304 0.997851381 0 0
1.737021 1.205821 3.211519 0.0632972599 0.0086996234 0.997956799 0 0
1.736164 1.212556 3.211519 0.0620029685 0.00750035909 0.998047783 0 0
1.733829 1.212556 3.211743 0.259402359 0.0329002992 0.965208779 0 0
1.735399 1.219291 3.211519 0.0610009303 0.00670010218 0.998115221 0 0
1.733026 1.219291 3.211743 0.255515293 0.0294017597 0.966357838 0 0
1.733051 1.212556 3.212098 0.835847979 0.107006142 0.538430907 0 0
1.733051 1.212556 3.212623 0.991852209 0.127393862 0 0 0
1.732235 1.219291 3.212098 0.835022892 0.0969026566 0.541614849 0 0
1.732235 1.219291 3.212623 0.993295903 0.115599523 0 0 0
1.731629 1.232748 3.290279 0.249620039 0.0227018225 -0.968077716 0 0
1.734695 1.226026 3.290503 0.0601980954 0.00599981017 -0.998168418 0 0
1.732286 1.226026 3.290279 0.252391578 0.0262991224 -0.967267723 0 0
1.734068 1.232748 3.290503 0.0595008768 0.00520007662 -0.998214709 0 0
1.731483 1.226026 3.289924 0.834568429 0.0876966825 -0.543879425 0 0
1.730815 1.232748 3.289924 0.83441754 0.076401606 -0.545811473 0 0
1.731483 1.226026 3.289399 0.994482965 0.104898203 0 0 0
1.730815 1.232748 3.289399 0.995805034 0.0915004625 0 0 0
1.730251 1.239443 3.289924 0.834513227 0.0627009938 -0.547408676 0 0
1.731073 1.239443 3.290279 0.24740882 0.0185006596 -0.968734536 0 0
1.729808 1.246099 3.289924 0.834793635 0.0464996454 -0.548595817 0 0
1.730637 1.246099 3.290279 0.245805993 0.0136003316 -0.96922363 0 0
1.730251 1.239443 3.289399 0.99716865 0.0751976358 0 0 0
1.729808 1.246099 3.289399 0.998441836 0.0558023382 0 0 0
1.733539 1.239443 3.290503 0.0588035777 0.00420025555 -0.998260736 0 0
1.733124 1.246099 3.290503 0.058299668 0.00309998235 -0.998294315 0 0
1.731629 1.232748 3.211743 0.249620039 0.0227018225 0.968077716 0 0
1.731483 1.226026 3.212098 0.834568429 0.0876966825 0.543879425 0 0
1.732286 1.226026 3.211743 0.252391578 0.0262991224 0.967267723 0 0
1.730815 1.232748 3.212098 0.83441754 0.076401606 0.545811473 0 0
1.731483 1.226026 3.212623 0.994482965 0.104898203 0 0 0
1.730815 1.232748 3.212623 0.995805034 0.0915004625 0 0 0
1.734695 1.226026 3.211519 0.0601980954 0.00599981017 0.998168418 0 0
1.734068 1.232748 3.211519 0.0594012284 0.00520010754 0.998220643 0 0
1.733539 1.239443 3.211519 0.0588035777 0.00420025555 0.998260736 0 0
1.731073 1.239443 3.211743 0.24740882 0.0185006596 0.968734536 0 0
1.733124 1.246099 3.211519 0.0583993267 0.00309996426 0.99828849 0 0
1.730637 1.246099 3.211743 0.245805993 0.0136003316 0.96922363 0 0
1.730251 1.239443 3.212098 0.834513227 0.0627009938 0.547408676 0 0
1.730251 1.239443 3.212623 0.99716865 0.0751976358 0 0 0
1.729808 1.246099 3.212098 0.834763319 0.0465035274 0.548641616 0 0
1.729808 1.246099 3.212623 0.998441836 0.0558023382 0 0 0
1.756074 1.273146 3.290314 0.00239994805 -0.989178589 -0.146696825 0 0
1.747205 1.273071 3.290483 0.00659988793 -0.914384474 -0.404793127 0 0
1.746224 1.273113 3.290294 0.00679985278 -0.983478708 -0.180896084 0 0
1.756321 1.273106 3.290498 0.00270012078 -0.928941552 -0.37021656 0 0
1.739877 1.273002 3.290473 0.0133000342 -0.865402224 -0.500901287 0 0
1.738092 1.273039 3.290268 0.0181001207 -0.969706468 -0.243601625 0 0
1.747859 1.273002 3.290598 0.00469998846 -0.708098262 -0.706098267 0 0
1.756485 1.27303 3.290626 0.00210001416 -0.707904775 -0.706304764 0 0
1.742289 1.272964 3.29056 0.00920033504 -0.708325794 -0.705825703 0 0
1.745897 1.273144 3.290003 0.00610035618 -0.994958092 -0.100105845 0 0
1.755986 1.273164 3.290068 0.00150009453 -0.99846292 -0.0554034914 0 0
1.745897 1.27317 3.28966 0.00450014794 -0.996232752 -0.0866028471 0 0
1.755978 1.27317 3.289792 0.000899988723 -0.999487477 -0.031999599 0 0
1.737496 1.273078 3.289911 0.0224014847 -0.992065751 -0.123708199 0 0
1.737495 1.27317 3.289267 0.0220991281 -0.992660835 -0.118895309 0 0
1.766091 1.27317 3.290003 0.000200007619 -0.999638082 -0.0269010248 0 0
1.766115 1.273157 3.290299 0.000300002997 -0.992809918 -0.119701196 0 0
1.774571 1.27317 3.289911 -0.000100002326 -0.999823251 -0.0188004372 0 0
1.774606 1.273157 3.290276 -0.000100001263 -0.994312553 -0.106501345 0 0
1.76606 1.27317 3.28966 9.99985415e-05 -0.999985415 -0.00539992124 0 0
1.774462 1.27317 3.289267 0 -1 0 0 0
1.766123 1.273118 3.290503 0.000499995115 -0.933990875 -0.357296509 0 0
1.766123 1.273039 3.290635 0.000700005975 -0.708006043 -0.706206027 0 0
1.774618 1.273118 3.290503 -9.99964147e-05 -0.936866409 -0.349687462 0 0
1.774618 1.273039 3.290635 0 -0.708205935 -0.706005916 0 0
1.756074 1.273146 3.211709 0.00240015024 -0.989161919 0.14680919 0 0
1.745897 1.273144 3.21202 0.00610035618 -0.994958092 0.100105845 0 0
1.746224 1.273113 3.211729 0.00680009867 -0.983514271 0.180702622 0 0
1.755986 1.273164 3.211954 0.00150009453 -0.99846292 0.0554034914 0 0
1.737496 1.273078 3.212111 0.0223998161 -0.992091855 0.123498986 0 0
1.738092 1.273039 3.211754 0.0181005523 -0.969629584 0.243907442 0 0
1.745897 1.27317 3.212362 0.00450014794 -0.996232752 0.0866028471 0 0
1.755978 1.27317 3.212231 0.000899988723 -0.999487477 0.031999599 0 0
1.737495 1.27317 3.212755 0.0220988653 -0.992649029 0.11899389 0 0
1.747205 1.273071 3.21154 0.00660035257 -0.914548852 0.404421603 0 0
1.756321 1.273106 3.211524 0.0025999717 -0.928989888 0.370095972 0 0
1.747859 1.273002 3.211425 0.00469998639 -0.708297949 0.705897956 0 0
1.756485 1.27303 3.211397 0.00210001297 -0.708204373 0.70600436 0 0
1.739877 1.273002 3.21155 0.0134006877 -0.865444416 0.500825703 0 0
1.742289 1.272964 3.211462 0.00920033007 -0.708525419 0.705625315 0 0
1.766123 1.273118 3.211519 0.000499995115 -0.933990875 0.357296509 0 0
1.766115 1.273157 3.211724 0.000300002997 -0.992809918 0.119701196 0 0
1.774618 1.273118 3.211519 -9.9999911e-05 -0.936899166 0.349599689 0 0
1.774606 1.273157 3.211746 -0.000200000391 -0.994301944 0.106600208 0 0
1.766123 1.273039 3.211387 0.000700005695 -0.708205761 0.706005743 0 0
1.774618 1.273039 3.211387 0 -0.708305773 0.705905753 0 0
1.766091 1.27317 3.21202 0.000200007619 -0.999638082 0.0269010248 0 0
1.76606 1.27317 3.212362 9.9998595e-05 -0.99998595 0.00529992554 0 0
1.774571 1.27317 3.212111 -0.000100002326 -0.999823251 0.0188004372 0 0
1.774462 1.27317 3.212755 0 -0.999999955 -0.000299999987 0 0
1.759636 1.092633 3.211743 0.309809367 0.635719221 0.707021377 0 0
1.759104 1.093559 3.211519 0.119599653 0.201799414 0.972097176 0 0
1.757917 1.093559 3.211743 0.328517115 0.563429353 0.758039491 0 0
1.760742 1.092633 3.211519 0.125697912 0.255195761 0.958684076 0 0
1.76148 1.093559 3.211387 0.0386002119 0.0591003245 0.997505476 0 0
1.762954 1.092633 3.211387 0.0414999118 0.0765998372 0.996197883 0 0
1.757521 1.093559 3.212098 0.49411658 0.829227825 0.261208765 0 0
1.759267 1.092633 3.212098 0.433404165 0.873908398 0.220102115 0 0
1.757521 1.093559 3.212623 0.503541428 0.863971082 0 0 0
1.759267 1.092633 3.212623 0.436300495 0.899801021 0 0 0
1.761254 1.091756 3.212098 0.374216262 0.909939542 0.17880777 0 0
1.761592 1.091756 3.211743 0.287410672 0.708326301 0.644723939 0 0
1.763454 1.090958 3.212098 0.31389655 0.939389676 0.137898485 0 0
1.763757 1.090958 3.211743 0.259093736 0.782281089 0.566486305 0 0
1.761254 1.091756 3.212623 0.37259725 0.927993151 0 0 0
1.763454 1.090958 3.212623 0.309318977 0.950958343 0 0 0
1.762604 1.091756 3.211519 0.132206774 0.325516678 0.93624797 0 0
1.76463 1.091756 3.211387 0.0454030855 0.101806919 0.993767534 0 0
1.764667 1.090958 3.211519 0.137300649 0.419301983 0.897404245 0 0
1.766486 1.090958 3.211387 0.0501996632 0.141299052 0.988693366 0 0
1.759636 1.092633 3.290279 0.309809367 0.635719221 -0.707021377 0 0
1.757521 1.093559 3.289924 0.494103671 0.829206161 -0.261301941 0 0
1.757917 1.093559 3.290279 0.328498604 0.563497605 -0.757996779 0 0
1.759267 1.092633 3.289924 0.433422953 0.873846276 -0.220311667 0 0
1.757521 1.093559 3.289399 0.503616073 0.863927573 0 0 0
1.759267 1.092633 3.289399 0.436300495 0.899801021 0 0 0
1.759104 1.093559 3.290503 0.11970744 0.201912549 -0.972060415 0 0
1.760742 1.092633 3.290503 0.125801965 0.255403989 -0.958614974 0 0
1.76148 1.093559 3.290635 0.0386002119 0.0591003245 -0.997505476 0 0
1.762954 1.092633 3.290635 0.0414999118 0.0765998372 -0.996197883 0 0
1.762604 1.091756 3.290503 0.132305029 0.325512373 -0.936235587 0 0
1.761592 1.091756 3.290279 0.287408841 0.708421791 -0.644619829 0 0
1.764667 1.090958 3.290503 0.137209091 0.41942779 -0.897359457 0 0
1.763757 1.090958 3.290279 0.259187018 0.782260818 -0.566471626 0 0
1.76463 1.091756 3.290635 0.0453032842 0.10180738 -0.993772041 0 0
1.766486 1.090958 3.290635 0.0501996632 0.141299052 -0.988693366 0 0
1.761254 1.091756 3.289924 0.374209569 0.909923267 -0.178904575 0 0
1.761254 1.091756 3.289399 0.37259725 0.927993151 0 0 0
1.763454 1.090958 3.289924 0.3138064 0.93941916 -0.137902813 0 0
1.763454 1.090958 3.289399 0.309289563 0.95096791 0 0 0
1.771081 1.092633 3.211268 0.0061003384 0.00720039942 0.999955469 0 0
1.775006 1.093559 3.211255 0.00139999793 0.00099999852 0.99999852 0 0
1.770208 1.093559 3.211268 0.0056003875 0.00550038058 0.99996919 0 0
1.775552 1.092633 3.211255 0.00149999705 0.00129999744 0.99999803 0 0
1.77906 1.093559 3.211255 0 0 1 0 0
1.779332 1.092633 3.211255 0 0 1 0 0
1.76544 1.093559 3.211308 0.0145003705 0.0184004701 0.999725543 0 0
1.766641 1.092633 3.211308 0.0155998477 0.0239997658 0.999590244 0 0
1.768007 1.091756 3.211308 0.0170007354 0.0320013842 0.999343228 0 0
1.772074 1.091756 3.211268 0.00670021086 0.00960030213 0.999931468 0 0
1.769519 1.090958 3.211308 0.0191003406 0.044700797 0.998817809 0 0
1.773174 1.090958 3.211268 0.00749985559 0.0134997401 0.999880747 0 0
1.776173 1.091756 3.211255 0.00169999479 0.00179999448 0.999996935 0 0
1.779643 1.091756 3.211255 0 0 1 0 0
1.77686 1.090958 3.211255 0.00189999063 0.00249998768 0.99999507 0 0
1.779987 1.090958 3.211255 0 0 1 0 0
1.771081 1.092633 3.290754 0.0061003384 0.00720039942 -0.999955469 0 0
1.76544 1.093559 3.290715 0.0144003887 0.0184004967 -0.999726988 0 0
1.770208 1.093559 3.290754 0.0056003875 0.00550038058 -0.99996919 0 0
1.766641 1.092633 3.290715 0.0154998728 0.0239998031 -0.999591798 0 0
1.775006 1.093559 3.290767 0.00139999793 0.00099999852 -0.99999852 0 0
1.775552 1.092633 3.290767 0.00149999705 0.00129999744 -0.99999803 0 0
1.77906 1.093559 3.290767 0 0 -1 0 0
1.779332 1.092633 3.290767 0 0 -1 0 0
1.776173 1.091756 3.290767 0.00169999479 0.00179999448 -0.999996935 0 0
1.772074 1.091756 3.290754 0.00670021086 0.00960030213 -0.999931468 0 0
1.77686 1.090958 3.290767 0.00189999063 0.00249998768 -0.99999507 0 0
1.773174 1.090958 3.290754 0.00749985559 0.0134997401 -0.999880747 0 0
1.779643 1.091756 3.290767 0 0 -1 0 0
1.779987 1.090958 3.290767 0 0 -1 0 0
1.768007 1.091756 3.290715 0.0170007354 0.0320013842 -0.999343228 0 0
1.769519 1.090958 3.290715 0.0191003406 0.044700797 -0.998817809 0 0
1.775546 1.089699 3.290741 0.00989970133 0.0796975956 -0.996769928 0 0
1.771159 1.09027 3.290715 0.0216012118 0.0722040504 -0.997155937 0 0
1.774367 1.09027 3.290754 0.00840024756 0.0295008694 -0.999529457 0 0
1.77278 1.089709 3.290703 0.0247005916 0.138003305 -0.990123714 0 0
1.768499 1.09027 3.290635 0.0560030282 0.203110983 -0.977552858 0 0
1.770506 1.089715 3.290626 0.0604050181 0.303925248 -0.950778984 0 0
1.777606 1.09027 3.290767 0.00209997537 0.0147998264 -0.999888271 0 0
1.778343 1.089696 3.290754 0.00250007769 0.0594018459 -0.998231021 0 0
1.780359 1.09027 3.290767 0 0.0114003992 -0.999935013 0 0
1.780728 1.089696 3.290754 0 0.0548995537 -0.998491882 0 0
1.779005 1.089242 3.290715 0.00310010147 0.167705489 -0.985832267 0 0
1.776605 1.089255 3.290703 0.0125997893 0.196196719 -0.980483601 0 0
1.779525 1.088915 3.290635 0.00469979899 0.409582483 -0.912260983 0 0
1.777416 1.088938 3.290626 0.01820087 0.435420814 -0.900043023 0 0
1.781059 1.089242 3.290715 0 0.161203462 -0.986921194 0 0
1.781319 1.088915 3.290635 0 0.402423559 -0.915453592 0 0
1.774234 1.089293 3.290668 0.0291022001 0.266220126 -0.963472836 0 0
1.772345 1.089319 3.290598 0.0585995757 0.428596897 -0.901593472 0 0
1.775295 1.089007 3.290598 0.0375013482 0.478417199 -0.877331541 0 0
1.773712 1.089102 3.29056 0.0522027381 0.524927533 -0.84954456 0 0
1.775546 1.089699 3.211281 0.009799714 0.0796976741 0.99677091 0 0
1.777606 1.09027 3.211255 0.00209997537 0.0147998264 0.999888271 0 0
1.774367 1.09027 3.211268 0.00850024332 0.0295008445 0.999528612 0 0
1.778343 1.089696 3.211268 0.00250007769 0.0594018459 0.998231021 0 0
1.780359 1.09027 3.211255 0 0.0114003992 0.999935013 0 0
1.780728 1.089696 3.211268 0 0.0548995537 0.998491882 0 0
1.771159 1.09027 3.211308 0.0215992137 0.0720973753 0.997163699 0 0
1.77278 1.089709 3.21132 0.0247005916 0.138003305 0.990123714 0 0
1.768499 1.09027 3.211387 0.0561015793 0.20320572 0.977527518 0 0
1.770506 1.089715 3.211396 0.0604031818 0.304016014 0.950750082 0 0
1.774234 1.089293 3.211355 0.0290022768 0.266220899 0.963475636 0 0
1.776605 1.089255 3.21132 0.0127000206 0.196100319 0.980501593 0 0
1.775295 1.089007 3.211425 0.037800932 0.478411795 0.877321631 0 0
1.777416 1.088938 3.211396 0.0182000774 0.435501853 0.90000383 0 0
1.772345 1.089319 3.211425 0.0587020068 0.428714656 0.901530819 0 0
1.773712 1.089102 3.211462 0.0522027381 0.524927533 0.84954456 0 0
1.779005 1.089242 3.211308 0.0031002054 0.167511098 0.985865316 0 0
1.781059 1.089242 3.211308 0 0.161300863 0.98690528 0 0
1.779525 1.088915 3.211387 0.00470022776 0.409619849 0.912244204 0 0
1.781319 1.088915 3.211387 0 0.402302909 0.915506619 0 0
1.768553 1.089699 3.290278 0.192197377 0.909787586 -0.36789498 0 0
1.765839 1.09027 3.289924 0.255392838 0.96167303 -0.0997972012 0 0
1.766105 1.09027 3.290279 0.227108527 0.852332001 -0.471117688 0 0
1.768342 1.089696 3.289924 0.203603917 0.97661879 -0.0690013276 0 0
1.765839 1.09027 3.289399 0.250504026 0.968115558 0 0 0
1.768342 1.089696 3.289399 0.199307524 0.979936993 0 0 0
1.766903 1.09027 3.290503 0.13811146 0.528743872 -0.837469488 0 0
1.769186 1.089709 3.290498 0.131101287 0.642006301 -0.755407414 0 0
1.771386 1.089293 3.290483 0.112297656 0.739084575 -0.664186139 0 0
1.771016 1.089255 3.290274 0.152009521 0.949259459 -0.275317245 0 0
1.773552 1.089007 3.290473 0.0847026381 0.802124983 -0.591118411 0 0
1.773454 1.088938 3.290272 0.103998296 0.96858413 -0.225896299 0 0
1.770892 1.089242 3.289924 0.15450546 0.98683487 -0.0478016891 0 0
1.770892 1.089242 3.289399 0.151899379 0.988395962 0 0 0
1.773421 1.088915 3.289924 0.105100057 0.993700542 -0.0389000212 0 0
1.773421 1.088915 3.289399 0.104502586 0.994524615 0 0 0
1.768553 1.089699 3.211744 0.192304098 0.909719386 0.368007842 0 0
1.766903 1.09027 3.211519 0.13830034 0.528801298 0.837402056 0 0
1.766105 1.09027 3.211743 0.227106479 0.852224314 0.471313447 0 0
1.769186 1.089709 3.211524 0.131104255 0.642220844 0.755224511 0 0
1.765839 1.09027 3.212098 0.255299359 0.961697586 0.0997997495 0 0
1.768342 1.089696 3.212098 0.203602511 0.976612047 0.0691008524 0 0
1.765839 1.09027 3.212623 0.250504026 0.968115558 0 0 0
1.768342 1.089696 3.212623 0.199307524 0.979936993 0 0 0
1.770892 1.089242 3.212098 0.154407841 0.986850114 0.0478024275 0 0
1.771016 1.089255 3.211748 0.151901584 0.949309901 0.27520287 0 0
1.773421 1.088915 3.212098 0.105100466 0.993704402 0.0388001719 0 0
1.773454 1.088938 3.211751 0.103995946 0.968562246 0.225991191 0 0
1.770892 1.089242 3.212623 0.151899379 0.988395962 0 0 0
1.773421 1.088915 3.212623 0.104502586 0.994524615 0 0 0
1.771386 1.089293 3.21154 0.112198076 0.739187327 0.664088614 0 0
1.773552 1.089007 3.21155 0.0848037111 0.802035098 0.591225873 0 0
1.778041 1.088651 3.290278 0.0273013363 0.971147534 -0.236911596 0 0
1.779837 1.088718 3.290503 0.00640024753 0.771229828 -0.636524618 0 0
1.779993 1.088619 3.290279 0.00700009275 0.968912838 -0.247303277 0 0
1.777853 1.088747 3.290498 0.0243006434 0.783420741 -0.621016442 0 0
1.781475 1.088718 3.290503 0 0.766932787 -0.641727434 0 0
1.781553 1.088619 3.290279 0 0.968164046 -0.250316559 0 0
1.780046 1.088587 3.289924 0.00800033082 0.998941307 -0.0453018733 0 0
1.778104 1.088619 3.289924 0.0293988122 0.99865965 -0.0425982789 0 0
1.780046 1.088587 3.289399 0.00840054366 0.999964715 0 0 0
1.778104 1.088619 3.289399 0.0303012372 0.999540812 0 0 0
1.781579 1.088587 3.289924 0 0.998941352 -0.0460019043 0 0
1.781579 1.088587 3.289399 0 1 0 0 0
1.775861 1.088718 3.289924 0.061403124 0.997350742 -0.0390019843 0 0
1.775829 1.088747 3.290274 0.0588029576 0.972948936 -0.223411237 0 0
1.775861 1.088718 3.289399 0.0621043347 0.998069663 0 0 0
1.775733 1.088834 3.290483 0.0501000914 0.800301461 -0.59750109 0 0
1.778041 1.088651 3.211744 0.0272001161 0.971104147 0.237101012 0 0
1.780046 1.088587 3.212098 0.00800036703 0.998945828 0.0452020737 0 0
1.779993 1.088619 3.211743 0.00699991961 0.968888872 0.247397159 0 0
1.778104 1.088619 3.212098 0.0293989372 0.998663899 0.0424984637 0 0
1.781579 1.088587 3.212098 0 0.998941352 0.0460019043 0 0
1.781553 1.088619 3.211743 0 0.968139806 0.250410296 0 0
1.780046 1.088587 3.212623 0.00840054366 0.999964715 0 0 0
1.778104 1.088619 3.212623 0.0303012372 0.999540812 0 0 0
1.781579 1.088587 3.212623 0 1 0 0 0
1.779837 1.088718 3.211519 0.00639992621 0.771091109 0.636692659 0 0
1.777853 1.088747 3.211524 0.0243002485 0.783508011 0.620906349 0 0
1.781475 1.088718 3.211519 0 0.766842377 0.641835469 0 0
1.775733 1.088834 3.21154 0.0501030849 0.800349279 0.597436785 0 0
1.775829 1.088747 3.211748 0.0587019856 0.97293291 0.22350756 0 0
1.775861 1.088718 3.212098 0.0614028842 0.997346846 0.0391018367 0 0
1.775861 1.088718 3.212623 0.0621043347 0.998069663 0 0 0
1.756107 1.258872 3.290754 0.00259999121 0 -0.99999662 0 0
1.746182 1.252702 3.290715 0.00669984949 0.000199995507 -0.999977536 0 0
1.746052 1.258872 3.290715 0.00669984959 9.99977551e-05 -0.999977551 0 0
1.756201 1.252702 3.290754 0.00259999121 0 -0.99999662 0 0
1.737845 1.252702 3.290635 0.0180006804 0.000600022681 -0.999837795 0 0
1.737686 1.258872 3.290635 0.0179007106 0.000400015879 -0.999839689 0 0
1.745979 1.264225 3.290715 0.00669984959 9.99977551e-05 -0.999977551 0 0
1.756054 1.264225 3.290754 0.00259999121 0 -0.99999662 0 0
1.74594 1.268382 3.290715 0.00669984959 9.99977551e-05 -0.999977551 0 0
1.756026 1.268382 3.290754 0.00259999121 0 -0.99999662 0 0
1.737596 1.264225 3.290635 0.0179007117 0.000200007951 -0.999839749 0 0
1.737549 1.268382 3.290635 0.0178007395 0.000200008309 -0.999841534 0 0
1.76616 1.264225 3.290767 0.000599999892 0 -0.99999982 0 0
1.766193 1.258872 3.290767 0.000599999892 0 -0.99999982 0 0
1.774637 1.264226 3.290767 0 0 -1 0 0
1.774653 1.258872 3.290767 0 0 -1 0 0
1.766143 1.268382 3.290767 0.000599999892 0 -0.99999982 0 0
1.774628 1.268382 3.290767 0 0 -1 0 0
1.766252 1.252702 3.290767 0.000599999892 0 -0.99999982 0 0
1.774683 1.252702 3.290767 0 0 -1 0 0
1.756081 1.27234 3.290741 0.00270002157 -0.0397003172 -0.999207984 0 0
1.745917 1.27096 3.290715 0.0069004395 -0.00500031848 -0.99996369 0 0
1.746231 1.272337 3.290703 0.00740044045 -0.0450026784 -0.998959455 0 0
1.756009 1.27096 3.290754 0.0025999625 -0.0046999322 -0.999985575 0 0
1.73752 1.27096 3.290635 0.0188998865 -0.00739995556 -0.999793996 0 0
1.7381 1.272334 3.290626 0.0198994179 -0.0710979201 -0.997270825 0 0
1.747206 1.272887 3.290668 0.00700000557 -0.333000265 -0.94290075 0 0
1.756323 1.272902 3.290703 0.00300018828 -0.306519236 -0.951859736 0 0
1.739879 1.272877 3.290598 0.0143000192 -0.421100566 -0.90690122 0 0
1.766124 1.272907 3.290715 0.000600013704 -0.301006875 -0.953621781 0 0
1.766126 1.272342 3.290754 0.000600011625 -0.0395007653 -0.99921936 0 0
1.774618 1.272907 3.290715 0 -0.301006929 -0.953621953 0 0
1.77462 1.272342 3.290754 0 -0.0396006178 -0.999215588 0 0
1.766132 1.27096 3.290767 0.000599993265 -0.00469994724 -0.999988775 0 0
1.774622 1.27096 3.290767 0 -0.00469994809 -0.999988955 0 0
1.756107 1.258872 3.211268 0.00259999121 0 0.99999662 0 0
1.766252 1.252702 3.211255 0.000599999892 0 0.99999982 0 0
1.766193 1.258872 3.211255 0.000599999892 0 0.99999982 0 0
1.756201 1.252702 3.211268 0.00259999121 0 0.99999662 0 0
1.774683 1.252702 3.211255 0 0 1 0 0
1.774653 1.258872 3.211255 0 0 1 0 0
1.76616 1.264226 3.211255 0.000599999892 0 0.99999982 0 0
1.756054 1.264226 3.211268 0.00259999121 0 0.99999662 0 0
1.766143 1.268382 3.211255 0.000599999892 0 0.99999982 0 0
1.756026 1.268382 3.211268 0.00259999121 0 0.99999662 0 0
1.774637 1.264226 3.211255 0 0 1 0 0
1.774628 1.268382 3.211255 0 0 1 0 0
1.745979 1.264226 3.211308 0.00669984959 9.99977551e-05 0.999977551 0 0
1.746052 1.258872 3.211308 0.00669984959 9.99977551e-05 0.999977551 0 0
1.737596 1.264226 3.211387 0.0179007117 0.000200007951 0.999839749 0 0
1.737686 1.258872 3.211387 0.0179007106 0.000400015879 0.999839689 0 0
1.74594 1.268382 3.211308 0.00669984959 9.99977551e-05 0.999977551 0 0
1.737549 1.268382 3.211387 0.0178007395 0.000200008309 0.999841534 0 0
1.746182 1.252702 3.211308 0.00669984949 0.000199995507 0.999977536 0 0
1.737845 1.252702 3.211387 0.0180006804 0.000600022681 0.999837795 0 0
1.756081 1.27234 3.211281 0.00270001084 -0.0398001598 0.999204012 0 0
1.766132 1.270961 3.211255 0.000599993265 -0.00469994724 0.999988775 0 0
1.766126 1.272342 3.211268 0.000600009252 -0.0396006106 0.999215408 0 0
1.756009 1.270961 3.211268 0.0025999625 -0.0046999322 0.999985575 0 0
1.774622 1.270961 3.211255 0 -0.00469994809 0.999988955 0 0
1.77462 1.272342 3.211268 0 -0.0396006178 0.999215588 0 0
1.766124 1.272907 3.211308 0.000599998629 -0.301399311 0.953497821 0 0
1.756323 1.272902 3.21132 0.00300010576 -0.306910819 0.951733549 0 0
1.774618 1.272907 3.211308 0 -0.301188796 0.953564528 0 0
1.747206 1.272887 3.211355 0.00700027736 -0.332613178 0.943037364 0 0
1.746231 1.272337 3.21132 0.00739976765 -0.0447985933 0.998968633 0 0
1.739879 1.272877 3.211425 0.0143012235 -0.420936011 0.906977591 0 0
1.7381 1.272334 3.211397 0.0198995592 -0.0709984274 0.997277911 0 0
1.745917 1.27096 3.211308 0.00690043602 -0.00510032227 0.999963185 0 0
1.73752 1.27096 3.211387 0.0188998724 -0.00749994938 0.999793251 0 0
1.730761 1.272342 3.290277 0.213616336 -0.508138859 -0.834363806 0 0
1.735445 1.272887 3.290483 0.0315994709 -0.617689657 -0.785786842 0 0
1.733211 1.272337 3.290498 0.0646020008 -0.193705999 -0.978930318 0 0
1.733204 1.272909 3.290268 0.0779020407 -0.787620632 -0.611216011 0 0
1.732482 1.27096 3.290503 0.0625030274 -0.0198009591 -0.997848332 0 0
1.729963 1.27096 3.290279 0.266807137 -0.0835022337 -0.960125684 0 0
1.732514 1.268382 3.290503 0.0574029236 0.000700035654 -0.998350847 0 0
1.729997 1.268382 3.290279 0.242016666 0.00320022037 -0.970266815 0 0
1.729123 1.27096 3.289924 0.823844398 -0.202710924 -0.529328526 0 0
1.729945 1.272348 3.289918 0.536520922 -0.67802644 -0.502419592 0 0
1.729123 1.27096 3.289399 0.974516011 -0.212003483 -0.0733012043 0 0
1.72984 1.272353 3.289389 0.623249772 -0.75095997 -0.218217426 0 0
1.729157 1.268382 3.289924 0.833503659 0.0111000487 -0.552402425 0 0
1.729157 1.268382 3.289399 0.999911549 0.0133001536 0 0 0
1.732457 1.272934 3.289898 0.135797954 -0.953885625 -0.267695966 0 0
1.732037 1.272953 3.28936 0.140203708 -0.969525644 -0.200905314 0 0
1.730156 1.258872 3.290279 0.24321359 0.00600033528 -0.969954198 0 0
1.732566 1.264225 3.290503 0.0576022621 0.000900035345 -0.998339206 0 0
1.732666 1.258872 3.290503 0.0577019002 0.0014000461 -0.998332876 0 0
1.730051 1.264225 3.290279 0.242604274 0.00400007046 -0.970117089 0 0
1.732843 1.252702 3.290503 0.0580008323 0.00210003014 -0.998314326 0 0
1.730342 1.252702 3.290279 0.244195559 0.00919983271 -0.969682367 0 0
1.729508 1.252702 3.289924 0.834500492 0.0316000186 -0.550100325 0 0
1.72932 1.258872 3.289924 0.834228514 0.0210007178 -0.551018834 0 0
1.729508 1.252702 3.289399 0.999277771 0.0379991547 0 0 0
1.72932 1.258872 3.289399 0.999682441 0.0251995574 0 0 0
1.729213 1.264225 3.289924 0.833918634 0.0139003106 -0.551712328 0 0
1.729213 1.264225 3.289399 0.999860528 0.016701011 0 0 0
1.730156 1.258872 3.211743 0.24321359 0.00600033528 0.969954198 0 0
1.732843 1.252702 3.211519 0.0580008323 0.00210003014 0.998314326 0 0
1.732666 1.258872 3.211519 0.0577019002 0.0014000461 0.998332876 0 0
1.730342 1.252702 3.211743 0.244195559 0.00919983271 0.969682367 0 0
1.732566 1.264226 3.211519 0.0576022621 0.000900035345 0.998339206 0 0
1.730051 1.264226 3.211743 0.242510154 0.00400016749 0.970140621 0 0
1.732514 1.268382 3.211519 0.0574029236 0.000700035654 0.998350847 0 0
1.729997 1.268382 3.211743 0.242110812 0.00320014291 0.970243327 0 0
1.729213 1.264226 3.212098 0.833918634 0.0139003106 0.551712328 0 0
1.72932 1.258872 3.212098 0.834228514 0.0210007178 0.551018834 0 0
1.729213 1.264226 3.212623 0.999862193 0.0166010326 0 0 0
1.72932 1.258872 3.212623 0.999682441 0.0251995574 0 0 0
1.729157 1.268382 3.212098 0.833503659 0.0111000487 0.552402425 0 0
1.729157 1.268382 3.212623 0.999911549 0.0133001536 0 0 0
1.729508 1.252702 3.212098 0.834500492 0.0316000186 0.550100325 0 0
1.729508 1.252702 3.212623 0.999277771 0.0379991547 0 0 0
1.730761 1.272342 3.211746 0.213704803 -0.508011418 0.834418754 0 0
1.732482 1.27096 3.211519 0.0626026406 -0.0198008352 0.99784209 0 0
1.733211 1.272337 3.211524 0.0646032519 -0.193609746 0.978949277 0 0
1.729963 1.27096 3.211743 0.266897787 -0.083599307 0.960092041 0 0
1.735445 1.272887 3.21154 0.0315998253 -0.617296586 0.786095653 0 0
1.733204 1.272909 3.211755 0.0779020407 -0.787620632 0.611216011 0 0
1.732457 1.272934 3.212124 0.135803633 -0.95382552 0.267907168 0 0
1.729945 1.272348 3.212105 0.536493964 -0.677992373 0.502494347 0 0
1.732037 1.272953 3.212663 0.140203708 -0.969525644 0.200905314 0 0
1.72984 1.272353 3.212633 0.623324525 -0.750929546 0.218108582 0 0
1.729123 1.27096 3.212098 0.823861096 -0.202615025 0.529339255 0 0
1.729123 1.27096 3.212623 0.974536668 -0.211907973 0.0733027581 0 0
1.751371 1.10197 3.286753 0.964796121 0.262998943 0 0 0
1.751897 1.100254 3.288664 0.943669567 0.330889329 0 0 0
1.751897 1.100254 3.286753 0.943669567 0.330889329 0 0 0
1.751371 1.10197 3.288664 0.964796121 0.262998943 0 0 0
1.752486 1.098766 3.288664 0.91022601 0.414111833 0 0 0
1.752486 1.098766 3.286753 0.91022601 0.414111833 0 0 0
1.751897 1.100254 3.282699 0.943669567 0.330889329 0 0 0
1.751371 1.10197 3.282699 0.964796121 0.262998943 0 0 0
1.751897 1.100254 3.275534 0.943658617 0.330920556 0 0 0
1.751371 1.10197 3.275534 0.964796121 0.262998943 0 0 0
1.752486 1.098766 3.282699 0.91022601 0.414111833 0 0 0
1.752486 1.098766 3.275534 0.91022601 0.414111833 0 0 0
1.750906 1.103915 3.282699 0.978274092 0.207315702 0 0 0
1.750906 1.103915 3.286753 0.978274092 0.207315702 0 0 0
1.750503 1.106089 3.282699 0.98690528 0.161300863 0 0 0
1.750503 1.106089 3.286753 0.98690528 0.161300863 0 0 0
1.750906 1.103915 3.275534 0.978274092 0.207315702 0 0 0
1.750503 1.106089 3.275534 0.98690528 0.161300863 0 0 0
1.750906 1.103915 3.288664 0.978274092 0.207315702 0 0 0
1.750503 1.106089 3.288664 0.98690528 0.161300863 0 0 0
1.751371 1.10197 3.251011 0.964796121 0.262998943 0 0 0
1.751897 1.100254 3.264292 0.943669567 0.330889329 0 0 0
1.751897 1.100254 3.251011 0.943669567 0.330889329 0 0 0
1.751371 1.10197 3.264292 0.964796121 0.262998943 0 0 0
1.752486 1.098766 3.264292 0.91022601 0.414111833 0 0 0
1.752486 1.098766 3.251011 0.91022601 0.414111833 0 0 0
1.751897 1.100254 3.237731 0.943669567 0.330889329 0 0 0
1.751371 1.10197 3.237731 0.964796121 0.262998943 0 0 0
1.751897 1.100254 3.226488 0.943669567 0.330889329 0 0 0
1.751371 1.10197 3.226488 0.964796121 0.262998943 0 0 0
1.752486 1.098766 3.237731 0.91022601 0.414111833 0 0 0
1.752486 1.098766 3.226488 0.91022601 0.414111833 0 0 0
1.750906 1.103915 3.237731 0.978274092 0.207315702 0 0 0
1.750906 1.103915 3.251011 0.97827839 0.207295421 0 0 0
1.750503 1.106089 3.237731 0.98690528 0.161300863 0 0 0
1.750503 1.106089 3.251011 0.98690528 0.161300863 0 0 0
1.750906 1.103915 3.226488 0.978274092 0.207315702 0 0 0
1.750503 1.106089 3.226488 0.98690528 0.161300863 0 0 0
1.750906 1.103915 3.264292 0.978274092 0.207315702 0 0 0
1.750503 1.106089 3.264292 0.98690528 0.161300863 0 0 0
1.751371 1.10197 3.215269 0.964796121 0.262998943 0 0 0
1.751897 1.100254 3.219324 0.943658617 0.330920556 0 0 0
1.751897 1.100254 3.215269 0.943658617 0.330920556 0 0 0
1.751371 1.10197 3.219324 0.964796121 0.262998943 0 0 0
1.752486 1.098766 3.219324 0.91022601 0.414111833 0 0 0
1.752486 1.098766 3.215269 0.91022601 0.414111833 0 0 0
1.751897 1.100254 3.213358 0.943669567 0.330889329 0 0 0
1.751371 1.10197 3.213358 0.964796121 0.262998943 0 0 0
1.752486 1.098766 3.213358 0.910263702 0.414028975 0 0 0
1.750906 1.103915 3.213358 0.978274092 0.207315702 0 0 0
1.750906 1.103915 3.215269 0.978274092 0.207315702 0 0 0
1.750503 1.106089 3.213358 0.98690528 0.161300863 0 0 0
1.750503 1.106089 3.215269 0.98690528 0.161300863 0 0 0
1.750906 1.103915 3.219324 0.978274092 0.207315702 0 0 0
1.750503 1.106089 3.219324 0.98690528 0.161300863 0 0 0
1.753907 1.096417 3.286753 0.769972432 0.638077154 0 0 0
1.754856 1.095436 3.288664 0.670240065 0.742144363 0 0 0
1.754856 1.095436 3.286753 0.670240065 0.742144363 0 0 0
1.753907 1.096417 3.288664 0.769972432 0.638077154 0 0 0
1.756041 1.094503 3.288664 0.579013002 0.815318308 0 0 0
1.756041 1.094503 3.286753 0.579013002 0.815318308 0 0 0
1.754856 1.095436 3.282699 0.670240065 0.742144363 0 0 0
1.753907 1.096417 3.282699 0.769972432 0.638077154 0 0 0
1.754856 1.095436 3.275534 0.670240065 0.742144363 0 0 0
1.753907 1.096417 3.275534 0.769972432 0.638077154 0 0 0
1.756041 1.094503 3.282699 0.579013002 0.815318308 0 0 0
1.756041 1.094503 3.275534 0.579013002 0.815318308 0 0 0
1.753137 1.097507 3.282699 0.854478425 0.519486883 0 0 0
1.753137 1.097507 3.286753 0.854451435 0.519531274 0 0 0
1.753137 1.097507 3.275534 0.854478425 0.519486883 0 0 0
1.753137 1.097507 3.288664 0.854451435 0.519531274 0 0 0
1.753907 1.096417 3.251011 0.769972432 0.638077154 0 0 0
1.754856 1.095436 3.264292 0.670240065 0.742144363 0 0 0
1.754856 1.095436 3.251011 0.670240065 0.742144363 0 0 0
1.753907 1.096417 3.264292 0.769972432 0.638077154 0 0 0
1.756041 1.094503 3.264292 0.579013002 0.815318308 0 0 0
1.756041 1.094503 3.251011 0.579013002 0.815318308 0 0 0
1.754856 1.095436 3.237731 0.670240065 0.742144363 0 0 0
1.753907 1.096417 3.237731 0.769972432 0.638077154 0 0 0
1.754856 1.095436 3.226488 0.670240065 0.742144363 0 0 0
1.753907 1.096417 3.226488 0.769972432 0.638077154 0 0 0
1.756041 1.094503 3.237731 0.579013002 0.815318308 0 0 0
1.756041 1.094503 3.226488 0.579013002 0.815318308 0 0 0
1.753137 1.097507 3.237731 0.854478425 0.519486883 0 0 0
1.753137 1.097507 3.251011 0.854451435 0.519531274 0 0 0
1.753137 1.097507 3.226488 0.854478425 0.519486883 0 0 0
1.753137 1.097507 3.264292 0.854478425 0.519486883 0 0 0
1.753907 1.096417 3.215269 0.769972432 0.638077154 0 0 0
1.754856 1.095436 3.219324 0.670240065 0.742144363 0 0 0
1.754856 1.095436 3.215269 0.670240065 0.742144363 0 0 0
1.753907 1.096417 3.219324 0.769972432 0.638077154 0 0 0
1.756041 1.094503 3.219324 0.579013002 0.815318308 0 0 0
1.756041 1.094503 3.215269 0.579013002 0.815318308 0 0 0
1.754856 1.095436 3.213358 0.670240065 0.742144363 0 0 0
1.753907 1.096417 3.213358 0.769972432 0.638077154 0 0 0
1.756041 1.094503 3.213358 0.579013002 0.815318308 0 0 0
1.753137 1.097507 3.213358 0.854478425 0.519486883 0 0 0
1.753137 1.097507 3.215269 0.854478425 0.519486883 0 0 0
1.753137 1.097507 3.219324 0.854478425 0.519486883 0 0 0
1.751364 1.13067 3.286753 0.961353943 -0.275315448 0 0 0
1.750906 1.12886 3.288664 0.975771176 -0.218793537 0 0 0
1.750906 1.12886 3.286753 0.975771176 -0.218793537 0 0 0
1.751364 1.13067 3.288664 0.961353943 -0.275315448 0 0 0
1.750503 1.1268 3.288664 0.985751393 -0.16820877 0 0 0
1.750503 1.1268 3.286753 0.985751393 -0.16820877 0 0 0
1.750906 1.12886 3.282699 0.975771176 -0.218793537 0 0 0
1.751364 1.13067 3.282699 0.961353943 -0.275315448 0 0 0
1.750906 1.12886 3.275534 0.975771176 -0.218793537 0 0 0
1.751364 1.13067 3.275534 0.961353943 -0.275315448 0 0 0
1.750503 1.1268 3.282699 0.985751393 -0.16820877 0 0 0
1.750503 1.1268 3.275534 0.985751393 -0.16820877 0 0 0
1.751872 1.132254 3.282699 0.941429279 -0.337210487 0 0 0
1.751872 1.132254 3.286753 0.941429279 -0.337210487 0 0 0
1.752421 1.133639 3.282699 0.915236862 -0.402916228 0 0 0
1.752421 1.133639 3.286753 0.915236862 -0.402916228 0 0 0
1.751872 1.132254 3.275534 0.941429279 -0.337210487 0 0 0
1.752421 1.133639 3.275534 0.915236862 -0.402916228 0 0 0
1.751872 1.132254 3.288664 0.941429279 -0.337210487 0 0 0
1.752421 1.133639 3.288664 0.915236862 -0.402916228 0 0 0
1.751364 1.13067 3.251011 0.961353943 -0.275315448 0 0 0
1.750906 1.12886 3.264292 0.975771176 -0.218793537 0 0 0
1.750906 1.12886 3.251011 0.975771176 -0.218793537 0 0 0
1.751364 1.13067 3.264292 0.961353943 -0.275315448 0 0 0
1.750503 1.1268 3.264292 0.985751393 -0.16820877 0 0 0
1.750503 1.1268 3.251011 0.985751393 -0.16820877 0 0 0
1.750906 1.12886 3.237731 0.975771176 -0.218793537 0 0 0
1.751364 1.13067 3.237731 0.961353943 -0.275315448 0 0 0
1.750906 1.12886 3.226488 0.975771176 -0.218793537 0 0 0
1.751364 1.13067 3.226488 0.961353943 -0.275315448 0 0 0
1.750503 1.1268 3.237731 0.985751393 -0.16820877 0 0 0
1.750503 1.1268 3.226488 0.985751393 -0.16820877 0 0 0
1.751872 1.132254 3.237731 0.941429279 -0.337210487 0 0 0
1.751872 1.132254 3.251011 0.941429279 -0.337210487 0 0 0
1.752421 1.133639 3.237731 0.915236862 -0.402916228 0 0 0
1.752421 1.133639 3.251011 0.915236862 -0.402916228 0 0 0
1.751872 1.132254 3.226488 0.941429279 -0.337210487 0 0 0
1.752421 1.133639 3.226488 0.915236862 -0.402916228 0 0 0
1.751872 1.132254 3.264292 0.941429279 -0.337210487 0 0 0
1.752421 1.133639 3.264292 0.915236862 -0.402916228 0 0 0
1.751364 1.13067 3.215269 0.961353943 -0.275315448 0 0 0
1.750906 1.12886 3.219324 0.975771176 -0.218793537 0 0 0
1.750906 1.12886 3.215269 0.975771176 -0.218793537 0 0 0
1.751364 1.13067 3.219324 0.961353943 -0.275315448 0 0 0
1.750503 1.1268 3.219324 0.985751393 -0.16820877 0 0 0
1.750503 1.1268 3.215269 0.985751393 -0.16820877 0 0 0
1.750906 1.12886 3.213358 0.975771176 -0.218793537 0 0 0
1.751364 1.13067 3.213358 0.961353943 -0.275315448 0 0 0
1.750503 1.1268 3.213358 0.985751393 -0.16820877 0 0 0
1.751872 1.132254 3.213358 0.941429279 -0.337210487 0 0 0
1.751872 1.132254 3.215269 0.941429279 -0.337210487 0 0 0
1.752421 1.133639 3.213358 0.915236862 -0.402916228 0 0 0
1.752421 1.133639 3.215269 0.915236862 -0.402916228 0 0 0
1.751872 1.132254 3.219324 0.941429279 -0.337210487 0 0 0
1.752421 1.133639 3.219324 0.915236862 -0.402916228 0 0 0
1.749899 1.121926 3.286753 0.996524345 -0.0833020351 0 0 0
1.749729 1.119248 3.288664 0.999075118 -0.0429989291 0 0 0
1.749729 1.119248 3.286753 0.999075118 -0.0429989291 0 0 0
1.749899 1.121926 3.288664 0.996524345 -0.0833020351 0 0 0
1.749667 1.116502 3.288664 1 0 0 0 0
1.749667 1.116502 3.286753 1 0 0 0 0
1.749729 1.119248 3.282699 0.999075118 -0.0429989291 0 0 0
1.749899 1.121926 3.282699 0.996524345 -0.0833020351 0 0 0
1.749729 1.119248 3.275534 0.999075118 -0.0429989291 0 0 0
1.749899 1.121926 3.275534 0.996524345 -0.0833020351 0 0 0
1.749667 1.116502 3.282699 1 0 0 0 0
1.749667 1.116502 3.275534 1 0 0 0 0
1.750162 1.124466 3.282699 0.99230708 -0.123800883 0 0 0
1.750162 1.124466 3.286753 0.99230708 -0.123800883 0 0 0
1.750162 1.124466 3.275534 0.99230708 -0.123800883 0 0 0
1.750162 1.124466 3.288664 0.99230708 -0.123800883 0 0 0
1.749899 1.121926 3.251011 0.996524345 -0.0833020351 0 0 0
1.749729 1.119248 3.264292 0.999075118 -0.0429989291 0 0 0
1.749729 1.119248 3.251011 0.999075118 -0.0429989291 0 0 0
1.749899 1.121926 3.264292 0.996524345 -0.0833020351 0 0 0
1.749667 1.116502 3.264292 1 0 0 0 0
1.749667 1.116502 3.251011 1 0 0 0 0
1.749729 1.119248 3.237731 0.999075118 -0.0429989291 0 0 0
1.749899 1.121926 3.237731 0.996524345 -0.0833020351 0 0 0
1.749729 1.119248 3.226488 0.999075118 -0.0429989291 0 0 0
1.749899 1.121926 3.226488 0.996524345 -0.0833020351 0 0 0
1.749667 1.116502 3.237731 1 0 0 0 0
1.749667 1.116502 3.226488 1 0 0 0 0
1.750162 1.124466 3.237731 0.99230708 -0.123800883 0 0 0
1.750162 1.124466 3.251011 0.99230708 -0.123800883 0 0 0
1.750162 1.124466 3.226488 0.99230708 -0.123800883 0 0 0
1.750162 1.124466 3.264292 0.99230708 -0.123800883 0 0 0
1.749899 1.121926 3.215269 0.996524345 -0.0833020351 0 0 0
1.749729 1.119248 3.219324 0.999075118 -0.0429989291 0 0 0
1.749729 1.119248 3.215269 0.999075118 -0.0429989291 0 0 0
1.749899 1.121926 3.219324 0.996524345 -0.0833020351 0 0 0
1.749667 1.116502 3.219324 1 0 0 0 0
1.749667 1.116502 3.215269 1 0 0 0 0
1.749729 1.119248 3.213358 0.999075118 -0.0429989291 0 0 0
1.749899 1.121926 3.213358 0.996524345 -0.0833020351 0 0 0
1.749667 1.116502 3.213358 1 0 0 0 0
1.750162 1.124466 3.213358 0.99230708 -0.123800883 0 0 0
1.750162 1.124466 3.215269 0.99230708 -0.123800883 0 0 0
1.750162 1.124466 3.219324 0.99230708 -0.123800883 0 0 0
1.749899 1.111067 3.286753 0.996591125 0.0824992653 0 0 0
1.750162 1.108492 3.288664 0.992639721 0.121104846 0 0 0
1.750162 1.108492 3.286753 0.992639721 0.121104846 0 0 0
1.749899 1.111067 3.288664 0.996591125 0.0824992653 0 0 0
1.750162 1.108492 3.282699 0.992639721 0.121104846 0 0 0
1.749899 1.111067 3.282699 0.996591125 0.0824992653 0 0 0
1.750162 1.108492 3.275534 0.992639721 0.121104846 0 0 0
1.749899 1.111067 3.275534 0.996591125 0.0824992653 0 0 0
1.749729 1.113756 3.282699 0.999079409 0.0428991159 0 0 0
1.749729 1.113756 3.286753 0.999079409 0.0428991159 0 0 0
1.749729 1.113756 3.275534 0.999079409 0.0428991159 0 0 0
1.749729 1.113756 3.288664 0.999079409 0.0428991159 0 0 0
1.749899 1.111067 3.251011 0.996591125 0.0824992653 0 0 0
1.750162 1.108492 3.264292 0.992639721 0.121104846 0 0 0
1.750162 1.108492 3.251011 0.992639721 0.121104846 0 0 0
1.749899 1.111067 3.264292 0.996591125 0.0824992653 0 0 0
1.750162 1.108492 3.237731 0.992639721 0.121104846 0 0 0
1.749899 1.111067 3.237731 0.996591125 0.0824992653 0 0 0
1.750162 1.108492 3.226488 0.992639721 0.121104846 0 0 0
1.749899 1.111067 3.226488 0.996591125 0.0824992653 0 0 0
1.749729 1.113756 3.237731 0.999079409 0.0428991159 0 0 0
1.749729 1.113756 3.251011 0.999079409 0.0428991159 0 0 0
1.749729 1.113756 3.226488 0.999079409 0.0428991159 0 0 0
1.749729 1.113756 3.264292 0.999079409 0.0428991159 0 0 0
1.749899 1.111067 3.215269 0.996591125 0.0824992653 0 0 0
1.750162 1.108492 3.219324 0.992639721 0.121104846 0 0 0
1.750162 1.108492 3.215269 0.992639721 0.121104846 0 0 0
1.749899 1.111067 3.219324 0.996591125 0.0824992653 0 0 0
1.750162 1.108492 3.213358 0.992639721 0.121104846 0 0 0
1.749899 1.111067 3.213358 0.996591125 0.0824992653 0 0 0
1.749729 1.113756 3.213358 0.999079409 0.0428991159 0 0 0
1.749729 1.113756 3.215269 0.999079409 0.0428991159 0 0 0
1.749729 1.113756 3.219324 0.999079409 0.0428991159 0 0 0
1.748819 1.152353 3.286753 0.915670065 0.401930755 0 0 0
1.751296 1.146852 3.288664 0.910541062 0.413418644 0 0 0
1.751296 1.146852 3.286753 0.910541062 0.413418644 0 0 0
1.748819 1.152353 3.288664 0.915686219 0.401893952 0 0 0
1.753249 1.142586 3.288664 0.913786805 0.406194135 0 0 0
1.753249 1.142586 3.286753 0.91382392 0.40611063 0 0 0
1.751296 1.146852 3.282699 0.910541062 0.413418644 0 0 0
1.748819 1.152353 3.282699 0.915670065 0.401930755 0 0 0
1.751296 1.146852 3.275534 0.910541062 0.413418644 0 0 0
1.748819 1.152353 3.275534 0.915670065 0.401930755 0 0 0
1.753249 1.142586 3.282699 0.91382392 0.40611063 0 0 0
1.753249 1.142586 3.275534 0.91382392 0.40611063 0 0 0
1.746115 1.158676 3.282699 0.925551735 0.378621164 0 0 0
1.746115 1.158676 3.286753 0.925551735 0.378621164 0 0 0
1.743483 1.165411 3.282699 0.939915993 0.341405809 0 0 0
1.743483 1.165411 3.286753 0.93994808 0.341317459 0 0 0
1.746115 1.158676 3.275534 0.925551735 0.378621164 0 0 0
1.743483 1.165411 3.275534 0.93994808 0.341317459 0 0 0
1.746115 1.158676 3.288664 0.925551735 0.378621164 0 0 0
1.743483 1.165411 3.288664 0.93994808 0.341317459 0 0 0
1.748819 1.152353 3.251011 0.915670065 0.401930755 0 0 0
1.751296 1.146852 3.264292 0.910541062 0.413418644 0 0 0
1.751296 1.146852 3.251011 0.910541062 0.413418644 0 0 0
1.748819 1.152353 3.264292 0.915670065 0.401930755 0 0 0
1.753249 1.142586 3.264292 0.91382392 0.40611063 0 0 0
1.753249 1.142586 3.251011 0.91382392 0.40611063 0 0 0
1.751296 1.146852 3.237731 0.910541062 0.413418644 0 0 0
1.748819 1.152353 3.237731 0.915686219 0.401893952 0 0 0
1.751296 1.146852 3.226489 0.910541062 0.413418644 0 0 0
1.748819 1.152353 3.226489 0.915686219 0.401893952 0 0 0
1.753249 1.142586 3.237731 0.91382392 0.40611063 0 0 0
1.753249 1.142586 3.226488 0.91382392 0.40611063 0 0 0
1.746115 1.158676 3.237731 0.925551735 0.378621164 0 0 0
1.746115 1.158676 3.251011 0.925551735 0.378621164 0 0 0
1.743483 1.165411 3.237731 0.939915993 0.341405809 0 0 0
1.743483 1.165411 3.251011 0.93994808 0.341317459 0 0 0
1.746115 1.158676 3.226489 0.925551735 0.378621164 0 0 0
1.743483 1.165411 3.226489 0.93994808 0.341317459 0 0 0
1.746115 1.158676 3.264292 0.925551735 0.378621164 0 0 0
1.743483 1.165411 3.264292 0.93994808 0.341317459 0 0 0
1.748819 1.152353 3.215269 0.915670065 0.401930755 0 0 0
1.751296 1.146852 3.219324 0.910541062 0.413418644 0 0 0
1.751296 1.146852 3.215269 0.910541062 0.413418644 0 0 0
1.748819 1.152353 3.219324 0.915670065 0.401930755 0 0 0
1.753249 1.142586 3.219324 0.91382392 0.40611063 0 0 0
1.753249 1.142586 3.215269 0.91382392 0.40611063 0 0 0
1.751296 1.146852 3.213358 0.910541062 0.413418644 0 0 0
1.748819 1.152353 3.213358 0.915686219 0.401893952 0 0 0
1.753249 1.142586 3.213358 0.91382392 0.40611063 0 0 0
1.746115 1.158676 3.213358 0.925551735 0.378621164 0 0 0
1.746115 1.158676 3.215269 0.925551735 0.378621164 0 0 0
1.743483 1.165411 3.213358 0.93994808 0.341317459 0 0 0
1.743483 1.165411 3.215269 0.939915993 0.341405809 0 0 0
1.746115 1.158676 3.219324 0.925551735 0.378621164 0 0 0
1.743483 1.165411 3.219324 0.93994808 0.341317459 0 0 0
1.739284 1.178881 3.286753 0.966329483 0.257307851 0 0 0
1.74122 1.172146 3.288664 0.954748288 0.297415042 0 0 0
1.74122 1.172146 3.286753 0.954748288 0.297415042 0 0 0
1.739284 1.178881 3.288664 0.966329483 0.257307851 0 0 0
1.74122 1.172146 3.282699 0.954719887 0.297506197 0 0 0
1.739284 1.178881 3.282699 0.966329483 0.257307851 0 0 0
1.74122 1.172146 3.275534 0.954719887 0.297506197 0 0 0
1.739284 1.178881 3.275534 0.966329483 0.257307851 0 0 0
1.737632 1.185616 3.282699 0.975135803 0.221608136 0 0 0
1.737632 1.185616 3.286753 0.975135803 0.221608136 0 0 0
1.736221 1.192351 3.282699 0.9815904 0.190998132 0 0 0
1.736221 1.192351 3.286753 0.9815904 0.190998132 0 0 0
1.737632 1.185616 3.275534 0.975135803 0.221608136 0 0 0
1.736221 1.192351 3.275534 0.9815904 0.190998132 0 0 0
1.737632 1.185616 3.288664 0.975135803 0.221608136 0 0 0
1.736221 1.192351 3.288664 0.9815904 0.190998132 0 0 0
1.739284 1.178881 3.251011 0.966329483 0.257307851 0 0 0
1.74122 1.172146 3.264292 0.954719887 0.297506197 0 0 0
1.74122 1.172146 3.251011 0.954719887 0.297506197 0 0 0
1.739284 1.178881 3.264292 0.966329483 0.257307851 0 0 0
1.74122 1.172146 3.237731 0.954719887 0.297506197 0 0 0
1.739284 1.178881 3.237731 0.966329483 0.257307851 0 0 0
1.74122 1.172146 3.226489 0.954719887 0.297506197 0 0 0
1.739284 1.178881 3.226489 0.966329483 0.257307851 0 0 0
1.737632 1.185616 3.237731 0.975135803 0.221608136 0 0 0
1.737632 1.185616 3.251011 0.975135803 0.221608136 0 0 0
1.736221 1.192351 3.237731 0.9815904 0.190998132 0 0 0
1.736221 1.192351 3.251011 0.9815904 0.190998132 0 0 0
1.737632 1.185616 3.226489 0.975135803 0.221608136 0 0 0
1.736221 1.192351 3.226488 0.9815904 0.190998132 0 0 0
1.737632 1.185616 3.264292 0.975135803 0.221608136 0 0 0
1.736221 1.192351 3.264292 0.9815904 0.190998132 0 0 0
1.739284 1.178881 3.215269 0.966329483 0.257307851 0 0 0
1.74122 1.172146 3.219324 0.954719887 0.297506197 0 0 0
1.74122 1.172146 3.215269 0.954719887 0.297506197 0 0 0
1.739284 1.178881 3.219324 0.966329483 0.257307851 0 0 0
1.74122 1.172146 3.213358 0.954719887 0.297506197 0 0 0
1.739284 1.178881 3.213358 0.966329483 0.257307851 0 0 0
1.737632 1.185616 3.213358 0.975135803 0.221608136 0 0 0
1.737632 1.185616 3.215269 0.975135803 0.221608136 0 0 0
1.736221 1.192351 3.213358 0.9815904 0.190998132 0 0 0
1.736221 1.192351 3.215269 0.9815904 0.190998132 0 0 0
1.737632 1.185616 3.219324 0.975135803 0.221608136 0 0 0
1.736221 1.192351 3.219324 0.9815904 0.190998132 0 0 0
1.733965 1.205821 3.286753 0.989592395 0.143898894 0 0 0
1.735011 1.199086 3.288664 0.986258447 0.165209791 0 0 0
1.735011 1.199086 3.286753 0.986258447 0.165209791 0 0 0
1.733965 1.205821 3.288664 0.989592395 0.143898894 0 0 0
1.735011 1.199086 3.282699 0.986258447 0.165209791 0 0 0
1.733965 1.205821 3.282699 0.989592395 0.143898894 0 0 0
1.735011 1.199086 3.275534 0.986258447 0.165209791 0 0 0
1.733965 1.205821 3.275534 0.989592395 0.143898894 0 0 0
1.733051 1.212556 3.282699 0.991852209 0.127393862 0 0 0
1.733051 1.212556 3.286753 0.991852209 0.127393862 0 0 0
1.732235 1.219291 3.282699 0.993295903 0.115599523 0 0 0
1.732235 1.219291 3.286753 0.993295903 0.115599523 0 0 0
1.733051 1.212556 3.275534 0.991852209 0.127393862 0 0 0
1.732235 1.219291 3.275534 0.993295903 0.115599523 0 0 0
1.733051 1.212556 3.288664 0.991852209 0.127393862 0 0 0
1.732235 1.219291 3.288664 0.993295903 0.115599523 0 0 0
1.733965 1.205821 3.251011 0.989592395 0.143898894 0 0 0
1.735011 1.199086 3.264292 0.986258447 0.165209791 0 0 0
1.735011 1.199086 3.251011 0.986258447 0.165209791 0 0 0
1.733965 1.205821 3.264292 0.989592395 0.143898894 0 0 0
1.735011 1.199086 3.237731 0.986258447 0.165209791 0 0 0
1.733965 1.205821 3.237731 0.989592395 0.143898894 0 0 0
1.735011 1.199086 3.226488 0.986258447 0.165209791 0 0 0
1.733965 1.205821 3.226488 0.989592395 0.143898894 0 0 0
1.733051 1.212556 3.237731 0.991852209 0.127393862 0 0 0
1.733051 1.212556 3.251011 0.991852209 0.127393862 0 0 0
1.732235 1.219291 3.237731 0.993295903 0.115599523 0 0 0
1.732235 1.219291 3.251011 0.993295903 0.115599523 0 0 0
1.733051 1.212556 3.226488 0.991852209 0.127393862 0 0 0
1.732235 1.219291 3.226488 0.993295903 0.115599523 0 0 0
1.733051 1.212556 3.264292 0.991852209 0.127393862 0 0 0
1.732235 1.219291 3.264292 0.993295903 0.115599523 0 0 0
1.733965 1.205821 3.215269 0.989592395 0.143898894 0 0 0
1.735011 1.199086 3.219324 0.986258447 0.165209791 0 0 0
1.735011 1.199086 3.215269 0.986258447 0.165209791 0 0 0
1.733965 1.205821 3.219324 0.989592395 0.143898894 0 0 0
1.735011 1.199086 3.213358 0.986258447 0.165209791 0 0 0
1.733965 1.205821 3.213358 0.989592395 0.143898894 0 0 0
1.733051 1.212556 3.213358 0.991852209 0.127393862 0 0 0
1.733051 1.212556 3.215269 0.991852209 0.127393862 0 0 0
1.732235 1.219291 3.213358 0.993295903 0.115599523 0 0 0
1.732235 1.219291 3.215269 0.993295903 0.115599523 0 0 0
1.733051 1.212556 3.219324 0.991852209 0.127393862 0 0 0
1.732235 1.219291 3.219324 0.993295903 0.115599523 0 0 0
1.730815 1.232748 3.286753 0.995805034 0.0915004625 0 0 0
1.731483 1.226026 3.288664 0.994482965 0.104898203 0 0 0
1.731483 1.226026 3.286753 0.994482965 0.104898203 0 0 0
1.730815 1.232748 3.288664 0.995805034 0.0915004625 0 0 0
1.731483 1.226026 3.282699 0.994482965 0.104898203 0 0 0
1.730815 1.232748 3.282699 0.995805034 0.0915004625 0 0 0
1.731483 1.226026 3.275534 0.994482965 0.104898203 0 0 0
1.730815 1.232748 3.275534 0.995805034 0.0915004625 0 0 0
1.730251 1.239443 3.282699 0.99716865 0.0751976358 0 0 0
1.730251 1.239443 3.286753 0.99716865 0.0751976358 0 0 0
1.729808 1.246099 3.282699 0.998441836 0.0558023382 0 0 0
1.729808 1.246099 3.286753 0.998441836 0.0558023382 0 0 0
1.730251 1.239443 3.275534 0.99716865 0.0751976358 0 0 0
1.729808 1.246099 3.275534 0.998441836 0.0558023382 0 0 0
1.730251 1.239443 3.288664 0.99716865 0.0751976358 0 0 0
1.729808 1.246099 3.288664 0.998441836 0.0558023382 0 0 0
1.730815 1.232748 3.251011 0.995805034 0.0915004625 0 0 0
1.731483 1.226026 3.264292 0.994482965 0.104898203 0 0 0
1.731483 1.226026 3.251011 0.994482965 0.104898203 0 0 0
1.730815 1.232748 3.264292 0.995805034 0.0915004625 0 0 0
1.731483 1.226026 3.237731 0.994482965 0.104898203 0 0 0
1.730815 1.232748 3.237731 0.995805034 0.0915004625 0 0 0
1.731483 1.226026 3.226488 0.994482965 0.104898203 0 0 0
1.730815 1.232748 3.226488 0.995805034 0.0915004625 0 0 0
1.730251 1.239443 3.237731 0.99716865 0.0751976358 0 0 0
1.730251 1.239443 3.251011 0.99716865 0.0751976358 0 0 0
1.729808 1.246099 3.237731 0.998441836 0.0558023382 0 0 0
1.729808 1.246099 3.251011 0.998441836 0.0558023382 0 0 0
1.730251 1.239443 3.226488 0.99716865 0.0751976358 0 0 0
1.729808 1.246099 3.226488 0.998441836 0.0558023382 0 0 0
1.730251 1.239443 3.264292 0.99716865 0.0751976358 0 0 0
1.729808 1.246099 3.264292 0.998441836 0.0558023382 0 0 0
1.730815 1.232748 3.215269 0.995805034 0.0915004625 0 0 0
1.731483 1.226026 3.219324 0.994482965 0.104898203 0 0 0
1.731483 1.226026 3.215269 0.994482965 0.104898203 0 0 0
1.730815 1.232748 3.219324 0.995805034 0.0915004625 0 0 0
1.731483 1.226026 3.213358 0.994482965 0.104898203 0 0 0
1.730815 1.232748 3.213358 0.995805034 0.0915004625 0 0 0
1.730251 1.239443 3.213358 0.99716865 0.0751976358 0 0 0
1.730251 1.239443 3.215269 0.99716865 0.0751976358 0 0 0
1.729808 1.246099 3.213358 0.998441836 0.0558023382 0 0 0
1.729808 1.246099 3.215269 0.998441836 0.0558023382 0 0 0
1.730251 1.239443 3.219324 0.99716865 0.0751976358 0 0 0
1.729808 1.246099 3.219324 0.998441836 0.0558023382 0 0 0
1.759267 1.092633 3.215269 0.436300495 0.899801021 0 0 0
1.757521 1.093559 3.213358 0.503616073 0.863927573 0 0 0
1.757521 1.093559 3.215269 0.503616073 0.863927573 0 0 0
1.759267 1.092633 3.213358 0.43642072 0.899742716 0 0 0
1.757521 1.093559 3.219324 0.503616073 0.863927573 0 0 0
1.759267 1.092633 3.219324 0.436300495 0.899801021 0 0 0
1.757521 1.093559 3.226488 0.503616073 0.863927573 0 0 0
1.759267 1.092633 3.226488 0.436339757 0.899781983 0 0 0
1.761254 1.091756 3.219324 0.37259725 0.927993151 0 0 0
1.761254 1.091756 3.215269 0.37259725 0.927993151 0 0 0
1.763454 1.090958 3.219324 0.309289563 0.95096791 0 0 0
1.763454 1.090958 3.215269 0.309289563 0.95096791 0 0 0
1.761254 1.091756 3.226488 0.37259725 0.927993151 0 0 0
1.763454 1.090958 3.226488 0.309289563 0.95096791 0 0 0
1.761254 1.091756 3.213358 0.37259725 0.927993151 0 0 0
1.763454 1.090958 3.213358 0.309289563 0.95096791 0 0 0
1.759267 1.092633 3.251011 0.436300495 0.899801021 0 0 0
1.757521 1.093559 3.237731 0.503616073 0.863927573 0 0 0
1.757521 1.093559 3.251011 0.503616073 0.863927573 0 0 0
1.759267 1.092633 3.237731 0.436300495 0.899801021 0 0 0
1.757521 1.093559 3.264292 0.503616073 0.863927573 0 0 0
1.759267 1.092633 3.264292 0.436300495 0.899801021 0 0 0
1.757521 1.093559 3.275534 0.503616073 0.863927573 0 0 0
1.759267 1.092633 3.275534 0.436300495 0.899801021 0 0 0
1.761254 1.091756 3.264292 0.37259725 0.927993151 0 0 0
1.761254 1.091756 3.251011 0.37259725 0.927993151 0 0 0
1.763454 1.090958 3.264292 0.309289563 0.95096791 0 0 0
1.763454 1.090958 3.251011 0.309289563 0.95096791 0 0 0
1.761254 1.091756 3.275534 0.37259725 0.927993151 0 0 0
1.763454 1.090958 3.275534 0.309289563 0.95096791 0 0 0
1.761254 1.091756 3.237731 0.37259725 0.927993151 0 0 0
1.763454 1.090958 3.237731 0.309289563 0.95096791 0 0 0
1.759267 1.092633 3.286753 0.436300495 0.899801021 0 0 0
1.757521 1.093559 3.282699 0.503616073 0.863927573 0 0 0
1.757521 1.093559 3.286753 0.503616073 0.863927573 0 0 0
1.759267 1.092633 3.282699 0.436300495 0.899801021 0 0 0
1.757521 1.093559 3.288664 0.503616073 0.863927573 0 0 0
1.759267 1.092633 3.288664 0.43642072 0.899742716 0 0 0
1.761254 1.091756 3.288664 0.37259725 0.927993151 0 0 0
1.761254 1.091756 3.286753 0.37259725 0.927993151 0 0 0
1.763454 1.090958 3.288664 0.309289563 0.95096791 0 0 0
1.763454 1.090958 3.286753 0.309289563 0.95096791 0 0 0
1.761254 1.091756 3.282699 0.37259725 0.927993151 0 0 0
1.763454 1.090958 3.282699 0.309289563 0.95096791 0 0 0
1.768342 1.089696 3.215269 0.199307524 0.979936993 0 0 0
1.765839 1.09027 3.213358 0.250504026 0.968115558 0 0 0
1.765839 1.09027 3.215269 0.250504026 0.968115558 0 0 0
1.768342 1.089696 3.213358 0.199307524 0.979936993 0 0 0
1.765839 1.09027 3.219324 0.250504026 0.968115558 0 0 0
1.768342 1.089696 3.219324 0.199307524 0.979936993 0 0 0
1.765839 1.09027 3.226488 0.250504026 0.968115558 0 0 0
1.768342 1.089696 3.226488 0.199307524 0.979936993 0 0 0
1.770892 1.089242 3.219324 0.151801685 0.988410971 0 0 0
1.770892 1.089242 3.215269 0.151801685 0.988410971 0 0 0
1.773421 1.088915 3.219324 0.104502586 0.994524615 0 0 0
1.773421 1.088915 3.215269 0.104502586 0.994524615 0 0 0
1.770892 1.089242 3.226488 0.151899379 0.988395962 0 0 0
1.773421 1.088915 3.226488 0.104502586 0.994524615 0 0 0
1.770892 1.089242 3.213358 0.151899379 0.988395962 0 0 0
1.773421 1.088915 3.213358 0.104502586 0.994524615 0 0 0
1.768342 1.089696 3.251011 0.199307524 0.979936993 0 0 0
1.765839 1.09027 3.237731 0.250504026 0.968115558 0 0 0
1.765839 1.09027 3.251011 0.250504026 0.968115558 0 0 0
1.768342 1.089696 3.237731 0.199307524 0.979936993 0 0 0
1.765839 1.09027 3.264292 0.250504026 0.968115558 0 0 0
1.768342 1.089696 3.264292 0.199307524 0.979936993 0 0 0
1.765839 1.09027 3.275534 0.250504026 0.968115558 0 0 0
1.768342 1.089696 3.275534 0.199307524 0.979936993 0 0 0
1.770892 1.089242 3.264292 0.151801685 0.988410971 0 0 0
1.770892 1.089242 3.251011 0.151899379 0.988395962 0 0 0
1.773421 1.088915 3.264292 0.104502586 0.994524615 0 0 0
1.773421 1.088915 3.251011 0.104502586 0.994524615 0 0 0
1.770892 1.089242 3.275534 0.151801685 0.988410971 0 0 0
1.773421 1.088915 3.275534 0.104502586 0.994524615 0 0 0
1.770892 1.089242 3.237731 0.151899379 0.988395962 0 0 0
1.773421 1.088915 3.237731 0.104502586 0.994524615 0 0 0
1.768342 1.089696 3.286753 0.199307524 0.979936993 0 0 0
1.765839 1.09027 3.282699 0.250504026 0.968115558 0 0 0
1.765839 1.09027 3.286753 0.250504026 0.968115558 0 0 0
1.768342 1.089696 3.282699 0.199307524 0.979936993 0 0 0
1.765839 1.09027 3.288664 0.250504026 0.968115558 0 0 0
1.768342 1.089696 3.288664 0.199307524 0.979936993 0 0 0
1.770892 1.089242 3.288664 0.151899379 0.988395962 0 0 0
1.770892 1.089242 3.286753 0.151899379 0.988395962 0 0 0
1.773421 1.088915 3.288664 0.104502586 0.994524615 0 0 0
1.773421 1.088915 3.286753 0.104502586 0.994524615 0 0 0
1.770892 1.089242 3.282699 0.151801685 0.988410971 0 0 0
1.773421 1.088915 3.282699 0.104502586 0.994524615 0 0 0
1.778104 1.088619 3.286753 0.0303012372 0.999540812 0 0 0
1.780046 1.088587 3.288664 0.00840054366 0.999964715 0 0 0
1.780046 1.088587 3.286753 0.00840054366 0.999964715 0 0 0
1.778104 1.088619 3.288664 0.0303012372 0.999540812 0 0 0
1.781579 1.088587 3.288664 0 1 0 0 0
1.781579 1.088587 3.286753 0 1 0 0 0
1.780046 1.088587 3.282699 0.00840054366 0.999964715 0 0 0
1.778104 1.088619 3.282699 0.0303012372 0.999540812 0 0 0
1.780046 1.088587 3.275534 0.00840054366 0.999964715 0 0 0
1.778104 1.088619 3.275534 0.0303012372 0.999540812 0 0 0
1.781579 1.088587 3.282699 0 1 0 0 0
1.781579 1.088587 3.275534 0 1 0 0 0
1.775861 1.088718 3.282699 0.0621043347 0.998069663 0 0 0
1.775861 1.088718 3.286753 0.0621043347 0.998069663 0 0 0
1.775861 1.088718 3.275534 0.0621043347 0.998069663 0 0 0
1.775861 1.088718 3.288664 0.0621043347 0.998069663 0 0 0
1.778104 1.088619 3.251011 0.0303012372 0.999540812 0 0 0
1.780046 1.088587 3.264292 0.00840054366 0.999964715 0 0 0
1.780046 1.088587 3.251011 0.00840054366 0.999964715 0 0 0
1.778104 1.088619 3.264292 0.0303012372 0.999540812 0 0 0
1.781579 1.088587 3.264292 0 1 0 0 0
1.781579 1.088587 3.251011 0 1 0 0 0
1.780046 1.088587 3.237731 0.00840054366 0.999964715 0 0 0
1.778104 1.088619 3.237731 0.0303012372 0.999540812 0 0 0
1.780046 1.088587 3.226488 0.00840054366 0.999964715 0 0 0
1.778104 1.088619 3.226488 0.0303012372 0.999540812 0 0 0
1.781579 1.088587 3.237731 0 1 0 0 0
1.781579 1.088587 3.226488 0 1 0 0 0
1.775861 1.088718 3.237731 0.0621043347 0.998069663 0 0 0
1.775861 1.088718 3.251011 0.0621043347 0.998069663 0 0 0
1.775861 1.088718 3.226488 0.0621043347 0.998069663 0 0 0
1.775861 1.088718 3.264292 0.0621043347 0.998069663 0 0 0
1.778104 1.088619 3.215269 0.0303012372 0.999540812 0 0 0
1.780046 1.088587 3.219324 0.00840054366 0.999964715 0 0 0
1.780046 1.088587 3.215269 0.00840054366 0.999964715 0 0 0
1.778104 1.088619 3.219324 0.0303012372 0.999540812 0 0 0
1.781579 1.088587 3.219324 0 1 0 0 0
1.781579 1.088587 3.215269 0 1 0 0 0
1.780046 1.088587 3.213358 0.00840054366 0.999964715 0 0 0
1.778104 1.088619 3.213358 0.0303012372 0.999540812 0 0 0
1.781579 1.088587 3.213358 0 1 0 0 0
1.775861 1.088718 3.213358 0.0621043347 0.998069663 0 0 0
1.775861 1.088718 3.215269 0.0621043347 0.998069663 0 0 0
1.775861 1.088718 3.219324 0.0621043347 0.998069663 0 0 0
1.72932 1.258872 3.215269 0.999682441 0.0251995574 0 0 0
1.729213 1.264226 3.213358 0.999862193 0.0166010326 0 0 0
1.729213 1.264225 3.215269 0.999862193 0.0166010326 0 0 0
1.72932 1.258872 3.213358 0.999682441 0.0251995574 0 0 0
1.729157 1.268382 3.213358 0.999911549 0.0133001536 0 0 0
1.729157 1.268382 3.215269 0.999911549 0.0133001536 0 0 0
1.729213 1.264225 3.219324 0.999862193 0.0166010326 0 0 0
1.72932 1.258872 3.219324 0.999682441 0.0251995574 0 0 0
1.729213 1.264225 3.226488 0.999862193 0.0166010326 0 0 0
1.72932 1.258872 3.226488 0.999682441 0.0251995574 0 0 0
1.729157 1.268382 3.219324 0.999911549 0.0133001536 0 0 0
1.729157 1.268382 3.226488 0.999911549 0.0133001536 0 0 0
1.729508 1.252702 3.219324 0.999277771 0.0379991547 0 0 0
1.729508 1.252702 3.215269 0.999277771 0.0379991547 0 0 0
1.729508 1.252702 3.226488 0.999277771 0.0379991547 0 0 0
1.729508 1.252702 3.213358 0.999277771 0.0379991547 0 0 0
1.72932 1.258872 3.251011 0.999682441 0.0251995574 0 0 0
1.729213 1.264225 3.237731 0.999862193 0.0166010326 0 0 0
1.729213 1.264225 3.251011 0.999862193 0.0166010326 0 0 0
1.72932 1.258872 3.237731 0.999682441 0.0251995574 0 0 0
1.729157 1.268382 3.237731 0.999911549 0.0133001536 0 0 0
1.729157 1.268382 3.251011 0.999911549 0.0133001536 0 0 0
1.729213 1.264225 3.264292 0.999862193 0.0166010326 0 0 0
1.72932 1.258872 3.264292 0.999682441 0.0251995574 0 0 0
1.729213 1.264225 3.275534 0.999862193 0.0166010326 0 0 0
1.72932 1.258872 3.275534 0.999682441 0.0251995574 0 0 0
1.729157 1.268382 3.264292 0.999911549 0.0133001536 0 0 0
1.729157 1.268382 3.275534 0.999911549 0.0133001536 0 0 0
1.729508 1.252702 3.264292 0.999277771 0.0379991547 0 0 0
1.729508 1.252702 3.251011 0.999277771 0.0379991547 0 0 0
1.729508 1.252702 3.275534 0.999277771 0.0379991547 0 0 0
1.729508 1.252702 3.237731 0.999277771 0.0379991547 0 0 0
1.72932 1.258872 3.286753 0.999682441 0.0251995574 0 0 0
1.729213 1.264225 3.282699 0.999862193 0.0166010326 0 0 0
1.729213 1.264225 3.286753 0.999862193 0.0166010326 0 0 0
1.72932 1.258872 3.282699 0.999682441 0.0251995574 0 0 0
1.729157 1.268382 3.282699 0.999911549 0.0133001536 0 0 0
1.729157 1.268382 3.286753 0.999911549 0.0133001536 0 0 0
1.729213 1.264225 3.288664 0.999862193 0.0166010326 0 0 0
1.72932 1.258872 3.288664 0.999682441 0.0251995574 0 0 0
1.729157 1.268382 3.288664 0.999911549 0.0133001536 0 0 0
1.729508 1.252702 3.288664 0.999277771 0.0379991547 0 0 0
1.729508 1.252702 3.286753 0.999277771 0.0379991547 0 0 0
1.729508 1.252702 3.282699 0.999277771 0.0379991547 0 0 0
1.729209 1.272355 3.215271 0.943648406 -0.313816098 0.105105392 0 0
1.730777 1.27296 3.213384 0.297818214 -0.916256035 0.267916385 0 0
1.729516 1.27296 3.215276 0.696471124 -0.698471328 0.1645168 0 0
1.729524 1.272355 3.213365 0.782006706 -0.580304976 0.22740195 0 0
1.732454 1.27317 3.213411 0.0789964152 -0.967556093 0.23998911 0 0
1.729934 1.27317 3.215282 0.399509568 -0.901221585 0.167904021 0 0
1.729096 1.27296 3.219324 0.969572789 -0.240518056 0.0456034236 0 0
1.729104 1.272355 3.219324 0.99804134 -0.0596024688 0.019000787 0 0
1.729096 1.27296 3.226488 0.999912874 0.01320017 0 0 0
1.729104 1.272355 3.226488 0.999911549 0.0133001536 0 0 0
1.729094 1.27317 3.219324 0.926475495 -0.371590172 0.059698421 0 0
1.729094 1.27317 3.226488 0.999912874 0.01320017 0 0 0
1.729123 1.27096 3.219324 0.999987275 0.00389995037 0.00319995928 0 0
1.729123 1.27096 3.215269 0.998813404 -0.0426005717 0.0236003167 0 0
1.729123 1.27096 3.226488 0.999911549 0.0133001536 0 0 0
1.729123 1.27096 3.213358 0.988991465 -0.130098877 0.0704993916 0 0
1.729104 1.272355 3.251011 0.999910214 0.0134001369 0 0 0
1.729096 1.27296 3.237731 0.999910214 0.0134001369 0 0 0
1.729096 1.27296 3.251011 0.999912874 0.01320017 0 0 0
1.729104 1.272355 3.237731 0.999911549 0.0133001536 0 0 0
1.729094 1.27317 3.237731 0.999910214 0.0134001369 0 0 0
1.729094 1.27317 3.251011 0.999915494 0.0130002014 0 0 0
1.729096 1.27296 3.264292 0.999912874 0.01320017 0 0 0
1.729104 1.272355 3.264292 0.999910214 0.0134001369 0 0 0
1.729096 1.27296 3.275534 0.999912874 0.01320017 0 0 0
1.729104 1.272355 3.275534 0.999911549 0.0133001536 0 0 0
1.729094 1.27317 3.264292 0.999915494 0.0130002014 0 0 0
1.729094 1.27317 3.275534 0.999912874 0.01320017 0 0 0
1.729123 1.27096 3.264292 0.999911549 0.0133001536 0 0 0
1.729123 1.27096 3.251011 0.999911549 0.0133001536 0 0 0
1.729123 1.27096 3.275534 0.999911549 0.0133001536 0 0 0
1.729123 1.27096 3.237731 0.999911549 0.0133001536 0 0 0
1.729209 1.272355 3.286752 0.943648406 -0.313816098 -0.105105392 0 0
1.729096 1.27296 3.282699 0.969572789 -0.240518056 -0.0456034236 0 0
1.729516 1.27296 3.286747 0.696522616 -0.698422678 -0.164505342 0 0
1.729104 1.272355 3.282699 0.99804134 -0.0596024688 -0.019000787 0 0
1.729094 1.27317 3.282699 0.926475495 -0.371590172 -0.059698421 0 0
1.729934 1.27317 3.28674 0.399509568 -0.901221585 -0.167904021 0 0
1.730777 1.27296 3.288638 0.297810233 -0.916231482 -0.268009209 0 0
1.729524 1.272355 3.288658 0.781988919 -0.580291777 -0.227496776 0 0
1.732454 1.27317 3.288612 0.0790021623 -0.967526482 -0.240106572 0 0
1.729123 1.27096 3.288664 0.988991465 -0.130098877 -0.0704993916 0 0
1.729123 1.27096 3.286753 0.998813404 -0.0426005717 -0.0236003167 0 0
1.729123 1.27096 3.282699 0.999987275 0.00389995037 -0.00319995928 0 0
1.768877 1.138529 3.290754 0.00489994078 0.000399995166 -0.999987915 0 0
1.774025 1.139965 3.290767 0.00119999911 0.000199999852 -0.99999926 0 0
1.774175 1.138529 3.290767 0.00119999913 9.99999275e-05 -0.999999275 0 0
1.768637 1.139965 3.290754 0.00479994231 0.00099998798 -0.99998798 0 0
1.778569 1.139965 3.290767 0 0 -1 0 0
1.778644 1.138529 3.290767 0 0 -1 0 0
1.774175 1.137816 3.290767 0.00119999913 -9.99999275e-05 -0.999999275 0 0
1.768878 1.137816 3.290754 0.00469994659 -0.000799990908 -0.999988635 0 0
1.77408 1.137366 3.290767 0.00119999908 -0.000299999771 -0.999999235 0 0
1.768726 1.137366 3.290754 0.00489993324 -0.00179997548 -0.999986375 0 0
1.778644 1.137816 3.290767 0 0 -1 0 0
1.778597 1.137366 3.290767 0 0 -1 0 0
1.763612 1.137816 3.290715 0.0120002954 -0.002600064 -0.999924613 0 0
1.763611 1.138529 3.290715 0.0124002745 0.00140003099 -0.999922134 0 0
1.759237 1.137816 3.290635 0.0313991865 -0.00809979014 -0.999474104 0 0
1.759235 1.138528 3.290635 0.0325986575 0.0043998188 -0.999458838 0 0
1.763403 1.137366 3.290715 0.0127000095 -0.00610000454 -0.999900745 0 0
1.75898 1.137366 3.290635 0.0338012297 -0.0196007131 -0.999236353 0 0
1.763281 1.139965 3.290715 0.0124002191 0.00330005831 -0.999917669 0 0
1.75883 1.139965 3.290635 0.0330998269 0.010699944 -0.999394773 0 0
1.768241 1.135876 3.290754 0.00479993856 -0.00159997952 -0.9999872 0 0
1.773943 1.136717 3.290767 0.00119999908 -0.000299999771 -0.999999235 0 0
1.773777 1.135876 3.290767 0.00119999908 -0.000299999771 -0.999999235 0 0
1.768506 1.136717 3.290754 0.0048999341 -0.00169997714 -0.99998655 0 0
1.778528 1.136717 3.290767 0 0 -1 0 0
1.778445 1.135876 3.290767 0 0 -1 0 0
1.773596 1.134848 3.290767 0.00119999911 -0.000199999852 -0.99999926 0 0
1.767951 1.134848 3.290754 0.00469994412 -0.00129998454 -0.99998811 0 0
1.778354 1.134848 3.290767 0 0 -1 0 0
1.762338 1.134848 3.290715 0.0121001961 -0.00460007457 -0.999916209 0 0
1.762736 1.135876 3.290715 0.0123001268 -0.00530005462 -0.999910304 0 0
1.757673 1.134848 3.290635 0.0322990352 -0.0146995609 -0.999370149 0 0
1.758162 1.135876 3.290635 0.0329004623 -0.0170002389 -0.99931404 0 0
1.763101 1.136717 3.290715 0.0125000558 -0.00590002634 -0.999904465 0 0
1.758609 1.136717 3.290635 0.0334021143 -0.0189011964 -0.99926325 0 0
1.768241 1.135876 3.211268 0.00479993856 -0.00159997952 0.9999872 0 0
1.773596 1.134848 3.211255 0.00119999911 -0.000199999852 0.99999926 0 0
1.773777 1.135876 3.211255 0.00119999908 -0.000299999771 0.999999235 0 0
1.767951 1.134848 3.211268 0.00469994412 -0.00129998454 0.99998811 0 0
1.778354 1.134848 3.211255 0 0 1 0 0
1.778445 1.135876 3.211255 0 0 1 0 0
1.773943 1.136717 3.211255 0.00119999908 -0.000299999771 0.999999235 0 0
1.768506 1.136717 3.211268 0.0048999341 -0.00169997714 0.99998655 0 0
1.77408 1.137366 3.211255 0.00119999908 -0.000299999771 0.999999235 0 0
1.768726 1.137366 3.211268 0.00489993324 -0.00179997548 0.999986375 0 0
1.778528 1.136717 3.211255 0 0 1 0 0
1.778597 1.137366 3.211255 0 0 1 0 0
1.763101 1.136717 3.211308 0.0125000558 -0.00590002634 0.999904465 0 0
1.762736 1.135876 3.211308 0.0123001268 -0.00530005462 0.999910304 0 0
1.758609 1.136717 3.211387 0.0334021143 -0.0189011964 0.99926325 0 0
1.758162 1.135876 3.211387 0.0329004623 -0.0170002389 0.99931404 0 0
1.763403 1.137366 3.211308 0.0126000253 -0.00610001226 0.99990201 0 0
1.75898 1.137366 3.211387 0.0338012297 -0.0196007131 0.999236353 0 0
1.762338 1.134848 3.211308 0.0121001961 -0.00460007457 0.999916209 0 0
1.757673 1.134848 3.211387 0.0322990352 -0.0146995609 0.999370149 0 0
1.768877 1.138529 3.211268 0.00479994432 0.00039999536 0.9999884 0 0
1.774175 1.137816 3.211255 0.00109999933 -9.9999939e-05 0.99999939 0 0
1.774175 1.138529 3.211255 0.00119999913 9.99999275e-05 0.999999275 0 0
1.768878 1.137816 3.211268 0.00469994659 -0.000799990908 0.999988635 0 0
1.778644 1.137816 3.211255 0 0 1 0 0
1.778644 1.138529 3.211255 0 0 1 0 0
1.774025 1.139965 3.211255 0.00119999911 0.000199999852 0.99999926 0 0
1.768637 1.139965 3.211268 0.00489993873 0.000999987495 0.999987495 0 0
1.778569 1.139965 3.211255 0 0 1 0 0
1.763281 1.139965 3.211308 0.0124002191 0.00330005831 0.999917669 0 0
1.763611 1.138529 3.211308 0.0124002745 0.00140003099 0.999922134 0 0
1.75883 1.139965 3.211387 0.0330998269 0.010699944 0.999394773 0 0
1.759235 1.138529 3.211387 0.0325986575 0.0043998188 0.999458838 0 0
1.763612 1.137816 3.211308 0.0120002954 -0.002600064 0.999924613 0 0
1.759237 1.137816 3.211387 0.0313991865 -0.00809979014 0.999474104 0 0
1.754045 1.135876 3.290279 0.385113658 -0.228508104 -0.894131711 0 0
1.753008 1.134848 3.289924 0.807293844 -0.418596808 -0.415996828 0 0
1.753587 1.135876 3.289924 0.786697872 -0.465398741 -0.405598903 0 0
1.753474 1.134848 3.290279 0.384402896 -0.200601512 -0.90110679 0 0
1.753008 1.134848 3.289399 0.885890246 -0.463894893 0 0 0
1.753587 1.135876 3.289399 0.858664312 -0.512538388 0 0 0
1.754118 1.136717 3.289924 0.770025808 -0.499916755 -0.396413286 0 0
1.754567 1.136717 3.290279 0.385797442 -0.249898343 -0.888094112 0 0
1.754557 1.137366 3.289924 0.762830392 -0.514820511 -0.391215586 0 0
1.754999 1.137366 3.290279 0.38661834 -0.257912234 -0.885442002 0 0
1.754118 1.136717 3.289399 0.837047123 -0.547130802 0 0 0
1.754557 1.137366 3.289399 0.828168741 -0.560478845 0 0 0
1.755915 1.136717 3.290503 0.106904604 -0.0665028643 -0.992042728 0 0
1.755417 1.135876 3.290503 0.105401269 -0.0601007233 -0.992611946 0 0
1.756326 1.137366 3.290503 0.107798098 -0.0688987843 -0.9917825 0 0
1.754874 1.134848 3.290503 0.103704982 -0.052002498 -0.993247712 0 0
1.755297 1.138529 3.290279 0.388717689 0.0609027714 -0.919341836 0 0
1.754862 1.137816 3.289924 0.848097583 -0.279699203 -0.449998718 0 0
1.75486 1.138529 3.289924 0.882822826 0.149403863 -0.445311514 0 0
1.755299 1.137816 3.290279 0.367615205 -0.108404484 -0.923638202 0 0
1.754862 1.137816 3.289399 0.956416757 -0.292005116 0 0 0
1.75486 1.138529 3.289399 0.986822954 0.161803764 0 0 0
1.75438 1.139965 3.289924 0.845202798 0.324701075 -0.424501405 0 0
1.754825 1.139965 3.290279 0.393497448 0.146399051 -0.907594114 0 0
1.75438 1.139965 3.289399 0.93413717 0.356914202 0 0 0
1.75616 1.139965 3.290503 0.105501256 0.0375004464 -0.99371183 0 0
1.75661 1.138529 3.290503 0.103303187 0.0154004751 -0.994530682 0 0
1.756612 1.137816 3.290503 0.0984955161 -0.0275987436 -0.994754715 0 0
1.754045 1.135876 3.211743 0.385198825 -0.228499303 0.894097273 0 0
1.754874 1.134848 3.211519 0.103704982 -0.052002498 0.993247712 0 0
1.755417 1.135876 3.211519 0.105302377 -0.0601013565 0.992622404 0 0
1.753474 1.134848 3.211743 0.384488116 -0.2005938 0.901072148 0 0
1.755915 1.136717 3.211519 0.106904604 -0.0665028643 0.992042728 0 0
1.754567 1.136717 3.211743 0.385916822 -0.249910894 0.88803871 0 0
1.756326 1.137366 3.211519 0.107798098 -0.0688987843 0.9917825 0 0
1.754999 1.137366 3.211743 0.386703391 -0.257902262 0.885407765 0 0
1.754118 1.136717 3.212098 0.770135527 -0.499823057 0.396318283 0 0
1.753587 1.135876 3.212098 0.786729778 -0.465417616 0.405515349 0 0
1.754118 1.136717 3.212623 0.837047123 -0.547130802 0 0 0
1.753587 1.135876 3.212623 0.858620298 -0.512612118 0 0 0
1.754557 1.137366 3.212098 0.762941311 -0.514727871 0.391121178 0 0
1.754557 1.137366 3.212623 0.828137325 -0.560525263 0 0 0
1.753008 1.134848 3.212098 0.807259013 -0.418630603 0.416030413 0 0
1.753008 1.134848 3.212623 0.885868724 -0.463935991 0 0 0
1.755297 1.138529 3.211743 0.388717689 0.0609027714 0.919341836 0 0
1.756612 1.137816 3.211519 0.0984955161 -0.0275987436 0.994754715 0 0
1.75661 1.138529 3.211519 0.103303187 0.0154004751 0.994530682 0 0
1.755299 1.137816 3.211743 0.367494763 -0.108398455 0.923686838 0 0
1.75616 1.139965 3.211519 0.105600143 0.0375000506 0.993701341 0 0
1.754825 1.139965 3.211743 0.393497448 0.146399051 0.907594114 0 0
1.75438 1.139965 3.212098 0.845211225 0.324804313 0.424405636 0 0
1.75486 1.138529 3.212098 0.882761438 0.149410399 0.445431001 0 0
1.75438 1.139965 3.212623 0.93413717 0.356914202 0 0 0
1.75486 1.138529 3.212623 0.986822954 0.161803764 0 0 0
1.754862 1.137816 3.212098 0.848031335 -0.279710335 0.450116632 0 0
1.754862 1.137816 3.212623 0.956416757 -0.292005116 0 0 0
1.753587 1.135876 3.286753 0.858664312 -0.512538388 0 0 0
1.753008 1.134848 3.282699 0.885890246 -0.463894893 0 0 0
1.753587 1.135876 3.282699 0.858664312 -0.512538388 0 0 0
1.753008 1.134848 3.286753 0.885890246 -0.463894893 0 0 0
1.753008 1.134848 3.275534 0.885890246 -0.463894893 0 0 0
1.753587 1.135876 3.275534 0.858620298 -0.512612118 0 0 0
1.754118 1.136717 3.282699 0.837047123 -0.547130802 0 0 0
1.754118 1.136717 3.286753 0.837047123 -0.547130802 0 0 0
1.754557 1.137366 3.282699 0.828137325 -0.560525263 0 0 0
1.754557 1.137366 3.286753 0.828137325 -0.560525263 0 0 0
1.754118 1.136717 3.275534 0.837077056 -0.547085005 0 0 0
1.754557 1.137366 3.275534 0.828137325 -0.560525263 0 0 0
1.754118 1.136717 3.288664 0.837047123 -0.547130802 0 0 0
1.753587 1.135876 3.288664 0.858620298 -0.512612118 0 0 0
1.754557 1.137366 3.288664 0.828168741 -0.560478845 0 0 0
1.753008 1.134848 3.288664 0.885890246 -0.463894893 0 0 0
1.75486 1.138529 3.286753 0.986822954 0.161803764 0 0 0
1.754862 1.137816 3.282699 0.956416757 -0.292005116 0 0 0
1.75486 1.138529 3.282699 0.986822954 0.161803764 0 0 0
1.754862 1.137816 3.286753 0.956416757 -0.292005116 0 0 0
1.754862 1.137816 3.275534 0.956388825 -0.292096587 0 0 0
1.75486 1.138529 3.275534 0.986838917 0.161706377 0 0 0
1.75438 1.139965 3.282699 0.93413717 0.356914202 0 0 0
1.75438 1.139965 3.286753 0.93413717 0.356914202 0 0 0
1.75438 1.139965 3.275534 0.93413717 0.356914202 0 0 0
1.75438 1.139965 3.288664 0.93413717 0.356914202 0 0 0
1.75486 1.138529 3.288664 0.986838917 0.161706377 0 0 0
1.754862 1.137816 3.288664 0.956416757 -0.292005116 0 0 0
1.753587 1.135876 3.251011 0.858664312 -0.512538388 0 0 0
1.753008 1.134848 3.237731 0.885890246 -0.463894893 0 0 0
1.753587 1.135876 3.237731 0.858620298 -0.512612118 0 0 0
1.753008 1.134848 3.251011 0.885890246 -0.463894893 0 0 0
1.753008 1.134848 3.226488 0.885890246 -0.463894893 0 0 0
1.753587 1.135876 3.226488 0.858620298 -0.512612118 0 0 0
1.754118 1.136717 3.237731 0.837077056 -0.547085005 0 0 0
1.754118 1.136717 3.251011 0.837047123 -0.547130802 0 0 0
1.754557 1.137366 3.237731 0.828137325 -0.560525263 0 0 0
1.754557 1.137366 3.251011 0.828137325 -0.560525263 0 0 0
1.754118 1.136717 3.226488 0.837047123 -0.547130802 0 0 0
1.754557 1.137366 3.226488 0.828137325 -0.560525263 0 0 0
1.754118 1.136717 3.264292 0.837047123 -0.547130802 0 0 0
1.753587 1.135876 3.264292 0.858664312 -0.512538388 0 0 0
1.754557 1.137366 3.264292 0.828137325 -0.560525263 0 0 0
1.753008 1.134848 3.264292 0.885890246 -0.463894893 0 0 0
1.75486 1.138529 3.251011 0.986822954 0.161803764 0 0 0
1.754862 1.137816 3.237731 0.956416757 -0.292005116 0 0 0
1.75486 1.138529 3.237731 0.986822954 0.161803764 0 0 0
1.754862 1.137816 3.251011 0.956416757 -0.292005116 0 0 0
1.754862 1.137816 3.226488 0.956416757 -0.292005116 0 0 0
1.75486 1.138529 3.226488 0.986822954 0.161803764 0 0 0
1.75438 1.139965 3.237731 0.93413717 0.356914202 0 0 0
1.75438 1.139965 3.251011 0.93413717 0.356914202 0 0 0
1.75438 1.139965 3.226488 0.93413717 0.356914202 0 0 0
1.75438 1.139965 3.264292 0.93413717 0.356914202 0 0 0
1.75486 1.138529 3.264292 0.986822954 0.161803764 0 0 0
1.754862 1.137816 3.264292 0.956416757 -0.292005116 0 0 0
1.753587 1.135876 3.215269 0.858620298 -0.512612118 0 0 0
1.753008 1.134848 3.213358 0.885890246 -0.463894893 0 0 0
1.753587 1.135876 3.213358 0.858620298 -0.512612118 0 0 0
1.753008 1.134848 3.215269 0.885890246 -0.463894893 0 0 0
1.754118 1.136717 3.213358 0.837047123 -0.547130802 0 0 0
1.754118 1.136717 3.215269 0.837047123 -0.547130802 0 0 0
1.754557 1.137366 3.213358 0.828137325 -0.560525263 0 0 0
1.754557 1.137366 3.215269 0.828137325 -0.560525263 0 0 0
1.754118 1.136717 3.219324 0.837047123 -0.547130802 0 0 0
1.753587 1.135876 3.219324 0.858620298 -0.512612118 0 0 0
1.754557 1.137366 3.219324 0.828137325 -0.560525263 0 0 0
1.753008 1.134848 3.219324 0.885890246 -0.463894893 0 0 0
1.75486 1.138529 3.215269 0.986838917 0.161706377 0 0 0
1.754862 1.137816 3.213358 0.956416757 -0.292005116 0 0 0
1.75486 1.138529 3.213358 0.986822954 0.161803764 0 0 0
1.754862 1.137816 3.215269 0.956416757 -0.292005116 0 0 0
1.75438 1.139965 3.213358 0.93413717 0.356914202 0 0 0
1.75438 1.139965 3.215269 0.93413717 0.356914202 0 0 0
1.75438 1.139965 3.219324 0.93413717 0.356914202 0 0 0
1.75486 1.138529 3.219324 0.986838917 0.161706377 0 0 0
1.754862 1.137816 3.219324 0.956388825 -0.292096587 0 0 0
1.782925 1.138529 3.211268 -0.0359019871 -0.000100005535 0.999355311 0 0
1.781395 1.139965 3.211255 -0.00429996023 -9.9999075e-05 0.99999075 0 0
1.781425 1.138529 3.211255 -0.00439995741 0 0.99999032 0 0
1.782918 1.139965 3.211268 -0.0354989235 -0.000199993935 0.999369695 0 0
1.781325 1.142586 3.211255 -0.00409996552 -9.9999159e-05 0.99999159 0 0
1.7829 1.142586 3.211268 -0.0345001613 -0.000200000935 0.999404672 0 0
1.781425 1.137816 3.211255 -0.00439995741 0 0.99999032 0 0
1.782925 1.137816 3.211268 -0.0360018631 0.000100005175 0.999351718 0 0
1.781406 1.137366 3.211255 -0.00429996023 9.9999075e-05 0.99999075 0 0
1.78292 1.137366 3.211268 -0.035598793 0.000299989829 0.999366117 0 0
1.78355 1.137816 3.211308 -0.262905855 0.000100002227 0.964821487 0 0
1.78355 1.138529 3.211308 -0.262812762 0 0.964846854 0 0
1.783706 1.137816 3.211387 -0.653299575 0 0.757099508 0 0
1.783706 1.138529 3.211387 -0.65313545 0 0.7572411 0 0
1.78355 1.137366 3.211308 -0.262601207 0.000200000919 0.964904434 0 0
1.783706 1.137366 3.211387 -0.653085991 0 0.757283756 0 0
1.78355 1.139965 3.211308 -0.262203428 -0.000100001308 0.965012618 0 0
1.78355 1.142586 3.211308 -0.261594034 -9.99977196e-05 0.965177989 0 0
1.783706 1.139965 3.211387 -0.652872364 0 0.757467937 0 0
1.783706 1.142586 3.211387 -0.653028639 0 0.757333214 0 0
1.782905 1.135876 3.211268 -0.0348996787 0.000199998159 0.999390801 0 0
1.781379 1.136717 3.211255 -0.00429996023 9.9999075e-05 0.99999075 0 0
1.781346 1.135876 3.211255 -0.00419996294 9.99991175e-05 0.999991175 0 0
1.782914 1.136717 3.211268 -0.0352991795 0.000199995351 0.99937677 0 0
1.781309 1.134848 3.211255 -0.00409996552 9.9999159e-05 0.99999159 0 0
1.782896 1.134848 3.211268 -0.0343003963 0.000200002311 0.999411548 0 0
1.781273 1.133639 3.211255 -0.00399996798 9.99991995e-05 0.999991995 0 0
1.782887 1.133639 3.211268 -0.033800966 0.000200005716 0.999428564 0 0
1.78355 1.134848 3.211308 -0.261594034 9.99977196e-05 0.965177989 0 0
1.78355 1.135876 3.211308 -0.261712443 0.000100004755 0.965145889 0 0
1.783706 1.134848 3.211387 -0.653085991 0 0.757283756 0 0
1.783706 1.135876 3.211387 -0.653028639 0 0.757333214 0 0
1.78355 1.133639 3.211308 -0.261102962 0.000100001135 0.965310952 0 0
1.783706 1.133639 3.211387 -0.653085991 0 0.757283756 0 0
1.78355 1.136717 3.211308 -0.261898735 0.000199999034 0.965095339 0 0
1.783706 1.136717 3.211387 -0.652921818 0 0.75742531 0 0
1.782905 1.135876 3.290754 -0.0347998009 0.000199998856 -0.999394283 0 0
1.781309 1.134848 3.290767 -0.00409996552 9.9999159e-05 -0.99999159 0 0
1.781346 1.135876 3.290767 -0.00419996294 9.99991175e-05 -0.999991175 0 0
1.782896 1.134848 3.290754 -0.0342005123 0.000200002996 -0.999414971 0 0
1.781273 1.133639 3.290767 -0.00399996798 9.99991995e-05 -0.999991995 0 0
1.782887 1.133639 3.290754 -0.033800966 0.000200005716 -0.999428564 0 0
1.781379 1.136717 3.290767 -0.00419996294 9.99991175e-05 -0.999991175 0 0
1.782914 1.136717 3.290754 -0.0352991795 0.000199995351 -0.99937677 0 0
1.781406 1.137366 3.290767 -0.00429996023 9.9999075e-05 -0.99999075 0 0
1.78292 1.137366 3.290754 -0.0357985307 0.000299987687 -0.999358982 0 0
1.78355 1.136717 3.290715 -0.262414983 0.00020001142 -0.964955096 0 0
1.78355 1.135876 3.290715 -0.261991876 9.99968991e-05 -0.965070074 0 0
1.783706 1.136717 3.290635 -0.653028639 0 -0.757333214 0 0
1.783706 1.135876 3.290635 -0.653028639 0 -0.757333214 0 0
1.78355 1.137366 3.290715 -0.262694307 0.000199995666 -0.964879091 0 0
1.783706 1.137366 3.290635 -0.653085991 0 -0.757283756 0 0
1.78355 1.134848 3.290715 -0.261712443 0.000100004755 -0.965145889 0 0
1.78355 1.133639 3.290715 -0.261314537 0.000100005563 -0.965253699 0 0
1.783706 1.134848 3.290635 -0.653192789 0 -0.757191641 0 0
1.783706 1.133639 3.290635 -0.653299575 0 -0.757099508 0 0
1.782925 1.138529 3.290754 -0.0360018631 -0.000100005175 -0.999351718 0 0
1.781425 1.137816 3.290767 -0.00449995444 0 -0.999989875 0 0
1.781425 1.138529 3.290767 -0.00449995444 0 -0.999989875 0 0
1.782925 1.137816 3.290754 -0.0360018631 0.000100005175 -0.999351718 0 0
1.781395 1.139965 3.290767 -0.00429996023 -9.9999075e-05 -0.99999075 0 0
1.782918 1.139965 3.290754 -0.035399052 -0.000199994644 -0.999373237 0 0
1.781325 1.142586 3.290767 -0.00409996552 -9.9999159e-05 -0.99999159 0 0
1.7829 1.142586 3.290754 -0.0343003963 -0.000200002311 -0.999411548 0 0
1.78355 1.139965 3.290715 -0.262601211 -0.000100000461 -0.964904448 0 0
1.78355 1.138529 3.290715 -0.262812762 0 -0.964846854 0 0
1.783706 1.139965 3.290635 -0.653192789 0 -0.757191641 0 0
1.783706 1.138529 3.290635 -0.652921818 0 -0.75742531 0 0
1.78355 1.142586 3.290715 -0.261898739 -9.99995185e-05 -0.965095353 0 0
1.783706 1.142586 3.290635 -0.653406351 0 -0.757007358 0 0
1.78355 1.137816 3.290715 -0.262905855 0.000100002227 -0.964821487 0 0
1.783706 1.137816 3.290635 -0.653085991 0 -0.757283756 0 0
1.783219 1.088619 3.215269 -0.169813144 0.985476279 0 0 0
1.782599 1.088587 3.213358 -0.0264013581 0.999651423 0 0 0
1.782599 1.088587 3.215269 -0.0264013581 0.999651423 0 0 0
1.783219 1.088619 3.213358 -0.169813144 0.985476279 0 0 0
1.782599 1.088587 3.212623 -0.0264013581 0.999651423 0 0 0
1.783219 1.088619 3.212623 -0.169910265 0.985459538 0 0 0
1.782599 1.088587 3.219324 -0.0264013581 0.999651423 0 0 0
1.783219 1.088619 3.219324 -0.169813144 0.985476279 0 0 0
1.782599 1.088587 3.226488 -0.0264013581 0.999651423 0 0 0
1.783219 1.088619 3.226488 -0.169910265 0.985459538 0 0 0
1.78355 1.088718 3.219324 -0.559927924 0.82854132 0 0 0
1.78355 1.088718 3.215269 -0.559927924 0.82854132 0 0 0
1.783706 1.088915 3.219324 -0.889616436 0.456708438 0 0 0
1.783706 1.088915 3.215269 -0.889616436 0.456708438 0 0 0
1.78355 1.088718 3.226488 -0.559927924 0.82854132 0 0 0
1.783706 1.088915 3.226488 -0.889616436 0.456708438 0 0 0
1.78355 1.088718 3.213358 -0.559927924 0.82854132 0 0 0
1.78355 1.088718 3.212623 -0.55999657 0.828494925 0 0 0
1.783706 1.088915 3.213358 -0.889616436 0.456708438 0 0 0
1.783706 1.088915 3.212623 -0.889616436 0.456708438 0 0 0
1.783219 1.088619 3.251011 -0.169813144 0.985476279 0 0 0
1.782599 1.088587 3.237731 -0.0264013581 0.999651423 0 0 0
1.782599 1.088587 3.251011 -0.0264013581 0.999651423 0 0 0
1.783219 1.088619 3.237731 -0.169813144 0.985476279 0 0 0
1.782599 1.088587 3.264292 -0.0264013581 0.999651423 0 0 0
1.783219 1.088619 3.264292 -0.169813144 0.985476279 0 0 0
1.782599 1.088587 3.275534 -0.0264013581 0.999651423 0 0 0
1.783219 1.088619 3.275534 -0.169813144 0.985476279 0 0 0
1.78355 1.088718 3.264292 -0.559812876 0.828619058 0 0 0
1.78355 1.088718 3.251011 -0.559927924 0.82854132 0 0 0
1.783706 1.088915 3.264292 -0.889514295 0.456907343 0 0 0
1.783706 1.088915 3.251011 -0.889554936 0.456828212 0 0 0
1.78355 1.088718 3.275534 -0.559927924 0.82854132 0 0 0
1.783706 1.088915 3.275534 -0.889554936 0.456828212 0 0 0
1.78355 1.088718 3.237731 -0.55999657 0.828494925 0 0 0
1.783706 1.088915 3.237731 -0.889575804 0.456787576 0 0 0
1.783219 1.088619 3.286753 -0.169910265 0.985459538 0 0 0
1.782599 1.088587 3.282699 -0.0264013581 0.999651423 0 0 0
1.782599 1.088587 3.286753 -0.0264013581 0.999651423 0 0 0
1.783219 1.088619 3.282699 -0.169813144 0.985476279 0 0 0
1.782599 1.088587 3.288664 -0.0264013581 0.999651423 0 0 0
1.783219 1.088619 3.288664 -0.169910265 0.985459538 0 0 0
1.782599 1.088587 3.289399 -0.0264013581 0.999651423 0 0 0
1.783219 1.088619 3.289399 -0.169813144 0.985476279 0 0 0
1.78355 1.088718 3.288664 -0.559812876 0.828619058 0 0 0
1.78355 1.088718 3.286753 -0.559812876 0.828619058 0 0 0
1.783706 1.088915 3.288664 -0.889514295 0.456907343 0 0 0
1.783706 1.088915 3.286753 -0.889514295 0.456907343 0 0 0
1.78355 1.088718 3.289399 -0.559697823 0.828696776 0 0 0
1.783706 1.088915 3.289399 -0.889452764 0.457027112 0 0 0
1.78355 1.088718 3.282699 -0.559927924 0.82854132 0 0 0
1.783706 1.088915 3.282699 -0.889575804 0.456787576 0 0 0
1.783242 1.273157 3.215271 -0.0723053428 -0.997373699 0.00420031037 0 0
1.783113 1.27317 3.219324 -0.0229008617 -0.999737616 0.000500018814 0 0
1.782693 1.27317 3.215276 -0.0122002798 -0.999922928 0.00230005274 0 0
1.783347 1.273157 3.219324 -0.108905652 -0.994051588 0.0010000519 0 0
1.782863 1.27317 3.219324 0 -1 0 0 0
1.782023 1.27317 3.215282 0 -1 0 0 0
1.783113 1.27317 3.226488 -0.0280002218 -0.999607917 0 0 0
1.783347 1.273157 3.226488 -0.12360394 -0.992331631 0 0 0
1.782863 1.27317 3.226488 0 -1 0 0 0
1.781433 1.27317 3.213384 -0.00469991416 -0.999981736 0.00379993059 0 0
1.782927 1.273157 3.213365 -0.0395994438 -0.999185967 0.00769989186 0 0
1.78018 1.27317 3.212663 -0.00229999166 -0.999996375 0.00139999493 0 0
1.782614 1.273157 3.212633 -0.0237000679 -0.999702864 0.00570001633 0 0
1.779503 1.27317 3.213411 0 -1 0 0 0
1.78355 1.273118 3.213358 -0.264705184 -0.964318886 0.00450008814 0 0
1.78355 1.273118 3.215269 -0.289401521 -0.95720503 0.00230001209 0 0
1.783706 1.273039 3.213358 -0.651902445 -0.758302844 0 0 0
1.783706 1.273039 3.215269 -0.651795503 -0.758394767 0 0 0
1.78355 1.273118 3.212623 -0.253905839 -0.967222241 0.00360008278 0 0
1.783706 1.273039 3.212623 -0.651795503 -0.758394767 0 0 0
1.78355 1.273118 3.219324 -0.314997471 -0.949092379 0.000499995985 0 0
1.78355 1.273118 3.226488 -0.324017497 -0.946051088 0 0 0
1.783706 1.273039 3.219324 -0.651902445 -0.758302844 0 0 0
1.783706 1.273039 3.226488 -0.652009376 -0.758210903 0 0 0
1.783347 1.273157 3.251011 -0.123702413 -0.99231936 0 0 0
1.783113 1.27317 3.264292 -0.0280002218 -0.999607917 0 0 0
1.783113 1.27317 3.251011 -0.0280002218 -0.999607917 0 0 0
1.783347 1.273157 3.264292 -0.12360394 -0.992331631 0 0 0
1.782863 1.27317 3.264292 0 -1 0 0 0
1.782863 1.27317 3.251011 0 -1 0 0 0
1.783113 1.27317 3.275534 -0.0280002218 -0.999607917 0 0 0
1.783347 1.273157 3.275534 -0.12360394 -0.992331631 0 0 0
1.782863 1.27317 3.275534 0 -1 0 0 0
1.783113 1.27317 3.237731 -0.0280002218 -0.999607917 0 0 0
1.783347 1.273157 3.237731 -0.12360394 -0.992331631 0 0 0
1.782863 1.27317 3.237731 0 -1 0 0 0
1.78355 1.273118 3.237731 -0.324017497 -0.946051088 0 0 0
1.78355 1.273118 3.251011 -0.324106999 -0.94602043 0 0 0
1.783706 1.273039 3.237731 -0.652009376 -0.758210903 0 0 0
1.783706 1.273039 3.251011 -0.651902445 -0.758302844 0 0 0
1.78355 1.273118 3.264292 -0.324017497 -0.946051088 0 0 0
1.78355 1.273118 3.275534 -0.324017497 -0.946051088 0 0 0
1.783706 1.273039 3.264292 -0.652009376 -0.758210903 0 0 0
1.783706 1.273039 3.275534 -0.652116297 -0.758118946 0 0 0
1.783242 1.273157 3.286752 -0.0723053428 -0.997373699 -0.00420031037 0 0
1.781433 1.27317 3.288638 -0.00469991416 -0.999981736 -0.00379993059 0 0
1.782693 1.27317 3.286747 -0.0122002798 -0.999922928 -0.00230005274 0 0
1.782927 1.273157 3.288658 -0.0395994438 -0.999185967 -0.00769989186 0 0
1.779503 1.27317 3.288612 0 -0.999999995 -9.99999995e-05 0 0
1.782023 1.27317 3.28674 0 -1 0 0 0
1.78018 1.27317 3.28936 -0.00229999133 -0.99999623 -0.00149999435 0 0
1.782614 1.273157 3.289389 -0.0237000679 -0.999702864 -0.00570001633 0 0
1.783113 1.27317 3.282699 -0.0229008617 -0.999737616 -0.000500018814 0 0
1.783347 1.273157 3.282699 -0.108905652 -0.994051588 -0.0010000519 0 0
1.782863 1.27317 3.282699 0 -1 0 0 0
1.78355 1.273118 3.282699 -0.314907389 -0.949122271 -0.000500011733 0 0
1.78355 1.273118 3.286753 -0.289309892 -0.957232728 -0.00230007864 0 0
1.783706 1.273039 3.282699 -0.652009376 -0.758210903 0 0 0
1.783706 1.273039 3.286753 -0.651902445 -0.758302844 0 0 0
1.78355 1.273118 3.288664 -0.264612186 -0.964344409 -0.00450020724 0 0
1.78355 1.273118 3.289399 -0.25381228 -0.967246796 -0.00360017418 0 0
1.783706 1.273039 3.288664 -0.651844936 -0.758352279 0 0 0
1.783706 1.273039 3.289399 -0.651844936 -0.758352279 0 0 0
1.782521 1.27234 3.211281 -0.0211006734 -0.038601232 0.999031885 0 0
1.779815 1.272907 3.211308 -0.00239990381 -0.301187929 0.953561782 0 0
1.779816 1.272342 3.211268 -0.00230003889 -0.039500668 0.999216897 0 0
1.782517 1.272902 3.21132 -0.0217011568 -0.301716083 0.953150809 0 0
1.779815 1.273039 3.211387 -0.00250001256 -0.708303559 0.705903547 0 0
1.782513 1.27303 3.211397 -0.021699673 -0.708089329 0.705789364 0 0
1.779817 1.270961 3.211255 -0.00239996658 -0.00469993455 0.999986075 0 0
1.782523 1.270961 3.211268 -0.021499103 -0.00459980808 0.999758286 0 0
1.779819 1.268382 3.211255 -0.00239999309 0 0.99999712 0 0
1.782524 1.268382 3.211268 -0.0216992305 0 0.999764544 0 0
1.78355 1.270961 3.211308 -0.251111971 -0.00480022883 0.967946143 0 0
1.783544 1.272337 3.21132 -0.252418314 -0.0405029386 0.966770142 0 0
1.783706 1.270961 3.211387 -0.65301981 -0.00520015775 0.757322974 0 0
1.783695 1.272334 3.211397 -0.652897029 -0.0434998021 0.756196559 0 0
1.78355 1.268382 3.211308 -0.250996863 0 0.9679879 0 0
1.783706 1.268382 3.211387 -0.652814986 0 0.757517389 0 0
1.783526 1.272887 3.211355 -0.249902027 -0.303102458 0.919607458 0 0
1.783514 1.273002 3.211425 -0.227204344 -0.689613186 0.687613147 0 0
1.783662 1.272877 3.211425 -0.625027211 -0.294712831 0.722831469 0 0
1.783617 1.272964 3.211462 -0.512520424 -0.608124234 0.606224159 0 0
1.782526 1.258872 3.211268 -0.0216992305 0 0.999764544 0 0
1.779822 1.264226 3.211255 -0.00239999309 0 0.99999712 0 0
1.779829 1.258872 3.211255 -0.00239999309 0 0.99999712 0 0
1.782524 1.264226 3.211268 -0.0216992305 0 0.999764544 0 0
1.779841 1.252702 3.211255 -0.00239999309 0 0.99999712 0 0
1.782529 1.252702 3.211268 -0.0217991795 0 0.99976237 0 0
1.77986 1.246099 3.211255 -0.00239999309 0 0.99999712 0 0
1.782534 1.246099 3.211268 -0.0218991279 0 0.999760185 0 0
1.78355 1.252702 3.211308 -0.251302249 0 0.967908663 0 0
1.78355 1.258872 3.211308 -0.25120856 0 0.967932983 0 0
1.783706 1.252702 3.211387 -0.653299575 0 0.757099508 0 0
1.783706 1.258872 3.211387 -0.653513116 0 0.756915191 0 0
1.78355 1.246099 3.211308 -0.251395931 0 0.967884335 0 0
1.783706 1.246099 3.211387 -0.65324225 0 0.75714897 0 0
1.78355 1.264226 3.211308 -0.25120856 0 0.967932983 0 0
1.783706 1.264226 3.211387 -0.65324225 0 0.75714897 0 0
1.782526 1.258872 3.290754 -0.0216992305 0 -0.999764544 0 0
1.779841 1.252702 3.290767 -0.00239999309 0 -0.99999712 0 0
1.779829 1.258872 3.290767 -0.00239999309 0 -0.99999712 0 0
1.782529 1.252702 3.290754 -0.0217991795 0 -0.99976237 0 0
1.77986 1.246099 3.290767 -0.00239999309 0 -0.99999712 0 0
1.782534 1.246099 3.290754 -0.0218991279 0 -0.999760185 0 0
1.779822 1.264226 3.290767 -0.00239999309 0 -0.99999712 0 0
1.782524 1.264226 3.290754 -0.0216992305 0 -0.999764544 0 0
1.779819 1.268382 3.290767 -0.00239999309 0 -0.99999712 0 0
1.782524 1.268382 3.290754 -0.0216992305 0 -0.999764544 0 0
1.78355 1.264226 3.290715 -0.251302249 0 -0.967908663 0 0
1.78355 1.258872 3.290715 -0.251701292 0 -0.96780497 0 0
1.783706 1.264226 3.290635 -0.653192789 0 -0.757191641 0 0
1.783706 1.258872 3.290635 -0.653299575 0 -0.757099508 0 0
1.78355 1.268382 3.290715 -0.250996863 0 -0.9679879 0 0
1.783706 1.268382 3.290635 -0.65324225 0 -0.75714897 0 0
1.78355 1.252702 3.290715 -0.251607624 0 -0.967829326 0 0
1.78355 1.246099 3.290715 -0.251395931 0 -0.967884335 0 0
1.783706 1.252702 3.290635 -0.653349039 0 -0.757056823 0 0
1.783706 1.246099 3.290635 -0.65324225 0 -0.75714897 0 0
1.782521 1.27234 3.290741 -0.0211006734 -0.038601232 -0.999031885 0 0
1.779817 1.27096 3.290767 -0.00239996658 -0.00469993455 -0.999986075 0 0
1.779816 1.272342 3.290754 -0.00230004797 -0.0394008217 -0.999220839 0 0
1.782523 1.27096 3.290754 -0.0216012118 -0.00460025806 -0.999756083 0 0
1.779815 1.272907 3.290715 -0.00240012057 -0.300915117 -0.953647908 0 0
1.782517 1.272902 3.290703 -0.0215997909 -0.301597081 -0.953190773 0 0
1.779815 1.273039 3.290635 -0.0024000132 -0.708203895 -0.706003883 0 0
1.782513 1.27303 3.290626 -0.0218011677 -0.708037924 -0.705837806 0 0
1.783526 1.272887 3.290668 -0.25001119 -0.303213571 -0.919541155 0 0
1.783544 1.272337 3.290703 -0.251901326 -0.0405002132 -0.966905091 0 0
1.783662 1.272877 3.290598 -0.624115163 -0.295207172 -0.723417576 0 0
1.783695 1.272334 3.290626 -0.65230289 -0.0436001931 -0.756703352 0 0
1.783514 1.273002 3.290598 -0.226809289 -0.689728248 -0.687628162 0 0
1.783617 1.272964 3.29056 -0.510694102 -0.608992966 -0.60689299 0 0
1.78355 1.27096 3.290715 -0.250712846 -0.00480024595 -0.968049599 0 0
1.783706 1.27096 3.290635 -0.65291299 -0.00520010346 -0.757415069 0 0
1.783215 1.088651 3.211744 -0.162097959 0.955387972 0.246896892 0 0
1.782558 1.088718 3.211519 -0.0202000925 0.766603511 0.641802939 0 0
1.782589 1.088619 3.211743 -0.0254002266 0.967808633 0.250402234 0 0
1.783202 1.088747 3.211524 -0.135100718 0.760604043 0.635003375 0 0
1.782495 1.088915 3.211387 -0.0124002148 0.401406952 0.915815862 0 0
1.783184 1.088938 3.211396 -0.0908964383 0.400984288 0.911564281 0 0
1.782599 1.088587 3.212098 -0.0263998031 0.998592551 0.0459996568 0 0
1.783219 1.088619 3.212098 -0.168706592 0.984638476 0.0450017585 0 0
1.78355 1.088718 3.212098 -0.556610128 0.829815099 0.039900726 0 0
1.783544 1.088747 3.211748 -0.539692134 0.811488173 0.224096734 0 0
1.783706 1.088915 3.212098 -0.887903614 0.459101869 0.0292001188 0 0
1.783695 1.088938 3.211751 -0.872708155 0.45690427 0.172101608 0 0
1.783526 1.088834 3.21154 -0.467311391 0.666016234 0.581414172 0 0
1.783514 1.089007 3.211425 -0.353196311 0.373196102 0.857891039 0 0
1.783662 1.089007 3.21155 -0.786024485 0.396712358 0.474114769 0 0
1.783617 1.089102 3.211462 -0.621716967 0.284307759 0.729819917 0 0
1.783215 1.088651 3.290278 -0.162405566 0.95533274 -0.246908462 0 0
1.782599 1.088587 3.289924 -0.0263996815 0.998587952 -0.0460994438 0 0
1.782589 1.088619 3.290279 -0.0254008625 0.967832863 -0.250308499 0 0
1.783219 1.088619 3.289924 -0.168706592 0.984638476 -0.0450017585 0 0
1.782558 1.088718 3.290503 -0.020301101 0.766741582 -0.641634797 0 0
1.783202 1.088747 3.290498 -0.135500286 0.760701605 -0.634801339 0 0
1.782495 1.088915 3.290635 -0.0124003546 0.401611484 -0.915726186 0 0
1.783184 1.088938 3.290626 -0.0909047244 0.401020842 -0.911547374 0 0
1.783526 1.088834 3.290483 -0.46691716 0.666024477 -0.581721379 0 0
1.783544 1.088747 3.290274 -0.540004404 0.811306616 -0.224001827 0 0
1.783662 1.089007 3.290473 -0.784943448 0.397522003 -0.475226305 0 0
1.783695 1.088938 3.290272 -0.872786873 0.45679313 -0.171997413 0 0
1.783514 1.089007 3.290598 -0.352102834 0.373503007 -0.858206909 0 0
1.783617 1.089102 3.29056 -0.621327696 0.284612687 -0.730032542 0 0
1.78355 1.088718 3.289924 -0.556610128 0.829815099 -0.039900726 0 0
1.783706 1.088915 3.289924 -0.887903614 0.459101869 -0.0292001188 0 0
1.783132 1.089699 3.211281 -0.0546029058 0.0520027674 0.997153065 0 0
1.782111 1.09027 3.211255 -0.00650016114 0.0104002578 0.999924788 0 0
1.782259 1.089696 3.211268 -0.00730026099 0.0536019163 0.998535698 0 0
1.783097 1.09027 3.211268 -0.0499007258 0.00890012945 0.998714526 0 0
1.781962 1.090958 3.211255 -0.00589989587 -0.000699987645 0.99998235 0 0
1.783059 1.090958 3.211268 -0.0462014198 -0.00170005224 0.998930698 0 0
1.782391 1.089242 3.211308 -0.00859996397 0.15989933 0.987095864 0 0
1.783161 1.089255 3.21132 -0.0647992211 0.159998077 0.984988161 0 0
1.783526 1.089293 3.211355 -0.298108547 0.165204736 0.940126954 0 0
1.783544 1.089709 3.21132 -0.282092526 0.0572984819 0.957674627 0 0
1.783662 1.089319 3.211425 -0.643119339 0.165704983 0.747622481 0 0
1.783695 1.089715 3.211396 -0.652236562 0.0636035654 0.755342342 0 0
1.78355 1.09027 3.211308 -0.275115986 0.0103005985 0.961355861 0 0
1.78355 1.090958 3.211308 -0.271391151 -0.000999967397 0.962468619 0 0
1.783706 1.09027 3.211387 -0.653239022 0.0127007587 0.757045223 0 0
1.783706 1.090958 3.211387 -0.653028639 0 0.757333214 0 0
1.783132 1.089699 3.290741 -0.0548023168 0.0520021984 -0.997142155 0 0
1.782391 1.089242 3.290715 -0.00869995602 0.159899192 -0.98709501 0 0
1.782259 1.089696 3.290754 -0.00730026099 0.0536019163 -0.998535698 0 0
1.783161 1.089255 3.290703 -0.0647006761 0.159901671 -0.985010293 0 0
1.782111 1.09027 3.290767 -0.00640016279 0.0104002645 -0.999925433 0 0
1.783097 1.09027 3.290754 -0.0500004775 0.008900085 -0.998709538 0 0
1.781962 1.090958 3.290767 -0.00579990103 -0.000699988055 -0.999982935 0 0
1.783059 1.090958 3.290754 -0.0463012087 -0.00170004438 -0.998926077 0 0
1.78355 1.09027 3.290715 -0.274996821 0.0103998798 -0.961388886 0 0
1.783544 1.089709 3.290703 -0.281816371 0.0573033288 -0.957755638 0 0
1.783706 1.09027 3.290635 -0.653025426 0.0127004945 -0.757229483 0 0
1.783695 1.089715 3.290626 -0.652023079 0.0636022512 -0.755526742 0 0
1.78355 1.090958 3.290715 -0.271602537 -0.00100000934 -0.962408989 0 0
1.783706 1.090958 3.290635 -0.653028639 0 -0.757333214 0 0
1.783526 1.089293 3.290668 -0.298898322 0.165099073 -0.939894722 0 0
1.783662 1.089319 3.290598 -0.643343424 0.165611178 -0.747450451 0 0
1.782994 1.092633 3.290754 -0.0404991518 -0.000999979056 -0.999179072 0 0
1.781825 1.091756 3.290767 -0.00539992059 -0.000499992648 -0.999985295 0 0
1.781701 1.092633 3.290767 -0.0049999371 -0.000399994968 -0.99998742 0 0
1.783025 1.091756 3.290754 -0.0430987047 -0.00129996093 -0.999069973 0 0
1.781592 1.093559 3.290767 -0.00469994788 -0.000299996673 -0.99998891 0 0
1.782967 1.093559 3.290754 -0.0385022422 -0.000800046592 -0.999258193 0 0
1.781499 1.094503 3.290767 -0.00449995435 -0.000199997971 -0.999989855 0 0
1.782944 1.094503 3.290754 -0.0370005578 -0.000600009045 -0.999315065 0 0
1.78355 1.093559 3.290715 -0.265291248 -0.000499983506 -0.964168193 0 0
1.78355 1.092633 3.290715 -0.266906184 -0.000600013902 -0.96372233 0 0
1.783706 1.093559 3.290635 -0.65324225 0 -0.75714897 0 0
1.783706 1.092633 3.290635 -0.65324225 0 -0.75714897 0 0
1.78355 1.094503 3.290715 -0.264217286 -0.000400026171 -0.964463097 0 0
1.783706 1.094503 3.290635 -0.653406351 0 -0.757007358 0 0
1.78355 1.091756 3.290715 -0.268798902 -0.000699997141 -0.963196065 0 0
1.783706 1.091756 3.290635 -0.65324225 0 -0.75714897 0 0
1.782994 1.092633 3.211268 -0.0404991518 -0.000999979056 0.999179072 0 0
1.781592 1.093559 3.211255 -0.00469994788 -0.000299996673 0.99998891 0 0
1.781701 1.092633 3.211255 -0.0049999371 -0.000399994968 0.99998742 0 0
1.782967 1.093559 3.211268 -0.0386020992 -0.000800043508 0.999254341 0 0
1.781499 1.094503 3.211255 -0.00449995435 -0.000199997971 0.999989855 0 0
1.782944 1.094503 3.211268 -0.0371004218 -0.000600006822 0.999311362 0 0
1.781825 1.091756 3.211255 -0.00539992059 -0.000499992648 0.999985295 0 0
1.783025 1.091756 3.211268 -0.0430987047 -0.00129996093 0.999069973 0 0
1.78355 1.091756 3.211308 -0.269103107 -0.000700008082 0.963111119 0 0
1.78355 1.092633 3.211308 -0.267210534 -0.000600023653 0.963637987 0 0
1.783706 1.091756 3.211387 -0.653299575 0 0.757099508 0 0
1.783706 1.092633 3.211387 -0.653349039 0 0.757056823 0 0
1.78355 1.093559 3.211308 -0.265409791 -0.000500018446 0.964135568 0 0
1.78355 1.094503 3.211308 -0.264310307 -0.000400015599 0.964437609 0 0
1.783706 1.093559 3.211387 -0.65324225 0 0.75714897 0 0
1.783706 1.094503 3.211387 -0.653406351 0 0.757007358 0 0
1.782519 1.273144 3.211746 -0.0211016417 -0.994477368 0.102807998 0 0
1.779784 1.27317 3.212124 -0.00190007215 -0.999837965 0.0179006797 0 0
1.779807 1.273157 3.21175 -0.00229997494 -0.994689163 0.102898879 0 0
1.782515 1.273157 3.212105 -0.0207001464 -0.999607067 0.0189001336 0 0
1.779815 1.273118 3.211519 -0.00239994804 -0.937679699 0.347492477 0 0
1.782517 1.273106 3.211524 -0.0214010593 -0.936946375 0.348817265 0 0
1.783526 1.273071 3.21154 -0.244109177 -0.902033913 0.356013385 0 0
1.783544 1.273106 3.211748 -0.253206047 -0.961022949 0.111002651 0 0
1.783662 1.273002 3.21155 -0.608187216 -0.708585106 0.357792479 0 0
1.783695 1.27303 3.211751 -0.64780974 -0.75221131 0.120501812 0 0
1.78355 1.273118 3.212098 -0.251490959 -0.967665213 0.0193993026 0 0
1.783706 1.273039 3.212098 -0.65191903 -0.758022127 0.0201005867 0 0
1.782519 1.273144 3.290277 -0.02109976 -0.994488688 -0.102698832 0 0
1.779815 1.273118 3.290503 -0.00229995075 -0.93767992 -0.347492559 0 0
1.779807 1.273157 3.290273 -0.0022999986 -0.994699393 -0.102799937 0 0
1.782517 1.273106 3.290498 -0.0215017681 -0.936977046 -0.348728675 0 0
1.779784 1.27317 3.289898 -0.00190007215 -0.999837965 -0.0179006797 0 0
1.782515 1.273157 3.289918 -0.0207001854 -0.999608952 -0.0188001684 0 0
1.78355 1.273118 3.289924 -0.251396795 -0.967687662 -0.0194997514 0 0
1.783544 1.273106 3.290274 -0.253305252 -0.961019927 -0.110802298 0 0
1.783706 1.273039 3.289924 -0.652189004 -0.757787224 -0.0201996594 0 0
1.783695 1.27303 3.290272 -0.648195784 -0.751895109 -0.120399217 0 0
1.783526 1.273071 3.290483 -0.243594909 -0.902181145 -0.35599256 0 0
1.783662 1.273002 3.290473 -0.607104814 -0.709305625 -0.358202841 0 0
1.78255 1.232748 3.211268 -0.0222011886 0 0.999753523 0 0
1.779887 1.239443 3.211255 -0.00249999219 0 0.999996875 0 0
1.779922 1.232748 3.211255 -0.00249999219 0 0.999996875 0 0
1.782541 1.239443 3.211268 -0.0219990756 0 0.999757991 0 0
1.779964 1.226026 3.211255 -0.00249999219 0 0.999996875 0 0
1.78256 1.226026 3.211268 -0.0225010537 0 0.999746819 0 0
1.780011 1.219291 3.211255 -0.00249999219 0 0.999996875 0 0
1.782572 1.219291 3.211268 -0.0227009605 0 0.9997423 0 0
1.78355 1.226026 3.211308 -0.251819324 0 0.967774265 0 0
1.78355 1.232748 3.211308 -0.251513948 0 0.967853674 0 0
1.783706 1.226026 3.211387 -0.653192789 0 0.757191641 0 0
1.783706 1.232748 3.211387 -0.653028639 0 0.757333214 0 0
1.78355 1.219291 3.211308 -0.251912986 0 0.967749889 0 0
1.783706 1.219291 3.211387 -0.653192789 0 0.757191641 0 0
1.78355 1.239443 3.211308 -0.251302249 0 0.967908663 0 0
1.783706 1.239443 3.211387 -0.653085991 0 0.757283756 0 0
1.782599 1.205821 3.211268 -0.0234006125 0 0.999726168 0 0
1.780062 1.212556 3.211255 -0.00259999121 0 0.99999662 0 0
1.780119 1.205821 3.211255 -0.00259999121 0 0.99999662 0 0
1.782584 1.212556 3.211268 -0.0230008155 0 0.999735446 0 0
1.780185 1.199086 3.211255 -0.00269999016 0 0.999996355 0 0
1.782615 1.199086 3.211268 -0.0238003983 0 0.99971673 0 0
1.78026 1.192351 3.211255 -0.00269999016 0 0.999996355 0 0
1.782634 1.192351 3.211268 -0.0243001145 0 0.999704709 0 0
1.78355 1.199086 3.211308 -0.252804539 0 0.967517372 0 0
1.78355 1.205821 3.211308 -0.252405614 0 0.96762152 0 0
1.783706 1.199086 3.211387 -0.653028639 0 0.757333214 0 0
1.783706 1.205821 3.211387 -0.653028639 0 0.757333214 0 0
1.78355 1.192351 3.211308 -0.253203418 0 0.96741306 0 0
1.783706 1.192351 3.211387 -0.653192789 0 0.757191641 0 0
1.78355 1.212556 3.211308 -0.25210029 0 0.967701113 0 0
1.783706 1.212556 3.211387 -0.653192789 0 0.757191641 0 0
1.782682 1.178881 3.211268 -0.0256992215 -9.99969706e-05 0.999669715 0 0
1.780348 1.185616 3.211255 -0.00279998902 0 0.99999608 0 0
1.780452 1.178881 3.211255 -0.00289998781 0 0.999995795 0 0
1.782656 1.185616 3.211268 -0.0248997496 -9.99989945e-05 0.999689948 0 0
1.780573 1.172146 3.211255 -0.0030999851 0 0.999995195 0 0
1.782712 1.172146 3.211268 -0.0267011607 -0.000100004347 0.999643455 0 0
1.780714 1.165411 3.211255 -0.00319998362 0 0.99999488 0 0
1.782748 1.165411 3.211268 -0.0279002988 -0.000100001071 0.999610706 0 0
1.78355 1.172146 3.211308 -0.25519711 0 0.96688905 0 0
1.78355 1.178881 3.211308 -0.254399775 0 0.967099144 0 0
1.783706 1.172146 3.211387 -0.653028639 0 0.757333214 0 0
1.783706 1.178881 3.211387 -0.653192789 0 0.757191641 0 0
1.78355 1.165411 3.211308 -0.256205892 -0.0001000023 0.966622228 0 0
1.783706 1.165411 3.211387 -0.653028639 0 0.757333214 0 0
1.78355 1.185616 3.211308 -0.253695817 0 0.96728405 0 0
1.783706 1.185616 3.211387 -0.653192789 0 0.757191641 0 0
1.782831 1.152353 3.211268 -0.0312004098 -0.000200002627 0.999513129 0 0
1.780879 1.158676 3.211255 -0.00339998035 0 0.99999422 0 0
1.781048 1.152353 3.211255 -0.00369997466 -9.9999315e-05 0.99999315 0 0
1.782789 1.158676 3.211268 -0.0294019903 -0.00010000677 0.999567663 0 0
1.781203 1.146852 3.211255 -0.00389997032 -9.9999239e-05 0.99999239 0 0
1.78287 1.146852 3.211268 -0.0328986397 -0.000199991731 0.999458673 0 0
1.78355 1.146852 3.211308 -0.260306983 -0.000100002683 0.965525901 0 0
1.78355 1.152353 3.211308 -0.258901032 -0.000100000399 0.965903849 0 0
1.783706 1.146852 3.211387 -0.652979183 0 0.757375855 0 0
1.783706 1.152353 3.211387 -0.652921818 0 0.75742531 0 0
1.78355 1.158676 3.211308 -0.257706219 -0.000100002413 0.966223315 0 0
1.783706 1.158676 3.211387 -0.653192789 0 0.757191641 0 0
1.782848 1.111067 3.211268 -0.0318997151 0 0.999491075 0 0
1.781105 1.113756 3.211255 -0.00369997467 0 0.999993155 0 0
1.781115 1.111067 3.211255 -0.00369997467 0 0.999993155 0 0
1.782845 1.113756 3.211268 -0.0318997151 0 0.999491075 0 0
1.781101 1.116502 3.211255 -0.00379997256 0 0.99999278 0 0
1.782844 1.116502 3.211268 -0.0318997151 0 0.999491075 0 0
1.781132 1.108492 3.211255 -0.00379997256 0 0.99999278 0 0
1.782852 1.108492 3.211268 -0.031999612 0 0.999487881 0 0
1.781153 1.106089 3.211255 -0.00379997256 0 0.99999278 0 0
1.782857 1.106089 3.211268 -0.0322992967 -9.99978226e-05 0.999478237 0 0
1.78355 1.108492 3.211308 -0.259790579 0 0.965664981 0 0
1.78355 1.111067 3.211308 -0.259604069 0 0.965715138 0 0
1.783706 1.108492 3.211387 -0.653192789 0 0.757191641 0 0
1.783706 1.111067 3.211387 -0.653192789 0 0.757191641 0 0
1.78355 1.106089 3.211308 -0.259815667 0 0.965658231 0 0
1.783706 1.106089 3.211387 -0.653085991 0 0.757283756 0 0
1.78355 1.113756 3.211308 -0.259299205 0 0.96579704 0 0
1.78355 1.116502 3.211308 -0.259299205 0 0.96579704 0 0
1.783706 1.113756 3.211387 -0.652921818 0 0.75742531 0 0
1.783706 1.116502 3.211387 -0.652708143 0 0.757609451 0 0
1.782848 1.121926 3.211268 -0.0318997151 0 0.999491075 0 0
1.781132 1.124466 3.211255 -0.00379997256 0 0.99999278 0 0
1.781115 1.121926 3.211255 -0.00379997256 0 0.99999278 0 0
1.782852 1.124466 3.211268 -0.0320995079 0 0.999484678 0 0
1.781153 1.1268 3.211255 -0.00379997256 0 0.99999278 0 0
1.782857 1.1268 3.211268 -0.0322992967 9.99978226e-05 0.999478237 0 0
1.781105 1.119248 3.211255 -0.00369997467 0 0.999993155 0 0
1.782845 1.119248 3.211268 -0.0317998173 0 0.999494258 0 0
1.78355 1.119248 3.211308 -0.259697328 0 0.965690063 0 0
1.78355 1.121926 3.211308 -0.259510804 0 0.965740205 0 0
1.783706 1.119248 3.211387 -0.65313545 0 0.7572411 0 0
1.783706 1.121926 3.211387 -0.65324225 0 0.75714897 0 0
1.78355 1.124466 3.211308 -0.259510804 0 0.965740205 0 0
1.78355 1.1268 3.211308 -0.260002163 0 0.965608034 0 0
1.783706 1.124466 3.211387 -0.653028639 0 0.757333214 0 0
1.783706 1.1268 3.211387 -0.65313545 0 0.7572411 0 0
1.782871 1.13067 3.211268 -0.0329985273 9.99955373e-05 0.999455395 0 0
1.781238 1.132254 3.211255 -0.00389997034 0 0.999992395 0 0
1.781207 1.13067 3.211255 -0.00389997034 0 0.999992395 0 0
1.782879 1.132254 3.211268 -0.0334014041 0.000100004204 0.999442012 0 0
1.781178 1.12886 3.211255 -0.00389997034 0 0.999992395 0 0
1.782863 1.12886 3.211268 -0.0326988629 9.99965227e-05 0.999465244 0 0
1.78355 1.12886 3.211308 -0.260400207 0 0.965500768 0 0
1.78355 1.13067 3.211308 -0.260611789 0.000100004524 0.965443673 0 0
1.783706 1.12886 3.211387 -0.65313545 0 0.7572411 0 0
1.783706 1.13067 3.211387 -0.653192789 0 0.757191641 0 0
1.78355 1.132254 3.211308 -0.260704998 0.000100001917 0.965418507 0 0
1.783706 1.132254 3.211387 -0.653085991 0 0.757283756 0 0
1.78291 1.096417 3.211268 -0.0350994303 -0.000299995131 0.99938378 0 0
1.781318 1.097507 3.211255 -0.00419996294 -9.99991175e-05 0.999991175 0 0
1.781366 1.096417 3.211255 -0.00419996294 -9.99991175e-05 0.999991175 0 0
1.782898 1.097507 3.211268 -0.0345001613 -0.000200000935 0.999404672 0 0
1.781277 1.098766 3.211255 -0.00409996552 -9.9999159e-05 0.99999159 0 0
1.782888 1.098766 3.211268 -0.0340007412 -0.00020000436 0.999421788 0 0
1.781425 1.095436 3.211255 -0.00429996016 -0.000199998147 0.999990735 0 0
1.782925 1.095436 3.211268 -0.0360018588 -0.000500025817 0.999351598 0 0
1.78355 1.095436 3.211308 -0.26309201 -0.000299990889 0.9647707 0 0
1.78355 1.096417 3.211308 -0.262296547 -0.000199997367 0.964987296 0 0
1.783706 1.095436 3.211387 -0.65324225 0 0.75714897 0 0
1.783706 1.096417 3.211387 -0.65313545 0 0.7572411 0 0
1.78355 1.097507 3.211308 -0.261500876 -0.000100000335 0.965203233 0 0
1.78355 1.098766 3.211308 -0.260704998 -0.000100001917 0.965418507 0 0
1.783706 1.097507 3.211387 -0.65313545 0 0.7572411 0 0
1.783706 1.098766 3.211387 -0.652814986 0 0.757517389 0 0
1.782871 1.10197 3.211268 -0.0330984135 -9.99952068e-05 0.999452092 0 0
1.781178 1.103915 3.211255 -0.00379997256 0 0.99999278 0 0
1.781207 1.10197 3.211255 -0.00389997034 0 0.999992395 0 0
1.782863 1.103915 3.211268 -0.0326988629 -9.99965227e-05 0.999465244 0 0
1.78124 1.100254 3.211255 -0.003999968 0 0.999992 0 0
1.782879 1.100254 3.211268 -0.0335012962 -0.000100003869 0.999438669 0 0
1.78355 1.100254 3.211308 -0.260400206 -0.000100000079 0.965500763 0 0
1.78355 1.10197 3.211308 -0.260213753 -0.000100005285 0.965551031 0 0
1.783706 1.100254 3.211387 -0.652708143 0 0.757609451 0 0
1.783706 1.10197 3.211387 -0.652921818 0 0.75742531 0 0
1.78355 1.103915 3.211308 -0.260002163 0 0.965608034 0 0
1.783706 1.103915 3.211387 -0.653028639 0 0.757333214 0 0
1.782871 1.10197 3.290754 -0.0329985273 -9.99955373e-05 -0.999455395 0 0
1.78124 1.100254 3.290767 -0.00389997034 0 -0.999992395 0 0
1.781207 1.10197 3.290767 -0.00389997034 0 -0.999992395 0 0
1.782879 1.100254 3.290754 -0.0335012962 -0.000100003869 -0.999438669 0 0
1.781277 1.098766 3.290767 -0.00399996798 -9.99991995e-05 -0.999991995 0 0
1.782888 1.098766 3.290754 -0.0339008541 -0.000200005039 -0.999425181 0 0
1.781178 1.103915 3.290767 -0.00389997034 0 -0.999992395 0 0
1.782863 1.103915 3.290754 -0.0326988629 -9.99965227e-05 -0.999465244 0 0
1.781153 1.106089 3.290767 -0.00379997256 0 -0.99999278 0 0
1.782857 1.106089 3.290754 -0.0322992967 -9.99978226e-05 -0.999478237 0 0
1.78355 1.103915 3.290715 -0.260306984 0 -0.965525905 0 0
1.78355 1.10197 3.290715 -0.260798199 -9.99993095e-05 -0.965393334 0 0
1.783706 1.103915 3.290635 -0.653192789 0 -0.757191641 0 0
1.783706 1.10197 3.290635 -0.653406351 0 -0.757007358 0 0
1.78355 1.106089 3.290715 -0.259815667 0 -0.965658231 0 0
1.783706 1.106089 3.290635 -0.653085991 0 -0.757283756 0 0
1.78355 1.100254 3.290715 -0.261196142 -9.9998523e-05 -0.965285743 0 0
1.78355 1.098766 3.290715 -0.261500876 -0.000100000335 -0.965203233 0 0
1.783706 1.100254 3.290635 -0.653299575 0 -0.757099508 0 0
1.783706 1.098766 3.290635 -0.65324225 0 -0.75714897 0 0
1.78291 1.096417 3.290754 -0.035199305 -0.000299994077 -0.999380267 0 0
1.781425 1.095436 3.290767 -0.00429996016 -0.000199998147 -0.999990735 0 0
1.781366 1.096417 3.290767 -0.00419996294 -9.99991175e-05 -0.999991175 0 0
1.782925 1.095436 3.290754 -0.0360018588 -0.000500025817 -0.999351598 0 0
1.781318 1.097507 3.290767 -0.00409996552 -9.9999159e-05 -0.99999159 0 0
1.782898 1.097507 3.290754 -0.0345001613 -0.000200000935 -0.999404672 0 0
1.78355 1.097507 3.290715 -0.261805595 -0.000100002137 -0.965120625 0 0
1.78355 1.096417 3.290715 -0.262414983 -0.00020001142 -0.964955096 0 0
1.783706 1.097507 3.290635 -0.653028639 0 -0.757333214 0 0
1.783706 1.096417 3.290635 -0.653028639 0 -0.757333214 0 0
1.78355 1.095436 3.290715 -0.26339661 -0.000299996139 -0.964687585 0 0
1.783706 1.095436 3.290635 -0.653299575 0 -0.757099508 0 0
1.782871 1.13067 3.290754 -0.0328986402 9.99958668e-05 -0.999458688 0 0
1.781178 1.12886 3.290767 -0.00389997034 0 -0.999992395 0 0
1.781207 1.13067 3.290767 -0.00389997034 0 -0.999992395 0 0
1.782863 1.12886 3.290754 -0.0325989728 9.99968491e-05 -0.999468507 0 0
1.781153 1.1268 3.290767 -0.00379997256 0 -0.99999278 0 0
1.782857 1.1268 3.290754 -0.0322992967 9.99978226e-05 -0.999478237 0 0
1.781238 1.132254 3.290767 -0.003999968 0 -0.999992 0 0
1.782879 1.132254 3.290754 -0.0334014041 0.000100004204 -0.999442012 0 0
1.78355 1.132254 3.290715 -0.261009775 0.000100003745 -0.965336153 0 0
1.78355 1.13067 3.290715 -0.260798199 9.99993095e-05 -0.965393334 0 0
1.783706 1.132254 3.290635 -0.653192789 0 -0.757191641 0 0
1.783706 1.13067 3.290635 -0.65324225 0 -0.75714897 0 0
1.78355 1.12886 3.290715 -0.260306984 0 -0.965525905 0 0
1.78355 1.1268 3.290715 -0.260002163 0 -0.965608034 0 0
1.783706 1.12886 3.290635 -0.653299575 0 -0.757099508 0 0
1.783706 1.1268 3.290635 -0.653299575 0 -0.757099508 0 0
1.782848 1.121926 3.290754 -0.0318997151 0 -0.999491075 0 0
1.781105 1.119248 3.290767 -0.00379997256 0 -0.99999278 0 0
1.781115 1.121926 3.290767 -0.00379997256 0 -0.99999278 0 0
1.782845 1.119248 3.290754 -0.0317998173 0 -0.999494258 0 0
1.781101 1.116502 3.290767 -0.00379997256 0 -0.99999278 0 0
1.782844 1.116502 3.290754 -0.0318997151 0 -0.999491075 0 0
1.781132 1.124466 3.290767 -0.00379997256 0 -0.99999278 0 0
1.782852 1.124466 3.290754 -0.0320995079 0 -0.999484678 0 0
1.78355 1.124466 3.290715 -0.259908919 0 -0.965633136 0 0
1.78355 1.121926 3.290715 -0.259815667 0 -0.965658231 0 0
1.783706 1.124466 3.290635 -0.653192789 0 -0.757191641 0 0
1.783706 1.121926 3.290635 -0.653349039 0 -0.757056823 0 0
1.78355 1.119248 3.290715 -0.259604069 0 -0.965715138 0 0
1.78355 1.116502 3.290715 -0.259299205 0 -0.96579704 0 0
1.783706 1.119248 3.290635 -0.653349039 0 -0.757056823 0 0
1.783706 1.116502 3.290635 -0.65313545 0 -0.7572411 0 0
1.782848 1.111067 3.290754 -0.0317998173 0 -0.999494258 0 0
1.781132 1.108492 3.290767 -0.00379997256 0 -0.99999278 0 0
1.781115 1.111067 3.290767 -0.00379997256 0 -0.99999278 0 0
1.782852 1.108492 3.290754 -0.031999612 0 -0.999487881 0 0
1.781105 1.113756 3.290767 -0.00379997256 0 -0.99999278 0 0
1.782845 1.113756 3.290754 -0.0317998173 0 -0.999494258 0 0
1.78355 1.113756 3.290715 -0.259604069 0 -0.965715138 0 0
1.78355 1.111067 3.290715 -0.259908919 0 -0.965633136 0 0
1.783706 1.113756 3.290635 -0.653192789 0 -0.757191641 0 0
1.783706 1.111067 3.290635 -0.65324225 0 -0.75714897 0 0
1.78355 1.108492 3.290715 -0.259790579 0 -0.965664981 0 0
1.783706 1.108492 3.290635 -0.653192789 0 -0.757191641 0 0
1.782831 1.152353 3.290754 -0.0312004098 -0.000200002627 -0.999513129 0 0
1.781203 1.146852 3.290767 -0.00389997032 -9.9999239e-05 -0.99999239 0 0
1.781048 1.152353 3.290767 -0.00369997466 -9.9999315e-05 -0.99999315 0 0
1.78287 1.146852 3.290754 -0.0328986397 -0.000199991731 -0.999458673 0 0
1.780879 1.158676 3.290767 -0.00339998035 0 -0.99999422 0 0
1.782789 1.158676 3.290754 -0.0295019102 -0.000100006475 -0.999564719 0 0
1.780714 1.165411 3.290767 -0.00319998362 0 -0.99999488 0 0
1.782748 1.165411 3.290754 -0.0279002988 -0.000100001071 -0.999610706 0 0
1.78355 1.158676 3.290715 -0.257307849 -0.000100003051 -0.966329478 0 0
1.78355 1.152353 3.290715 -0.258901032 -0.000100000399 -0.965903849 0 0
1.783706 1.158676 3.290635 -0.653085991 0 -0.757283756 0 0
1.783706 1.152353 3.290635 -0.65313545 0 -0.7572411 0 0
1.78355 1.165411 3.290715 -0.256205892 -0.0001000023 -0.966622228 0 0
1.783706 1.165411 3.290635 -0.653192789 0 -0.757191641 0 0
1.78355 1.146852 3.290715 -0.260704998 -0.000100001917 -0.965418507 0 0
1.783706 1.146852 3.290635 -0.653299575 0 -0.757099508 0 0
1.782682 1.178881 3.290754 -0.0256992215 -9.99969706e-05 -0.999669715 0 0
1.780573 1.172146 3.290767 -0.0029999865 0 -0.9999955 0 0
1.780452 1.178881 3.290767 -0.00289998781 0 -0.999995795 0 0
1.782712 1.172146 3.290754 -0.0266012273 -0.000100004614 -0.99964612 0 0
1.780348 1.185616 3.290767 -0.00279998902 0 -0.99999608 0 0
1.782656 1.185616 3.290754 -0.0248997496 -9.99989945e-05 -0.999689948 0 0
1.78026 1.192351 3.290767 -0.00269999016 0 -0.999996355 0 0
1.782634 1.192351 3.290754 -0.0244000555 0 -0.999702274 0 0
1.78355 1.185616 3.290715 -0.253695817 0 -0.96728405 0 0
1.78355 1.178881 3.290715 -0.254399775 0 -0.967099144 0 0
1.783706 1.185616 3.290635 -0.653192789 0 -0.757191641 0 0
1.783706 1.178881 3.290635 -0.653192789 0 -0.757191641 0 0
1.78355 1.192351 3.290715 -0.253203418 0 -0.96741306 0 0
1.783706 1.192351 3.290635 -0.653192789 0 -0.757191641 0 0
1.78355 1.172146 3.290715 -0.25519711 0 -0.96688905 0 0
1.783706 1.172146 3.290635 -0.653192789 0 -0.757191641 0 0
1.782599 1.205821 3.290754 -0.0234006125 0 -0.999726168 0 0
1.780185 1.199086 3.290767 -0.00269999016 0 -0.999996355 0 0
1.780119 1.205821 3.290767 -0.00259999121 0 -0.99999662 0 0
1.782615 1.199086 3.290754 -0.0238003983 0 -0.99971673 0 0
1.780062 1.212556 3.290767 -0.00259999121 0 -0.99999662 0 0
1.782584 1.212556 3.290754 -0.0230008155 0 -0.999735446 0 0
1.780011 1.219291 3.290767 -0.00249999219 0 -0.999996875 0 0
1.782572 1.219291 3.290754 -0.0227009605 0 -0.9997423 0 0
1.78355 1.212556 3.290715 -0.25210029 0 -0.967701113 0 0
1.78355 1.205821 3.290715 -0.252405614 0 -0.96762152 0 0
1.783706 1.212556 3.290635 -0.653192789 0 -0.757191641 0 0
1.783706 1.205821 3.290635 -0.653192789 0 -0.757191641 0 0
1.78355 1.219291 3.290715 -0.251912986 0 -0.967749889 0 0
1.783706 1.219291 3.290635 -0.653192789 0 -0.757191641 0 0
1.78355 1.199086 3.290715 -0.252804539 0 -0.967517372 0 0
1.783706 1.199086 3.290635 -0.653192789 0 -0.757191641 0 0
1.78255 1.232748 3.290754 -0.0222011886 0 -0.999753523 0 0
1.779964 1.226026 3.290767 -0.00249999219 0 -0.999996875 0 0
1.779922 1.232748 3.290767 -0.00249999219 0 -0.999996875 0 0
1.78256 1.226026 3.290754 -0.0224010994 0 -0.999749064 0 0
1.779887 1.239443 3.290767 -0.00239999309 0 -0.99999712 0 0
1.782541 1.239443 3.290754 -0.0220990227 0 -0.999755787 0 0
1.78355 1.239443 3.290715 -0.251302249 0 -0.967908663 0 0
1.78355 1.232748 3.290715 -0.251513948 0 -0.967853674 0 0
1.783706 1.239443 3.290635 -0.653085991 0 -0.757283756 0 0
1.783706 1.232748 3.290635 -0.65324225 0 -0.75714897 0 0
1.78355 1.226026 3.290715 -0.251794954 0 -0.967780606 0 0
1.783706 1.226026 3.290635 -0.653349039 0 -0.757056823 0 0
1.783847 1.10197 3.290279 -0.9921822 0 -0.124797761 0 0
1.7838 1.103915 3.290503 -0.91663866 0 -0.399716858 0 0
1.783847 1.103915 3.290279 -0.9921822 0 -0.124797761 0 0
1.7838 1.10197 3.290503 -0.916602016 0 -0.39980088 0 0
1.7838 1.106089 3.290503 -0.916602016 0 -0.39980088 0 0
1.783847 1.106089 3.290279 -0.992169814 0 -0.1248962 0 0
1.783862 1.103915 3.289924 -0.999757991 0 -0.0219990756 0 0
1.783862 1.10197 3.289924 -0.999757991 0 -0.0219990756 0 0
1.783862 1.103915 3.289399 -1 0 0 0 0
1.783862 1.10197 3.289399 -1 0 0 0 0
1.783862 1.106089 3.289924 -0.999757991 0 -0.0219990756 0 0
1.783862 1.106089 3.289399 -1 0 0 0 0
1.783862 1.100254 3.289924 -0.999757991 0 -0.0219990756 0 0
1.783847 1.100254 3.290279 -0.9921822 0 -0.124797761 0 0
1.783862 1.098766 3.289924 -0.999757991 0 -0.0219990756 0 0
1.783847 1.098766 3.290279 -0.992194578 0 -0.124699319 0 0
1.783862 1.100254 3.289399 -1 0 0 0 0
1.783862 1.098766 3.289399 -1 0 0 0 0
1.7838 1.100254 3.290503 -0.916602016 0 -0.39980088 0 0
1.7838 1.098766 3.290503 -0.916602016 0 -0.39980088 0 0
1.783847 1.10197 3.211743 -0.992169814 0 0.1248962 0 0
1.783862 1.103915 3.212098 -0.999760185 0 0.0218991279 0 0
1.783847 1.103915 3.211743 -0.992169814 0 0.1248962 0 0
1.783862 1.10197 3.212098 -0.999760185 0 0.0218991279 0 0
1.783862 1.106089 3.212098 -0.999760185 0 0.0218991279 0 0
1.783847 1.106089 3.211743 -0.992169814 0 0.1248962 0 0
1.783862 1.103915 3.212623 -1 0 0 0 0
1.783862 1.10197 3.212623 -1 0 0 0 0
1.783862 1.106089 3.212623 -1 0 0 0 0
1.7838 1.103915 3.211519 -0.916602016 0 0.39980088 0 0
1.7838 1.10197 3.211519 -0.916602016 0 0.39980088 0 0
1.7838 1.106089 3.211519 -0.916602016 0 0.39980088 0 0
1.7838 1.100254 3.211519 -0.916602016 0 0.39980088 0 0
1.783847 1.100254 3.211743 -0.9921822 0 0.124797761 0 0
1.7838 1.098766 3.211519 -0.916691269 0 0.399596194 0 0
1.783847 1.098766 3.211743 -0.992169814 0 0.1248962 0 0
1.783862 1.100254 3.212098 -0.999757991 0 0.0219990756 0 0
1.783862 1.100254 3.212623 -1 0 0 0 0
1.783862 1.098766 3.212098 -0.999757991 0 0.0219990756 0 0
1.783862 1.098766 3.212623 -1 0 0 0 0
1.783847 1.096417 3.290279 -0.9921822 0 -0.124797761 0 0
1.7838 1.097507 3.290503 -0.916602016 0 -0.39980088 0 0
1.783847 1.097507 3.290279 -0.992194578 0 -0.124699319 0 0
1.7838 1.096417 3.290503 -0.916512717 0 -0.40000555 0 0
1.783862 1.097507 3.289924 -0.999757991 0 -0.0219990756 0 0
1.783862 1.096417 3.289924 -0.999757991 0 -0.0219990756 0 0
1.783862 1.097507 3.289399 -1 0 0 0 0
1.783862 1.096417 3.289399 -1 0 0 0 0
1.783862 1.095436 3.289924 -0.999757991 0 -0.0219990756 0 0
1.783847 1.095436 3.290279 -0.9921822 0 -0.124797761 0 0
1.783862 1.094503 3.289924 -0.999757991 0 -0.0219990756 0 0
1.783847 1.094503 3.290279 -0.9921822 0 -0.124797761 0 0
1.783862 1.095436 3.289399 -1 0 0 0 0
1.783862 1.094503 3.289399 -1 0 0 0 0
1.7838 1.095436 3.290503 -0.916512717 0 -0.40000555 0 0
1.7838 1.094503 3.290503 -0.916602016 0 -0.39980088 0 0
1.783847 1.096417 3.211743 -0.992169814 0 0.1248962 0 0
1.783862 1.097507 3.212098 -0.999760185 0 0.0218991279 0 0
1.783847 1.097507 3.211743 -0.992169814 0 0.1248962 0 0
1.783862 1.096417 3.212098 -0.999760185 0 0.0218991279 0 0
1.783862 1.097507 3.212623 -1 0 0 0 0
1.783862 1.096417 3.212623 -1 0 0 0 0
1.7838 1.097507 3.211519 -0.91663866 0 0.399716858 0 0
1.7838 1.096417 3.211519 -0.916549376 0 0.399921544 0 0
1.7838 1.095436 3.211519 -0.916549376 0 0.399921544 0 0
1.783847 1.095436 3.211743 -0.992169814 0 0.1248962 0 0
1.7838 1.094503 3.211519 -0.916549376 0 0.399921544 0 0
1.783847 1.094503 3.211743 -0.992169814 0 0.1248962 0 0
1.783862 1.095436 3.212098 -0.999760185 0 0.0218991279 0 0
1.783862 1.095436 3.212623 -1 0 0 0 0
1.783862 1.094503 3.212098 -0.999760185 0 0.0218991279 0 0
1.783862 1.094503 3.212623 -1 0 0 0 0
1.783847 1.13067 3.290279 -0.9921822 0 -0.124797761 0 0
1.7838 1.132254 3.290503 -0.916565368 0 -0.399884891 0 0
1.783847 1.132254 3.290279 -0.9921822 0 -0.124797761 0 0
1.7838 1.13067 3.290503 -0.916512717 0 -0.40000555 0 0
1.7838 1.133639 3.290503 -0.916602016 0 -0.39980088 0 0
1.783847 1.133639 3.290279 -0.9921822 0 -0.124797761 0 0
1.783862 1.132254 3.289924 -0.999757991 0 -0.0219990756 0 0
1.783862 1.13067 3.289924 -0.999760185 0 -0.0218991279 0 0
1.783862 1.132254 3.289399 -1 0 0 0 0
1.783862 1.13067 3.289399 -1 0 0 0 0
1.783862 1.133639 3.289924 -0.999757991 0 -0.0219990756 0 0
1.783862 1.133639 3.289399 -1 0 0 0 0
1.783862 1.12886 3.289924 -0.999757991 0 -0.0219990756 0 0
1.783847 1.12886 3.290279 -0.9921822 0 -0.124797761 0 0
1.783862 1.1268 3.289924 -0.999757991 0 -0.0219990756 0 0
1.783847 1.1268 3.290279 -0.9921822 0 -0.124797761 0 0
1.783862 1.12886 3.289399 -1 0 0 0 0
1.783862 1.1268 3.289399 -1 0 0 0 0
1.7838 1.12886 3.290503 -0.916602016 0 -0.39980088 0 0
1.7838 1.1268 3.290503 -0.91663866 0 -0.399716858 0 0
1.783847 1.13067 3.211743 -0.992169814 0 0.1248962 0 0
1.783862 1.132254 3.212098 -0.999760185 0 0.0218991279 0 0
1.783847 1.132254 3.211743 -0.992169814 0 0.1248962 0 0
1.783862 1.13067 3.212098 -0.999760185 0 0.0218991279 0 0
1.783862 1.133639 3.212098 -0.999760185 0 0.0218991279 0 0
1.783847 1.133639 3.211743 -0.9921822 0 0.124797761 0 0
1.783862 1.132254 3.212623 -1 0 0 0 0
1.783862 1.13067 3.212623 -1 0 0 0 0
1.783862 1.133639 3.212623 -1 0 0 0 0
1.7838 1.132254 3.211519 -0.91663866 0 0.399716858 0 0
1.7838 1.13067 3.211519 -0.916549376 0 0.399921544 0 0
1.7838 1.133639 3.211519 -0.916602016 0 0.39980088 0 0
1.7838 1.12886 3.211519 -0.916476053 0 0.400089546 0 0
1.783847 1.12886 3.211743 -0.992169814 0 0.1248962 0 0
1.7838 1.1268 3.211519 -0.916512717 0 0.40000555 0 0
1.783847 1.1268 3.211743 -0.992169814 0 0.1248962 0 0
1.783862 1.12886 3.212098 -0.999760185 0 0.0218991279 0 0
1.783862 1.12886 3.212623 -1 0 0 0 0
1.783862 1.1268 3.212098 -0.999760185 0 0.0218991279 0 0
1.783862 1.1268 3.212623 -1 0 0 0 0
1.783847 1.121926 3.290279 -0.9921822 0 -0.124797761 0 0
1.7838 1.124466 3.290503 -0.916549376 0 -0.399921544 0 0
1.783847 1.124466 3.290279 -0.9921822 0 -0.124797761 0 0
1.7838 1.121926 3.290503 -0.916565368 0 -0.399884891 0 0
1.783862 1.124466 3.289924 -0.999757991 0 -0.0219990756 0 0
1.783862 1.121926 3.289924 -0.999757991 0 -0.0219990756 0 0
1.783862 1.124466 3.289399 -1 0 0 0 0
1.783862 1.121926 3.289399 -1 0 0 0 0
1.783862 1.119248 3.289924 -0.999760185 0 -0.0218991279 0 0
1.783847 1.119248 3.290279 -0.992169814 0 -0.1248962 0 0
1.783862 1.116502 3.289924 -0.999757991 0 -0.0219990756 0 0
1.783847 1.116502 3.290279 -0.9921822 0 -0.124797761 0 0
1.783862 1.119248 3.289399 -1 0 0 0 0
1.783862 1.116502 3.289399 -1 0 0 0 0
1.7838 1.119248 3.290503 -0.916654636 0 -0.39968022 0 0
1.7838 1.116502 3.290503 -0.916727897 0 -0.399512157 0 0
1.783847 1.121926 3.211743 -0.992169814 0 0.1248962 0 0
1.783862 1.124466 3.212098 -0.999760185 0 0.0218991279 0 0
1.783847 1.124466 3.211743 -0.992169814 0 0.1248962 0 0
1.783862 1.121926 3.212098 -0.999760185 0 0.0218991279 0 0
1.783862 1.124466 3.212623 -1 0 0 0 0
1.783862 1.121926 3.212623 -1 0 0 0 0
1.7838 1.124466 3.211519 -0.91663866 0 0.399716858 0 0
1.7838 1.121926 3.211519 -0.91663866 0 0.399716858 0 0
1.7838 1.119248 3.211519 -0.916512717 0 0.40000555 0 0
1.783847 1.119248 3.211743 -0.992169814 0 0.1248962 0 0
1.7838 1.116502 3.211519 -0.916460044 0 0.400126215 0 0
1.783847 1.116502 3.211743 -0.9921822 0 0.124797761 0 0
1.783862 1.119248 3.212098 -0.999760185 0 0.0218991279 0 0
1.783862 1.119248 3.212623 -1 0 0 0 0
1.783862 1.116502 3.212098 -0.999757991 0 0.0219990756 0 0
1.783862 1.116502 3.212623 -1 0 0 0 0
1.783847 1.111067 3.290279 -0.9921822 0 -0.124797761 0 0
1.7838 1.113756 3.290503 -0.916602016 0 -0.39980088 0 0
1.783847 1.113756 3.290279 -0.9921822 0 -0.124797761 0 0
1.7838 1.111067 3.290503 -0.916512717 0 -0.40000555 0 0
1.783862 1.113756 3.289924 -0.999757991 0 -0.0219990756 0 0
1.783862 1.111067 3.289924 -0.999757991 0 -0.0219990756 0 0
1.783862 1.113756 3.289399 -1 0 0 0 0
1.783862 1.111067 3.289399 -1 0 0 0 0
1.783862 1.108492 3.289924 -0.999757991 0 -0.0219990756 0 0
1.783847 1.108492 3.290279 -0.9921822 0 -0.124797761 0 0
1.783862 1.108492 3.289399 -1 0 0 0 0
1.7838 1.108492 3.290503 -0.916565368 0 -0.399884891 0 0
1.783847 1.111067 3.211743 -0.992169814 0 0.1248962 0 0
1.783862 1.113756 3.212098 -0.999760185 0 0.0218991279 0 0
1.783847 1.113756 3.211743 -0.992169814 0 0.1248962 0 0
1.783862 1.111067 3.212098 -0.999760185 0 0.0218991279 0 0
1.783862 1.113756 3.212623 -1 0 0 0 0
1.783862 1.111067 3.212623 -1 0 0 0 0
1.7838 1.113756 3.211519 -0.916549376 0 0.399921544 0 0
1.7838 1.111067 3.211519 -0.916565368 0 0.399884891 0 0
1.7838 1.108492 3.211519 -0.916549376 0 0.399921544 0 0
1.783847 1.108492 3.211743 -0.992169814 0 0.1248962 0 0
1.783862 1.108492 3.212098 -0.999760185 0 0.0218991279 0 0
1.783862 1.108492 3.212623 -1 0 0 0 0
1.783847 1.152353 3.290279 -0.9921822 0 -0.124797761 0 0
1.7838 1.158676 3.290503 -0.916691269 0 -0.399596194 0 0
1.783847 1.158676 3.290279 -0.9921822 0 -0.124797761 0 0
1.7838 1.152353 3.290503 -0.91663866 0 -0.399716858 0 0
1.7838 1.165411 3.290503 -0.91663866 0 -0.399716858 0 0
1.783847 1.165411 3.290279 -0.9921822 0 -0.124797761 0 0
1.783862 1.158676 3.289924 -0.999757991 0 -0.0219990756 0 0
1.783862 1.152353 3.289924 -0.999757991 0 -0.0219990756 0 0
1.783862 1.158676 3.289399 -1 0 0 0 0
1.783862 1.152353 3.289399 -1 0 0 0 0
1.783862 1.165411 3.289924 -0.999760185 0 -0.0218991279 0 0
1.783862 1.165411 3.289399 -1 0 0 0 0
1.783862 1.146852 3.289924 -0.999757991 0 -0.0219990756 0 0
1.783847 1.146852 3.290279 -0.9921822 0 -0.124797761 0 0
1.783862 1.142586 3.289924 -0.999757991 0 -0.0219990756 0 0
1.783847 1.142586 3.290279 -0.9921822 0 -0.124797761 0 0
1.783862 1.146852 3.289399 -1 0 0 0 0
1.783862 1.142586 3.289399 -1 0 0 0 0
1.7838 1.146852 3.290503 -0.916549376 0 -0.399921544 0 0
1.7838 1.142586 3.290503 -0.916602016 0 -0.39980088 0 0
1.783847 1.152353 3.211743 -0.992194578 0 0.124699319 0 0
1.783862 1.158676 3.212098 -0.999757991 0 0.0219990756 0 0
1.783847 1.158676 3.211743 -0.9921822 0 0.124797761 0 0
1.783862 1.152353 3.212098 -0.999757991 0 0.0219990756 0 0
1.783862 1.165411 3.212098 -0.999760185 0 0.0218991279 0 0
1.783847 1.165411 3.211743 -0.9921822 0 0.124797761 0 0
1.783862 1.158676 3.212623 -1 0 0 0 0
1.783862 1.152353 3.212623 -1 0 0 0 0
1.783862 1.165411 3.212623 -1 0 0 0 0
1.7838 1.158676 3.211519 -0.916565368 0 0.399884891 0 0
1.7838 1.152353 3.211519 -0.916549376 0 0.399921544 0 0
1.7838 1.165411 3.211519 -0.916565368 0 0.399884891 0 0
1.7838 1.146852 3.211519 -0.916602016 0 0.39980088 0 0
1.783847 1.146852 3.211743 -0.992194578 0 0.124699319 0 0
1.7838 1.142586 3.211519 -0.91663866 0 0.399716858 0 0
1.783847 1.142586 3.211743 -0.9921822 0 0.124797761 0 0
1.783862 1.146852 3.212098 -0.999757991 0 0.0219990756 0 0
1.783862 1.146852 3.212623 -1 0 0 0 0
1.783862 1.142586 3.212098 -0.999757991 0 0.0219990756 0 0
1.783862 1.142586 3.212623 -1 0 0 0 0
1.783847 1.178881 3.290279 -0.992169814 0 -0.1248962 0 0
1.7838 1.185616 3.290503 -0.91663866 0 -0.399716858 0 0
1.783847 1.185616 3.290279 -0.992169814 0 -0.1248962 0 0
1.7838 1.178881 3.290503 -0.91663866 0 -0.399716858 0 0
1.7838 1.192351 3.290503 -0.91663866 0 -0.399716858 0 0
1.783847 1.192351 3.290279 -0.9921822 0 -0.124797761 0 0
1.783862 1.185616 3.289924 -0.999760185 0 -0.0218991279 0 0
1.783862 1.178881 3.289924 -0.999760185 0 -0.0218991279 0 0
1.783862 1.185616 3.289399 -1 0 0 0 0
1.783862 1.178881 3.289399 -1 0 0 0 0
1.783862 1.192351 3.289924 -0.999760185 0 -0.0218991279 0 0
1.783862 1.192351 3.289399 -1 0 0 0 0
1.783862 1.172146 3.289924 -0.999760185 0 -0.0218991279 0 0
1.783847 1.172146 3.290279 -0.992169814 0 -0.1248962 0 0
1.783862 1.172146 3.289399 -1 0 0 0 0
1.7838 1.172146 3.290503 -0.91663866 0 -0.399716858 0 0
1.783847 1.178881 3.211743 -0.992169814 0 0.1248962 0 0
1.783862 1.185616 3.212098 -0.999760185 0 0.0218991279 0 0
1.783847 1.185616 3.211743 -0.992169814 0 0.1248962 0 0
1.783862 1.178881 3.212098 -0.999760185 0 0.0218991279 0 0
1.783862 1.192351 3.212098 -0.999760185 0 0.0218991279 0 0
1.783847 1.192351 3.211743 -0.992169814 0 0.1248962 0 0
1.783862 1.185616 3.212623 -1 0 0 0 0
1.783862 1.178881 3.212623 -1 0 0 0 0
1.783862 1.192351 3.212623 -1 0 0 0 0
1.7838 1.185616 3.211519 -0.91663866 0 0.399716858 0 0
1.7838 1.178881 3.211519 -0.91663866 0 0.399716858 0 0
1.7838 1.192351 3.211519 -0.91663866 0 0.399716858 0 0
1.7838 1.172146 3.211519 -0.916565368 0 0.399884891 0 0
1.783847 1.172146 3.211743 -0.9921822 0 0.124797761 0 0
1.783862 1.172146 3.212098 -0.999760185 0 0.0218991279 0 0
1.783862 1.172146 3.212623 -1 0 0 0 0
1.783847 1.205821 3.290279 -0.992169814 0 -0.1248962 0 0
1.7838 1.212556 3.290503 -0.91663866 0 -0.399716858 0 0
1.783847 1.212556 3.290279 -0.992169814 0 -0.1248962 0 0
1.7838 1.205821 3.290503 -0.91663866 0 -0.399716858 0 0
1.7838 1.219291 3.290503 -0.91663866 0 -0.399716858 0 0
1.783847 1.219291 3.290279 -0.992169814 0 -0.1248962 0 0
1.783862 1.212556 3.289924 -0.999760185 0 -0.0218991279 0 0
1.783862 1.205821 3.289924 -0.999760185 0 -0.0218991279 0 0
1.783862 1.212556 3.289399 -1 0 0 0 0
1.783862 1.205821 3.289399 -1 0 0 0 0
1.783862 1.219291 3.289924 -0.999760185 0 -0.0218991279 0 0
1.783862 1.219291 3.289399 -1 0 0 0 0
1.783862 1.199086 3.289924 -0.999760185 0 -0.0218991279 0 0
1.783847 1.199086 3.290279 -0.9921822 0 -0.124797761 0 0
1.783862 1.199086 3.289399 -1 0 0 0 0
1.7838 1.199086 3.290503 -0.91663866 0 -0.399716858 0 0
1.783847 1.205821 3.211743 -0.9921822 0 0.124797761 0 0
1.783862 1.212556 3.212098 -0.999760185 0 0.0218991279 0 0
1.783847 1.212556 3.211743 -0.992169814 0 0.1248962 0 0
1.783862 1.205821 3.212098 -0.999760185 0 0.0218991279 0 0
1.783862 1.219291 3.212098 -0.999760185 0 0.0218991279 0 0
1.783847 1.219291 3.211743 -0.992169814 0 0.1248962 0 0
1.783862 1.212556 3.212623 -1 0 0 0 0
1.783862 1.205821 3.212623 -1 0 0 0 0
1.783862 1.219291 3.212623 -1 0 0 0 0
1.7838 1.212556 3.211519 -0.91663866 0 0.399716858 0 0
1.7838 1.205821 3.211519 -0.916565368 0 0.399884891 0 0
1.7838 1.219291 3.211519 -0.91663866 0 0.399716858 0 0
1.7838 1.199086 3.211519 -0.916565368 0 0.399884891 0 0
1.783847 1.199086 3.211743 -0.9921822 0 0.124797761 0 0
1.783862 1.199086 3.212098 -0.999760185 0 0.0218991279 0 0
1.783862 1.199086 3.212623 -1 0 0 0 0
1.783847 1.232748 3.290279 -0.9921822 0 -0.124797761 0 0
1.7838 1.239443 3.290503 -0.916602016 0 -0.39980088 0 0
1.783847 1.239443 3.290279 -0.9921822 0 -0.124797761 0 0
1.7838 1.232748 3.290503 -0.91663866 0 -0.399716858 0 0
1.7838 1.246099 3.290503 -0.916549376 0 -0.399921544 0 0
1.783847 1.246099 3.290279 -0.9921822 0 -0.124797761 0 0
1.783862 1.239443 3.289924 -0.999757991 0 -0.0219990756 0 0
1.783862 1.232748 3.289924 -0.999757991 0 -0.0219990756 0 0
1.783862 1.239443 3.289399 -1 0 0 0 0
1.783862 1.232748 3.289399 -1 0 0 0 0
1.783862 1.246099 3.289924 -0.999760185 0 -0.0218991279 0 0
1.783862 1.246099 3.289399 -1 0 0 0 0
1.783862 1.226026 3.289924 -0.999757991 0 -0.0219990756 0 0
1.783847 1.226026 3.290279 -0.9921822 0 -0.124797761 0 0
1.783862 1.226026 3.289399 -1 0 0 0 0
1.7838 1.226026 3.290503 -0.91663866 0 -0.399716858 0 0
1.783847 1.232748 3.211743 -0.9921822 0 0.124797761 0 0
1.783862 1.239443 3.212098 -0.999757991 0 0.0219990756 0 0
1.783847 1.239443 3.211743 -0.9921822 0 0.124797761 0 0
1.783862 1.232748 3.212098 -0.999757991 0 0.0219990756 0 0
1.783862 1.246099 3.212098 -0.999757991 0 0.0219990756 0 0
1.783847 1.246099 3.211743 -0.9921822 0 0.124797761 0 0
1.783862 1.239443 3.212623 -1 0 0 0 0
1.783862 1.232748 3.212623 -1 0 0 0 0
1.783862 1.246099 3.212623 -1 0 0 0 0
1.7838 1.239443 3.211519 -0.916602016 0 0.39980088 0 0
1.7838 1.232748 3.211519 -0.916549376 0 0.399921544 0 0
1.7838 1.246099 3.211519 -0.916565368 0 0.399884891 0 0
1.7838 1.226026 3.211519 -0.916549376 0 0.399921544 0 0
1.783847 1.226026 3.211743 -0.9921822 0 0.124797761 0 0
1.783862 1.226026 3.212098 -0.999757991 0 0.0219990756 0 0
1.783862 1.226026 3.212623 -1 0 0 0 0
1.783847 1.092633 3.211743 -0.992169814 0 0.1248962 0 0
1.783862 1.093559 3.212098 -0.999760185 0 0.0218991279 0 0
1.783847 1.093559 3.211743 -0.992169814 0 0.1248962 0 0
1.783862 1.092633 3.212098 -0.999760185 0 0.0218991279 0 0
1.783862 1.093559 3.212623 -1 0 0 0 0
1.783862 1.092633 3.212623 -1 0 0 0 0
1.7838 1.093559 3.211519 -0.916549376 0 0.399921544 0 0
1.7838 1.092633 3.211519 -0.916476053 0 0.400089546 0 0
1.7838 1.091756 3.211519 -0.916512717 0 0.40000555 0 0
1.783847 1.091756 3.211743 -0.992169814 0 0.1248962 0 0
1.7838 1.090958 3.211519 -0.916512717 0 0.40000555 0 0
1.783847 1.090958 3.211743 -0.992169814 0 0.1248962 0 0
1.783862 1.091756 3.212098 -0.999760185 0 0.0218991279 0 0
1.783862 1.091756 3.212623 -1 0 0 0 0
1.783862 1.090958 3.212098 -0.999760185 0 0.0218991279 0 0
1.783862 1.090958 3.212623 -1 0 0 0 0
1.783847 1.092633 3.290279 -0.9921822 0 -0.124797761 0 0
1.7838 1.093559 3.290503 -0.916602016 0 -0.39980088 0 0
1.783847 1.093559 3.290279 -0.9921822 0 -0.124797761 0 0
1.7838 1.092633 3.290503 -0.916602016 0 -0.39980088 0 0
1.783862 1.093559 3.289924 -0.999757991 0 -0.0219990756 0 0
1.783862 1.092633 3.289924 -0.999757991 0 -0.0219990756 0 0
1.783862 1.093559 3.289399 -1 0 0 0 0
1.783862 1.092633 3.289399 -1 0 0 0 0
1.783862 1.091756 3.289924 -0.999757991 0 -0.0219990756 0 0
1.783847 1.091756 3.290279 -0.9921822 0 -0.124797761 0 0
1.783862 1.090958 3.289924 -0.999757991 0 -0.0219990756 0 0
1.783847 1.090958 3.290279 -0.9921822 0 -0.124797761 0 0
1.783862 1.091756 3.289399 -1 0 0 0 0
1.783862 1.090958 3.289399 -1 0 0 0 0
1.7838 1.091756 3.290503 -0.916691269 0 -0.399596194 0 0
1.7838 1.090958 3.290503 -0.916549376 0 -0.399921544 0 0
1.783832 1.089699 3.290278 -0.989947865 0.0652031526 -0.125506068 0 0
1.7838 1.09027 3.290503 -0.916327504 0.0132003962 -0.400212013 0 0
1.783847 1.09027 3.290279 -0.992118945 0.0132002521 -0.124602379 0 0
1.783786 1.089709 3.290498 -0.912537223 0.0661026964 -0.403616464 0 0
1.783862 1.09027 3.289924 -0.99967122 0.0134996114 -0.0217993724 0 0
1.783847 1.089696 3.289924 -0.997649061 0.0650031966 -0.0217010672 0 0
1.783862 1.09027 3.289399 -0.999907514 0.0136001022 0 0 0
1.783847 1.089696 3.289399 -0.997885326 0.0649990442 0 0 0
1.7838 1.089242 3.289924 -0.981454448 0.190310558 -0.023001276 0 0
1.783786 1.089255 3.290274 -0.971614671 0.193002914 -0.136802066 0 0
1.7838 1.089242 3.289399 -0.981918608 0.189303587 0 0 0
1.783744 1.089293 3.290483 -0.888959927 0.184612445 -0.419128254 0 0
1.783832 1.089699 3.211744 -0.989956314 0.0650971273 0.125494462 0 0
1.783862 1.09027 3.212098 -0.999669036 0.0134995819 0.0218993217 0 0
1.783847 1.09027 3.211743 -0.992131302 0.0132004165 0.124503928 0 0
1.783847 1.089696 3.212098 -0.997656009 0.0648971384 0.0216990432 0 0
1.783862 1.09027 3.212623 -0.999907514 0.0136001022 0 0 0
1.783847 1.089696 3.212623 -0.997878835 0.0650986193 0 0 0
1.7838 1.09027 3.211519 -0.916364175 0.0132009245 0.400128022 0 0
1.783786 1.089709 3.211524 -0.912584737 0.0661988928 0.403493252 0 0
1.783744 1.089293 3.21154 -0.88916735 0.184393229 0.418784623 0 0
1.783786 1.089255 3.211748 -0.971606816 0.192901353 0.137000961 0 0
1.7838 1.089242 3.212098 -0.981435764 0.190406939 0.0230008382 0 0
1.7838 1.089242 3.212623 -0.981918608 0.189303587 0 0 0
1.783832 1.27234 3.290278 -0.991310339 -0.0461004808 -0.123201285 0 0
1.7838 1.272907 3.289924 -0.938907784 -0.343502848 -0.0214001774 0 0
1.783847 1.272342 3.289924 -0.99867722 -0.0467989325 -0.0212995142 0 0
1.783786 1.272902 3.290274 -0.930710768 -0.343403973 -0.125901457 0 0
1.7838 1.272907 3.289399 -0.939146461 -0.343516994 0 0 0
1.783847 1.272342 3.289399 -0.99889959 -0.0468999808 0 0 0
1.783862 1.27096 3.289924 -0.999746644 -0.00560026129 -0.0218010172 0 0
1.783847 1.27096 3.290279 -0.992204837 -0.00540002633 -0.124500607 0 0
1.783862 1.268382 3.289924 -0.999757991 0 -0.0219990756 0 0
1.783847 1.268382 3.290279 -0.992169814 0 -0.1248962 0 0
1.783862 1.27096 3.289399 -0.99998432 -0.00559991219 0 0 0
1.783862 1.268382 3.289399 -1 0 0 0 0
1.7838 1.27096 3.290503 -0.916661932 -0.00540036486 -0.399627 0 0
1.783786 1.272337 3.290498 -0.915326275 -0.0457013119 -0.400111485 0 0
1.7838 1.268382 3.290503 -0.91663866 0 -0.399716858 0 0
1.783744 1.272887 3.290483 -0.859978114 -0.325691711 -0.392890001 0 0
1.783847 1.258872 3.290279 -0.992194578 0 -0.124699319 0 0
1.783862 1.264226 3.289924 -0.999757991 0 -0.0219990756 0 0
1.783862 1.258872 3.289924 -0.999757991 0 -0.0219990756 0 0
1.783847 1.264226 3.290279 -0.9921822 0 -0.124797761 0 0
1.783862 1.264226 3.289399 -1 0 0 0 0
1.783862 1.258872 3.289399 -1 0 0 0 0
1.783862 1.252702 3.289924 -0.999757991 0 -0.0219990756 0 0
1.783847 1.252702 3.290279 -0.9921822 0 -0.124797761 0 0
1.783862 1.252702 3.289399 -1 0 0 0 0
1.7838 1.252702 3.290503 -0.916512717 0 -0.40000555 0 0
1.7838 1.258872 3.290503 -0.916476053 0 -0.400089546 0 0
1.7838 1.264226 3.290503 -0.916549376 0 -0.399921544 0 0
1.783832 1.27234 3.211744 -0.991298122 -0.0460999126 0.123299766 0 0
1.783744 1.272887 3.21154 -0.860390983 -0.325196592 0.392395888 0 0
1.783786 1.272337 3.211524 -0.915379107 -0.0456989569 0.39999087 0 0
1.783786 1.272902 3.211748 -0.93060999 -0.343603689 0.126101354 0 0
1.7838 1.270961 3.211519 -0.916536011 -0.00540021218 0.399915713 0 0
1.783847 1.270961 3.211743 -0.992217185 -0.00540009353 0.124402155 0 0
1.7838 1.268382 3.211519 -0.916476053 0 0.400089546 0 0
1.783847 1.268382 3.211743 -0.992194578 0 0.124699319 0 0
1.783862 1.270961 3.212098 -0.999746644 -0.00560026129 0.0218010172 0 0
1.783847 1.272342 3.212098 -0.998681889 -0.0466991531 0.0212996137 0 0
1.783862 1.27096 3.212623 -0.99998432 -0.00559991219 0 0 0
1.783847 1.272342 3.212623 -0.998894901 -0.0469997601 0 0 0
1.783862 1.268382 3.212098 -0.999757991 0 0.0219990756 0 0
1.783862 1.268382 3.212623 -1 0 0 0 0
1.7838 1.272907 3.212098 -0.938756989 -0.343920878 0.0213012931 0 0
1.7838 1.272907 3.212623 -0.939037825 -0.343813849 0 0 0
1.783847 1.258872 3.211743 -0.992169814 0 0.1248962 0 0
1.7838 1.264226 3.211519 -0.916602016 0 0.39980088 0 0
1.7838 1.258872 3.211519 -0.916654636 0 0.39968022 0 0
1.783847 1.264226 3.211743 -0.9921822 0 0.124797761 0 0
1.7838 1.252702 3.211519 -0.916602016 0 0.39980088 0 0
1.783847 1.252702 3.211743 -0.9921822 0 0.124797761 0 0
1.783862 1.252702 3.212098 -0.999757991 0 0.0219990756 0 0
1.783862 1.258872 3.212098 -0.999757991 0 0.0219990756 0 0
1.783862 1.252702 3.212623 -1 0 0 0 0
1.783862 1.258872 3.212623 -1 0 0 0 0
1.783862 1.264226 3.212098 -0.999757991 0 0.0219990756 0 0
1.783862 1.264226 3.212623 -1 0 0 0 0
1.783862 1.10197 3.286753 -1 0 0 0 0
1.783862 1.103915 3.288664 -1 0 0 0 0
1.783862 1.103915 3.286753 -1 0 0 0 0
1.783862 1.10197 3.288664 -1 0 0 0 0
1.783862 1.106089 3.288664 -1 0 0 0 0
1.783862 1.106089 3.286753 -1 0 0 0 0
1.783862 1.103915 3.282699 -1 0 0 0 0
1.783862 1.10197 3.282699 -1 0 0 0 0
1.783862 1.103915 3.275534 -1 0 0 0 0
1.783862 1.10197 3.275534 -1 0 0 0 0
1.783862 1.106089 3.282699 -1 0 0 0 0
1.783862 1.106089 3.275534 -1 0 0 0 0
1.783862 1.100254 3.282699 -1 0 0 0 0
1.783862 1.100254 3.286753 -1 0 0 0 0
1.783862 1.098766 3.282699 -1 0 0 0 0
1.783862 1.098766 3.286753 -1 0 0 0 0
1.783862 1.100254 3.275534 -1 0 0 0 0
1.783862 1.098766 3.275534 -1 0 0 0 0
1.783862 1.100254 3.288664 -1 0 0 0 0
1.783862 1.098766 3.288664 -1 0 0 0 0
1.783862 1.10197 3.251011 -1 0 0 0 0
1.783862 1.103915 3.264292 -1 0 0 0 0
1.783862 1.103915 3.251011 -1 0 0 0 0
1.783862 1.10197 3.264292 -1 0 0 0 0
1.783862 1.106089 3.264292 -1 0 0 0 0
1.783862 1.106089 3.251011 -1 0 0 0 0
1.783862 1.103915 3.237731 -1 0 0 0 0
1.783862 1.10197 3.237731 -1 0 0 0 0
1.783862 1.103915 3.226488 -1 0 0 0 0
1.783862 1.10197 3.226488 -1 0 0 0 0
1.783862 1.106089 3.237731 -1 0 0 0 0
1.783862 1.106089 3.226488 -1 0 0 0 0
1.783862 1.100254 3.237731 -1 0 0 0 0
1.783862 1.100254 3.251011 -1 0 0 0 0
1.783862 1.098766 3.237731 -1 0 0 0 0
1.783862 1.098766 3.251011 -1 0 0 0 0
1.783862 1.100254 3.226488 -1 0 0 0 0
1.783862 1.098766 3.226488 -1 0 0 0 0
1.783862 1.100254 3.264292 -1 0 0 0 0
1.783862 1.098766 3.264292 -1 0 0 0 0
1.783862 1.10197 3.215269 -1 0 0 0 0
1.783862 1.103915 3.219324 -1 0 0 0 0
1.783862 1.103915 3.215269 -1 0 0 0 0
1.783862 1.10197 3.219324 -1 0 0 0 0
1.783862 1.106089 3.219324 -1 0 0 0 0
1.783862 1.106089 3.215269 -1 0 0 0 0
1.783862 1.103915 3.213358 -1 0 0 0 0
1.783862 1.10197 3.213358 -1 0 0 0 0
1.783862 1.106089 3.213358 -1 0 0 0 0
1.783862 1.100254 3.213358 -1 0 0 0 0
1.783862 1.100254 3.215269 -1 0 0 0 0
1.783862 1.098766 3.213358 -1 0 0 0 0
1.783862 1.098766 3.215269 -1 0 0 0 0
1.783862 1.100254 3.219324 -1 0 0 0 0
1.783862 1.098766 3.219324 -1 0 0 0 0
1.783862 1.096417 3.286753 -1 0 0 0 0
1.783862 1.097507 3.288664 -1 0 0 0 0
1.783862 1.097507 3.286753 -1 0 0 0 0
1.783862 1.096417 3.288664 -1 0 0 0 0
1.783862 1.097507 3.282699 -1 0 0 0 0
1.783862 1.096417 3.282699 -1 0 0 0 0
1.783862 1.097507 3.275534 -1 0 0 0 0
1.783862 1.096417 3.275534 -1 0 0 0 0
1.783862 1.095436 3.282699 -1 0 0 0 0
1.783862 1.095436 3.286753 -1 0 0 0 0
1.783862 1.094503 3.282699 -1 0 0 0 0
1.783862 1.094503 3.286753 -1 0 0 0 0
1.783862 1.095436 3.275534 -1 0 0 0 0
1.783862 1.094503 3.275534 -1 0 0 0 0
1.783862 1.095436 3.288664 -1 0 0 0 0
1.783862 1.094503 3.288664 -1 0 0 0 0
1.783862 1.096417 3.251011 -1 0 0 0 0
1.783862 1.097507 3.264292 -1 0 0 0 0
1.783862 1.097507 3.251011 -1 0 0 0 0
1.783862 1.096417 3.264292 -1 0 0 0 0
1.783862 1.097507 3.237731 -1 0 0 0 0
1.783862 1.096417 3.237731 -1 0 0 0 0
1.783862 1.097507 3.226488 -1 0 0 0 0
1.783862 1.096417 3.226488 -1 0 0 0 0
1.783862 1.095436 3.237731 -1 0 0 0 0
1.783862 1.095436 3.251011 -1 0 0 0 0
1.783862 1.094503 3.237731 -1 0 0 0 0
1.783862 1.094503 3.251011 -1 0 0 0 0
1.783862 1.095436 3.226488 -1 0 0 0 0
1.783862 1.094503 3.226488 -1 0 0 0 0
1.783862 1.095436 3.264292 -1 0 0 0 0
1.783862 1.094503 3.264292 -1 0 0 0 0
1.783862 1.096417 3.215269 -1 0 0 0 0
1.783862 1.097507 3.219324 -1 0 0 0 0
1.783862 1.097507 3.215269 -1 0 0 0 0
1.783862 1.096417 3.219324 -1 0 0 0 0
1.783862 1.097507 3.213358 -1 0 0 0 0
1.783862 1.096417 3.213358 -1 0 0 0 0
1.783862 1.095436 3.213358 -1 0 0 0 0
1.783862 1.095436 3.215269 -1 0 0 0 0
1.783862 1.094503 3.213358 -1 0 0 0 0
1.783862 1.094503 3.215269 -1 0 0 0 0
1.783862 1.095436 3.219324 -1 0 0 0 0
1.783862 1.094503 3.219324 -1 0 0 0 0
1.783862 1.13067 3.286753 -1 0 0 0 0
1.783862 1.132254 3.288664 -1 0 0 0 0
1.783862 1.132254 3.286753 -1 0 0 0 0
1.783862 1.13067 3.288664 -1 0 0 0 0
1.783862 1.133639 3.288664 -1 0 0 0 0
1.783862 1.133639 3.286753 -1 0 0 0 0
1.783862 1.132254 3.282699 -1 0 0 0 0
1.783862 1.13067 3.282699 -1 0 0 0 0
1.783862 1.132254 3.275534 -1 0 0 0 0
1.783862 1.13067 3.275534 -1 0 0 0 0
1.783862 1.133639 3.282699 -1 0 0 0 0
1.783862 1.133639 3.275534 -1 0 0 0 0
1.783862 1.12886 3.282699 -1 0 0 0 0
1.783862 1.12886 3.286753 -1 0 0 0 0
1.783862 1.1268 3.282699 -1 0 0 0 0
1.783862 1.1268 3.286753 -1 0 0 0 0
1.783862 1.12886 3.275534 -1 0 0 0 0
1.783862 1.1268 3.275534 -1 0 0 0 0
1.783862 1.12886 3.288664 -1 0 0 0 0
1.783862 1.1268 3.288664 -1 0 0 0 0
1.783862 1.13067 3.251011 -1 0 0 0 0
1.783862 1.132254 3.264292 -1 0 0 0 0
1.783862 1.132254 3.251011 -1 0 0 0 0
1.783862 1.13067 3.264292 -1 0 0 0 0
1.783862 1.133639 3.264292 -1 0 0 0 0
1.783862 1.133639 3.251011 -1 0 0 0 0
1.783862 1.132254 3.237731 -1 0 0 0 0
1.783862 1.13067 3.237731 -1 0 0 0 0
1.783862 1.132254 3.226488 -1 0 0 0 0
1.783862 1.13067 3.226488 -1 0 0 0 0
1.783862 1.133639 3.237731 -1 0 0 0 0
1.783862 1.133639 3.226488 -1 0 0 0 0
1.783862 1.12886 3.237731 -1 0 0 0 0
1.783862 1.12886 3.251011 -1 0 0 0 0
1.783862 1.1268 3.237731 -1 0 0 0 0
1.783862 1.1268 3.251011 -1 0 0 0 0
1.783862 1.12886 3.226488 -1 0 0 0 0
1.783862 1.1268 3.226488 -1 0 0 0 0
1.783862 1.12886 3.264292 -1 0 0 0 0
1.783862 1.1268 3.264292 -1 0 0 0 0
1.783862 1.13067 3.215269 -1 0 0 0 0
1.783862 1.132254 3.219324 -1 0 0 0 0
1.783862 1.132254 3.215269 -1 0 0 0 0
1.783862 1.13067 3.219324 -1 0 0 0 0
1.783862 1.133639 3.219324 -1 0 0 0 0
1.783862 1.133639 3.215269 -1 0 0 0 0
1.783862 1.132254 3.213358 -1 0 0 0 0
1.783862 1.13067 3.213358 -1 0 0 0 0
1.783862 1.133639 3.213358 -1 0 0 0 0
1.783862 1.12886 3.213358 -1 0 0 0 0
1.783862 1.12886 3.215269 -1 0 0 0 0
1.783862 1.1268 3.213358 -1 0 0 0 0
1.783862 1.1268 3.215269 -1 0 0 0 0
1.783862 1.12886 3.219324 -1 0 0 0 0
1.783862 1.1268 3.219324 -1 0 0 0 0
1.783862 1.121926 3.286753 -1 0 0 0 0
1.783862 1.124466 3.288664 -1 0 0 0 0
1.783862 1.124466 3.286753 -1 0 0 0 0
1.783862 1.121926 3.288664 -1 0 0 0 0
1.783862 1.124466 3.282699 -1 0 0 0 0
1.783862 1.121926 3.282699 -1 0 0 0 0
1.783862 1.124466 3.275534 -1 0 0 0 0
1.783862 1.121926 3.275534 -1 0 0 0 0
1.783862 1.119248 3.282699 -1 0 0 0 0
1.783862 1.119248 3.286753 -1 0 0 0 0
1.783862 1.116502 3.282699 -1 0 0 0 0
1.783862 1.116502 3.286753 -1 0 0 0 0
1.783862 1.119248 3.275534 -1 0 0 0 0
1.783862 1.116502 3.275534 -1 0 0 0 0
1.783862 1.119248 3.288664 -1 0 0 0 0
1.783862 1.116502 3.288664 -1 0 0 0 0
1.783862 1.121926 3.251011 -1 0 0 0 0
1.783862 1.124466 3.264292 -1 0 0 0 0
1.783862 1.124466 3.251011 -1 0 0 0 0
1.783862 1.121926 3.264292 -1 0 0 0 0
1.783862 1.124466 3.237731 -1 0 0 0 0
1.783862 1.121926 3.237731 -1 0 0 0 0
1.783862 1.124466 3.226488 -1 0 0 0 0
1.783862 1.121926 3.226488 -1 0 0 0 0
1.783862 1.119248 3.237731 -1 0 0 0 0
1.783862 1.119248 3.251011 -1 0 0 0 0
1.783862 1.116502 3.237731 -1 0 0 0 0
1.783862 1.116502 3.251011 -1 0 0 0 0
1.783862 1.119248 3.226488 -1 0 0 0 0
1.783862 1.116502 3.226488 -1 0 0 0 0
1.783862 1.119248 3.264292 -1 0 0 0 0
1.783862 1.116502 3.264292 -1 0 0 0 0
1.783862 1.121926 3.215269 -1 0 0 0 0
1.783862 1.124466 3.219324 -1 0 0 0 0
1.783862 1.124466 3.215269 -1 0 0 0 0
1.783862 1.121926 3.219324 -1 0 0 0 0
1.783862 1.124466 3.213358 -1 0 0 0 0
1.783862 1.121926 3.213358 -1 0 0 0 0
1.783862 1.119248 3.213358 -1 0 0 0 0
1.783862 1.119248 3.215269 -1 0 0 0 0
1.783862 1.116502 3.213358 -1 0 0 0 0
1.783862 1.116502 3.215269 -1 0 0 0 0
1.783862 1.119248 3.219324 -1 0 0 0 0
1.783862 1.116502 3.219324 -1 0 0 0 0
1.783862 1.111067 3.286753 -1 0 0 0 0
1.783862 1.113756 3.288664 -1 0 0 0 0
1.783862 1.113756 3.286753 -1 0 0 0 0
1.783862 1.111067 3.288664 -1 0 0 0 0
1.783862 1.113756 3.282699 -1 0 0 0 0
1.783862 1.111067 3.282699 -1 0 0 0 0
1.783862 1.113756 3.275534 -1 0 0 0 0
1.783862 1.111067 3.275534 -1 0 0 0 0
1.783862 1.108492 3.282699 -1 0 0 0 0
1.783862 1.108492 3.286753 -1 0 0 0 0
1.783862 1.108492 3.275534 -1 0 0 0 0
1.783862 1.108492 3.288664 -1 0 0 0 0
1.783862 1.111067 3.251011 -1 0 0 0 0
1.783862 1.113756 3.264292 -1 0 0 0 0
1.783862 1.113756 3.251011 -1 0 0 0 0
1.783862 1.111067 3.264292 -1 0 0 0 0
1.783862 1.113756 3.237731 -1 0 0 0 0
1.783862 1.111067 3.237731 -1 0 0 0 0
1.783862 1.113756 3.226488 -1 0 0 0 0
1.783862 1.111067 3.226488 -1 0 0 0 0
1.783862 1.108492 3.237731 -1 0 0 0 0
1.783862 1.108492 3.251011 -1 0 0 0 0
1.783862 1.108492 3.226488 -1 0 0 0 0
1.783862 1.108492 3.264292 -1 0 0 0 0
1.783862 1.111067 3.215269 -1 0 0 0 0
1.783862 1.113756 3.219324 -1 0 0 0 0
1.783862 1.113756 3.215269 -1 0 0 0 0
1.783862 1.111067 3.219324 -1 0 0 0 0
1.783862 1.113756 3.213358 -1 0 0 0 0
1.783862 1.111067 3.213358 -1 0 0 0 0
1.783862 1.108492 3.213358 -1 0 0 0 0
1.783862 1.108492 3.215269 -1 0 0 0 0
1.783862 1.108492 3.219324 -1 0 0 0 0
1.783862 1.152353 3.286753 -1 0 0 0 0
1.783862 1.158676 3.288664 -1 0 0 0 0
1.783862 1.158676 3.286753 -1 0 0 0 0
1.783862 1.152353 3.288664 -1 0 0 0 0
1.783862 1.165411 3.288664 -1 0 0 0 0
1.783862 1.165411 3.286753 -1 0 0 0 0
1.783862 1.158676 3.282699 -1 0 0 0 0
1.783862 1.152353 3.282699 -1 0 0 0 0
1.783862 1.158676 3.275534 -1 0 0 0 0
1.783862 1.152353 3.275534 -1 0 0 0 0
1.783862 1.165411 3.282699 -1 0 0 0 0
1.783862 1.165411 3.275534 -1 0 0 0 0
1.783862 1.146852 3.282699 -1 0 0 0 0
1.783862 1.146852 3.286753 -1 0 0 0 0
1.783862 1.142586 3.282699 -1 0 0 0 0
1.783862 1.142586 3.286753 -1 0 0 0 0
1.783862 1.146852 3.275534 -1 0 0 0 0
1.783862 1.142586 3.275534 -1 0 0 0 0
1.783862 1.146852 3.288664 -1 0 0 0 0
1.783862 1.142586 3.288664 -1 0 0 0 0
1.783862 1.152353 3.251011 -1 0 0 0 0
1.783862 1.158676 3.264292 -1 0 0 0 0
1.783862 1.158676 3.251011 -1 0 0 0 0
1.783862 1.152353 3.264292 -1 0 0 0 0
1.783862 1.165411 3.264292 -1 0 0 0 0
1.783862 1.165411 3.251011 -1 0 0 0 0
1.783862 1.158676 3.237731 -1 0 0 0 0
1.783862 1.152353 3.237731 -1 0 0 0 0
1.783862 1.158676 3.226489 -1 0 0 0 0
1.783862 1.152353 3.226489 -1 0 0 0 0
1.783862 1.165411 3.237731 -1 0 0 0 0
1.783862 1.165411 3.226489 -1 0 0 0 0
1.783862 1.146852 3.237731 -1 0 0 0 0
1.783862 1.146852 3.251011 -1 0 0 0 0
1.783862 1.142586 3.237731 -1 0 0 0 0
1.783862 1.142586 3.251011 -1 0 0 0 0
1.783862 1.146852 3.226489 -1 0 0 0 0
1.783862 1.142586 3.226488 -1 0 0 0 0
1.783862 1.146852 3.264292 -1 0 0 0 0
1.783862 1.142586 3.264292 -1 0 0 0 0
1.783862 1.152353 3.215269 -1 0 0 0 0
1.783862 1.158676 3.219324 -1 0 0 0 0
1.783862 1.158676 3.215269 -1 0 0 0 0
1.783862 1.152353 3.219324 -1 0 0 0 0
1.783862 1.165411 3.219324 -1 0 0 0 0
1.783862 1.165411 3.215269 -1 0 0 0 0
1.783862 1.158676 3.213358 -1 0 0 0 0
1.783862 1.152353 3.213358 -1 0 0 0 0
1.783862 1.165411 3.213358 -1 0 0 0 0
1.783862 1.146852 3.213358 -1 0 0 0 0
1.783862 1.146852 3.215269 -1 0 0 0 0
1.783862 1.142586 3.213358 -1 0 0 0 0
1.783862 1.142586 3.215269 -1 0 0 0 0
1.783862 1.146852 3.219324 -1 0 0 0 0
1.783862 1.142586 3.219324 -1 0 0 0 0
1.783862 1.178881 3.286753 -1 0 0 0 0
1.783862 1.185616 3.288664 -1 0 0 0 0
1.783862 1.185616 3.286753 -1 0 0 0 0
1.783862 1.178881 3.288664 -1 0 0 0 0
1.783862 1.192351 3.288664 -1 0 0 0 0
1.783862 1.192351 3.286753 -1 0 0 0 0
1.783862 1.185616 3.282699 -1 0 0 0 0
1.783862 1.178881 3.282699 -1 0 0 0 0
1.783862 1.185616 3.275534 -1 0 0 0 0
1.783862 1.178881 3.275534 -1 0 0 0 0
1.783862 1.192351 3.282699 -1 0 0 0 0
1.783862 1.192351 3.275534 -1 0 0 0 0
1.783862 1.172146 3.282699 -1 0 0 0 0
1.783862 1.172146 3.286753 -1 0 0 0 0
1.783862 1.172146 3.275534 -1 0 0 0 0
1.783862 1.172146 3.288664 -1 0 0 0 0
1.783862 1.178881 3.251011 -1 0 0 0 0
1.783862 1.185616 3.264292 -1 0 0 0 0
1.783862 1.185616 3.251011 -1 0 0 0 0
1.783862 1.178881 3.264292 -1 0 0 0 0
1.783862 1.192351 3.264292 -1 0 0 0 0
1.783862 1.192351 3.251011 -1 0 0 0 0
1.783862 1.185616 3.237731 -1 0 0 0 0
1.783862 1.178881 3.237731 -1 0 0 0 0
1.783862 1.185616 3.226488 -1 0 0 0 0
1.783862 1.178881 3.226488 -1 0 0 0 0
1.783862 1.192351 3.237731 -1 0 0 0 0
1.783862 1.192351 3.226488 -1 0 0 0 0
1.783862 1.172146 3.237731 -1 0 0 0 0
1.783862 1.172146 3.251011 -1 0 0 0 0
1.783862 1.172146 3.226489 -1 0 0 0 0
1.783862 1.172146 3.264292 -1 0 0 0 0
1.783862 1.178881 3.215269 -1 0 0 0 0
1.783862 1.185616 3.219324 -1 0 0 0 0
1.783862 1.185616 3.215269 -1 0 0 0 0
1.783862 1.178881 3.219324 -1 0 0 0 0
1.783862 1.192351 3.219324 -1 0 0 0 0
1.783862 1.192351 3.215269 -1 0 0 0 0
1.783862 1.185616 3.213358 -1 0 0 0 0
1.783862 1.178881 3.213358 -1 0 0 0 0
1.783862 1.192351 3.213358 -1 0 0 0 0
1.783862 1.172146 3.213358 -1 0 0 0 0
1.783862 1.172146 3.215269 -1 0 0 0 0
1.783862 1.172146 3.219324 -1 0 0 0 0
1.783862 1.205821 3.286753 -1 0 0 0 0
1.783862 1.212556 3.288664 -1 0 0 0 0
1.783862 1.212556 3.286753 -1 0 0 0 0
1.783862 1.205821 3.288664 -1 0 0 0 0
1.783862 1.219291 3.288664 -1 0 0 0 0
1.783862 1.219291 3.286753 -1 0 0 0 0
1.783862 1.212556 3.282699 -1 0 0 0 0
1.783862 1.205821 3.282699 -1 0 0 0 0
1.783862 1.212556 3.275534 -1 0 0 0 0
1.783862 1.205821 3.275534 -1 0 0 0 0
1.783862 1.219291 3.282699 -1 0 0 0 0
1.783862 1.219291 3.275534 -1 0 0 0 0
1.783862 1.199086 3.282699 -1 0 0 0 0
1.783862 1.199086 3.286753 -1 0 0 0 0
1.783862 1.199086 3.275534 -1 0 0 0 0
1.783862 1.199086 3.288664 -1 0 0 0 0
1.783862 1.205821 3.251011 -1 0 0 0 0
1.783862 1.212556 3.264292 -1 0 0 0 0
1.783862 1.212556 3.251011 -1 0 0 0 0
1.783862 1.205821 3.264292 -1 0 0 0 0
1.783862 1.219291 3.264292 -1 0 0 0 0
1.783862 1.219291 3.251011 -1 0 0 0 0
1.783862 1.212556 3.237731 -1 0 0 0 0
1.783862 1.205821 3.237731 -1 0 0 0 0
1.783862 1.212556 3.226488 -1 0 0 0 0
1.783862 1.205821 3.226488 -1 0 0 0 0
1.783862 1.219291 3.237731 -1 0 0 0 0
1.783862 1.219291 3.226488 -1 0 0 0 0
1.783862 1.199086 3.237731 -1 0 0 0 0
1.783862 1.199086 3.251011 -1 0 0 0 0
1.783862 1.199086 3.226488 -1 0 0 0 0
1.783862 1.199086 3.264292 -1 0 0 0 0
1.783862 1.205821 3.215269 -1 0 0 0 0
1.783862 1.212556 3.219324 -1 0 0 0 0
1.783862 1.212556 3.215269 -1 0 0 0 0
1.783862 1.205821 3.219324 -1 0 0 0 0
1.783862 1.219291 3.219324 -1 0 0 0 0
1.783862 1.219291 3.215269 -1 0 0 0 0
1.783862 1.212556 3.213358 -1 0 0 0 0
1.783862 1.205821 3.213358 -1 0 0 0 0
1.783862 1.219291 3.213358 -1 0 0 0 0
1.783862 1.199086 3.213358 -1 0 0 0 0
1.783862 1.199086 3.215269 -1 0 0 0 0
1.783862 1.199086 3.219324 -1 0 0 0 0
1.783862 1.232748 3.286753 -1 0 0 0 0
1.783862 1.239443 3.288664 -1 0 0 0 0
1.783862 1.239443 3.286753 -1 0 0 0 0
1.783862 1.232748 3.288664 -1 0 0 0 0
1.783862 1.246099 3.288664 -1 0 0 0 0
1.783862 1.246099 3.286753 -1 0 0 0 0
1.783862 1.239443 3.282699 -1 0 0 0 0
1.783862 1.232748 3.282699 -1 0 0 0 0
1.783862 1.239443 3.275534 -1 0 0 0 0
1.783862 1.232748 3.275534 -1 0 0 0 0
1.783862 1.246099 3.282699 -1 0 0 0 0
1.783862 1.246099 3.275534 -1 0 0 0 0
1.783862 1.226026 3.282699 -1 0 0 0 0
1.783862 1.226026 3.286753 -1 0 0 0 0
1.783862 1.226026 3.275534 -1 0 0 0 0
1.783862 1.226026 3.288664 -1 0 0 0 0
1.783862 1.232748 3.251011 -1 0 0 0 0
1.783862 1.239443 3.264292 -1 0 0 0 0
1.783862 1.239443 3.251011 -1 0 0 0 0
1.783862 1.232748 3.264292 -1 0 0 0 0
1.783862 1.246099 3.264292 -1 0 0 0 0
1.783862 1.246099 3.251011 -1 0 0 0 0
1.783862 1.239443 3.237731 -1 0 0 0 0
1.783862 1.232748 3.237731 -1 0 0 0 0
1.783862 1.239443 3.226488 -1 0 0 0 0
1.783862 1.232748 3.226488 -1 0 0 0 0
1.783862 1.246099 3.237731 -1 0 0 0 0
1.783862 1.246099 3.226488 -1 0 0 0 0
1.783862 1.226026 3.237731 -1 0 0 0 0
1.783862 1.226026 3.251011 -1 0 0 0 0
1.783862 1.226026 3.226488 -1 0 0 0 0
1.783862 1.226026 3.264292 -1 0 0 0 0
1.783862 1.232748 3.215269 -1 0 0 0 0
1.783862 1.239443 3.219324 -1 0 0 0 0
1.783862 1.239443 3.215269 -1 0 0 0 0
1.783862 1.232748 3.219324 -1 0 0 0 0
1.783862 1.246099 3.219324 -1 0 0 0 0
1.783862 1.246099 3.215269 -1 0 0 0 0
1.783862 1.239443 3.213358 -1 0 0 0 0
1.783862 1.232748 3.213358 -1 0 0 0 0
1.783862 1.246099 3.213358 -1 0 0 0 0
1.783862 1.226026 3.213358 -1 0 0 0 0
1.783862 1.226026 3.215269 -1 0 0 0 0
1.783862 1.226026 3.219324 -1 0 0 0 0
1.783862 1.092633 3.286753 -1 0 0 0 0
1.783862 1.093559 3.288664 -1 0 0 0 0
1.783862 1.093559 3.286753 -1 0 0 0 0
1.783862 1.092633 3.288664 -1 0 0 0 0
1.783862 1.093559 3.282699 -1 0 0 0 0
1.783862 1.092633 3.282699 -1 0 0 0 0
1.783862 1.093559 3.275534 -1 0 0 0 0
1.783862 1.092633 3.275534 -1 0 0 0 0
1.783862 1.091756 3.282699 -1 0 0 0 0
1.783862 1.091756 3.286753 -1 0 0 0 0
1.783862 1.090958 3.282699 -1 0 0 0 0
1.783862 1.090958 3.286753 -1 0 0 0 0
1.783862 1.091756 3.275534 -1 0 0 0 0
1.783862 1.090958 3.275534 -1 0 0 0 0
1.783862 1.091756 3.288664 -1 0 0 0 0
1.783862 1.090958 3.288664 -1 0 0 0 0
1.783862 1.092633 3.251011 -1 0 0 0 0
1.783862 1.093559 3.264292 -1 0 0 0 0
1.783862 1.093559 3.251011 -1 0 0 0 0
1.783862 1.092633 3.264292 -1 0 0 0 0
1.783862 1.093559 3.237731 -1 0 0 0 0
1.783862 1.092633 3.237731 -1 0 0 0 0
1.783862 1.093559 3.226488 -1 0 0 0 0
1.783862 1.092633 3.226488 -1 0 0 0 0
1.783862 1.091756 3.237731 -1 0 0 0 0
1.783862 1.091756 3.251011 -1 0 0 0 0
1.783862 1.090958 3.237731 -1 0 0 0 0
1.783862 1.090958 3.251011 -1 0 0 0 0
1.783862 1.091756 3.226488 -1 0 0 0 0
1.783862 1.090958 3.226488 -1 0 0 0 0
1.783862 1.091756 3.264292 -1 0 0 0 0
1.783862 1.090958 3.264292 -1 0 0 0 0
1.783862 1.092633 3.215269 -1 0 0 0 0
1.783862 1.093559 3.219324 -1 0 0 0 0
1.783862 1.093559 3.215269 -1 0 0 0 0
1.783862 1.092633 3.219324 -1 0 0 0 0
1.783862 1.093559 3.213358 -1 0 0 0 0
1.783862 1.092633 3.213358 -1 0 0 0 0
1.783862 1.091756 3.213358 -1 0 0 0 0
1.783862 1.091756 3.215269 -1 0 0 0 0
1.783862 1.090958 3.213358 -1 0 0 0 0
1.783862 1.090958 3.215269 -1 0 0 0 0
1.783862 1.091756 3.219324 -1 0 0 0 0
1.783862 1.090958 3.219324 -1 0 0 0 0
1.783847 1.089696 3.286753 -0.997885326 0.0649990442 0 0 0
1.783862 1.09027 3.288664 -0.999907514 0.0136001022 0 0 0
1.783862 1.09027 3.286753 -0.999907514 0.0136001022 0 0 0
1.783847 1.089696 3.288664 -0.997885326 0.0649990442 0 0 0
1.783862 1.09027 3.282699 -0.999907514 0.0136001022 0 0 0
1.783847 1.089696 3.282699 -0.997885326 0.0649990442 0 0 0
1.783862 1.09027 3.275534 -0.999906149 0.0137000843 0 0 0
1.783847 1.089696 3.275534 -0.997885326 0.0649990442 0 0 0
1.7838 1.089242 3.282699 -0.981918608 0.189303587 0 0 0
1.7838 1.089242 3.286753 -0.981900015 0.189400003 0 0 0
1.7838 1.089242 3.275534 -0.981937192 0.189207166 0 0 0
1.7838 1.089242 3.288664 -0.981918608 0.189303587 0 0 0
1.783847 1.089696 3.251011 -0.997891807 0.0648994672 0 0 0
1.783862 1.09027 3.264292 -0.999907514 0.0136001022 0 0 0
1.783862 1.09027 3.251011 -0.999907514 0.0136001022 0 0 0
1.783847 1.089696 3.264292 -0.997885326 0.0649990442 0 0 0
1.783862 1.09027 3.237731 -0.999907514 0.0136001022 0 0 0
1.783847 1.089696 3.237731 -0.997885326 0.0649990442 0 0 0
1.783862 1.09027 3.226488 -0.999907514 0.0136001022 0 0 0
1.783847 1.089696 3.226488 -0.997885326 0.0649990442 0 0 0
1.7838 1.089242 3.237731 -0.981900015 0.189400003 0 0 0
1.7838 1.089242 3.251011 -0.981900015 0.189400003 0 0 0
1.7838 1.089242 3.226488 -0.981918608 0.189303587 0 0 0
1.7838 1.089242 3.264292 -0.981937192 0.189207166 0 0 0
1.783847 1.089696 3.215269 -0.997885326 0.0649990442 0 0 0
1.783862 1.09027 3.219324 -0.999907514 0.0136001022 0 0 0
1.783862 1.09027 3.215269 -0.999907514 0.0136001022 0 0 0
1.783847 1.089696 3.219324 -0.997885326 0.0649990442 0 0 0
1.783862 1.09027 3.213358 -0.999907514 0.0136001022 0 0 0
1.783847 1.089696 3.213358 -0.997878835 0.0650986193 0 0 0
1.7838 1.089242 3.213358 -0.981918608 0.189303587 0 0 0
1.7838 1.089242 3.215269 -0.981900015 0.189400003 0 0 0
1.7838 1.089242 3.219324 -0.981918608 0.189303587 0 0 0
1.783847 1.272342 3.215269 -0.998894901 -0.0469997601 0 0 0
1.783862 1.27096 3.213358 -0.99998432 -0.00559991219 0 0 0
1.783862 1.27096 3.215269 -0.99998432 -0.00559991219 0 0 0
1.783847 1.272342 3.213358 -0.998894901 -0.0469997601 0 0 0
1.783862 1.268382 3.213358 -1 0 0 0 0
1.783862 1.268382 3.215269 -1 0 0 0 0
1.783862 1.27096 3.219324 -0.99998432 -0.00559991219 0 0 0
1.783847 1.272342 3.219324 -0.998894901 -0.0469997601 0 0 0
1.783862 1.27096 3.226488 -0.99998432 -0.00559991219 0 0 0
1.783847 1.272342 3.226488 -0.998894901 -0.0469997601 0 0 0
1.783862 1.268382 3.219324 -1 0 0 0 0
1.783862 1.268382 3.226488 -1 0 0 0 0
1.7838 1.272907 3.219324 -0.939114195 -0.343605194 0 0 0
1.7838 1.272907 3.215269 -0.939081923 -0.343693384 0 0 0
1.7838 1.272907 3.226488 -0.939190514 -0.343396532 0 0 0
1.7838 1.272907 3.213358 -0.939081923 -0.343693384 0 0 0
1.783847 1.272342 3.251011 -0.99889959 -0.0468999808 0 0 0
1.783862 1.27096 3.237731 -0.99998432 -0.00559991219 0 0 0
1.783862 1.27096 3.251011 -0.99998432 -0.00559991219 0 0 0
1.783847 1.272342 3.237731 -0.99889959 -0.0468999808 0 0 0
1.783862 1.268382 3.237731 -1 0 0 0 0
1.783862 1.268382 3.251011 -1 0 0 0 0
1.783862 1.27096 3.264292 -0.99998432 -0.00559991219 0 0 0
1.783847 1.272342 3.264292 -0.99889959 -0.0468999808 0 0 0
1.783862 1.27096 3.275534 -0.99998432 -0.00559991219 0 0 0
1.783847 1.272342 3.275534 -0.998894901 -0.0469997601 0 0 0
1.783862 1.268382 3.264292 -1 0 0 0 0
1.783862 1.268382 3.275534 -1 0 0 0 0
1.7838 1.272907 3.264292 -0.939190514 -0.343396532 0 0 0
1.7838 1.272907 3.251011 -0.939146461 -0.343516994 0 0 0
1.7838 1.272907 3.275534 -0.939222762 -0.34330832 0 0 0
1.7838 1.272907 3.237731 -0.939178721 -0.343428786 0 0 0
1.783847 1.272342 3.286753 -0.998894901 -0.0469997601 0 0 0
1.783862 1.27096 3.282699 -0.99998432 -0.00559991219 0 0 0
1.783862 1.27096 3.286753 -0.99998432 -0.00559991219 0 0 0
1.783847 1.272342 3.282699 -0.998894901 -0.0469997601 0 0 0
1.783862 1.268382 3.282699 -1 0 0 0 0
1.783862 1.268382 3.286753 -1 0 0 0 0
1.783862 1.27096 3.288664 -0.99998432 -0.00559991219 0 0 0
1.783847 1.272342 3.288664 -0.99889959 -0.0468999808 0 0 0
1.783862 1.268382 3.288664 -1 0 0 0 0
1.7838 1.272907 3.288664 -0.939114195 -0.343605194 0 0 0
1.7838 1.272907 3.286753 -0.939146461 -0.343516994 0 0 0
1.7838 1.272907 3.282699 -0.939146461 -0.343516994 0 0 0
1.783862 1.258872 3.215269 -1 0 0 0 0
1.783862 1.252702 3.213358 -1 0 0 0 0
1.783862 1.252702 3.215269 -1 0 0 0 0
1.783862 1.258872 3.213358 -1 0 0 0 0
1.783862 1.252702 3.219324 -1 0 0 0 0
1.783862 1.258872 3.219324 -1 0 0 0 0
1.783862 1.252702 3.226488 -1 0 0 0 0
1.783862 1.258872 3.226488 -1 0 0 0 0
1.783862 1.264226 3.219324 -1 0 0 0 0
1.783862 1.264226 3.215269 -1 0 0 0 0
1.783862 1.264226 3.226488 -1 0 0 0 0
1.783862 1.264226 3.213358 -1 0 0 0 0
1.783862 1.258872 3.251011 -1 0 0 0 0
1.783862 1.252702 3.237731 -1 0 0 0 0
1.783862 1.252702 3.251011 -1 0 0 0 0
1.783862 1.258872 3.237731 -1 0 0 0 0
1.783862 1.252702 3.264292 -1 0 0 0 0
1.783862 1.258872 3.264292 -1 0 0 0 0
1.783862 1.252702 3.275534 -1 0 0 0 0
1.783862 1.258872 3.275534 -1 0 0 0 0
1.783862 1.264225 3.264292 -1 0 0 0 0
1.783862 1.264226 3.251011 -1 0 0 0 0
1.783862 1.264225 3.275534 -1 0 0 0 0
1.783862 1.264226 3.237731 -1 0 0 0 0
1.783862 1.258872 3.286753 -1 0 0 0 0
1.783862 1.252702 3.282699 -1 0 0 0 0
1.783862 1.252702 3.286753 -1 0 0 0 0
1.783862 1.258872 3.282699 -1 0 0 0 0
1.783862 1.252702 3.288664 -1 0 0 0 0
1.783862 1.258872 3.288664 -1 0 0 0 0
1.783862 1.264225 3.288664 -1 0 0 0 0
1.783862 1.264225 3.286753 -1 0 0 0 0
1.783862 1.264225 3.282699 -1 0 0 0 0
1.783847 1.138529 3.290279 -0.9921822 0 -0.124797761 0 0
1.783862 1.139965 3.289924 -0.999757991 0 -0.0219990756 0 0
1.783862 1.138529 3.289924 -0.999760185 0 -0.0218991279 0 0
1.783847 1.139965 3.290279 -0.9921822 0 -0.124797761 0 0
1.783862 1.139965 3.289399 -1 0 0 0 0
1.783862 1.138529 3.289399 -1 0 0 0 0
1.783862 1.137816 3.289924 -0.999757991 0 -0.0219990756 0 0
1.783847 1.137816 3.290279 -0.9921822 0 -0.124797761 0 0
1.783862 1.137366 3.289924 -0.999757991 0 -0.0219990756 0 0
1.783847 1.137366 3.290279 -0.9921822 0 -0.124797761 0 0
1.783862 1.137816 3.289399 -1 0 0 0 0
1.783862 1.137366 3.289399 -1 0 0 0 0
1.7838 1.137816 3.290503 -0.916565368 0 -0.399884891 0 0
1.7838 1.138529 3.290503 -0.916512717 0 -0.40000555 0 0
1.7838 1.137366 3.290503 -0.91663866 0 -0.399716858 0 0
1.7838 1.139965 3.290503 -0.916602016 0 -0.39980088 0 0
1.783847 1.135876 3.290279 -0.9921822 0 -0.124797761 0 0
1.783862 1.136717 3.289924 -0.999757991 0 -0.0219990756 0 0
1.783862 1.135876 3.289924 -0.999757991 0 -0.0219990756 0 0
1.783847 1.136717 3.290279 -0.9921822 0 -0.124797761 0 0
1.783862 1.136717 3.289399 -1 0 0 0 0
1.783862 1.135876 3.289399 -1 0 0 0 0
1.783862 1.134848 3.289924 -0.999757991 0 -0.0219990756 0 0
1.783847 1.134848 3.290279 -0.9921822 0 -0.124797761 0 0
1.783862 1.134848 3.289399 -1 0 0 0 0
1.7838 1.134848 3.290503 -0.916565368 0 -0.399884891 0 0
1.7838 1.135876 3.290503 -0.916565368 0 -0.399884891 0 0
1.7838 1.136717 3.290503 -0.916602016 0 -0.39980088 0 0
1.783847 1.138529 3.211743 -0.9921822 0 0.124797761 0 0
1.7838 1.139965 3.211519 -0.916602016 0 0.39980088 0 0
1.7838 1.138529 3.211519 -0.91663866 0 0.399716858 0 0
1.783847 1.139965 3.211743 -0.9921822 0 0.124797761 0 0
1.7838 1.137816 3.211519 -0.916691269 0 0.399596194 0 0
1.783847 1.137816 3.211743 -0.992169814 0 0.1248962 0 0
1.7838 1.137366 3.211519 -0.91663866 0 0.399716858 0 0
1.783847 1.137366 3.211743 -0.9921822 0 0.124797761 0 0
1.783862 1.137816 3.212098 -0.999757991 0 0.0219990756 0 0
1.783862 1.138529 3.212098 -0.999757991 0 0.0219990756 0 0
1.783862 1.137816 3.212623 -1 0 0 0 0
1.783862 1.138529 3.212623 -1 0 0 0 0
1.783862 1.137366 3.212098 -0.999757991 0 0.0219990756 0 0
1.783862 1.137366 3.212623 -1 0 0 0 0
1.783862 1.139965 3.212098 -0.999757991 0 0.0219990756 0 0
1.783862 1.139965 3.212623 -1 0 0 0 0
1.783847 1.135876 3.211743 -0.9921822 0 0.124797761 0 0
1.7838 1.136717 3.211519 -0.916691269 0 0.399596194 0 0
1.7838 1.135876 3.211519 -0.91663866 0 0.399716858 0 0
1.783847 1.136717 3.211743 -0.9921822 0 0.124797761 0 0
1.7838 1.134848 3.211519 -0.916602016 0 0.39980088 0 0
1.783847 1.134848 3.211743 -0.992194578 0 0.124699319 0 0
1.783862 1.134848 3.212098 -0.999757991 0 0.0219990756 0 0
1.783862 1.135876 3.212098 -0.999757991 0 0.0219990756 0 0
1.783862 1.134848 3.212623 -1 0 0 0 0
1.783862 1.135876 3.212623 -1 0 0 0 0
1.783862 1.136717 3.212098 -0.999760185 0 0.0218991279 0 0
1.783862 1.136717 3.212623 -1 0 0 0 0
1.783862 1.138529 3.286753 -1 0 0 0 0
1.783862 1.139965 3.282699 -1 0 0 0 0
1.783862 1.138529 3.282699 -1 0 0 0 0
1.783862 1.139965 3.286753 -1 0 0 0 0
1.783862 1.139965 3.275534 -1 0 0 0 0
1.783862 1.138529 3.275534 -1 0 0 0 0
1.783862 1.137816 3.282699 -1 0 0 0 0
1.783862 1.137816 3.286753 -1 0 0 0 0
1.783862 1.137366 3.282699 -1 0 0 0 0
1.783862 1.137366 3.286753 -1 0 0 0 0
1.783862 1.137816 3.275534 -1 0 0 0 0
1.783862 1.137366 3.275534 -1 0 0 0 0
1.783862 1.137816 3.288664 -1 0 0 0 0
1.783862 1.138529 3.288664 -1 0 0 0 0
1.783862 1.137366 3.288664 -1 0 0 0 0
1.783862 1.139965 3.288664 -1 0 0 0 0
1.783862 1.135876 3.286753 -1 0 0 0 0
1.783862 1.136717 3.282699 -1 0 0 0 0
1.783862 1.135876 3.282699 -1 0 0 0 0
1.783862 1.136717 3.286753 -1 0 0 0 0
1.783862 1.136717 3.275534 -1 0 0 0 0
1.783862 1.135876 3.275534 -1 0 0 0 0
1.783862 1.134848 3.282699 -1 0 0 0 0
1.783862 1.134848 3.286753 -1 0 0 0 0
1.783862 1.134848 3.275534 -1 0 0 0 0
1.783862 1.134848 3.288664 -1 0 0 0 0
1.783862 1.135876 3.288664 -1 0 0 0 0
1.783862 1.136717 3.288664 -1 0 0 0 0
1.783862 1.138529 3.251011 -1 0 0 0 0
1.783862 1.139965 3.237731 -1 0 0 0 0
1.783862 1.138529 3.237731 -1 0 0 0 0
1.783862 1.139965 3.251011 -1 0 0 0 0
1.783862 1.139965 3.226488 -1 0 0 0 0
1.783862 1.138529 3.226488 -1 0 0 0 0
1.783862 1.137816 3.237731 -1 0 0 0 0
1.783862 1.137816 3.251011 -1 0 0 0 0
1.783862 1.137366 3.237731 -1 0 0 0 0
1.783862 1.137366 3.251011 -1 0 0 0 0
1.783862 1.137816 3.226488 -1 0 0 0 0
1.783862 1.137366 3.226488 -1 0 0 0 0
1.783862 1.137816 3.264292 -1 0 0 0 0
1.783862 1.138529 3.264292 -1 0 0 0 0
1.783862 1.137366 3.264292 -1 0 0 0 0
1.783862 1.139965 3.264292 -1 0 0 0 0
1.783862 1.135876 3.251011 -1 0 0 0 0
1.783862 1.136717 3.237731 -1 0 0 0 0
1.783862 1.135876 3.237731 -1 0 0 0 0
1.783862 1.136717 3.251011 -1 0 0 0 0
1.783862 1.136717 3.226488 -1 0 0 0 0
1.783862 1.135876 3.226488 -1 0 0 0 0
1.783862 1.134848 3.237731 -1 0 0 0 0
1.783862 1.134848 3.251011 -1 0 0 0 0
1.783862 1.134848 3.226488 -1 0 0 0 0
1.783862 1.134848 3.264292 -1 0 0 0 0
1.783862 1.135876 3.264292 -1 0 0 0 0
1.783862 1.136717 3.264292 -1 0 0 0 0
1.783862 1.138529 3.215269 -1 0 0 0 0
1.783862 1.139965 3.213358 -1 0 0 0 0
1.783862 1.138529 3.213358 -1 0 0 0 0
1.783862 1.139965 3.215269 -1 0 0 0 0
1.783862 1.137816 3.213358 -1 0 0 0 0
1.783862 1.137816 3.215269 -1 0 0 0 0
1.783862 1.137366 3.213358 -1 0 0 0 0
1.783862 1.137366 3.215269 -1 0 0 0 0
1.783862 1.137816 3.219324 -1 0 0 0 0
1.783862 1.138529 3.219324 -1 0 0 0 0
1.783862 1.137366 3.219324 -1 0 0 0 0
1.783862 1.139965 3.219324 -1 0 0 0 0
1.783862 1.135876 3.215269 -1 0 0 0 0
1.783862 1.136717 3.213358 -1 0 0 0 0
1.783862 1.135876 3.213358 -1 0 0 0 0
1.783862 1.136717 3.215269 -1 0 0 0 0
1.783862 1.134848 3.213358 -1 0 0 0 0
1.783862 1.134848 3.215269 -1 0 0 0 0
1.783862 1.134848 3.219324 -1 0 0 0 0
1.783862 1.135876 3.219324 -1 0 0 0 0
1.783862 1.136717 3.219324 -1 0 0 0 0
3 0 1 2
3 0 3 1
3 3 4 1
3 3 5 4
3 2 6 7
3 2 1 6
3 1 8 6
3 1 4 8
3 0 9 3
3 0 10 9
3 10 11 9
3 10 12 11
3 3 13 5
3 3 9 13
3 9 14 13
3 9 11 14
3 0 15 10
3 0 16 15
3 16 17 15
3 16 18 17
3 10 19 12
3 10 15 19
3 15 20 19
3 15 17 20
3 0 21 16
3 0 2 21
3 2 22 21
3 2 7 22
3 16 23 18
3 16 21 23
3 21 24 23
3 21 22 24
3 25 26 27
3 25 28 26
3 28 29 26
3 28 30 29
3 27 11 12
3 27 26 11
3 26 14 11
3 26 29 14
3 25 31 28
3 25 32 31
3 32 33 31
3 32 34 33
3 28 35 30
3 28 31 35
3 31 36 35
3 31 33 36
3 25 37 32
3 25 38 37
3 38 39 37
3 38 40 39
3 32 41 34
3 32 37 41
3 37 42 41
3 37 39 42
3 25 43 38
3 25 27 43
3 27 19 43
3 27 12 19
3 38 44 40
3 38 43 44
3 43 20 44
3 43 19 20
3 45 46 47
3 45 48 46
3 48 49 46
3 48 50 49
3 47 33 34
3 47 46 33
3 46 36 33
3 46 49 36
3 45 51 48
3 45 52 51
3 52 53 51
3 52 54 53
3 48 55 50
3 48 51 55
3 51 56 55
3 51 53 56
3 45 57 52
3 45 58 57
3 58 59 57
3 58 60 59
3 52 61 54
3 52 57 61
3 57 62 61
3 57 59 62
3 45 63 58
3 45 47 63
3 47 41 63
3 47 34 41
3 58 64 60
3 58 63 64
3 63 42 64
3 63 41 42
3 65 66 67
3 65 68 66
3 68 69 66
3 68 70 69
3 67 53 54
3 67 66 53
3 66 56 53
3 66 69 56
3 65 71 68
3 65 72 71
3 72 73 71
3 72 74 73
3 68 75 70
3 68 71 75
3 71 76 75
3 71 73 76
3 65 77 72
3 65 78 77
3 78 79 77
3 78 80 79
3 72 81 74
3 72 77 81
3 77 82 81
3 77 79 82
3 65 83 78
3 65 67 83
3 67 61 83
3 67 54 61
3 78 84 80
3 78 83 84
3 83 62 84
3 83 61 62
3 85 86 87
3 85 88 86
3 88 89 86
3 88 90 89
3 87 91 92
3 87 86 91
3 86 93 91
3 86 89 93
3 85 94 88
3 85 95 94
3 95 96 94
3 95 97 96
3 88 98 90
3 88 94 98
3 94 99 98
3 94 96 99
3 85 100 95
3 85 101 100
3 101 102 100
3 101 103 102
3 95 104 97
3 95 100 104
3 100 105 104
3 100 102 105
3 85 106 101
3 85 87 106
3 87 107 106
3 87 92 107
3 101 108 103
3 101 106 108
3 106 109 108
3 106 107 109
3 110 111 112
3 110 113 111
3 113 114 111
3 113 115 114
3 112 96 97
3 112 111 96
3 111 99 96
3 111 114 99
3 110 116 113
3 110 117 116
3 117 118 116
3 117 119 118
3 113 120 115
3 113 116 120
3 116 121 120
3 116 118 121
3 110 122 117
3 110 123 122
3 123 124 122
3 123 125 124
3 117 126 119
3 117 122 126
3 122 127 126
3 122 124 127
3 110 128 123
3 110 112 128
3 112 104 128
3 112 97 104
3 123 129 125
3 123 128 129
3 128 105 129
3 128 104 105
3 130 131 132
3 130 133 131
3 133 134 131
3 133 135 134
3 132 136 137
3 132 131 136
3 131 138 136
3 131 134 138
3 130 139 133
3 130 140 139
3 140 91 139
3 140 92 91
3 133 141 135
3 133 139 141
3 139 93 141
3 139 91 93
3 130 142 140
3 130 143 142
3 143 144 142
3 143 145 144
3 140 107 92
3 140 142 107
3 142 109 107
3 142 144 109
3 130 146 143
3 130 132 146
3 132 147 146
3 132 137 147
3 143 148 145
3 143 146 148
3 146 149 148
3 146 147 149
3 150 151 152
3 150 153 151
3 153 154 151
3 153 155 154
3 152 118 119
3 152 151 118
3 151 121 118
3 151 154 121
3 150 156 153
3 150 157 156
3 157 158 156
3 157 159 158
3 153 160 155
3 153 156 160
3 156 161 160
3 156 158 161
3 150 162 157
3 150 163 162
3 163 164 162
3 163 165 164
3 157 166 159
3 157 162 166
3 162 167 166
3 162 164 167
3 150 168 163
3 150 152 168
3 152 126 168
3 152 119 126
3 163 169 165
3 163 168 169
3 168 127 169
3 168 126 127
3 170 171 172
3 170 173 171
3 173 174 171
3 173 175 174
3 172 158 159
3 172 171 158
3 171 161 158
3 171 174 161
3 170 176 173
3 170 177 176
3 177 178 176
3 177 179 178
3 173 180 175
3 173 176 180
3 176 181 180
3 176 178 181
3 170 182 177
3 170 183 182
3 183 184 182
3 183 185 184
3 177 186 179
3 177 182 186
3 182 187 186
3 182 184 187
3 170 188 183
3 170 172 188
3 172 166 188
3 172 159 166
3 183 189 185
3 183 188 189
3 188 167 189
3 188 166 167
3 190 191 192
3 190 193 191
3 193 194 191
3 193 195 194
3 192 196 197
3 192 191 196
3 191 198 196
3 191 194 198
3 190 199 193
3 190 200 199
3 200 201 199
3 200 202 201
3 193 203 195
3 193 199 203
3 199 204 203
3 199 201 204
3 190 205 200
3 190 206 205
3 206 207 205
3 206 208 207
3 200 209 202
3 200 205 209
3 205 210 209
3 205 207 210
3 190 211 206
3 190 192 211
3 192 212 211
3 192 197 212
3 206 213 208
3 206 211 213
3 211 214 213
3 211 212 214
3 215 216 217
3 215 218 216
3 218 219 216
3 218 220 219
3 217 221 222
3 217 216 221
3 216 223 221
3 216 219 223
3 215 224 218
3 215 225 224
3 225 226 224
3 225 227 226
3 218 228 220
3 218 224 228
3 224 229 228
3 224 226 229
3 215 230 225
3 215 231 230
3 231 203 230
3 231 195 203
3 225 232 227
3 225 230 232
3 230 204 232
3 230 203 204
3 215 233 231
3 215 217 233
3 217 234 233
3 217 222 234
3 231 194 195
3 231 233 194
3 233 198 194
3 233 234 198
3 235 236 237
3 235 238 236
3 238 239 236
3 238 240 239
3 237 241 242
3 237 236 241
3 236 243 241
3 236 239 243
3 235 244 238
3 235 245 244
3 245 246 244
3 245 247 246
3 238 248 240
3 238 244 248
3 244 249 248
3 244 246 249
3 235 250 245
3 235 251 250
3 251 228 250
3 251 220 228
3 245 252 247
3 245 250 252
3 250 229 252
3 250 228 229
3 235 253 251
3 235 237 253
3 237 254 253
3 237 242 254
3 251 219 220
3 251 253 219
3 253 223 219
3 253 254 223
3 255 256 257
3 255 258 256
3 258 259 256
3 258 260 259
3 257 261 262
3 257 256 261
3 256 263 261
3 256 259 263
3 255 264 258
3 255 265 264
3 265 266 264
3 265 267 266
3 258 268 260
3 258 264 268
3 264 269 268
3 264 266 269
3 255 270 265
3 255 271 270
3 271 248 270
3 271 240 248
3 265 272 267
3 265 270 272
3 270 249 272
3 270 248 249
3 255 273 271
3 255 257 273
3 257 274 273
3 257 262 274
3 271 239 240
3 271 273 239
3 273 243 239
3 273 274 243
3 275 276 277
3 275 278 276
3 278 279 276
3 278 280 279
3 277 281 282
3 277 276 281
3 276 283 281
3 276 279 283
3 275 284 278
3 275 285 284
3 285 286 284
3 285 287 286
3 278 288 280
3 278 284 288
3 284 289 288
3 284 286 289
3 275 290 285
3 275 291 290
3 291 292 290
3 291 293 292
3 285 294 287
3 285 290 294
3 290 295 294
3 290 292 295
3 275 296 291
3 275 277 296
3 277 297 296
3 277 282 297
3 291 298 293
3 291 296 298
3 296 299 298
3 296 297 299
3 300 301 302
3 300 303 301
3 303 304 301
3 303 305 304
3 302 306 307
3 302 301 306
3 301 308 306
3 301 304 308
3 300 309 303
3 300 310 309
3 310 311 309
3 310 312 311
3 303 313 305
3 303 309 313
3 309 314 313
3 309 311 314
3 300 315 310
3 300 316 315
3 316 288 315
3 316 280 288
3 310 317 312
3 310 315 317
3 315 289 317
3 315 288 289
3 300 318 316
3 300 302 318
3 302 319 318
3 302 307 319
3 316 279 280
3 316 318 279
3 318 283 279
3 318 319 283
3 320 321 322
3 320 323 321
3 323 298 321
3 323 293 298
3 322 324 325
3 322 321 324
3 321 299 324
3 321 298 299
3 320 326 323
3 320 327 326
3 327 328 326
3 327 329 328
3 323 292 293
3 323 326 292
3 326 295 292
3 326 328 295
3 320 330 327
3 320 331 330
3 331 332 330
3 331 333 332
3 327 334 329
3 327 330 334
3 330 335 334
3 330 332 335
3 320 336 331
3 320 322 336
3 322 337 336
3 322 325 337
3 331 338 333
3 331 336 338
3 336 339 338
3 336 337 339
3 340 341 342
3 340 343 341
3 343 344 341
3 343 345 344
3 342 346 347
3 342 341 346
3 341 348 346
3 341 344 348
3 340 349 343
3 340 350 349
3 350 351 349
3 350 352 351
3 343 353 345
3 343 349 353
3 349 354 353
3 349 351 354
3 340 355 350
3 340 356 355
3 356 313 355
3 356 305 313
3 350 357 352
3 350 355 357
3 355 314 357
3 355 313 314
3 340 358 356
3 340 342 358
3 342 359 358
3 342 347 359
3 356 304 305
3 356 358 304
3 358 308 304
3 358 359 308
3 360 361 362
3 360 363 361
3 363 364 361
3 363 365 364
3 362 366 367
3 362 361 366
3 361 368 366
3 361 364 368
3 360 369 363
3 360 370 369
3 370 371 369
3 370 372 371
3 363 373 365
3 363 369 373
3 369 374 373
3 369 371 374
3 360 375 370
3 360 376 375
3 376 353 375
3 376 345 353
3 370 377 372
3 370 375 377
3 375 354 377
3 375 353 354
3 360 378 376
3 360 362 378
3 362 379 378
3 362 367 379
3 376 344 345
3 376 378 344
3 378 348 344
3 378 379 348
3 380 381 382
3 380 383 381
3 383 384 381
3 383 385 384
3 382 164 165
3 382 381 164
3 381 167 164
3 381 384 167
3 380 386 383
3 380 387 386
3 387 388 386
3 387 389 388
3 383 390 385
3 383 386 390
3 386 391 390
3 386 388 391
3 380 392 387
3 380 393 392
3 393 394 392
3 393 395 394
3 387 396 389
3 387 392 396
3 392 397 396
3 392 394 397
3 380 398 393
3 380 382 398
3 382 169 398
3 382 165 169
3 393 399 395
3 393 398 399
3 398 127 399
3 398 169 127
3 400 401 402
3 400 403 401
3 403 404 401
3 403 405 404
3 402 406 407
3 402 401 406
3 401 408 406
3 401 404 408
3 400 409 403
3 400 410 409
3 410 346 409
3 410 347 346
3 403 411 405
3 403 409 411
3 409 348 411
3 409 346 348
3 400 412 410
3 400 413 412
3 413 414 412
3 413 415 414
3 410 359 347
3 410 412 359
3 412 308 359
3 412 414 308
3 400 416 413
3 400 402 416
3 402 417 416
3 402 407 417
3 413 418 415
3 413 416 418
3 416 419 418
3 416 417 419
3 420 421 422
3 420 423 421
3 423 424 421
3 423 425 424
3 422 184 185
3 422 421 184
3 421 187 184
3 421 424 187
3 420 426 423
3 420 427 426
3 427 428 426
3 427 429 428
3 423 430 425
3 423 426 430
3 426 431 430
3 426 428 431
3 420 432 427
3 420 433 432
3 433 390 432
3 433 385 390
3 427 434 429
3 427 432 434
3 432 391 434
3 432 390 391
3 420 435 433
3 420 422 435
3 422 189 435
3 422 185 189
3 433 384 385
3 433 435 384
3 435 167 384
3 435 189 167
3 436 437 438
3 436 439 437
3 439 440 437
3 439 441 440
3 438 442 443
3 438 437 442
3 437 444 442
3 437 440 444
3 436 445 439
3 436 446 445
3 446 366 445
3 446 367 366
3 439 447 441
3 439 445 447
3 445 368 447
3 445 366 368
3 436 448 446
3 436 449 448
3 449 411 448
3 449 405 411
3 446 379 367
3 446 448 379
3 448 348 379
3 448 411 348
3 436 450 449
3 436 438 450
3 438 451 450
3 438 443 451
3 449 404 405
3 449 450 404
3 450 408 404
3 450 451 408
3 452 453 454
3 452 455 453
3 455 456 453
3 455 457 456
3 454 144 145
3 454 453 144
3 453 109 144
3 453 456 109
3 452 458 455
3 452 459 458
3 459 460 458
3 459 461 460
3 455 462 457
3 455 458 462
3 458 463 462
3 458 460 463
3 452 464 459
3 452 465 464
3 465 466 464
3 465 467 466
3 459 468 461
3 459 464 468
3 464 469 468
3 464 466 469
3 452 470 465
3 452 454 470
3 454 148 470
3 454 145 148
3 465 471 467
3 465 470 471
3 470 149 471
3 470 148 149
3 472 473 474
3 472 475 473
3 475 476 473
3 475 477 476
3 474 478 479
3 474 473 478
3 473 480 478
3 473 476 480
3 472 481 475
3 472 482 481
3 482 324 481
3 482 325 324
3 475 483 477
3 475 481 483
3 481 299 483
3 481 324 299
3 472 484 482
3 472 485 484
3 485 486 484
3 485 487 486
3 482 337 325
3 482 484 337
3 484 339 337
3 484 486 339
3 472 488 485
3 472 474 488
3 474 489 488
3 474 479 489
3 485 490 487
3 485 488 490
3 488 491 490
3 488 489 491
3 492 493 494
3 492 495 493
3 495 496 493
3 495 497 496
3 494 102 103
3 494 493 102
3 493 105 102
3 493 496 105
3 492 498 495
3 492 499 498
3 499 500 498
3 499 501 500
3 495 502 497
3 495 498 502
3 498 503 502
3 498 500 503
3 492 504 499
3 492 505 504
3 505 462 504
3 505 457 462
3 499 506 501
3 499 504 506
3 504 463 506
3 504 462 463
3 492 507 505
3 492 494 507
3 494 108 507
3 494 103 108
3 505 456 457
3 505 507 456
3 507 109 456
3 507 108 109
3 508 509 510
3 508 511 509
3 511 512 509
3 511 513 512
3 510 514 515
3 510 509 514
3 509 516 514
3 509 512 516
3 508 517 511
3 508 518 517
3 518 281 517
3 518 282 281
3 511 519 513
3 511 517 519
3 517 283 519
3 517 281 283
3 508 520 518
3 508 521 520
3 521 483 520
3 521 477 483
3 518 297 282
3 518 520 297
3 520 299 297
3 520 483 299
3 508 522 521
3 508 510 522
3 510 523 522
3 510 515 523
3 521 476 477
3 521 522 476
3 522 480 476
3 522 523 480
3 524 525 526
3 524 527 525
3 527 399 525
3 527 395 399
3 526 124 125
3 526 525 124
3 525 127 124
3 525 399 127
3 524 528 527
3 524 529 528
3 529 530 528
3 529 531 530
3 527 394 395
3 527 528 394
3 528 397 394
3 528 530 397
3 524 532 529
3 524 533 532
3 533 502 532
3 533 497 502
3 529 534 531
3 529 532 534
3 532 503 534
3 532 502 503
3 524 535 533
3 524 526 535
3 526 129 535
3 526 125 129
3 533 496 497
3 533 535 496
3 535 105 496
3 535 129 105
3 536 537 538
3 536 539 537
3 539 418 537
3 539 415 418
3 538 540 541
3 538 537 540
3 537 419 540
3 537 418 419
3 536 542 539
3 536 543 542
3 543 306 542
3 543 307 306
3 539 414 415
3 539 542 414
3 542 308 414
3 542 306 308
3 536 544 543
3 536 545 544
3 545 519 544
3 545 513 519
3 543 319 307
3 543 544 319
3 544 283 319
3 544 519 283
3 536 546 545
3 536 538 546
3 538 547 546
3 538 541 547
3 545 512 513
3 545 546 512
3 546 516 512
3 546 547 516
3 548 549 550
3 548 551 549
3 551 552 549
3 551 553 552
3 550 79 80
3 550 549 79
3 549 82 79
3 549 552 82
3 548 554 551
3 548 555 554
3 555 556 554
3 555 557 556
3 551 558 553
3 551 554 558
3 554 559 558
3 554 556 559
3 548 560 555
3 548 561 560
3 561 562 560
3 561 563 562
3 555 564 557
3 555 560 564
3 560 565 564
3 560 562 565
3 548 566 561
3 548 550 566
3 550 84 566
3 550 80 84
3 561 567 563
3 561 566 567
3 566 62 567
3 566 84 62
3 568 569 570
3 568 571 569
3 571 572 569
3 571 573 572
3 570 574 575
3 570 569 574
3 569 576 574
3 569 572 576
3 568 577 571
3 568 578 577
3 578 261 577
3 578 262 261
3 571 579 573
3 571 577 579
3 577 263 579
3 577 261 263
3 568 580 578
3 568 581 580
3 581 582 580
3 581 583 582
3 578 274 262
3 578 580 274
3 580 243 274
3 580 582 243
3 568 584 581
3 568 570 584
3 570 585 584
3 570 575 585
3 581 586 583
3 581 584 586
3 584 587 586
3 584 585 587
3 588 589 590
3 588 591 589
3 591 567 589
3 591 563 567
3 590 59 60
3 590 589 59
3 589 62 59
3 589 567 62
3 588 592 591
3 588 593 592
3 593 594 592
3 593 595 594
3 591 562 563
3 591 592 562
3 592 565 562
3 592 594 565
3 588 596 593
3 588 597 596
3 597 598 596
3 597 599 598
3 593 600 595
3 593 596 600
3 596 601 600
3 596 598 601
3 588 602 597
3 588 590 602
3 590 64 602
3 590 60 64
3 597 603 599
3 597 602 603
3 602 42 603
3 602 64 42
3 604 605 606
3 604 607 605
3 607 586 605
3 607 583 586
3 606 608 609
3 606 605 608
3 605 587 608
3 605 586 587
3 604 610 607
3 604 611 610
3 611 241 610
3 611 242 241
3 607 582 583
3 607 610 582
3 610 243 582
3 610 241 243
3 604 612 611
3 604 613 612
3 613 614 612
3 613 615 614
3 611 254 242
3 611 612 254
3 612 223 254
3 612 614 223
3 604 616 613
3 604 606 616
3 606 617 616
3 606 609 617
3 613 618 615
3 613 616 618
3 616 619 618
3 616 617 619
3 620 621 622
3 620 623 621
3 623 603 621
3 623 599 603
3 622 39 40
3 622 621 39
3 621 42 39
3 621 603 42
3 620 624 623
3 620 625 624
3 625 626 624
3 625 627 626
3 623 598 599
3 623 624 598
3 624 601 598
3 624 626 601
3 620 628 625
3 620 629 628
3 629 630 628
3 629 631 630
3 625 632 627
3 625 628 632
3 628 633 632
3 628 630 633
3 620 634 629
3 620 622 634
3 622 44 634
3 622 40 44
3 629 635 631
3 629 634 635
3 634 20 635
3 634 44 20
3 636 637 638
3 636 639 637
3 639 618 637
3 639 615 618
3 638 640 641
3 638 637 640
3 637 619 640
3 637 618 619
3 636 642 639
3 636 643 642
3 643 221 642
3 643 222 221
3 639 614 615
3 639 642 614
3 642 223 614
3 642 221 223
3 636 644 643
3 636 645 644
3 645 646 644
3 645 647 646
3 643 234 222
3 643 644 234
3 644 198 234
3 644 646 198
3 636 648 645
3 636 638 648
3 638 649 648
3 638 641 649
3 645 650 647
3 645 648 650
3 648 651 650
3 648 649 651
3 652 653 654
3 652 655 653
3 655 635 653
3 655 631 635
3 654 17 18
3 654 653 17
3 653 20 17
3 653 635 20
3 652 656 655
3 652 657 656
3 657 658 656
3 657 659 658
3 655 630 631
3 655 656 630
3 656 633 630
3 656 658 633
3 652 660 657
3 652 661 660
3 661 662 660
3 661 663 662
3 657 664 659
3 657 660 664
3 660 665 664
3 660 662 665
3 652 666 661
3 652 654 666
3 654 23 666
3 654 18 23
3 661 667 663
3 661 666 667
3 666 24 667
3 666 23 24
3 668 669 670
3 668 671 669
3 671 650 669
3 671 647 650
3 670 672 673
3 670 669 672
3 669 651 672
3 669 650 651
3 668 674 671
3 668 675 674
3 675 196 674
3 675 197 196
3 671 646 647
3 671 674 646
3 674 198 646
3 674 196 198
3 668 676 675
3 668 677 676
3 677 678 676
3 677 679 678
3 675 212 197
3 675 676 212
3 676 214 212
3 676 678 214
3 668 680 677
3 668 670 680
3 670 681 680
3 670 673 681
3 677 682 679
3 677 680 682
3 680 683 682
3 680 681 683
3 684 685 686
3 684 687 685
3 687 688 685
3 687 689 688
3 686 690 691
3 686 685 690
3 685 692 690
3 685 688 692
3 684 693 687
3 684 694 693
3 694 695 693
3 694 696 695
3 687 697 689
3 687 693 697
3 693 698 697
3 693 695 698
3 684 699 694
3 684 700 699
3 700 701 699
3 700 702 701
3 694 703 696
3 694 699 703
3 699 704 703
3 699 701 704
3 684 705 700
3 684 686 705
3 686 706 705
3 686 691 706
3 700 707 702
3 700 705 707
3 705 708 707
3 705 706 708
3 709 710 711
3 709 712 710
3 712 713 710
3 712 714 713
3 711 715 716
3 711 710 715
3 710 717 715
3 710 713 717
3 709 718 712
3 709 719 718
3 719 720 718
3 719 721 720
3 712 722 714
3 712 718 722
3 718 723 722
3 718 720 723
3 709 724 719
3 709 725 724
3 725 726 724
3 725 727 726
3 719 728 721
3 719 724 728
3 724 729 728
3 724 726 729
3 709 730 725
3 709 711 730
3 711 731 730
3 711 716 731
3 725 732 727
3 725 730 732
3 730 733 732
3 730 731 733
3 734 735 736
3 734 737 735
3 737 447 735
3 737 441 447
3 736 738 739
3 736 735 738
3 735 368 738
3 735 447 368
3 734 740 737
3 734 741 740
3 741 742 740
3 741 743 742
3 737 440 441
3 737 740 440
3 740 444 440
3 740 742 444
3 734 744 741
3 734 745 744
3 745 746 744
3 745 747 746
3 741 748 743
3 741 744 748
3 744 749 748
3 744 746 749
3 734 750 745
3 734 736 750
3 736 751 750
3 736 739 751
3 745 752 747
3 745 750 752
3 750 753 752
3 750 751 753
3 754 755 756
3 754 757 755
3 757 430 755
3 757 425 430
3 756 758 759
3 756 755 758
3 755 431 758
3 755 430 431
3 754 760 757
3 754 761 760
3 761 762 760
3 761 763 762
3 757 424 425
3 757 760 424
3 760 187 424
3 760 762 187
3 754 764 761
3 754 765 764
3 765 766 764
3 765 767 766
3 761 768 763
3 761 764 768
3 764 769 768
3 764 766 769
3 754 770 765
3 754 756 770
3 756 771 770
3 756 759 771
3 765 772 767
3 765 770 772
3 770 773 772
3 770 771 773
3 774 775 776
3 774 777 775
3 777 373 775
3 777 365 373
3 776 778 779
3 776 775 778
3 775 374 778
3 775 373 374
3 774 780 777
3 774 781 780
3 781 738 780
3 781 739 738
3 777 364 365
3 777 780 364
3 780 368 364
3 780 738 368
3 774 782 781
3 774 783 782
3 783 784 782
3 783 785 784
3 781 751 739
3 781 782 751
3 782 753 751
3 782 784 753
3 774 786 783
3 774 776 786
3 776 787 786
3 776 779 787
3 783 788 785
3 783 786 788
3 786 789 788
3 786 787 789
3 790 791 792
3 790 793 791
3 793 186 791
3 793 179 186
3 792 762 763
3 792 791 762
3 791 187 762
3 791 186 187
3 790 794 793
3 790 795 794
3 795 796 794
3 795 797 796
3 793 178 179
3 793 794 178
3 794 181 178
3 794 796 181
3 790 798 795
3 790 799 798
3 799 800 798
3 799 801 800
3 795 802 797
3 795 798 802
3 798 803 802
3 798 800 803
3 790 804 799
3 790 792 804
3 792 768 804
3 792 763 768
3 799 805 801
3 799 804 805
3 804 769 805
3 804 768 769
3 806 807 808
3 806 809 807
3 809 805 807
3 809 801 805
3 808 810 811
3 808 807 810
3 807 769 810
3 807 805 769
3 806 812 809
3 806 813 812
3 813 814 812
3 813 815 814
3 809 800 801
3 809 812 800
3 812 803 800
3 812 814 803
3 806 816 813
3 806 817 816
3 817 818 816
3 817 819 818
3 813 820 815
3 813 816 820
3 816 821 820
3 816 818 821
3 806 822 817
3 806 808 822
3 808 823 822
3 808 811 823
3 817 824 819
3 817 822 824
3 822 825 824
3 822 823 825
3 826 827 828
3 826 829 827
3 829 788 827
3 829 785 788
3 828 830 831
3 828 827 830
3 827 789 830
3 827 788 789
3 826 832 829
3 826 833 832
3 833 834 832
3 833 835 834
3 829 784 785
3 829 832 784
3 832 753 784
3 832 834 753
3 826 836 833
3 826 837 836
3 837 838 836
3 837 839 838
3 833 840 835
3 833 836 840
3 836 841 840
3 836 838 841
3 826 842 837
3 826 828 842
3 828 843 842
3 828 831 843
3 837 844 839
3 837 842 844
3 842 845 844
3 842 843 845
3 846 847 848
3 846 849 847
3 849 772 847
3 849 767 772
3 848 850 851
3 848 847 850
3 847 773 850
3 847 772 773
3 846 852 849
3 846 853 852
3 853 810 852
3 853 811 810
3 849 766 767
3 849 852 766
3 852 769 766
3 852 810 769
3 846 854 853
3 846 855 854
3 855 856 854
3 855 857 856
3 853 823 811
3 853 854 823
3 854 825 823
3 854 856 825
3 846 858 855
3 846 848 858
3 848 859 858
3 848 851 859
3 855 860 857
3 855 858 860
3 858 861 860
3 858 859 861
3 862 863 864
3 862 865 863
3 865 752 863
3 865 747 752
3 864 834 835
3 864 863 834
3 863 753 834
3 863 752 753
3 862 866 865
3 862 867 866
3 867 868 866
3 867 869 868
3 865 746 747
3 865 866 746
3 866 749 746
3 866 868 749
3 862 870 867
3 862 871 870
3 871 872 870
3 871 873 872
3 867 874 869
3 867 870 874
3 870 875 874
3 870 872 875
3 862 876 871
3 862 864 876
3 864 840 876
3 864 835 840
3 871 877 873
3 871 876 877
3 876 841 877
3 876 840 841
3 878 879 880
3 878 881 879
3 881 882 879
3 881 883 882
3 880 818 819
3 880 879 818
3 879 821 818
3 879 882 821
3 878 884 881
3 878 885 884
3 885 886 884
3 885 887 886
3 881 888 883
3 881 884 888
3 884 889 888
3 884 886 889
3 878 890 885
3 878 891 890
3 891 860 890
3 891 857 860
3 885 892 887
3 885 890 892
3 890 861 892
3 890 860 861
3 878 893 891
3 878 880 893
3 880 824 893
3 880 819 824
3 891 856 857
3 891 893 856
3 893 825 856
3 893 824 825
3 894 895 896
3 894 897 895
3 897 898 895
3 897 899 898
3 896 900 901
3 896 895 900
3 895 902 900
3 895 898 902
3 894 903 897
3 894 904 903
3 904 844 903
3 904 839 844
3 897 905 899
3 897 903 905
3 903 845 905
3 903 844 845
3 894 906 904
3 894 907 906
3 907 877 906
3 907 873 877
3 904 838 839
3 904 906 838
3 906 841 838
3 906 877 841
3 894 908 907
3 894 896 908
3 896 909 908
3 896 901 909
3 907 872 873
3 907 908 872
3 908 875 872
3 908 909 875
3 910 911 912
3 910 913 911
3 913 914 911
3 913 915 914
3 912 22 7
3 912 911 22
3 911 24 22
3 911 914 24
3 910 916 913
3 910 917 916
3 917 918 916
3 917 919 918
3 913 920 915
3 913 916 920
3 916 921 920
3 916 918 921
3 910 922 917
3 910 923 922
3 923 924 922
3 923 925 924
3 917 926 919
3 917 922 926
3 922 927 926
3 922 924 927
3 910 928 923
3 910 912 928
3 912 6 928
3 912 7 6
3 923 929 925
3 923 928 929
3 928 8 929
3 928 6 8
3 930 931 932
3 930 933 931
3 933 934 931
3 933 935 934
3 932 918 919
3 932 931 918
3 931 921 918
3 931 934 921
3 930 936 933
3 930 937 936
3 937 690 936
3 937 691 690
3 933 938 935
3 933 936 938
3 936 692 938
3 936 690 692
3 930 939 937
3 930 940 939
3 940 941 939
3 940 942 941
3 937 706 691
3 937 939 706
3 939 708 706
3 939 941 708
3 930 943 940
3 930 932 943
3 932 926 943
3 932 919 926
3 940 944 942
3 940 943 944
3 943 927 944
3 943 926 927
3 945 946 947
3 945 948 946
3 948 949 946
3 948 950 949
3 947 207 208
3 947 946 207
3 946 210 207
3 946 949 210
3 945 951 948
3 945 952 951
3 952 953 951
3 952 954 953
3 948 955 950
3 948 951 955
3 951 956 955
3 951 953 956
3 945 957 952
3 945 958 957
3 958 959 957
3 958 960 959
3 952 961 954
3 952 957 961
3 957 962 961
3 957 959 962
3 945 963 958
3 945 947 963
3 947 213 963
3 947 208 213
3 958 964 960
3 958 963 964
3 963 214 964
3 963 213 214
3 965 966 967
3 965 968 966
3 968 969 966
3 968 970 969
3 967 953 954
3 967 966 953
3 966 956 953
3 966 969 956
3 965 971 968
3 965 972 971
3 972 728 971
3 972 721 728
3 968 973 970
3 968 971 973
3 971 729 973
3 971 728 729
3 965 974 972
3 965 975 974
3 975 976 974
3 975 977 976
3 972 720 721
3 972 974 720
3 974 723 720
3 974 976 723
3 965 978 975
3 965 967 978
3 967 961 978
3 967 954 961
3 975 979 977
3 975 978 979
3 978 962 979
3 978 961 962
3 980 981 982
3 980 983 981
3 983 938 981
3 983 935 938
3 982 688 689
3 982 981 688
3 981 692 688
3 981 938 692
3 980 984 983
3 980 985 984
3 985 986 984
3 985 987 986
3 983 934 935
3 983 984 934
3 984 921 934
3 984 986 921
3 980 988 985
3 980 989 988
3 989 990 988
3 989 991 990
3 985 992 987
3 985 988 992
3 988 993 992
3 988 990 993
3 980 994 989
3 980 982 994
3 982 697 994
3 982 689 697
3 989 995 991
3 989 994 995
3 994 698 995
3 994 697 698
3 996 997 998
3 996 999 997
3 999 920 997
3 999 915 920
3 998 986 987
3 998 997 986
3 997 921 986
3 997 920 921
3 996 1000 999
3 996 1001 1000
3 1001 667 1000
3 1001 663 667
3 999 914 915
3 999 1000 914
3 1000 24 914
3 1000 667 24
3 996 1002 1001
3 996 1003 1002
3 1003 1004 1002
3 1003 1005 1004
3 1001 662 663
3 1001 1002 662
3 1002 665 662
3 1002 1004 665
3 996 1006 1003
3 996 998 1006
3 998 992 1006
3 998 987 992
3 1003 1007 1005
3 1003 1006 1007
3 1006 993 1007
3 1006 992 993
3 1008 1009 1010
3 1008 1011 1009
3 1011 964 1009
3 1011 960 964
3 1010 678 679
3 1010 1009 678
3 1009 214 678
3 1009 964 214
3 1008 1012 1011
3 1008 1013 1012
3 1013 1014 1012
3 1013 1015 1014
3 1011 959 960
3 1011 1012 959
3 1012 962 959
3 1012 1014 962
3 1008 1016 1013
3 1008 1017 1016
3 1017 1018 1016
3 1017 1019 1018
3 1013 1020 1015
3 1013 1016 1020
3 1016 1021 1020
3 1016 1018 1021
3 1008 1022 1017
3 1008 1010 1022
3 1010 682 1022
3 1010 679 682
3 1017 1023 1019
3 1017 1022 1023
3 1022 683 1023
3 1022 682 683
3 1024 1025 1026
3 1024 1027 1025
3 1027 979 1025
3 1027 977 979
3 1026 1014 1015
3 1026 1025 1014
3 1025 962 1014
3 1025 979 962
3 1024 1028 1027
3 1024 1029 1028
3 1029 722 1028
3 1029 714 722
3 1027 976 977
3 1027 1028 976
3 1028 723 976
3 1028 722 723
3 1024 1030 1029
3 1024 1031 1030
3 1031 1032 1030
3 1031 1033 1032
3 1029 713 714
3 1029 1030 713
3 1030 717 713
3 1030 1032 717
3 1024 1034 1031
3 1024 1026 1034
3 1026 1020 1034
3 1026 1015 1020
3 1031 1035 1033
3 1031 1034 1035
3 1034 1021 1035
3 1034 1020 1021
3 1036 1037 1038
3 1036 1039 1037
3 1039 1040 1037
3 1039 1041 1040
3 1038 388 389
3 1038 1037 388
3 1037 391 388
3 1037 1040 391
3 1036 1042 1039
3 1036 1043 1042
3 1043 1044 1042
3 1043 1045 1044
3 1039 1046 1041
3 1039 1042 1046
3 1042 1047 1046
3 1042 1044 1047
3 1036 1048 1043
3 1036 1049 1048
3 1049 1050 1048
3 1049 1051 1050
3 1043 1052 1045
3 1043 1048 1052
3 1048 1053 1052
3 1048 1050 1053
3 1036 1054 1049
3 1036 1038 1054
3 1038 396 1054
3 1038 389 396
3 1049 1055 1051
3 1049 1054 1055
3 1054 397 1055
3 1054 396 397
3 1056 1057 1058
3 1056 1059 1057
3 1059 1060 1057
3 1059 1061 1060
3 1058 1044 1045
3 1058 1057 1044
3 1057 1047 1044
3 1057 1060 1047
3 1056 1062 1059
3 1056 1063 1062
3 1063 1064 1062
3 1063 1065 1064
3 1059 1066 1061
3 1059 1062 1066
3 1062 1067 1066
3 1062 1064 1067
3 1056 1068 1063
3 1056 1069 1068
3 1069 1070 1068
3 1069 1071 1070
3 1063 1072 1065
3 1063 1068 1072
3 1068 1073 1072
3 1068 1070 1073
3 1056 1074 1069
3 1056 1058 1074
3 1058 1052 1074
3 1058 1045 1052
3 1069 1075 1071
3 1069 1074 1075
3 1074 1053 1075
3 1074 1052 1053
3 1076 1077 1078
3 1076 1079 1077
3 1079 1080 1077
3 1079 1081 1080
3 1078 1064 1065
3 1078 1077 1064
3 1077 1067 1064
3 1077 1080 1067
3 1076 1082 1079
3 1076 1083 1082
3 1083 406 1082
3 1083 407 406
3 1079 1084 1081
3 1079 1082 1084
3 1082 408 1084
3 1082 406 408
3 1076 1085 1083
3 1076 1086 1085
3 1086 1087 1085
3 1086 1088 1087
3 1083 417 407
3 1083 1085 417
3 1085 419 417
3 1085 1087 419
3 1076 1089 1086
3 1076 1078 1089
3 1078 1072 1089
3 1078 1065 1072
3 1086 1090 1088
3 1086 1089 1090
3 1089 1073 1090
3 1089 1072 1073
3 1091 1092 1093
3 1091 1094 1092
3 1094 1095 1092
3 1094 1096 1095
3 1093 428 429
3 1093 1092 428
3 1092 431 428
3 1092 1095 431
3 1091 1097 1094
3 1091 1098 1097
3 1098 1099 1097
3 1098 1100 1099
3 1094 1101 1096
3 1094 1097 1101
3 1097 1102 1101
3 1097 1099 1102
3 1091 1103 1098
3 1091 1104 1103
3 1104 1046 1103
3 1104 1041 1046
3 1098 1105 1100
3 1098 1103 1105
3 1103 1047 1105
3 1103 1046 1047
3 1091 1106 1104
3 1091 1093 1106
3 1093 434 1106
3 1093 429 434
3 1104 1040 1041
3 1104 1106 1040
3 1106 391 1040
3 1106 434 391
3 1107 1108 1109
3 1107 1110 1108
3 1110 1111 1108
3 1110 1112 1111
3 1109 1099 1100
3 1109 1108 1099
3 1108 1102 1099
3 1108 1111 1102
3 1107 1113 1110
3 1107 1114 1113
3 1114 1115 1113
3 1114 1116 1115
3 1110 1117 1112
3 1110 1113 1117
3 1113 1118 1117
3 1113 1115 1118
3 1107 1119 1114
3 1107 1120 1119
3 1120 1066 1119
3 1120 1061 1066
3 1114 1121 1116
3 1114 1119 1121
3 1119 1067 1121
3 1119 1066 1067
3 1107 1122 1120
3 1107 1109 1122
3 1109 1105 1122
3 1109 1100 1105
3 1120 1060 1061
3 1120 1122 1060
3 1122 1047 1060
3 1122 1105 1047
3 1123 1124 1125
3 1123 1126 1124
3 1126 1127 1124
3 1126 1128 1127
3 1125 1115 1116
3 1125 1124 1115
3 1124 1118 1115
3 1124 1127 1118
3 1123 1129 1126
3 1123 1130 1129
3 1130 442 1129
3 1130 443 442
3 1126 1131 1128
3 1126 1129 1131
3 1129 444 1131
3 1129 442 444
3 1123 1132 1130
3 1123 1133 1132
3 1133 1084 1132
3 1133 1081 1084
3 1130 451 443
3 1130 1132 451
3 1132 408 451
3 1132 1084 408
3 1123 1134 1133
3 1123 1125 1134
3 1125 1121 1134
3 1125 1116 1121
3 1133 1080 1081
3 1133 1134 1080
3 1134 1067 1080
3 1134 1121 1067
3 1135 1136 1137
3 1135 1138 1136
3 1138 1139 1136
3 1138 1140 1139
3 1137 460 461
3 1137 1136 460
3 1136 463 460
3 1136 1139 463
3 1135 1141 1138
3 1135 1142 1141
3 1142 1143 1141
3 1142 1144 1143
3 1138 1145 1140
3 1138 1141 1145
3 1141 1146 1145
3 1141 1143 1146
3 1135 1147 1142
3 1135 1148 1147
3 1148 1149 1147
3 1148 1150 1149
3 1142 1151 1144
3 1142 1147 1151
3 1147 1152 1151
3 1147 1149 1152
3 1135 1153 1148
3 1135 1137 1153
3 1137 468 1153
3 1137 461 468
3 1148 1154 1150
3 1148 1153 1154
3 1153 469 1154
3 1153 468 469
3 1155 1156 1157
3 1155 1158 1156
3 1158 1159 1156
3 1158 1160 1159
3 1157 1143 1144
3 1157 1156 1143
3 1156 1146 1143
3 1156 1159 1146
3 1155 1161 1158
3 1155 1162 1161
3 1162 1163 1161
3 1162 1164 1163
3 1158 1165 1160
3 1158 1161 1165
3 1161 1166 1165
3 1161 1163 1166
3 1155 1167 1162
3 1155 1168 1167
3 1168 1169 1167
3 1168 1170 1169
3 1162 1171 1164
3 1162 1167 1171
3 1167 1172 1171
3 1167 1169 1172
3 1155 1173 1168
3 1155 1157 1173
3 1157 1151 1173
3 1157 1144 1151
3 1168 1174 1170
3 1168 1173 1174
3 1173 1152 1174
3 1173 1151 1152
3 1175 1176 1177
3 1175 1178 1176
3 1178 1179 1176
3 1178 1180 1179
3 1177 1163 1164
3 1177 1176 1163
3 1176 1166 1163
3 1176 1179 1166
3 1175 1181 1178
3 1175 1182 1181
3 1182 478 1181
3 1182 479 478
3 1178 1183 1180
3 1178 1181 1183
3 1181 480 1183
3 1181 478 480
3 1175 1184 1182
3 1175 1185 1184
3 1185 1186 1184
3 1185 1187 1186
3 1182 489 479
3 1182 1184 489
3 1184 491 489
3 1184 1186 491
3 1175 1188 1185
3 1175 1177 1188
3 1177 1171 1188
3 1177 1164 1171
3 1185 1189 1187
3 1185 1188 1189
3 1188 1172 1189
3 1188 1171 1172
3 1190 1191 1192
3 1190 1193 1191
3 1193 1194 1191
3 1193 1195 1194
3 1192 500 501
3 1192 1191 500
3 1191 503 500
3 1191 1194 503
3 1190 1196 1193
3 1190 1197 1196
3 1197 1198 1196
3 1197 1199 1198
3 1193 1200 1195
3 1193 1196 1200
3 1196 1201 1200
3 1196 1198 1201
3 1190 1202 1197
3 1190 1203 1202
3 1203 1145 1202
3 1203 1140 1145
3 1197 1204 1199
3 1197 1202 1204
3 1202 1146 1204
3 1202 1145 1146
3 1190 1205 1203
3 1190 1192 1205
3 1192 506 1205
3 1192 501 506
3 1203 1139 1140
3 1203 1205 1139
3 1205 463 1139
3 1205 506 463
3 1206 1207 1208
3 1206 1209 1207
3 1209 1210 1207
3 1209 1211 1210
3 1208 1198 1199
3 1208 1207 1198
3 1207 1201 1198
3 1207 1210 1201
3 1206 1212 1209
3 1206 1213 1212
3 1213 1214 1212
3 1213 1215 1214
3 1209 1216 1211
3 1209 1212 1216
3 1212 1217 1216
3 1212 1214 1217
3 1206 1218 1213
3 1206 1219 1218
3 1219 1165 1218
3 1219 1160 1165
3 1213 1220 1215
3 1213 1218 1220
3 1218 1166 1220
3 1218 1165 1166
3 1206 1221 1219
3 1206 1208 1221
3 1208 1204 1221
3 1208 1199 1204
3 1219 1159 1160
3 1219 1221 1159
3 1221 1146 1159
3 1221 1204 1146
3 1222 1223 1224
3 1222 1225 1223
3 1225 1226 1223
3 1225 1227 1226
3 1224 1214 1215
3 1224 1223 1214
3 1223 1217 1214
3 1223 1226 1217
3 1222 1228 1225
3 1222 1229 1228
3 1229 514 1228
3 1229 515 514
3 1225 1230 1227
3 1225 1228 1230
3 1228 516 1230
3 1228 514 516
3 1222 1231 1229
3 1222 1232 1231
3 1232 1183 1231
3 1232 1180 1183
3 1229 523 515
3 1229 1231 523
3 1231 480 523
3 1231 1183 480
3 1222 1233 1232
3 1222 1224 1233
3 1224 1220 1233
3 1224 1215 1220
3 1232 1179 1180
3 1232 1233 1179
3 1233 1166 1179
3 1233 1220 1166
3 1234 1235 1236
3 1234 1237 1235
3 1237 1055 1235
3 1237 1051 1055
3 1236 530 531
3 1236 1235 530
3 1235 397 530
3 1235 1055 397
3 1234 1238 1237
3 1234 1239 1238
3 1239 1240 1238
3 1239 1241 1240
3 1237 1050 1051
3 1237 1238 1050
3 1238 1053 1050
3 1238 1240 1053
3 1234 1242 1239
3 1234 1243 1242
3 1243 1200 1242
3 1243 1195 1200
3 1239 1244 1241
3 1239 1242 1244
3 1242 1201 1244
3 1242 1200 1201
3 1234 1245 1243
3 1234 1236 1245
3 1236 534 1245
3 1236 531 534
3 1243 1194 1195
3 1243 1245 1194
3 1245 503 1194
3 1245 534 503
3 1246 1247 1248
3 1246 1249 1247
3 1249 1075 1247
3 1249 1071 1075
3 1248 1240 1241
3 1248 1247 1240
3 1247 1053 1240
3 1247 1075 1053
3 1246 1250 1249
3 1246 1251 1250
3 1251 1252 1250
3 1251 1253 1252
3 1249 1070 1071
3 1249 1250 1070
3 1250 1073 1070
3 1250 1252 1073
3 1246 1254 1251
3 1246 1255 1254
3 1255 1216 1254
3 1255 1211 1216
3 1251 1256 1253
3 1251 1254 1256
3 1254 1217 1256
3 1254 1216 1217
3 1246 1257 1255
3 1246 1248 1257
3 1248 1244 1257
3 1248 1241 1244
3 1255 1210 1211
3 1255 1257 1210
3 1257 1201 1210
3 1257 1244 1201
3 1258 1259 1260
3 1258 1261 1259
3 1261 1090 1259
3 1261 1088 1090
3 1260 1252 1253
3 1260 1259 1252
3 1259 1073 1252
3 1259 1090 1073
3 1258 1262 1261
3 1258 1263 1262
3 1263 540 1262
3 1263 541 540
3 1261 1087 1088
3 1261 1262 1087
3 1262 419 1087
3 1262 540 419
3 1258 1264 1263
3 1258 1265 1264
3 1265 1230 1264
3 1265 1227 1230
3 1263 547 541
3 1263 1264 547
3 1264 516 547
3 1264 1230 516
3 1258 1266 1265
3 1258 1260 1266
3 1260 1256 1266
3 1260 1253 1256
3 1265 1226 1227
3 1265 1266 1226
3 1266 1217 1226
3 1266 1256 1217
3 1267 1268 1269
3 1267 1270 1268
3 1270 1271 1268
3 1270 1272 1271
3 1269 556 557
3 1269 1268 556
3 1268 559 556
3 1268 1271 559
3 1267 1273 1270
3 1267 1274 1273
3 1274 1275 1273
3 1274 1276 1275
3 1270 1277 1272
3 1270 1273 1277
3 1273 1278 1277
3 1273 1275 1278
3 1267 1279 1274
3 1267 1280 1279
3 1280 1281 1279
3 1280 1282 1281
3 1274 1283 1276
3 1274 1279 1283
3 1279 1284 1283
3 1279 1281 1284
3 1267 1285 1280
3 1267 1269 1285
3 1269 564 1285
3 1269 557 564
3 1280 1286 1282
3 1280 1285 1286
3 1285 565 1286
3 1285 564 565
3 1287 1288 1289
3 1287 1290 1288
3 1290 1291 1288
3 1290 1292 1291
3 1289 1275 1276
3 1289 1288 1275
3 1288 1278 1275
3 1288 1291 1278
3 1287 1293 1290
3 1287 1294 1293
3 1294 1295 1293
3 1294 1296 1295
3 1290 1297 1292
3 1290 1293 1297
3 1293 1298 1297
3 1293 1295 1298
3 1287 1299 1294
3 1287 1300 1299
3 1300 1301 1299
3 1300 1302 1301
3 1294 1303 1296
3 1294 1299 1303
3 1299 1304 1303
3 1299 1301 1304
3 1287 1305 1300
3 1287 1289 1305
3 1289 1283 1305
3 1289 1276 1283
3 1300 1306 1302
3 1300 1305 1306
3 1305 1284 1306
3 1305 1283 1284
3 1307 1308 1309
3 1307 1310 1308
3 1310 1311 1308
3 1310 1312 1311
3 1309 1295 1296
3 1309 1308 1295
3 1308 1298 1295
3 1308 1311 1298
3 1307 1313 1310
3 1307 1314 1313
3 1314 574 1313
3 1314 575 574
3 1310 1315 1312
3 1310 1313 1315
3 1313 576 1315
3 1313 574 576
3 1307 1316 1314
3 1307 1317 1316
3 1317 1318 1316
3 1317 1319 1318
3 1314 585 575
3 1314 1316 585
3 1316 587 585
3 1316 1318 587
3 1307 1320 1317
3 1307 1309 1320
3 1309 1303 1320
3 1309 1296 1303
3 1317 1321 1319
3 1317 1320 1321
3 1320 1304 1321
3 1320 1303 1304
3 1322 1323 1324
3 1322 1325 1323
3 1325 1286 1323
3 1325 1282 1286
3 1324 594 595
3 1324 1323 594
3 1323 565 594
3 1323 1286 565
3 1322 1326 1325
3 1322 1327 1326
3 1327 1328 1326
3 1327 1329 1328
3 1325 1281 1282
3 1325 1326 1281
3 1326 1284 1281
3 1326 1328 1284
3 1322 1330 1327
3 1322 1331 1330
3 1331 1332 1330
3 1331 1333 1332
3 1327 1334 1329
3 1327 1330 1334
3 1330 1335 1334
3 1330 1332 1335
3 1322 1336 1331
3 1322 1324 1336
3 1324 600 1336
3 1324 595 600
3 1331 1337 1333
3 1331 1336 1337
3 1336 601 1337
3 1336 600 601
3 1338 1339 1340
3 1338 1341 1339
3 1341 1306 1339
3 1341 1302 1306
3 1340 1328 1329
3 1340 1339 1328
3 1339 1284 1328
3 1339 1306 1284
3 1338 1342 1341
3 1338 1343 1342
3 1343 1344 1342
3 1343 1345 1344
3 1341 1301 1302
3 1341 1342 1301
3 1342 1304 1301
3 1342 1344 1304
3 1338 1346 1343
3 1338 1347 1346
3 1347 1348 1346
3 1347 1349 1348
3 1343 1350 1345
3 1343 1346 1350
3 1346 1351 1350
3 1346 1348 1351
3 1338 1352 1347
3 1338 1340 1352
3 1340 1334 1352
3 1340 1329 1334
3 1347 1353 1349
3 1347 1352 1353
3 1352 1335 1353
3 1352 1334 1335
3 1354 1355 1356
3 1354 1357 1355
3 1357 1321 1355
3 1357 1319 1321
3 1356 1344 1345
3 1356 1355 1344
3 1355 1304 1344
3 1355 1321 1304
3 1354 1358 1357
3 1354 1359 1358
3 1359 608 1358
3 1359 609 608
3 1357 1318 1319
3 1357 1358 1318
3 1358 587 1318
3 1358 608 587
3 1354 1360 1359
3 1354 1361 1360
3 1361 1362 1360
3 1361 1363 1362
3 1359 617 609
3 1359 1360 617
3 1360 619 617
3 1360 1362 619
3 1354 1364 1361
3 1354 1356 1364
3 1356 1350 1364
3 1356 1345 1350
3 1361 1365 1363
3 1361 1364 1365
3 1364 1351 1365
3 1364 1350 1351
3 1366 1367 1368
3 1366 1369 1367
3 1369 1337 1367
3 1369 1333 1337
3 1368 626 627
3 1368 1367 626
3 1367 601 626
3 1367 1337 601
3 1366 1370 1369
3 1366 1371 1370
3 1371 1372 1370
3 1371 1373 1372
3 1369 1332 1333
3 1369 1370 1332
3 1370 1335 1332
3 1370 1372 1335
3 1366 1374 1371
3 1366 1375 1374
3 1375 1376 1374
3 1375 1377 1376
3 1371 1378 1373
3 1371 1374 1378
3 1374 1379 1378
3 1374 1376 1379
3 1366 1380 1375
3 1366 1368 1380
3 1368 632 1380
3 1368 627 632
3 1375 1381 1377
3 1375 1380 1381
3 1380 633 1381
3 1380 632 633
3 1382 1383 1384
3 1382 1385 1383
3 1385 1353 1383
3 1385 1349 1353
3 1384 1372 1373
3 1384 1383 1372
3 1383 1335 1372
3 1383 1353 1335
3 1382 1386 1385
3 1382 1387 1386
3 1387 1388 1386
3 1387 1389 1388
3 1385 1348 1349
3 1385 1386 1348
3 1386 1351 1348
3 1386 1388 1351
3 1382 1390 1387
3 1382 1391 1390
3 1391 1392 1390
3 1391 1393 1392
3 1387 1394 1389
3 1387 1390 1394
3 1390 1395 1394
3 1390 1392 1395
3 1382 1396 1391
3 1382 1384 1396
3 1384 1378 1396
3 1384 1373 1378
3 1391 1397 1393
3 1391 1396 1397
3 1396 1379 1397
3 1396 1378 1379
3 1398 1399 1400
3 1398 1401 1399
3 1401 1365 1399
3 1401 1363 1365
3 1400 1388 1389
3 1400 1399 1388
3 1399 1351 1388
3 1399 1365 1351
3 1398 1402 1401
3 1398 1403 1402
3 1403 640 1402
3 1403 641 640
3 1401 1362 1363
3 1401 1402 1362
3 1402 619 1362
3 1402 640 619
3 1398 1404 1403
3 1398 1405 1404
3 1405 1406 1404
3 1405 1407 1406
3 1403 649 641
3 1403 1404 649
3 1404 651 649
3 1404 1406 651
3 1398 1408 1405
3 1398 1400 1408
3 1400 1394 1408
3 1400 1389 1394
3 1405 1409 1407
3 1405 1408 1409
3 1408 1395 1409
3 1408 1394 1395
3 1410 1411 1412
3 1410 1413 1411
3 1413 1381 1411
3 1413 1377 1381
3 1412 658 659
3 1412 1411 658
3 1411 633 658
3 1411 1381 633
3 1410 1414 1413
3 1410 1415 1414
3 1415 1416 1414
3 1415 1417 1416
3 1413 1376 1377
3 1413 1414 1376
3 1414 1379 1376
3 1414 1416 1379
3 1410 1418 1415
3 1410 1419 1418
3 1419 1420 1418
3 1419 1421 1420
3 1415 1422 1417
3 1415 1418 1422
3 1418 1423 1422
3 1418 1420 1423
3 1410 1424 1419
3 1410 1412 1424
3 1412 664 1424
3 1412 659 664
3 1419 1425 1421
3 1419 1424 1425
3 1424 665 1425
3 1424 664 665
3 1426 1427 1428
3 1426 1429 1427
3 1429 1397 1427
3 1429 1393 1397
3 1428 1416 1417
3 1428 1427 1416
3 1427 1379 1416
3 1427 1397 1379
3 1426 1430 1429
3 1426 1431 1430
3 1431 1432 1430
3 1431 1433 1432
3 1429 1392 1393
3 1429 1430 1392
3 1430 1395 1392
3 1430 1432 1395
3 1426 1434 1431
3 1426 1435 1434
3 1435 1436 1434
3 1435 1437 1436
3 1431 1438 1433
3 1431 1434 1438
3 1434 1439 1438
3 1434 1436 1439
3 1426 1440 1435
3 1426 1428 1440
3 1428 1422 1440
3 1428 1417 1422
3 1435 1441 1437
3 1435 1440 1441
3 1440 1423 1441
3 1440 1422 1423
3 1442 1443 1444
3 1442 1445 1443
3 1445 1409 1443
3 1445 1407 1409
3 1444 1432 1433
3 1444 1443 1432
3 1443 1395 1432
3 1443 1409 1395
3 1442 1446 1445
3 1442 1447 1446
3 1447 672 1446
3 1447 673 672
3 1445 1406 1407
3 1445 1446 1406
3 1446 651 1406
3 1446 672 651
3 1442 1448 1447
3 1442 1449 1448
3 1449 1450 1448
3 1449 1451 1450
3 1447 681 673
3 1447 1448 681
3 1448 683 681
3 1448 1450 683
3 1442 1452 1449
3 1442 1444 1452
3 1444 1438 1452
3 1444 1433 1438
3 1449 1453 1451
3 1449 1452 1453
3 1452 1439 1453
3 1452 1438 1439
3 1454 1455 1456
3 1454 1457 1455
3 1457 1131 1455
3 1457 1128 1131
3 1456 742 743
3 1456 1455 742
3 1455 444 742
3 1455 1131 444
3 1454 1458 1457
3 1454 1459 1458
3 1459 1460 1458
3 1459 1461 1460
3 1457 1127 1128
3 1457 1458 1127
3 1458 1118 1127
3 1458 1460 1118
3 1454 1462 1459
3 1454 1463 1462
3 1463 1464 1462
3 1463 1465 1464
3 1459 1466 1461
3 1459 1462 1466
3 1462 1467 1466
3 1462 1464 1467
3 1454 1468 1463
3 1454 1456 1468
3 1456 748 1468
3 1456 743 748
3 1463 1469 1465
3 1463 1468 1469
3 1468 749 1469
3 1468 748 749
3 1470 1471 1472
3 1470 1473 1471
3 1473 1117 1471
3 1473 1112 1117
3 1472 1460 1461
3 1472 1471 1460
3 1471 1118 1460
3 1471 1117 1118
3 1470 1474 1473
3 1470 1475 1474
3 1475 1476 1474
3 1475 1477 1476
3 1473 1111 1112
3 1473 1474 1111
3 1474 1102 1111
3 1474 1476 1102
3 1470 1478 1475
3 1470 1479 1478
3 1479 1480 1478
3 1479 1481 1480
3 1475 1482 1477
3 1475 1478 1482
3 1478 1483 1482
3 1478 1480 1483
3 1470 1484 1479
3 1470 1472 1484
3 1472 1466 1484
3 1472 1461 1466
3 1479 1485 1481
3 1479 1484 1485
3 1484 1467 1485
3 1484 1466 1467
3 1486 1487 1488
3 1486 1489 1487
3 1489 1101 1487
3 1489 1096 1101
3 1488 1476 1477
3 1488 1487 1476
3 1487 1102 1476
3 1487 1101 1102
3 1486 1490 1489
3 1486 1491 1490
3 1491 758 1490
3 1491 759 758
3 1489 1095 1096
3 1489 1490 1095
3 1490 431 1095
3 1490 758 431
3 1486 1492 1491
3 1486 1493 1492
3 1493 1494 1492
3 1493 1495 1494
3 1491 771 759
3 1491 1492 771
3 1492 773 771
3 1492 1494 773
3 1486 1496 1493
3 1486 1488 1496
3 1488 1482 1496
3 1488 1477 1482
3 1493 1497 1495
3 1493 1496 1497
3 1496 1483 1497
3 1496 1482 1483
3 1498 1499 1500
3 1498 1501 1499
3 1501 1469 1499
3 1501 1465 1469
3 1500 868 869
3 1500 1499 868
3 1499 749 868
3 1499 1469 749
3 1498 1502 1501
3 1498 1503 1502
3 1503 1504 1502
3 1503 1505 1504
3 1501 1464 1465
3 1501 1502 1464
3 1502 1467 1464
3 1502 1504 1467
3 1498 1506 1503
3 1498 1507 1506
3 1507 1508 1506
3 1507 1509 1508
3 1503 1510 1505
3 1503 1506 1510
3 1506 1511 1510
3 1506 1508 1511
3 1498 1512 1507
3 1498 1500 1512
3 1500 874 1512
3 1500 869 874
3 1507 1513 1509
3 1507 1512 1513
3 1512 875 1513
3 1512 874 875
3 1514 1515 1516
3 1514 1517 1515
3 1517 1485 1515
3 1517 1481 1485
3 1516 1504 1505
3 1516 1515 1504
3 1515 1467 1504
3 1515 1485 1467
3 1514 1518 1517
3 1514 1519 1518
3 1519 1520 1518
3 1519 1521 1520
3 1517 1480 1481
3 1517 1518 1480
3 1518 1483 1480
3 1518 1520 1483
3 1514 1522 1519
3 1514 1523 1522
3 1523 1524 1522
3 1523 1525 1524
3 1519 1526 1521
3 1519 1522 1526
3 1522 1527 1526
3 1522 1524 1527
3 1514 1528 1523
3 1514 1516 1528
3 1516 1510 1528
3 1516 1505 1510
3 1523 1529 1525
3 1523 1528 1529
3 1528 1511 1529
3 1528 1510 1511
3 1530 1531 1532
3 1530 1533 1531
3 1533 1497 1531
3 1533 1495 1497
3 1532 1520 1521
3 1532 1531 1520
3 1531 1483 1520
3 1531 1497 1483
3 1530 1534 1533
3 1530 1535 1534
3 1535 850 1534
3 1535 851 850
3 1533 1494 1495
3 1533 1534 1494
3 1534 773 1494
3 1534 850 773
3 1530 1536 1535
3 1530 1537 1536
3 1537 1538 1536
3 1537 1539 1538
3 1535 859 851
3 1535 1536 859
3 1536 861 859
3 1536 1538 861
3 1530 1540 1537
3 1530 1532 1540
3 1532 1526 1540
3 1532 1521 1526
3 1537 1541 1539
3 1537 1540 1541
3 1540 1527 1541
3 1540 1526 1527
3 1542 1543 1544
3 1542 1545 1543
3 1545 1546 1543
3 1545 1547 1546
3 1544 886 887
3 1544 1543 886
3 1543 889 886
3 1543 1546 889
3 1542 1548 1545
3 1542 1549 1548
3 1549 1550 1548
3 1549 1551 1550
3 1545 1552 1547
3 1545 1548 1552
3 1548 1553 1552
3 1548 1550 1553
3 1542 1554 1549
3 1542 1555 1554
3 1555 1541 1554
3 1555 1539 1541
3 1549 1556 1551
3 1549 1554 1556
3 1554 1527 1556
3 1554 1541 1527
3 1542 1557 1555
3 1542 1544 1557
3 1544 892 1557
3 1544 887 892
3 1555 1538 1539
3 1555 1557 1538
3 1557 861 1538
3 1557 892 861
3 1558 1559 1560
3 1558 1561 1559
3 1561 1562 1559
3 1561 1563 1562
3 1560 1550 1551
3 1560 1559 1550
3 1559 1553 1550
3 1559 1562 1553
3 1558 1564 1561
3 1558 1565 1564
3 1565 1566 1564
3 1565 1567 1566
3 1561 1568 1563
3 1561 1564 1568
3 1564 1569 1568
3 1564 1566 1569
3 1558 1570 1565
3 1558 1571 1570
3 1571 1529 1570
3 1571 1525 1529
3 1565 1572 1567
3 1565 1570 1572
3 1570 1511 1572
3 1570 1529 1511
3 1558 1573 1571
3 1558 1560 1573
3 1560 1556 1573
3 1560 1551 1556
3 1571 1524 1525
3 1571 1573 1524
3 1573 1527 1524
3 1573 1556 1527
3 1574 1575 1576
3 1574 1577 1575
3 1577 1578 1575
3 1577 1579 1578
3 1576 1566 1567
3 1576 1575 1566
3 1575 1569 1566
3 1575 1578 1569
3 1574 1580 1577
3 1574 1581 1580
3 1581 900 1580
3 1581 901 900
3 1577 1582 1579
3 1577 1580 1582
3 1580 902 1582
3 1580 900 902
3 1574 1583 1581
3 1574 1584 1583
3 1584 1513 1583
3 1584 1509 1513
3 1581 909 901
3 1581 1583 909
3 1583 875 909
3 1583 1513 875
3 1574 1585 1584
3 1574 1576 1585
3 1576 1572 1585
3 1576 1567 1572
3 1584 1508 1509
3 1584 1585 1508
3 1585 1511 1508
3 1585 1572 1511
3 1586 1587 1588
3 1586 1589 1587
3 1589 1590 1587
3 1589 1591 1590
3 1588 1018 1019
3 1588 1587 1018
3 1587 1021 1018
3 1587 1590 1021
3 1586 1592 1589
3 1586 1593 1592
3 1593 1594 1592
3 1593 1595 1594
3 1589 1596 1591
3 1589 1592 1596
3 1592 1597 1596
3 1592 1594 1597
3 1586 1598 1593
3 1586 1599 1598
3 1599 1453 1598
3 1599 1451 1453
3 1593 1600 1595
3 1593 1598 1600
3 1598 1439 1600
3 1598 1453 1439
3 1586 1601 1599
3 1586 1588 1601
3 1588 1023 1601
3 1588 1019 1023
3 1599 1450 1451
3 1599 1601 1450
3 1601 683 1450
3 1601 1023 683
3 1602 1603 1604
3 1602 1605 1603
3 1605 1606 1603
3 1605 1607 1606
3 1604 1594 1595
3 1604 1603 1594
3 1603 1597 1594
3 1603 1606 1597
3 1602 1608 1605
3 1602 1609 1608
3 1609 1610 1608
3 1609 1611 1610
3 1605 1612 1607
3 1605 1608 1612
3 1608 1613 1612
3 1608 1610 1613
3 1602 1614 1609
3 1602 1615 1614
3 1615 1441 1614
3 1615 1437 1441
3 1609 1616 1611
3 1609 1614 1616
3 1614 1423 1616
3 1614 1441 1423
3 1602 1617 1615
3 1602 1604 1617
3 1604 1600 1617
3 1604 1595 1600
3 1615 1436 1437
3 1615 1617 1436
3 1617 1439 1436
3 1617 1600 1439
3 1618 1619 1620
3 1618 1621 1619
3 1621 1622 1619
3 1621 1623 1622
3 1620 1610 1611
3 1620 1619 1610
3 1619 1613 1610
3 1619 1622 1613
3 1618 1624 1621
3 1618 1625 1624
3 1625 1007 1624
3 1625 1005 1007
3 1621 1626 1623
3 1621 1624 1626
3 1624 993 1626
3 1624 1007 993
3 1618 1627 1625
3 1618 1628 1627
3 1628 1425 1627
3 1628 1421 1425
3 1625 1004 1005
3 1625 1627 1004
3 1627 665 1004
3 1627 1425 665
3 1618 1629 1628
3 1618 1620 1629
3 1620 1616 1629
3 1620 1611 1616
3 1628 1420 1421
3 1628 1629 1420
3 1629 1423 1420
3 1629 1616 1423
3 1630 1631 1632
3 1630 1633 1631
3 1633 1634 1631
3 1633 1635 1634
3 1632 1032 1033
3 1632 1631 1032
3 1631 717 1032
3 1631 1634 717
3 1630 1636 1633
3 1630 1637 1636
3 1637 1638 1636
3 1637 1639 1638
3 1633 1640 1635
3 1633 1636 1640
3 1636 1641 1640
3 1636 1638 1641
3 1630 1642 1637
3 1630 1643 1642
3 1643 1596 1642
3 1643 1591 1596
3 1637 1644 1639
3 1637 1642 1644
3 1642 1597 1644
3 1642 1596 1597
3 1630 1645 1643
3 1630 1632 1645
3 1632 1035 1645
3 1632 1033 1035
3 1643 1590 1591
3 1643 1645 1590
3 1645 1021 1590
3 1645 1035 1021
3 1646 1647 1648
3 1646 1649 1647
3 1649 1650 1647
3 1649 1651 1650
3 1648 1638 1639
3 1648 1647 1638
3 1647 1641 1638
3 1647 1650 1641
3 1646 1652 1649
3 1646 1653 1652
3 1653 1654 1652
3 1653 1655 1654
3 1649 1656 1651
3 1649 1652 1656
3 1652 1657 1656
3 1652 1654 1657
3 1646 1658 1653
3 1646 1659 1658
3 1659 1612 1658
3 1659 1607 1612
3 1653 1660 1655
3 1653 1658 1660
3 1658 1613 1660
3 1658 1612 1613
3 1646 1661 1659
3 1646 1648 1661
3 1648 1644 1661
3 1648 1639 1644
3 1659 1606 1607
3 1659 1661 1606
3 1661 1597 1606
3 1661 1644 1597
3 1662 1663 1664
3 1662 1665 1663
3 1665 1666 1663
3 1665 1667 1666
3 1664 1654 1655
3 1664 1663 1654
3 1663 1657 1654
3 1663 1666 1657
3 1662 1668 1665
3 1662 1669 1668
3 1669 995 1668
3 1669 991 995
3 1665 1670 1667
3 1665 1668 1670
3 1668 698 1670
3 1668 995 698
3 1662 1671 1669
3 1662 1672 1671
3 1672 1626 1671
3 1672 1623 1626
3 1669 990 991
3 1669 1671 990
3 1671 993 990
3 1671 1626 993
3 1662 1673 1672
3 1662 1664 1673
3 1664 1660 1673
3 1664 1655 1660
3 1672 1622 1623
3 1672 1673 1622
3 1673 1613 1622
3 1673 1660 1613
3 1674 1675 1676
3 1674 1677 1675
3 1677 1678 1675
3 1677 1679 1678
3 1676 73 74
3 1676 1675 73
3 1675 76 73
3 1675 1678 76
3 1674 1680 1677
3 1674 1681 1680
3 1681 1682 1680
3 1681 1683 1682
3 1677 1684 1679
3 1677 1680 1684
3 1680 1685 1684
3 1680 1682 1685
3 1674 1686 1681
3 1674 1687 1686
3 1687 1688 1686
3 1687 1689 1688
3 1681 1690 1683
3 1681 1686 1690
3 1686 1691 1690
3 1686 1688 1691
3 1674 1692 1687
3 1674 1676 1692
3 1676 81 1692
3 1676 74 81
3 1687 1693 1689
3 1687 1692 1693
3 1692 82 1693
3 1692 81 82
3 1694 1695 1696
3 1694 1697 1695
3 1697 1698 1695
3 1697 1699 1698
3 1696 1682 1683
3 1696 1695 1682
3 1695 1685 1682
3 1695 1698 1685
3 1694 1700 1697
3 1694 1701 1700
3 1701 136 1700
3 1701 137 136
3 1697 1702 1699
3 1697 1700 1702
3 1700 138 1702
3 1700 136 138
3 1694 1703 1701
3 1694 1704 1703
3 1704 1705 1703
3 1704 1706 1705
3 1701 147 137
3 1701 1703 147
3 1703 149 147
3 1703 1705 149
3 1694 1707 1704
3 1694 1696 1707
3 1696 1690 1707
3 1696 1683 1690
3 1704 1708 1706
3 1704 1707 1708
3 1707 1691 1708
3 1707 1690 1691
3 1709 1710 1711
3 1709 1712 1710
3 1712 1713 1710
3 1712 1714 1713
3 1711 332 333
3 1711 1710 332
3 1710 335 332
3 1710 1713 335
3 1709 1715 1712
3 1709 1716 1715
3 1716 1717 1715
3 1716 1718 1717
3 1712 1719 1714
3 1712 1715 1719
3 1715 1720 1719
3 1715 1717 1720
3 1709 1721 1716
3 1709 1722 1721
3 1722 1723 1721
3 1722 1724 1723
3 1716 1725 1718
3 1716 1721 1725
3 1721 1726 1725
3 1721 1723 1726
3 1709 1727 1722
3 1709 1711 1727
3 1711 338 1727
3 1711 333 338
3 1722 1728 1724
3 1722 1727 1728
3 1727 339 1728
3 1727 338 339
3 1729 1730 1731
3 1729 1732 1730
3 1732 1733 1730
3 1732 1734 1733
3 1731 1717 1718
3 1731 1730 1717
3 1730 1720 1717
3 1730 1733 1720
3 1729 1735 1732
3 1729 1736 1735
3 1736 268 1735
3 1736 260 268
3 1732 1737 1734
3 1732 1735 1737
3 1735 269 1737
3 1735 268 269
3 1729 1738 1736
3 1729 1739 1738
3 1739 1740 1738
3 1739 1741 1740
3 1736 259 260
3 1736 1738 259
3 1738 263 259
3 1738 1740 263
3 1729 1742 1739
3 1729 1731 1742
3 1731 1725 1742
3 1731 1718 1725
3 1739 1743 1741
3 1739 1742 1743
3 1742 1726 1743
3 1742 1725 1726
3 1744 1745 1746
3 1744 1747 1745
3 1747 1748 1745
3 1747 1749 1748
3 1746 466 467
3 1746 1745 466
3 1745 469 466
3 1745 1748 469
3 1744 1750 1747
3 1744 1751 1750
3 1751 1752 1750
3 1751 1753 1752
3 1747 1754 1749
3 1747 1750 1754
3 1750 1755 1754
3 1750 1752 1755
3 1744 1756 1751
3 1744 1757 1756
3 1757 1708 1756
3 1757 1706 1708
3 1751 1758 1753
3 1751 1756 1758
3 1756 1691 1758
3 1756 1708 1691
3 1744 1759 1757
3 1744 1746 1759
3 1746 471 1759
3 1746 467 471
3 1757 1705 1706
3 1757 1759 1705
3 1759 149 1705
3 1759 471 149
3 1760 1761 1762
3 1760 1763 1761
3 1763 1764 1761
3 1763 1765 1764
3 1762 1752 1753
3 1762 1761 1752
3 1761 1755 1752
3 1761 1764 1755
3 1760 1766 1763
3 1760 1767 1766
3 1767 558 1766
3 1767 553 558
3 1763 1768 1765
3 1763 1766 1768
3 1766 559 1768
3 1766 558 559
3 1760 1769 1767
3 1760 1770 1769
3 1770 1693 1769
3 1770 1689 1693
3 1767 552 553
3 1767 1769 552
3 1769 82 552
3 1769 1693 82
3 1760 1771 1770
3 1760 1762 1771
3 1762 1758 1771
3 1762 1753 1758
3 1770 1688 1689
3 1770 1771 1688
3 1771 1691 1688
3 1771 1758 1691
3 1772 1773 1774
3 1772 1775 1773
3 1775 1728 1773
3 1775 1724 1728
3 1774 486 487
3 1774 1773 486
3 1773 339 486
3 1773 1728 339
3 1772 1776 1775
3 1772 1777 1776
3 1777 1778 1776
3 1777 1779 1778
3 1775 1723 1724
3 1775 1776 1723
3 1776 1726 1723
3 1776 1778 1726
3 1772 1780 1777
3 1772 1781 1780
3 1781 1782 1780
3 1781 1783 1782
3 1777 1784 1779
3 1777 1780 1784
3 1780 1785 1784
3 1780 1782 1785
3 1772 1786 1781
3 1772 1774 1786
3 1774 490 1786
3 1774 487 490
3 1781 1787 1783
3 1781 1786 1787
3 1786 491 1787
3 1786 490 491
3 1788 1789 1790
3 1788 1791 1789
3 1791 1743 1789
3 1791 1741 1743
3 1790 1778 1779
3 1790 1789 1778
3 1789 1726 1778
3 1789 1743 1726
3 1788 1792 1791
3 1788 1793 1792
3 1793 579 1792
3 1793 573 579
3 1791 1740 1741
3 1791 1792 1740
3 1792 263 1740
3 1792 579 263
3 1788 1794 1793
3 1788 1795 1794
3 1795 1796 1794
3 1795 1797 1796
3 1793 572 573
3 1793 1794 572
3 1794 576 572
3 1794 1796 576
3 1788 1798 1795
3 1788 1790 1798
3 1790 1784 1798
3 1790 1779 1784
3 1795 1799 1797
3 1795 1798 1799
3 1798 1785 1799
3 1798 1784 1785
3 1800 1801 1802
3 1800 1803 1801
3 1803 1804 1801
3 1803 1805 1804
3 1802 1149 1150
3 1802 1801 1149
3 1801 1152 1149
3 1801 1804 1152
3 1800 1806 1803
3 1800 1807 1806
3 1807 1808 1806
3 1807 1809 1808
3 1803 1810 1805
3 1803 1806 1810
3 1806 1811 1810
3 1806 1808 1811
3 1800 1812 1807
3 1800 1813 1812
3 1813 1754 1812
3 1813 1749 1754
3 1807 1814 1809
3 1807 1812 1814
3 1812 1755 1814
3 1812 1754 1755
3 1800 1815 1813
3 1800 1802 1815
3 1802 1154 1815
3 1802 1150 1154
3 1813 1748 1749
3 1813 1815 1748
3 1815 469 1748
3 1815 1154 469
3 1816 1817 1818
3 1816 1819 1817
3 1819 1820 1817
3 1819 1821 1820
3 1818 1808 1809
3 1818 1817 1808
3 1817 1811 1808
3 1817 1820 1811
3 1816 1822 1819
3 1816 1823 1822
3 1823 1277 1822
3 1823 1272 1277
3 1819 1824 1821
3 1819 1822 1824
3 1822 1278 1824
3 1822 1277 1278
3 1816 1825 1823
3 1816 1826 1825
3 1826 1768 1825
3 1826 1765 1768
3 1823 1271 1272
3 1823 1825 1271
3 1825 559 1271
3 1825 1768 559
3 1816 1827 1826
3 1816 1818 1827
3 1818 1814 1827
3 1818 1809 1814
3 1826 1764 1765
3 1826 1827 1764
3 1827 1755 1764
3 1827 1814 1755
3 1828 1829 1830
3 1828 1831 1829
3 1831 1832 1829
3 1831 1833 1832
3 1830 1169 1170
3 1830 1829 1169
3 1829 1172 1169
3 1829 1832 1172
3 1828 1834 1831
3 1828 1835 1834
3 1835 1836 1834
3 1835 1837 1836
3 1831 1838 1833
3 1831 1834 1838
3 1834 1839 1838
3 1834 1836 1839
3 1828 1840 1835
3 1828 1841 1840
3 1841 1810 1840
3 1841 1805 1810
3 1835 1842 1837
3 1835 1840 1842
3 1840 1811 1842
3 1840 1810 1811
3 1828 1843 1841
3 1828 1830 1843
3 1830 1174 1843
3 1830 1170 1174
3 1841 1804 1805
3 1841 1843 1804
3 1843 1152 1804
3 1843 1174 1152
3 1844 1845 1846
3 1844 1847 1845
3 1847 1848 1845
3 1847 1849 1848
3 1846 1836 1837
3 1846 1845 1836
3 1845 1839 1836
3 1845 1848 1839
3 1844 1850 1847
3 1844 1851 1850
3 1851 1297 1850
3 1851 1292 1297
3 1847 1852 1849
3 1847 1850 1852
3 1850 1298 1852
3 1850 1297 1298
3 1844 1853 1851
3 1844 1854 1853
3 1854 1824 1853
3 1854 1821 1824
3 1851 1291 1292
3 1851 1853 1291
3 1853 1278 1291
3 1853 1824 1278
3 1844 1855 1854
3 1844 1846 1855
3 1846 1842 1855
3 1846 1837 1842
3 1854 1820 1821
3 1854 1855 1820
3 1855 1811 1820
3 1855 1842 1811
3 1856 1857 1858
3 1856 1859 1857
3 1859 1787 1857
3 1859 1783 1787
3 1858 1186 1187
3 1858 1857 1186
3 1857 491 1186
3 1857 1787 491
3 1856 1860 1859
3 1856 1861 1860
3 1861 1862 1860
3 1861 1863 1862
3 1859 1782 1783
3 1859 1860 1782
3 1860 1785 1782
3 1860 1862 1785
3 1856 1864 1861
3 1856 1865 1864
3 1865 1838 1864
3 1865 1833 1838
3 1861 1866 1863
3 1861 1864 1866
3 1864 1839 1866
3 1864 1838 1839
3 1856 1867 1865
3 1856 1858 1867
3 1858 1189 1867
3 1858 1187 1189
3 1865 1832 1833
3 1865 1867 1832
3 1867 1172 1832
3 1867 1189 1172
3 1868 1869 1870
3 1868 1871 1869
3 1871 1799 1869
3 1871 1797 1799
3 1870 1862 1863
3 1870 1869 1862
3 1869 1785 1862
3 1869 1799 1785
3 1868 1872 1871
3 1868 1873 1872
3 1873 1315 1872
3 1873 1312 1315
3 1871 1796 1797
3 1871 1872 1796
3 1872 576 1796
3 1872 1315 576
3 1868 1874 1873
3 1868 1875 1874
3 1875 1852 1874
3 1875 1849 1852
3 1873 1311 1312
3 1873 1874 1311
3 1874 1298 1311
3 1874 1852 1298
3 1868 1876 1875
3 1868 1870 1876
3 1870 1866 1876
3 1870 1863 1866
3 1875 1848 1849
3 1875 1876 1848
3 1876 1839 1848
3 1876 1866 1839
3 1877 1878 1879
3 1877 1880 1878
3 1880 1737 1878
3 1880 1734 1737
3 1879 1881 1882
3 1879 1878 1881
3 1878 269 1881
3 1878 1737 269
3 1877 1883 1880
3 1877 1884 1883
3 1884 1885 1883
3 1884 1886 1885
3 1880 1733 1734
3 1880 1883 1733
3 1883 1720 1733
3 1883 1885 1720
3 1877 1887 1884
3 1877 1888 1887
3 1888 1889 1887
3 1888 1890 1889
3 1884 1891 1886
3 1884 1887 1891
3 1887 1892 1891
3 1887 1889 1892
3 1877 1893 1888
3 1877 1879 1893
3 1879 1894 1893
3 1879 1882 1894
3 1888 1895 1890
3 1888 1893 1895
3 1893 1896 1895
3 1893 1894 1896
3 1897 1898 1899
3 1897 1900 1898
3 1900 1719 1898
3 1900 1714 1719
3 1899 1885 1886
3 1899 1898 1885
3 1898 1720 1885
3 1898 1719 1720
3 1897 1901 1900
3 1897 1902 1901
3 1902 1903 1901
3 1902 1904 1903
3 1900 1713 1714
3 1900 1901 1713
3 1901 335 1713
3 1901 1903 335
3 1897 1905 1902
3 1897 1906 1905
3 1906 1907 1905
3 1906 1908 1907
3 1902 1909 1904
3 1902 1905 1909
3 1905 1910 1909
3 1905 1907 1910
3 1897 1911 1906
3 1897 1899 1911
3 1899 1891 1911
3 1899 1886 1891
3 1906 1912 1908
3 1906 1911 1912
3 1911 1892 1912
3 1911 1891 1892
3 1913 1914 1915
3 1913 1916 1914
3 1916 1702 1914
3 1916 1699 1702
3 1915 1917 1918
3 1915 1914 1917
3 1914 138 1917
3 1914 1702 138
3 1913 1919 1916
3 1913 1920 1919
3 1920 1921 1919
3 1920 1922 1921
3 1916 1698 1699
3 1916 1919 1698
3 1919 1685 1698
3 1919 1921 1685
3 1913 1923 1920
3 1913 1924 1923
3 1924 1925 1923
3 1924 1926 1925
3 1920 1927 1922
3 1920 1923 1927
3 1923 1928 1927
3 1923 1925 1928
3 1913 1929 1924
3 1913 1915 1929
3 1915 1930 1929
3 1915 1918 1930
3 1924 1931 1926
3 1924 1929 1931
3 1929 1932 1931
3 1929 1930 1932
3 1933 1934 1935
3 1933 1936 1934
3 1936 1684 1934
3 1936 1679 1684
3 1935 1921 1922
3 1935 1934 1921
3 1934 1685 1921
3 1934 1684 1685
3 1933 1937 1936
3 1933 1938 1937
3 1938 1939 1937
3 1938 1940 1939
3 1936 1678 1679
3 1936 1937 1678
3 1937 76 1678
3 1937 1939 76
3 1933 1941 1938
3 1933 1942 1941
3 1942 1943 1941
3 1942 1944 1943
3 1938 1945 1940
3 1938 1941 1945
3 1941 1946 1945
3 1941 1943 1946
3 1933 1947 1942
3 1933 1935 1947
3 1935 1927 1947
3 1935 1922 1927
3 1942 1948 1944
3 1942 1947 1948
3 1947 1928 1948
3 1947 1927 1928
3 1949 1950 1951
3 1949 1952 1950
3 1952 1582 1950
3 1952 1579 1582
3 1951 1953 1954
3 1951 1950 1953
3 1950 902 1953
3 1950 1582 902
3 1949 1955 1952
3 1949 1956 1955
3 1956 1957 1955
3 1956 1958 1957
3 1952 1578 1579
3 1952 1955 1578
3 1955 1569 1578
3 1955 1957 1569
3 1949 1959 1956
3 1949 1960 1959
3 1960 1961 1959
3 1960 1962 1961
3 1956 1963 1958
3 1956 1959 1963
3 1959 1964 1963
3 1959 1961 1964
3 1949 1965 1960
3 1949 1951 1965
3 1951 1966 1965
3 1951 1954 1966
3 1960 1967 1962
3 1960 1965 1967
3 1965 1968 1967
3 1965 1966 1968
3 1969 1970 1971
3 1969 1972 1970
3 1972 1568 1970
3 1972 1563 1568
3 1971 1957 1958
3 1971 1970 1957
3 1970 1569 1957
3 1970 1568 1569
3 1969 1973 1972
3 1969 1974 1973
3 1974 1975 1973
3 1974 1976 1975
3 1972 1562 1563
3 1972 1973 1562
3 1973 1553 1562
3 1973 1975 1553
3 1969 1977 1974
3 1969 1978 1977
3 1978 1979 1977
3 1978 1980 1979
3 1974 1981 1976
3 1974 1977 1981
3 1977 1982 1981
3 1977 1979 1982
3 1969 1983 1978
3 1969 1971 1983
3 1971 1963 1983
3 1971 1958 1963
3 1978 1984 1980
3 1978 1983 1984
3 1983 1964 1984
3 1983 1963 1964
3 1985 1986 1987
3 1985 1988 1986
3 1988 1552 1986
3 1988 1547 1552
3 1987 1975 1976
3 1987 1986 1975
3 1986 1553 1975
3 1986 1552 1553
3 1985 1989 1988
3 1985 1990 1989
3 1990 1991 1989
3 1990 1992 1991
3 1988 1546 1547
3 1988 1989 1546
3 1989 889 1546
3 1989 1991 889
3 1985 1993 1990
3 1985 1994 1993
3 1994 1995 1993
3 1994 1996 1995
3 1990 1997 1992
3 1990 1993 1997
3 1993 1998 1997
3 1993 1995 1998
3 1985 1999 1994
3 1985 1987 1999
3 1987 1981 1999
3 1987 1976 1981
3 1994 2000 1996
3 1994 1999 2000
3 1999 1982 2000
3 1999 1981 1982
3 2001 2002 2003
3 2001 2004 2002
3 2004 2005 2002
3 2004 2006 2005
3 2003 2007 2008
3 2003 2002 2007
3 2002 2009 2007
3 2002 2005 2009
3 2001 2010 2004
3 2001 2011 2010
3 2011 2012 2010
3 2011 2013 2012
3 2004 2014 2006
3 2004 2010 2014
3 2010 733 2014
3 2010 2012 733
3 2001 2015 2011
3 2001 2016 2015
3 2016 2017 2015
3 2016 2018 2017
3 2011 2019 2013
3 2011 2015 2019
3 2015 2020 2019
3 2015 2017 2020
3 2001 2021 2016
3 2001 2003 2021
3 2003 2022 2021
3 2003 2008 2022
3 2016 2023 2018
3 2016 2021 2023
3 2021 2024 2023
3 2021 2022 2024
3 2025 2026 2027
3 2025 2028 2026
3 2028 2029 2026
3 2028 2030 2029
3 2027 2031 2032
3 2027 2026 2031
3 2026 2033 2031
3 2026 2029 2033
3 2025 2034 2028
3 2025 2035 2034
3 2035 2007 2034
3 2035 2008 2007
3 2028 2036 2030
3 2028 2034 2036
3 2034 2009 2036
3 2034 2007 2009
3 2025 2037 2035
3 2025 2038 2037
3 2038 2039 2037
3 2038 2040 2039
3 2035 2022 2008
3 2035 2037 2022
3 2037 2024 2022
3 2037 2039 2024
3 2025 2041 2038
3 2025 2027 2041
3 2027 2042 2041
3 2027 2032 2042
3 2038 2043 2040
3 2038 2041 2043
3 2041 2044 2043
3 2041 2042 2044
3 2045 2046 2047
3 2045 2048 2046
3 2048 2049 2046
3 2048 2050 2049
3 2047 2051 2052
3 2047 2046 2051
3 2046 704 2051
3 2046 2049 704
3 2045 2053 2048
3 2045 2054 2053
3 2054 2031 2053
3 2054 2032 2031
3 2048 2055 2050
3 2048 2053 2055
3 2053 2033 2055
3 2053 2031 2033
3 2045 2056 2054
3 2045 2057 2056
3 2057 2058 2056
3 2057 2059 2058
3 2054 2042 2032
3 2054 2056 2042
3 2056 2044 2042
3 2056 2058 2044
3 2045 2060 2057
3 2045 2047 2060
3 2047 2061 2060
3 2047 2052 2061
3 2057 2062 2059
3 2057 2060 2062
3 2060 2063 2062
3 2060 2061 2063
3 2064 2065 2066
3 2064 2067 2065
3 2067 973 2065
3 2067 970 973
3 2066 2068 2069
3 2066 2065 2068
3 2065 729 2068
3 2065 973 729
3 2064 2070 2067
3 2064 2071 2070
3 2071 2072 2070
3 2071 2073 2072
3 2067 969 970
3 2067 2070 969
3 2070 956 969
3 2070 2072 956
3 2064 2074 2071
3 2064 2075 2074
3 2075 2076 2074
3 2075 2077 2076
3 2071 2078 2073
3 2071 2074 2078
3 2074 2079 2078
3 2074 2076 2079
3 2064 2080 2075
3 2064 2066 2080
3 2066 2081 2080
3 2066 2069 2081
3 2075 2082 2077
3 2075 2080 2082
3 2080 2083 2082
3 2080 2081 2083
3 2084 2085 2086
3 2084 2087 2085
3 2087 955 2085
3 2087 950 955
3 2086 2072 2073
3 2086 2085 2072
3 2085 956 2072
3 2085 955 956
3 2084 2088 2087
3 2084 2089 2088
3 2089 2090 2088
3 2089 2091 2090
3 2087 949 950
3 2087 2088 949
3 2088 210 949
3 2088 2090 210
3 2084 2092 2089
3 2084 2093 2092
3 2093 2094 2092
3 2093 2095 2094
3 2089 2096 2091
3 2089 2092 2096
3 2092 2097 2096
3 2092 2094 2097
3 2084 2098 2093
3 2084 2086 2098
3 2086 2078 2098
3 2086 2073 2078
3 2093 2099 2095
3 2093 2098 2099
3 2098 2079 2099
3 2098 2078 2079
3 2100 2101 2102
3 2100 2103 2101
3 2103 929 2101
3 2103 925 929
3 2102 2104 2105
3 2102 2101 2104
3 2101 8 2104
3 2101 929 8
3 2100 2106 2103
3 2100 2107 2106
3 2107 2108 2106
3 2107 2109 2108
3 2103 924 925
3 2103 2106 924
3 2106 927 924
3 2106 2108 927
3 2100 2110 2107
3 2100 2111 2110
3 2111 2112 2110
3 2111 2113 2112
3 2107 2114 2109
3 2107 2110 2114
3 2110 2115 2114
3 2110 2112 2115
3 2100 2116 2111
3 2100 2102 2116
3 2102 2117 2116
3 2102 2105 2117
3 2111 2118 2113
3 2111 2116 2118
3 2116 2119 2118
3 2116 2117 2119
3 2120 2121 2122
3 2120 2123 2121
3 2123 944 2121
3 2123 942 944
3 2122 2108 2109
3 2122 2121 2108
3 2121 927 2108
3 2121 944 927
3 2120 2124 2123
3 2120 2125 2124
3 2125 2126 2124
3 2125 2127 2126
3 2123 941 942
3 2123 2124 941
3 2124 708 941
3 2124 2126 708
3 2120 2128 2125
3 2120 2129 2128
3 2129 2130 2128
3 2129 2131 2130
3 2125 2132 2127
3 2125 2128 2132
3 2128 2133 2132
3 2128 2130 2133
3 2120 2134 2129
3 2120 2122 2134
3 2122 2114 2134
3 2122 2109 2114
3 2129 2135 2131
3 2129 2134 2135
3 2134 2115 2135
3 2134 2114 2115
3 2136 2137 2138
3 2136 2139 2137
3 2139 905 2137
3 2139 899 905
3 2138 2140 2141
3 2138 2137 2140
3 2137 845 2140
3 2137 905 845
3 2136 2142 2139
3 2136 2143 2142
3 2143 1953 2142
3 2143 1954 1953
3 2139 898 899
3 2139 2142 898
3 2142 902 898
3 2142 1953 902
3 2136 2144 2143
3 2136 2145 2144
3 2145 2146 2144
3 2145 2147 2146
3 2143 1966 1954
3 2143 2144 1966
3 2144 1968 1966
3 2144 2146 1968
3 2136 2148 2145
3 2136 2138 2148
3 2138 2149 2148
3 2138 2141 2149
3 2145 2150 2147
3 2145 2148 2150
3 2148 2151 2150
3 2148 2149 2151
3 2152 2153 2154
3 2152 2155 2153
3 2155 888 2153
3 2155 883 888
3 2154 1991 1992
3 2154 2153 1991
3 2153 889 1991
3 2153 888 889
3 2152 2156 2155
3 2152 2157 2156
3 2157 2158 2156
3 2157 2159 2158
3 2155 882 883
3 2155 2156 882
3 2156 821 882
3 2156 2158 821
3 2152 2160 2157
3 2152 2161 2160
3 2161 2162 2160
3 2161 2163 2162
3 2157 2164 2159
3 2157 2160 2164
3 2160 2165 2164
3 2160 2162 2165
3 2152 2166 2161
3 2152 2154 2166
3 2154 1997 2166
3 2154 1992 1997
3 2161 2167 2163
3 2161 2166 2167
3 2166 1998 2167
3 2166 1997 1998
3 2168 2169 2170
3 2168 2171 2169
3 2171 830 2169
3 2171 831 830
3 2170 2172 2173
3 2170 2169 2172
3 2169 789 2172
3 2169 830 789
3 2168 2174 2171
3 2168 2175 2174
3 2175 2140 2174
3 2175 2141 2140
3 2171 843 831
3 2171 2174 843
3 2174 845 843
3 2174 2140 845
3 2168 2176 2175
3 2168 2177 2176
3 2177 2178 2176
3 2177 2179 2178
3 2175 2149 2141
3 2175 2176 2149
3 2176 2151 2149
3 2176 2178 2151
3 2168 2180 2177
3 2168 2170 2180
3 2170 2181 2180
3 2170 2173 2181
3 2177 2182 2179
3 2177 2180 2182
3 2180 2183 2182
3 2180 2181 2183
3 2184 2185 2186
3 2184 2187 2185
3 2187 820 2185
3 2187 815 820
3 2186 2158 2159
3 2186 2185 2158
3 2185 821 2158
3 2185 820 821
3 2184 2188 2187
3 2184 2189 2188
3 2189 2190 2188
3 2189 2191 2190
3 2187 814 815
3 2187 2188 814
3 2188 803 814
3 2188 2190 803
3 2184 2192 2189
3 2184 2193 2192
3 2193 2194 2192
3 2193 2195 2194
3 2189 2196 2191
3 2189 2192 2196
3 2192 2197 2196
3 2192 2194 2197
3 2184 2198 2193
3 2184 2186 2198
3 2186 2164 2198
3 2186 2159 2164
3 2193 2199 2195
3 2193 2198 2199
3 2198 2165 2199
3 2198 2164 2165
3 2200 2201 2202
3 2200 2203 2201
3 2203 802 2201
3 2203 797 802
3 2202 2190 2191
3 2202 2201 2190
3 2201 803 2190
3 2201 802 803
3 2200 2204 2203
3 2200 2205 2204
3 2205 2206 2204
3 2205 2207 2206
3 2203 796 797
3 2203 2204 796
3 2204 181 796
3 2204 2206 181
3 2200 2208 2205
3 2200 2209 2208
3 2209 2210 2208
3 2209 2211 2210
3 2205 2212 2207
3 2205 2208 2212
3 2208 2213 2212
3 2208 2210 2213
3 2200 2214 2209
3 2200 2202 2214
3 2202 2196 2214
3 2202 2191 2196
3 2209 2215 2211
3 2209 2214 2215
3 2214 2197 2215
3 2214 2196 2197
3 2216 2217 2218
3 2216 2219 2217
3 2219 778 2217
3 2219 779 778
3 2218 2220 2221
3 2218 2217 2220
3 2217 374 2220
3 2217 778 374
3 2216 2222 2219
3 2216 2223 2222
3 2223 2172 2222
3 2223 2173 2172
3 2219 787 779
3 2219 2222 787
3 2222 789 787
3 2222 2172 789
3 2216 2224 2223
3 2216 2225 2224
3 2225 2226 2224
3 2225 2227 2226
3 2223 2181 2173
3 2223 2224 2181
3 2224 2183 2181
3 2224 2226 2183
3 2216 2228 2225
3 2216 2218 2228
3 2218 2229 2228
3 2218 2221 2229
3 2225 2230 2227
3 2225 2228 2230
3 2228 2231 2230
3 2228 2229 2231
3 2232 2233 2234
3 2232 2235 2233
3 2235 732 2233
3 2235 727 732
3 2234 2012 2013
3 2234 2233 2012
3 2233 733 2012
3 2233 732 733
3 2232 2236 2235
3 2232 2237 2236
3 2237 2068 2236
3 2237 2069 2068
3 2235 726 727
3 2235 2236 726
3 2236 729 726
3 2236 2068 729
3 2232 2238 2237
3 2232 2239 2238
3 2239 2240 2238
3 2239 2241 2240
3 2237 2081 2069
3 2237 2238 2081
3 2238 2083 2081
3 2238 2240 2083
3 2232 2242 2239
3 2232 2234 2242
3 2234 2019 2242
3 2234 2013 2019
3 2239 2243 2241
3 2239 2242 2243
3 2242 2020 2243
3 2242 2019 2020
3 2244 2245 2246
3 2244 2247 2245
3 2247 707 2245
3 2247 702 707
3 2246 2126 2127
3 2246 2245 2126
3 2245 708 2126
3 2245 707 708
3 2244 2248 2247
3 2244 2249 2248
3 2249 2051 2248
3 2249 2052 2051
3 2247 701 702
3 2247 2248 701
3 2248 704 701
3 2248 2051 704
3 2244 2250 2249
3 2244 2251 2250
3 2251 2252 2250
3 2251 2253 2252
3 2249 2061 2052
3 2249 2250 2061
3 2250 2063 2061
3 2250 2252 2063
3 2244 2254 2251
3 2244 2246 2254
3 2246 2132 2254
3 2246 2127 2132
3 2251 2255 2253
3 2251 2254 2255
3 2254 2133 2255
3 2254 2132 2133
3 2256 2257 2258
3 2256 2259 2257
3 2259 209 2257
3 2259 202 209
3 2258 2090 2091
3 2258 2257 2090
3 2257 210 2090
3 2257 209 210
3 2256 2260 2259
3 2256 2261 2260
3 2261 2262 2260
3 2261 2263 2262
3 2259 201 202
3 2259 2260 201
3 2260 204 201
3 2260 2262 204
3 2256 2264 2261
3 2256 2265 2264
3 2265 2266 2264
3 2265 2267 2266
3 2261 2268 2263
3 2261 2264 2268
3 2264 2269 2268
3 2264 2266 2269
3 2256 2270 2265
3 2256 2258 2270
3 2258 2096 2270
3 2258 2091 2096
3 2265 2271 2267
3 2265 2270 2271
3 2270 2097 2271
3 2270 2096 2097
3 2272 2273 2274
3 2272 2275 2273
3 2275 232 2273
3 2275 227 232
3 2274 2262 2263
3 2274 2273 2262
3 2273 204 2262
3 2273 232 204
3 2272 2276 2275
3 2272 2277 2276
3 2277 2278 2276
3 2277 2279 2278
3 2275 226 227
3 2275 2276 226
3 2276 229 226
3 2276 2278 229
3 2272 2280 2277
3 2272 2281 2280
3 2281 2282 2280
3 2281 2283 2282
3 2277 2284 2279
3 2277 2280 2284
3 2280 2285 2284
3 2280 2282 2285
3 2272 2286 2281
3 2272 2274 2286
3 2274 2268 2286
3 2274 2263 2268
3 2281 2287 2283
3 2281 2286 2287
3 2286 2269 2287
3 2286 2268 2269
3 2288 2289 2290
3 2288 2291 2289
3 2291 252 2289
3 2291 247 252
3 2290 2278 2279
3 2290 2289 2278
3 2289 229 2278
3 2289 252 229
3 2288 2292 2291
3 2288 2293 2292
3 2293 2294 2292
3 2293 2295 2294
3 2291 246 247
3 2291 2292 246
3 2292 249 246
3 2292 2294 249
3 2288 2296 2293
3 2288 2297 2296
3 2297 2298 2296
3 2297 2299 2298
3 2293 2300 2295
3 2293 2296 2300
3 2296 2301 2300
3 2296 2298 2301
3 2288 2302 2297
3 2288 2290 2302
3 2290 2284 2302
3 2290 2279 2284
3 2297 2303 2299
3 2297 2302 2303
3 2302 2285 2303
3 2302 2284 2285
3 2304 2305 2306
3 2304 2307 2305
3 2307 272 2305
3 2307 267 272
3 2306 2294 2295
3 2306 2305 2294
3 2305 249 2294
3 2305 272 249
3 2304 2308 2307
3 2304 2309 2308
3 2309 1881 2308
3 2309 1882 1881
3 2307 266 267
3 2307 2308 266
3 2308 269 266
3 2308 1881 269
3 2304 2310 2309
3 2304 2311 2310
3 2311 2312 2310
3 2311 2313 2312
3 2309 1894 1882
3 2309 2310 1894
3 2310 1896 1894
3 2310 2312 1896
3 2304 2314 2311
3 2304 2306 2314
3 2306 2300 2314
3 2306 2295 2300
3 2311 2315 2313
3 2311 2314 2315
3 2314 2301 2315
3 2314 2300 2301
3 2316 2317 2318
3 2316 2319 2317
3 2319 317 2317
3 2319 312 317
3 2318 2320 2321
3 2318 2317 2320
3 2317 289 2320
3 2317 317 289
3 2316 2322 2319
3 2316 2323 2322
3 2323 2324 2322
3 2323 2325 2324
3 2319 311 312
3 2319 2322 311
3 2322 314 311
3 2322 2324 314
3 2316 2326 2323
3 2316 2327 2326
3 2327 2328 2326
3 2327 2329 2328
3 2323 2330 2325
3 2323 2326 2330
3 2326 2331 2330
3 2326 2328 2331
3 2316 2332 2327
3 2316 2318 2332
3 2318 2333 2332
3 2318 2321 2333
3 2327 2334 2329
3 2327 2332 2334
3 2332 2335 2334
3 2332 2333 2335
3 2336 2337 2338
3 2336 2339 2337
3 2339 294 2337
3 2339 287 294
3 2338 2340 2341
3 2338 2337 2340
3 2337 295 2340
3 2337 294 295
3 2336 2342 2339
3 2336 2343 2342
3 2343 2320 2342
3 2343 2321 2320
3 2339 286 287
3 2339 2342 286
3 2342 289 286
3 2342 2320 289
3 2336 2344 2343
3 2336 2345 2344
3 2345 2346 2344
3 2345 2347 2346
3 2343 2333 2321
3 2343 2344 2333
3 2344 2335 2333
3 2344 2346 2335
3 2336 2348 2345
3 2336 2338 2348
3 2338 2349 2348
3 2338 2341 2349
3 2345 2350 2347
3 2345 2348 2350
3 2348 2351 2350
3 2348 2349 2351
3 2352 2353 2354
3 2352 2355 2353
3 2355 334 2353
3 2355 329 334
3 2354 1903 1904
3 2354 2353 1903
3 2353 335 1903
3 2353 334 335
3 2352 2356 2355
3 2352 2357 2356
3 2357 2340 2356
3 2357 2341 2340
3 2355 328 329
3 2355 2356 328
3 2356 295 328
3 2356 2340 295
3 2352 2358 2357
3 2352 2359 2358
3 2359 2360 2358
3 2359 2361 2360
3 2357 2349 2341
3 2357 2358 2349
3 2358 2351 2349
3 2358 2360 2351
3 2352 2362 2359
3 2352 2354 2362
3 2354 1909 2362
3 2354 1904 1909
3 2359 2363 2361
3 2359 2362 2363
3 2362 1910 2363
3 2362 1909 1910
3 2364 2365 2366
3 2364 2367 2365
3 2367 377 2365
3 2367 372 377
3 2366 2368 2369
3 2366 2365 2368
3 2365 354 2368
3 2365 377 354
3 2364 2370 2367
3 2364 2371 2370
3 2371 2220 2370
3 2371 2221 2220
3 2367 371 372
3 2367 2370 371
3 2370 374 371
3 2370 2220 374
3 2364 2372 2371
3 2364 2373 2372
3 2373 2374 2372
3 2373 2375 2374
3 2371 2229 2221
3 2371 2372 2229
3 2372 2231 2229
3 2372 2374 2231
3 2364 2376 2373
3 2364 2366 2376
3 2366 2377 2376
3 2366 2369 2377
3 2373 2378 2375
3 2373 2376 2378
3 2376 2379 2378
3 2376 2377 2379
3 2380 2381 2382
3 2380 2383 2381
3 2383 357 2381
3 2383 352 357
3 2382 2324 2325
3 2382 2381 2324
3 2381 314 2324
3 2381 357 314
3 2380 2384 2383
3 2380 2385 2384
3 2385 2368 2384
3 2385 2369 2368
3 2383 351 352
3 2383 2384 351
3 2384 354 351
3 2384 2368 354
3 2380 2386 2385
3 2380 2387 2386
3 2387 2388 2386
3 2387 2389 2388
3 2385 2377 2369
3 2385 2386 2377
3 2386 2379 2377
3 2386 2388 2379
3 2380 2390 2387
3 2380 2382 2390
3 2382 2330 2390
3 2382 2325 2330
3 2387 2391 2389
3 2387 2390 2391
3 2390 2331 2391
3 2390 2330 2331
3 2392 2393 2394
3 2392 2395 2393
3 2395 160 2393
3 2395 155 160
3 2394 2396 2397
3 2394 2393 2396
3 2393 161 2396
3 2393 160 161
3 2392 2398 2395
3 2392 2399 2398
3 2399 2400 2398
3 2399 2401 2400
3 2395 154 155
3 2395 2398 154
3 2398 121 154
3 2398 2400 121
3 2392 2402 2399
3 2392 2403 2402
3 2403 2404 2402
3 2403 2405 2404
3 2399 2406 2401
3 2399 2402 2406
3 2402 2407 2406
3 2402 2404 2407
3 2392 2408 2403
3 2392 2394 2408
3 2394 2409 2408
3 2394 2397 2409
3 2403 2410 2405
3 2403 2408 2410
3 2408 2411 2410
3 2408 2409 2411
3 2412 2413 2414
3 2412 2415 2413
3 2415 180 2413
3 2415 175 180
3 2414 2206 2207
3 2414 2413 2206
3 2413 181 2206
3 2413 180 181
3 2412 2416 2415
3 2412 2417 2416
3 2417 2396 2416
3 2417 2397 2396
3 2415 174 175
3 2415 2416 174
3 2416 161 174
3 2416 2396 161
3 2412 2418 2417
3 2412 2419 2418
3 2419 2420 2418
3 2419 2421 2420
3 2417 2409 2397
3 2417 2418 2409
3 2418 2411 2409
3 2418 2420 2411
3 2412 2422 2419
3 2412 2414 2422
3 2414 2212 2422
3 2414 2207 2212
3 2419 2423 2421
3 2419 2422 2423
3 2422 2213 2423
3 2422 2212 2213
3 2424 2425 2426
3 2424 2427 2425
3 2427 141 2425
3 2427 135 141
3 2426 2428 2429
3 2426 2425 2428
3 2425 93 2428
3 2425 141 93
3 2424 2430 2427
3 2424 2431 2430
3 2431 1917 2430
3 2431 1918 1917
3 2427 134 135
3 2427 2430 134
3 2430 138 134
3 2430 1917 138
3 2424 2432 2431
3 2424 2433 2432
3 2433 2434 2432
3 2433 2435 2434
3 2431 1930 1918
3 2431 2432 1930
3 2432 1932 1930
3 2432 2434 1932
3 2424 2436 2433
3 2424 2426 2436
3 2426 2437 2436
3 2426 2429 2437
3 2433 2438 2435
3 2433 2436 2438
3 2436 2439 2438
3 2436 2437 2439
3 2440 2441 2442
3 2440 2443 2441
3 2443 98 2441
3 2443 90 98
3 2442 2444 2445
3 2442 2441 2444
3 2441 99 2444
3 2441 98 99
3 2440 2446 2443
3 2440 2447 2446
3 2447 2428 2446
3 2447 2429 2428
3 2443 89 90
3 2443 2446 89
3 2446 93 89
3 2446 2428 93
3 2440 2448 2447
3 2440 2449 2448
3 2449 2450 2448
3 2449 2451 2450
3 2447 2437 2429
3 2447 2448 2437
3 2448 2439 2437
3 2448 2450 2439
3 2440 2452 2449
3 2440 2442 2452
3 2442 2453 2452
3 2442 2445 2453
3 2449 2454 2451
3 2449 2452 2454
3 2452 2455 2454
3 2452 2453 2455
3 2456 2457 2458
3 2456 2459 2457
3 2459 120 2457
3 2459 115 120
3 2458 2400 2401
3 2458 2457 2400
3 2457 121 2400
3 2457 120 121
3 2456 2460 2459
3 2456 2461 2460
3 2461 2444 2460
3 2461 2445 2444
3 2459 114 115
3 2459 2460 114
3 2460 99 114
3 2460 2444 99
3 2456 2462 2461
3 2456 2463 2462
3 2463 2464 2462
3 2463 2465 2464
3 2461 2453 2445
3 2461 2462 2453
3 2462 2455 2453
3 2462 2464 2455
3 2456 2466 2463
3 2456 2458 2466
3 2458 2406 2466
3 2458 2401 2406
3 2463 2467 2465
3 2463 2466 2467
3 2466 2407 2467
3 2466 2406 2407
3 2468 2469 2470
3 2468 2471 2469
3 2471 75 2469
3 2471 70 75
3 2470 1939 1940
3 2470 2469 1939
3 2469 76 1939
3 2469 75 76
3 2468 2472 2471
3 2468 2473 2472
3 2473 2474 2472
3 2473 2475 2474
3 2471 69 70
3 2471 2472 69
3 2472 56 69
3 2472 2474 56
3 2468 2476 2473
3 2468 2477 2476
3 2477 2478 2476
3 2477 2479 2478
3 2473 2480 2475
3 2473 2476 2480
3 2476 2481 2480
3 2476 2478 2481
3 2468 2482 2477
3 2468 2470 2482
3 2470 1945 2482
3 2470 1940 1945
3 2477 2483 2479
3 2477 2482 2483
3 2482 1946 2483
3 2482 1945 1946
3 2484 2485 2486
3 2484 2487 2485
3 2487 55 2485
3 2487 50 55
3 2486 2474 2475
3 2486 2485 2474
3 2485 56 2474
3 2485 55 56
3 2484 2488 2487
3 2484 2489 2488
3 2489 2490 2488
3 2489 2491 2490
3 2487 49 50
3 2487 2488 49
3 2488 36 49
3 2488 2490 36
3 2484 2492 2489
3 2484 2493 2492
3 2493 2494 2492
3 2493 2495 2494
3 2489 2496 2491
3 2489 2492 2496
3 2492 2497 2496
3 2492 2494 2497
3 2484 2498 2493
3 2484 2486 2498
3 2486 2480 2498
3 2486 2475 2480
3 2493 2499 2495
3 2493 2498 2499
3 2498 2481 2499
3 2498 2480 2481
3 2500 2501 2502
3 2500 2503 2501
3 2503 35 2501
3 2503 30 35
3 2502 2490 2491
3 2502 2501 2490
3 2501 36 2490
3 2501 35 36
3 2500 2504 2503
3 2500 2505 2504
3 2505 2506 2504
3 2505 2507 2506
3 2503 29 30
3 2503 2504 29
3 2504 14 29
3 2504 2506 14
3 2500 2508 2505
3 2500 2509 2508
3 2509 2510 2508
3 2509 2511 2510
3 2505 2512 2507
3 2505 2508 2512
3 2508 2513 2512
3 2508 2510 2513
3 2500 2514 2509
3 2500 2502 2514
3 2502 2496 2514
3 2502 2491 2496
3 2509 2515 2511
3 2509 2514 2515
3 2514 2497 2515
3 2514 2496 2497
3 2516 2517 2518
3 2516 2519 2517
3 2519 13 2517
3 2519 5 13
3 2518 2506 2507
3 2518 2517 2506
3 2517 14 2506
3 2517 13 14
3 2516 2520 2519
3 2516 2521 2520
3 2521 2104 2520
3 2521 2105 2104
3 2519 4 5
3 2519 2520 4
3 2520 8 4
3 2520 2104 8
3 2516 2522 2521
3 2516 2523 2522
3 2523 2524 2522
3 2523 2525 2524
3 2521 2117 2105
3 2521 2522 2117
3 2522 2119 2117
3 2522 2524 2119
3 2516 2526 2523
3 2516 2518 2526
3 2518 2512 2526
3 2518 2507 2512
3 2523 2527 2525
3 2523 2526 2527
3 2526 2513 2527
3 2526 2512 2513
3 2528 2529 2530
3 2528 2531 2529
3 2531 2532 2529
3 2531 2533 2532
3 2530 2404 2405
3 2530 2529 2404
3 2529 2407 2404
3 2529 2532 2407
3 2528 2534 2531
3 2528 2535 2534
3 2535 2536 2534
3 2535 2537 2536
3 2531 2538 2533
3 2531 2534 2538
3 2534 2539 2538
3 2534 2536 2539
3 2528 2540 2535
3 2528 2541 2540
3 2541 2542 2540
3 2541 2543 2542
3 2535 2544 2537
3 2535 2540 2544
3 2540 2545 2544
3 2540 2542 2545
3 2528 2546 2541
3 2528 2530 2546
3 2530 2410 2546
3 2530 2405 2410
3 2541 2547 2543
3 2541 2546 2547
3 2546 2411 2547
3 2546 2410 2411
3 2548 2549 2550
3 2548 2551 2549
3 2551 2552 2549
3 2551 2553 2552
3 2550 2554 2555
3 2550 2549 2554
3 2549 2556 2554
3 2549 2552 2556
3 2548 2557 2551
3 2548 2558 2557
3 2558 2391 2557
3 2558 2389 2391
3 2551 2559 2553
3 2551 2557 2559
3 2557 2331 2559
3 2557 2391 2331
3 2548 2560 2558
3 2548 2561 2560
3 2561 2562 2560
3 2561 2563 2562
3 2558 2388 2389
3 2558 2560 2388
3 2560 2379 2388
3 2560 2562 2379
3 2548 2564 2561
3 2548 2550 2564
3 2550 2565 2564
3 2550 2555 2565
3 2561 2566 2563
3 2561 2564 2566
3 2564 2567 2566
3 2564 2565 2567
3 2568 2569 2570
3 2568 2571 2569
3 2571 2547 2569
3 2571 2543 2547
3 2570 2420 2421
3 2570 2569 2420
3 2569 2411 2420
3 2569 2547 2411
3 2568 2572 2571
3 2568 2573 2572
3 2573 2574 2572
3 2573 2575 2574
3 2571 2542 2543
3 2571 2572 2542
3 2572 2545 2542
3 2572 2574 2545
3 2568 2576 2573
3 2568 2577 2576
3 2577 2578 2576
3 2577 2579 2578
3 2573 2580 2575
3 2573 2576 2580
3 2576 2581 2580
3 2576 2578 2581
3 2568 2582 2577
3 2568 2570 2582
3 2570 2423 2582
3 2570 2421 2423
3 2577 2583 2579
3 2577 2582 2583
3 2582 2213 2583
3 2582 2423 2213
3 2584 2585 2586
3 2584 2587 2585
3 2587 2566 2585
3 2587 2563 2566
3 2586 2588 2589
3 2586 2585 2588
3 2585 2567 2588
3 2585 2566 2567
3 2584 2590 2587
3 2584 2591 2590
3 2591 2378 2590
3 2591 2375 2378
3 2587 2562 2563
3 2587 2590 2562
3 2590 2379 2562
3 2590 2378 2379
3 2584 2592 2591
3 2584 2593 2592
3 2593 2594 2592
3 2593 2595 2594
3 2591 2374 2375
3 2591 2592 2374
3 2592 2231 2374
3 2592 2594 2231
3 2584 2596 2593
3 2584 2586 2596
3 2586 2597 2596
3 2586 2589 2597
3 2593 2598 2595
3 2593 2596 2598
3 2596 2599 2598
3 2596 2597 2599
3 2600 2601 2602
3 2600 2603 2601
3 2603 2604 2601
3 2603 2605 2604
3 2602 2434 2435
3 2602 2601 2434
3 2601 1932 2434
3 2601 2604 1932
3 2600 2606 2603
3 2600 2607 2606
3 2607 2608 2606
3 2607 2609 2608
3 2603 2610 2605
3 2603 2606 2610
3 2606 2611 2610
3 2606 2608 2611
3 2600 2612 2607
3 2600 2613 2612
3 2613 2614 2612
3 2613 2615 2614
3 2607 2616 2609
3 2607 2612 2616
3 2612 2617 2616
3 2612 2614 2617
3 2600 2618 2613
3 2600 2602 2618
3 2602 2438 2618
3 2602 2435 2438
3 2613 2619 2615
3 2613 2618 2619
3 2618 2439 2619
3 2618 2438 2439
3 2620 2621 2622
3 2620 2623 2621
3 2623 2624 2621
3 2623 2625 2624
3 2622 2626 2627
3 2622 2621 2626
3 2621 2628 2626
3 2621 2624 2628
3 2620 2629 2623
3 2620 2630 2629
3 2630 2363 2629
3 2630 2361 2363
3 2623 2631 2625
3 2623 2629 2631
3 2629 1910 2631
3 2629 2363 1910
3 2620 2632 2630
3 2620 2633 2632
3 2633 2634 2632
3 2633 2635 2634
3 2630 2360 2361
3 2630 2632 2360
3 2632 2351 2360
3 2632 2634 2351
3 2620 2636 2633
3 2620 2622 2636
3 2622 2637 2636
3 2622 2627 2637
3 2633 2638 2635
3 2633 2636 2638
3 2636 2639 2638
3 2636 2637 2639
3 2640 2641 2642
3 2640 2643 2641
3 2643 2619 2641
3 2643 2615 2619
3 2642 2450 2451
3 2642 2641 2450
3 2641 2439 2450
3 2641 2619 2439
3 2640 2644 2643
3 2640 2645 2644
3 2645 2646 2644
3 2645 2647 2646
3 2643 2614 2615
3 2643 2644 2614
3 2644 2617 2614
3 2644 2646 2617
3 2640 2648 2645
3 2640 2649 2648
3 2649 2650 2648
3 2649 2651 2650
3 2645 2652 2647
3 2645 2648 2652
3 2648 2653 2652
3 2648 2650 2653
3 2640 2654 2649
3 2640 2642 2654
3 2642 2454 2654
3 2642 2451 2454
3 2649 2655 2651
3 2649 2654 2655
3 2654 2455 2655
3 2654 2454 2455
3 2656 2657 2658
3 2656 2659 2657
3 2659 2638 2657
3 2659 2635 2638
3 2658 2660 2661
3 2658 2657 2660
3 2657 2639 2660
3 2657 2638 2639
3 2656 2662 2659
3 2656 2663 2662
3 2663 2350 2662
3 2663 2347 2350
3 2659 2634 2635
3 2659 2662 2634
3 2662 2351 2634
3 2662 2350 2351
3 2656 2664 2663
3 2656 2665 2664
3 2665 2666 2664
3 2665 2667 2666
3 2663 2346 2347
3 2663 2664 2346
3 2664 2335 2346
3 2664 2666 2335
3 2656 2668 2665
3 2656 2658 2668
3 2658 2669 2668
3 2658 2661 2669
3 2665 2670 2667
3 2665 2668 2670
3 2668 2671 2670
3 2668 2669 2671
3 2672 2673 2674
3 2672 2675 2673
3 2675 2655 2673
3 2675 2651 2655
3 2674 2464 2465
3 2674 2673 2464
3 2673 2455 2464
3 2673 2655 2455
3 2672 2676 2675
3 2672 2677 2676
3 2677 2678 2676
3 2677 2679 2678
3 2675 2650 2651
3 2675 2676 2650
3 2676 2653 2650
3 2676 2678 2653
3 2672 2680 2677
3 2672 2681 2680
3 2681 2538 2680
3 2681 2533 2538
3 2677 2682 2679
3 2677 2680 2682
3 2680 2539 2682
3 2680 2538 2539
3 2672 2683 2681
3 2672 2674 2683
3 2674 2467 2683
3 2674 2465 2467
3 2681 2532 2533
3 2681 2683 2532
3 2683 2407 2532
3 2683 2467 2407
3 2684 2685 2686
3 2684 2687 2685
3 2687 2670 2685
3 2687 2667 2670
3 2686 2688 2689
3 2686 2685 2688
3 2685 2671 2688
3 2685 2670 2671
3 2684 2690 2687
3 2684 2691 2690
3 2691 2334 2690
3 2691 2329 2334
3 2687 2666 2667
3 2687 2690 2666
3 2690 2335 2666
3 2690 2334 2335
3 2684 2692 2691
3 2684 2693 2692
3 2693 2559 2692
3 2693 2553 2559
3 2691 2328 2329
3 2691 2692 2328
3 2692 2331 2328
3 2692 2559 2331
3 2684 2694 2693
3 2684 2686 2694
3 2686 2695 2694
3 2686 2689 2695
3 2693 2552 2553
3 2693 2694 2552
3 2694 2556 2552
3 2694 2695 2556
3 2696 2697 2698
3 2696 2699 2697
3 2699 2700 2697
3 2699 2701 2700
3 2698 2478 2479
3 2698 2697 2478
3 2697 2481 2478
3 2697 2700 2481
3 2696 2702 2699
3 2696 2703 2702
3 2703 2704 2702
3 2703 2705 2704
3 2699 2706 2701
3 2699 2702 2706
3 2702 2707 2706
3 2702 2704 2707
3 2696 2708 2703
3 2696 2709 2708
3 2709 2710 2708
3 2709 2711 2710
3 2703 2712 2705
3 2703 2708 2712
3 2708 2713 2712
3 2708 2710 2713
3 2696 2714 2709
3 2696 2698 2714
3 2698 2483 2714
3 2698 2479 2483
3 2709 2715 2711
3 2709 2714 2715
3 2714 1946 2715
3 2714 2483 1946
3 2716 2717 2718
3 2716 2719 2717
3 2719 2720 2717
3 2719 2721 2720
3 2718 2722 2723
3 2718 2717 2722
3 2717 2724 2722
3 2717 2720 2724
3 2716 2725 2719
3 2716 2726 2725
3 2726 2315 2725
3 2726 2313 2315
3 2719 2727 2721
3 2719 2725 2727
3 2725 2301 2727
3 2725 2315 2301
3 2716 2728 2726
3 2716 2729 2728
3 2729 2730 2728
3 2729 2731 2730
3 2726 2312 2313
3 2726 2728 2312
3 2728 1896 2312
3 2728 2730 1896
3 2716 2732 2729
3 2716 2718 2732
3 2718 2733 2732
3 2718 2723 2733
3 2729 2734 2731
3 2729 2732 2734
3 2732 2735 2734
3 2732 2733 2735
3 2736 2737 2738
3 2736 2739 2737
3 2739 2740 2737
3 2739 2741 2740
3 2738 2494 2495
3 2738 2737 2494
3 2737 2497 2494
3 2737 2740 2497
3 2736 2742 2739
3 2736 2743 2742
3 2743 2744 2742
3 2743 2745 2744
3 2739 2746 2741
3 2739 2742 2746
3 2742 2747 2746
3 2742 2744 2747
3 2736 2748 2743
3 2736 2749 2748
3 2749 2706 2748
3 2749 2701 2706
3 2743 2750 2745
3 2743 2748 2750
3 2748 2707 2750
3 2748 2706 2707
3 2736 2751 2749
3 2736 2738 2751
3 2738 2499 2751
3 2738 2495 2499
3 2749 2700 2701
3 2749 2751 2700
3 2751 2481 2700
3 2751 2499 2481
3 2752 2753 2754
3 2752 2755 2753
3 2755 2756 2753
3 2755 2757 2756
3 2754 2758 2759
3 2754 2753 2758
3 2753 2760 2758
3 2753 2756 2760
3 2752 2761 2755
3 2752 2762 2761
3 2762 2303 2761
3 2762 2299 2303
3 2755 2763 2757
3 2755 2761 2763
3 2761 2285 2763
3 2761 2303 2285
3 2752 2764 2762
3 2752 2765 2764
3 2765 2727 2764
3 2765 2721 2727
3 2762 2298 2299
3 2762 2764 2298
3 2764 2301 2298
3 2764 2727 2301
3 2752 2766 2765
3 2752 2754 2766
3 2754 2767 2766
3 2754 2759 2767
3 2765 2720 2721
3 2765 2766 2720
3 2766 2724 2720
3 2766 2767 2724
3 2768 2769 2770
3 2768 2771 2769
3 2771 2772 2769
3 2771 2773 2772
3 2770 2510 2511
3 2770 2769 2510
3 2769 2513 2510
3 2769 2772 2513
3 2768 2774 2771
3 2768 2775 2774
3 2775 2776 2774
3 2775 2777 2776
3 2771 2778 2773
3 2771 2774 2778
3 2774 2779 2778
3 2774 2776 2779
3 2768 2780 2775
3 2768 2781 2780
3 2781 2746 2780
3 2781 2741 2746
3 2775 2782 2777
3 2775 2780 2782
3 2780 2747 2782
3 2780 2746 2747
3 2768 2783 2781
3 2768 2770 2783
3 2770 2515 2783
3 2770 2511 2515
3 2781 2740 2741
3 2781 2783 2740
3 2783 2497 2740
3 2783 2515 2497
3 2784 2785 2786
3 2784 2787 2785
3 2787 2788 2785
3 2787 2789 2788
3 2786 2790 2791
3 2786 2785 2790
3 2785 2792 2790
3 2785 2788 2792
3 2784 2793 2787
3 2784 2794 2793
3 2794 2287 2793
3 2794 2283 2287
3 2787 2795 2789
3 2787 2793 2795
3 2793 2269 2795
3 2793 2287 2269
3 2784 2796 2794
3 2784 2797 2796
3 2797 2763 2796
3 2797 2757 2763
3 2794 2282 2283
3 2794 2796 2282
3 2796 2285 2282
3 2796 2763 2285
3 2784 2798 2797
3 2784 2786 2798
3 2786 2799 2798
3 2786 2791 2799
3 2797 2756 2757
3 2797 2798 2756
3 2798 2760 2756
3 2798 2799 2760
3 2800 2801 2802
3 2800 2803 2801
3 2803 2804 2801
3 2803 2805 2804
3 2802 2524 2525
3 2802 2801 2524
3 2801 2119 2524
3 2801 2804 2119
3 2800 2806 2803
3 2800 2807 2806
3 2807 2808 2806
3 2807 2809 2808
3 2803 2810 2805
3 2803 2806 2810
3 2806 2811 2810
3 2806 2808 2811
3 2800 2812 2807
3 2800 2813 2812
3 2813 2778 2812
3 2813 2773 2778
3 2807 2814 2809
3 2807 2812 2814
3 2812 2779 2814
3 2812 2778 2779
3 2800 2815 2813
3 2800 2802 2815
3 2802 2527 2815
3 2802 2525 2527
3 2813 2772 2773
3 2813 2815 2772
3 2815 2513 2772
3 2815 2527 2513
3 2816 2817 2818
3 2816 2819 2817
3 2819 2820 2817
3 2819 2821 2820
3 2818 2822 2823
3 2818 2817 2822
3 2817 2824 2822
3 2817 2820 2824
3 2816 2825 2819
3 2816 2826 2825
3 2826 2271 2825
3 2826 2267 2271
3 2819 2827 2821
3 2819 2825 2827
3 2825 2097 2827
3 2825 2271 2097
3 2816 2828 2826
3 2816 2829 2828
3 2829 2795 2828
3 2829 2789 2795
3 2826 2266 2267
3 2826 2828 2266
3 2828 2269 2266
3 2828 2795 2269
3 2816 2830 2829
3 2816 2818 2830
3 2818 2831 2830
3 2818 2823 2831
3 2829 2788 2789
3 2829 2830 2788
3 2830 2792 2788
3 2830 2831 2792
3 2832 2833 2834
3 2832 2835 2833
3 2835 2598 2833
3 2835 2595 2598
3 2834 2836 2837
3 2834 2833 2836
3 2833 2599 2836
3 2833 2598 2599
3 2832 2838 2835
3 2832 2839 2838
3 2839 2230 2838
3 2839 2227 2230
3 2835 2594 2595
3 2835 2838 2594
3 2838 2231 2594
3 2838 2230 2231
3 2832 2840 2839
3 2832 2841 2840
3 2841 2842 2840
3 2841 2843 2842
3 2839 2226 2227
3 2839 2840 2226
3 2840 2183 2226
3 2840 2842 2183
3 2832 2844 2841
3 2832 2834 2844
3 2834 2845 2844
3 2834 2837 2845
3 2841 2846 2843
3 2841 2844 2846
3 2844 2847 2846
3 2844 2845 2847
3 2848 2849 2850
3 2848 2851 2849
3 2851 2583 2849
3 2851 2579 2583
3 2850 2210 2211
3 2850 2849 2210
3 2849 2213 2210
3 2849 2583 2213
3 2848 2852 2851
3 2848 2853 2852
3 2853 2854 2852
3 2853 2855 2854
3 2851 2578 2579
3 2851 2852 2578
3 2852 2581 2578
3 2852 2854 2581
3 2848 2856 2853
3 2848 2857 2856
3 2857 2858 2856
3 2857 2859 2858
3 2853 2860 2855
3 2853 2856 2860
3 2856 2861 2860
3 2856 2858 2861
3 2848 2862 2857
3 2848 2850 2862
3 2850 2215 2862
3 2850 2211 2215
3 2857 2863 2859
3 2857 2862 2863
3 2862 2197 2863
3 2862 2215 2197
3 2864 2865 2866
3 2864 2867 2865
3 2867 2863 2865
3 2867 2859 2863
3 2866 2194 2195
3 2866 2865 2194
3 2865 2197 2194
3 2865 2863 2197
3 2864 2868 2867
3 2864 2869 2868
3 2869 2870 2868
3 2869 2871 2870
3 2867 2858 2859
3 2867 2868 2858
3 2868 2861 2858
3 2868 2870 2861
3 2864 2872 2869
3 2864 2873 2872
3 2873 2167 2872
3 2873 2163 2167
3 2869 2874 2871
3 2869 2872 2874
3 2872 1998 2874
3 2872 2167 1998
3 2864 2875 2873
3 2864 2866 2875
3 2866 2199 2875
3 2866 2195 2199
3 2873 2162 2163
3 2873 2875 2162
3 2875 2165 2162
3 2875 2199 2165
3 2876 2877 2878
3 2876 2879 2877
3 2879 2846 2877
3 2879 2843 2846
3 2878 2880 2881
3 2878 2877 2880
3 2877 2847 2880
3 2877 2846 2847
3 2876 2882 2879
3 2876 2883 2882
3 2883 2182 2882
3 2883 2179 2182
3 2879 2842 2843
3 2879 2882 2842
3 2882 2183 2842
3 2882 2182 2183
3 2876 2884 2883
3 2876 2885 2884
3 2885 2150 2884
3 2885 2147 2150
3 2883 2178 2179
3 2883 2884 2178
3 2884 2151 2178
3 2884 2150 2151
3 2876 2886 2885
3 2876 2878 2886
3 2878 2887 2886
3 2878 2881 2887
3 2885 2146 2147
3 2885 2886 2146
3 2886 1968 2146
3 2886 2887 1968
3 2888 2889 2890
3 2888 2891 2889
3 2891 2892 2889
3 2891 2893 2892
3 2890 2252 2253
3 2890 2889 2252
3 2889 2063 2252
3 2889 2892 2063
3 2888 2894 2891
3 2888 2895 2894
3 2895 2896 2894
3 2895 2897 2896
3 2891 2898 2893
3 2891 2894 2898
3 2894 2899 2898
3 2894 2896 2899
3 2888 2900 2895
3 2888 2901 2900
3 2901 2135 2900
3 2901 2131 2135
3 2895 2902 2897
3 2895 2900 2902
3 2900 2115 2902
3 2900 2135 2115
3 2888 2903 2901
3 2888 2890 2903
3 2890 2255 2903
3 2890 2253 2255
3 2901 2130 2131
3 2901 2903 2130
3 2903 2133 2130
3 2903 2255 2133
3 2904 2905 2906
3 2904 2907 2905
3 2907 2908 2905
3 2907 2909 2908
3 2906 2896 2897
3 2906 2905 2896
3 2905 2899 2896
3 2905 2908 2899
3 2904 2910 2907
3 2904 2911 2910
3 2911 2810 2910
3 2911 2805 2810
3 2907 2912 2909
3 2907 2910 2912
3 2910 2811 2912
3 2910 2810 2811
3 2904 2913 2911
3 2904 2914 2913
3 2914 2118 2913
3 2914 2113 2118
3 2911 2804 2805
3 2911 2913 2804
3 2913 2119 2804
3 2913 2118 2119
3 2904 2915 2914
3 2904 2906 2915
3 2906 2902 2915
3 2906 2897 2902
3 2914 2112 2113
3 2914 2915 2112
3 2915 2115 2112
3 2915 2902 2115
3 2916 2917 2918
3 2916 2919 2917
3 2919 2082 2917
3 2919 2077 2082
3 2918 2240 2241
3 2918 2917 2240
3 2917 2083 2240
3 2917 2082 2083
3 2916 2920 2919
3 2916 2921 2920
3 2921 2922 2920
3 2921 2923 2922
3 2919 2076 2077
3 2919 2920 2076
3 2920 2079 2076
3 2920 2922 2079
3 2916 2924 2921
3 2916 2925 2924
3 2925 2926 2924
3 2925 2927 2926
3 2921 2928 2923
3 2921 2924 2928
3 2924 2929 2928
3 2924 2926 2929
3 2916 2930 2925
3 2916 2918 2930
3 2918 2243 2930
3 2918 2241 2243
3 2925 2931 2927
3 2925 2930 2931
3 2930 2020 2931
3 2930 2243 2020
3 2932 2933 2934
3 2932 2935 2933
3 2935 2099 2933
3 2935 2095 2099
3 2934 2922 2923
3 2934 2933 2922
3 2933 2079 2922
3 2933 2099 2079
3 2932 2936 2935
3 2932 2937 2936
3 2937 2827 2936
3 2937 2821 2827
3 2935 2094 2095
3 2935 2936 2094
3 2936 2097 2094
3 2936 2827 2097
3 2932 2938 2937
3 2932 2939 2938
3 2939 2940 2938
3 2939 2941 2940
3 2937 2820 2821
3 2937 2938 2820
3 2938 2824 2820
3 2938 2940 2824
3 2932 2942 2939
3 2932 2934 2942
3 2934 2928 2942
3 2934 2923 2928
3 2939 2943 2941
3 2939 2942 2943
3 2942 2929 2943
3 2942 2928 2929
3 2944 2945 2946
3 2944 2947 2945
3 2947 2948 2945
3 2947 2949 2948
3 2946 2536 2537
3 2946 2945 2536
3 2945 2539 2536
3 2945 2948 2539
3 2944 2950 2947
3 2944 2951 2950
3 2951 2952 2950
3 2951 2953 2952
3 2947 2954 2949
3 2947 2950 2954
3 2950 2955 2954
3 2950 2952 2955
3 2944 2956 2951
3 2944 2957 2956
3 2957 2958 2956
3 2957 2959 2958
3 2951 2960 2953
3 2951 2956 2960
3 2956 2961 2960
3 2956 2958 2961
3 2944 2962 2957
3 2944 2946 2962
3 2946 2544 2962
3 2946 2537 2544
3 2957 2963 2959
3 2957 2962 2963
3 2962 2545 2963
3 2962 2544 2545
3 2964 2965 2966
3 2964 2967 2965
3 2967 2968 2965
3 2967 2969 2968
3 2966 2952 2953
3 2966 2965 2952
3 2965 2955 2952
3 2965 2968 2955
3 2964 2970 2967
3 2964 2971 2970
3 2971 2972 2970
3 2971 2973 2972
3 2967 2974 2969
3 2967 2970 2974
3 2970 2975 2974
3 2970 2972 2975
3 2964 2976 2971
3 2964 2977 2976
3 2977 2978 2976
3 2977 2979 2978
3 2971 2980 2973
3 2971 2976 2980
3 2976 2981 2980
3 2976 2978 2981
3 2964 2982 2977
3 2964 2966 2982
3 2966 2960 2982
3 2966 2953 2960
3 2977 2983 2979
3 2977 2982 2983
3 2982 2961 2983
3 2982 2960 2961
3 2984 2985 2986
3 2984 2987 2985
3 2987 2988 2985
3 2987 2989 2988
3 2986 2972 2973
3 2986 2985 2972
3 2985 2975 2972
3 2985 2988 2975
3 2984 2990 2987
3 2984 2991 2990
3 2991 2554 2990
3 2991 2555 2554
3 2987 2992 2989
3 2987 2990 2992
3 2990 2556 2992
3 2990 2554 2556
3 2984 2993 2991
3 2984 2994 2993
3 2994 2995 2993
3 2994 2996 2995
3 2991 2565 2555
3 2991 2993 2565
3 2993 2567 2565
3 2993 2995 2567
3 2984 2997 2994
3 2984 2986 2997
3 2986 2980 2997
3 2986 2973 2980
3 2994 2998 2996
3 2994 2997 2998
3 2997 2981 2998
3 2997 2980 2981
3 2999 3000 3001
3 2999 3002 3000
3 3002 2963 3000
3 3002 2959 2963
3 3001 2574 2575
3 3001 3000 2574
3 3000 2545 2574
3 3000 2963 2545
3 2999 3003 3002
3 2999 3004 3003
3 3004 3005 3003
3 3004 3006 3005
3 3002 2958 2959
3 3002 3003 2958
3 3003 2961 2958
3 3003 3005 2961
3 2999 3007 3004
3 2999 3008 3007
3 3008 3009 3007
3 3008 3010 3009
3 3004 3011 3006
3 3004 3007 3011
3 3007 3012 3011
3 3007 3009 3012
3 2999 3013 3008
3 2999 3001 3013
3 3001 2580 3013
3 3001 2575 2580
3 3008 3014 3010
3 3008 3013 3014
3 3013 2581 3014
3 3013 2580 2581
3 3015 3016 3017
3 3015 3018 3016
3 3018 2983 3016
3 3018 2979 2983
3 3017 3005 3006
3 3017 3016 3005
3 3016 2961 3005
3 3016 2983 2961
3 3015 3019 3018
3 3015 3020 3019
3 3020 3021 3019
3 3020 3022 3021
3 3018 2978 2979
3 3018 3019 2978
3 3019 2981 2978
3 3019 3021 2981
3 3015 3023 3020
3 3015 3024 3023
3 3024 3025 3023
3 3024 3026 3025
3 3020 3027 3022
3 3020 3023 3027
3 3023 3028 3027
3 3023 3025 3028
3 3015 3029 3024
3 3015 3017 3029
3 3017 3011 3029
3 3017 3006 3011
3 3024 3030 3026
3 3024 3029 3030
3 3029 3012 3030
3 3029 3011 3012
3 3031 3032 3033
3 3031 3034 3032
3 3034 2998 3032
3 3034 2996 2998
3 3033 3021 3022
3 3033 3032 3021
3 3032 2981 3021
3 3032 2998 2981
3 3031 3035 3034
3 3031 3036 3035
3 3036 2588 3035
3 3036 2589 2588
3 3034 2995 2996
3 3034 3035 2995
3 3035 2567 2995
3 3035 2588 2567
3 3031 3037 3036
3 3031 3038 3037
3 3038 3039 3037
3 3038 3040 3039
3 3036 2597 2589
3 3036 3037 2597
3 3037 2599 2597
3 3037 3039 2599
3 3031 3041 3038
3 3031 3033 3041
3 3033 3027 3041
3 3033 3022 3027
3 3038 3042 3040
3 3038 3041 3042
3 3041 3028 3042
3 3041 3027 3028
3 3043 3044 3045
3 3043 3046 3044
3 3046 3047 3044
3 3046 3048 3047
3 3045 2608 2609
3 3045 3044 2608
3 3044 2611 2608
3 3044 3047 2611
3 3043 3049 3046
3 3043 3050 3049
3 3050 3051 3049
3 3050 3052 3051
3 3046 3053 3048
3 3046 3049 3053
3 3049 3054 3053
3 3049 3051 3054
3 3043 3055 3050
3 3043 3056 3055
3 3056 3057 3055
3 3056 3058 3057
3 3050 3059 3052
3 3050 3055 3059
3 3055 3060 3059
3 3055 3057 3060
3 3043 3061 3056
3 3043 3045 3061
3 3045 2616 3061
3 3045 2609 2616
3 3056 3062 3058
3 3056 3061 3062
3 3061 2617 3062
3 3061 2616 2617
3 3063 3064 3065
3 3063 3066 3064
3 3066 3067 3064
3 3066 3068 3067
3 3065 3051 3052
3 3065 3064 3051
3 3064 3054 3051
3 3064 3067 3054
3 3063 3069 3066
3 3063 3070 3069
3 3070 3071 3069
3 3070 3072 3071
3 3066 3073 3068
3 3066 3069 3073
3 3069 3074 3073
3 3069 3071 3074
3 3063 3075 3070
3 3063 3076 3075
3 3076 3077 3075
3 3076 3078 3077
3 3070 3079 3072
3 3070 3075 3079
3 3075 3080 3079
3 3075 3077 3080
3 3063 3081 3076
3 3063 3065 3081
3 3065 3059 3081
3 3065 3052 3059
3 3076 3082 3078
3 3076 3081 3082
3 3081 3060 3082
3 3081 3059 3060
3 3083 3084 3085
3 3083 3086 3084
3 3086 3087 3084
3 3086 3088 3087
3 3085 3071 3072
3 3085 3084 3071
3 3084 3074 3071
3 3084 3087 3074
3 3083 3089 3086
3 3083 3090 3089
3 3090 2626 3089
3 3090 2627 2626
3 3086 3091 3088
3 3086 3089 3091
3 3089 2628 3091
3 3089 2626 2628
3 3083 3092 3090
3 3083 3093 3092
3 3093 3094 3092
3 3093 3095 3094
3 3090 2637 2627
3 3090 3092 2637
3 3092 2639 2637
3 3092 3094 2639
3 3083 3096 3093
3 3083 3085 3096
3 3085 3079 3096
3 3085 3072 3079
3 3093 3097 3095
3 3093 3096 3097
3 3096 3080 3097
3 3096 3079 3080
3 3098 3099 3100
3 3098 3101 3099
3 3101 3062 3099
3 3101 3058 3062
3 3100 2646 2647
3 3100 3099 2646
3 3099 2617 2646
3 3099 3062 2617
3 3098 3102 3101
3 3098 3103 3102
3 3103 3104 3102
3 3103 3105 3104
3 3101 3057 3058
3 3101 3102 3057
3 3102 3060 3057
3 3102 3104 3060
3 3098 3106 3103
3 3098 3107 3106
3 3107 3108 3106
3 3107 3109 3108
3 3103 3110 3105
3 3103 3106 3110
3 3106 3111 3110
3 3106 3108 3111
3 3098 3112 3107
3 3098 3100 3112
3 3100 2652 3112
3 3100 2647 2652
3 3107 3113 3109
3 3107 3112 3113
3 3112 2653 3113
3 3112 2652 2653
3 3114 3115 3116
3 3114 3117 3115
3 3117 3082 3115
3 3117 3078 3082
3 3116 3104 3105
3 3116 3115 3104
3 3115 3060 3104
3 3115 3082 3060
3 3114 3118 3117
3 3114 3119 3118
3 3119 3120 3118
3 3119 3121 3120
3 3117 3077 3078
3 3117 3118 3077
3 3118 3080 3077
3 3118 3120 3080
3 3114 3122 3119
3 3114 3123 3122
3 3123 3124 3122
3 3123 3125 3124
3 3119 3126 3121
3 3119 3122 3126
3 3122 3127 3126
3 3122 3124 3127
3 3114 3128 3123
3 3114 3116 3128
3 3116 3110 3128
3 3116 3105 3110
3 3123 3129 3125
3 3123 3128 3129
3 3128 3111 3129
3 3128 3110 3111
3 3130 3131 3132
3 3130 3133 3131
3 3133 3097 3131
3 3133 3095 3097
3 3132 3120 3121
3 3132 3131 3120
3 3131 3080 3120
3 3131 3097 3080
3 3130 3134 3133
3 3130 3135 3134
3 3135 2660 3134
3 3135 2661 2660
3 3133 3094 3095
3 3133 3134 3094
3 3134 2639 3094
3 3134 2660 2639
3 3130 3136 3135
3 3130 3137 3136
3 3137 3138 3136
3 3137 3139 3138
3 3135 2669 2661
3 3135 3136 2669
3 3136 2671 2669
3 3136 3138 2671
3 3130 3140 3137
3 3130 3132 3140
3 3132 3126 3140
3 3132 3121 3126
3 3137 3141 3139
3 3137 3140 3141
3 3140 3127 3141
3 3140 3126 3127
3 3142 3143 3144
3 3142 3145 3143
3 3145 3113 3143
3 3145 3109 3113
3 3144 2678 2679
3 3144 3143 2678
3 3143 2653 2678
3 3143 3113 2653
3 3142 3146 3145
3 3142 3147 3146
3 3147 3148 3146
3 3147 3149 3148
3 3145 3108 3109
3 3145 3146 3108
3 3146 3111 3108
3 3146 3148 3111
3 3142 3150 3147
3 3142 3151 3150
3 3151 2954 3150
3 3151 2949 2954
3 3147 3152 3149
3 3147 3150 3152
3 3150 2955 3152
3 3150 2954 2955
3 3142 3153 3151
3 3142 3144 3153
3 3144 2682 3153
3 3144 2679 2682
3 3151 2948 2949
3 3151 3153 2948
3 3153 2539 2948
3 3153 2682 2539
3 3154 3155 3156
3 3154 3157 3155
3 3157 3129 3155
3 3157 3125 3129
3 3156 3148 3149
3 3156 3155 3148
3 3155 3111 3148
3 3155 3129 3111
3 3154 3158 3157
3 3154 3159 3158
3 3159 3160 3158
3 3159 3161 3160
3 3157 3124 3125
3 3157 3158 3124
3 3158 3127 3124
3 3158 3160 3127
3 3154 3162 3159
3 3154 3163 3162
3 3163 2974 3162
3 3163 2969 2974
3 3159 3164 3161
3 3159 3162 3164
3 3162 2975 3164
3 3162 2974 2975
3 3154 3165 3163
3 3154 3156 3165
3 3156 3152 3165
3 3156 3149 3152
3 3163 2968 2969
3 3163 3165 2968
3 3165 2955 2968
3 3165 3152 2955
3 3166 3167 3168
3 3166 3169 3167
3 3169 3141 3167
3 3169 3139 3141
3 3168 3160 3161
3 3168 3167 3160
3 3167 3127 3160
3 3167 3141 3127
3 3166 3170 3169
3 3166 3171 3170
3 3171 2688 3170
3 3171 2689 2688
3 3169 3138 3139
3 3169 3170 3138
3 3170 2671 3138
3 3170 2688 2671
3 3166 3172 3171
3 3166 3173 3172
3 3173 2992 3172
3 3173 2989 2992
3 3171 2695 2689
3 3171 3172 2695
3 3172 2556 2695
3 3172 2992 2556
3 3166 3174 3173
3 3166 3168 3174
3 3168 3164 3174
3 3168 3161 3164
3 3173 2988 2989
3 3173 3174 2988
3 3174 2975 2988
3 3174 3164 2975
3 3175 3176 3177
3 3175 3178 3176
3 3178 3179 3176
3 3178 3180 3179
3 3177 2704 2705
3 3177 3176 2704
3 3176 2707 2704
3 3176 3179 2707
3 3175 3181 3178
3 3175 3182 3181
3 3182 3183 3181
3 3182 3184 3183
3 3178 3185 3180
3 3178 3181 3185
3 3181 3186 3185
3 3181 3183 3186
3 3175 3187 3182
3 3175 3188 3187
3 3188 3189 3187
3 3188 3190 3189
3 3182 3191 3184
3 3182 3187 3191
3 3187 3192 3191
3 3187 3189 3192
3 3175 3193 3188
3 3175 3177 3193
3 3177 2712 3193
3 3177 2705 2712
3 3188 3194 3190
3 3188 3193 3194
3 3193 2713 3194
3 3193 2712 2713
3 3195 3196 3197
3 3195 3198 3196
3 3198 3199 3196
3 3198 3200 3199
3 3197 3183 3184
3 3197 3196 3183
3 3196 3186 3183
3 3196 3199 3186
3 3195 3201 3198
3 3195 3202 3201
3 3202 3203 3201
3 3202 3204 3203
3 3198 3205 3200
3 3198 3201 3205
3 3201 3206 3205
3 3201 3203 3206
3 3195 3207 3202
3 3195 3208 3207
3 3208 3209 3207
3 3208 3210 3209
3 3202 3211 3204
3 3202 3207 3211
3 3207 3212 3211
3 3207 3209 3212
3 3195 3213 3208
3 3195 3197 3213
3 3197 3191 3213
3 3197 3184 3191
3 3208 3214 3210
3 3208 3213 3214
3 3213 3192 3214
3 3213 3191 3192
3 3215 3216 3217
3 3215 3218 3216
3 3218 3219 3216
3 3218 3220 3219
3 3217 3203 3204
3 3217 3216 3203
3 3216 3206 3203
3 3216 3219 3206
3 3215 3221 3218
3 3215 3222 3221
3 3222 2722 3221
3 3222 2723 2722
3 3218 3223 3220
3 3218 3221 3223
3 3221 2724 3223
3 3221 2722 2724
3 3215 3224 3222
3 3215 3225 3224
3 3225 3226 3224
3 3225 3227 3226
3 3222 2733 2723
3 3222 3224 2733
3 3224 2735 2733
3 3224 3226 2735
3 3215 3228 3225
3 3215 3217 3228
3 3217 3211 3228
3 3217 3204 3211
3 3225 3229 3227
3 3225 3228 3229
3 3228 3212 3229
3 3228 3211 3212
3 3230 3231 3232
3 3230 3233 3231
3 3233 3234 3231
3 3233 3235 3234
3 3232 2744 2745
3 3232 3231 2744
3 3231 2747 2744
3 3231 3234 2747
3 3230 3236 3233
3 3230 3237 3236
3 3237 3238 3236
3 3237 3239 3238
3 3233 3240 3235
3 3233 3236 3240
3 3236 3241 3240
3 3236 3238 3241
3 3230 3242 3237
3 3230 3243 3242
3 3243 3185 3242
3 3243 3180 3185
3 3237 3244 3239
3 3237 3242 3244
3 3242 3186 3244
3 3242 3185 3186
3 3230 3245 3243
3 3230 3232 3245
3 3232 2750 3245
3 3232 2745 2750
3 3243 3179 3180
3 3243 3245 3179
3 3245 2707 3179
3 3245 2750 2707
3 3246 3247 3248
3 3246 3249 3247
3 3249 3250 3247
3 3249 3251 3250
3 3248 3238 3239
3 3248 3247 3238
3 3247 3241 3238
3 3247 3250 3241
3 3246 3252 3249
3 3246 3253 3252
3 3253 3254 3252
3 3253 3255 3254
3 3249 3256 3251
3 3249 3252 3256
3 3252 3257 3256
3 3252 3254 3257
3 3246 3258 3253
3 3246 3259 3258
3 3259 3205 3258
3 3259 3200 3205
3 3253 3260 3255
3 3253 3258 3260
3 3258 3206 3260
3 3258 3205 3206
3 3246 3261 3259
3 3246 3248 3261
3 3248 3244 3261
3 3248 3239 3244
3 3259 3199 3200
3 3259 3261 3199
3 3261 3186 3199
3 3261 3244 3186
3 3262 3263 3264
3 3262 3265 3263
3 3265 3266 3263
3 3265 3267 3266
3 3264 3254 3255
3 3264 3263 3254
3 3263 3257 3254
3 3263 3266 3257
3 3262 3268 3265
3 3262 3269 3268
3 3269 2758 3268
3 3269 2759 2758
3 3265 3270 3267
3 3265 3268 3270
3 3268 2760 3270
3 3268 2758 2760
3 3262 3271 3269
3 3262 3272 3271
3 3272 3223 3271
3 3272 3220 3223
3 3269 2767 2759
3 3269 3271 2767
3 3271 2724 2767
3 3271 3223 2724
3 3262 3273 3272
3 3262 3264 3273
3 3264 3260 3273
3 3264 3255 3260
3 3272 3219 3220
3 3272 3273 3219
3 3273 3206 3219
3 3273 3260 3206
3 3274 3275 3276
3 3274 3277 3275
3 3277 3278 3275
3 3277 3279 3278
3 3276 2776 2777
3 3276 3275 2776
3 3275 2779 2776
3 3275 3278 2779
3 3274 3280 3277
3 3274 3281 3280
3 3281 3282 3280
3 3281 3283 3282
3 3277 3284 3279
3 3277 3280 3284
3 3280 3285 3284
3 3280 3282 3285
3 3274 3286 3281
3 3274 3287 3286
3 3287 3240 3286
3 3287 3235 3240
3 3281 3288 3283
3 3281 3286 3288
3 3286 3241 3288
3 3286 3240 3241
3 3274 3289 3287
3 3274 3276 3289
3 3276 2782 3289
3 3276 2777 2782
3 3287 3234 3235
3 3287 3289 3234
3 3289 2747 3234
3 3289 2782 2747
3 3290 3291 3292
3 3290 3293 3291
3 3293 3294 3291
3 3293 3295 3294
3 3292 3282 3283
3 3292 3291 3282
3 3291 3285 3282
3 3291 3294 3285
3 3290 3296 3293
3 3290 3297 3296
3 3297 3298 3296
3 3297 3299 3298
3 3293 3300 3295
3 3293 3296 3300
3 3296 3301 3300
3 3296 3298 3301
3 3290 3302 3297
3 3290 3303 3302
3 3303 3256 3302
3 3303 3251 3256
3 3297 3304 3299
3 3297 3302 3304
3 3302 3257 3304
3 3302 3256 3257
3 3290 3305 3303
3 3290 3292 3305
3 3292 3288 3305
3 3292 3283 3288
3 3303 3250 3251
3 3303 3305 3250
3 3305 3241 3250
3 3305 3288 3241
3 3306 3307 3308
3 3306 3309 3307
3 3309 3310 3307
3 3309 3311 3310
3 3308 3298 3299
3 3308 3307 3298
3 3307 3301 3298
3 3307 3310 3301
3 3306 3312 3309
3 3306 3313 3312
3 3313 2790 3312
3 3313 2791 2790
3 3309 3314 3311
3 3309 3312 3314
3 3312 2792 3314
3 3312 2790 2792
3 3306 3315 3313
3 3306 3316 3315
3 3316 3270 3315
3 3316 3267 3270
3 3313 2799 2791
3 3313 3315 2799
3 3315 2760 2799
3 3315 3270 2760
3 3306 3317 3316
3 3306 3308 3317
3 3308 3304 3317
3 3308 3299 3304
3 3316 3266 3267
3 3316 3317 3266
3 3317 3257 3266
3 3317 3304 3257
3 3318 3319 3320
3 3318 3321 3319
3 3321 3322 3319
3 3321 3323 3322
3 3320 2808 2809
3 3320 3319 2808
3 3319 2811 2808
3 3319 3322 2811
3 3318 3324 3321
3 3318 3325 3324
3 3325 3326 3324
3 3325 3327 3326
3 3321 3328 3323
3 3321 3324 3328
3 3324 3329 3328
3 3324 3326 3329
3 3318 3330 3325
3 3318 3331 3330
3 3331 3284 3330
3 3331 3279 3284
3 3325 3332 3327
3 3325 3330 3332
3 3330 3285 3332
3 3330 3284 3285
3 3318 3333 3331
3 3318 3320 3333
3 3320 2814 3333
3 3320 2809 2814
3 3331 3278 3279
3 3331 3333 3278
3 3333 2779 3278
3 3333 2814 2779
3 3334 3335 3336
3 3334 3337 3335
3 3337 3338 3335
3 3337 3339 3338
3 3336 3326 3327
3 3336 3335 3326
3 3335 3329 3326
3 3335 3338 3329
3 3334 3340 3337
3 3334 3341 3340
3 3341 3342 3340
3 3341 3343 3342
3 3337 3344 3339
3 3337 3340 3344
3 3340 3345 3344
3 3340 3342 3345
3 3334 3346 3341
3 3334 3347 3346
3 3347 3300 3346
3 3347 3295 3300
3 3341 3348 3343
3 3341 3346 3348
3 3346 3301 3348
3 3346 3300 3301
3 3334 3349 3347
3 3334 3336 3349
3 3336 3332 3349
3 3336 3327 3332
3 3347 3294 3295
3 3347 3349 3294
3 3349 3285 3294
3 3349 3332 3285
3 3350 3351 3352
3 3350 3353 3351
3 3353 3354 3351
3 3353 3355 3354
3 3352 3342 3343
3 3352 3351 3342
3 3351 3345 3342
3 3351 3354 3345
3 3350 3356 3353
3 3350 3357 3356
3 3357 2822 3356
3 3357 2823 2822
3 3353 3358 3355
3 3353 3356 3358
3 3356 2824 3358
3 3356 2822 2824
3 3350 3359 3357
3 3350 3360 3359
3 3360 3314 3359
3 3360 3311 3314
3 3357 2831 2823
3 3357 3359 2831
3 3359 2792 2831
3 3359 3314 2792
3 3350 3361 3360
3 3350 3352 3361
3 3352 3348 3361
3 3352 3343 3348
3 3360 3310 3311
3 3360 3361 3310
3 3361 3301 3310
3 3361 3348 3301
3 3362 3363 3364
3 3362 3365 3363
3 3365 3014 3363
3 3365 3010 3014
3 3364 2854 2855
3 3364 3363 2854
3 3363 2581 2854
3 3363 3014 2581
3 3362 3366 3365
3 3362 3367 3366
3 3367 3368 3366
3 3367 3369 3368
3 3365 3009 3010
3 3365 3366 3009
3 3366 3012 3009
3 3366 3368 3012
3 3362 3370 3367
3 3362 3371 3370
3 3371 3372 3370
3 3371 3373 3372
3 3367 3374 3369
3 3367 3370 3374
3 3370 3375 3374
3 3370 3372 3375
3 3362 3376 3371
3 3362 3364 3376
3 3364 2860 3376
3 3364 2855 2860
3 3371 3377 3373
3 3371 3376 3377
3 3376 2861 3377
3 3376 2860 2861
3 3378 3379 3380
3 3378 3381 3379
3 3381 3030 3379
3 3381 3026 3030
3 3380 3368 3369
3 3380 3379 3368
3 3379 3012 3368
3 3379 3030 3012
3 3378 3382 3381
3 3378 3383 3382
3 3383 3384 3382
3 3383 3385 3384
3 3381 3025 3026
3 3381 3382 3025
3 3382 3028 3025
3 3382 3384 3028
3 3378 3386 3383
3 3378 3387 3386
3 3387 3388 3386
3 3387 3389 3388
3 3383 3390 3385
3 3383 3386 3390
3 3386 3391 3390
3 3386 3388 3391
3 3378 3392 3387
3 3378 3380 3392
3 3380 3374 3392
3 3380 3369 3374
3 3387 3393 3389
3 3387 3392 3393
3 3392 3375 3393
3 3392 3374 3375
3 3394 3395 3396
3 3394 3397 3395
3 3397 3042 3395
3 3397 3040 3042
3 3396 3384 3385
3 3396 3395 3384
3 3395 3028 3384
3 3395 3042 3028
3 3394 3398 3397
3 3394 3399 3398
3 3399 2836 3398
3 3399 2837 2836
3 3397 3039 3040
3 3397 3398 3039
3 3398 2599 3039
3 3398 2836 2599
3 3394 3400 3399
3 3394 3401 3400
3 3401 3402 3400
3 3401 3403 3402
3 3399 2845 2837
3 3399 3400 2845
3 3400 2847 2845
3 3400 3402 2847
3 3394 3404 3401
3 3394 3396 3404
3 3396 3390 3404
3 3396 3385 3390
3 3401 3405 3403
3 3401 3404 3405
3 3404 3391 3405
3 3404 3390 3391
3 3406 3407 3408
3 3406 3409 3407
3 3409 3377 3407
3 3409 3373 3377
3 3408 2870 2871
3 3408 3407 2870
3 3407 2861 2870
3 3407 3377 2861
3 3406 3410 3409
3 3406 3411 3410
3 3411 3412 3410
3 3411 3413 3412
3 3409 3372 3373
3 3409 3410 3372
3 3410 3375 3372
3 3410 3412 3375
3 3406 3414 3411
3 3406 3415 3414
3 3415 2000 3414
3 3415 1996 2000
3 3411 3416 3413
3 3411 3414 3416
3 3414 1982 3416
3 3414 2000 1982
3 3406 3417 3415
3 3406 3408 3417
3 3408 2874 3417
3 3408 2871 2874
3 3415 1995 1996
3 3415 3417 1995
3 3417 1998 1995
3 3417 2874 1998
3 3418 3419 3420
3 3418 3421 3419
3 3421 3393 3419
3 3421 3389 3393
3 3420 3412 3413
3 3420 3419 3412
3 3419 3375 3412
3 3419 3393 3375
3 3418 3422 3421
3 3418 3423 3422
3 3423 3424 3422
3 3423 3425 3424
3 3421 3388 3389
3 3421 3422 3388
3 3422 3391 3388
3 3422 3424 3391
3 3418 3426 3423
3 3418 3427 3426
3 3427 1984 3426
3 3427 1980 1984
3 3423 3428 3425
3 3423 3426 3428
3 3426 1964 3428
3 3426 1984 1964
3 3418 3429 3427
3 3418 3420 3429
3 3420 3416 3429
3 3420 3413 3416
3 3427 1979 1980
3 3427 3429 1979
3 3429 1982 1979
3 3429 3416 1982
3 3430 3431 3432
3 3430 3433 3431
3 3433 3405 3431
3 3433 3403 3405
3 3432 3424 3425
3 3432 3431 3424
3 3431 3391 3424
3 3431 3405 3391
3 3430 3434 3433
3 3430 3435 3434
3 3435 2880 3434
3 3435 2881 2880
3 3433 3402 3403
3 3433 3434 3402
3 3434 2847 3402
3 3434 2880 2847
3 3430 3436 3435
3 3430 3437 3436
3 3437 1967 3436
3 3437 1962 1967
3 3435 2887 2881
3 3435 3436 2887
3 3436 1968 2887
3 3436 1967 1968
3 3430 3438 3437
3 3430 3432 3438
3 3432 3428 3438
3 3432 3425 3428
3 3437 1961 1962
3 3437 3438 1961
3 3438 1964 1961
3 3438 3428 1964
3 3439 3440 3441
3 3439 3442 3440
3 3442 3443 3440
3 3442 3444 3443
3 3441 2926 2927
3 3441 3440 2926
3 3440 2929 2926
3 3440 3443 2929
3 3439 3445 3442
3 3439 3446 3445
3 3446 3447 3445
3 3446 3448 3447
3 3442 3449 3444
3 3442 3445 3449
3 3445 3450 3449
3 3445 3447 3450
3 3439 3451 3446
3 3439 3452 3451
3 3452 2023 3451
3 3452 2018 2023
3 3446 3453 3448
3 3446 3451 3453
3 3451 2024 3453
3 3451 2023 2024
3 3439 3454 3452
3 3439 3441 3454
3 3441 2931 3454
3 3441 2927 2931
3 3452 2017 2018
3 3452 3454 2017
3 3454 2020 2017
3 3454 2931 2020
3 3455 3456 3457
3 3455 3458 3456
3 3458 3459 3456
3 3458 3460 3459
3 3457 3447 3448
3 3457 3456 3447
3 3456 3450 3447
3 3456 3459 3450
3 3455 3461 3458
3 3455 3462 3461
3 3462 3463 3461
3 3462 3464 3463
3 3458 3465 3460
3 3458 3461 3465
3 3461 3466 3465
3 3461 3463 3466
3 3455 3467 3462
3 3455 3468 3467
3 3468 2043 3467
3 3468 2040 2043
3 3462 3469 3464
3 3462 3467 3469
3 3467 2044 3469
3 3467 2043 2044
3 3455 3470 3468
3 3455 3457 3470
3 3457 3453 3470
3 3457 3448 3453
3 3468 2039 2040
3 3468 3470 2039
3 3470 2024 2039
3 3470 3453 2024
3 3471 3472 3473
3 3471 3474 3472
3 3474 3475 3472
3 3474 3476 3475
3 3473 3463 3464
3 3473 3472 3463
3 3472 3466 3463
3 3472 3475 3466
3 3471 3477 3474
3 3471 3478 3477
3 3478 2898 3477
3 3478 2893 2898
3 3474 3479 3476
3 3474 3477 3479
3 3477 2899 3479
3 3477 2898 2899
3 3471 3480 3478
3 3471 3481 3480
3 3481 2062 3480
3 3481 2059 2062
3 3478 2892 2893
3 3478 3480 2892
3 3480 2063 2892
3 3480 2062 2063
3 3471 3482 3481
3 3471 3473 3482
3 3473 3469 3482
3 3473 3464 3469
3 3481 2058 2059
3 3481 3482 2058
3 3482 2044 2058
3 3482 3469 2044
3 3483 3484 3485
3 3483 3486 3484
3 3486 3358 3484
3 3486 3355 3358
3 3485 2940 2941
3 3485 3484 2940
3 3484 2824 2940
3 3484 3358 2824
3 3483 3487 3486
3 3483 3488 3487
3 3488 3489 3487
3 3488 3490 3489
3 3486 3354 3355
3 3486 3487 3354
3 3487 3345 3354
3 3487 3489 3345
3 3483 3491 3488
3 3483 3492 3491
3 3492 3449 3491
3 3492 3444 3449
3 3488 3493 3490
3 3488 3491 3493
3 3491 3450 3493
3 3491 3449 3450
3 3483 3494 3492
3 3483 3485 3494
3 3485 2943 3494
3 3485 2941 2943
3 3492 3443 3444
3 3492 3494 3443
3 3494 2929 3443
3 3494 2943 2929
3 3495 3496 3497
3 3495 3498 3496
3 3498 3344 3496
3 3498 3339 3344
3 3497 3489 3490
3 3497 3496 3489
3 3496 3345 3489
3 3496 3344 3345
3 3495 3499 3498
3 3495 3500 3499
3 3500 3501 3499
3 3500 3502 3501
3 3498 3338 3339
3 3498 3499 3338
3 3499 3329 3338
3 3499 3501 3329
3 3495 3503 3500
3 3495 3504 3503
3 3504 3465 3503
3 3504 3460 3465
3 3500 3505 3502
3 3500 3503 3505
3 3503 3466 3505
3 3503 3465 3466
3 3495 3506 3504
3 3495 3497 3506
3 3497 3493 3506
3 3497 3490 3493
3 3504 3459 3460
3 3504 3506 3459
3 3506 3450 3459
3 3506 3493 3450
3 3507 3508 3509
3 3507 3510 3508
3 3510 3328 3508
3 3510 3323 3328
3 3509 3501 3502
3 3509 3508 3501
3 3508 3329 3501
3 3508 3328 3329
3 3507 3511 3510
3 3507 3512 3511
3 3512 2912 3511
3 3512 2909 2912
3 3510 3322 3323
3 3510 3511 3322
3 3511 2811 3322
3 3511 2912 2811
3 3507 3513 3512
3 3507 3514 3513
3 3514 3479 3513
3 3514 3476 3479
3 3512 2908 2909
3 3512 3513 2908
3 3513 2899 2908
3 3513 3479 2899
3 3507 3515 3514
3 3507 3509 3515
3 3509 3505 3515
3 3509 3502 3505
3 3514 3475 3476
3 3514 3515 3475
3 3515 3466 3475
3 3515 3505 3466
3 3516 3517 3518
3 3516 3519 3517
3 3519 3520 3517
3 3519 3521 3520
3 3518 2710 2711
3 3518 3517 2710
3 3517 2713 2710
3 3517 3520 2713
3 3516 3522 3519
3 3516 3523 3522
3 3523 3524 3522
3 3523 3525 3524
3 3519 3526 3521
3 3519 3522 3526
3 3522 3527 3526
3 3522 3524 3527
3 3516 3528 3523
3 3516 3529 3528
3 3529 1948 3528
3 3529 1944 1948
3 3523 3530 3525
3 3523 3528 3530
3 3528 1928 3530
3 3528 1948 1928
3 3516 3531 3529
3 3516 3518 3531
3 3518 2715 3531
3 3518 2711 2715
3 3529 1943 1944
3 3529 3531 1943
3 3531 1946 1943
3 3531 2715 1946
3 3532 3533 3534
3 3532 3535 3533
3 3535 3536 3533
3 3535 3537 3536
3 3534 3524 3525
3 3534 3533 3524
3 3533 3527 3524
3 3533 3536 3527
3 3532 3538 3535
3 3532 3539 3538
3 3539 2610 3538
3 3539 2605 2610
3 3535 3540 3537
3 3535 3538 3540
3 3538 2611 3540
3 3538 2610 2611
3 3532 3541 3539
3 3532 3542 3541
3 3542 1931 3541
3 3542 1926 1931
3 3539 2604 2605
3 3539 3541 2604
3 3541 1932 2604
3 3541 1931 1932
3 3532 3543 3542
3 3532 3534 3543
3 3534 3530 3543
3 3534 3525 3530
3 3542 1925 1926
3 3542 3543 1925
3 3543 1928 1925
3 3543 3530 1928
3 3544 3545 3546
3 3544 3547 3545
3 3547 1895 3545
3 3547 1890 1895
3 3546 2730 2731
3 3546 3545 2730
3 3545 1896 2730
3 3545 1895 1896
3 3544 3548 3547
3 3544 3549 3548
3 3549 3550 3548
3 3549 3551 3550
3 3547 1889 1890
3 3547 3548 1889
3 3548 1892 1889
3 3548 3550 1892
3 3544 3552 3549
3 3544 3553 3552
3 3553 3554 3552
3 3553 3555 3554
3 3549 3556 3551
3 3549 3552 3556
3 3552 3557 3556
3 3552 3554 3557
3 3544 3558 3553
3 3544 3546 3558
3 3546 2734 3558
3 3546 2731 2734
3 3553 3559 3555
3 3553 3558 3559
3 3558 2735 3559
3 3558 2734 2735
3 3560 3561 3562
3 3560 3563 3561
3 3563 1912 3561
3 3563 1908 1912
3 3562 3550 3551
3 3562 3561 3550
3 3561 1892 3550
3 3561 1912 1892
3 3560 3564 3563
3 3560 3565 3564
3 3565 2631 3564
3 3565 2625 2631
3 3563 1907 1908
3 3563 3564 1907
3 3564 1910 1907
3 3564 2631 1910
3 3560 3566 3565
3 3560 3567 3566
3 3567 3568 3566
3 3567 3569 3568
3 3565 2624 2625
3 3565 3566 2624
3 3566 2628 2624
3 3566 3568 2628
3 3560 3570 3567
3 3560 3562 3570
3 3562 3556 3570
3 3562 3551 3556
3 3567 3571 3569
3 3567 3570 3571
3 3570 3557 3571
3 3570 3556 3557
3 3572 3573 3574
3 3572 3575 3573
3 3575 3576 3573
3 3575 3577 3576
3 3574 3189 3190
3 3574 3573 3189
3 3573 3192 3189
3 3573 3576 3192
3 3572 3578 3575
3 3572 3579 3578
3 3579 3580 3578
3 3579 3581 3580
3 3575 3582 3577
3 3575 3578 3582
3 3578 3583 3582
3 3578 3580 3583
3 3572 3584 3579
3 3572 3585 3584
3 3585 3526 3584
3 3585 3521 3526
3 3579 3586 3581
3 3579 3584 3586
3 3584 3527 3586
3 3584 3526 3527
3 3572 3587 3585
3 3572 3574 3587
3 3574 3194 3587
3 3574 3190 3194
3 3585 3520 3521
3 3585 3587 3520
3 3587 2713 3520
3 3587 3194 2713
3 3588 3589 3590
3 3588 3591 3589
3 3591 3592 3589
3 3591 3593 3592
3 3590 3580 3581
3 3590 3589 3580
3 3589 3583 3580
3 3589 3592 3583
3 3588 3594 3591
3 3588 3595 3594
3 3595 3053 3594
3 3595 3048 3053
3 3591 3596 3593
3 3591 3594 3596
3 3594 3054 3596
3 3594 3053 3054
3 3588 3597 3595
3 3588 3598 3597
3 3598 3540 3597
3 3598 3537 3540
3 3595 3047 3048
3 3595 3597 3047
3 3597 2611 3047
3 3597 3540 2611
3 3588 3599 3598
3 3588 3590 3599
3 3590 3586 3599
3 3590 3581 3586
3 3598 3536 3537
3 3598 3599 3536
3 3599 3527 3536
3 3599 3586 3527
3 3600 3601 3602
3 3600 3603 3601
3 3603 3604 3601
3 3603 3605 3604
3 3602 3209 3210
3 3602 3601 3209
3 3601 3212 3209
3 3601 3604 3212
3 3600 3606 3603
3 3600 3607 3606
3 3607 3608 3606
3 3607 3609 3608
3 3603 3610 3605
3 3603 3606 3610
3 3606 3611 3610
3 3606 3608 3611
3 3600 3612 3607
3 3600 3613 3612
3 3613 3582 3612
3 3613 3577 3582
3 3607 3614 3609
3 3607 3612 3614
3 3612 3583 3614
3 3612 3582 3583
3 3600 3615 3613
3 3600 3602 3615
3 3602 3214 3615
3 3602 3210 3214
3 3613 3576 3577
3 3613 3615 3576
3 3615 3192 3576
3 3615 3214 3192
3 3616 3617 3618
3 3616 3619 3617
3 3619 3620 3617
3 3619 3621 3620
3 3618 3608 3609
3 3618 3617 3608
3 3617 3611 3608
3 3617 3620 3611
3 3616 3622 3619
3 3616 3623 3622
3 3623 3073 3622
3 3623 3068 3073
3 3619 3624 3621
3 3619 3622 3624
3 3622 3074 3624
3 3622 3073 3074
3 3616 3625 3623
3 3616 3626 3625
3 3626 3596 3625
3 3626 3593 3596
3 3623 3067 3068
3 3623 3625 3067
3 3625 3054 3067
3 3625 3596 3054
3 3616 3627 3626
3 3616 3618 3627
3 3618 3614 3627
3 3618 3609 3614
3 3626 3592 3593
3 3626 3627 3592
3 3627 3583 3592
3 3627 3614 3583
3 3628 3629 3630
3 3628 3631 3629
3 3631 3559 3629
3 3631 3555 3559
3 3630 3226 3227
3 3630 3629 3226
3 3629 2735 3226
3 3629 3559 2735
3 3628 3632 3631
3 3628 3633 3632
3 3633 3634 3632
3 3633 3635 3634
3 3631 3554 3555
3 3631 3632 3554
3 3632 3557 3554
3 3632 3634 3557
3 3628 3636 3633
3 3628 3637 3636
3 3637 3610 3636
3 3637 3605 3610
3 3633 3638 3635
3 3633 3636 3638
3 3636 3611 3638
3 3636 3610 3611
3 3628 3639 3637
3 3628 3630 3639
3 3630 3229 3639
3 3630 3227 3229
3 3637 3604 3605
3 3637 3639 3604
3 3639 3212 3604
3 3639 3229 3212
3 3640 3641 3642
3 3640 3643 3641
3 3643 3571 3641
3 3643 3569 3571
3 3642 3634 3635
3 3642 3641 3634
3 3641 3557 3634
3 3641 3571 3557
3 3640 3644 3643
3 3640 3645 3644
3 3645 3091 3644
3 3645 3088 3091
3 3643 3568 3569
3 3643 3644 3568
3 3644 2628 3568
3 3644 3091 2628
3 3640 3646 3645
3 3640 3647 3646
3 3647 3624 3646
3 3647 3621 3624
3 3645 3087 3088
3 3645 3646 3087
3 3646 3074 3087
3 3646 3624 3074
3 3640 3648 3647
3 3640 3642 3648
3 3642 3638 3648
3 3642 3635 3638
3 3647 3620 3621
3 3647 3648 3620
3 3648 3611 3620
3 3648 3638 3611
3 3649 3650 3651
3 3649 3652 3650
3 3651 3653 3654
3 3651 3650 3653
3 3652 3655 3650
3 3652 3656 3655
3 3650 3657 3653
3 3650 3655 3657
3 3649 3658 3659
3 3649 3651 3658
3 3659 3660 3661
3 3659 3658 3660
3 3651 3662 3658
3 3651 3654 3662
3 3658 3663 3660
3 3658 3662 3663
3 3649 3664 3665
3 3649 3659 3664
3 3665 3666 3667
3 3665 3664 3666
3 3659 3668 3664
3 3659 3661 3668
3 3664 3669 3666
3 3664 3668 3669
3 3649 3670 3652
3 3649 3665 3670
3 3652 3671 3656
3 3652 3670 3671
3 3665 3672 3670
3 3665 3667 3672
3 3670 3673 3671
3 3670 3672 3673
3 3674 3675 3676
3 3674 3677 3675
3 3676 3678 3679
3 3676 3675 3678
3 3677 3660 3675
3 3677 3661 3660
3 3675 3663 3678
3 3675 3660 3663
3 3674 3680 3681
3 3674 3676 3680
3 3681 3682 3683
3 3681 3680 3682
3 3676 3684 3680
3 3676 3679 3684
3 3680 3685 3682
3 3680 3684 3685
3 3674 3686 3687
3 3674 3681 3686
3 3687 3688 3689
3 3687 3686 3688
3 3681 3690 3686
3 3681 3683 3690
3 3686 3691 3688
3 3686 3690 3691
3 3674 3692 3677
3 3674 3687 3692
3 3677 3668 3661
3 3677 3692 3668
3 3687 3693 3692
3 3687 3689 3693
3 3692 3669 3668
3 3692 3693 3669
3 3694 3695 3696
3 3694 3697 3695
3 3696 3698 3699
3 3696 3695 3698
3 3697 3682 3695
3 3697 3683 3682
3 3695 3685 3698
3 3695 3682 3685
3 3694 3700 3701
3 3694 3696 3700
3 3701 3702 3703
3 3701 3700 3702
3 3696 3704 3700
3 3696 3699 3704
3 3700 3705 3702
3 3700 3704 3705
3 3694 3706 3707
3 3694 3701 3706
3 3707 3708 3709
3 3707 3706 3708
3 3701 3710 3706
3 3701 3703 3710
3 3706 3711 3708
3 3706 3710 3711
3 3694 3712 3697
3 3694 3707 3712
3 3697 3690 3683
3 3697 3712 3690
3 3707 3713 3712
3 3707 3709 3713
3 3712 3691 3690
3 3712 3713 3691
3 3714 3715 3716
3 3714 3717 3715
3 3716 3718 3719
3 3716 3715 3718
3 3717 3702 3715
3 3717 3703 3702
3 3715 3705 3718
3 3715 3702 3705
3 3714 3720 3721
3 3714 3716 3720
3 3721 3722 3723
3 3721 3720 3722
3 3716 3724 3720
3 3716 3719 3724
3 3720 3725 3722
3 3720 3724 3725
3 3714 3726 3727
3 3714 3721 3726
3 3727 3728 3729
3 3727 3726 3728
3 3721 3730 3726
3 3721 3723 3730
3 3726 3731 3728
3 3726 3730 3731
3 3714 3732 3717
3 3714 3727 3732
3 3717 3710 3703
3 3717 3732 3710
3 3727 3733 3732
3 3727 3729 3733
3 3732 3711 3710
3 3732 3733 3711
3 3734 3735 3736
3 3734 3737 3735
3 3736 3738 3739
3 3736 3735 3738
3 3737 3740 3735
3 3737 3741 3740
3 3735 3742 3738
3 3735 3740 3742
3 3734 3743 3744
3 3734 3736 3743
3 3744 3745 3746
3 3744 3743 3745
3 3736 3747 3743
3 3736 3739 3747
3 3743 3748 3745
3 3743 3747 3748
3 3734 3749 3750
3 3734 3744 3749
3 3750 3751 3752
3 3750 3749 3751
3 3744 3753 3749
3 3744 3746 3753
3 3749 3754 3751
3 3749 3753 3754
3 3734 3755 3737
3 3734 3750 3755
3 3737 3756 3741
3 3737 3755 3756
3 3750 3757 3755
3 3750 3752 3757
3 3755 3758 3756
3 3755 3757 3758
3 3759 3760 3761
3 3759 3762 3760
3 3761 3763 3764
3 3761 3760 3763
3 3762 3745 3760
3 3762 3746 3745
3 3760 3748 3763
3 3760 3745 3748
3 3759 3765 3766
3 3759 3761 3765
3 3766 3767 3768
3 3766 3765 3767
3 3761 3769 3765
3 3761 3764 3769
3 3765 3770 3767
3 3765 3769 3770
3 3759 3771 3772
3 3759 3766 3771
3 3772 3773 3774
3 3772 3771 3773
3 3766 3775 3771
3 3766 3768 3775
3 3771 3776 3773
3 3771 3775 3776
3 3759 3777 3762
3 3759 3772 3777
3 3762 3753 3746
3 3762 3777 3753
3 3772 3778 3777
3 3772 3774 3778
3 3777 3754 3753
3 3777 3778 3754
3 3779 3780 3781
3 3779 3782 3780
3 3781 3783 3784
3 3781 3780 3783
3 3782 3785 3780
3 3782 3786 3785
3 3780 3787 3783
3 3780 3785 3787
3 3779 3788 3789
3 3779 3781 3788
3 3789 3740 3741
3 3789 3788 3740
3 3781 3790 3788
3 3781 3784 3790
3 3788 3742 3740
3 3788 3790 3742
3 3779 3791 3792
3 3779 3789 3791
3 3792 3793 3794
3 3792 3791 3793
3 3789 3756 3791
3 3789 3741 3756
3 3791 3758 3793
3 3791 3756 3758
3 3779 3795 3782
3 3779 3792 3795
3 3782 3796 3786
3 3782 3795 3796
3 3792 3797 3795
3 3792 3794 3797
3 3795 3798 3796
3 3795 3797 3798
3 3799 3800 3801
3 3799 3802 3800
3 3801 3803 3804
3 3801 3800 3803
3 3802 3767 3800
3 3802 3768 3767
3 3800 3770 3803
3 3800 3767 3770
3 3799 3805 3806
3 3799 3801 3805
3 3806 3807 3808
3 3806 3805 3807
3 3801 3809 3805
3 3801 3804 3809
3 3805 3810 3807
3 3805 3809 3810
3 3799 3811 3812
3 3799 3806 3811
3 3812 3813 3814
3 3812 3811 3813
3 3806 3815 3811
3 3806 3808 3815
3 3811 3816 3813
3 3811 3815 3816
3 3799 3817 3802
3 3799 3812 3817
3 3802 3775 3768
3 3802 3817 3775
3 3812 3818 3817
3 3812 3814 3818
3 3817 3776 3775
3 3817 3818 3776
3 3819 3820 3821
3 3819 3822 3820
3 3821 3823 3824
3 3821 3820 3823
3 3822 3807 3820
3 3822 3808 3807
3 3820 3810 3823
3 3820 3807 3810
3 3819 3825 3826
3 3819 3821 3825
3 3826 3827 3828
3 3826 3825 3827
3 3821 3829 3825
3 3821 3824 3829
3 3825 3830 3827
3 3825 3829 3830
3 3819 3831 3832
3 3819 3826 3831
3 3832 3833 3834
3 3832 3831 3833
3 3826 3835 3831
3 3826 3828 3835
3 3831 3836 3833
3 3831 3835 3836
3 3819 3837 3822
3 3819 3832 3837
3 3822 3815 3808
3 3822 3837 3815
3 3832 3838 3837
3 3832 3834 3838
3 3837 3816 3815
3 3837 3838 3816
3 3839 3840 3841
3 3839 3842 3840
3 3841 3843 3844
3 3841 3840 3843
3 3842 3845 3840
3 3842 3846 3845
3 3840 3847 3843
3 3840 3845 3847
3 3839 3848 3849
3 3839 3841 3848
3 3849 3850 3851
3 3849 3848 3850
3 3841 3852 3848
3 3841 3844 3852
3 3848 3853 3850
3 3848 3852 3853
3 3839 3854 3855
3 3839 3849 3854
3 3855 3856 3857
3 3855 3854 3856
3 3849 3858 3854
3 3849 3851 3858
3 3854 3859 3856
3 3854 3858 3859
3 3839 3860 3842
3 3839 3855 3860
3 3842 3861 3846
3 3842 3860 3861
3 3855 3862 3860
3 3855 3857 3862
3 3860 3863 3861
3 3860 3862 3863
3 3864 3865 3866
3 3864 3867 3865
3 3866 3868 3869
3 3866 3865 3868
3 3867 3870 3865
3 3867 3871 3870
3 3865 3872 3868
3 3865 3870 3872
3 3864 3873 3874
3 3864 3866 3873
3 3874 3875 3876
3 3874 3873 3875
3 3866 3877 3873
3 3866 3869 3877
3 3873 3878 3875
3 3873 3877 3878
3 3864 3879 3880
3 3864 3874 3879
3 3880 3852 3844
3 3880 3879 3852
3 3874 3881 3879
3 3874 3876 3881
3 3879 3853 3852
3 3879 3881 3853
3 3864 3882 3867
3 3864 3880 3882
3 3867 3883 3871
3 3867 3882 3883
3 3880 3843 3882
3 3880 3844 3843
3 3882 3847 3883
3 3882 3843 3847
3 3884 3885 3886
3 3884 3887 3885
3 3886 3888 3889
3 3886 3885 3888
3 3887 3890 3885
3 3887 3891 3890
3 3885 3892 3888
3 3885 3890 3892
3 3884 3893 3894
3 3884 3886 3893
3 3894 3895 3896
3 3894 3893 3895
3 3886 3897 3893
3 3886 3889 3897
3 3893 3898 3895
3 3893 3897 3898
3 3884 3899 3900
3 3884 3894 3899
3 3900 3877 3869
3 3900 3899 3877
3 3894 3901 3899
3 3894 3896 3901
3 3899 3878 3877
3 3899 3901 3878
3 3884 3902 3887
3 3884 3900 3902
3 3887 3903 3891
3 3887 3902 3903
3 3900 3868 3902
3 3900 3869 3868
3 3902 3872 3903
3 3902 3868 3872
3 3904 3905 3906
3 3904 3907 3905
3 3906 3908 3909
3 3906 3905 3908
3 3907 3910 3905
3 3907 3911 3910
3 3905 3912 3908
3 3905 3910 3912
3 3904 3913 3914
3 3904 3906 3913
3 3914 3915 3916
3 3914 3913 3915
3 3906 3917 3913
3 3906 3909 3917
3 3913 3918 3915
3 3913 3917 3918
3 3904 3919 3920
3 3904 3914 3919
3 3920 3897 3889
3 3920 3919 3897
3 3914 3921 3919
3 3914 3916 3921
3 3919 3898 3897
3 3919 3921 3898
3 3904 3922 3907
3 3904 3920 3922
3 3907 3923 3911
3 3907 3922 3923
3 3920 3888 3922
3 3920 3889 3888
3 3922 3892 3923
3 3922 3888 3892
3 3924 3925 3926
3 3924 3927 3925
3 3926 3928 3929
3 3926 3925 3928
3 3927 3930 3925
3 3927 3931 3930
3 3925 3932 3928
3 3925 3930 3932
3 3924 3933 3934
3 3924 3926 3933
3 3934 3935 3936
3 3934 3933 3935
3 3926 3937 3933
3 3926 3929 3937
3 3933 3938 3935
3 3933 3937 3938
3 3924 3939 3940
3 3924 3934 3939
3 3940 3941 3942
3 3940 3939 3941
3 3934 3943 3939
3 3934 3936 3943
3 3939 3944 3941
3 3939 3943 3944
3 3924 3945 3927
3 3924 3940 3945
3 3927 3946 3931
3 3927 3945 3946
3 3940 3947 3945
3 3940 3942 3947
3 3945 3948 3946
3 3945 3947 3948
3 3949 3950 3951
3 3949 3952 3950
3 3951 3953 3954
3 3951 3950 3953
3 3952 3955 3950
3 3952 3956 3955
3 3950 3957 3953
3 3950 3955 3957
3 3949 3958 3959
3 3949 3951 3958
3 3959 3960 3961
3 3959 3958 3960
3 3951 3962 3958
3 3951 3954 3962
3 3958 3963 3960
3 3958 3962 3963
3 3949 3964 3965
3 3949 3959 3964
3 3965 3937 3929
3 3965 3964 3937
3 3959 3966 3964
3 3959 3961 3966
3 3964 3938 3937
3 3964 3966 3938
3 3949 3967 3952
3 3949 3965 3967
3 3952 3968 3956
3 3952 3967 3968
3 3965 3928 3967
3 3965 3929 3928
3 3967 3932 3968
3 3967 3928 3932
3 3969 3970 3971
3 3969 3972 3970
3 3971 3947 3942
3 3971 3970 3947
3 3972 3973 3970
3 3972 3974 3973
3 3970 3948 3947
3 3970 3973 3948
3 3969 3975 3976
3 3969 3971 3975
3 3976 3977 3978
3 3976 3975 3977
3 3971 3941 3975
3 3971 3942 3941
3 3975 3944 3977
3 3975 3941 3944
3 3969 3979 3980
3 3969 3976 3979
3 3980 3981 3982
3 3980 3979 3981
3 3976 3983 3979
3 3976 3978 3983
3 3979 3984 3981
3 3979 3983 3984
3 3969 3985 3972
3 3969 3980 3985
3 3972 3986 3974
3 3972 3985 3986
3 3980 3987 3985
3 3980 3982 3987
3 3985 3988 3986
3 3985 3987 3988
3 3989 3990 3991
3 3989 3992 3990
3 3991 3993 3994
3 3991 3990 3993
3 3992 3995 3990
3 3992 3996 3995
3 3990 3997 3993
3 3990 3995 3997
3 3989 3998 3999
3 3989 3991 3998
3 3999 4000 4001
3 3999 3998 4000
3 3991 4002 3998
3 3991 3994 4002
3 3998 4003 4000
3 3998 4002 4003
3 3989 4004 4005
3 3989 3999 4004
3 4005 3962 3954
3 4005 4004 3962
3 3999 4006 4004
3 3999 4001 4006
3 4004 3963 3962
3 4004 4006 3963
3 3989 4007 3992
3 3989 4005 4007
3 3992 4008 3996
3 3992 4007 4008
3 4005 3953 4007
3 4005 3954 3953
3 4007 3957 4008
3 4007 3953 3957
3 4009 4010 4011
3 4009 4012 4010
3 4011 4013 4014
3 4011 4010 4013
3 4012 4015 4010
3 4012 4016 4015
3 4010 4017 4013
3 4010 4015 4017
3 4009 4018 4019
3 4009 4011 4018
3 4019 4020 4021
3 4019 4018 4020
3 4011 4022 4018
3 4011 4014 4022
3 4018 4023 4020
3 4018 4022 4023
3 4009 4024 4025
3 4009 4019 4024
3 4025 4002 3994
3 4025 4024 4002
3 4019 4026 4024
3 4019 4021 4026
3 4024 4003 4002
3 4024 4026 4003
3 4009 4027 4012
3 4009 4025 4027
3 4012 4028 4016
3 4012 4027 4028
3 4025 3993 4027
3 4025 3994 3993
3 4027 3997 4028
3 4027 3993 3997
3 4029 4030 4031
3 4029 4032 4030
3 4031 4033 4034
3 4031 4030 4033
3 4032 3813 4030
3 4032 3814 3813
3 4030 3816 4033
3 4030 3813 3816
3 4029 4035 4036
3 4029 4031 4035
3 4036 4037 4038
3 4036 4035 4037
3 4031 4039 4035
3 4031 4034 4039
3 4035 4040 4037
3 4035 4039 4040
3 4029 4041 4042
3 4029 4036 4041
3 4042 4043 4044
3 4042 4041 4043
3 4036 4045 4041
3 4036 4038 4045
3 4041 4046 4043
3 4041 4045 4046
3 4029 4047 4032
3 4029 4042 4047
3 4032 3818 3814
3 4032 4047 3818
3 4042 4048 4047
3 4042 4044 4048
3 4047 3776 3818
3 4047 4048 3776
3 4049 4050 4051
3 4049 4052 4050
3 4051 4053 4054
3 4051 4050 4053
3 4052 4055 4050
3 4052 4056 4055
3 4050 4057 4053
3 4050 4055 4057
3 4049 4058 4059
3 4049 4051 4058
3 4059 3995 3996
3 4059 4058 3995
3 4051 4060 4058
3 4051 4054 4060
3 4058 3997 3995
3 4058 4060 3997
3 4049 4061 4062
3 4049 4059 4061
3 4062 4063 4064
3 4062 4061 4063
3 4059 4008 4061
3 4059 3996 4008
3 4061 3957 4063
3 4061 4008 3957
3 4049 4065 4052
3 4049 4062 4065
3 4052 4066 4056
3 4052 4065 4066
3 4062 4067 4065
3 4062 4064 4067
3 4065 4068 4066
3 4065 4067 4068
3 4069 4070 4071
3 4069 4072 4070
3 4071 4073 4074
3 4071 4070 4073
3 4072 3833 4070
3 4072 3834 3833
3 4070 3836 4073
3 4070 3833 3836
3 4069 4075 4076
3 4069 4071 4075
3 4076 4077 4078
3 4076 4075 4077
3 4071 4079 4075
3 4071 4074 4079
3 4075 4080 4077
3 4075 4079 4080
3 4069 4081 4082
3 4069 4076 4081
3 4082 4039 4034
3 4082 4081 4039
3 4076 4083 4081
3 4076 4078 4083
3 4081 4040 4039
3 4081 4083 4040
3 4069 4084 4072
3 4069 4082 4084
3 4072 3838 3834
3 4072 4084 3838
3 4082 4033 4084
3 4082 4034 4033
3 4084 3816 3838
3 4084 4033 3816
3 4085 4086 4087
3 4085 4088 4086
3 4087 4089 4090
3 4087 4086 4089
3 4088 4091 4086
3 4088 4092 4091
3 4086 4093 4089
3 4086 4091 4093
3 4085 4094 4095
3 4085 4087 4094
3 4095 4015 4016
3 4095 4094 4015
3 4087 4096 4094
3 4087 4090 4096
3 4094 4017 4015
3 4094 4096 4017
3 4085 4097 4098
3 4085 4095 4097
3 4098 4060 4054
3 4098 4097 4060
3 4095 4028 4097
3 4095 4016 4028
3 4097 3997 4060
3 4097 4028 3997
3 4085 4099 4088
3 4085 4098 4099
3 4088 4100 4092
3 4088 4099 4100
3 4098 4053 4099
3 4098 4054 4053
3 4099 4057 4100
3 4099 4053 4057
3 4101 4102 4103
3 4101 4104 4102
3 4103 4105 4106
3 4103 4102 4105
3 4104 3793 4102
3 4104 3794 3793
3 4102 3758 4105
3 4102 3793 3758
3 4101 4107 4108
3 4101 4103 4107
3 4108 4109 4110
3 4108 4107 4109
3 4103 4111 4107
3 4103 4106 4111
3 4107 4112 4109
3 4107 4111 4112
3 4101 4113 4114
3 4101 4108 4113
3 4114 4115 4116
3 4114 4113 4115
3 4108 4117 4113
3 4108 4110 4117
3 4113 4118 4115
3 4113 4117 4118
3 4101 4119 4104
3 4101 4114 4119
3 4104 3797 3794
3 4104 4119 3797
3 4114 4120 4119
3 4114 4116 4120
3 4119 3798 3797
3 4119 4120 3798
3 4121 4122 4123
3 4121 4124 4122
3 4123 4125 4126
3 4123 4122 4125
3 4124 4127 4122
3 4124 4128 4127
3 4122 4129 4125
3 4122 4127 4129
3 4121 4130 4131
3 4121 4123 4130
3 4131 3973 3974
3 4131 4130 3973
3 4123 4132 4130
3 4123 4126 4132
3 4130 3948 3973
3 4130 4132 3948
3 4121 4133 4134
3 4121 4131 4133
3 4134 4135 4136
3 4134 4133 4135
3 4131 3986 4133
3 4131 3974 3986
3 4133 3988 4135
3 4133 3986 3988
3 4121 4137 4124
3 4121 4134 4137
3 4124 4138 4128
3 4124 4137 4138
3 4134 4139 4137
3 4134 4136 4139
3 4137 4140 4138
3 4137 4139 4140
3 4141 4142 4143
3 4141 4144 4142
3 4143 4145 4146
3 4143 4142 4145
3 4144 3751 4142
3 4144 3752 3751
3 4142 3754 4145
3 4142 3751 3754
3 4141 4147 4148
3 4141 4143 4147
3 4148 4149 4150
3 4148 4147 4149
3 4143 4151 4147
3 4143 4146 4151
3 4147 4152 4149
3 4147 4151 4152
3 4141 4153 4154
3 4141 4148 4153
3 4154 4111 4106
3 4154 4153 4111
3 4148 4155 4153
3 4148 4150 4155
3 4153 4112 4111
3 4153 4155 4112
3 4141 4156 4144
3 4141 4154 4156
3 4144 3757 3752
3 4144 4156 3757
3 4154 4105 4156
3 4154 4106 4105
3 4156 3758 3757
3 4156 4105 3758
3 4157 4158 4159
3 4157 4160 4158
3 4159 4161 4162
3 4159 4158 4161
3 4160 4163 4158
3 4160 4164 4163
3 4158 4165 4161
3 4158 4163 4165
3 4157 4166 4167
3 4157 4159 4166
3 4167 3930 3931
3 4167 4166 3930
3 4159 4168 4166
3 4159 4162 4168
3 4166 3932 3930
3 4166 4168 3932
3 4157 4169 4170
3 4157 4167 4169
3 4170 4132 4126
3 4170 4169 4132
3 4167 3946 4169
3 4167 3931 3946
3 4169 3948 4132
3 4169 3946 3948
3 4157 4171 4160
3 4157 4170 4171
3 4160 4172 4164
3 4160 4171 4172
3 4170 4125 4171
3 4170 4126 4125
3 4171 4129 4172
3 4171 4125 4129
3 4173 4174 4175
3 4173 4176 4174
3 4175 4048 4044
3 4175 4174 4048
3 4176 3773 4174
3 4176 3774 3773
3 4174 3776 4048
3 4174 3773 3776
3 4173 4177 4178
3 4173 4175 4177
3 4178 4179 4180
3 4178 4177 4179
3 4175 4043 4177
3 4175 4044 4043
3 4177 4046 4179
3 4177 4043 4046
3 4173 4181 4182
3 4173 4178 4181
3 4182 4151 4146
3 4182 4181 4151
3 4178 4183 4181
3 4178 4180 4183
3 4181 4152 4151
3 4181 4183 4152
3 4173 4184 4176
3 4173 4182 4184
3 4176 3778 3774
3 4176 4184 3778
3 4182 4145 4184
3 4182 4146 4145
3 4184 3754 3778
3 4184 4145 3754
3 4185 4186 4187
3 4185 4188 4186
3 4187 4067 4064
3 4187 4186 4067
3 4188 4189 4186
3 4188 4190 4189
3 4186 4068 4067
3 4186 4189 4068
3 4185 4191 4192
3 4185 4187 4191
3 4192 3955 3956
3 4192 4191 3955
3 4187 4063 4191
3 4187 4064 4063
3 4191 3957 3955
3 4191 4063 3957
3 4185 4193 4194
3 4185 4192 4193
3 4194 4168 4162
3 4194 4193 4168
3 4192 3968 4193
3 4192 3956 3968
3 4193 3932 4168
3 4193 3968 3932
3 4185 4195 4188
3 4185 4194 4195
3 4188 4196 4190
3 4188 4195 4196
3 4194 4161 4195
3 4194 4162 4161
3 4195 4165 4196
3 4195 4161 4165
3 4197 4198 4199
3 4197 4200 4198
3 4199 4201 4202
3 4199 4198 4201
3 4200 3728 4198
3 4200 3729 3728
3 4198 3731 4201
3 4198 3728 3731
3 4197 4203 4204
3 4197 4199 4203
3 4204 4205 4206
3 4204 4203 4205
3 4199 4207 4203
3 4199 4202 4207
3 4203 4208 4205
3 4203 4207 4208
3 4197 4209 4210
3 4197 4204 4209
3 4210 4211 4212
3 4210 4209 4211
3 4204 4213 4209
3 4204 4206 4213
3 4209 4214 4211
3 4209 4213 4214
3 4197 4215 4200
3 4197 4210 4215
3 4200 3733 3729
3 4200 4215 3733
3 4210 4216 4215
3 4210 4212 4216
3 4215 3711 3733
3 4215 4216 3711
3 4217 4218 4219
3 4217 4220 4218
3 4219 4221 4222
3 4219 4218 4221
3 4220 4223 4218
3 4220 4224 4223
3 4218 4225 4221
3 4218 4223 4225
3 4217 4226 4227
3 4217 4219 4226
3 4227 3910 3911
3 4227 4226 3910
3 4219 4228 4226
3 4219 4222 4228
3 4226 3912 3910
3 4226 4228 3912
3 4217 4229 4230
3 4217 4227 4229
3 4230 4231 4232
3 4230 4229 4231
3 4227 3923 4229
3 4227 3911 3923
3 4229 3892 4231
3 4229 3923 3892
3 4217 4233 4220
3 4217 4230 4233
3 4220 4234 4224
3 4220 4233 4234
3 4230 4235 4233
3 4230 4232 4235
3 4233 4236 4234
3 4233 4235 4236
3 4237 4238 4239
3 4237 4240 4238
3 4239 4216 4212
3 4239 4238 4216
3 4240 3708 4238
3 4240 3709 3708
3 4238 3711 4216
3 4238 3708 3711
3 4237 4241 4242
3 4237 4239 4241
3 4242 4243 4244
3 4242 4241 4243
3 4239 4211 4241
3 4239 4212 4211
3 4241 4214 4243
3 4241 4211 4214
3 4237 4245 4246
3 4237 4242 4245
3 4246 4247 4248
3 4246 4245 4247
3 4242 4249 4245
3 4242 4244 4249
3 4245 4250 4247
3 4245 4249 4250
3 4237 4251 4240
3 4237 4246 4251
3 4240 3713 3709
3 4240 4251 3713
3 4246 4252 4251
3 4246 4248 4252
3 4251 3691 3713
3 4251 4252 3691
3 4253 4254 4255
3 4253 4256 4254
3 4255 4235 4232
3 4255 4254 4235
3 4256 4257 4254
3 4256 4258 4257
3 4254 4236 4235
3 4254 4257 4236
3 4253 4259 4260
3 4253 4255 4259
3 4260 3890 3891
3 4260 4259 3890
3 4255 4231 4259
3 4255 4232 4231
3 4259 3892 3890
3 4259 4231 3892
3 4253 4261 4262
3 4253 4260 4261
3 4262 4263 4264
3 4262 4261 4263
3 4260 3903 4261
3 4260 3891 3903
3 4261 3872 4263
3 4261 3903 3872
3 4253 4265 4256
3 4253 4262 4265
3 4256 4266 4258
3 4256 4265 4266
3 4262 4267 4265
3 4262 4264 4267
3 4265 4268 4266
3 4265 4267 4268
3 4269 4270 4271
3 4269 4272 4270
3 4271 4252 4248
3 4271 4270 4252
3 4272 3688 4270
3 4272 3689 3688
3 4270 3691 4252
3 4270 3688 3691
3 4269 4273 4274
3 4269 4271 4273
3 4274 4275 4276
3 4274 4273 4275
3 4271 4247 4273
3 4271 4248 4247
3 4273 4250 4275
3 4273 4247 4250
3 4269 4277 4278
3 4269 4274 4277
3 4278 4279 4280
3 4278 4277 4279
3 4274 4281 4277
3 4274 4276 4281
3 4277 4282 4279
3 4277 4281 4282
3 4269 4283 4272
3 4269 4278 4283
3 4272 3693 3689
3 4272 4283 3693
3 4278 4284 4283
3 4278 4280 4284
3 4283 3669 3693
3 4283 4284 3669
3 4285 4286 4287
3 4285 4288 4286
3 4287 4267 4264
3 4287 4286 4267
3 4288 4289 4286
3 4288 4290 4289
3 4286 4268 4267
3 4286 4289 4268
3 4285 4291 4292
3 4285 4287 4291
3 4292 3870 3871
3 4292 4291 3870
3 4287 4263 4291
3 4287 4264 4263
3 4291 3872 3870
3 4291 4263 3872
3 4285 4293 4294
3 4285 4292 4293
3 4294 4295 4296
3 4294 4293 4295
3 4292 3883 4293
3 4292 3871 3883
3 4293 3847 4295
3 4293 3883 3847
3 4285 4297 4288
3 4285 4294 4297
3 4288 4298 4290
3 4288 4297 4298
3 4294 4299 4297
3 4294 4296 4299
3 4297 4300 4298
3 4297 4299 4300
3 4301 4302 4303
3 4301 4304 4302
3 4303 4284 4280
3 4303 4302 4284
3 4304 3666 4302
3 4304 3667 3666
3 4302 3669 4284
3 4302 3666 3669
3 4301 4305 4306
3 4301 4303 4305
3 4306 4307 4308
3 4306 4305 4307
3 4303 4279 4305
3 4303 4280 4279
3 4305 4282 4307
3 4305 4279 4282
3 4301 4309 4310
3 4301 4306 4309
3 4310 4311 4312
3 4310 4309 4311
3 4306 4313 4309
3 4306 4308 4313
3 4309 4314 4311
3 4309 4313 4314
3 4301 4315 4304
3 4301 4310 4315
3 4304 3672 3667
3 4304 4315 3672
3 4310 4316 4315
3 4310 4312 4316
3 4315 3673 3672
3 4315 4316 3673
3 4317 4318 4319
3 4317 4320 4318
3 4319 4299 4296
3 4319 4318 4299
3 4320 4321 4318
3 4320 4322 4321
3 4318 4300 4299
3 4318 4321 4300
3 4317 4323 4324
3 4317 4319 4323
3 4324 3845 3846
3 4324 4323 3845
3 4319 4295 4323
3 4319 4296 4295
3 4323 3847 3845
3 4323 4295 3847
3 4317 4325 4326
3 4317 4324 4325
3 4326 4327 4328
3 4326 4325 4327
3 4324 3861 4325
3 4324 3846 3861
3 4325 3863 4327
3 4325 3861 3863
3 4317 4329 4320
3 4317 4326 4329
3 4320 4330 4322
3 4320 4329 4330
3 4326 4331 4329
3 4326 4328 4331
3 4329 4332 4330
3 4329 4331 4332
3 4333 4334 4335
3 4333 4336 4334
3 4335 4337 4338
3 4335 4334 4337
3 4336 4339 4334
3 4336 4340 4339
3 4334 4341 4337
3 4334 4339 4341
3 4333 4342 4343
3 4333 4335 4342
3 4343 4344 4345
3 4343 4342 4344
3 4335 4346 4342
3 4335 4338 4346
3 4342 4347 4344
3 4342 4346 4347
3 4333 4348 4349
3 4333 4343 4348
3 4349 4350 4351
3 4349 4348 4350
3 4343 4352 4348
3 4343 4345 4352
3 4348 4353 4350
3 4348 4352 4353
3 4333 4354 4336
3 4333 4349 4354
3 4336 4355 4340
3 4336 4354 4355
3 4349 4356 4354
3 4349 4351 4356
3 4354 4357 4355
3 4354 4356 4357
3 4358 4359 4360
3 4358 4361 4359
3 4360 4362 4363
3 4360 4359 4362
3 4361 4364 4359
3 4361 4365 4364
3 4359 4366 4362
3 4359 4364 4366
3 4358 4367 4368
3 4358 4360 4367
3 4368 4369 4370
3 4368 4367 4369
3 4360 4371 4367
3 4360 4363 4371
3 4367 4372 4369
3 4367 4371 4372
3 4358 4373 4374
3 4358 4368 4373
3 4374 4375 4376
3 4374 4373 4375
3 4368 4377 4373
3 4368 4370 4377
3 4373 4378 4375
3 4373 4377 4378
3 4358 4379 4361
3 4358 4374 4379
3 4361 4380 4365
3 4361 4379 4380
3 4374 4381 4379
3 4374 4376 4381
3 4379 4382 4380
3 4379 4381 4382
3 4383 4384 4385
3 4383 4386 4384
3 4385 4096 4090
3 4385 4384 4096
3 4386 4387 4384
3 4386 4388 4387
3 4384 4017 4096
3 4384 4387 4017
3 4383 4389 4390
3 4383 4385 4389
3 4390 4391 4392
3 4390 4389 4391
3 4385 4089 4389
3 4385 4090 4089
3 4389 4093 4391
3 4389 4089 4093
3 4383 4393 4394
3 4383 4390 4393
3 4394 4395 4396
3 4394 4393 4395
3 4390 4397 4393
3 4390 4392 4397
3 4393 4398 4395
3 4393 4397 4398
3 4383 4399 4386
3 4383 4394 4399
3 4386 4400 4388
3 4386 4399 4400
3 4394 4401 4399
3 4394 4396 4401
3 4399 4402 4400
3 4399 4401 4402
3 4403 4404 4405
3 4403 4406 4404
3 4405 4079 4074
3 4405 4404 4079
3 4406 4407 4404
3 4406 4408 4407
3 4404 4080 4079
3 4404 4407 4080
3 4403 4409 4410
3 4403 4405 4409
3 4410 4411 4412
3 4410 4409 4411
3 4405 4073 4409
3 4405 4074 4073
3 4409 3836 4411
3 4409 4073 3836
3 4403 4413 4414
3 4403 4410 4413
3 4414 4415 4416
3 4414 4413 4415
3 4410 4417 4413
3 4410 4412 4417
3 4413 4418 4415
3 4413 4417 4418
3 4403 4419 4406
3 4403 4414 4419
3 4406 4420 4408
3 4406 4419 4420
3 4414 4421 4419
3 4414 4416 4421
3 4419 4422 4420
3 4419 4421 4422
3 4423 4424 4425
3 4423 4426 4424
3 4425 4022 4014
3 4425 4424 4022
3 4426 4427 4424
3 4426 4428 4427
3 4424 4023 4022
3 4424 4427 4023
3 4423 4429 4430
3 4423 4425 4429
3 4430 4387 4388
3 4430 4429 4387
3 4425 4013 4429
3 4425 4014 4013
3 4429 4017 4387
3 4429 4013 4017
3 4423 4431 4432
3 4423 4430 4431
3 4432 4433 4434
3 4432 4431 4433
3 4430 4400 4431
3 4430 4388 4400
3 4431 4402 4433
3 4431 4400 4402
3 4423 4435 4426
3 4423 4432 4435
3 4426 4436 4428
3 4426 4435 4436
3 4432 4437 4435
3 4432 4434 4437
3 4435 4438 4436
3 4435 4437 4438
3 4439 4440 4441
3 4439 4442 4440
3 4441 3835 3828
3 4441 4440 3835
3 4442 4411 4440
3 4442 4412 4411
3 4440 3836 3835
3 4440 4411 3836
3 4439 4443 4444
3 4439 4441 4443
3 4444 4445 4446
3 4444 4443 4445
3 4441 3827 4443
3 4441 3828 3827
3 4443 3830 4445
3 4443 3827 3830
3 4439 4447 4448
3 4439 4444 4447
3 4448 4449 4450
3 4448 4447 4449
3 4444 4451 4447
3 4444 4446 4451
3 4447 4452 4449
3 4447 4451 4452
3 4439 4453 4442
3 4439 4448 4453
3 4442 4417 4412
3 4442 4453 4417
3 4448 4454 4453
3 4448 4450 4454
3 4453 4418 4417
3 4453 4454 4418
3 4455 4456 4457
3 4455 4458 4456
3 4457 4454 4450
3 4457 4456 4454
3 4458 4459 4456
3 4458 4460 4459
3 4456 4418 4454
3 4456 4459 4418
3 4455 4461 4462
3 4455 4457 4461
3 4462 4463 4464
3 4462 4461 4463
3 4457 4449 4461
3 4457 4450 4449
3 4461 4452 4463
3 4461 4449 4452
3 4455 4465 4466
3 4455 4462 4465
3 4466 4467 4468
3 4466 4465 4467
3 4462 4469 4465
3 4462 4464 4469
3 4465 4470 4467
3 4465 4469 4470
3 4455 4471 4458
3 4455 4466 4471
3 4458 4472 4460
3 4458 4471 4472
3 4466 4473 4471
3 4466 4468 4473
3 4471 4474 4472
3 4471 4473 4474
3 4475 4476 4477
3 4475 4478 4476
3 4477 4437 4434
3 4477 4476 4437
3 4478 4479 4476
3 4478 4480 4479
3 4476 4438 4437
3 4476 4479 4438
3 4475 4481 4482
3 4475 4477 4481
3 4482 4483 4484
3 4482 4481 4483
3 4477 4433 4481
3 4477 4434 4433
3 4481 4402 4483
3 4481 4433 4402
3 4475 4485 4486
3 4475 4482 4485
3 4486 4487 4488
3 4486 4485 4487
3 4482 4489 4485
3 4482 4484 4489
3 4485 4490 4487
3 4485 4489 4490
3 4475 4491 4478
3 4475 4486 4491
3 4478 4492 4480
3 4478 4491 4492
3 4486 4493 4491
3 4486 4488 4493
3 4491 4494 4492
3 4491 4493 4494
3 4495 4496 4497
3 4495 4498 4496
3 4497 4421 4416
3 4497 4496 4421
3 4498 4499 4496
3 4498 4500 4499
3 4496 4422 4421
3 4496 4499 4422
3 4495 4501 4502
3 4495 4497 4501
3 4502 4459 4460
3 4502 4501 4459
3 4497 4415 4501
3 4497 4416 4415
3 4501 4418 4459
3 4501 4415 4418
3 4495 4503 4504
3 4495 4502 4503
3 4504 4505 4506
3 4504 4503 4505
3 4502 4472 4503
3 4502 4460 4472
3 4503 4474 4505
3 4503 4472 4474
3 4495 4507 4498
3 4495 4504 4507
3 4498 4508 4500
3 4498 4507 4508
3 4504 4509 4507
3 4504 4506 4509
3 4507 4510 4508
3 4507 4509 4510
3 4511 4512 4513
3 4511 4514 4512
3 4513 4401 4396
3 4513 4512 4401
3 4514 4483 4512
3 4514 4484 4483
3 4512 4402 4401
3 4512 4483 4402
3 4511 4515 4516
3 4511 4513 4515
3 4516 4517 4518
3 4516 4515 4517
3 4513 4395 4515
3 4513 4396 4395
3 4515 4398 4517
3 4515 4395 4398
3 4511 4519 4520
3 4511 4516 4519
3 4520 4521 4522
3 4520 4519 4521
3 4516 4523 4519
3 4516 4518 4523
3 4519 4524 4521
3 4519 4523 4524
3 4511 4525 4514
3 4511 4520 4525
3 4514 4489 4484
3 4514 4525 4489
3 4520 4526 4525
3 4520 4522 4526
3 4525 4490 4489
3 4525 4526 4490
3 4527 4528 4529
3 4527 4530 4528
3 4529 4531 4532
3 4529 4528 4531
3 4530 4467 4528
3 4530 4468 4467
3 4528 4470 4531
3 4528 4467 4470
3 4527 4533 4534
3 4527 4529 4533
3 4534 4535 4536
3 4534 4533 4535
3 4529 4537 4533
3 4529 4532 4537
3 4533 4538 4535
3 4533 4537 4538
3 4527 4539 4540
3 4527 4534 4539
3 4540 4509 4506
3 4540 4539 4509
3 4534 4541 4539
3 4534 4536 4541
3 4539 4510 4509
3 4539 4541 4510
3 4527 4542 4530
3 4527 4540 4542
3 4530 4473 4468
3 4530 4542 4473
3 4540 4505 4542
3 4540 4506 4505
3 4542 4474 4473
3 4542 4505 4474
3 4543 4544 4545
3 4543 4546 4544
3 4545 4547 4548
3 4545 4544 4547
3 4546 4549 4544
3 4546 4550 4549
3 4544 4551 4547
3 4544 4549 4551
3 4543 4552 4553
3 4543 4545 4552
3 4553 4493 4488
3 4553 4552 4493
3 4545 4554 4552
3 4545 4548 4554
3 4552 4494 4493
3 4552 4554 4494
3 4543 4555 4556
3 4543 4553 4555
3 4556 4526 4522
3 4556 4555 4526
3 4553 4487 4555
3 4553 4488 4487
3 4555 4490 4526
3 4555 4487 4490
3 4543 4557 4546
3 4543 4556 4557
3 4546 4558 4550
3 4546 4557 4558
3 4556 4521 4557
3 4556 4522 4521
3 4557 4524 4558
3 4557 4521 4524
3 4559 4560 4561
3 4559 4562 4560
3 4561 4563 4564
3 4561 4560 4563
3 4562 3671 4560
3 4562 3656 3671
3 4560 3673 4563
3 4560 3671 3673
3 4559 4565 4566
3 4559 4561 4565
3 4566 4567 4568
3 4566 4565 4567
3 4561 4569 4565
3 4561 4564 4569
3 4565 4570 4567
3 4565 4569 4570
3 4559 4571 4572
3 4559 4566 4571
3 4572 4573 4574
3 4572 4571 4573
3 4566 4575 4571
3 4566 4568 4575
3 4571 4576 4573
3 4571 4575 4576
3 4559 4577 4562
3 4559 4572 4577
3 4562 3655 3656
3 4562 4577 3655
3 4572 4578 4577
3 4572 4574 4578
3 4577 3657 3655
3 4577 4578 3657
3 4579 4580 4581
3 4579 4582 4580
3 4581 4583 4584
3 4581 4580 4583
3 4582 4567 4580
3 4582 4568 4567
3 4580 4570 4583
3 4580 4567 4570
3 4579 4585 4586
3 4579 4581 4585
3 4586 4339 4340
3 4586 4585 4339
3 4581 4587 4585
3 4581 4584 4587
3 4585 4341 4339
3 4585 4587 4341
3 4579 4588 4589
3 4579 4586 4588
3 4589 4590 4591
3 4589 4588 4590
3 4586 4355 4588
3 4586 4340 4355
3 4588 4357 4590
3 4588 4355 4357
3 4579 4592 4582
3 4579 4589 4592
3 4582 4575 4568
3 4582 4592 4575
3 4589 4593 4592
3 4589 4591 4593
3 4592 4576 4575
3 4592 4593 4576
3 4594 4595 4596
3 4594 4597 4595
3 4596 4598 4599
3 4596 4595 4598
3 4597 3856 4595
3 4597 3857 3856
3 4595 3859 4598
3 4595 3856 3859
3 4594 4600 4601
3 4594 4596 4600
3 4601 4602 4603
3 4601 4600 4602
3 4596 4604 4600
3 4596 4599 4604
3 4600 4605 4602
3 4600 4604 4605
3 4594 4606 4607
3 4594 4601 4606
3 4607 4608 4609
3 4607 4606 4608
3 4601 4610 4606
3 4601 4603 4610
3 4606 4611 4608
3 4606 4610 4611
3 4594 4612 4597
3 4594 4607 4612
3 4597 3862 3857
3 4597 4612 3862
3 4607 4613 4612
3 4607 4609 4613
3 4612 3863 3862
3 4612 4613 3863
3 4614 4615 4616
3 4614 4617 4615
3 4616 4618 4619
3 4616 4615 4618
3 4617 4602 4615
3 4617 4603 4602
3 4615 4605 4618
3 4615 4602 4605
3 4614 4620 4621
3 4614 4616 4620
3 4621 4377 4370
3 4621 4620 4377
3 4616 4622 4620
3 4616 4619 4622
3 4620 4378 4377
3 4620 4622 4378
3 4614 4623 4624
3 4614 4621 4623
3 4624 4625 4626
3 4624 4623 4625
3 4621 4369 4623
3 4621 4370 4369
3 4623 4372 4625
3 4623 4369 4372
3 4614 4627 4617
3 4614 4624 4627
3 4617 4610 4603
3 4617 4627 4610
3 4624 4628 4627
3 4624 4626 4628
3 4627 4611 4610
3 4627 4628 4611
3 4629 4630 4631
3 4629 4632 4630
3 4631 4587 4584
3 4631 4630 4587
3 4632 4337 4630
3 4632 4338 4337
3 4630 4341 4587
3 4630 4337 4341
3 4629 4633 4634
3 4629 4631 4633
3 4634 4635 4636
3 4634 4633 4635
3 4631 4583 4633
3 4631 4584 4583
3 4633 4570 4635
3 4633 4583 4570
3 4629 4637 4638
3 4629 4634 4637
3 4638 4639 4640
3 4638 4637 4639
3 4634 4641 4637
3 4634 4636 4641
3 4637 4642 4639
3 4637 4641 4642
3 4629 4643 4632
3 4629 4638 4643
3 4632 4346 4338
3 4632 4643 4346
3 4638 4644 4643
3 4638 4640 4644
3 4643 4347 4346
3 4643 4644 4347
3 4645 4646 4647
3 4645 4648 4646
3 4647 4569 4564
3 4647 4646 4569
3 4648 4635 4646
3 4648 4636 4635
3 4646 4570 4569
3 4646 4635 4570
3 4645 4649 4650
3 4645 4647 4649
3 4650 4316 4312
3 4650 4649 4316
3 4647 4563 4649
3 4647 4564 4563
3 4649 3673 4316
3 4649 4563 3673
3 4645 4651 4652
3 4645 4650 4651
3 4652 4653 4654
3 4652 4651 4653
3 4650 4311 4651
3 4650 4312 4311
3 4651 4314 4653
3 4651 4311 4314
3 4645 4655 4648
3 4645 4652 4655
3 4648 4641 4636
3 4648 4655 4641
3 4652 4656 4655
3 4652 4654 4656
3 4655 4642 4641
3 4655 4656 4642
3 4657 4658 4659
3 4657 4660 4658
3 4659 4613 4609
3 4659 4658 4613
3 4660 4327 4658
3 4660 4328 4327
3 4658 3863 4613
3 4658 4327 3863
3 4657 4661 4662
3 4657 4659 4661
3 4662 4663 4664
3 4662 4661 4663
3 4659 4608 4661
3 4659 4609 4608
3 4661 4611 4663
3 4661 4608 4611
3 4657 4665 4666
3 4657 4662 4665
3 4666 4667 4668
3 4666 4665 4667
3 4662 4669 4665
3 4662 4664 4669
3 4665 4670 4667
3 4665 4669 4670
3 4657 4671 4660
3 4657 4666 4671
3 4660 4331 4328
3 4660 4671 4331
3 4666 4672 4671
3 4666 4668 4672
3 4671 4332 4331
3 4671 4672 4332
3 4673 4674 4675
3 4673 4676 4674
3 4675 4628 4626
3 4675 4674 4628
3 4676 4663 4674
3 4676 4664 4663
3 4674 4611 4628
3 4674 4663 4611
3 4673 4677 4678
3 4673 4675 4677
3 4678 4371 4363
3 4678 4677 4371
3 4675 4625 4677
3 4675 4626 4625
3 4677 4372 4371
3 4677 4625 4372
3 4673 4679 4680
3 4673 4678 4679
3 4680 4681 4682
3 4680 4679 4681
3 4678 4362 4679
3 4678 4363 4362
3 4679 4366 4681
3 4679 4362 4366
3 4673 4683 4676
3 4673 4680 4683
3 4676 4669 4664
3 4676 4683 4669
3 4680 4684 4683
3 4680 4682 4684
3 4683 4670 4669
3 4683 4684 4670
3 4685 4686 4687
3 4685 4688 4686
3 4687 4689 4690
3 4687 4686 4689
3 4688 4037 4686
3 4688 4038 4037
3 4686 4040 4689
3 4686 4037 4040
3 4685 4691 4692
3 4685 4687 4691
3 4692 4693 4694
3 4692 4691 4693
3 4687 4695 4691
3 4687 4690 4695
3 4691 4696 4693
3 4691 4695 4696
3 4685 4697 4698
3 4685 4692 4697
3 4698 4699 4700
3 4698 4697 4699
3 4692 4701 4697
3 4692 4694 4701
3 4697 4702 4699
3 4697 4701 4702
3 4685 4703 4688
3 4685 4698 4703
3 4688 4045 4038
3 4688 4703 4045
3 4698 4704 4703
3 4698 4700 4704
3 4703 4046 4045
3 4703 4704 4046
3 4705 4706 4707
3 4705 4708 4706
3 4707 4709 4710
3 4707 4706 4709
3 4708 4693 4706
3 4708 4694 4693
3 4706 4696 4709
3 4706 4693 4696
3 4705 4711 4712
3 4705 4707 4711
3 4712 4713 4714
3 4712 4711 4713
3 4707 4715 4711
3 4707 4710 4715
3 4711 4716 4713
3 4711 4715 4716
3 4705 4717 4718
3 4705 4712 4717
3 4718 4719 4720
3 4718 4717 4719
3 4712 4721 4717
3 4712 4714 4721
3 4717 4722 4719
3 4717 4721 4722
3 4705 4723 4708
3 4705 4718 4723
3 4708 4701 4694
3 4708 4723 4701
3 4718 4724 4723
3 4718 4720 4724
3 4723 4702 4701
3 4723 4724 4702
3 4725 4726 4727
3 4725 4728 4726
3 4727 4729 4730
3 4727 4726 4729
3 4728 4713 4726
3 4728 4714 4713
3 4726 4716 4729
3 4726 4713 4716
3 4725 4731 4732
3 4725 4727 4731
3 4732 4055 4056
3 4732 4731 4055
3 4727 4733 4731
3 4727 4730 4733
3 4731 4057 4055
3 4731 4733 4057
3 4725 4734 4735
3 4725 4732 4734
3 4735 4736 4737
3 4735 4734 4736
3 4732 4066 4734
3 4732 4056 4066
3 4734 4068 4736
3 4734 4066 4068
3 4725 4738 4728
3 4725 4735 4738
3 4728 4721 4714
3 4728 4738 4721
3 4735 4739 4738
3 4735 4737 4739
3 4738 4722 4721
3 4738 4739 4722
3 4740 4741 4742
3 4740 4743 4741
3 4742 4744 4745
3 4742 4741 4744
3 4743 4077 4741
3 4743 4078 4077
3 4741 4080 4744
3 4741 4077 4080
3 4740 4746 4747
3 4740 4742 4746
3 4747 4748 4749
3 4747 4746 4748
3 4742 4750 4746
3 4742 4745 4750
3 4746 4751 4748
3 4746 4750 4751
3 4740 4752 4753
3 4740 4747 4752
3 4753 4695 4690
3 4753 4752 4695
3 4747 4754 4752
3 4747 4749 4754
3 4752 4696 4695
3 4752 4754 4696
3 4740 4755 4743
3 4740 4753 4755
3 4743 4083 4078
3 4743 4755 4083
3 4753 4689 4755
3 4753 4690 4689
3 4755 4040 4083
3 4755 4689 4040
3 4756 4757 4758
3 4756 4759 4757
3 4758 4760 4761
3 4758 4757 4760
3 4759 4748 4757
3 4759 4749 4748
3 4757 4751 4760
3 4757 4748 4751
3 4756 4762 4763
3 4756 4758 4762
3 4763 4764 4765
3 4763 4762 4764
3 4758 4766 4762
3 4758 4761 4766
3 4762 4767 4764
3 4762 4766 4767
3 4756 4768 4769
3 4756 4763 4768
3 4769 4715 4710
3 4769 4768 4715
3 4763 4770 4768
3 4763 4765 4770
3 4768 4716 4715
3 4768 4770 4716
3 4756 4771 4759
3 4756 4769 4771
3 4759 4754 4749
3 4759 4771 4754
3 4769 4709 4771
3 4769 4710 4709
3 4771 4696 4754
3 4771 4709 4696
3 4772 4773 4774
3 4772 4775 4773
3 4774 4776 4777
3 4774 4773 4776
3 4775 4764 4773
3 4775 4765 4764
3 4773 4767 4776
3 4773 4764 4767
3 4772 4778 4779
3 4772 4774 4778
3 4779 4091 4092
3 4779 4778 4091
3 4774 4780 4778
3 4774 4777 4780
3 4778 4093 4091
3 4778 4780 4093
3 4772 4781 4782
3 4772 4779 4781
3 4782 4733 4730
3 4782 4781 4733
3 4779 4100 4781
3 4779 4092 4100
3 4781 4057 4733
3 4781 4100 4057
3 4772 4783 4775
3 4772 4782 4783
3 4775 4770 4765
3 4775 4783 4770
3 4782 4729 4783
3 4782 4730 4729
3 4783 4716 4770
3 4783 4729 4716
3 4784 4785 4786
3 4784 4787 4785
3 4786 4788 4789
3 4786 4785 4788
3 4787 4109 4785
3 4787 4110 4109
3 4785 4112 4788
3 4785 4109 4112
3 4784 4790 4791
3 4784 4786 4790
3 4791 4792 4793
3 4791 4790 4792
3 4786 4794 4790
3 4786 4789 4794
3 4790 4795 4792
3 4790 4794 4795
3 4784 4796 4797
3 4784 4791 4796
3 4797 4798 4799
3 4797 4796 4798
3 4791 4800 4796
3 4791 4793 4800
3 4796 4801 4798
3 4796 4800 4801
3 4784 4802 4787
3 4784 4797 4802
3 4787 4117 4110
3 4787 4802 4117
3 4797 4803 4802
3 4797 4799 4803
3 4802 4118 4117
3 4802 4803 4118
3 4804 4805 4806
3 4804 4807 4805
3 4806 4808 4809
3 4806 4805 4808
3 4807 4792 4805
3 4807 4793 4792
3 4805 4795 4808
3 4805 4792 4795
3 4804 4810 4811
3 4804 4806 4810
3 4811 4812 4813
3 4811 4810 4812
3 4806 4814 4810
3 4806 4809 4814
3 4810 4815 4812
3 4810 4814 4815
3 4804 4816 4817
3 4804 4811 4816
3 4817 4818 4819
3 4817 4816 4818
3 4811 4820 4816
3 4811 4813 4820
3 4816 4821 4818
3 4816 4820 4821
3 4804 4822 4807
3 4804 4817 4822
3 4807 4800 4793
3 4807 4822 4800
3 4817 4823 4822
3 4817 4819 4823
3 4822 4801 4800
3 4822 4823 4801
3 4824 4825 4826
3 4824 4827 4825
3 4826 4828 4829
3 4826 4825 4828
3 4827 4812 4825
3 4827 4813 4812
3 4825 4815 4828
3 4825 4812 4815
3 4824 4830 4831
3 4824 4826 4830
3 4831 4127 4128
3 4831 4830 4127
3 4826 4832 4830
3 4826 4829 4832
3 4830 4129 4127
3 4830 4832 4129
3 4824 4833 4834
3 4824 4831 4833
3 4834 4835 4836
3 4834 4833 4835
3 4831 4138 4833
3 4831 4128 4138
3 4833 4140 4835
3 4833 4138 4140
3 4824 4837 4827
3 4824 4834 4837
3 4827 4820 4813
3 4827 4837 4820
3 4834 4838 4837
3 4834 4836 4838
3 4837 4821 4820
3 4837 4838 4821
3 4839 4840 4841
3 4839 4842 4840
3 4841 4843 4844
3 4841 4840 4843
3 4842 4149 4840
3 4842 4150 4149
3 4840 4152 4843
3 4840 4149 4152
3 4839 4845 4846
3 4839 4841 4845
3 4846 4847 4848
3 4846 4845 4847
3 4841 4849 4845
3 4841 4844 4849
3 4845 4850 4847
3 4845 4849 4850
3 4839 4851 4852
3 4839 4846 4851
3 4852 4794 4789
3 4852 4851 4794
3 4846 4853 4851
3 4846 4848 4853
3 4851 4795 4794
3 4851 4853 4795
3 4839 4854 4842
3 4839 4852 4854
3 4842 4155 4150
3 4842 4854 4155
3 4852 4788 4854
3 4852 4789 4788
3 4854 4112 4155
3 4854 4788 4112
3 4855 4856 4857
3 4855 4858 4856
3 4857 4859 4860
3 4857 4856 4859
3 4858 4847 4856
3 4858 4848 4847
3 4856 4850 4859
3 4856 4847 4850
3 4855 4861 4862
3 4855 4857 4861
3 4862 4863 4864
3 4862 4861 4863
3 4857 4865 4861
3 4857 4860 4865
3 4861 4866 4863
3 4861 4865 4866
3 4855 4867 4868
3 4855 4862 4867
3 4868 4814 4809
3 4868 4867 4814
3 4862 4869 4867
3 4862 4864 4869
3 4867 4815 4814
3 4867 4869 4815
3 4855 4870 4858
3 4855 4868 4870
3 4858 4853 4848
3 4858 4870 4853
3 4868 4808 4870
3 4868 4809 4808
3 4870 4795 4853
3 4870 4808 4795
3 4871 4872 4873
3 4871 4874 4872
3 4873 4875 4876
3 4873 4872 4875
3 4874 4863 4872
3 4874 4864 4863
3 4872 4866 4875
3 4872 4863 4866
3 4871 4877 4878
3 4871 4873 4877
3 4878 4163 4164
3 4878 4877 4163
3 4873 4879 4877
3 4873 4876 4879
3 4877 4165 4163
3 4877 4879 4165
3 4871 4880 4881
3 4871 4878 4880
3 4881 4832 4829
3 4881 4880 4832
3 4878 4172 4880
3 4878 4164 4172
3 4880 4129 4832
3 4880 4172 4129
3 4871 4882 4874
3 4871 4881 4882
3 4874 4869 4864
3 4874 4882 4869
3 4881 4828 4882
3 4881 4829 4828
3 4882 4815 4869
3 4882 4828 4815
3 4883 4884 4885
3 4883 4886 4884
3 4885 4704 4700
3 4885 4884 4704
3 4886 4179 4884
3 4886 4180 4179
3 4884 4046 4704
3 4884 4179 4046
3 4883 4887 4888
3 4883 4885 4887
3 4888 4889 4890
3 4888 4887 4889
3 4885 4699 4887
3 4885 4700 4699
3 4887 4702 4889
3 4887 4699 4702
3 4883 4891 4892
3 4883 4888 4891
3 4892 4849 4844
3 4892 4891 4849
3 4888 4893 4891
3 4888 4890 4893
3 4891 4850 4849
3 4891 4893 4850
3 4883 4894 4886
3 4883 4892 4894
3 4886 4183 4180
3 4886 4894 4183
3 4892 4843 4894
3 4892 4844 4843
3 4894 4152 4183
3 4894 4843 4152
3 4895 4896 4897
3 4895 4898 4896
3 4897 4724 4720
3 4897 4896 4724
3 4898 4889 4896
3 4898 4890 4889
3 4896 4702 4724
3 4896 4889 4702
3 4895 4899 4900
3 4895 4897 4899
3 4900 4901 4902
3 4900 4899 4901
3 4897 4719 4899
3 4897 4720 4719
3 4899 4722 4901
3 4899 4719 4722
3 4895 4903 4904
3 4895 4900 4903
3 4904 4865 4860
3 4904 4903 4865
3 4900 4905 4903
3 4900 4902 4905
3 4903 4866 4865
3 4903 4905 4866
3 4895 4906 4898
3 4895 4904 4906
3 4898 4893 4890
3 4898 4906 4893
3 4904 4859 4906
3 4904 4860 4859
3 4906 4850 4893
3 4906 4859 4850
3 4907 4908 4909
3 4907 4910 4908
3 4909 4739 4737
3 4909 4908 4739
3 4910 4901 4908
3 4910 4902 4901
3 4908 4722 4739
3 4908 4901 4722
3 4907 4911 4912
3 4907 4909 4911
3 4912 4189 4190
3 4912 4911 4189
3 4909 4736 4911
3 4909 4737 4736
3 4911 4068 4189
3 4911 4736 4068
3 4907 4913 4914
3 4907 4912 4913
3 4914 4879 4876
3 4914 4913 4879
3 4912 4196 4913
3 4912 4190 4196
3 4913 4165 4879
3 4913 4196 4165
3 4907 4915 4910
3 4907 4914 4915
3 4910 4905 4902
3 4910 4915 4905
3 4914 4875 4915
3 4914 4876 4875
3 4915 4866 4905
3 4915 4875 4866
3 4916 4917 4918
3 4916 4919 4917
3 4918 4920 4921
3 4918 4917 4920
3 4919 4205 4917
3 4919 4206 4205
3 4917 4208 4920
3 4917 4205 4208
3 4916 4922 4923
3 4916 4918 4922
3 4923 4924 4925
3 4923 4922 4924
3 4918 4926 4922
3 4918 4921 4926
3 4922 4927 4924
3 4922 4926 4927
3 4916 4928 4929
3 4916 4923 4928
3 4929 4930 4931
3 4929 4928 4930
3 4923 4932 4928
3 4923 4925 4932
3 4928 4933 4930
3 4928 4932 4933
3 4916 4934 4919
3 4916 4929 4934
3 4919 4213 4206
3 4919 4934 4213
3 4929 4935 4934
3 4929 4931 4935
3 4934 4214 4213
3 4934 4935 4214
3 4936 4937 4938
3 4936 4939 4937
3 4938 4940 4941
3 4938 4937 4940
3 4939 4924 4937
3 4939 4925 4924
3 4937 4927 4940
3 4937 4924 4927
3 4936 4942 4943
3 4936 4938 4942
3 4943 4944 4945
3 4943 4942 4944
3 4938 4946 4942
3 4938 4941 4946
3 4942 4947 4944
3 4942 4946 4947
3 4936 4948 4949
3 4936 4943 4948
3 4949 4950 4951
3 4949 4948 4950
3 4943 4952 4948
3 4943 4945 4952
3 4948 4953 4950
3 4948 4952 4953
3 4936 4954 4939
3 4936 4949 4954
3 4939 4932 4925
3 4939 4954 4932
3 4949 4955 4954
3 4949 4951 4955
3 4954 4933 4932
3 4954 4955 4933
3 4956 4957 4958
3 4956 4959 4957
3 4958 4960 4961
3 4958 4957 4960
3 4959 4944 4957
3 4959 4945 4944
3 4957 4947 4960
3 4957 4944 4947
3 4956 4962 4963
3 4956 4958 4962
3 4963 4223 4224
3 4963 4962 4223
3 4958 4964 4962
3 4958 4961 4964
3 4962 4225 4223
3 4962 4964 4225
3 4956 4965 4966
3 4956 4963 4965
3 4966 4967 4968
3 4966 4965 4967
3 4963 4234 4965
3 4963 4224 4234
3 4965 4236 4967
3 4965 4234 4236
3 4956 4969 4959
3 4956 4966 4969
3 4959 4952 4945
3 4959 4969 4952
3 4966 4970 4969
3 4966 4968 4970
3 4969 4953 4952
3 4969 4970 4953
3 4971 4972 4973
3 4971 4974 4972
3 4973 4935 4931
3 4973 4972 4935
3 4974 4243 4972
3 4974 4244 4243
3 4972 4214 4935
3 4972 4243 4214
3 4971 4975 4976
3 4971 4973 4975
3 4976 4977 4978
3 4976 4975 4977
3 4973 4930 4975
3 4973 4931 4930
3 4975 4933 4977
3 4975 4930 4933
3 4971 4979 4980
3 4971 4976 4979
3 4980 4981 4982
3 4980 4979 4981
3 4976 4983 4979
3 4976 4978 4983
3 4979 4984 4981
3 4979 4983 4984
3 4971 4985 4974
3 4971 4980 4985
3 4974 4249 4244
3 4974 4985 4249
3 4980 4986 4985
3 4980 4982 4986
3 4985 4250 4249
3 4985 4986 4250
3 4987 4988 4989
3 4987 4990 4988
3 4989 4955 4951
3 4989 4988 4955
3 4990 4977 4988
3 4990 4978 4977
3 4988 4933 4955
3 4988 4977 4933
3 4987 4991 4992
3 4987 4989 4991
3 4992 4993 4994
3 4992 4991 4993
3 4989 4950 4991
3 4989 4951 4950
3 4991 4953 4993
3 4991 4950 4953
3 4987 4995 4996
3 4987 4992 4995
3 4996 4997 4998
3 4996 4995 4997
3 4992 4999 4995
3 4992 4994 4999
3 4995 5000 4997
3 4995 4999 5000
3 4987 5001 4990
3 4987 4996 5001
3 4990 4983 4978
3 4990 5001 4983
3 4996 5002 5001
3 4996 4998 5002
3 5001 4984 4983
3 5001 5002 4984
3 5003 5004 5005
3 5003 5006 5004
3 5005 4970 4968
3 5005 5004 4970
3 5006 4993 5004
3 5006 4994 4993
3 5004 4953 4970
3 5004 4993 4953
3 5003 5007 5008
3 5003 5005 5007
3 5008 4257 4258
3 5008 5007 4257
3 5005 4967 5007
3 5005 4968 4967
3 5007 4236 4257
3 5007 4967 4236
3 5003 5009 5010
3 5003 5008 5009
3 5010 5011 5012
3 5010 5009 5011
3 5008 4266 5009
3 5008 4258 4266
3 5009 4268 5011
3 5009 4266 4268
3 5003 5013 5006
3 5003 5010 5013
3 5006 4999 4994
3 5006 5013 4999
3 5010 5014 5013
3 5010 5012 5014
3 5013 5000 4999
3 5013 5014 5000
3 5015 5016 5017
3 5015 5018 5016
3 5017 4986 4982
3 5017 5016 4986
3 5018 4275 5016
3 5018 4276 4275
3 5016 4250 4986
3 5016 4275 4250
3 5015 5019 5020
3 5015 5017 5019
3 5020 5021 5022
3 5020 5019 5021
3 5017 4981 5019
3 5017 4982 4981
3 5019 4984 5021
3 5019 4981 4984
3 5015 5023 5024
3 5015 5020 5023
3 5024 5025 5026
3 5024 5023 5025
3 5020 5027 5023
3 5020 5022 5027
3 5023 5028 5025
3 5023 5027 5028
3 5015 5029 5018
3 5015 5024 5029
3 5018 4281 4276
3 5018 5029 4281
3 5024 5030 5029
3 5024 5026 5030
3 5029 4282 4281
3 5029 5030 4282
3 5031 5032 5033
3 5031 5034 5032
3 5033 5002 4998
3 5033 5032 5002
3 5034 5021 5032
3 5034 5022 5021
3 5032 4984 5002
3 5032 5021 4984
3 5031 5035 5036
3 5031 5033 5035
3 5036 5037 5038
3 5036 5035 5037
3 5033 4997 5035
3 5033 4998 4997
3 5035 5000 5037
3 5035 4997 5000
3 5031 5039 5040
3 5031 5036 5039
3 5040 5041 5042
3 5040 5039 5041
3 5036 5043 5039
3 5036 5038 5043
3 5039 5044 5041
3 5039 5043 5044
3 5031 5045 5034
3 5031 5040 5045
3 5034 5027 5022
3 5034 5045 5027
3 5040 5046 5045
3 5040 5042 5046
3 5045 5028 5027
3 5045 5046 5028
3 5047 5048 5049
3 5047 5050 5048
3 5049 5014 5012
3 5049 5048 5014
3 5050 5037 5048
3 5050 5038 5037
3 5048 5000 5014
3 5048 5037 5000
3 5047 5051 5052
3 5047 5049 5051
3 5052 4289 4290
3 5052 5051 4289
3 5049 5011 5051
3 5049 5012 5011
3 5051 4268 4289
3 5051 5011 4268
3 5047 5053 5054
3 5047 5052 5053
3 5054 5055 5056
3 5054 5053 5055
3 5052 4298 5053
3 5052 4290 4298
3 5053 4300 5055
3 5053 4298 4300
3 5047 5057 5050
3 5047 5054 5057
3 5050 5043 5038
3 5050 5057 5043
3 5054 5058 5057
3 5054 5056 5058
3 5057 5044 5043
3 5057 5058 5044
3 5059 5060 5061
3 5059 5062 5060
3 5061 5030 5026
3 5061 5060 5030
3 5062 4307 5060
3 5062 4308 4307
3 5060 4282 5030
3 5060 4307 4282
3 5059 5063 5064
3 5059 5061 5063
3 5064 5065 5066
3 5064 5063 5065
3 5061 5025 5063
3 5061 5026 5025
3 5063 5028 5065
3 5063 5025 5028
3 5059 5067 5068
3 5059 5064 5067
3 5068 5069 5070
3 5068 5067 5069
3 5064 5071 5067
3 5064 5066 5071
3 5067 5072 5069
3 5067 5071 5072
3 5059 5073 5062
3 5059 5068 5073
3 5062 4313 4308
3 5062 5073 4313
3 5068 5074 5073
3 5068 5070 5074
3 5073 4314 4313
3 5073 5074 4314
3 5075 5076 5077
3 5075 5078 5076
3 5077 5046 5042
3 5077 5076 5046
3 5078 5065 5076
3 5078 5066 5065
3 5076 5028 5046
3 5076 5065 5028
3 5075 5079 5080
3 5075 5077 5079
3 5080 5081 5082
3 5080 5079 5081
3 5077 5041 5079
3 5077 5042 5041
3 5079 5044 5081
3 5079 5041 5044
3 5075 5083 5084
3 5075 5080 5083
3 5084 5085 5086
3 5084 5083 5085
3 5080 5087 5083
3 5080 5082 5087
3 5083 5088 5085
3 5083 5087 5088
3 5075 5089 5078
3 5075 5084 5089
3 5078 5071 5066
3 5078 5089 5071
3 5084 5090 5089
3 5084 5086 5090
3 5089 5072 5071
3 5089 5090 5072
3 5091 5092 5093
3 5091 5094 5092
3 5093 5058 5056
3 5093 5092 5058
3 5094 5081 5092
3 5094 5082 5081
3 5092 5044 5058
3 5092 5081 5044
3 5091 5095 5096
3 5091 5093 5095
3 5096 4321 4322
3 5096 5095 4321
3 5093 5055 5095
3 5093 5056 5055
3 5095 4300 4321
3 5095 5055 4300
3 5091 5097 5098
3 5091 5096 5097
3 5098 5099 5100
3 5098 5097 5099
3 5096 4330 5097
3 5096 4322 4330
3 5097 4332 5099
3 5097 4330 4332
3 5091 5101 5094
3 5091 5098 5101
3 5094 5087 5082
3 5094 5101 5087
3 5098 5102 5101
3 5098 5100 5102
3 5101 5088 5087
3 5101 5102 5088
3 5103 5104 5105
3 5103 5106 5104
3 5105 4780 4777
3 5105 5104 4780
3 5106 4391 5104
3 5106 4392 4391
3 5104 4093 4780
3 5104 4391 4093
3 5103 5107 5108
3 5103 5105 5107
3 5108 5109 5110
3 5108 5107 5109
3 5105 4776 5107
3 5105 4777 4776
3 5107 4767 5109
3 5107 4776 4767
3 5103 5111 5112
3 5103 5108 5111
3 5112 5113 5114
3 5112 5111 5113
3 5108 5115 5111
3 5108 5110 5115
3 5111 5116 5113
3 5111 5115 5116
3 5103 5117 5106
3 5103 5112 5117
3 5106 4397 4392
3 5106 5117 4397
3 5112 5118 5117
3 5112 5114 5118
3 5117 4398 4397
3 5117 5118 4398
3 5119 5120 5121
3 5119 5122 5120
3 5121 4766 4761
3 5121 5120 4766
3 5122 5109 5120
3 5122 5110 5109
3 5120 4767 4766
3 5120 5109 4767
3 5119 5123 5124
3 5119 5121 5123
3 5124 5125 5126
3 5124 5123 5125
3 5121 4760 5123
3 5121 4761 4760
3 5123 4751 5125
3 5123 4760 4751
3 5119 5127 5128
3 5119 5124 5127
3 5128 5129 5130
3 5128 5127 5129
3 5124 5131 5127
3 5124 5126 5131
3 5127 5132 5129
3 5127 5131 5132
3 5119 5133 5122
3 5119 5128 5133
3 5122 5115 5110
3 5122 5133 5115
3 5128 5134 5133
3 5128 5130 5134
3 5133 5116 5115
3 5133 5134 5116
3 5135 5136 5137
3 5135 5138 5136
3 5137 4750 4745
3 5137 5136 4750
3 5138 5125 5136
3 5138 5126 5125
3 5136 4751 4750
3 5136 5125 4751
3 5135 5139 5140
3 5135 5137 5139
3 5140 4407 4408
3 5140 5139 4407
3 5137 4744 5139
3 5137 4745 4744
3 5139 4080 4407
3 5139 4744 4080
3 5135 5141 5142
3 5135 5140 5141
3 5142 5143 5144
3 5142 5141 5143
3 5140 4420 5141
3 5140 4408 4420
3 5141 4422 5143
3 5141 4420 4422
3 5135 5145 5138
3 5135 5142 5145
3 5138 5131 5126
3 5138 5145 5131
3 5142 5146 5145
3 5142 5144 5146
3 5145 5132 5131
3 5145 5146 5132
3 5147 5148 5149
3 5147 5150 5148
3 5149 5118 5114
3 5149 5148 5118
3 5150 4517 5148
3 5150 4518 4517
3 5148 4398 5118
3 5148 4517 4398
3 5147 5151 5152
3 5147 5149 5151
3 5152 5153 5154
3 5152 5151 5153
3 5149 5113 5151
3 5149 5114 5113
3 5151 5116 5153
3 5151 5113 5116
3 5147 5155 5156
3 5147 5152 5155
3 5156 5157 5158
3 5156 5155 5157
3 5152 5159 5155
3 5152 5154 5159
3 5155 5160 5157
3 5155 5159 5160
3 5147 5161 5150
3 5147 5156 5161
3 5150 4523 4518
3 5150 5161 4523
3 5156 5162 5161
3 5156 5158 5162
3 5161 4524 4523
3 5161 5162 4524
3 5163 5164 5165
3 5163 5166 5164
3 5165 5134 5130
3 5165 5164 5134
3 5166 5153 5164
3 5166 5154 5153
3 5164 5116 5134
3 5164 5153 5116
3 5163 5167 5168
3 5163 5165 5167
3 5168 5169 5170
3 5168 5167 5169
3 5165 5129 5167
3 5165 5130 5129
3 5167 5132 5169
3 5167 5129 5132
3 5163 5171 5172
3 5163 5168 5171
3 5172 5173 5174
3 5172 5171 5173
3 5168 5175 5171
3 5168 5170 5175
3 5171 5176 5173
3 5171 5175 5176
3 5163 5177 5166
3 5163 5172 5177
3 5166 5159 5154
3 5166 5177 5159
3 5172 5178 5177
3 5172 5174 5178
3 5177 5160 5159
3 5177 5178 5160
3 5179 5180 5181
3 5179 5182 5180
3 5181 5146 5144
3 5181 5180 5146
3 5182 5169 5180
3 5182 5170 5169
3 5180 5132 5146
3 5180 5169 5132
3 5179 5183 5184
3 5179 5181 5183
3 5184 4499 4500
3 5184 5183 4499
3 5181 5143 5183
3 5181 5144 5143
3 5183 4422 4499
3 5183 5143 4422
3 5179 5185 5186
3 5179 5184 5185
3 5186 5187 5188
3 5186 5185 5187
3 5184 4508 5185
3 5184 4500 4508
3 5185 4510 5187
3 5185 4508 4510
3 5179 5189 5182
3 5179 5186 5189
3 5182 5175 5170
3 5182 5189 5175
3 5186 5190 5189
3 5186 5188 5190
3 5189 5176 5175
3 5189 5190 5176
3 5191 5192 5193
3 5191 5194 5192
3 5193 5195 5196
3 5193 5192 5195
3 5194 4535 5192
3 5194 4536 4535
3 5192 4538 5195
3 5192 4535 4538
3 5191 5197 5198
3 5191 5193 5197
3 5198 5199 5200
3 5198 5197 5199
3 5193 5201 5197
3 5193 5196 5201
3 5197 5202 5199
3 5197 5201 5202
3 5191 5203 5204
3 5191 5198 5203
3 5204 5190 5188
3 5204 5203 5190
3 5198 5205 5203
3 5198 5200 5205
3 5203 5176 5190
3 5203 5205 5176
3 5191 5206 5194
3 5191 5204 5206
3 5194 4541 4536
3 5194 5206 4541
3 5204 5187 5206
3 5204 5188 5187
3 5206 4510 4541
3 5206 5187 4510
3 5207 5208 5209
3 5207 5210 5208
3 5209 5211 5212
3 5209 5208 5211
3 5210 5199 5208
3 5210 5200 5199
3 5208 5202 5211
3 5208 5199 5202
3 5207 5213 5214
3 5207 5209 5213
3 5214 5215 5216
3 5214 5213 5215
3 5209 5217 5213
3 5209 5212 5217
3 5213 5218 5215
3 5213 5217 5218
3 5207 5219 5220
3 5207 5214 5219
3 5220 5178 5174
3 5220 5219 5178
3 5214 5221 5219
3 5214 5216 5221
3 5219 5160 5178
3 5219 5221 5160
3 5207 5222 5210
3 5207 5220 5222
3 5210 5205 5200
3 5210 5222 5205
3 5220 5173 5222
3 5220 5174 5173
3 5222 5176 5205
3 5222 5173 5176
3 5223 5224 5225
3 5223 5226 5224
3 5225 5227 5228
3 5225 5224 5227
3 5226 5215 5224
3 5226 5216 5215
3 5224 5218 5227
3 5224 5215 5218
3 5223 5229 5230
3 5223 5225 5229
3 5230 4549 4550
3 5230 5229 4549
3 5225 5231 5229
3 5225 5228 5231
3 5229 4551 4549
3 5229 5231 4551
3 5223 5232 5233
3 5223 5230 5232
3 5233 5162 5158
3 5233 5232 5162
3 5230 4558 5232
3 5230 4550 4558
3 5232 4524 5162
3 5232 4558 4524
3 5223 5234 5226
3 5223 5233 5234
3 5226 5221 5216
3 5226 5234 5221
3 5233 5157 5234
3 5233 5158 5157
3 5234 5160 5221
3 5234 5157 5160
3 5235 5236 5237
3 5235 5238 5236
3 5237 5239 5240
3 5237 5236 5239
3 5238 4667 5236
3 5238 4668 4667
3 5236 4670 5239
3 5236 4667 4670
3 5235 5241 5242
3 5235 5237 5241
3 5242 5243 5244
3 5242 5241 5243
3 5237 5245 5241
3 5237 5240 5245
3 5241 5246 5243
3 5241 5245 5246
3 5235 5247 5248
3 5235 5242 5247
3 5248 5102 5100
3 5248 5247 5102
3 5242 5249 5247
3 5242 5244 5249
3 5247 5088 5102
3 5247 5249 5088
3 5235 5250 5238
3 5235 5248 5250
3 5238 4672 4668
3 5238 5250 4672
3 5248 5099 5250
3 5248 5100 5099
3 5250 4332 4672
3 5250 5099 4332
3 5251 5252 5253
3 5251 5254 5252
3 5253 5255 5256
3 5253 5252 5255
3 5254 5243 5252
3 5254 5244 5243
3 5252 5246 5255
3 5252 5243 5246
3 5251 5257 5258
3 5251 5253 5257
3 5258 5259 5260
3 5258 5257 5259
3 5253 5261 5257
3 5253 5256 5261
3 5257 5262 5259
3 5257 5261 5262
3 5251 5263 5264
3 5251 5258 5263
3 5264 5090 5086
3 5264 5263 5090
3 5258 5265 5263
3 5258 5260 5265
3 5263 5072 5090
3 5263 5265 5072
3 5251 5266 5254
3 5251 5264 5266
3 5254 5249 5244
3 5254 5266 5249
3 5264 5085 5266
3 5264 5086 5085
3 5266 5088 5249
3 5266 5085 5088
3 5267 5268 5269
3 5267 5270 5268
3 5269 5271 5272
3 5269 5268 5271
3 5270 5259 5268
3 5270 5260 5259
3 5268 5262 5271
3 5268 5259 5262
3 5267 5273 5274
3 5267 5269 5273
3 5274 4656 4654
3 5274 5273 4656
3 5269 5275 5273
3 5269 5272 5275
3 5273 4642 4656
3 5273 5275 4642
3 5267 5276 5277
3 5267 5274 5276
3 5277 5074 5070
3 5277 5276 5074
3 5274 4653 5276
3 5274 4654 4653
3 5276 4314 5074
3 5276 4653 4314
3 5267 5278 5270
3 5267 5277 5278
3 5270 5265 5260
3 5270 5278 5265
3 5277 5069 5278
3 5277 5070 5069
3 5278 5072 5265
3 5278 5069 5072
3 5279 5280 5281
3 5279 5282 5280
3 5281 5283 5284
3 5281 5280 5283
3 5282 4681 5280
3 5282 4682 4681
3 5280 4366 5283
3 5280 4681 4366
3 5279 5285 5286
3 5279 5281 5285
3 5286 5287 5288
3 5286 5285 5287
3 5281 5289 5285
3 5281 5284 5289
3 5285 5290 5287
3 5285 5289 5290
3 5279 5291 5292
3 5279 5286 5291
3 5292 5245 5240
3 5292 5291 5245
3 5286 5293 5291
3 5286 5288 5293
3 5291 5246 5245
3 5291 5293 5246
3 5279 5294 5282
3 5279 5292 5294
3 5282 4684 4682
3 5282 5294 4684
3 5292 5239 5294
3 5292 5240 5239
3 5294 4670 4684
3 5294 5239 4670
3 5295 5296 5297
3 5295 5298 5296
3 5297 5299 5300
3 5297 5296 5299
3 5298 5287 5296
3 5298 5288 5287
3 5296 5290 5299
3 5296 5287 5290
3 5295 5301 5302
3 5295 5297 5301
3 5302 5303 5304
3 5302 5301 5303
3 5297 5305 5301
3 5297 5300 5305
3 5301 5306 5303
3 5301 5305 5306
3 5295 5307 5308
3 5295 5302 5307
3 5308 5261 5256
3 5308 5307 5261
3 5302 5309 5307
3 5302 5304 5309
3 5307 5262 5261
3 5307 5309 5262
3 5295 5310 5298
3 5295 5308 5310
3 5298 5293 5288
3 5298 5310 5293
3 5308 5255 5310
3 5308 5256 5255
3 5310 5246 5293
3 5310 5255 5246
3 5311 5312 5313
3 5311 5314 5312
3 5313 5315 5316
3 5313 5312 5315
3 5314 5303 5312
3 5314 5304 5303
3 5312 5306 5315
3 5312 5303 5306
3 5311 5317 5318
3 5311 5313 5317
3 5318 4644 4640
3 5318 5317 4644
3 5313 5319 5317
3 5313 5316 5319
3 5317 4347 4644
3 5317 5319 4347
3 5311 5320 5321
3 5311 5318 5320
3 5321 5275 5272
3 5321 5320 5275
3 5318 4639 5320
3 5318 4640 4639
3 5320 4642 5275
3 5320 4639 4642
3 5311 5322 5314
3 5311 5321 5322
3 5314 5309 5304
3 5314 5322 5309
3 5321 5271 5322
3 5321 5272 5271
3 5322 5262 5309
3 5322 5271 5262
3 5323 5324 5325
3 5323 5326 5324
3 5325 5327 5328
3 5325 5324 5327
3 5326 3722 5324
3 5326 3723 3722
3 5324 3725 5327
3 5324 3722 3725
3 5323 5329 5330
3 5323 5325 5329
3 5330 5331 5332
3 5330 5329 5331
3 5325 5333 5329
3 5325 5328 5333
3 5329 5334 5331
3 5329 5333 5334
3 5323 5335 5336
3 5323 5330 5335
3 5336 5337 5338
3 5336 5335 5337
3 5330 5339 5335
3 5330 5332 5339
3 5335 5340 5337
3 5335 5339 5340
3 5323 5341 5326
3 5323 5336 5341
3 5326 3730 3723
3 5326 5341 3730
3 5336 5342 5341
3 5336 5338 5342
3 5341 3731 3730
3 5341 5342 3731
3 5343 5344 5345
3 5343 5346 5344
3 5345 5347 5348
3 5345 5344 5347
3 5346 5331 5344
3 5346 5332 5331
3 5344 5334 5347
3 5344 5331 5334
3 5343 5349 5350
3 5343 5345 5349
3 5350 3785 3786
3 5350 5349 3785
3 5345 5351 5349
3 5345 5348 5351
3 5349 3787 3785
3 5349 5351 3787
3 5343 5352 5353
3 5343 5350 5352
3 5353 5354 5355
3 5353 5352 5354
3 5350 3796 5352
3 5350 3786 3796
3 5352 3798 5354
3 5352 3796 3798
3 5343 5356 5346
3 5343 5353 5356
3 5346 5339 5332
3 5346 5356 5339
3 5353 5357 5356
3 5353 5355 5357
3 5356 5340 5339
3 5356 5357 5340
3 5358 5359 5360
3 5358 5361 5359
3 5360 5362 5363
3 5360 5359 5362
3 5361 3981 5359
3 5361 3982 3981
3 5359 3984 5362
3 5359 3981 3984
3 5358 5364 5365
3 5358 5360 5364
3 5365 5366 5367
3 5365 5364 5366
3 5360 5368 5364
3 5360 5363 5368
3 5364 5369 5366
3 5364 5368 5369
3 5358 5370 5371
3 5358 5365 5370
3 5371 5372 5373
3 5371 5370 5372
3 5365 5374 5370
3 5365 5367 5374
3 5370 5375 5372
3 5370 5374 5375
3 5358 5376 5361
3 5358 5371 5376
3 5361 3987 3982
3 5361 5376 3987
3 5371 5377 5376
3 5371 5373 5377
3 5376 3988 3987
3 5376 5377 3988
3 5378 5379 5380
3 5378 5381 5379
3 5380 5382 5383
3 5380 5379 5382
3 5381 5366 5379
3 5381 5367 5366
3 5379 5369 5382
3 5379 5366 5369
3 5378 5384 5385
3 5378 5380 5384
3 5385 3917 3909
3 5385 5384 3917
3 5380 5386 5384
3 5380 5383 5386
3 5384 3918 3917
3 5384 5386 3918
3 5378 5387 5388
3 5378 5385 5387
3 5388 5389 5390
3 5388 5387 5389
3 5385 3908 5387
3 5385 3909 3908
3 5387 3912 5389
3 5387 3908 3912
3 5378 5391 5381
3 5378 5388 5391
3 5381 5374 5367
3 5381 5391 5374
3 5388 5392 5391
3 5388 5390 5392
3 5391 5375 5374
3 5391 5392 5375
3 5393 5394 5395
3 5393 5396 5394
3 5395 5397 5398
3 5395 5394 5397
3 5396 4115 5394
3 5396 4116 4115
3 5394 4118 5397
3 5394 4115 4118
3 5393 5399 5400
3 5393 5395 5399
3 5400 5401 5402
3 5400 5399 5401
3 5395 5403 5399
3 5395 5398 5403
3 5399 5404 5401
3 5399 5403 5404
3 5393 5405 5406
3 5393 5400 5405
3 5406 5357 5355
3 5406 5405 5357
3 5400 5407 5405
3 5400 5402 5407
3 5405 5340 5357
3 5405 5407 5340
3 5393 5408 5396
3 5393 5406 5408
3 5396 4120 4116
3 5396 5408 4120
3 5406 5354 5408
3 5406 5355 5354
3 5408 3798 4120
3 5408 5354 3798
3 5409 5410 5411
3 5409 5412 5410
3 5411 5413 5414
3 5411 5410 5413
3 5412 5401 5410
3 5412 5402 5401
3 5410 5404 5413
3 5410 5401 5404
3 5409 5415 5416
3 5409 5411 5415
3 5416 4207 4202
3 5416 5415 4207
3 5411 5417 5415
3 5411 5414 5417
3 5415 4208 4207
3 5415 5417 4208
3 5409 5418 5419
3 5409 5416 5418
3 5419 5342 5338
3 5419 5418 5342
3 5416 4201 5418
3 5416 4202 4201
3 5418 3731 5342
3 5418 4201 3731
3 5409 5420 5412
3 5409 5419 5420
3 5412 5407 5402
3 5412 5420 5407
3 5419 5337 5420
3 5419 5338 5337
3 5420 5340 5407
3 5420 5337 5340
3 5421 5422 5423
3 5421 5424 5422
3 5423 5377 5373
3 5423 5422 5377
3 5424 4135 5422
3 5424 4136 4135
3 5422 3988 5377
3 5422 4135 3988
3 5421 5425 5426
3 5421 5423 5425
3 5426 5427 5428
3 5426 5425 5427
3 5423 5372 5425
3 5423 5373 5372
3 5425 5375 5427
3 5425 5372 5375
3 5421 5429 5430
3 5421 5426 5429
3 5430 5431 5432
3 5430 5429 5431
3 5426 5433 5429
3 5426 5428 5433
3 5429 5434 5431
3 5429 5433 5434
3 5421 5435 5424
3 5421 5430 5435
3 5424 4139 4136
3 5424 5435 4139
3 5430 5436 5435
3 5430 5432 5436
3 5435 4140 4139
3 5435 5436 4140
3 5437 5438 5439
3 5437 5440 5438
3 5439 5392 5390
3 5439 5438 5392
3 5440 5427 5438
3 5440 5428 5427
3 5438 5375 5392
3 5438 5427 5375
3 5437 5441 5442
3 5437 5439 5441
3 5442 4228 4222
3 5442 5441 4228
3 5439 5389 5441
3 5439 5390 5389
3 5441 3912 4228
3 5441 5389 3912
3 5437 5443 5444
3 5437 5442 5443
3 5444 5445 5446
3 5444 5443 5445
3 5442 4221 5443
3 5442 4222 4221
3 5443 4225 5445
3 5443 4221 4225
3 5437 5447 5440
3 5437 5444 5447
3 5440 5433 5428
3 5440 5447 5433
3 5444 5448 5447
3 5444 5446 5448
3 5447 5434 5433
3 5447 5448 5434
3 5449 5450 5451
3 5449 5452 5450
3 5451 5453 5454
3 5451 5450 5453
3 5452 4798 5450
3 5452 4799 4798
3 5450 4801 5453
3 5450 4798 4801
3 5449 5455 5456
3 5449 5451 5455
3 5456 5457 5458
3 5456 5455 5457
3 5451 5459 5455
3 5451 5454 5459
3 5455 5460 5457
3 5455 5459 5460
3 5449 5461 5462
3 5449 5456 5461
3 5462 5403 5398
3 5462 5461 5403
3 5456 5463 5461
3 5456 5458 5463
3 5461 5404 5403
3 5461 5463 5404
3 5449 5464 5452
3 5449 5462 5464
3 5452 4803 4799
3 5452 5464 4803
3 5462 5397 5464
3 5462 5398 5397
3 5464 4118 4803
3 5464 5397 4118
3 5465 5466 5467
3 5465 5468 5466
3 5467 5469 5470
3 5467 5466 5469
3 5468 5457 5466
3 5468 5458 5457
3 5466 5460 5469
3 5466 5457 5460
3 5465 5471 5472
3 5465 5467 5471
3 5472 4926 4921
3 5472 5471 4926
3 5467 5473 5471
3 5467 5470 5473
3 5471 4927 4926
3 5471 5473 4927
3 5465 5474 5475
3 5465 5472 5474
3 5475 5417 5414
3 5475 5474 5417
3 5472 4920 5474
3 5472 4921 4920
3 5474 4208 5417
3 5474 4920 4208
3 5465 5476 5468
3 5465 5475 5476
3 5468 5463 5458
3 5468 5476 5463
3 5475 5413 5476
3 5475 5414 5413
3 5476 5404 5463
3 5476 5413 5404
3 5477 5478 5479
3 5477 5480 5478
3 5479 5481 5482
3 5479 5478 5481
3 5480 4818 5478
3 5480 4819 4818
3 5478 4821 5481
3 5478 4818 4821
3 5477 5483 5484
3 5477 5479 5483
3 5484 5485 5486
3 5484 5483 5485
3 5479 5487 5483
3 5479 5482 5487
3 5483 5488 5485
3 5483 5487 5488
3 5477 5489 5490
3 5477 5484 5489
3 5490 5459 5454
3 5490 5489 5459
3 5484 5491 5489
3 5484 5486 5491
3 5489 5460 5459
3 5489 5491 5460
3 5477 5492 5480
3 5477 5490 5492
3 5480 4823 4819
3 5480 5492 4823
3 5490 5453 5492
3 5490 5454 5453
3 5492 4801 4823
3 5492 5453 4801
3 5493 5494 5495
3 5493 5496 5494
3 5495 5497 5498
3 5495 5494 5497
3 5496 5485 5494
3 5496 5486 5485
3 5494 5488 5497
3 5494 5485 5488
3 5493 5499 5500
3 5493 5495 5499
3 5500 4946 4941
3 5500 5499 4946
3 5495 5501 5499
3 5495 5498 5501
3 5499 4947 4946
3 5499 5501 4947
3 5493 5502 5503
3 5493 5500 5502
3 5503 5473 5470
3 5503 5502 5473
3 5500 4940 5502
3 5500 4941 4940
3 5502 4927 5473
3 5502 4940 4927
3 5493 5504 5496
3 5493 5503 5504
3 5496 5491 5486
3 5496 5504 5491
3 5503 5469 5504
3 5503 5470 5469
3 5504 5460 5491
3 5504 5469 5460
3 5505 5506 5507
3 5505 5508 5506
3 5507 5436 5432
3 5507 5506 5436
3 5508 4835 5506
3 5508 4836 4835
3 5506 4140 5436
3 5506 4835 4140
3 5505 5509 5510
3 5505 5507 5509
3 5510 5511 5512
3 5510 5509 5511
3 5507 5431 5509
3 5507 5432 5431
3 5509 5434 5511
3 5509 5431 5434
3 5505 5513 5514
3 5505 5510 5513
3 5514 5487 5482
3 5514 5513 5487
3 5510 5515 5513
3 5510 5512 5515
3 5513 5488 5487
3 5513 5515 5488
3 5505 5516 5508
3 5505 5514 5516
3 5508 4838 4836
3 5508 5516 4838
3 5514 5481 5516
3 5514 5482 5481
3 5516 4821 4838
3 5516 5481 4821
3 5517 5518 5519
3 5517 5520 5518
3 5519 5448 5446
3 5519 5518 5448
3 5520 5511 5518
3 5520 5512 5511
3 5518 5434 5448
3 5518 5511 5434
3 5517 5521 5522
3 5517 5519 5521
3 5522 4964 4961
3 5522 5521 4964
3 5519 5445 5521
3 5519 5446 5445
3 5521 4225 4964
3 5521 5445 4225
3 5517 5523 5524
3 5517 5522 5523
3 5524 5501 5498
3 5524 5523 5501
3 5522 4960 5523
3 5522 4961 4960
3 5523 4947 5501
3 5523 4960 4947
3 5517 5525 5520
3 5517 5524 5525
3 5520 5515 5512
3 5520 5525 5515
3 5524 5497 5525
3 5524 5498 5497
3 5525 5488 5515
3 5525 5497 5488
3 5526 5527 5528
3 5526 5529 5527
3 5528 5386 5383
3 5528 5527 5386
3 5529 5530 5527
3 5529 5531 5530
3 5527 3918 5386
3 5527 5530 3918
3 5526 5532 5533
3 5526 5528 5532
3 5533 5534 5535
3 5533 5532 5534
3 5528 5382 5532
3 5528 5383 5382
3 5532 5369 5534
3 5532 5382 5369
3 5526 5536 5537
3 5526 5533 5536
3 5537 5538 5539
3 5537 5536 5538
3 5533 5540 5536
3 5533 5535 5540
3 5536 5541 5538
3 5536 5540 5541
3 5526 5542 5529
3 5526 5537 5542
3 5529 5543 5531
3 5529 5542 5543
3 5537 5544 5542
3 5537 5539 5544
3 5542 5545 5543
3 5542 5544 5545
3 5546 5547 5548
3 5546 5549 5547
3 5548 5368 5363
3 5548 5547 5368
3 5549 5534 5547
3 5549 5535 5534
3 5547 5369 5368
3 5547 5534 5369
3 5546 5550 5551
3 5546 5548 5550
3 5551 5552 5553
3 5551 5550 5552
3 5548 5362 5550
3 5548 5363 5362
3 5550 3984 5552
3 5550 5362 3984
3 5546 5554 5555
3 5546 5551 5554
3 5555 5556 5557
3 5555 5554 5556
3 5551 5558 5554
3 5551 5553 5558
3 5554 5559 5556
3 5554 5558 5559
3 5546 5560 5549
3 5546 5555 5560
3 5549 5540 5535
3 5549 5560 5540
3 5555 5561 5560
3 5555 5557 5561
3 5560 5541 5540
3 5560 5561 5541
3 5562 5563 5564
3 5562 5565 5563
3 5564 5351 5348
3 5564 5563 5351
3 5565 5566 5563
3 5565 5567 5566
3 5563 3787 5351
3 5563 5566 3787
3 5562 5568 5569
3 5562 5564 5568
3 5569 5570 5571
3 5569 5568 5570
3 5564 5347 5568
3 5564 5348 5347
3 5568 5334 5570
3 5568 5347 5334
3 5562 5572 5573
3 5562 5569 5572
3 5573 5574 5575
3 5573 5572 5574
3 5569 5576 5572
3 5569 5571 5576
3 5572 5577 5574
3 5572 5576 5577
3 5562 5578 5565
3 5562 5573 5578
3 5565 5579 5567
3 5565 5578 5579
3 5573 5580 5578
3 5573 5575 5580
3 5578 5581 5579
3 5578 5580 5581
3 5582 5583 5584
3 5582 5585 5583
3 5584 5333 5328
3 5584 5583 5333
3 5585 5570 5583
3 5585 5571 5570
3 5583 5334 5333
3 5583 5570 5334
3 5582 5586 5587
3 5582 5584 5586
3 5587 5588 5589
3 5587 5586 5588
3 5584 5327 5586
3 5584 5328 5327
3 5586 3725 5588
3 5586 5327 3725
3 5582 5590 5591
3 5582 5587 5590
3 5591 5592 5593
3 5591 5590 5592
3 5587 5594 5590
3 5587 5589 5594
3 5590 5595 5592
3 5590 5594 5595
3 5582 5596 5585
3 5582 5591 5596
3 5585 5576 5571
3 5585 5596 5576
3 5591 5597 5596
3 5591 5593 5597
3 5596 5577 5576
3 5596 5597 5577
3 5598 5599 5600
3 5598 5601 5599
3 5600 5231 5228
3 5600 5599 5231
3 5601 5602 5599
3 5601 5603 5602
3 5599 4551 5231
3 5599 5602 4551
3 5598 5604 5605
3 5598 5600 5604
3 5605 5606 5607
3 5605 5604 5606
3 5600 5227 5604
3 5600 5228 5227
3 5604 5218 5606
3 5604 5227 5218
3 5598 5608 5609
3 5598 5605 5608
3 5609 5610 5611
3 5609 5608 5610
3 5605 5612 5608
3 5605 5607 5612
3 5608 5613 5610
3 5608 5612 5613
3 5598 5614 5601
3 5598 5609 5614
3 5601 5615 5603
3 5601 5614 5615
3 5609 5616 5614
3 5609 5611 5616
3 5614 5617 5615
3 5614 5616 5617
3 5618 5619 5620
3 5618 5621 5619
3 5620 5217 5212
3 5620 5619 5217
3 5621 5606 5619
3 5621 5607 5606
3 5619 5218 5217
3 5619 5606 5218
3 5618 5622 5623
3 5618 5620 5622
3 5623 5624 5625
3 5623 5622 5624
3 5620 5211 5622
3 5620 5212 5211
3 5622 5202 5624
3 5622 5211 5202
3 5618 5626 5627
3 5618 5623 5626
3 5627 5628 5629
3 5627 5626 5628
3 5623 5630 5626
3 5623 5625 5630
3 5626 5631 5628
3 5626 5630 5631
3 5618 5632 5621
3 5618 5627 5632
3 5621 5612 5607
3 5621 5632 5612
3 5627 5633 5632
3 5627 5629 5633
3 5632 5613 5612
3 5632 5633 5613
3 5634 5635 5636
3 5634 5637 5635
3 5636 5201 5196
3 5636 5635 5201
3 5637 5624 5635
3 5637 5625 5624
3 5635 5202 5201
3 5635 5624 5202
3 5634 5638 5639
3 5634 5636 5638
3 5639 5640 5641
3 5639 5638 5640
3 5636 5195 5638
3 5636 5196 5195
3 5638 4538 5640
3 5638 5195 4538
3 5634 5642 5643
3 5634 5639 5642
3 5643 5644 5645
3 5643 5642 5644
3 5639 5646 5642
3 5639 5641 5646
3 5642 5647 5644
3 5642 5646 5647
3 5634 5648 5637
3 5634 5643 5648
3 5637 5630 5625
3 5637 5648 5630
3 5643 5649 5648
3 5643 5645 5649
3 5648 5631 5630
3 5648 5649 5631
3 5650 5651 5652
3 5650 5653 5651
3 5652 5654 5655
3 5652 5651 5654
3 5653 5656 5651
3 5653 5657 5656
3 5651 5658 5654
3 5651 5656 5658
3 5650 5659 5660
3 5650 5652 5659
3 5660 5661 5662
3 5660 5659 5661
3 5652 5663 5659
3 5652 5655 5663
3 5659 4382 5661
3 5659 5663 4382
3 5650 5664 5665
3 5650 5660 5664
3 5665 5666 5667
3 5665 5664 5666
3 5660 5668 5664
3 5660 5662 5668
3 5664 5669 5666
3 5664 5668 5669
3 5650 5670 5653
3 5650 5665 5670
3 5653 5671 5657
3 5653 5670 5671
3 5665 5672 5670
3 5665 5667 5672
3 5670 5673 5671
3 5670 5672 5673
3 5674 5675 5676
3 5674 5677 5675
3 5676 5678 5679
3 5676 5675 5678
3 5677 5680 5675
3 5677 5681 5680
3 5675 5682 5678
3 5675 5680 5682
3 5674 5683 5684
3 5674 5676 5683
3 5684 5656 5657
3 5684 5683 5656
3 5676 5685 5683
3 5676 5679 5685
3 5683 5658 5656
3 5683 5685 5658
3 5674 5686 5687
3 5674 5684 5686
3 5687 5688 5689
3 5687 5686 5688
3 5684 5671 5686
3 5684 5657 5671
3 5686 5673 5688
3 5686 5671 5673
3 5674 5690 5677
3 5674 5687 5690
3 5677 5691 5681
3 5677 5690 5691
3 5687 5692 5690
3 5687 5689 5692
3 5690 5693 5691
3 5690 5692 5693
3 5694 5695 5696
3 5694 5697 5695
3 5696 5698 5699
3 5696 5695 5698
3 5697 5700 5695
3 5697 5701 5700
3 5695 4353 5698
3 5695 5700 4353
3 5694 5702 5703
3 5694 5696 5702
3 5703 5680 5681
3 5703 5702 5680
3 5696 5704 5702
3 5696 5699 5704
3 5702 5682 5680
3 5702 5704 5682
3 5694 5705 5706
3 5694 5703 5705
3 5706 5707 5708
3 5706 5705 5707
3 5703 5691 5705
3 5703 5681 5691
3 5705 5693 5707
3 5705 5691 5693
3 5694 5709 5697
3 5694 5706 5709
3 5697 5710 5701
3 5697 5709 5710
3 5706 5711 5709
3 5706 5708 5711
3 5709 5712 5710
3 5709 5711 5712
3 5713 5714 5715
3 5713 5716 5714
3 5715 4622 4619
3 5715 5714 4622
3 5716 5717 5714
3 5716 5718 5717
3 5714 4378 4622
3 5714 5717 4378
3 5713 5719 5720
3 5713 5715 5719
3 5720 5721 5722
3 5720 5719 5721
3 5715 4618 5719
3 5715 4619 4618
3 5719 4605 5721
3 5719 4618 4605
3 5713 5723 5724
3 5713 5720 5723
3 5724 5725 5726
3 5724 5723 5725
3 5720 5727 5723
3 5720 5722 5727
3 5723 5728 5725
3 5723 5727 5728
3 5713 5729 5716
3 5713 5724 5729
3 5716 5730 5718
3 5716 5729 5730
3 5724 5731 5729
3 5724 5726 5731
3 5729 5732 5730
3 5729 5731 5732
3 5733 5734 5735
3 5733 5736 5734
3 5735 4604 4599
3 5735 5734 4604
3 5736 5721 5734
3 5736 5722 5721
3 5734 4605 4604
3 5734 5721 4605
3 5733 5737 5738
3 5733 5735 5737
3 5738 5739 5740
3 5738 5737 5739
3 5735 4598 5737
3 5735 4599 4598
3 5737 3859 5739
3 5737 4598 3859
3 5733 5741 5742
3 5733 5738 5741
3 5742 5743 5744
3 5742 5741 5743
3 5738 5745 5741
3 5738 5740 5745
3 5741 5746 5743
3 5741 5745 5746
3 5733 5747 5736
3 5733 5742 5747
3 5736 5727 5722
3 5736 5747 5727
3 5742 5748 5747
3 5742 5744 5748
3 5747 5728 5727
3 5747 5748 5728
3 5749 5750 5751
3 5749 5752 5750
3 5751 4578 4574
3 5751 5750 4578
3 5752 5753 5750
3 5752 5754 5753
3 5750 3657 4578
3 5750 5753 3657
3 5749 5755 5756
3 5749 5751 5755
3 5756 5757 5758
3 5756 5755 5757
3 5751 4573 5755
3 5751 4574 4573
3 5755 4576 5757
3 5755 4573 4576
3 5749 5759 5760
3 5749 5756 5759
3 5760 5761 5762
3 5760 5759 5761
3 5756 5763 5759
3 5756 5758 5763
3 5759 5764 5761
3 5759 5763 5764
3 5749 5765 5752
3 5749 5760 5765
3 5752 5766 5754
3 5752 5765 5766
3 5760 5767 5765
3 5760 5762 5767
3 5765 5768 5766
3 5765 5767 5768
3 5769 5770 5771
3 5769 5772 5770
3 5771 4593 4591
3 5771 5770 4593
3 5772 5757 5770
3 5772 5758 5757
3 5770 4576 4593
3 5770 5757 4576
3 5769 5773 5774
3 5769 5771 5773
3 5774 5775 5776
3 5774 5773 5775
3 5771 4590 5773
3 5771 4591 4590
3 5773 4357 5775
3 5773 4590 4357
3 5769 5777 5778
3 5769 5774 5777
3 5778 5779 5780
3 5778 5777 5779
3 5774 5781 5777
3 5774 5776 5781
3 5777 5782 5779
3 5777 5781 5782
3 5769 5783 5772
3 5769 5778 5783
3 5772 5763 5758
3 5772 5783 5763
3 5778 5784 5783
3 5778 5780 5784
3 5783 5764 5763
3 5783 5784 5764
3 5785 5786 5787
3 5785 5788 5786
3 5787 4554 4548
3 5787 5786 4554
3 5788 5789 5786
3 5788 5790 5789
3 5786 4494 4554
3 5786 5789 4494
3 5785 5791 5792
3 5785 5787 5791
3 5792 5602 5603
3 5792 5791 5602
3 5787 4547 5791
3 5787 4548 4547
3 5791 4551 5602
3 5791 4547 4551
3 5785 5793 5794
3 5785 5792 5793
3 5794 5795 5796
3 5794 5793 5795
3 5792 5615 5793
3 5792 5603 5615
3 5793 5617 5795
3 5793 5615 5617
3 5785 5797 5788
3 5785 5794 5797
3 5788 5798 5790
3 5788 5797 5798
3 5794 5799 5797
3 5794 5796 5799
3 5797 5800 5798
3 5797 5799 5800
3 5801 5802 5803
3 5801 5804 5802
3 5803 4537 4532
3 5803 5802 4537
3 5804 5640 5802
3 5804 5641 5640
3 5802 4538 4537
3 5802 5640 4538
3 5801 5805 5806
3 5801 5803 5805
3 5806 5807 5808
3 5806 5805 5807
3 5803 4531 5805
3 5803 4532 4531
3 5805 4470 5807
3 5805 4531 4470
3 5801 5809 5810
3 5801 5806 5809
3 5810 5811 5812
3 5810 5809 5811
3 5806 5813 5809
3 5806 5808 5813
3 5809 5814 5811
3 5809 5813 5814
3 5801 5815 5804
3 5801 5810 5815
3 5804 5646 5641
3 5804 5815 5646
3 5810 5816 5815
3 5810 5812 5816
3 5815 5647 5646
3 5815 5816 5647
3 5817 5818 5819
3 5817 5820 5818
3 5819 4479 4480
3 5819 5818 4479
3 5820 5821 5818
3 5820 5822 5821
3 5818 4438 4479
3 5818 5821 4438
3 5817 5823 5824
3 5817 5819 5823
3 5824 5789 5790
3 5824 5823 5789
3 5819 4492 5823
3 5819 4480 4492
3 5823 4494 5789
3 5823 4492 4494
3 5817 5825 5826
3 5817 5824 5825
3 5826 5827 5828
3 5826 5825 5827
3 5824 5798 5825
3 5824 5790 5798
3 5825 5800 5827
3 5825 5798 5800
3 5817 5829 5820
3 5817 5826 5829
3 5820 5830 5822
3 5820 5829 5830
3 5826 5831 5829
3 5826 5828 5831
3 5829 5832 5830
3 5829 5831 5832
3 5833 5834 5835
3 5833 5836 5834
3 5835 4469 4464
3 5835 5834 4469
3 5836 5807 5834
3 5836 5808 5807
3 5834 4470 4469
3 5834 5807 4470
3 5833 5837 5838
3 5833 5835 5837
3 5838 5839 5840
3 5838 5837 5839
3 5835 4463 5837
3 5835 4464 4463
3 5837 4452 5839
3 5837 4463 4452
3 5833 5841 5842
3 5833 5838 5841
3 5842 5843 5844
3 5842 5841 5843
3 5838 5845 5841
3 5838 5840 5845
3 5841 5846 5843
3 5841 5845 5846
3 5833 5847 5836
3 5833 5842 5847
3 5836 5813 5808
3 5836 5847 5813
3 5842 5848 5847
3 5842 5844 5848
3 5847 5814 5813
3 5847 5848 5814
3 5849 5850 5851
3 5849 5852 5850
3 5851 4451 4446
3 5851 5850 4451
3 5852 5839 5850
3 5852 5840 5839
3 5850 4452 4451
3 5850 5839 4452
3 5849 5853 5854
3 5849 5851 5853
3 5854 5855 5856
3 5854 5853 5855
3 5851 4445 5853
3 5851 4446 4445
3 5853 3830 5855
3 5853 4445 3830
3 5849 5857 5858
3 5849 5854 5857
3 5858 5859 5860
3 5858 5857 5859
3 5854 5861 5857
3 5854 5856 5861
3 5857 5862 5859
3 5857 5861 5862
3 5849 5863 5852
3 5849 5858 5863
3 5852 5845 5840
3 5852 5863 5845
3 5858 5864 5863
3 5858 5860 5864
3 5863 5846 5845
3 5863 5864 5846
3 5865 5866 5867
3 5865 5868 5866
3 5867 4427 4428
3 5867 5866 4427
3 5868 5869 5866
3 5868 5870 5869
3 5866 4023 4427
3 5866 5869 4023
3 5865 5871 5872
3 5865 5867 5871
3 5872 5821 5822
3 5872 5871 5821
3 5867 4436 5871
3 5867 4428 4436
3 5871 4438 5821
3 5871 4436 4438
3 5865 5873 5874
3 5865 5872 5873
3 5874 5875 5876
3 5874 5873 5875
3 5872 5830 5873
3 5872 5822 5830
3 5873 5832 5875
3 5873 5830 5832
3 5865 5877 5868
3 5865 5874 5877
3 5868 5878 5870
3 5868 5877 5878
3 5874 5879 5877
3 5874 5876 5879
3 5877 5880 5878
3 5877 5879 5880
3 5881 5882 5883
3 5881 5884 5882
3 5883 4381 4376
3 5883 5882 4381
3 5884 5661 5882
3 5884 5662 5661
3 5882 4382 4381
3 5882 5661 4382
3 5881 5885 5886
3 5881 5883 5885
3 5886 5717 5718
3 5886 5885 5717
3 5883 4375 5885
3 5883 4376 4375
3 5885 4378 5717
3 5885 4375 4378
3 5881 5887 5888
3 5881 5886 5887
3 5888 5889 5890
3 5888 5887 5889
3 5886 5730 5887
3 5886 5718 5730
3 5887 5732 5889
3 5887 5730 5732
3 5881 5891 5884
3 5881 5888 5891
3 5884 5668 5662
3 5884 5891 5668
3 5888 5892 5891
3 5888 5890 5892
3 5891 5669 5668
3 5891 5892 5669
3 5893 5894 5895
3 5893 5896 5894
3 5895 4356 4351
3 5895 5894 4356
3 5896 5775 5894
3 5896 5776 5775
3 5894 4357 4356
3 5894 5775 4357
3 5893 5897 5898
3 5893 5895 5897
3 5898 5700 5701
3 5898 5897 5700
3 5895 4350 5897
3 5895 4351 4350
3 5897 4353 5700
3 5897 4350 4353
3 5893 5899 5900
3 5893 5898 5899
3 5900 5901 5902
3 5900 5899 5901
3 5898 5710 5899
3 5898 5701 5710
3 5899 5712 5901
3 5899 5710 5712
3 5893 5903 5896
3 5893 5900 5903
3 5896 5781 5776
3 5896 5903 5781
3 5900 5904 5903
3 5900 5902 5904
3 5903 5782 5781
3 5903 5904 5782
3 5905 5906 5907
3 5905 5908 5906
3 5907 3858 3851
3 5907 5906 3858
3 5908 5739 5906
3 5908 5740 5739
3 5906 3859 3858
3 5906 5739 3859
3 5905 5909 5910
3 5905 5907 5909
3 5910 5911 5912
3 5910 5909 5911
3 5907 3850 5909
3 5907 3851 3850
3 5909 3853 5911
3 5909 3850 3853
3 5905 5913 5914
3 5905 5910 5913
3 5914 5915 5916
3 5914 5913 5915
3 5910 5917 5913
3 5910 5912 5917
3 5913 5918 5915
3 5913 5917 5918
3 5905 5919 5908
3 5905 5914 5919
3 5908 5745 5740
3 5908 5919 5745
3 5914 5920 5919
3 5914 5916 5920
3 5919 5746 5745
3 5919 5920 5746
3 5921 5922 5923
3 5921 5924 5922
3 5923 3881 3876
3 5923 5922 3881
3 5924 5911 5922
3 5924 5912 5911
3 5922 3853 3881
3 5922 5911 3853
3 5921 5925 5926
3 5921 5923 5925
3 5926 5927 5928
3 5926 5925 5927
3 5923 3875 5925
3 5923 3876 3875
3 5925 3878 5927
3 5925 3875 3878
3 5921 5929 5930
3 5921 5926 5929
3 5930 5931 5932
3 5930 5929 5931
3 5926 5933 5929
3 5926 5928 5933
3 5929 5934 5931
3 5929 5933 5934
3 5921 5935 5924
3 5921 5930 5935
3 5924 5917 5912
3 5924 5935 5917
3 5930 5936 5935
3 5930 5932 5936
3 5935 5918 5917
3 5935 5936 5918
3 5937 5938 5939
3 5937 5940 5938
3 5939 3901 3896
3 5939 5938 3901
3 5940 5927 5938
3 5940 5928 5927
3 5938 3878 3901
3 5938 5927 3878
3 5937 5941 5942
3 5937 5939 5941
3 5942 5943 5944
3 5942 5941 5943
3 5939 3895 5941
3 5939 3896 3895
3 5941 3898 5943
3 5941 3895 3898
3 5937 5945 5946
3 5937 5942 5945
3 5946 5947 5948
3 5946 5945 5947
3 5942 5949 5945
3 5942 5944 5949
3 5945 5950 5947
3 5945 5949 5950
3 5937 5951 5940
3 5937 5946 5951
3 5940 5933 5928
3 5940 5951 5933
3 5946 5952 5951
3 5946 5948 5952
3 5951 5934 5933
3 5951 5952 5934
3 5953 5954 5955
3 5953 5956 5954
3 5955 3921 3916
3 5955 5954 3921
3 5956 5943 5954
3 5956 5944 5943
3 5954 3898 3921
3 5954 5943 3898
3 5953 5957 5958
3 5953 5955 5957
3 5958 5530 5531
3 5958 5957 5530
3 5955 3915 5957
3 5955 3916 3915
3 5957 3918 5530
3 5957 3915 3918
3 5953 5959 5960
3 5953 5958 5959
3 5960 5961 5962
3 5960 5959 5961
3 5958 5543 5959
3 5958 5531 5543
3 5959 5545 5961
3 5959 5543 5545
3 5953 5963 5956
3 5953 5960 5963
3 5956 5949 5944
3 5956 5963 5949
3 5960 5964 5963
3 5960 5962 5964
3 5963 5950 5949
3 5963 5964 5950
3 5965 5966 5967
3 5965 5968 5966
3 5967 3966 3961
3 5967 5966 3966
3 5968 5969 5966
3 5968 5970 5969
3 5966 3938 3966
3 5966 5969 3938
3 5965 5971 5972
3 5965 5967 5971
3 5972 5973 5974
3 5972 5971 5973
3 5967 3960 5971
3 5967 3961 3960
3 5971 3963 5973
3 5971 3960 3963
3 5965 5975 5976
3 5965 5972 5975
3 5976 5977 5978
3 5976 5975 5977
3 5972 5979 5975
3 5972 5974 5979
3 5975 5980 5977
3 5975 5979 5980
3 5965 5981 5968
3 5965 5976 5981
3 5968 5982 5970
3 5968 5981 5982
3 5976 5983 5981
3 5976 5978 5983
3 5981 5984 5982
3 5981 5983 5984
3 5985 5986 5987
3 5985 5988 5986
3 5987 3943 3936
3 5987 5986 3943
3 5988 5989 5986
3 5988 5990 5989
3 5986 3944 3943
3 5986 5989 3944
3 5985 5991 5992
3 5985 5987 5991
3 5992 5969 5970
3 5992 5991 5969
3 5987 3935 5991
3 5987 3936 3935
3 5991 3938 5969
3 5991 3935 3938
3 5985 5993 5994
3 5985 5992 5993
3 5994 5995 5996
3 5994 5993 5995
3 5992 5982 5993
3 5992 5970 5982
3 5993 5984 5995
3 5993 5982 5984
3 5985 5997 5988
3 5985 5994 5997
3 5988 5998 5990
3 5988 5997 5998
3 5994 5999 5997
3 5994 5996 5999
3 5997 6000 5998
3 5997 5999 6000
3 6001 6002 6003
3 6001 6004 6002
3 6003 3983 3978
3 6003 6002 3983
3 6004 5552 6002
3 6004 5553 5552
3 6002 3984 3983
3 6002 5552 3984
3 6001 6005 6006
3 6001 6003 6005
3 6006 5989 5990
3 6006 6005 5989
3 6003 3977 6005
3 6003 3978 3977
3 6005 3944 5989
3 6005 3977 3944
3 6001 6007 6008
3 6001 6006 6007
3 6008 6009 6010
3 6008 6007 6009
3 6006 5998 6007
3 6006 5990 5998
3 6007 6000 6009
3 6007 5998 6000
3 6001 6011 6004
3 6001 6008 6011
3 6004 5558 5553
3 6004 6011 5558
3 6008 6012 6011
3 6008 6010 6012
3 6011 5559 5558
3 6011 6012 5559
3 6013 6014 6015
3 6013 6016 6014
3 6015 4026 4021
3 6015 6014 4026
3 6016 6017 6014
3 6016 6018 6017
3 6014 4003 4026
3 6014 6017 4003
3 6013 6019 6020
3 6013 6015 6019
3 6020 5869 5870
3 6020 6019 5869
3 6015 4020 6019
3 6015 4021 4020
3 6019 4023 5869
3 6019 4020 4023
3 6013 6021 6022
3 6013 6020 6021
3 6022 6023 6024
3 6022 6021 6023
3 6020 5878 6021
3 6020 5870 5878
3 6021 5880 6023
3 6021 5878 5880
3 6013 6025 6016
3 6013 6022 6025
3 6016 6026 6018
3 6016 6025 6026
3 6022 6027 6025
3 6022 6024 6027
3 6025 6028 6026
3 6025 6027 6028
3 6029 6030 6031
3 6029 6032 6030
3 6031 4006 4001
3 6031 6030 4006
3 6032 5973 6030
3 6032 5974 5973
3 6030 3963 4006
3 6030 5973 3963
3 6029 6033 6034
3 6029 6031 6033
3 6034 6017 6018
3 6034 6033 6017
3 6031 4000 6033
3 6031 4001 4000
3 6033 4003 6017
3 6033 4000 4003
3 6029 6035 6036
3 6029 6034 6035
3 6036 6037 6038
3 6036 6035 6037
3 6034 6026 6035
3 6034 6018 6026
3 6035 6028 6037
3 6035 6026 6028
3 6029 6039 6032
3 6029 6036 6039
3 6032 5979 5974
3 6032 6039 5979
3 6036 6040 6039
3 6036 6038 6040
3 6039 5980 5979
3 6039 6040 5980
3 6041 6042 6043
3 6041 6044 6042
3 6043 3809 3804
3 6043 6042 3809
3 6044 6045 6042
3 6044 6046 6045
3 6042 3810 3809
3 6042 6045 3810
3 6041 6047 6048
3 6041 6043 6047
3 6048 6049 6050
3 6048 6047 6049
3 6043 3803 6047
3 6043 3804 3803
3 6047 3770 6049
3 6047 3803 3770
3 6041 6051 6052
3 6041 6048 6051
3 6052 6053 6054
3 6052 6051 6053
3 6048 6055 6051
3 6048 6050 6055
3 6051 6056 6053
3 6051 6055 6056
3 6041 6057 6044
3 6041 6052 6057
3 6044 6058 6046
3 6044 6057 6058
3 6052 6059 6057
3 6052 6054 6059
3 6057 6060 6058
3 6057 6059 6060
3 6061 6062 6063
3 6061 6064 6062
3 6063 3829 3824
3 6063 6062 3829
3 6064 5855 6062
3 6064 5856 5855
3 6062 3830 3829
3 6062 5855 3830
3 6061 6065 6066
3 6061 6063 6065
3 6066 6045 6046
3 6066 6065 6045
3 6063 3823 6065
3 6063 3824 3823
3 6065 3810 6045
3 6065 3823 3810
3 6061 6067 6068
3 6061 6066 6067
3 6068 6069 6070
3 6068 6067 6069
3 6066 6058 6067
3 6066 6046 6058
3 6067 6060 6069
3 6067 6058 6060
3 6061 6071 6064
3 6061 6068 6071
3 6064 5861 5856
3 6064 6071 5861
3 6068 6072 6071
3 6068 6070 6072
3 6071 5862 5861
3 6071 6072 5862
3 6073 6074 6075
3 6073 6076 6074
3 6075 3790 3784
3 6075 6074 3790
3 6076 6077 6074
3 6076 6078 6077
3 6074 3742 3790
3 6074 6077 3742
3 6073 6079 6080
3 6073 6075 6079
3 6080 5566 5567
3 6080 6079 5566
3 6075 3783 6079
3 6075 3784 3783
3 6079 3787 5566
3 6079 3783 3787
3 6073 6081 6082
3 6073 6080 6081
3 6082 6083 6084
3 6082 6081 6083
3 6080 5579 6081
3 6080 5567 5579
3 6081 5581 6083
3 6081 5579 5581
3 6073 6085 6076
3 6073 6082 6085
3 6076 6086 6078
3 6076 6085 6086
3 6082 6087 6085
3 6082 6084 6087
3 6085 6088 6086
3 6085 6087 6088
3 6089 6090 6091
3 6089 6092 6090
3 6091 3747 3739
3 6091 6090 3747
3 6092 6093 6090
3 6092 6094 6093
3 6090 3748 3747
3 6090 6093 3748
3 6089 6095 6096
3 6089 6091 6095
3 6096 6077 6078
3 6096 6095 6077
3 6091 3738 6095
3 6091 3739 3738
3 6095 3742 6077
3 6095 3738 3742
3 6089 6097 6098
3 6089 6096 6097
3 6098 6099 6100
3 6098 6097 6099
3 6096 6086 6097
3 6096 6078 6086
3 6097 6088 6099
3 6097 6086 6088
3 6089 6101 6092
3 6089 6098 6101
3 6092 6102 6094
3 6092 6101 6102
3 6098 6103 6101
3 6098 6100 6103
3 6101 6104 6102
3 6101 6103 6104
3 6105 6106 6107
3 6105 6108 6106
3 6107 3769 3764
3 6107 6106 3769
3 6108 6049 6106
3 6108 6050 6049
3 6106 3770 3769
3 6106 6049 3770
3 6105 6109 6110
3 6105 6107 6109
3 6110 6093 6094
3 6110 6109 6093
3 6107 3763 6109
3 6107 3764 3763
3 6109 3748 6093
3 6109 3763 3748
3 6105 6111 6112
3 6105 6110 6111
3 6112 6113 6114
3 6112 6111 6113
3 6110 6102 6111
3 6110 6094 6102
3 6111 6104 6113
3 6111 6102 6104
3 6105 6115 6108
3 6105 6112 6115
3 6108 6055 6050
3 6108 6115 6055
3 6112 6116 6115
3 6112 6114 6116
3 6115 6056 6055
3 6115 6116 6056
3 6117 6118 6119
3 6117 6120 6118
3 6119 3724 3719
3 6119 6118 3724
3 6120 5588 6118
3 6120 5589 5588
3 6118 3725 3724
3 6118 5588 3725
3 6117 6121 6122
3 6117 6119 6121
3 6122 6123 6124
3 6122 6121 6123
3 6119 3718 6121
3 6119 3719 3718
3 6121 3705 6123
3 6121 3718 3705
3 6117 6125 6126
3 6117 6122 6125
3 6126 6127 6128
3 6126 6125 6127
3 6122 6129 6125
3 6122 6124 6129
3 6125 6130 6127
3 6125 6129 6130
3 6117 6131 6120
3 6117 6126 6131
3 6120 5594 5589
3 6120 6131 5594
3 6126 6132 6131
3 6126 6128 6132
3 6131 5595 5594
3 6131 6132 5595
3 6133 6134 6135
3 6133 6136 6134
3 6135 3704 3699
3 6135 6134 3704
3 6136 6123 6134
3 6136 6124 6123
3 6134 3705 3704
3 6134 6123 3705
3 6133 6137 6138
3 6133 6135 6137
3 6138 6139 6140
3 6138 6137 6139
3 6135 3698 6137
3 6135 3699 3698
3 6137 3685 6139
3 6137 3698 3685
3 6133 6141 6142
3 6133 6138 6141
3 6142 6143 6144
3 6142 6141 6143
3 6138 6145 6141
3 6138 6140 6145
3 6141 6146 6143
3 6141 6145 6146
3 6133 6147 6136
3 6133 6142 6147
3 6136 6129 6124
3 6136 6147 6129
3 6142 6148 6147
3 6142 6144 6148
3 6147 6130 6129
3 6147 6148 6130
3 6149 6150 6151
3 6149 6152 6150
3 6151 3684 3679
3 6151 6150 3684
3 6152 6139 6150
3 6152 6140 6139
3 6150 3685 3684
3 6150 6139 3685
3 6149 6153 6154
3 6149 6151 6153
3 6154 6155 6156
3 6154 6153 6155
3 6151 3678 6153
3 6151 3679 3678
3 6153 3663 6155
3 6153 3678 3663
3 6149 6157 6158
3 6149 6154 6157
3 6158 6159 6160
3 6158 6157 6159
3 6154 6161 6157
3 6154 6156 6161
3 6157 6162 6159
3 6157 6161 6162
3 6149 6163 6152
3 6149 6158 6163
3 6152 6145 6140
3 6152 6163 6145
3 6158 6164 6163
3 6158 6160 6164
3 6163 6146 6145
3 6163 6164 6146
3 6165 6166 6167
3 6165 6168 6166
3 6167 3662 3654
3 6167 6166 3662
3 6168 6155 6166
3 6168 6156 6155
3 6166 3663 3662
3 6166 6155 3663
3 6165 6169 6170
3 6165 6167 6169
3 6170 5753 5754
3 6170 6169 5753
3 6167 3653 6169
3 6167 3654 3653
3 6169 3657 5753
3 6169 3653 3657
3 6165 6171 6172
3 6165 6170 6171
3 6172 6173 6174
3 6172 6171 6173
3 6170 5766 6171
3 6170 5754 5766
3 6171 5768 6173
3 6171 5766 5768
3 6165 6175 6168
3 6165 6172 6175
3 6168 6161 6156
3 6168 6175 6161
3 6172 6176 6175
3 6172 6174 6176
3 6175 6162 6161
3 6175 6176 6162
3 6177 6178 6179
3 6177 6180 6178
3 6179 6181 6182
3 6179 6178 6181
3 6180 6053 6178
3 6180 6054 6053
3 6178 6056 6181
3 6178 6053 6056
3 6177 6183 6184
3 6177 6179 6183
3 6184 6185 6186
3 6184 6183 6185
3 6179 6187 6183
3 6179 6182 6187
3 6183 6188 6185
3 6183 6187 6188
3 6177 6189 6190
3 6177 6184 6189
3 6190 6191 6192
3 6190 6189 6191
3 6184 6193 6189
3 6184 6186 6193
3 6189 6194 6191
3 6189 6193 6194
3 6177 6195 6180
3 6177 6190 6195
3 6180 6059 6054
3 6180 6195 6059
3 6190 6196 6195
3 6190 6192 6196
3 6195 6060 6059
3 6195 6196 6060
3 6197 6198 6199
3 6197 6200 6198
3 6199 6201 6202
3 6199 6198 6201
3 6200 6203 6198
3 6200 6204 6203
3 6198 6205 6201
3 6198 6203 6205
3 6197 6206 6207
3 6197 6199 6206
3 6207 6040 6038
3 6207 6206 6040
3 6199 6208 6206
3 6199 6202 6208
3 6206 5980 6040
3 6206 6208 5980
3 6197 6209 6210
3 6197 6207 6209
3 6210 6211 6212
3 6210 6209 6211
3 6207 6037 6209
3 6207 6038 6037
3 6209 6028 6211
3 6209 6037 6028
3 6197 6213 6200
3 6197 6210 6213
3 6200 6214 6204
3 6200 6213 6214
3 6210 6215 6213
3 6210 6212 6215
3 6213 6216 6214
3 6213 6215 6216
3 6217 6218 6219
3 6217 6220 6218
3 6219 6196 6192
3 6219 6218 6196
3 6220 6069 6218
3 6220 6070 6069
3 6218 6060 6196
3 6218 6069 6060
3 6217 6221 6222
3 6217 6219 6221
3 6222 6223 6224
3 6222 6221 6223
3 6219 6191 6221
3 6219 6192 6191
3 6221 6194 6223
3 6221 6191 6194
3 6217 6225 6226
3 6217 6222 6225
3 6226 6227 6228
3 6226 6225 6227
3 6222 6229 6225
3 6222 6224 6229
3 6225 6230 6227
3 6225 6229 6230
3 6217 6231 6220
3 6217 6226 6231
3 6220 6072 6070
3 6220 6231 6072
3 6226 6232 6231
3 6226 6228 6232
3 6231 5862 6072
3 6231 6232 5862
3 6233 6234 6235
3 6233 6236 6234
3 6235 6215 6212
3 6235 6234 6215
3 6236 6237 6234
3 6236 6238 6237
3 6234 6216 6215
3 6234 6237 6216
3 6233 6239 6240
3 6233 6235 6239
3 6240 6027 6024
3 6240 6239 6027
3 6235 6211 6239
3 6235 6212 6211
3 6239 6028 6027
3 6239 6211 6028
3 6233 6241 6242
3 6233 6240 6241
3 6242 6243 6244
3 6242 6241 6243
3 6240 6023 6241
3 6240 6024 6023
3 6241 5880 6243
3 6241 6023 5880
3 6233 6245 6236
3 6233 6242 6245
3 6236 6246 6238
3 6236 6245 6246
3 6242 6247 6245
3 6242 6244 6247
3 6245 6248 6246
3 6245 6247 6248
3 6249 6250 6251
3 6249 6252 6250
3 6251 6253 6254
3 6251 6250 6253
3 6252 6083 6250
3 6252 6084 6083
3 6250 5581 6253
3 6250 6083 5581
3 6249 6255 6256
3 6249 6251 6255
3 6256 6257 6258
3 6256 6255 6257
3 6251 6259 6255
3 6251 6254 6259
3 6255 6260 6257
3 6255 6259 6260
3 6249 6261 6262
3 6249 6256 6261
3 6262 6263 6264
3 6262 6261 6263
3 6256 6265 6261
3 6256 6258 6265
3 6261 6266 6263
3 6261 6265 6266
3 6249 6267 6252
3 6249 6262 6267
3 6252 6087 6084
3 6252 6267 6087
3 6262 6268 6267
3 6262 6264 6268
3 6267 6088 6087
3 6267 6268 6088
3 6269 6270 6271
3 6269 6272 6270
3 6271 6273 6274
3 6271 6270 6273
3 6272 6275 6270
3 6272 6276 6275
3 6270 6277 6273
3 6270 6275 6277
3 6269 6278 6279
3 6269 6271 6278
3 6279 6012 6010
3 6279 6278 6012
3 6271 6280 6278
3 6271 6274 6280
3 6278 5559 6012
3 6278 6280 5559
3 6269 6281 6282
3 6269 6279 6281
3 6282 6283 6284
3 6282 6281 6283
3 6279 6009 6281
3 6279 6010 6009
3 6281 6000 6283
3 6281 6009 6000
3 6269 6285 6272
3 6269 6282 6285
3 6272 6286 6276
3 6272 6285 6286
3 6282 6287 6285
3 6282 6284 6287
3 6285 6288 6286
3 6285 6287 6288
3 6289 6290 6291
3 6289 6292 6290
3 6291 6268 6264
3 6291 6290 6268
3 6292 6099 6290
3 6292 6100 6099
3 6290 6088 6268
3 6290 6099 6088
3 6289 6293 6294
3 6289 6291 6293
3 6294 6295 6296
3 6294 6293 6295
3 6291 6263 6293
3 6291 6264 6263
3 6293 6266 6295
3 6293 6263 6266
3 6289 6297 6298
3 6289 6294 6297
3 6298 6299 6300
3 6298 6297 6299
3 6294 6301 6297
3 6294 6296 6301
3 6297 6302 6299
3 6297 6301 6302
3 6289 6303 6292
3 6289 6298 6303
3 6292 6103 6100
3 6292 6303 6103
3 6298 6304 6303
3 6298 6300 6304
3 6303 6104 6103
3 6303 6304 6104
3 6305 6306 6307
3 6305 6308 6306
3 6307 6287 6284
3 6307 6306 6287
3 6308 6309 6306
3 6308 6310 6309
3 6306 6288 6287
3 6306 6309 6288
3 6305 6311 6312
3 6305 6307 6311
3 6312 5999 5996
3 6312 6311 5999
3 6307 6283 6311
3 6307 6284 6283
3 6311 6000 5999
3 6311 6283 6000
3 6305 6313 6314
3 6305 6312 6313
3 6314 6315 6316
3 6314 6313 6315
3 6312 5995 6313
3 6312 5996 5995
3 6313 5984 6315
3 6313 5995 5984
3 6305 6317 6308
3 6305 6314 6317
3 6308 6318 6310
3 6308 6317 6318
3 6314 6319 6317
3 6314 6316 6319
3 6317 6320 6318
3 6317 6319 6320
3 6321 6322 6323
3 6321 6324 6322
3 6323 6304 6300
3 6323 6322 6304
3 6324 6113 6322
3 6324 6114 6113
3 6322 6104 6304
3 6322 6113 6104
3 6321 6325 6326
3 6321 6323 6325
3 6326 6327 6328
3 6326 6325 6327
3 6323 6299 6325
3 6323 6300 6299
3 6325 6302 6327
3 6325 6299 6302
3 6321 6329 6330
3 6321 6326 6329
3 6330 6187 6182
3 6330 6329 6187
3 6326 6331 6329
3 6326 6328 6331
3 6329 6188 6187
3 6329 6331 6188
3 6321 6332 6324
3 6321 6330 6332
3 6324 6116 6114
3 6324 6332 6116
3 6330 6181 6332
3 6330 6182 6181
3 6332 6056 6116
3 6332 6181 6056
3 6333 6334 6335
3 6333 6336 6334
3 6335 6319 6316
3 6335 6334 6319
3 6336 6337 6334
3 6336 6338 6337
3 6334 6320 6319
3 6334 6337 6320
3 6333 6339 6340
3 6333 6335 6339
3 6340 5983 5978
3 6340 6339 5983
3 6335 6315 6339
3 6335 6316 6315
3 6339 5984 5983
3 6339 6315 5984
3 6333 6341 6342
3 6333 6340 6341
3 6342 6208 6202
3 6342 6341 6208
3 6340 5977 6341
3 6340 5978 5977
3 6341 5980 6208
3 6341 5977 5980
3 6333 6343 6336
3 6333 6342 6343
3 6336 6344 6338
3 6336 6343 6344
3 6342 6201 6343
3 6342 6202 6201
3 6343 6205 6344
3 6343 6201 6205
3 6345 6346 6347
3 6345 6348 6346
3 6347 6349 6350
3 6347 6346 6349
3 6348 6127 6346
3 6348 6128 6127
3 6346 6130 6349
3 6346 6127 6130
3 6345 6351 6352
3 6345 6347 6351
3 6352 6353 6354
3 6352 6351 6353
3 6347 6355 6351
3 6347 6350 6355
3 6351 6356 6353
3 6351 6355 6356
3 6345 6357 6358
3 6345 6352 6357
3 6358 6359 6360
3 6358 6357 6359
3 6352 6361 6357
3 6352 6354 6361
3 6357 6362 6359
3 6357 6361 6362
3 6345 6363 6348
3 6345 6358 6363
3 6348 6132 6128
3 6348 6363 6132
3 6358 6364 6363
3 6358 6360 6364
3 6363 5595 6132
3 6363 6364 5595
3 6365 6366 6367
3 6365 6368 6366
3 6367 6369 6370
3 6367 6366 6369
3 6368 6371 6366
3 6368 6372 6371
3 6366 6373 6369
3 6366 6371 6373
3 6365 6374 6375
3 6365 6367 6374
3 6375 5964 5962
3 6375 6374 5964
3 6367 6376 6374
3 6367 6370 6376
3 6374 5950 5964
3 6374 6376 5950
3 6365 6377 6378
3 6365 6375 6377
3 6378 6379 6380
3 6378 6377 6379
3 6375 5961 6377
3 6375 5962 5961
3 6377 5545 6379
3 6377 5961 5545
3 6365 6381 6368
3 6365 6378 6381
3 6368 6382 6372
3 6368 6381 6382
3 6378 6383 6381
3 6378 6380 6383
3 6381 6384 6382
3 6381 6383 6384
3 6385 6386 6387
3 6385 6388 6386
3 6387 6389 6390
3 6387 6386 6389
3 6388 6143 6386
3 6388 6144 6143
3 6386 6146 6389
3 6386 6143 6146
3 6385 6391 6392
3 6385 6387 6391
3 6392 6393 6394
3 6392 6391 6393
3 6387 6395 6391
3 6387 6390 6395
3 6391 6396 6393
3 6391 6395 6396
3 6385 6397 6398
3 6385 6392 6397
3 6398 6355 6350
3 6398 6397 6355
3 6392 6399 6397
3 6392 6394 6399
3 6397 6356 6355
3 6397 6399 6356
3 6385 6400 6388
3 6385 6398 6400
3 6388 6148 6144
3 6388 6400 6148
3 6398 6349 6400
3 6398 6350 6349
3 6400 6130 6148
3 6400 6349 6130
3 6401 6402 6403
3 6401 6404 6402
3 6403 6405 6406
3 6403 6402 6405
3 6404 6407 6402
3 6404 6408 6407
3 6402 6409 6405
3 6402 6407 6409
3 6401 6410 6411
3 6401 6403 6410
3 6411 5952 5948
3 6411 6410 5952
3 6403 6412 6410
3 6403 6406 6412
3 6410 5934 5952
3 6410 6412 5934
3 6401 6413 6414
3 6401 6411 6413
3 6414 6376 6370
3 6414 6413 6376
3 6411 5947 6413
3 6411 5948 5947
3 6413 5950 6376
3 6413 5947 5950
3 6401 6415 6404
3 6401 6414 6415
3 6404 6416 6408
3 6404 6415 6416
3 6414 6369 6415
3 6414 6370 6369
3 6415 6373 6416
3 6415 6369 6373
3 6417 6418 6419
3 6417 6420 6418
3 6419 6421 6422
3 6419 6418 6421
3 6420 6159 6418
3 6420 6160 6159
3 6418 6162 6421
3 6418 6159 6162
3 6417 6423 6424
3 6417 6419 6423
3 6424 6425 6426
3 6424 6423 6425
3 6419 6427 6423
3 6419 6422 6427
3 6423 6428 6425
3 6423 6427 6428
3 6417 6429 6430
3 6417 6424 6429
3 6430 6395 6390
3 6430 6429 6395
3 6424 6431 6429
3 6424 6426 6431
3 6429 6396 6395
3 6429 6431 6396
3 6417 6432 6420
3 6417 6430 6432
3 6420 6164 6160
3 6420 6432 6164
3 6430 6389 6432
3 6430 6390 6389
3 6432 6146 6164
3 6432 6389 6146
3 6433 6434 6435
3 6433 6436 6434
3 6435 6437 6438
3 6435 6434 6437
3 6436 6439 6434
3 6436 6440 6439
3 6434 6441 6437
3 6434 6439 6441
3 6433 6442 6443
3 6433 6435 6442
3 6443 5936 5932
3 6443 6442 5936
3 6435 6444 6442
3 6435 6438 6444
3 6442 5918 5936
3 6442 6444 5918
3 6433 6445 6446
3 6433 6443 6445
3 6446 6412 6406
3 6446 6445 6412
3 6443 5931 6445
3 6443 5932 5931
3 6445 5934 6412
3 6445 5931 5934
3 6433 6447 6436
3 6433 6446 6447
3 6436 6448 6440
3 6436 6447 6448
3 6446 6405 6447
3 6446 6406 6405
3 6447 6409 6448
3 6447 6405 6409
3 6449 6450 6451
3 6449 6452 6450
3 6451 6453 6454
3 6451 6450 6453
3 6452 6173 6450
3 6452 6174 6173
3 6450 5768 6453
3 6450 6173 5768
3 6449 6455 6456
3 6449 6451 6455
3 6456 6457 6458
3 6456 6455 6457
3 6451 6459 6455
3 6451 6454 6459
3 6455 6460 6457
3 6455 6459 6460
3 6449 6461 6462
3 6449 6456 6461
3 6462 6427 6422
3 6462 6461 6427
3 6456 6463 6461
3 6456 6458 6463
3 6461 6428 6427
3 6461 6463 6428
3 6449 6464 6452
3 6449 6462 6464
3 6452 6176 6174
3 6452 6464 6176
3 6462 6421 6464
3 6462 6422 6421
3 6464 6162 6176
3 6464 6421 6162
3 6465 6466 6467
3 6465 6468 6466
3 6467 6469 6470
3 6467 6466 6469
3 6468 6471 6466
3 6468 6472 6471
3 6466 6473 6469
3 6466 6471 6473
3 6465 6474 6475
3 6465 6467 6474
3 6475 5920 5916
3 6475 6474 5920
3 6467 6476 6474
3 6467 6470 6476
3 6474 5746 5920
3 6474 6476 5746
3 6465 6477 6478
3 6465 6475 6477
3 6478 6444 6438
3 6478 6477 6444
3 6475 5915 6477
3 6475 5916 5915
3 6477 5918 6444
3 6477 5915 5918
3 6465 6479 6468
3 6465 6478 6479
3 6468 6480 6472
3 6468 6479 6480
3 6478 6437 6479
3 6478 6438 6437
3 6479 6441 6480
3 6479 6437 6441
3 6481 6482 6483
3 6481 6484 6482
3 6483 6247 6244
3 6483 6482 6247
3 6484 6485 6482
3 6484 6486 6485
3 6482 6248 6247
3 6482 6485 6248
3 6481 6487 6488
3 6481 6483 6487
3 6488 5879 5876
3 6488 6487 5879
3 6483 6243 6487
3 6483 6244 6243
3 6487 5880 5879
3 6487 6243 5880
3 6481 6489 6490
3 6481 6488 6489
3 6490 6491 6492
3 6490 6489 6491
3 6488 5875 6489
3 6488 5876 5875
3 6489 5832 6491
3 6489 5875 5832
3 6481 6493 6484
3 6481 6490 6493
3 6484 6494 6486
3 6484 6493 6494
3 6490 6495 6493
3 6490 6492 6495
3 6493 6496 6494
3 6493 6495 6496
3 6497 6498 6499
3 6497 6500 6498
3 6499 6232 6228
3 6499 6498 6232
3 6500 5859 6498
3 6500 5860 5859
3 6498 5862 6232
3 6498 5859 5862
3 6497 6501 6502
3 6497 6499 6501
3 6502 6503 6504
3 6502 6501 6503
3 6499 6227 6501
3 6499 6228 6227
3 6501 6230 6503
3 6501 6227 6230
3 6497 6505 6506
3 6497 6502 6505
3 6506 6507 6508
3 6506 6505 6507
3 6502 6509 6505
3 6502 6504 6509
3 6505 6510 6507
3 6505 6509 6510
3 6497 6511 6500
3 6497 6506 6511
3 6500 5864 5860
3 6500 6511 5864
3 6506 6512 6511
3 6506 6508 6512
3 6511 5846 5864
3 6511 6512 5846
3 6513 6514 6515
3 6513 6516 6514
3 6515 6512 6508
3 6515 6514 6512
3 6516 5843 6514
3 6516 5844 5843
3 6514 5846 6512
3 6514 5843 5846
3 6513 6517 6518
3 6513 6515 6517
3 6518 6519 6520
3 6518 6517 6519
3 6515 6507 6517
3 6515 6508 6507
3 6517 6510 6519
3 6517 6507 6510
3 6513 6521 6522
3 6513 6518 6521
3 6522 5816 5812
3 6522 6521 5816
3 6518 6523 6521
3 6518 6520 6523
3 6521 5647 5816
3 6521 6523 5647
3 6513 6524 6516
3 6513 6522 6524
3 6516 5848 5844
3 6516 6524 5848
3 6522 5811 6524
3 6522 5812 5811
3 6524 5814 5848
3 6524 5811 5814
3 6525 6526 6527
3 6525 6528 6526
3 6527 6495 6492
3 6527 6526 6495
3 6528 6529 6526
3 6528 6530 6529
3 6526 6496 6495
3 6526 6529 6496
3 6525 6531 6532
3 6525 6527 6531
3 6532 5831 5828
3 6532 6531 5831
3 6527 6491 6531
3 6527 6492 6491
3 6531 5832 5831
3 6531 6491 5832
3 6525 6533 6534
3 6525 6532 6533
3 6534 5799 5796
3 6534 6533 5799
3 6532 5827 6533
3 6532 5828 5827
3 6533 5800 5799
3 6533 5827 5800
3 6525 6535 6528
3 6525 6534 6535
3 6528 6536 6530
3 6528 6535 6536
3 6534 5795 6535
3 6534 5796 5795
3 6535 5617 6536
3 6535 5795 5617
3 6537 6538 6539
3 6537 6540 6538
3 6539 6541 6542
3 6539 6538 6541
3 6540 5901 6538
3 6540 5902 5901
3 6538 5712 6541
3 6538 5901 5712
3 6537 6543 6544
3 6537 6539 6543
3 6544 6545 6546
3 6544 6543 6545
3 6539 6547 6543
3 6539 6542 6547
3 6543 6548 6545
3 6543 6547 6548
3 6537 6549 6550
3 6537 6544 6549
3 6550 5784 5780
3 6550 6549 5784
3 6544 6551 6549
3 6544 6546 6551
3 6549 5764 5784
3 6549 6551 5764
3 6537 6552 6540
3 6537 6550 6552
3 6540 5904 5902
3 6540 6552 5904
3 6550 5779 6552
3 6550 5780 5779
3 6552 5782 5904
3 6552 5779 5782
3 6553 6554 6555
3 6553 6556 6554
3 6555 6557 6558
3 6555 6554 6557
3 6556 6545 6554
3 6556 6546 6545
3 6554 6548 6557
3 6554 6545 6548
3 6553 6559 6560
3 6553 6555 6559
3 6560 6459 6454
3 6560 6559 6459
3 6555 6561 6559
3 6555 6558 6561
3 6559 6460 6459
3 6559 6561 6460
3 6553 6562 6563
3 6553 6560 6562
3 6563 5767 5762
3 6563 6562 5767
3 6560 6453 6562
3 6560 6454 6453
3 6562 5768 5767
3 6562 6453 5768
3 6553 6564 6556
3 6553 6563 6564
3 6556 6551 6546
3 6556 6564 6551
3 6563 5761 6564
3 6563 5762 5761
3 6564 5764 6551
3 6564 5761 5764
3 6565 6566 6567
3 6565 6568 6566
3 6567 5731 5726
3 6567 6566 5731
3 6568 5889 6566
3 6568 5890 5889
3 6566 5732 5731
3 6566 5889 5732
3 6565 6569 6570
3 6565 6567 6569
3 6570 6571 6572
3 6570 6569 6571
3 6567 5725 6569
3 6567 5726 5725
3 6569 5728 6571
3 6569 5725 5728
3 6565 6573 6574
3 6565 6570 6573
3 6574 6575 6576
3 6574 6573 6575
3 6570 6577 6573
3 6570 6572 6577
3 6573 6578 6575
3 6573 6577 6578
3 6565 6579 6568
3 6565 6574 6579
3 6568 5892 5890
3 6568 6579 5892
3 6574 6580 6579
3 6574 6576 6580
3 6579 5669 5892
3 6579 6580 5669
3 6581 6582 6583
3 6581 6584 6582
3 6583 5748 5744
3 6583 6582 5748
3 6584 6571 6582
3 6584 6572 6571
3 6582 5728 5748
3 6582 6571 5728
3 6581 6585 6586
3 6581 6583 6585
3 6586 6476 6470
3 6586 6585 6476
3 6583 5743 6585
3 6583 5744 5743
3 6585 5746 6476
3 6585 5743 5746
3 6581 6587 6588
3 6581 6586 6587
3 6588 6589 6590
3 6588 6587 6589
3 6586 6469 6587
3 6586 6470 6469
3 6587 6473 6589
3 6587 6469 6473
3 6581 6591 6584
3 6581 6588 6591
3 6584 6577 6572
3 6584 6591 6577
3 6588 6592 6591
3 6588 6590 6592
3 6591 6578 6577
3 6591 6592 6578
3 6593 6594 6595
3 6593 6596 6594
3 6595 6597 6598
3 6595 6594 6597
3 6596 6185 6594
3 6596 6186 6185
3 6594 6188 6597
3 6594 6185 6188
3 6593 6599 6600
3 6593 6595 6599
3 6600 6601 6602
3 6600 6599 6601
3 6595 6603 6599
3 6595 6598 6603
3 6599 6604 6601
3 6599 6603 6604
3 6593 6605 6606
3 6593 6600 6605
3 6606 6607 6608
3 6606 6605 6607
3 6600 6609 6605
3 6600 6602 6609
3 6605 6610 6607
3 6605 6609 6610
3 6593 6611 6596
3 6593 6606 6611
3 6596 6193 6186
3 6596 6611 6193
3 6606 6612 6611
3 6606 6608 6612
3 6611 6194 6193
3 6611 6612 6194
3 6613 6614 6615
3 6613 6616 6614
3 6615 6617 6618
3 6615 6614 6617
3 6616 6601 6614
3 6616 6602 6601
3 6614 6604 6617
3 6614 6601 6604
3 6613 6619 6620
3 6613 6615 6619
3 6620 6621 6622
3 6620 6619 6621
3 6615 6623 6619
3 6615 6618 6623
3 6619 6624 6621
3 6619 6623 6624
3 6613 6625 6626
3 6613 6620 6625
3 6626 6627 6628
3 6626 6625 6627
3 6620 6629 6625
3 6620 6622 6629
3 6625 6630 6627
3 6625 6629 6630
3 6613 6631 6616
3 6613 6626 6631
3 6616 6609 6602
3 6616 6631 6609
3 6626 6632 6631
3 6626 6628 6632
3 6631 6610 6609
3 6631 6632 6610
3 6633 6634 6635
3 6633 6636 6634
3 6635 6637 6638
3 6635 6634 6637
3 6636 6621 6634
3 6636 6622 6621
3 6634 6624 6637
3 6634 6621 6624
3 6633 6639 6640
3 6633 6635 6639
3 6640 6203 6204
3 6640 6639 6203
3 6635 6641 6639
3 6635 6638 6641
3 6639 6205 6203
3 6639 6641 6205
3 6633 6642 6643
3 6633 6640 6642
3 6643 6644 6645
3 6643 6642 6644
3 6640 6214 6642
3 6640 6204 6214
3 6642 6216 6644
3 6642 6214 6216
3 6633 6646 6636
3 6633 6643 6646
3 6636 6629 6622
3 6636 6646 6629
3 6643 6647 6646
3 6643 6645 6647
3 6646 6630 6629
3 6646 6647 6630
3 6648 6649 6650
3 6648 6651 6649
3 6650 6612 6608
3 6650 6649 6612
3 6651 6223 6649
3 6651 6224 6223
3 6649 6194 6612
3 6649 6223 6194
3 6648 6652 6653
3 6648 6650 6652
3 6653 6654 6655
3 6653 6652 6654
3 6650 6607 6652
3 6650 6608 6607
3 6652 6610 6654
3 6652 6607 6610
3 6648 6656 6657
3 6648 6653 6656
3 6657 6658 6659
3 6657 6656 6658
3 6653 6660 6656
3 6653 6655 6660
3 6656 6661 6658
3 6656 6660 6661
3 6648 6662 6651
3 6648 6657 6662
3 6651 6229 6224
3 6651 6662 6229
3 6657 6663 6662
3 6657 6659 6663
3 6662 6230 6229
3 6662 6663 6230
3 6664 6665 6666
3 6664 6667 6665
3 6666 6632 6628
3 6666 6665 6632
3 6667 6654 6665
3 6667 6655 6654
3 6665 6610 6632
3 6665 6654 6610
3 6664 6668 6669
3 6664 6666 6668
3 6669 6670 6671
3 6669 6668 6670
3 6666 6627 6668
3 6666 6628 6627
3 6668 6630 6670
3 6668 6627 6630
3 6664 6672 6673
3 6664 6669 6672
3 6673 6674 6675
3 6673 6672 6674
3 6669 6676 6672
3 6669 6671 6676
3 6672 6677 6674
3 6672 6676 6677
3 6664 6678 6667
3 6664 6673 6678
3 6667 6660 6655
3 6667 6678 6660
3 6673 6679 6678
3 6673 6675 6679
3 6678 6661 6660
3 6678 6679 6661
3 6680 6681 6682
3 6680 6683 6681
3 6682 6647 6645
3 6682 6681 6647
3 6683 6670 6681
3 6683 6671 6670
3 6681 6630 6647
3 6681 6670 6630
3 6680 6684 6685
3 6680 6682 6684
3 6685 6237 6238
3 6685 6684 6237
3 6682 6644 6684
3 6682 6645 6644
3 6684 6216 6237
3 6684 6644 6216
3 6680 6686 6687
3 6680 6685 6686
3 6687 6688 6689
3 6687 6686 6688
3 6685 6246 6686
3 6685 6238 6246
3 6686 6248 6688
3 6686 6246 6248
3 6680 6690 6683
3 6680 6687 6690
3 6683 6676 6671
3 6683 6690 6676
3 6687 6691 6690
3 6687 6689 6691
3 6690 6677 6676
3 6690 6691 6677
3 6692 6693 6694
3 6692 6695 6693
3 6694 6696 6697
3 6694 6693 6696
3 6695 6257 6693
3 6695 6258 6257
3 6693 6260 6696
3 6693 6257 6260
3 6692 6698 6699
3 6692 6694 6698
3 6699 6700 6701
3 6699 6698 6700
3 6694 6702 6698
3 6694 6697 6702
3 6698 6703 6700
3 6698 6702 6703
3 6692 6704 6705
3 6692 6699 6704
3 6705 6706 6707
3 6705 6704 6706
3 6699 6708 6704
3 6699 6701 6708
3 6704 6709 6706
3 6704 6708 6709
3 6692 6710 6695
3 6692 6705 6710
3 6695 6265 6258
3 6695 6710 6265
3 6705 6711 6710
3 6705 6707 6711
3 6710 6266 6265
3 6710 6711 6266
3 6712 6713 6714
3 6712 6715 6713
3 6714 6716 6717
3 6714 6713 6716
3 6715 6700 6713
3 6715 6701 6700
3 6713 6703 6716
3 6713 6700 6703
3 6712 6718 6719
3 6712 6714 6718
3 6719 6720 6721
3 6719 6718 6720
3 6714 6722 6718
3 6714 6717 6722
3 6718 6723 6720
3 6718 6722 6723
3 6712 6724 6725
3 6712 6719 6724
3 6725 6726 6727
3 6725 6724 6726
3 6719 6728 6724
3 6719 6721 6728
3 6724 6729 6726
3 6724 6728 6729
3 6712 6730 6715
3 6712 6725 6730
3 6715 6708 6701
3 6715 6730 6708
3 6725 6731 6730
3 6725 6727 6731
3 6730 6709 6708
3 6730 6731 6709
3 6732 6733 6734
3 6732 6735 6733
3 6734 6736 6737
3 6734 6733 6736
3 6735 6720 6733
3 6735 6721 6720
3 6733 6723 6736
3 6733 6720 6723
3 6732 6738 6739
3 6732 6734 6738
3 6739 6275 6276
3 6739 6738 6275
3 6734 6740 6738
3 6734 6737 6740
3 6738 6277 6275
3 6738 6740 6277
3 6732 6741 6742
3 6732 6739 6741
3 6742 6743 6744
3 6742 6741 6743
3 6739 6286 6741
3 6739 6276 6286
3 6741 6288 6743
3 6741 6286 6288
3 6732 6745 6735
3 6732 6742 6745
3 6735 6728 6721
3 6735 6745 6728
3 6742 6746 6745
3 6742 6744 6746
3 6745 6729 6728
3 6745 6746 6729
3 6747 6748 6749
3 6747 6750 6748
3 6749 6711 6707
3 6749 6748 6711
3 6750 6295 6748
3 6750 6296 6295
3 6748 6266 6711
3 6748 6295 6266
3 6747 6751 6752
3 6747 6749 6751
3 6752 6753 6754
3 6752 6751 6753
3 6749 6706 6751
3 6749 6707 6706
3 6751 6709 6753
3 6751 6706 6709
3 6747 6755 6756
3 6747 6752 6755
3 6756 6757 6758
3 6756 6755 6757
3 6752 6759 6755
3 6752 6754 6759
3 6755 6760 6757
3 6755 6759 6760
3 6747 6761 6750
3 6747 6756 6761
3 6750 6301 6296
3 6750 6761 6301
3 6756 6762 6761
3 6756 6758 6762
3 6761 6302 6301
3 6761 6762 6302
3 6763 6764 6765
3 6763 6766 6764
3 6765 6731 6727
3 6765 6764 6731
3 6766 6753 6764
3 6766 6754 6753
3 6764 6709 6731
3 6764 6753 6709
3 6763 6767 6768
3 6763 6765 6767
3 6768 6769 6770
3 6768 6767 6769
3 6765 6726 6767
3 6765 6727 6726
3 6767 6729 6769
3 6767 6726 6729
3 6763 6771 6772
3 6763 6768 6771
3 6772 6773 6774
3 6772 6771 6773
3 6768 6775 6771
3 6768 6770 6775
3 6771 6776 6773
3 6771 6775 6776
3 6763 6777 6766
3 6763 6772 6777
3 6766 6759 6754
3 6766 6777 6759
3 6772 6778 6777
3 6772 6774 6778
3 6777 6760 6759
3 6777 6778 6760
3 6779 6780 6781
3 6779 6782 6780
3 6781 6746 6744
3 6781 6780 6746
3 6782 6769 6780
3 6782 6770 6769
3 6780 6729 6746
3 6780 6769 6729
3 6779 6783 6784
3 6779 6781 6783
3 6784 6309 6310
3 6784 6783 6309
3 6781 6743 6783
3 6781 6744 6743
3 6783 6288 6309
3 6783 6743 6288
3 6779 6785 6786
3 6779 6784 6785
3 6786 6787 6788
3 6786 6785 6787
3 6784 6318 6785
3 6784 6310 6318
3 6785 6320 6787
3 6785 6318 6320
3 6779 6789 6782
3 6779 6786 6789
3 6782 6775 6770
3 6782 6789 6775
3 6786 6790 6789
3 6786 6788 6790
3 6789 6776 6775
3 6789 6790 6776
3 6791 6792 6793
3 6791 6794 6792
3 6793 6762 6758
3 6793 6792 6762
3 6794 6327 6792
3 6794 6328 6327
3 6792 6302 6762
3 6792 6327 6302
3 6791 6795 6796
3 6791 6793 6795
3 6796 6797 6798
3 6796 6795 6797
3 6793 6757 6795
3 6793 6758 6757
3 6795 6760 6797
3 6795 6757 6760
3 6791 6799 6800
3 6791 6796 6799
3 6800 6603 6598
3 6800 6799 6603
3 6796 6801 6799
3 6796 6798 6801
3 6799 6604 6603
3 6799 6801 6604
3 6791 6802 6794
3 6791 6800 6802
3 6794 6331 6328
3 6794 6802 6331
3 6800 6597 6802
3 6800 6598 6597
3 6802 6188 6331
3 6802 6597 6188
3 6803 6804 6805
3 6803 6806 6804
3 6805 6778 6774
3 6805 6804 6778
3 6806 6797 6804
3 6806 6798 6797
3 6804 6760 6778
3 6804 6797 6760
3 6803 6807 6808
3 6803 6805 6807
3 6808 6809 6810
3 6808 6807 6809
3 6805 6773 6807
3 6805 6774 6773
3 6807 6776 6809
3 6807 6773 6776
3 6803 6811 6812
3 6803 6808 6811
3 6812 6623 6618
3 6812 6811 6623
3 6808 6813 6811
3 6808 6810 6813
3 6811 6624 6623
3 6811 6813 6624
3 6803 6814 6806
3 6803 6812 6814
3 6806 6801 6798
3 6806 6814 6801
3 6812 6617 6814
3 6812 6618 6617
3 6814 6604 6801
3 6814 6617 6604
3 6815 6816 6817
3 6815 6818 6816
3 6817 6790 6788
3 6817 6816 6790
3 6818 6809 6816
3 6818 6810 6809
3 6816 6776 6790
3 6816 6809 6776
3 6815 6819 6820
3 6815 6817 6819
3 6820 6337 6338
3 6820 6819 6337
3 6817 6787 6819
3 6817 6788 6787
3 6819 6320 6337
3 6819 6787 6320
3 6815 6821 6822
3 6815 6820 6821
3 6822 6641 6638
3 6822 6821 6641
3 6820 6344 6821
3 6820 6338 6344
3 6821 6205 6641
3 6821 6344 6205
3 6815 6823 6818
3 6815 6822 6823
3 6818 6813 6810
3 6818 6823 6813
3 6822 6637 6823
3 6822 6638 6637
3 6823 6624 6813
3 6823 6637 6624
3 6824 6825 6826
3 6824 6827 6825
3 6826 6828 6829
3 6826 6825 6828
3 6827 6353 6825
3 6827 6354 6353
3 6825 6356 6828
3 6825 6353 6356
3 6824 6830 6831
3 6824 6826 6830
3 6831 6832 6833
3 6831 6830 6832
3 6826 6834 6830
3 6826 6829 6834
3 6830 6835 6832
3 6830 6834 6835
3 6824 6836 6837
3 6824 6831 6836
3 6837 6838 6839
3 6837 6836 6838
3 6831 6840 6836
3 6831 6833 6840
3 6836 6841 6838
3 6836 6840 6841
3 6824 6842 6827
3 6824 6837 6842
3 6827 6361 6354
3 6827 6842 6361
3 6837 6843 6842
3 6837 6839 6843
3 6842 6362 6361
3 6842 6843 6362
3 6844 6845 6846
3 6844 6847 6845
3 6846 6848 6849
3 6846 6845 6848
3 6847 6832 6845
3 6847 6833 6832
3 6845 6835 6848
3 6845 6832 6835
3 6844 6850 6851
3 6844 6846 6850
3 6851 6852 6853
3 6851 6850 6852
3 6846 6854 6850
3 6846 6849 6854
3 6850 6855 6852
3 6850 6854 6855
3 6844 6856 6857
3 6844 6851 6856
3 6857 6858 6859
3 6857 6856 6858
3 6851 6860 6856
3 6851 6853 6860
3 6856 6861 6858
3 6856 6860 6861
3 6844 6862 6847
3 6844 6857 6862
3 6847 6840 6833
3 6847 6862 6840
3 6857 6863 6862
3 6857 6859 6863
3 6862 6841 6840
3 6862 6863 6841
3 6864 6865 6866
3 6864 6867 6865
3 6866 6868 6869
3 6866 6865 6868
3 6867 6852 6865
3 6867 6853 6852
3 6865 6855 6868
3 6865 6852 6855
3 6864 6870 6871
3 6864 6866 6870
3 6871 6371 6372
3 6871 6870 6371
3 6866 6872 6870
3 6866 6869 6872
3 6870 6373 6371
3 6870 6872 6373
3 6864 6873 6874
3 6864 6871 6873
3 6874 6875 6876
3 6874 6873 6875
3 6871 6382 6873
3 6871 6372 6382
3 6873 6384 6875
3 6873 6382 6384
3 6864 6877 6867
3 6864 6874 6877
3 6867 6860 6853
3 6867 6877 6860
3 6874 6878 6877
3 6874 6876 6878
3 6877 6861 6860
3 6877 6878 6861
3 6879 6880 6881
3 6879 6882 6880
3 6881 6883 6884
3 6881 6880 6883
3 6882 6393 6880
3 6882 6394 6393
3 6880 6396 6883
3 6880 6393 6396
3 6879 6885 6886
3 6879 6881 6885
3 6886 6887 6888
3 6886 6885 6887
3 6881 6889 6885
3 6881 6884 6889
3 6885 6890 6887
3 6885 6889 6890
3 6879 6891 6892
3 6879 6886 6891
3 6892 6834 6829
3 6892 6891 6834
3 6886 6893 6891
3 6886 6888 6893
3 6891 6835 6834
3 6891 6893 6835
3 6879 6894 6882
3 6879 6892 6894
3 6882 6399 6394
3 6882 6894 6399
3 6892 6828 6894
3 6892 6829 6828
3 6894 6356 6399
3 6894 6828 6356
3 6895 6896 6897
3 6895 6898 6896
3 6897 6899 6900
3 6897 6896 6899
3 6898 6887 6896
3 6898 6888 6887
3 6896 6890 6899
3 6896 6887 6890
3 6895 6901 6902
3 6895 6897 6901
3 6902 6903 6904
3 6902 6901 6903
3 6897 6905 6901
3 6897 6900 6905
3 6901 6906 6903
3 6901 6905 6906
3 6895 6907 6908
3 6895 6902 6907
3 6908 6854 6849
3 6908 6907 6854
3 6902 6909 6907
3 6902 6904 6909
3 6907 6855 6854
3 6907 6909 6855
3 6895 6910 6898
3 6895 6908 6910
3 6898 6893 6888
3 6898 6910 6893
3 6908 6848 6910
3 6908 6849 6848
3 6910 6835 6893
3 6910 6848 6835
3 6911 6912 6913
3 6911 6914 6912
3 6913 6915 6916
3 6913 6912 6915
3 6914 6903 6912
3 6914 6904 6903
3 6912 6906 6915
3 6912 6903 6906
3 6911 6917 6918
3 6911 6913 6917
3 6918 6407 6408
3 6918 6917 6407
3 6913 6919 6917
3 6913 6916 6919
3 6917 6409 6407
3 6917 6919 6409
3 6911 6920 6921
3 6911 6918 6920
3 6921 6872 6869
3 6921 6920 6872
3 6918 6416 6920
3 6918 6408 6416
3 6920 6373 6872
3 6920 6416 6373
3 6911 6922 6914
3 6911 6921 6922
3 6914 6909 6904
3 6914 6922 6909
3 6921 6868 6922
3 6921 6869 6868
3 6922 6855 6909
3 6922 6868 6855
3 6923 6924 6925
3 6923 6926 6924
3 6925 6927 6928
3 6925 6924 6927
3 6926 6425 6924
3 6926 6426 6425
3 6924 6428 6927
3 6924 6425 6428
3 6923 6929 6930
3 6923 6925 6929
3 6930 6931 6932
3 6930 6929 6931
3 6925 6933 6929
3 6925 6928 6933
3 6929 6934 6931
3 6929 6933 6934
3 6923 6935 6936
3 6923 6930 6935
3 6936 6889 6884
3 6936 6935 6889
3 6930 6937 6935
3 6930 6932 6937
3 6935 6890 6889
3 6935 6937 6890
3 6923 6938 6926
3 6923 6936 6938
3 6926 6431 6426
3 6926 6938 6431
3 6936 6883 6938
3 6936 6884 6883
3 6938 6396 6431
3 6938 6883 6396
3 6939 6940 6941
3 6939 6942 6940
3 6941 6943 6944
3 6941 6940 6943
3 6942 6931 6940
3 6942 6932 6931
3 6940 6934 6943
3 6940 6931 6934
3 6939 6945 6946
3 6939 6941 6945
3 6946 6947 6948
3 6946 6945 6947
3 6941 6949 6945
3 6941 6944 6949
3 6945 6950 6947
3 6945 6949 6950
3 6939 6951 6952
3 6939 6946 6951
3 6952 6905 6900
3 6952 6951 6905
3 6946 6953 6951
3 6946 6948 6953
3 6951 6906 6905
3 6951 6953 6906
3 6939 6954 6942
3 6939 6952 6954
3 6942 6937 6932
3 6942 6954 6937
3 6952 6899 6954
3 6952 6900 6899
3 6954 6890 6937
3 6954 6899 6890
3 6955 6956 6957
3 6955 6958 6956
3 6957 6959 6960
3 6957 6956 6959
3 6958 6947 6956
3 6958 6948 6947
3 6956 6950 6959
3 6956 6947 6950
3 6955 6961 6962
3 6955 6957 6961
3 6962 6439 6440
3 6962 6961 6439
3 6957 6963 6961
3 6957 6960 6963
3 6961 6441 6439
3 6961 6963 6441
3 6955 6964 6965
3 6955 6962 6964
3 6965 6919 6916
3 6965 6964 6919
3 6962 6448 6964
3 6962 6440 6448
3 6964 6409 6919
3 6964 6448 6409
3 6955 6966 6958
3 6955 6965 6966
3 6958 6953 6948
3 6958 6966 6953
3 6965 6915 6966
3 6965 6916 6915
3 6966 6906 6953
3 6966 6915 6906
3 6967 6968 6969
3 6967 6970 6968
3 6969 6971 6972
3 6969 6968 6971
3 6970 6457 6968
3 6970 6458 6457
3 6968 6460 6971
3 6968 6457 6460
3 6967 6973 6974
3 6967 6969 6973
3 6974 6975 6976
3 6974 6973 6975
3 6969 6977 6973
3 6969 6972 6977
3 6973 6978 6975
3 6973 6977 6978
3 6967 6979 6980
3 6967 6974 6979
3 6980 6933 6928
3 6980 6979 6933
3 6974 6981 6979
3 6974 6976 6981
3 6979 6934 6933
3 6979 6981 6934
3 6967 6982 6970
3 6967 6980 6982
3 6970 6463 6458
3 6970 6982 6463
3 6980 6927 6982
3 6980 6928 6927
3 6982 6428 6463
3 6982 6927 6428
3 6983 6984 6985
3 6983 6986 6984
3 6985 6987 6988
3 6985 6984 6987
3 6986 6975 6984
3 6986 6976 6975
3 6984 6978 6987
3 6984 6975 6978
3 6983 6989 6990
3 6983 6985 6989
3 6990 6991 6992
3 6990 6989 6991
3 6985 6993 6989
3 6985 6988 6993
3 6989 6994 6991
3 6989 6993 6994
3 6983 6995 6996
3 6983 6990 6995
3 6996 6949 6944
3 6996 6995 6949
3 6990 6997 6995
3 6990 6992 6997
3 6995 6950 6949
3 6995 6997 6950
3 6983 6998 6986
3 6983 6996 6998
3 6986 6981 6976
3 6986 6998 6981
3 6996 6943 6998
3 6996 6944 6943
3 6998 6934 6981
3 6998 6943 6934
3 6999 7000 7001
3 6999 7002 7000
3 7001 7003 7004
3 7001 7000 7003
3 7002 6991 7000
3 7002 6992 6991
3 7000 6994 7003
3 7000 6991 6994
3 6999 7005 7006
3 6999 7001 7005
3 7006 6471 6472
3 7006 7005 6471
3 7001 7007 7005
3 7001 7004 7007
3 7005 6473 6471
3 7005 7007 6473
3 6999 7008 7009
3 6999 7006 7008
3 7009 6963 6960
3 7009 7008 6963
3 7006 6480 7008
3 7006 6472 6480
3 7008 6441 6963
3 7008 6480 6441
3 6999 7010 7002
3 6999 7009 7010
3 7002 6997 6992
3 7002 7010 6997
3 7009 6959 7010
3 7009 6960 6959
3 7010 6950 6997
3 7010 6959 6950
3 7011 7012 7013
3 7011 7014 7012
3 7013 6663 6659
3 7013 7012 6663
3 7014 6503 7012
3 7014 6504 6503
3 7012 6230 6663
3 7012 6503 6230
3 7011 7015 7016
3 7011 7013 7015
3 7016 7017 7018
3 7016 7015 7017
3 7013 6658 7015
3 7013 6659 6658
3 7015 6661 7017
3 7015 6658 6661
3 7011 7019 7020
3 7011 7016 7019
3 7020 7021 7022
3 7020 7019 7021
3 7016 7023 7019
3 7016 7018 7023
3 7019 7024 7021
3 7019 7023 7024
3 7011 7025 7014
3 7011 7020 7025
3 7014 6509 6504
3 7014 7025 6509
3 7020 7026 7025
3 7020 7022 7026
3 7025 6510 6509
3 7025 7026 6510
3 7027 7028 7029
3 7027 7030 7028
3 7029 6679 6675
3 7029 7028 6679
3 7030 7017 7028
3 7030 7018 7017
3 7028 6661 6679
3 7028 7017 6661
3 7027 7031 7032
3 7027 7029 7031
3 7032 7033 7034
3 7032 7031 7033
3 7029 6674 7031
3 7029 6675 6674
3 7031 6677 7033
3 7031 6674 6677
3 7027 7035 7036
3 7027 7032 7035
3 7036 7037 7038
3 7036 7035 7037
3 7032 7039 7035
3 7032 7034 7039
3 7035 7040 7037
3 7035 7039 7040
3 7027 7041 7030
3 7027 7036 7041
3 7030 7023 7018
3 7030 7041 7023
3 7036 7042 7041
3 7036 7038 7042
3 7041 7024 7023
3 7041 7042 7024
3 7043 7044 7045
3 7043 7046 7044
3 7045 6691 6689
3 7045 7044 6691
3 7046 7033 7044
3 7046 7034 7033
3 7044 6677 6691
3 7044 7033 6677
3 7043 7047 7048
3 7043 7045 7047
3 7048 6485 6486
3 7048 7047 6485
3 7045 6688 7047
3 7045 6689 6688
3 7047 6248 6485
3 7047 6688 6248
3 7043 7049 7050
3 7043 7048 7049
3 7050 7051 7052
3 7050 7049 7051
3 7048 6494 7049
3 7048 6486 6494
3 7049 6496 7051
3 7049 6494 6496
3 7043 7053 7046
3 7043 7050 7053
3 7046 7039 7034
3 7046 7053 7039
3 7050 7054 7053
3 7050 7052 7054
3 7053 7040 7039
3 7053 7054 7040
3 7055 7056 7057
3 7055 7058 7056
3 7057 7026 7022
3 7057 7056 7026
3 7058 6519 7056
3 7058 6520 6519
3 7056 6510 7026
3 7056 6519 6510
3 7055 7059 7060
3 7055 7057 7059
3 7060 7061 7062
3 7060 7059 7061
3 7057 7021 7059
3 7057 7022 7021
3 7059 7024 7061
3 7059 7021 7024
3 7055 7063 7064
3 7055 7060 7063
3 7064 5649 5645
3 7064 7063 5649
3 7060 7065 7063
3 7060 7062 7065
3 7063 5631 5649
3 7063 7065 5631
3 7055 7066 7058
3 7055 7064 7066
3 7058 6523 6520
3 7058 7066 6523
3 7064 5644 7066
3 7064 5645 5644
3 7066 5647 6523
3 7066 5644 5647
3 7067 7068 7069
3 7067 7070 7068
3 7069 7042 7038
3 7069 7068 7042
3 7070 7061 7068
3 7070 7062 7061
3 7068 7024 7042
3 7068 7061 7024
3 7067 7071 7072
3 7067 7069 7071
3 7072 7073 7074
3 7072 7071 7073
3 7069 7037 7071
3 7069 7038 7037
3 7071 7040 7073
3 7071 7037 7040
3 7067 7075 7076
3 7067 7072 7075
3 7076 5633 5629
3 7076 7075 5633
3 7072 7077 7075
3 7072 7074 7077
3 7075 5613 5633
3 7075 7077 5613
3 7067 7078 7070
3 7067 7076 7078
3 7070 7065 7062
3 7070 7078 7065
3 7076 5628 7078
3 7076 5629 5628
3 7078 5631 7065
3 7078 5628 5631
3 7079 7080 7081
3 7079 7082 7080
3 7081 7054 7052
3 7081 7080 7054
3 7082 7073 7080
3 7082 7074 7073
3 7080 7040 7054
3 7080 7073 7040
3 7079 7083 7084
3 7079 7081 7083
3 7084 6529 6530
3 7084 7083 6529
3 7081 7051 7083
3 7081 7052 7051
3 7083 6496 6529
3 7083 7051 6496
3 7079 7085 7086
3 7079 7084 7085
3 7086 5616 5611
3 7086 7085 5616
3 7084 6536 7085
3 7084 6530 6536
3 7085 5617 5616
3 7085 6536 5617
3 7079 7087 7082
3 7079 7086 7087
3 7082 7077 7074
3 7082 7087 7077
3 7086 5610 7087
3 7086 5611 5610
3 7087 5613 7077
3 7087 5610 5613
3 7088 7089 7090
3 7088 7091 7089
3 7090 7092 7093
3 7090 7089 7092
3 7091 6575 7089
3 7091 6576 6575
3 7089 6578 7092
3 7089 6575 6578
3 7088 7094 7095
3 7088 7090 7094
3 7095 7096 7097
3 7095 7094 7096
3 7090 7098 7094
3 7090 7093 7098
3 7094 7099 7096
3 7094 7098 7099
3 7088 7100 7101
3 7088 7095 7100
3 7101 5672 5667
3 7101 7100 5672
3 7095 7102 7100
3 7095 7097 7102
3 7100 5673 5672
3 7100 7102 5673
3 7088 7103 7091
3 7088 7101 7103
3 7091 6580 6576
3 7091 7103 6580
3 7101 5666 7103
3 7101 5667 5666
3 7103 5669 6580
3 7103 5666 5669
3 7104 7105 7106
3 7104 7107 7105
3 7106 7108 7109
3 7106 7105 7108
3 7107 7096 7105
3 7107 7097 7096
3 7105 7099 7108
3 7105 7096 7099
3 7104 7110 7111
3 7104 7106 7110
3 7111 7112 7113
3 7111 7110 7112
3 7106 7114 7110
3 7106 7109 7114
3 7110 7115 7112
3 7110 7114 7115
3 7104 7116 7117
3 7104 7111 7116
3 7117 5692 5689
3 7117 7116 5692
3 7111 7118 7116
3 7111 7113 7118
3 7116 5693 5692
3 7116 7118 5693
3 7104 7119 7107
3 7104 7117 7119
3 7107 7102 7097
3 7107 7119 7102
3 7117 5688 7119
3 7117 5689 5688
3 7119 5673 7102
3 7119 5688 5673
3 7120 7121 7122
3 7120 7123 7121
3 7122 7124 7125
3 7122 7121 7124
3 7123 7112 7121
3 7123 7113 7112
3 7121 7115 7124
3 7121 7112 7115
3 7120 7126 7127
3 7120 7122 7126
3 7127 6547 6542
3 7127 7126 6547
3 7122 7128 7126
3 7122 7125 7128
3 7126 6548 6547
3 7126 7128 6548
3 7120 7129 7130
3 7120 7127 7129
3 7130 5711 5708
3 7130 7129 5711
3 7127 6541 7129
3 7127 6542 6541
3 7129 5712 5711
3 7129 6541 5712
3 7120 7131 7123
3 7120 7130 7131
3 7123 7118 7113
3 7123 7131 7118
3 7130 5707 7131
3 7130 5708 5707
3 7131 5693 7118
3 7131 5707 5693
3 7132 7133 7134
3 7132 7135 7133
3 7134 7007 7004
3 7134 7133 7007
3 7135 6589 7133
3 7135 6590 6589
3 7133 6473 7007
3 7133 6589 6473
3 7132 7136 7137
3 7132 7134 7136
3 7137 7138 7139
3 7137 7136 7138
3 7134 7003 7136
3 7134 7004 7003
3 7136 6994 7138
3 7136 7003 6994
3 7132 7140 7141
3 7132 7137 7140
3 7141 7098 7093
3 7141 7140 7098
3 7137 7142 7140
3 7137 7139 7142
3 7140 7099 7098
3 7140 7142 7099
3 7132 7143 7135
3 7132 7141 7143
3 7135 6592 6590
3 7135 7143 6592
3 7141 7092 7143
3 7141 7093 7092
3 7143 6578 6592
3 7143 7092 6578
3 7144 7145 7146
3 7144 7147 7145
3 7146 6993 6988
3 7146 7145 6993
3 7147 7138 7145
3 7147 7139 7138
3 7145 6994 6993
3 7145 7138 6994
3 7144 7148 7149
3 7144 7146 7148
3 7149 7150 7151
3 7149 7148 7150
3 7146 6987 7148
3 7146 6988 6987
3 7148 6978 7150
3 7148 6987 6978
3 7144 7152 7153
3 7144 7149 7152
3 7153 7114 7109
3 7153 7152 7114
3 7149 7154 7152
3 7149 7151 7154
3 7152 7115 7114
3 7152 7154 7115
3 7144 7155 7147
3 7144 7153 7155
3 7147 7142 7139
3 7147 7155 7142
3 7153 7108 7155
3 7153 7109 7108
3 7155 7099 7142
3 7155 7108 7099
3 7156 7157 7158
3 7156 7159 7157
3 7158 6977 6972
3 7158 7157 6977
3 7159 7150 7157
3 7159 7151 7150
3 7157 6978 6977
3 7157 7150 6978
3 7156 7160 7161
3 7156 7158 7160
3 7161 6561 6558
3 7161 7160 6561
3 7158 6971 7160
3 7158 6972 6971
3 7160 6460 6561
3 7160 6971 6460
3 7156 7162 7163
3 7156 7161 7162
3 7163 7128 7125
3 7163 7162 7128
3 7161 6557 7162
3 7161 6558 6557
3 7162 6548 7128
3 7162 6557 6548
3 7156 7164 7159
3 7156 7163 7164
3 7159 7154 7151
3 7159 7164 7154
3 7163 7124 7164
3 7163 7125 7124
3 7164 7115 7154
3 7164 7124 7115
3 7165 7166 7167
3 7165 7168 7166
3 7167 7169 7170
3 7167 7166 7169
3 7168 6359 7166
3 7168 6360 6359
3 7166 6362 7169
3 7166 6359 6362
3 7165 7171 7172
3 7165 7167 7171
3 7172 7173 7174
3 7172 7171 7173
3 7167 7175 7171
3 7167 7170 7175
3 7171 7176 7173
3 7171 7175 7176
3 7165 7177 7178
3 7165 7172 7177
3 7178 5597 5593
3 7178 7177 5597
3 7172 7179 7177
3 7172 7174 7179
3 7177 5577 5597
3 7177 7179 5577
3 7165 7180 7168
3 7165 7178 7180
3 7168 6364 6360
3 7168 7180 6364
3 7178 5592 7180
3 7178 5593 5592
3 7180 5595 6364
3 7180 5592 5595
3 7181 7182 7183
3 7181 7184 7182
3 7183 7185 7186
3 7183 7182 7185
3 7184 7173 7182
3 7184 7174 7173
3 7182 7176 7185
3 7182 7173 7176
3 7181 7187 7188
3 7181 7183 7187
3 7188 6259 6254
3 7188 7187 6259
3 7183 7189 7187
3 7183 7186 7189
3 7187 6260 6259
3 7187 7189 6260
3 7181 7190 7191
3 7181 7188 7190
3 7191 5580 5575
3 7191 7190 5580
3 7188 6253 7190
3 7188 6254 6253
3 7190 5581 5580
3 7190 6253 5581
3 7181 7192 7184
3 7181 7191 7192
3 7184 7179 7174
3 7184 7192 7179
3 7191 5574 7192
3 7191 5575 5574
3 7192 5577 7179
3 7192 5574 5577
3 7193 7194 7195
3 7193 7196 7194
3 7195 5544 5539
3 7195 7194 5544
3 7196 6379 7194
3 7196 6380 6379
3 7194 5545 5544
3 7194 6379 5545
3 7193 7197 7198
3 7193 7195 7197
3 7198 7199 7200
3 7198 7197 7199
3 7195 5538 7197
3 7195 5539 5538
3 7197 5541 7199
3 7197 5538 5541
3 7193 7201 7202
3 7193 7198 7201
3 7202 7203 7204
3 7202 7201 7203
3 7198 7205 7201
3 7198 7200 7205
3 7201 7206 7203
3 7201 7205 7206
3 7193 7207 7196
3 7193 7202 7207
3 7196 6383 6380
3 7196 7207 6383
3 7202 7208 7207
3 7202 7204 7208
3 7207 6384 6383
3 7207 7208 6384
3 7209 7210 7211
3 7209 7212 7210
3 7211 5561 5557
3 7211 7210 5561
3 7212 7199 7210
3 7212 7200 7199
3 7210 5541 5561
3 7210 7199 5541
3 7209 7213 7214
3 7209 7211 7213
3 7214 6280 6274
3 7214 7213 6280
3 7211 5556 7213
3 7211 5557 5556
3 7213 5559 6280
3 7213 5556 5559
3 7209 7215 7216
3 7209 7214 7215
3 7216 7217 7218
3 7216 7215 7217
3 7214 6273 7215
3 7214 6274 6273
3 7215 6277 7217
3 7215 6273 6277
3 7209 7219 7212
3 7209 7216 7219
3 7212 7205 7200
3 7212 7219 7205
3 7216 7220 7219
3 7216 7218 7220
3 7219 7206 7205
3 7219 7220 7206
3 7221 7222 7223
3 7221 7224 7222
3 7223 7225 7226
3 7223 7222 7225
3 7224 6838 7222
3 7224 6839 6838
3 7222 6841 7225
3 7222 6838 6841
3 7221 7227 7228
3 7221 7223 7227
3 7228 7229 7230
3 7228 7227 7229
3 7223 7231 7227
3 7223 7226 7231
3 7227 7232 7229
3 7227 7231 7232
3 7221 7233 7234
3 7221 7228 7233
3 7234 7175 7170
3 7234 7233 7175
3 7228 7235 7233
3 7228 7230 7235
3 7233 7176 7175
3 7233 7235 7176
3 7221 7236 7224
3 7221 7234 7236
3 7224 6843 6839
3 7224 7236 6843
3 7234 7169 7236
3 7234 7170 7169
3 7236 6362 6843
3 7236 7169 6362
3 7237 7238 7239
3 7237 7240 7238
3 7239 7241 7242
3 7239 7238 7241
3 7240 7229 7238
3 7240 7230 7229
3 7238 7232 7241
3 7238 7229 7232
3 7237 7243 7244
3 7237 7239 7243
3 7244 6702 6697
3 7244 7243 6702
3 7239 7245 7243
3 7239 7242 7245
3 7243 6703 6702
3 7243 7245 6703
3 7237 7246 7247
3 7237 7244 7246
3 7247 7189 7186
3 7247 7246 7189
3 7244 6696 7246
3 7244 6697 6696
3 7246 6260 7189
3 7246 6696 6260
3 7237 7248 7240
3 7237 7247 7248
3 7240 7235 7230
3 7240 7248 7235
3 7247 7185 7248
3 7247 7186 7185
3 7248 7176 7235
3 7248 7185 7176
3 7249 7250 7251
3 7249 7252 7250
3 7251 7253 7254
3 7251 7250 7253
3 7252 6858 7250
3 7252 6859 6858
3 7250 6861 7253
3 7250 6858 6861
3 7249 7255 7256
3 7249 7251 7255
3 7256 7257 7258
3 7256 7255 7257
3 7251 7259 7255
3 7251 7254 7259
3 7255 7260 7257
3 7255 7259 7260
3 7249 7261 7262
3 7249 7256 7261
3 7262 7231 7226
3 7262 7261 7231
3 7256 7263 7261
3 7256 7258 7263
3 7261 7232 7231
3 7261 7263 7232
3 7249 7264 7252
3 7249 7262 7264
3 7252 6863 6859
3 7252 7264 6863
3 7262 7225 7264
3 7262 7226 7225
3 7264 6841 6863
3 7264 7225 6841
3 7265 7266 7267
3 7265 7268 7266
3 7267 7269 7270
3 7267 7266 7269
3 7268 7257 7266
3 7268 7258 7257
3 7266 7260 7269
3 7266 7257 7260
3 7265 7271 7272
3 7265 7267 7271
3 7272 6722 6717
3 7272 7271 6722
3 7267 7273 7271
3 7267 7270 7273
3 7271 6723 6722
3 7271 7273 6723
3 7265 7274 7275
3 7265 7272 7274
3 7275 7245 7242
3 7275 7274 7245
3 7272 6716 7274
3 7272 6717 6716
3 7274 6703 7245
3 7274 6716 6703
3 7265 7276 7268
3 7265 7275 7276
3 7268 7263 7258
3 7268 7276 7263
3 7275 7241 7276
3 7275 7242 7241
3 7276 7232 7263
3 7276 7241 7232
3 7277 7278 7279
3 7277 7280 7278
3 7279 7208 7204
3 7279 7278 7208
3 7280 6875 7278
3 7280 6876 6875
3 7278 6384 7208
3 7278 6875 6384
3 7277 7281 7282
3 7277 7279 7281
3 7282 7283 7284
3 7282 7281 7283
3 7279 7203 7281
3 7279 7204 7203
3 7281 7206 7283
3 7281 7203 7206
3 7277 7285 7286
3 7277 7282 7285
3 7286 7259 7254
3 7286 7285 7259
3 7282 7287 7285
3 7282 7284 7287
3 7285 7260 7259
3 7285 7287 7260
3 7277 7288 7280
3 7277 7286 7288
3 7280 6878 6876
3 7280 7288 6878
3 7286 7253 7288
3 7286 7254 7253
3 7288 6861 6878
3 7288 7253 6861
3 7289 7290 7291
3 7289 7292 7290
3 7291 7220 7218
3 7291 7290 7220
3 7292 7283 7290
3 7292 7284 7283
3 7290 7206 7220
3 7290 7283 7206
3 7289 7293 7294
3 7289 7291 7293
3 7294 6740 6737
3 7294 7293 6740
3 7291 7217 7293
3 7291 7218 7217
3 7293 6277 6740
3 7293 7217 6277
3 7289 7295 7296
3 7289 7294 7295
3 7296 7273 7270
3 7296 7295 7273
3 7294 6736 7295
3 7294 6737 6736
3 7295 6723 7273
3 7295 6736 6723
3 7289 7297 7292
3 7289 7296 7297
3 7292 7287 7284
3 7292 7297 7287
3 7296 7269 7297
3 7296 7270 7269
3 7297 7260 7287
3 7297 7269 7260
