ply
format ascii 1.0
element vertex 6788
property float x
property float y
property float z
property float nx
property float ny
property float nz
property float u
property float v
element face 13568
property list uchar int vertex_indices
end_header
-0.912912 0.213062 3.130201 0.000299997639 0.27059787 0.962692424 0.852292 0.038204
-0.884813 0.217825 3.128771 0.00830038008 0.253711618 0.967244291 0.828892 0.038207
-0.907946 0.218013 3.128794 0.000400002854 0.270901933 0.962606868 0.847915 0.038607
-0.894076 0.212996 3.130128 0.0108999505 0.253798846 0.967195604 0.838823 0.037928
-0.865779 0.217307 3.12865 0.0244009628 0.196307745 0.980238676 0.812925 0.037897
-0.878441 0.21281 3.129896 0.0327013612 0.201508388 0.978940749 0.827558 0.037862
-0.877215 0.22331 3.127224 0.00489999679 0.261099829 0.965299368 0.820361 0.039953
-0.904067 0.223582 3.127202 0.000300000111 0.273400101 0.961900356 0.844425 0.040268
-0.848233 0.222421 3.127274 0.0139999185 0.209098782 0.977794304 0.79158 0.038932
-0.902374 0.207582 3.131659 0.0129999669 0.257099344 0.966297536 0.846979 0.038055
-0.918426 0.207607 3.131749 0 0.271906675 0.962323625 0.856689 0.038301
-0.909966 0.200624 3.133632 0.0146994598 0.260490427 0.965364524 0.853557 0.038088
-0.924202 0.200649 3.133722 -0.000200010731 0.272514621 0.962151621 0.860683 0.038352
-0.888998 0.207505 3.131391 0.0385017012 0.217309602 0.975343096 0.838871 0.038024
-0.898103 0.200548 3.133363 0.0434023861 0.230712684 0.97205344 0.847605 0.038001
-0.934477 0.207582 3.131659 -0.0130002752 0.277905883 0.960520334 0.86641 0.038635
-0.93158 0.213019 3.130121 -0.0104000194 0.273900512 0.961701798 0.865445 0.038497
-0.947853 0.207505 3.131391 -0.0381997651 0.280498275 0.959094102 0.874545 0.03893
-0.946968 0.212854 3.129884 -0.0322007741 0.268206448 0.962823147 0.876187 0.038732
-0.938437 0.200624 3.133632 -0.0149998088 0.279296439 0.960087759 0.867824 0.038676
-0.9503 0.200548 3.133363 -0.0440033118 0.285821512 0.957272047 0.873825 0.038945
-0.930407 0.217915 3.128745 -0.00789975645 0.269491692 0.962970312 0.865664 0.038727
-0.929752 0.223467 3.127179 -0.00490020704 0.269311379 0.963040689 0.866195 0.040074
-0.948449 0.217484 3.128599 -0.0265002007 0.252601913 0.967207327 0.879512 0.038671
-0.954391 0.222891 3.127141 -0.0198006656 0.237307977 0.971232649 0.886491 0.039154
-0.912912 0.208592 3.114202 0.000299996135 -0.273796472 -0.961787607 0.852144 0.03758
-0.930408 0.213647 3.112857 -0.0077998761 -0.273695652 -0.961784722 0.865501 0.03595
-0.907946 0.213728 3.112757 0.000400004742 -0.272303228 -0.962211407 0.847715 0.037324
-0.93158 0.20859 3.114294 -0.0104000759 -0.270701975 -0.962607022 0.865307 0.036348
-0.948449 0.213298 3.11322 -0.0262009431 -0.290110443 -0.956634435 0.879395 0.035072
-0.946968 0.20856 3.114586 -0.0320997756 -0.27609807 -0.960593285 0.876059 0.035358
-0.929752 0.219576 3.111186 -0.00469994409 -0.272696756 -0.962088556 0.865935 0.034223
-0.904068 0.219698 3.111098 0.000300006897 -0.268706178 -0.963222145 0.844078 0.035549
-0.954392 0.218966 3.111554 -0.0190004248 -0.302306758 -0.953021305 0.886376 0.033838
-0.934477 0.2031 3.115851 -0.0129003357 -0.267306957 -0.963525076 0.866274 0.036194
-0.918426 0.203074 3.115762 0 -0.273400113 -0.961900399 0.856558 0.037224
-0.938438 0.196142 3.117824 -0.0150000159 -0.266200282 -0.963801022 0.867697 0.036054
-0.924202 0.196116 3.117735 -0.000200002696 -0.27300368 -0.962012968 0.860567 0.036891
-0.947853 0.203176 3.11612 -0.038201061 -0.264507347 -0.963626765 0.874405 0.035315
-0.9503 0.196218 3.118093 -0.0440020274 -0.259111939 -0.964844456 0.873689 0.035356
-0.902374 0.2031 3.115851 0.0130005249 -0.288011629 -0.957538661 0.846848 0.038166
-0.894076 0.208568 3.1143 0.0109007678 -0.290320448 -0.956867395 0.838672 0.038837
-0.888998 0.203176 3.11612 0.0384992075 -0.326593277 -0.94438056 0.838672 0.038837
-0.878441 0.208516 3.114599 0.0326015822 -0.340316516 -0.939745607 0.827406 0.039738
-0.909966 0.196142 3.117824 0.0147002084 -0.28500404 -0.958413586 0.85345 0.037665
-0.898103 0.196218 3.118093 0.0433998644 -0.313799019 -0.948497036 0.847501 0.038179
-0.884813 0.213556 3.112882 0.00830042491 -0.288814785 -0.957349008 0.828696 0.039147
-0.877215 0.219419 3.111231 0.00480027108 -0.280115819 -0.95995421 0.819999 0.037676
-0.865779 0.213121 3.113271 0.0240010753 -0.342415341 -0.939242079 0.812757 0.040711
-0.848233 0.218496 3.111687 0.0135007484 -0.32721814 -0.944852379 0.791346 0.041092
-0.935755 0.179858 3.139616 0 0.272514626 0.96215164 0.866321 0.036941
-0.917112 0.191166 3.136313 0.0164007439 0.262311897 0.964843762 0.858755 0.037523
-0.929956 0.191191 3.136403 0 0.272514626 0.96215164 0.863847 0.03781
-0.923961 0.179833 3.139527 0.0180000111 0.263100162 0.964600593 0.862788 0.036631
-0.906408 0.19109 3.136045 0.0485013615 0.238106684 0.970027229 0.8545 0.037409
-0.914132 0.179756 3.139258 0.0530985512 0.241393414 0.968973562 0.859835 0.036511
-0.930662 0.167249 3.143094 0.0194008648 0.263211733 0.964542995 0.865871 0.035682
-0.941665 0.167275 3.143184 0 0.272514626 0.96215164 0.868242 0.036006
-0.937365 0.154041 3.146839 0.0206996549 0.262595623 0.964683919 0.868221 0.034947
-0.94775 0.154067 3.146929 0.000100005367 0.272514625 0.962151635 0.869748 0.035272
-0.921493 0.167173 3.142826 0.0572021471 0.242209091 0.968536355 0.863891 0.03557
-0.928711 0.153965 3.14657 0.0609022053 0.240908723 0.968635075 0.866946 0.034848
-0.952667 0.167249 3.143094 -0.0193011912 0.279817269 0.95985924 0.870624 0.03643
-0.94755 0.179833 3.139527 -0.0180006076 0.279309428 0.960032406 0.86987 0.037327
-0.961836 0.167173 3.142826 -0.0568982917 0.291191257 0.954971327 0.872636 0.036839
-0.957379 0.179756 3.139258 -0.0530015516 0.289108464 0.955827982 0.872867 0.037677
-0.958135 0.154041 3.146839 -0.0204001563 0.280602149 0.959607351 0.871281 0.035713
-0.96679 0.153965 3.14657 -0.0602000081 0.29370004 0.954000129 0.872573 0.036159
-0.942801 0.191166 3.136313 -0.0165003212 0.279105433 0.960118689 0.868957 0.038158
-0.953505 0.19109 3.136045 -0.0487000843 0.287300497 0.956601655 0.873265 0.038453
-0.960632 0.127589 3.154443 9.99945714e-05 0.273585147 0.961847783 0.871956 0.03507
-0.94422 0.140833 3.150584 0.021799312 0.262191725 0.964769552 0.870051 0.034694
-0.954079 0.140858 3.150674 9.99971871e-05 0.272792326 0.962072937 0.870976 0.035001
-0.951209 0.127564 3.154353 0.0227997755 0.262397417 0.964690503 0.87144 0.034796
-0.936005 0.140757 3.150315 0.0641017071 0.239306373 0.9688258 0.869281 0.034607
-0.943357 0.127489 3.154084 0.067001853 0.238506596 0.968826793 0.871009 0.034717
-0.958313 0.114175 3.158172 0.0237017699 0.263119648 0.96447202 0.872461 0.035123
-0.967392 0.114199 3.158262 0.000100000135 0.274800371 0.961501298 0.872718 0.035357
-0.965515 0.100605 3.162063 0.0245000439 0.264400473 0.964101726 0.87319 0.035545
-0.97434 0.100626 3.162155 0.000100001337 0.276503697 0.961012849 0.873293 0.035739
-0.950748 0.114104 3.157901 0.0698020854 0.238507126 0.968628938 0.872244 0.035051
-0.958161 0.10054 3.161789 0.072204023 0.239313334 0.968253948 0.873103 0.03548
-0.97647 0.114175 3.158172 -0.0235011287 0.285313703 0.958146016 0.872976 0.035679
-0.970055 0.127564 3.154353 -0.0226014088 0.28331766 0.958759761 0.872473 0.03545
-0.984035 0.114104 3.157901 -0.0692012761 0.303805602 0.950217522 0.873192 0.036013
-0.977907 0.127489 3.154084 -0.0665035068 0.300215831 0.951550177 0.872907 0.035845
-0.983165 0.100605 3.162063 -0.0243016829 0.287519911 0.957466307 0.873395 0.036
-0.99052 0.10054 3.161789 -0.071503935 0.307516923 0.948852217 0.873482 0.036266
-0.963937 0.140833 3.150584 -0.021501271 0.281716653 0.959256703 0.871903 0.035424
-0.972153 0.140757 3.150315 -0.0635015771 0.296807371 0.952823664 0.872682 0.035861
-0.935755 0.175325 3.123629 0 -0.273003686 -0.962012987 0.866328 0.03791
-0.942801 0.186684 3.120506 -0.0166003137 -0.266405034 -0.96371821 0.868875 0.036497
-0.929957 0.186658 3.120416 0 -0.273003686 -0.962012987 0.863783 0.037211
-0.94755 0.175351 3.123719 -0.0180013421 -0.26611984 -0.963771852 0.86987 0.037327
-0.953505 0.18676 3.120775 -0.0487023636 -0.257512497 -0.965046835 0.873168 0.035893
-0.957379 0.175427 3.123988 -0.0530014721 -0.2556071 -0.965326812 0.872829 0.036704
-0.952667 0.162768 3.127287 -0.0192998161 -0.265597469 -0.963890814 0.870674 0.038119
-0.941665 0.162742 3.127197 0 -0.273003686 -0.962012987 0.86832 0.038714
-0.958136 0.149559 3.131032 -0.020401722 -0.264822352 -0.964081372 0.871385 0.038794
-0.94775 0.149534 3.130942 0.00010000135 -0.273003684 -0.962012982 0.869881 0.039347
-0.961836 0.162844 3.127555 -0.0569007115 -0.253303168 -0.965712076 0.872659 0.037566
-0.96679 0.149636 3.1313 -0.0602009981 -0.250604155 -0.96621602 0.872646 0.038254
-0.930662 0.162768 3.127287 0.0194011058 -0.282216085 -0.959154669 0.865971 0.039209
-0.923961 0.175351 3.123719 0.0180009892 -0.282315514 -0.959152707 0.862814 0.038473
-0.921493 0.162844 3.127555 0.0572031892 -0.302116843 -0.951553051 0.863999 0.039463
-0.914132 0.175427 3.123988 0.053098899 -0.303093715 -0.951480271 0.859869 0.038805
-0.937365 0.149559 3.131032 0.0206997021 -0.282695932 -0.9589862 0.868376 0.039783
-0.928711 0.149636 3.1313 0.0609027252 -0.303313572 -0.950942551 0.867109 0.039974
-0.917112 0.186684 3.120506 0.0164007891 -0.283113621 -0.958946136 0.858706 0.037863
-0.906408 0.18676 3.120775 0.0484984553 -0.306390242 -0.950669722 0.854458 0.038282
-0.960632 0.123128 3.138432 0.000100000041 -0.273400112 -0.961900394 0.872108 0.039397
-0.963937 0.136351 3.134776 -0.0214996481 -0.263995678 -0.964284215 0.872029 0.039042
-0.954079 0.136326 3.134687 9.9998619e-05 -0.273096229 -0.961986715 0.871131 0.039534
-0.970055 0.123153 3.138521 -0.0225011195 -0.2633131 -0.964447982 0.872599 0.038977
-0.972153 0.136427 3.135045 -0.0634036858 -0.2477144 -0.966756199 0.872778 0.038547
-0.977907 0.123228 3.13879 -0.0664029948 -0.24501105 -0.967243624 0.873005 0.038547
-0.97647 0.109973 3.142267 -0.0234008867 -0.262909962 -0.964536547 0.873086 0.038713
-0.967392 0.10995 3.142177 9.99987155e-05 -0.273796483 -0.961787646 0.87285 0.039059
-0.983166 0.096823 3.146013 -0.024101146 -0.262812497 -0.964545865 0.87348 0.038366
-0.974341 0.096802 3.145922 9.9998759e-05 -0.274496594 -0.961588067 0.873396 0.03864
-0.984035 0.110045 3.142538 -0.0689996364 -0.242498722 -0.9676949 0.873278 0.03836
-0.99052 0.096887 3.146287 -0.0713035706 -0.240412039 -0.968048476 0.873548 0.038088
-0.958313 0.109973 3.142267 0.0237012675 -0.285615274 -0.958051233 0.872609 0.039317
-0.951209 0.123153 3.138521 0.0228001066 -0.28450133 -0.958404481 0.871611 0.039712
-0.950748 0.110045 3.142538 0.0694991205 -0.309096088 -0.948487997 0.872398 0.039408
-0.943357 0.123228 3.13879 0.0669989505 -0.307195188 -0.94928513 0.871185 0.039826
-0.965516 0.096823 3.146013 0.0242995867 -0.286795122 -0.95768371 0.873307 0.038848
-0.958161 0.096887 3.146287 0.0715033482 -0.310914559 -0.947744379 0.873224 0.038924
-0.94422 0.136351 3.134776 0.0218005104 -0.283506637 -0.958722444 0.870228 0.039909
-0.936005 0.136427 3.135045 0.0641017353 -0.305208262 -0.95012572 0.869463 0.040055
-0.90038 0.258798 3.115324 0 0.999805934 0.0197001169 0.842768 0.043082
-0.926718 0.258775 3.116045 0 0.997917633 0.0645011397 0.868243 0.04425
-0.90038 0.258774 3.116045 0 0.997891807 0.0648994672 0.842854 0.045754
-0.926718 0.258798 3.115324 0 0.999809853 0.0195001922 0.86825 0.041798
-0.949941 0.258775 3.116045 0 0.997969218 0.0636980353 0.889654 0.042868
-0.949941 0.258798 3.115324 0 0.999813733 0.0193002651 0.889743 0.040631
-0.926718 0.258729 3.116515 0 0.98474427 0.174007823 0.868238 0.046927
-0.90038 0.258728 3.116515 0 0.984549101 0.175108733 0.84295 0.048671
-0.949941 0.25873 3.116514 9.9999699e-05 0.985097035 0.171999482 0.88956 0.045314
-0.926718 0.258805 3.114275 0 0.99999352 0.00359997667 0.868255 0.039648
-0.90038 0.258805 3.114275 0 0.99999352 0.00359997667 0.842692 0.040741
-0.926718 0.258805 3.112821 0 1 0 0.868254 0.037878
-0.90038 0.258805 3.112821 0 1 0 0.842626 0.038816
-0.949941 0.258805 3.114275 0 0.99999352 0.00359997667 0.889819 0.038674
-0.949941 0.258805 3.112821 0 1 0 0.889876 0.037068
-0.872759 0.258805 3.114275 0 0.999993155 0.00369997467 0.81421 0.041975
-0.872759 0.258798 3.115324 0 0.999805934 0.0197001169 0.81436 0.04452
-0.84569 0.258805 3.114275 0 0.999993155 0.00369997467 0.783889 0.043373
-0.84569 0.258798 3.115324 0 0.999805934 0.0197001169 0.78409 0.046149
-0.872759 0.258805 3.112821 0 1 0 0.814085 0.039892
-0.84569 0.258805 3.112821 0 1 0 0.783725 0.041116
-0.872759 0.258774 3.116045 0 0.997878835 0.0650986193 0.814532 0.047432
-0.872759 0.258728 3.116515 0 0.984480065 0.175496446 0.814721 0.050615
-0.84569 0.258774 3.116045 0 0.997878835 0.0650986193 0.784321 0.049337
-0.84569 0.258728 3.116515 0 0.984480065 0.175496446 0.784574 0.05283
-0.90038 0.258805 3.108707 0 1 0 0.842516 0.036221
-0.926718 0.258805 3.110884 0 1 0 0.868242 0.036567
-0.90038 0.258805 3.110884 0 1 0 0.84257 0.037394
-0.926718 0.258805 3.108707 0 1 0 0.868214 0.035485
-0.949941 0.258805 3.110884 0 1 0 0.889906 0.035886
-0.949941 0.258805 3.108707 0 1 0 0.889904 0.034915
-0.926718 0.258805 3.106529 0 1 0 0.868163 0.0344
-0.90038 0.258805 3.106529 0 1 0 0.842455 0.035047
-0.926718 0.258805 3.104593 0 1 0 0.868083 0.033084
-0.90038 0.258805 3.104593 0 1 0 0.842381 0.03362
-0.949941 0.258805 3.106529 0 1 0 0.889865 0.033941
-0.949941 0.258805 3.104593 0 1 0 0.889784 0.032751
-0.872759 0.258805 3.106529 0 1 0 0.813845 0.035868
-0.872759 0.258805 3.108707 0 1 0 0.813913 0.037118
-0.84569 0.258805 3.106529 0 1 0 0.783436 0.036848
-0.84569 0.258805 3.108707 0 1 0 0.783511 0.038167
-0.872759 0.258805 3.104593 0 1 0 0.813775 0.034337
-0.84569 0.258805 3.104593 0 1 0 0.783363 0.035214
-0.872759 0.258805 3.110884 0 1 0 0.81399 0.038366
-0.84569 0.258805 3.110884 0 1 0 0.783603 0.039485
-0.90038 0.258797 3.102094 0 0.999751299 -0.0223011443 0.84217 0.029336
-0.926718 0.258805 3.103139 0 0.999991595 -0.00409996554 0.867967 0.031305
-0.90038 0.258805 3.103139 0 0.999991595 -0.00409996554 0.842284 0.031687
-0.926718 0.258797 3.102094 0 0.999753523 -0.0222011886 0.867822 0.029143
-0.949941 0.258805 3.103139 0 0.999992 -0.003999968 0.889654 0.031132
-0.949941 0.258797 3.102094 0 0.999760185 -0.0218991279 0.889487 0.029157
-0.926718 0.258771 3.101387 0 0.997130463 -0.0757023127 0.867658 0.026677
-0.90038 0.258771 3.101387 0 0.997092597 -0.0761994342 0.842044 0.026654
-0.926718 0.25872 3.100944 0 0.97545209 -0.22021176 0.867481 0.023987
-0.90038 0.258719 3.100944 0 0.975157409 -0.221513041 0.841911 0.023727
-0.949941 0.258771 3.101387 0 0.9971911 -0.0748993315 0.889293 0.026899
-0.949941 0.258721 3.100944 0.000100003712 0.976036226 -0.217608077 0.889083 0.024432
-0.872759 0.258771 3.101387 0 0.997077382 -0.0763982669 0.813506 0.026772
-0.872759 0.258797 3.102094 0 0.999749064 -0.0224010994 0.813602 0.029693
-0.84569 0.258771 3.101387 0 0.997077382 -0.0763982669 0.783098 0.026974
-0.84569 0.258797 3.102094 0 0.999749064 -0.0224010994 0.783192 0.030168
-0.872759 0.258719 3.100945 0 0.975044365 -0.222010102 0.813406 0.023581
-0.84569 0.258719 3.100945 0 0.975022713 -0.222105174 0.783001 0.023478
-0.872759 0.258805 3.103138 0 0.999991595 -0.00409996554 0.813693 0.032247
-0.84569 0.258805 3.103138 0 0.999991595 -0.00409996554 0.783281 0.032951
-0.98246 0.258798 3.115324 0 0.99983253 0.0183005954 0.918558 0.038558
-0.993597 0.258778 3.116044 9.9999327e-05 0.998293282 0.058399607 0.92767 0.039248
-0.98246 0.258777 3.116044 0.000100006202 0.998161898 0.0606037582 0.918387 0.040341
-0.993597 0.258798 3.115324 0 0.999843329 0.0177007671 0.927862 0.037686
-1.002548 0.258779 3.116043 0.00020000614 0.998430652 0.0560017193 0.93487 0.038307
-1.002548 0.258799 3.115323 0 0.999857168 0.0169009663 0.935083 0.036947
-0.993597 0.258736 3.116513 0.000300003177 0.987310456 0.158801682 0.927471 0.040989
-0.98246 0.258733 3.116513 0.000200002051 0.986410116 0.164301685 0.918207 0.042309
-1.002548 0.258739 3.116512 0.000400007438 0.988318378 0.152402834 0.934654 0.039839
-0.993597 0.258805 3.114275 0 0.999994555 0.00329998203 0.928038 0.036361
-0.98246 0.258805 3.114275 0 0.99999422 0.00339998035 0.918711 0.037023
-0.993597 0.258805 3.112821 0 1 0 0.928188 0.035331
-0.98246 0.258805 3.112821 0 1 0 0.918835 0.035798
-1.002548 0.258805 3.114275 0 0.999995195 0.0030999851 0.935284 0.035817
-1.002548 0.258805 3.112821 0 1 0 0.935466 0.03497
-0.968215 0.258805 3.114275 0 0.999993875 0.00349997856 0.906305 0.037797
-0.968215 0.258798 3.115324 0 0.999821371 0.018900404 0.906182 0.039545
-0.968215 0.258805 3.112821 0 1 0 0.906401 0.036376
-0.968215 0.258776 3.116044 0 0.998051022 0.0624031901 0.906042 0.041556
-0.968215 0.258731 3.116514 9.99967907e-05 0.985668365 0.168694586 0.905893 0.043762
-0.98246 0.258805 3.108707 0 1 0 0.918966 0.034272
-0.993597 0.258805 3.110884 0 1 0 0.928303 0.034653
-0.98246 0.258805 3.110884 0 1 0 0.918922 0.034944
-0.993597 0.258805 3.108707 0 1 0 0.928378 0.034147
-1.002548 0.258805 3.110884 0 1 0 0.935619 0.034462
-1.002548 0.258805 3.108707 0 1 0 0.935738 0.034118
-0.993597 0.258805 3.106529 0 1 0 0.928408 0.03363
-0.98246 0.258805 3.106529 0 1 0 0.918964 0.033593
-0.993597 0.258805 3.104593 0 1 0 0.928389 0.032923
-0.98246 0.258805 3.104593 0 1 0 0.918912 0.032717
-1.002548 0.258805 3.106529 0 1 0 0.935814 0.03376
-1.002548 0.258805 3.104593 0 1 0 0.935841 0.033214
-0.968215 0.258805 3.106529 0 1 0 0.906458 0.033684
-0.968215 0.258805 3.108707 0 1 0 0.906482 0.034519
-0.968215 0.258805 3.104593 0 1 0 0.906385 0.032645
-0.968215 0.258805 3.110884 0 1 0 0.906461 0.03535
-0.98246 0.258797 3.102094 0 0.999779485 -0.0209995691 0.918657 0.029875
-0.993597 0.258805 3.103139 0 0.999993155 -0.00369997467 0.928315 0.031842
-0.98246 0.258805 3.103139 0 0.99999278 -0.00379997256 0.918805 0.031457
-0.993597 0.258797 3.102094 0 0.999793936 -0.0202998769 0.928199 0.030449
-1.002548 0.258805 3.103138 0 0.99999352 -0.00359997667 0.935812 0.032302
-1.002548 0.258798 3.102094 0 0.999809853 -0.0195001922 0.93574 0.03108
-0.993597 0.258774 3.101386 0.000100000971 0.997609687 -0.069100671 0.928056 0.028803
-0.98246 0.258773 3.101387 0.000100004049 0.997440387 -0.0715028952 0.918479 0.028035
-0.993597 0.258727 3.100942 0.000299991381 0.979571857 -0.201094223 0.927896 0.026964
-0.98246 0.258724 3.100943 0.000200009795 0.978147901 -0.207910182 0.918285 0.026002
-1.002548 0.258775 3.101386 0.000199998616 0.997793095 -0.0663995405 0.935638 0.029605
-1.002548 0.25873 3.100941 0.00040002328 0.9811571 -0.193211244 0.935522 0.027932
-0.968215 0.258772 3.101387 0 0.997302568 -0.073400189 0.905896 0.027376
-0.968215 0.258797 3.102094 0 0.999768863 -0.0214993304 0.906092 0.029423
-0.968215 0.258722 3.100944 0.000100004207 0.976941096 -0.213508981 0.905683 0.025131
-0.968215 0.258805 3.103139 0 0.999992395 -0.00389997034 0.906259 0.031201
-0.984156 0.218745 3.112953 -0.114605875 -0.807641401 -0.578429651 0.911403 0.035178
-0.993597 0.22192 3.111327 -0.0385998186 -0.486197715 -0.872995897 0.919884 0.03499
-0.983636 0.220365 3.111757 -0.0403018618 -0.477622064 -0.877640544 0.91141 0.034743
-0.993597 0.220286 3.112519 -0.10979994 -0.819199554 -0.562899693 0.91948 0.035349
-1.002548 0.223364 3.110917 -0.0468012871 -0.495013613 -0.86762386 0.927274 0.03523
-1.002548 0.221802 3.112089 -0.130197612 -0.827084827 -0.546789969 0.926875 0.035463
-0.993597 0.225457 3.109896 -0.0110000217 -0.338500667 -0.940901854 0.920647 0.033716
-0.983055 0.224 3.110293 -0.012100206 -0.334505695 -0.942316043 0.911708 0.033341
-1.002548 0.226759 3.109526 -0.0130010115 -0.341826595 -0.939673109 0.928057 0.034127
-0.993597 0.219967 3.113709 -0.166195401 -0.986072716 0.00629982569 0.919318 0.035214
-0.98433 0.218429 3.114145 -0.176902896 -0.984216112 -0.00490008021 0.911352 0.035147
-0.993597 0.220371 3.115135 -0.172896554 -0.947581115 0.268694645 0.919285 0.035006
-0.98433 0.218834 3.115571 -0.18490164 -0.945508387 0.268002377 0.911294 0.035059
-1.002548 0.221506 3.113272 -0.192398599 -0.981192857 0.0155998864 0.926733 0.035231
-1.002548 0.221911 3.114698 -0.200197589 -0.942588647 0.26729678 0.926719 0.034935
-0.975694 0.216734 3.114625 -0.226093455 -0.97377181 -0.0254992618 0.903499 0.035049
-0.975 0.216991 3.113443 -0.145406072 -0.780332583 -0.608225397 0.903151 0.03501
-0.968638 0.214721 3.115196 -0.352704146 -0.932410961 -0.0788009263 0.89642 0.034938
-0.967409 0.214856 3.114042 -0.21591886 -0.699961141 -0.680759464 0.895638 0.034856
-0.975694 0.217138 3.116051 -0.242305087 -0.933419597 0.264605555 0.903425 0.035096
-0.968638 0.215125 3.116622 -0.393026176 -0.88465892 0.250816705 0.896357 0.035123
-0.972917 0.218436 3.112273 -0.0511028084 -0.459225237 -0.886848738 0.901922 0.034639
-0.970594 0.222098 3.110785 -0.0149996906 -0.326493265 -0.945080503 0.900835 0.033229
-0.96372 0.215936 3.112956 -0.070000021 -0.412200124 -0.908400272 0.893127 0.034648
-0.98433 0.219978 3.119606 -0.18490164 -0.945508387 0.268002377 0.911257 0.035756
-0.993597 0.220909 3.117034 -0.172896554 -0.947581115 0.268694645 0.919265 0.035146
-0.98433 0.219372 3.11747 -0.18490164 -0.945508387 0.268002377 0.911264 0.03532
-0.993597 0.221515 3.119169 -0.172896554 -0.947581115 0.268694645 0.919254 0.035459
-1.002548 0.222449 3.116597 -0.200202939 -0.942613838 0.267203923 0.926705 0.034979
-1.002548 0.223054 3.118733 -0.200202939 -0.942613838 0.267203923 0.926733 0.035231
-0.993597 0.22212 3.121305 -0.172896554 -0.947581115 0.268694645 0.919247 0.035774
-0.98433 0.220583 3.121741 -0.18490164 -0.945508387 0.268002377 0.911268 0.036192
-0.993597 0.222659 3.123204 -0.172896554 -0.947581115 0.268694645 0.919238 0.035916
-0.98433 0.221121 3.12364 -0.184896684 -0.945483043 0.268095192 0.911291 0.036454
-1.002548 0.22366 3.120869 -0.200197589 -0.942588647 0.26729678 0.926657 0.035412
-1.002548 0.224198 3.122768 -0.200202939 -0.942613838 0.267203923 0.926615 0.035463
-0.975694 0.218888 3.122222 -0.242305087 -0.933419597 0.264605555 0.903411 0.036619
-0.975694 0.218282 3.120086 -0.242305087 -0.933419597 0.264605555 0.903387 0.036054
-0.968638 0.216875 3.122792 -0.393026176 -0.88465892 0.250816705 0.896365 0.037004
-0.968638 0.216269 3.120657 -0.393026176 -0.88465892 0.250816705 0.896336 0.036322
-0.975694 0.219426 3.124121 -0.242305087 -0.933419597 0.264605555 0.903456 0.03701
-0.968638 0.217413 3.124691 -0.393026176 -0.88465892 0.250816705 0.896415 0.037519
-0.975694 0.217677 3.11795 -0.242305087 -0.933419597 0.264605555 0.903389 0.035489
-0.968638 0.215664 3.118521 -0.393026176 -0.88465892 0.250816705 0.896331 0.03564
-0.984156 0.222357 3.125936 -0.119904131 -0.422214546 0.898530955 0.911331 0.036291
-0.993597 0.223063 3.12463 -0.16721336 -0.855168326 0.490639201 0.919222 0.035714
-0.984329 0.221526 3.125066 -0.177806877 -0.84703276 0.500919373 0.911319 0.036365
-0.993597 0.223894 3.125498 -0.115598813 -0.443895443 0.888590879 0.919254 0.035459
-1.002548 0.224603 3.124194 -0.193603289 -0.855914542 0.479508147 0.926556 0.035178
-1.002548 0.22541 3.125068 -0.137211135 -0.460537374 0.876971169 0.926606 0.034905
-0.993597 0.225712 3.125721 -0.0434987583 0.0127996346 0.998971485 0.919655 0.035732
-0.983635 0.224175 3.126167 -0.0443983284 0.0264990023 0.998662401 0.9113 0.036595
-0.993597 0.229079 3.125215 -0.0130006115 0.191809022 0.981346159 0.920346 0.036684
-0.983055 0.227649 3.125635 -0.0137003666 0.197405282 0.980226226 0.911578 0.037696
-1.002548 0.227157 3.125312 -0.0530994271 -9.9998921e-05 0.998589225 0.926893 0.034991
-1.002548 0.230381 3.124846 -0.0157002375 0.187102831 0.982214861 0.927544 0.035783
-0.972917 0.222298 3.126728 -0.0546016749 0.0543016657 0.997030584 0.901906 0.03742
-0.974999 0.220616 3.126437 -0.150504641 -0.376211601 0.914228191 0.903147 0.037081
-0.96372 0.219868 3.127439 -0.0727026221 0.114704137 0.990735732 0.89318 0.038104
-0.967409 0.218499 3.127043 -0.220699906 -0.25799989 0.9405996 0.895688 0.037809
-0.970594 0.225825 3.126196 -0.0162011628 0.208114937 0.977970191 0.900842 0.038623
-0.975694 0.219831 3.125547 -0.226803375 -0.826012291 0.516007678 0.903516 0.037054
-0.968638 0.217817 3.126117 -0.353187702 -0.760573517 0.544781031 0.896477 0.037701
-1.016924 0.258799 3.115323 9.99985985e-05 0.999885987 0.0150997884 0.946484 0.035875
-1.022891 0.258783 3.116042 0.000300002672 0.998908895 0.0467004159 0.950793 0.036359
-1.016924 0.258782 3.116043 0.000300013232 0.998744051 0.0501022098 0.946198 0.036908
-1.022891 0.2588 3.115323 0.000100000059 0.999900585 0.0141000082 0.951137 0.035454
-1.028406 0.258785 3.116042 0.000399991724 0.999079329 0.0428991124 0.954988 0.035847
-1.028406 0.2588 3.115323 0.000100001679 0.999916784 0.0129002165 0.955405 0.035054
-1.022891 0.25875 3.116508 0.000800027833 0.991734503 0.128304464 0.950472 0.037421
-1.016924 0.258746 3.11651 0.000600025667 0.990542371 0.137205869 0.945921 0.038107
-1.028406 0.258755 3.116507 0.000899958576 0.992954295 0.118494546 0.954615 0.036786
-1.022891 0.258805 3.114275 0 0.99999662 0.00259999121 0.951505 0.034759
-1.016924 0.258805 3.114275 0 0.99999608 0.00279998902 0.946776 0.035058
-1.022891 0.258805 3.112821 0 1 0 0.9519 0.034322
-1.016924 0.258805 3.112821 0 1 0 0.947072 0.034512
-1.028406 0.258805 3.114275 0 0.99999712 0.00239999309 0.955876 0.034454
-1.028406 0.258805 3.112821 0 1 0 0.956412 0.034099
-1.010233 0.258805 3.114275 0 0.9999955 0.0029999865 0.94145 0.035397
-1.010233 0.258799 3.115323 0.000100007198 0.999871968 0.0160011517 0.941211 0.036358
-1.010233 0.258805 3.112821 0 1 0 0.941677 0.034712
-1.010233 0.25878 3.116043 0.000199996776 0.998583903 0.0531991424 0.940968 0.037542
-1.010233 0.258742 3.116511 0.000500001088 0.989402152 0.145200316 0.940726 0.038896
-1.016924 0.258805 3.108707 0 1 0 0.947646 0.034213
-1.022891 0.258805 3.110884 0 1 0 0.952325 0.034197
-1.016924 0.258805 3.110884 0 1 0 0.947367 0.034286
-1.022891 0.258805 3.108707 0 1 0 0.95276 0.034218
-1.028406 0.258805 3.110884 0 1 0 0.957024 0.034036
-1.028406 0.258805 3.108707 0 1 0 0.957691 0.034113
-1.022891 0.258805 3.106529 0 1 0 0.953185 0.03422
-1.016924 0.258805 3.106529 0 1 0 0.947893 0.034122
-1.022891 0.258805 3.104593 0 1 0 0.953581 0.03404
-1.016924 0.258805 3.104593 0 1 0 0.948092 0.033843
-1.028406 0.258805 3.106529 0 1 0 0.958392 0.034175
-1.028406 0.258805 3.104593 0 1 0 0.959108 0.034067
-1.010233 0.258805 3.106529 0 1 0 0.942206 0.033947
-1.010233 0.258805 3.108707 0 1 0 0.942066 0.03416
-1.010233 0.258805 3.104593 0 1 0 0.942293 0.033544
-1.010233 0.258805 3.110884 0 1 0 0.941886 0.034358
-1.016924 0.258798 3.102094 0.00010000451 0.999845089 -0.0176007937 0.948307 0.032257
-1.022891 0.258805 3.103138 0 0.999995195 -0.0030999851 0.953929 0.033514
-1.016924 0.258805 3.103138 0 0.99999488 -0.00319998362 0.948227 0.033206
-1.022891 0.258799 3.102094 0.000100006386 0.999863843 -0.0165010536 0.95421 0.032683
-1.028406 0.258805 3.103138 0 0.99999608 -0.00279998902 0.959816 0.033636
-1.028406 0.258799 3.102093 9.99981411e-05 0.999881412 -0.0153997137 0.960444 0.032918
-1.022891 0.25878 3.101385 0.000300002459 0.998408182 -0.0564004622 0.954406 0.031587
-1.016924 0.258778 3.101385 0.000299999501 0.998198338 -0.0599999001 0.948338 0.031044
-1.022891 0.258741 3.100938 0.000900023666 0.986425938 -0.164204318 0.954499 0.03027
-1.016924 0.258737 3.100939 0.000700002559 0.984603599 -0.174800639 0.948329 0.029613
-1.028406 0.258781 3.101384 0.000400012519 0.998631253 -0.0523016368 0.96092 0.031949
-1.028406 0.258746 3.100937 0.00100001818 0.988317963 -0.15240277 0.961172 0.030767
-1.010233 0.258777 3.101385 0.00019999764 0.997988224 -0.0633992519 0.942241 0.030368
-1.010233 0.258798 3.102094 0.0001000027 0.999826991 -0.0186005021 0.942296 0.031703
-1.010233 0.258733 3.10094 0.000500015916 0.982831284 -0.184505873 0.942168 0.028824
-1.010233 0.258805 3.103138 0 0.99999422 -0.00339998035 0.942319 0.032779
-1.038592 0.258798 3.115319 -0.00130005586 0.999942968 0.0106004555 0.963264 0.034254
-1.042289 0.25878 3.115972 -0.00409987032 0.99936839 0.0352988835 0.965471 0.03455
-1.0385 0.258786 3.116024 -0.00119995423 0.99936188 0.0356986383 0.962604 0.034871
-1.042659 0.25879 3.115308 -0.00420014251 0.999933928 0.0107003631 0.966382 0.034002
-1.045049 0.258764 3.115942 -0.0103998681 0.998887329 0.0459994165 0.967505 0.034449
-1.045722 0.258772 3.115305 -0.0117002227 0.999819032 0.0150002855 0.968686 0.033951
-1.042043 0.25876 3.116377 -0.00429998396 0.995896285 0.0903996628 0.96481 0.035145
-1.038438 0.258762 3.116473 -0.00130003402 0.995126043 0.0986025805 0.962078 0.035581
-1.044141 0.258753 3.116248 -0.00809979564 0.996574857 0.0822979236 0.966455 0.034907
-1.042782 0.258793 3.114278 -0.00409996029 0.999990315 0.0015999845 0.967351 0.033566
-1.038623 0.258802 3.114276 -0.0013999961 0.999997215 0.00189999471 0.964036 0.03378
-1.042782 0.258793 3.112824 -0.00409996546 0.999991575 -0.000199998315 0.968492 0.033279
-1.038623 0.258802 3.112822 -0.00149999831 0.99999887 -9.9999887e-05 0.964973 0.033493
-1.045946 0.258774 3.114284 -0.0114003764 0.999933013 0.00200006603 0.969842 0.033538
-1.045946 0.258774 3.11283 -0.0114003971 0.999934833 -0.000600020902 0.97115 0.033234
-1.033741 0.258805 3.114275 -0.000299999325 0.99999775 0.00209999528 0.960132 0.034102
-1.033741 0.258801 3.115323 -0.000200006306 0.999931528 0.0117003689 0.959526 0.034629
-1.033741 0.258805 3.112821 -0.000299999987 0.999999955 0 0.960858 0.033794
-1.033741 0.258787 3.116041 0.000100003918 0.999239146 0.0390015279 0.959017 0.035327
-1.03374 0.25876 3.116506 0.000400015885 0.994139478 0.108104293 0.958581 0.03615
-1.038623 0.258802 3.108708 -0.00159999794 0.999998715 -9.99998715e-05 0.967487 0.033493
-1.042782 0.258792 3.110888 -0.00429996016 0.999990735 -0.000199998147 0.969918 0.033176
-1.038623 0.258802 3.110885 -0.00149999831 0.99999887 -9.9999887e-05 0.966128 0.033436
-1.042782 0.258792 3.10871 -0.00439995732 0.9999903 -0.00019999806 0.971615 0.033167
-1.045946 0.258773 3.110893 -0.011700367 0.999931368 -0.000600018823 0.972788 0.033061
-1.045946 0.258771 3.108716 -0.012100322 0.999926608 -0.000600015967 0.974738 0.032957
-1.042782 0.258791 3.106533 -0.00459995124 0.9999894 -0.00019999788 0.973569 0.033164
-1.038623 0.258802 3.10653 -0.00159999794 0.999998715 -9.99998715e-05 0.969034 0.03355
-1.042782 0.258791 3.104596 -0.004699948 0.999988935 -0.000199997787 0.975768 0.033078
-1.038623 0.258802 3.104594 -0.00159999794 0.999998715 -9.99998715e-05 0.970754 0.033491
-1.045946 0.25877 3.106539 -0.0125002711 0.999921689 -0.000600013014 0.976984 0.03286
-1.045946 0.258769 3.104602 -0.0129002143 0.999916609 -0.000600009966 0.979506 0.032707
-1.033741 0.258805 3.106529 -0.000299999987 0.999999955 0 0.963825 0.033919
-1.033741 0.258805 3.108707 -0.000299999987 0.999999955 0 0.962723 0.03384
-1.033741 0.258805 3.104593 -0.000399999968 0.99999992 0 0.965016 0.033852
-1.033741 0.258805 3.110884 -0.000299999987 0.999999955 0 0.961728 0.033753
-1.038592 0.258797 3.102099 -0.00160001855 0.999911594 -0.0132001531 0.974325 0.032711
-1.042782 0.25879 3.103142 -0.00489992462 0.999984615 -0.00259996 0.978198 0.032817
-1.038623 0.258802 3.103139 -0.00169999265 0.999995675 -0.00239998962 0.972633 0.033201
-1.042659 0.258786 3.102115 -0.00519994007 0.999888476 -0.0139998387 0.980189 0.032417
-1.045946 0.258768 3.103148 -0.013600004 0.999900295 -0.00380000112 0.982288 0.032437
-1.045722 0.258764 3.102129 -0.014599815 0.999687334 -0.0202997428 0.984404 0.032083
-1.042289 0.258773 3.101457 -0.00540029289 0.99895418 -0.0454024625 0.981072 0.03191
-1.0385 0.258782 3.101402 -0.00159997715 0.998985735 -0.0449993574 0.975483 0.03205
-1.042043 0.258749 3.101065 -0.00590030892 0.992851982 -0.119206241 0.981393 0.031313
-1.038438 0.258753 3.100967 -0.00200005863 0.99162907 -0.129103785 0.976064 0.031243
-1.04505 0.258754 3.101497 -0.0136008606 0.998063154 -0.0607038412 0.984927 0.031676
-1.044141 0.25874 3.101198 -0.0109002792 0.994025462 -0.108602782 0.984148 0.031323
-1.033741 0.258783 3.101383 0 0.998837617 -0.0482018153 0.968355 0.032083
-1.033741 0.2588 3.102093 -0.000199999831 0.999899155 -0.014199988 0.967446 0.032903
-1.033741 0.258751 3.100935 0.000300006879 0.990122704 -0.140203215 0.968842 0.031076
-1.033741 0.258805 3.103138 -0.000299998973 0.999996575 -0.0025999911 0.966278 0.033503
-1.016924 0.225325 3.11109 -0.212495408 -0.833581987 -0.509888981 0.938397 0.035389
-1.022891 0.228661 3.109416 -0.103902384 -0.526312076 -0.843919364 0.943666 0.03523
-1.016924 0.226722 3.109965 -0.081604126 -0.51442601 -0.853643161 0.938875 0.035296
-1.022891 0.22736 3.110513 -0.259215334 -0.834149346 -0.486828799 0.943106 0.035278
-1.028406 0.230789 3.108812 -0.127302397 -0.540410176 -0.831715661 0.94817 0.035172
-1.028406 0.229593 3.10988 -0.303209454 -0.834426018 -0.46021435 0.947504 0.035171
-1.022891 0.231532 3.108173 -0.02949945 -0.3539934 -0.934782571 0.944724 0.034478
-1.016924 0.229785 3.108668 -0.0228993212 -0.349189648 -0.93677223 0.939804 0.034441
-1.028406 0.233451 3.107629 -0.0367002529 -0.359802479 -0.932306424 0.949397 0.034526
-1.022891 0.227151 3.111672 -0.355416477 -0.933643285 0.0446020678 0.942875 0.034961
-1.016924 0.225085 3.112258 -0.299193532 -0.953579384 0.0341992606 0.938216 0.035081
-1.022891 0.227555 3.113098 -0.366012348 -0.895330204 0.253808562 0.942803 0.034618
-1.016924 0.225489 3.113684 -0.309390915 -0.914873135 0.259392383 0.938178 0.034732
-1.028406 0.22942 3.111029 -0.404301595 -0.912903601 0.0561002213 0.947208 0.034843
-1.028406 0.229824 3.112455 -0.414600694 -0.875501466 0.248200416 0.947072 0.034512
-1.010233 0.223208 3.11279 -0.243003372 -0.969713455 0.0246003413 0.932933 0.035178
-1.010233 0.223477 3.111614 -0.16830788 -0.831238915 -0.529824804 0.933083 0.035463
-1.010233 0.223612 3.114216 -0.252192202 -0.930971215 0.263991837 0.932917 0.034841
-1.010233 0.224961 3.110464 -0.0623028894 -0.504023375 -0.86143995 0.933507 0.035314
-1.010233 0.228198 3.109118 -0.0173994749 -0.345189582 -0.93837168 0.934346 0.034347
-1.016924 0.226633 3.117718 -0.309390915 -0.914873135 0.259392383 0.938072 0.03484
-1.022891 0.228094 3.114997 -0.366012348 -0.895330204 0.253808562 0.942721 0.034589
-1.016924 0.226028 3.115583 -0.309390915 -0.914873135 0.259392383 0.938131 0.034705
-1.022891 0.228699 3.117133 -0.366012348 -0.895330204 0.253808562 0.942629 0.03472
-1.028406 0.230362 3.114354 -0.414600694 -0.875501466 0.248200416 0.946965 0.034482
-1.028406 0.230968 3.116489 -0.414600694 -0.875501466 0.248200416 0.946827 0.034618
-1.022891 0.229305 3.119268 -0.366012348 -0.895330204 0.253808562 0.942525 0.034859
-1.016924 0.227239 3.119854 -0.309390915 -0.914873135 0.259392383 0.938 0.03498
-1.022891 0.229843 3.121167 -0.366012348 -0.895330204 0.253808562 0.94241 0.034855
-1.016924 0.227777 3.121753 -0.309390915 -0.914873135 0.259392383 0.937911 0.034968
-1.028406 0.231573 3.118625 -0.414600694 -0.875501466 0.248200416 0.946682 0.034768
-1.028406 0.232112 3.120524 -0.414600694 -0.875501466 0.248200416 0.94653 0.034783
-1.010233 0.225361 3.120386 -0.252192202 -0.930971215 0.263991837 0.932809 0.035156
-1.010233 0.224756 3.118251 -0.252198859 -0.930995787 0.263898806 0.932858 0.034993
-1.010233 0.2259 3.122285 -0.252198859 -0.930995787 0.263898806 0.932743 0.035159
-1.010233 0.22415 3.116115 -0.252198859 -0.930995787 0.263898806 0.932917 0.034841
-1.016924 0.228933 3.124069 -0.223807143 -0.487715566 0.843826931 0.937809 0.034315
-1.022891 0.230247 3.122593 -0.357502406 -0.829805585 0.428502884 0.942282 0.034554
-1.016924 0.228181 3.123179 -0.301099497 -0.841698594 0.448199252 0.937804 0.034646
-1.022891 0.230967 3.123492 -0.272998858 -0.501597901 0.820896565 0.942272 0.034232
-1.028406 0.232516 3.12195 -0.406430382 -0.81776113 0.407530464 0.946373 0.034515
-1.028406 0.233201 3.122859 -0.319310783 -0.517417473 0.793926812 0.946339 0.034211
-1.022891 0.232453 3.12381 -0.11959732 -0.0496988865 0.991577784 0.942508 0.034163
-1.016924 0.230515 3.12436 -0.0934065569 -0.0302021201 0.995169858 0.938056 0.034276
-1.022891 0.235155 3.123492 -0.0364003347 0.169201556 0.984909056 0.943118 0.034621
-1.016924 0.233408 3.123988 -0.028099985 0.176499906 0.983899474 0.938674 0.03483
-1.028406 0.234582 3.123206 -0.14740614 -0.0735030615 0.986341082 0.946557 0.034118
-1.028406 0.237074 3.122948 -0.0458024358 0.160008509 0.98605244 0.947155 0.034486
-1.010233 0.228753 3.124859 -0.0709986439 -0.0137997364 0.99738095 0.932939 0.034529
-1.010233 0.227085 3.124593 -0.177402188 -0.474105848 0.862410638 0.932678 0.03452
-1.010233 0.23182 3.124438 -0.0211003429 0.182302962 0.983015974 0.933568 0.035191
-1.010233 0.226304 3.123711 -0.244606521 -0.850622678 0.465412408 0.932656 0.034838
-1.038592 0.234744 3.108432 -0.447211869 -0.80482136 -0.390210356 0.956232 0.035005
-1.042289 0.238358 3.10677 -0.308210281 -0.543718136 -0.780626038 0.961189 0.034901
-1.0385 0.235647 3.107461 -0.225306221 -0.5650156 -0.793721915 0.957057 0.035122
-1.042659 0.237749 3.107616 -0.569712517 -0.732116085 -0.373408204 0.960555 0.03479
-1.04505 0.241409 3.105987 -0.392216919 -0.472520383 -0.789234044 0.965248 0.034473
-1.045722 0.241142 3.106709 -0.706762131 -0.581351106 -0.403135439 0.964921 0.034401
-1.042043 0.240039 3.105922 -0.133700464 -0.373601296 -0.917903185 0.962597 0.034593
-1.038438 0.237771 3.106444 -0.0826001958 -0.374100887 -0.923702189 0.958607 0.03472
-1.044141 0.241927 3.105548 -0.182114013 -0.364128019 -0.913370282 0.965393 0.03432
-1.042782 0.237757 3.108692 -0.675496102 -0.735195758 0.056499674 0.960123 0.034442
-1.038623 0.234664 3.109549 -0.549226314 -0.832539888 0.0723034641 0.955806 0.034633
-1.042782 0.238137 3.11012 -0.681707216 -0.707507489 0.186301972 0.959774 0.034134
-1.038623 0.235062 3.110975 -0.55812846 -0.799640775 0.221511295 0.955569 0.034292
-1.045946 0.241243 3.107745 -0.829214155 -0.558909541 0.00490008365 0.964486 0.034129
-1.045946 0.241585 3.109175 -0.834297072 -0.536298118 0.127799551 0.96397 0.033904
-1.033741 0.231904 3.110324 -0.460892379 -0.884885369 0.0674988839 0.951505 0.034759
-1.033741 0.23204 3.109186 -0.359100478 -0.830301104 -0.426200567 0.95188 0.035106
-1.033741 0.232309 3.11175 -0.471005593 -0.848910081 0.239802848 0.951344 0.034408
-1.033741 0.233121 3.108151 -0.163198432 -0.556894651 -0.814392178 0.952675 0.035174
-1.033741 0.235553 3.107033 -0.0506011805 -0.367308569 -0.928721667 0.954116 0.034652
-1.038623 0.236188 3.115011 -0.553811771 -0.802417056 0.222304725 0.955029 0.034423
-1.042782 0.238642 3.112021 -0.677922497 -0.710923592 0.187106209 0.959389 0.03414
-1.038623 0.235592 3.112875 -0.556075583 -0.80096483 0.221890257 0.955307 0.034271
-1.042782 0.23921 3.114159 -0.673525965 -0.714827557 0.188107252 0.958983 0.034321
-1.045946 0.24204 3.11108 -0.830270289 -0.542180598 0.129195377 0.963402 0.033977
-1.045946 0.242552 3.113222 -0.825516556 -0.549011011 0.130802623 0.962807 0.034212
-1.042782 0.239778 3.116297 -0.669153675 -0.718657646 0.18911517 0.95857 0.034534
-1.038623 0.236784 3.117147 -0.551499242 -0.803898895 0.222699694 0.954743 0.034603
-1.042782 0.240283 3.118199 -0.665193531 -0.722092978 0.189998152 0.958164 0.034639
-1.038623 0.237315 3.119047 -0.549492777 -0.805189416 0.222997069 0.954458 0.034667
-1.045946 0.243064 3.115364 -0.820625058 -0.555916975 0.132404043 0.962209 0.034478
-1.045946 0.24352 3.117269 -0.816103881 -0.562202673 0.133800636 0.961632 0.034642
-1.033741 0.234058 3.11792 -0.469221425 -0.849838805 0.240010959 0.950768 0.034682
-1.033741 0.233453 3.115785 -0.469820132 -0.849536403 0.23991028 0.950969 0.03452
-1.033741 0.234597 3.119819 -0.468700537 -0.850100973 0.240100275 0.950563 0.034718
-1.033741 0.232847 3.113649 -0.47041862 -0.849233613 0.239809492 0.951163 0.03438
-1.038592 0.238294 3.121406 -0.457481168 -0.537777863 0.708170849 0.95402 0.034205
-1.042782 0.240663 3.119627 -0.6578251 -0.690926363 0.29981144 0.957781 0.034493
-1.038623 0.237713 3.120473 -0.540902869 -0.766304065 0.346701839 0.954181 0.034468
-1.042659 0.241129 3.120575 -0.574235495 -0.495730642 0.651540273 0.957462 0.034274
-1.045946 0.243862 3.118699 -0.811241954 -0.531727499 0.243212578 0.9611 0.03457
-1.045722 0.24419 3.119673 -0.712429659 -0.357714892 0.603725134 0.960571 0.03442
-1.042289 0.241896 3.12104 -0.332719812 -0.123107331 0.934955674 0.957251 0.034162
-1.0385 0.239376 3.121824 -0.25031674 -0.128008561 0.95966418 0.954085 0.034073
-1.042043 0.243418 3.120999 -0.148206103 0.129505332 0.98044037 0.957462 0.034274
-1.038438 0.241332 3.121703 -0.0958045983 0.135406499 0.986147331 0.954565 0.034259
-1.045049 0.244604 3.120209 -0.41591495 -0.0551019807 0.907732629 0.959998 0.034348
-1.044141 0.245065 3.12038 -0.196507938 0.133005373 0.971439242 0.959495 0.034407
-1.03374 0.236913 3.122545 -0.186813315 -0.103107349 0.976969631 0.950469 0.034074
-1.033741 0.235648 3.122165 -0.374502326 -0.534303318 0.757804706 0.950284 0.034193
-1.03374 0.239175 3.122353 -0.0620025732 0.148006142 0.987040963 0.951041 0.034346
-1.033741 0.235001 3.121246 -0.460328916 -0.801250332 0.38222401 0.950359 0.034481
-1.00451 0.042631 3.163116 -9.99976371e-05 -0.99747643 -0.0709983223 0.87435 0.037234
-1.011819 0.042773 3.162372 -0.0168004785 -0.970427638 -0.240806858 0.874284 0.037209
-1.004459 0.042718 3.162349 -0.000399996918 -0.975092487 -0.221798291 0.87435 0.037234
-1.012692 0.042691 3.163109 -0.0185009729 -0.996352395 -0.0833043807 0.874284 0.037209
-1.017898 0.042936 3.162364 -0.039799645 -0.947791546 -0.316397178 0.87423 0.037177
-1.019439 0.04287 3.163068 -0.0524989558 -0.990280304 -0.128797438 0.87423 0.037177
-1.011174 0.042936 3.161893 -0.0136004354 -0.877428091 -0.479515352 0.874284 0.037209
-1.004358 0.042892 3.161835 -0.000600012537 -0.877918344 -0.478810005 0.874354 0.037255
-1.015815 0.043024 3.16201 -0.0283009954 -0.877130849 -0.479416861 0.87423 0.037177
-1.012983 0.042664 3.164222 -0.0176006776 -0.999738486 -0.0146005621 0.874284 0.037209
-1.004526 0.042602 3.16424 -0.000100001549 -0.999915489 -0.0130002014 0.87435 0.037234
-1.012983 0.042664 3.165779 -0.0169009663 -0.999857168 0 0.874284 0.037209
-1.004526 0.042602 3.165796 0 -1 0 0.87435 0.037234
-1.019953 0.042848 3.16417 -0.0538993697 -0.998288325 -0.0226997345 0.87423 0.037177
-1.019953 0.042848 3.165726 -0.0509999314 -0.998698657 0 0.87423 0.037177
-0.995999 0.042664 3.164222 0.0171008808 -0.999751494 -0.0143007366 0.87435 0.037234
-0.996258 0.042691 3.163109 0.0179008067 -0.99654491 -0.081103655 0.874354 0.037255
-0.988814 0.042848 3.16417 0.0501009594 -0.998519122 -0.021200406 0.874496 0.037271
-0.989303 0.04287 3.163068 0.0491011011 -0.991522235 -0.120302698 0.874496 0.037271
-0.995999 0.042664 3.165779 0.0164010743 -0.999865493 0 0.87435 0.037234
-0.988814 0.042848 3.165726 0.0475033802 -0.998871077 0 0.874495 0.037234
-0.997036 0.042773 3.162372 0.0161009705 -0.971858581 -0.235014166 0.874354 0.037255
-0.997492 0.042936 3.161893 0.0129006682 -0.879445552 -0.475824646 0.874354 0.037255
-0.990769 0.042936 3.162364 0.0379983748 -0.952459264 -0.302287071 0.874496 0.037271
-0.992748 0.043024 3.16201 0.0275011273 -0.884136241 -0.466419119 0.874496 0.037271
-1.004526 0.042602 3.17018 0 -1 0 0.87435 0.037234
-1.012983 0.042664 3.167843 -0.0169009663 -0.999857168 0 0.874284 0.037209
-1.004526 0.042602 3.16786 0 -1 0 0.87435 0.037234
-1.012983 0.042664 3.170163 -0.0169009663 -0.999857168 0 0.874284 0.037209
-1.019953 0.042848 3.16779 -0.0509999314 -0.998698657 0 0.87423 0.037177
-1.019953 0.042848 3.17011 -0.0509999314 -0.998698657 0 0.87423 0.037177
-1.012983 0.042664 3.172486 -0.0169009663 -0.999857168 0 0.874285 0.037148
-1.004526 0.042602 3.172503 0 -1 0 0.874358 0.037134
-1.012983 0.042664 3.17456 -0.0169009663 -0.999857168 0 0.874285 0.037148
-1.004526 0.042602 3.174578 0 -1 0 0.874358 0.037134
-1.019953 0.042848 3.172434 -0.0509999314 -0.998698657 0 0.87423 0.037177
-1.019953 0.042848 3.174508 -0.0509999314 -0.998698657 0 0.87423 0.037177
-0.995999 0.042664 3.172486 0.0164010743 -0.999865493 0 0.874358 0.037134
-0.995999 0.042664 3.170163 0.0164010743 -0.999865493 0 0.87435 0.037234
-0.988814 0.042848 3.172434 0.0475033802 -0.998871077 0 0.874499 0.037108
-0.988814 0.042848 3.17011 0.0475033802 -0.998871077 0 0.874495 0.037234
-0.995999 0.042664 3.17456 0.0164010743 -0.999865493 0 0.874358 0.037134
-0.988814 0.042848 3.174508 0.0475033802 -0.998871077 0 0.874499 0.037108
-0.995999 0.042664 3.167843 0.0164010743 -0.999865493 0 0.87435 0.037234
-0.988814 0.042848 3.16779 0.0475033802 -0.998871077 0 0.874495 0.037234
-1.00451 0.042631 3.177277 -0.000199997571 -0.997287888 0.0735991061 0.874358 0.037134
-1.012983 0.042664 3.176132 -0.0178005962 -0.999733482 0.0147004923 0.874285 0.037148
-1.004526 0.042602 3.17615 -0.000100001549 -0.999915489 0.0130002014 0.874358 0.037134
-1.012692 0.042691 3.17725 -0.0196010559 -0.995953653 0.0877047248 0.874285 0.037148
-1.019953 0.042848 3.17608 -0.0547016898 -0.998230836 0.0233007198 0.87423 0.037177
-1.019439 0.04287 3.177189 -0.0576009902 -0.988116986 0.14250245 0.87423 0.037177
-1.011819 0.042773 3.177958 -0.02010084 -0.959640104 0.280511723 0.874285 0.037148
-1.004459 0.042718 3.178013 -0.000500017053 -0.967332991 0.253508646 0.874358 0.037134
-1.011174 0.042936 3.178359 -0.0170000145 -0.786700669 0.617100525 0.874285 0.037148
-1.004358 0.042892 3.178444 -0.00130001928 -0.787111673 0.616809147 0.874358 0.037134
-1.017897 0.042936 3.177872 -0.0490989871 -0.919381033 0.390291948 0.87423 0.037177
-1.015815 0.043024 3.178187 -0.0368013411 -0.789828782 0.61222231 0.874285 0.037148
-0.997036 0.042773 3.177958 0.0192009075 -0.962045467 0.272212865 0.874429 0.037032
-0.996258 0.042691 3.17725 0.0189996724 -0.996182826 0.0851985312 0.874429 0.037032
-0.990768 0.042936 3.177872 0.0465019396 -0.928338722 0.368815384 0.87449 0.036995
-0.989303 0.04287 3.177189 0.0534012493 -0.989823157 0.131903086 0.87449 0.036995
-0.997492 0.042936 3.178359 0.0162008867 -0.790743279 0.611933492 0.874429 0.037032
-0.992748 0.043024 3.178187 0.0355996792 -0.804492752 0.592894658 0.87449 0.036995
-0.995999 0.042664 3.176132 0.0172008318 -0.999748344 0.0144006964 0.874358 0.037134
-0.988814 0.042848 3.17608 0.0506990038 -0.99848038 0.0215995756 0.87449 0.036995
-0.960311 0.212196 3.128822 -0.35522088 0.143808453 0.923654294 0.88542 0.03879
-0.955879 0.207378 3.130943 -0.114905013 0.28121227 0.952741569 0.879501 0.039061
-0.955962 0.212555 3.129482 -0.100205323 0.24531303 0.964251218 0.882421 0.038833
-0.959892 0.20718 3.130242 -0.401004644 0.264003057 0.877210158 0.88206 0.039011
-0.957418 0.200421 3.132915 -0.131104493 0.298910244 0.945232394 0.877527 0.03904
-0.960977 0.200222 3.132215 -0.441393968 0.321895601 0.837588555 0.879488 0.038959
-0.961229 0.206889 3.129216 -0.895521381 0.137603285 0.423210104 0.883001 0.038763
-0.961761 0.211852 3.127809 -0.830046961 -0.165309353 0.532630134 0.886457 0.038593
-0.961229 0.206485 3.12779 -0.999916989 0.0124002107 -0.00350005947 0.883105 0.038303
-0.961761 0.211448 3.126383 -0.942807948 -0.320702704 0.0909007663 0.886498 0.038184
-0.962163 0.199931 3.131189 -0.899855806 0.2612162 0.349321664 0.880264 0.038699
-0.962163 0.199527 3.129763 -0.986124954 0.159704041 -0.0453011464 0.880411 0.038256
-0.964112 0.215326 3.126824 -0.602582631 -0.549984147 0.578283331 0.89087 0.038226
-0.962665 0.215831 3.127796 -0.301712562 -0.047001957 0.952239647 0.889871 0.038384
-0.964112 0.214922 3.125398 -0.686484451 -0.699584155 0.198295509 0.890848 0.037916
-0.958323 0.216669 3.128336 -0.0885008098 0.190401742 0.977708946 0.886833 0.038545
-0.961761 0.210304 3.122348 -0.942807948 -0.320702704 0.0909007663 0.886494 0.036688
-0.961229 0.205946 3.125891 -0.999916989 0.0124002107 -0.00350005947 0.883154 0.037613
-0.961761 0.210909 3.124484 -0.942807948 -0.320702704 0.0909007663 0.886509 0.037503
-0.961229 0.205341 3.123755 -0.999916989 0.0124002107 -0.00350005947 0.883152 0.03681
-0.962163 0.198988 3.127864 -0.986124954 0.159704041 -0.0453011464 0.880488 0.037627
-0.962163 0.198383 3.125728 -0.986124954 0.159704041 -0.0453011464 0.880496 0.036907
-0.961229 0.204735 3.12162 -0.999916989 0.0124002107 -0.00350005947 0.883102 0.036009
-0.961761 0.209698 3.120213 -0.942807948 -0.320702704 0.0909007663 0.886458 0.035874
-0.961229 0.204197 3.119721 -0.999916989 0.0124002107 -0.00350005947 0.883009 0.035325
-0.961761 0.20916 3.118314 -0.942807948 -0.320702704 0.0909007663 0.886406 0.035196
-0.962163 0.197777 3.123593 -0.986124954 0.159704041 -0.0453011464 0.88044 0.036189
-0.962163 0.197239 3.121694 -0.986124954 0.159704041 -0.0453011464 0.880322 0.035568
-0.964112 0.213173 3.119228 -0.686484451 -0.699584155 0.198295509 0.890777 0.03576
-0.964112 0.213778 3.121363 -0.686484451 -0.699584155 0.198295509 0.890796 0.03653
-0.964112 0.212634 3.117328 -0.686431573 -0.69963218 0.198309121 0.89077 0.035143
-0.964112 0.214384 3.123499 -0.686431573 -0.69963218 0.198309121 0.890822 0.0373
-0.960311 0.208523 3.115843 -0.354397276 -0.361497222 -0.862393373 0.885298 0.034666
-0.961229 0.203792 3.118295 -0.895499328 -0.104999921 -0.432499676 0.882878 0.034873
-0.961761 0.208756 3.116888 -0.829732613 -0.419916505 -0.367714453 0.886344 0.034791
-0.959892 0.203501 3.117268 -0.400996523 -0.235497958 -0.885292325 0.881922 0.034695
-0.962163 0.196835 3.120267 -0.899880036 0.0389991348 -0.434390363 0.880147 0.035137
-0.960977 0.196544 3.119241 -0.441398912 -0.165599592 -0.881897826 0.879355 0.034934
-0.955879 0.203303 3.116568 -0.114898372 -0.260596309 -0.958586422 0.87936 0.034829
-0.955962 0.208498 3.115089 -0.0999023472 -0.296406964 -0.949822316 0.882296 0.034826
-0.957418 0.196345 3.118541 -0.131106814 -0.241712562 -0.961449968 0.877389 0.034995
-0.958323 0.212666 3.11389 -0.0874028634 -0.347411381 -0.933630586 0.886735 0.034738
-0.962665 0.21217 3.114805 -0.298606525 -0.534711684 -0.790517273 0.889778 0.03473
-0.964112 0.21223 3.115902 -0.602112482 -0.770215967 -0.21030436 0.89078 0.034833
-0.865036 0.208446 3.115865 0.226594901 -0.8131817 -0.536087935 0.817706 0.039596
-0.880973 0.203303 3.116568 0.113105967 -0.443223383 -0.889246913 0.833813 0.038823
-0.869374 0.208434 3.115107 0.0942003801 -0.490201978 -0.866503496 0.820862 0.039902
-0.87696 0.203501 3.117268 0.308312835 -0.734830592 -0.60412515 0.831293 0.038545
-0.890986 0.196345 3.118541 0.128204651 -0.400614535 -0.907232915 0.843871 0.038233
-0.887427 0.196543 3.119241 0.37550337 -0.636805715 -0.673406044 0.841994 0.038029
-0.875622 0.203792 3.118295 0.443413076 -0.896126427 -0.0185005456 0.830393 0.038193
-0.863591 0.208675 3.11691 0.289713423 -0.956544318 0.033001529 0.816604 0.039086
-0.875622 0.204197 3.119721 0.478225944 -0.84494584 0.239512994 0.830326 0.038014
-0.863591 0.209079 3.118336 0.314310908 -0.913331698 0.258908986 0.816552 0.038722
-0.88624 0.196835 3.120267 0.601499765 -0.793299691 -0.0941999633 0.8413 0.03777
-0.88624 0.197239 3.121693 0.645114006 -0.735115959 0.208404525 0.841223 0.03766
-0.849888 0.211906 3.115994 0.170005708 -0.984733063 0.0374012558 0.799291 0.040471
-0.85132 0.211864 3.114892 0.141702422 -0.844414435 -0.516608832 0.800549 0.041152
-0.834254 0.213911 3.115426 0.0928963237 -0.995460605 0.0206991808 0.77781 0.042369
-0.835461 0.214078 3.114262 0.0761045097 -0.84024979 -0.536831811 0.778996 0.043287
-0.849888 0.21231 3.11742 0.185305443 -0.945427772 0.268007873 0.799253 0.039814
-0.834254 0.214315 3.116852 0.101104065 -0.957138487 0.271410914 0.777777 0.041319
-0.855616 0.212413 3.113962 0.0655989829 -0.506592145 -0.859686671 0.804206 0.041305
-0.83908 0.215253 3.11315 0.0362018145 -0.501425132 -0.864443327 0.782452 0.043276
-0.863591 0.210223 3.122371 0.314310908 -0.913331698 0.258908986 0.816576 0.039233
-0.875622 0.204735 3.12162 0.4781084 -0.845014847 0.239504208 0.830308 0.038256
-0.863591 0.209617 3.120235 0.314310908 -0.913331698 0.258908986 0.816546 0.038854
-0.875622 0.205341 3.123755 0.4781084 -0.845014847 0.239504208 0.83033 0.038708
-0.88624 0.197777 3.123593 0.645114006 -0.735115959 0.208404525 0.841193 0.037901
-0.88624 0.198383 3.125728 0.645114006 -0.735115959 0.208404525 0.841205 0.038317
-0.875622 0.205946 3.125891 0.478096947 -0.844994605 0.23959847 0.830383 0.039159
-0.863591 0.210828 3.124507 0.314310908 -0.913331698 0.258908986 0.81663 0.03961
-0.875622 0.206485 3.12779 0.478096947 -0.844994605 0.23959847 0.83046 0.039397
-0.863591 0.211367 3.126406 0.314310908 -0.913331698 0.258908986 0.816698 0.039737
-0.88624 0.198988 3.127864 0.645114006 -0.735115959 0.208404525 0.841251 0.038731
-0.88624 0.199527 3.129763 0.645114006 -0.735115959 0.208404525 0.841325 0.038969
-0.849888 0.21406 3.12359 0.185305443 -0.945427772 0.268007873 0.799332 0.040143
-0.849888 0.213454 3.121455 0.185305443 -0.945427772 0.268007873 0.799286 0.039939
-0.834254 0.216064 3.123022 0.101104065 -0.957138487 0.271410914 0.777832 0.040818
-0.834254 0.215459 3.120887 0.101104065 -0.957138487 0.271410914 0.777803 0.040876
-0.849888 0.214598 3.125489 0.185305443 -0.945427772 0.268007873 0.799381 0.040056
-0.834254 0.216603 3.124921 0.101104065 -0.957138487 0.271410914 0.777849 0.040423
-0.849888 0.212849 3.119319 0.185305443 -0.945427772 0.268007873 0.799255 0.039733
-0.834254 0.214853 3.118751 0.101104065 -0.957138487 0.271410914 0.777803 0.040876
-0.865036 0.21212 3.128844 0.227395609 -0.418091927 0.879483017 0.81787 0.038764
-0.875622 0.206889 3.129216 0.443404662 -0.753507923 0.485405104 0.830551 0.039212
-0.863591 0.211771 3.127832 0.289614972 -0.833843107 0.469924293 0.816771 0.039365
-0.87696 0.20718 3.130242 0.30850852 -0.30960855 0.899424838 0.831453 0.038793
-0.88624 0.199931 3.131189 0.601488136 -0.625787656 0.496590205 0.84142 0.038853
-0.887427 0.200222 3.132215 0.375510332 -0.18860519 0.907424968 0.842114 0.038545
-0.880973 0.207378 3.130943 0.113199556 0.0887996519 0.989596121 0.833961 0.038334
-0.869374 0.212492 3.1295 0.0948040155 0.0332014063 0.994942142 0.82102 0.038202
-0.890986 0.200421 3.132915 0.128297038 0.135196878 0.982477315 0.843983 0.038207
-0.855616 0.216417 3.128407 0.0671012595 0.0074001389 0.997718727 0.804343 0.038049
-0.85132 0.215525 3.127883 0.143102768 -0.464908994 0.873716902 0.800667 0.038576
-0.83908 0.219185 3.127633 0.0378024729 0.00630041215 0.999265369 0.782484 0.037846
-0.835461 0.21772 3.127264 0.0775012303 -0.460607312 0.884214037 0.77899 0.038283
-0.849888 0.215002 3.126916 0.169998351 -0.863191627 0.475395389 0.79942 0.03939
-0.834254 0.217007 3.126347 0.0929036228 -0.866633795 0.490219116 0.77784 0.03936
-0.966225 0.179431 3.13811 -0.498221713 0.366815986 0.785634239 0.875777 0.037939
-0.967338 0.167046 3.142378 -0.168705721 0.320710875 0.932031606 0.873898 0.03712
-0.963276 0.179629 3.13881 -0.157705152 0.313710248 0.936330586 0.874748 0.037878
-0.970088 0.166848 3.141678 -0.517904203 0.384003116 0.764406203 0.874589 0.037287
-0.971982 0.153838 3.146123 -0.178298793 0.328297777 0.92759372 0.873377 0.0365
-0.974579 0.15364 3.145422 -0.53332583 0.401719456 0.744436054 0.873811 0.03675
-0.971005 0.166557 3.140651 -0.899360363 0.35922411 0.249216727 0.874887 0.037354
-0.967208 0.17914 3.137084 -0.900973437 0.335327332 0.275322441 0.876221 0.037874
-0.971005 0.166152 3.139225 -0.956039959 0.282111791 -0.0800033438 0.87497 0.037335
-0.967208 0.178736 3.135658 -0.964854144 0.252814187 -0.0717040238 0.876344 0.037691
-0.975444 0.153349 3.144396 -0.895646673 0.383119965 0.225911773 0.873992 0.036924
-0.975444 0.152944 3.14297 -0.946521576 0.310407076 -0.088002006 0.874037 0.037038
-0.964208 0.190473 3.13387 -0.90092938 0.306609999 0.307110015 0.878008 0.038362
-0.963138 0.190764 3.134897 -0.472920731 0.347615238 0.809635491 0.877402 0.038549
-0.964208 0.190069 3.132444 -0.974305193 0.216701155 -0.0614003273 0.878157 0.038025
-0.959927 0.190963 3.135597 -0.145097433 0.306694573 0.940683355 0.87595 0.038581
-0.967208 0.177592 3.131623 -0.964854144 0.252814187 -0.0717040238 0.876426 0.037061
-0.971005 0.165614 3.137326 -0.956039959 0.282111791 -0.0800033438 0.875018 0.037243
-0.967208 0.178197 3.133758 -0.964854144 0.252814187 -0.0717040238 0.876411 0.037402
-0.971005 0.165008 3.13519 -0.956039959 0.282111791 -0.0800033438 0.87503 0.037115
-0.975444 0.152406 3.141071 -0.946521576 0.310407076 -0.088002006 0.874064 0.037106
-0.975444 0.1518 3.138935 -0.946521576 0.310407076 -0.088002006 0.874075 0.037153
-0.971005 0.164403 3.133055 -0.956039959 0.282111791 -0.0800033438 0.875009 0.036989
-0.967208 0.176986 3.129487 -0.964854144 0.252814187 -0.0717040238 0.876388 0.036722
-0.971005 0.163865 3.131156 -0.956039959 0.282111791 -0.0800033438 0.874956 0.036901
-0.967208 0.176448 3.127588 -0.964854144 0.252814187 -0.0717040238 0.876302 0.036439
-0.975444 0.151195 3.1368 -0.946521576 0.310407076 -0.088002006 0.874075 0.037153
-0.975444 0.150656 3.134901 -0.946521576 0.310407076 -0.088002006 0.874047 0.03727
-0.964208 0.188319 3.126274 -0.974305193 0.216701155 -0.0614003273 0.8782 0.036441
-0.964208 0.188925 3.12841 -0.974305193 0.216701155 -0.0614003273 0.878251 0.036991
-0.964208 0.187781 3.124375 -0.974305193 0.216701155 -0.0614003273 0.878089 0.035967
-0.964208 0.18953 3.130545 -0.974305193 0.216701155 -0.0614003273 0.878237 0.037544
-0.966225 0.175752 3.125136 -0.49822773 -0.100105572 -0.861247934 0.875721 0.036232
-0.971005 0.16346 3.12973 -0.89934902 0.174909534 -0.400721842 0.874873 0.036888
-0.967208 0.176043 3.126162 -0.900944246 0.14090692 -0.410420156 0.876168 0.036266
-0.970088 0.163169 3.128703 -0.517903693 -0.0743005298 -0.852206076 0.874581 0.036976
-0.975444 0.150252 3.133475 -0.895617608 0.207604082 -0.393407734 0.87401 0.037387
-0.974579 0.149961 3.132448 -0.533310445 -0.0487009538 -0.84451654 0.873842 0.037574
-0.967338 0.162971 3.128003 -0.168710402 -0.216213331 -0.961659293 0.873902 0.037193
-0.963276 0.175554 3.124435 -0.157707948 -0.224411309 -0.961648464 0.874696 0.036368
-0.971982 0.149762 3.131748 -0.178294895 -0.207394062 -0.961872462 0.873427 0.037855
-0.959927 0.186887 3.121222 -0.145098283 -0.232597248 -0.961688623 0.875846 0.035572
-0.963138 0.187086 3.121922 -0.47302785 -0.129007596 -0.871551314 0.8773 0.035499
-0.964208 0.187377 3.122949 -0.900993747 0.0997993074 -0.42219707 0.877918 0.035642
-0.984974 0.127169 3.152934 -0.555913651 0.436810726 0.707217366 0.873314 0.036426
-0.988574 0.113985 3.157449 -0.202398425 0.353197252 0.913392894 0.873326 0.036282
-0.982618 0.127365 3.153635 -0.195310636 0.345018789 0.918049994 0.873174 0.036165
-0.990844 0.113798 3.156743 -0.562541886 0.452033657 0.692251544 0.873377 0.0365
-0.994932 0.100433 3.161331 -0.207998634 0.360697632 0.909194031 0.873538 0.036477
-0.997138 0.100266 3.160616 -0.565311651 0.465009584 0.681314042 0.87357 0.036646
-0.991601 0.113526 3.155709 -0.877022272 0.447011352 0.176104472 0.873427 0.036688
-0.985759 0.126883 3.151905 -0.884225979 0.427812569 0.187405506 0.873369 0.036643
-0.991601 0.113147 3.154274 -0.917102655 0.385801117 -0.100400291 0.873435 0.036854
-0.985759 0.126485 3.150477 -0.926469367 0.362788005 -0.100196687 0.873381 0.036832
-0.997874 0.10002 3.159571 -0.868602971 0.464401588 0.172800591 0.873586 0.036787
-0.997874 0.099679 3.158122 -0.908407935 0.407403559 -0.0939008202 0.873594 0.036914
-0.980368 0.14014 3.148141 -0.890383168 0.406592313 0.20469613 0.873522 0.036704
-0.979546 0.140431 3.149167 -0.545914243 0.419910956 0.725018916 0.873377 0.0365
-0.980368 0.139736 3.146715 -0.936370877 0.337825571 -0.0953072141 0.873545 0.036882
-0.977082 0.14063 3.149868 -0.187209057 0.336616286 0.922844648 0.873174 0.036165
-0.985759 0.125359 3.146437 -0.926124853 0.363609758 -0.100402694 0.873397 0.037178
-0.991601 0.112642 3.152364 -0.916727988 0.386611803 -0.100703075 0.87339 0.037008
-0.985759 0.125955 3.148575 -0.926297212 0.363198907 -0.100299698 0.87339 0.037008
-0.991601 0.112074 3.150216 -0.916229902 0.387712653 -0.101003296 0.873397 0.037178
-0.997874 0.099225 3.156196 -0.907631713 0.409014291 -0.0944032985 0.8736 0.037042
-0.997874 0.098714 3.154031 -0.9067228 0.410910332 -0.0949023864 0.873605 0.03717
-0.991601 0.111507 3.148069 -0.915791405 0.388696352 -0.10119905 0.873453 0.037336
-0.985759 0.124763 3.144298 -0.925918579 0.364107306 -0.100502017 0.873403 0.037348
-0.991601 0.111002 3.14616 -0.915362018 0.389626398 -0.101506877 0.873458 0.037498
-0.985759 0.124232 3.142396 -0.925736461 0.364514357 -0.100703966 0.873407 0.037524
-0.997874 0.098203 3.151867 -0.905855703 0.412725379 -0.0953058605 0.873609 0.037299
-0.997874 0.097749 3.149942 -0.905011489 0.414505262 -0.0956012137 0.873612 0.037427
-0.980368 0.137987 3.140545 -0.936223013 0.338208313 -0.095402345 0.873609 0.037299
-0.980368 0.138592 3.14268 -0.936254674 0.338119745 -0.0954055714 0.873605 0.03717
-0.980368 0.137448 3.138646 -0.936182409 0.338293644 -0.0954982056 0.873567 0.037463
-0.980368 0.139198 3.144816 -0.936298666 0.337999518 -0.0953998641 0.8736 0.037042
-0.984974 0.123548 3.139941 -0.556820436 0.0020000734 -0.830630485 0.873427 0.037855
-0.991601 0.110623 3.144726 -0.878990045 0.298196623 -0.372095786 0.873463 0.037665
-0.985759 0.123835 3.140969 -0.884622169 0.269406751 -0.380609538 0.873409 0.037714
-0.990844 0.11035 3.143693 -0.56622693 0.0260012366 -0.823839183 0.873427 0.037855
-0.997874 0.097407 3.148495 -0.873971627 0.326689394 -0.35978832 0.873614 0.037555
-0.997138 0.097162 3.147454 -0.574800678 0.0494000583 -0.816800964 0.873608 0.037698
-0.988575 0.110164 3.142988 -0.202698572 -0.179798733 -0.962593219 0.873392 0.038079
-0.982619 0.123353 3.139239 -0.195399745 -0.188699754 -0.962398744 0.873249 0.038207
-0.994932 0.096994 3.146742 -0.209206915 -0.171405666 -0.962731824 0.873588 0.037871
-0.977082 0.136554 3.135493 -0.187210835 -0.19801146 -0.962155686 0.873249 0.038207
-0.979547 0.136753 3.136193 -0.54603299 -0.0229013836 -0.837450596 0.87347 0.037868
-0.980368 0.137044 3.137219 -0.890378471 0.239394212 -0.387190638 0.873614 0.037555
-0.905286 0.175752 3.125136 0.467426569 -0.522029673 -0.713440553 0.857095 0.038463
-0.915992 0.162971 3.128003 0.168902279 -0.359804856 -0.917612383 0.862777 0.039336
-0.908235 0.175554 3.124435 0.156998851 -0.364197334 -0.91799328 0.858054 0.03875
-0.913241 0.163169 3.128703 0.495601502 -0.500701517 -0.70970215 0.862124 0.038966
-0.923519 0.149762 3.131748 0.179498856 -0.362097692 -0.914694169 0.866319 0.039792
-0.920922 0.149961 3.132448 0.515512427 -0.497711997 -0.697516814 0.865892 0.03936
-0.912324 0.16346 3.12973 0.817206468 -0.549704351 -0.173201371 0.861859 0.038491
-0.904303 0.176043 3.126162 0.783815034 -0.597611462 -0.168803238 0.856717 0.038095
-0.912324 0.163865 3.131156 0.862044396 -0.487625113 0.138207118 0.861799 0.038049
-0.904303 0.176448 3.127588 0.830755671 -0.535535887 0.151810173 0.856647 0.0378
-0.920057 0.150252 3.133475 0.830186792 -0.532291531 -0.165697364 0.865712 0.038805
-0.920057 0.150656 3.134901 0.871312499 -0.472106772 0.133901921 0.865664 0.038252
-0.895705 0.187377 3.122949 0.71903162 -0.67922987 -0.147106469 0.849969 0.037796
-0.896775 0.187085 3.121922 0.428711054 -0.564314551 -0.705518192 0.850489 0.038076
-0.895705 0.187781 3.124375 0.765845661 -0.618636884 0.175410458 0.849892 0.03763
-0.899986 0.186887 3.121222 0.143402013 -0.376105279 -0.915412848 0.851852 0.038296
-0.904303 0.177592 3.131623 0.830755671 -0.535535887 0.151810173 0.856647 0.0378
-0.912324 0.164403 3.133055 0.862044396 -0.487625113 0.138207118 0.861765 0.037778
-0.904303 0.176986 3.129487 0.830755671 -0.535535887 0.151810173 0.856611 0.03773
-0.912324 0.165008 3.13519 0.862044396 -0.487625113 0.138207118 0.861753 0.037594
-0.920057 0.151195 3.1368 0.871271362 -0.47218448 0.133895599 0.865632 0.037825
-0.920057 0.1518 3.138935 0.871271362 -0.47218448 0.133895599 0.865615 0.037462
-0.912324 0.165614 3.137326 0.862044396 -0.487625113 0.138207118 0.861759 0.037408
-0.904303 0.178197 3.133758 0.830755671 -0.535535887 0.151810173 0.856647 0.0378
-0.912324 0.166152 3.139225 0.862044396 -0.487625113 0.138207118 0.861781 0.037137
-0.904303 0.178736 3.135658 0.830786654 -0.535491397 0.151797561 0.856667 0.037741
-0.920057 0.152406 3.141071 0.871271362 -0.47218448 0.133895599 0.865611 0.037098
-0.920057 0.152944 3.14297 0.871283023 -0.472190799 0.133797393 0.865616 0.03667
-0.895705 0.18953 3.130545 0.765845661 -0.618636884 0.175410458 0.849894 0.038268
-0.895705 0.188925 3.12841 0.765845661 -0.618636884 0.175410458 0.849859 0.038009
-0.895705 0.190069 3.132444 0.765845661 -0.618636884 0.175410458 0.849955 0.038384
-0.895705 0.188319 3.126274 0.765845661 -0.618636884 0.175410458 0.849857 0.037748
-0.905286 0.179431 3.13811 0.467391012 -0.0698986559 0.881283053 0.857087 0.037049
-0.912324 0.166557 3.140651 0.817218939 -0.377008737 0.435910102 0.861816 0.036692
-0.904303 0.17914 3.137084 0.783819698 -0.420110558 0.457311492 0.856727 0.037442
-0.913241 0.166848 3.141678 0.495595376 -0.053699499 0.866891912 0.862053 0.0362
-0.920057 0.153349 3.144396 0.830201075 -0.366100474 0.420400544 0.865629 0.036115
-0.920922 0.15364 3.145422 0.515599067 -0.0574998959 0.854898453 0.865774 0.035549
-0.915992 0.167046 3.142378 0.168903099 0.175303216 0.969917793 0.862681 0.035785
-0.908234 0.179629 3.13881 0.157006242 0.17180683 0.972538664 0.858029 0.036695
-0.923519 0.153838 3.146123 0.17950705 0.171806748 0.968638044 0.866172 0.035088
-0.899986 0.190963 3.135597 0.143399483 0.160299422 0.976596479 0.851901 0.037581
-0.896775 0.190764 3.134897 0.428628108 -0.110007214 0.896758807 0.850549 0.037897
-0.895705 0.190473 3.13387 0.719002499 -0.500901741 0.481801674 0.850037 0.038212
-0.936289 0.123548 3.139941 0.540342035 -0.504739265 -0.673252374 0.870749 0.039246
-0.946209 0.110164 3.142988 0.202513776 -0.373725424 -0.905161576 0.872252 0.039253
-0.938645 0.123353 3.139239 0.196106493 -0.370412265 -0.907930062 0.870909 0.03964
-0.943939 0.11035 3.143693 0.548398804 -0.506198896 -0.665598549 0.872159 0.038925
-0.953749 0.096994 3.146742 0.207213751 -0.376224967 -0.903059929 0.873157 0.038807
-0.951543 0.097162 3.147454 0.552490401 -0.506091207 -0.662288493 0.873105 0.038552
-0.943183 0.110623 3.144726 0.837917236 -0.526210824 -0.144902981 0.872103 0.038496
-0.935504 0.123835 3.140969 0.836162974 -0.528439798 -0.146911064 0.870668 0.038736
-0.943183 0.111002 3.14616 0.874108055 -0.470004331 0.12260113 0.87207 0.038041
-0.935504 0.124232 3.142396 0.872595894 -0.470797785 0.130099388 0.870631 0.038201
-0.950807 0.097407 3.148495 0.838311259 -0.524007037 -0.150502021 0.873065 0.038215
-0.950807 0.097749 3.149942 0.876042169 -0.469822615 0.108705233 0.873035 0.037854
-0.92779 0.137044 3.137219 0.833415764 -0.530610037 -0.154502922 0.868593 0.038863
-0.928611 0.136753 3.136193 0.529203831 -0.501803633 -0.684204954 0.868713 0.039423
-0.92779 0.137448 3.138646 0.871630643 -0.471716583 0.133204683 0.868551 0.038287
-0.931076 0.136554 3.135493 0.18829392 -0.366488166 -0.911170579 0.868981 0.039856
-0.935504 0.125359 3.146437 0.873118484 -0.469909948 0.129802748 0.870585 0.037292
-0.943183 0.111507 3.148069 0.874691962 -0.46899569 0.122298876 0.872045 0.037631
-0.935504 0.124762 3.144298 0.872819202 -0.470410349 0.13000286 0.870604 0.03773
-0.943183 0.112074 3.150216 0.875315537 -0.467908305 0.122002166 0.872028 0.037244
-0.950807 0.098203 3.151867 0.877051796 -0.46802764 0.108306396 0.873014 0.037525
-0.950807 0.098714 3.154031 0.878162343 -0.466033085 0.107907661 0.872999 0.037211
-0.943183 0.112642 3.152364 0.875937692 -0.466820088 0.121705237 0.872018 0.036856
-0.935504 0.125955 3.148575 0.87340611 -0.469403283 0.129700907 0.870574 0.036854
-0.943183 0.113147 3.154274 0.876517596 -0.465809351 0.121402437 0.872014 0.036445
-0.935504 0.126485 3.150477 0.873693421 -0.468896469 0.129599024 0.870624 0.03643
-0.950807 0.099225 3.156196 0.879236836 -0.464119445 0.1074045 0.872992 0.036897
-0.950807 0.099679 3.158122 0.880253006 -0.46232784 0.106806432 0.872991 0.036567
-0.92779 0.139198 3.144816 0.871813596 -0.471407352 0.133102076 0.868493 0.036924
-0.92779 0.138592 3.14268 0.871748492 -0.471526229 0.133107404 0.868503 0.037363
-0.92779 0.139736 3.146715 0.871890278 -0.471294745 0.132998517 0.86849 0.036438
-0.92779 0.137987 3.140545 0.871695777 -0.471597715 0.133199355 0.868522 0.037802
-0.936289 0.127169 3.152934 0.5431216 -0.074602967 0.836333262 0.870614 0.03533
-0.943183 0.113526 3.155709 0.845306839 -0.372203011 0.383303101 0.872015 0.035988
-0.935504 0.126883 3.151905 0.838875291 -0.37208904 0.397288298 0.870568 0.035846
-0.943939 0.113798 3.156743 0.556525117 -0.0793035791 0.827037325 0.872041 0.035556
-0.950807 0.10002 3.159571 0.853356114 -0.371424424 0.365824056 0.872995 0.036204
-0.951543 0.100266 3.160616 0.570429663 -0.0820042643 0.817242498 0.873011 0.035865
-0.946209 0.113985 3.157449 0.204209641 0.161307616 0.965545584 0.872111 0.03522
-0.938645 0.127364 3.153635 0.196597966 0.163298311 0.966789999 0.870747 0.034925
-0.953749 0.100433 3.161331 0.211201789 0.160901363 0.964108166 0.873045 0.035605
-0.931076 0.14063 3.149868 0.188307912 0.166807009 0.967840665 0.868814 0.034841
-0.928611 0.140431 3.149167 0.52962935 -0.0674037353 0.845546857 0.868576 0.035293
-0.927789 0.14014 3.148141 0.833982945 -0.370292428 0.409091634 0.868493 0.03586
-0.795959 0.258798 3.115324 0 0.999805934 0.0197001169 0.713642 0.05062
-0.821006 0.258805 3.114275 0 0.999993155 0.00369997467 0.75281 0.044955
-0.821006 0.258798 3.115324 0 0.999805934 0.0197001169 0.753022 0.048003
-0.795959 0.258805 3.114275 0 0.999993155 0.00369997467 0.713475 0.047265
-0.821006 0.258805 3.112821 0 1 0 0.752637 0.042498
-0.795959 0.258805 3.112821 0 1 0 0.713343 0.044581
-0.767801 0.258805 3.114275 0 0.999993155 0.00369997467 0.658387 0.050844
-0.767801 0.258798 3.115324 0 0.999805934 0.0197001169 0.658439 0.054533
-0.733782 0.258805 3.114275 0 0.999993155 0.00369997467 0.580052 0.056234
-0.733782 0.258798 3.115324 0 0.999805934 0.0197001169 0.579899 0.060278
-0.767801 0.258805 3.112821 0 1 0 0.658365 0.047908
-0.733782 0.258805 3.112821 0 1 0 0.580223 0.053024
-0.767801 0.258774 3.116045 0 0.997878835 0.0650986193 0.658513 0.05882
-0.795959 0.258774 3.116045 0 0.997878835 0.0650986193 0.713838 0.054507
-0.767801 0.258728 3.116515 0 0.984480065 0.175496446 0.658606 0.06355
-0.795959 0.258728 3.116515 0 0.984480065 0.175496446 0.714058 0.058788
-0.733782 0.258774 3.116045 0 0.997878835 0.0650986193 0.579762 0.064983
-0.733782 0.258728 3.116515 0 0.984480065 0.175496446 0.579638 0.070179
-0.821006 0.258774 3.116045 0 0.997878835 0.0650986193 0.753265 0.05152
-0.821006 0.258728 3.116515 0 0.984480065 0.175496446 0.753533 0.055385
-0.642072 0.258798 3.115324 0 0.999805934 0.0197001169 0.357442 0.076819
-0.691155 0.258805 3.114275 0 0.999993155 0.00369997467 0.470971 0.063978
-0.691155 0.258798 3.115324 0 0.999805934 0.0197001169 0.47051 0.06839
-0.642072 0.258805 3.114275 0 0.999993155 0.00369997467 0.358231 0.072077
-0.691155 0.258805 3.112821 0 1 0 0.471439 0.060471
-0.642072 0.258805 3.112821 0 1 0 0.359017 0.068299
-0.588684 0.258805 3.114275 0 0.999993155 0.00369997467 0.268918 0.078534
-0.588684 0.258798 3.115324 0 0.999805934 0.0197001169 0.267866 0.083516
-0.533144 0.258805 3.114275 0 0.999993155 0.00369997467 0.230118 0.081352
-0.533144 0.258798 3.115324 0 0.999805934 0.0197001169 0.22895 0.086432
-0.588684 0.258805 3.112821 0 1 0 0.269961 0.074556
-0.533144 0.258805 3.112821 0 1 0 0.231274 0.077292
-0.588684 0.258774 3.116045 0 0.997878835 0.0650986193 0.266809 0.089296
-0.642072 0.258774 3.116045 0 0.997878835 0.0650986193 0.356655 0.082327
-0.588684 0.258728 3.116515 0 0.984480065 0.175496446 0.265752 0.095666
-0.642072 0.258728 3.116515 0 0.984480065 0.175496446 0.35587 0.088403
-0.533144 0.258774 3.116045 0 0.997878835 0.0650986193 0.227775 0.09232
-0.533144 0.258728 3.116515 0 0.984480065 0.175496446 0.226599 0.098808
-0.691155 0.258774 3.116045 0 0.997878835 0.0650986193 0.470057 0.073521
-0.691155 0.258728 3.116515 0 0.984480065 0.175496446 0.469613 0.079186
-0.795959 0.258805 3.108707 0 1 0 0.713188 0.041233
-0.821006 0.258805 3.106529 0 1 0 0.752331 0.037972
-0.821006 0.258805 3.108707 0 1 0 0.752415 0.039362
-0.795959 0.258805 3.106529 0 1 0 0.713121 0.039762
-0.821006 0.258805 3.104593 0 1 0 0.752244 0.036226
-0.795959 0.258805 3.104593 0 1 0 0.713035 0.037888
-0.767801 0.258805 3.106529 0 1 0 0.658395 0.042736
-0.767801 0.258805 3.108707 0 1 0 0.658394 0.044308
-0.733782 0.258805 3.106529 0 1 0 0.580743 0.047416
-0.733782 0.258805 3.108707 0 1 0 0.580598 0.049117
-0.767801 0.258805 3.104593 0 1 0 0.658354 0.040713
-0.733782 0.258805 3.104593 0 1 0 0.580818 0.045214
-0.767801 0.258805 3.110884 0 1 0 0.658376 0.045881
-0.795959 0.258805 3.110884 0 1 0 0.713255 0.042704
-0.733782 0.258805 3.110884 0 1 0 0.580415 0.050819
-0.821006 0.258805 3.110884 0 1 0 0.752511 0.040752
-0.642072 0.258805 3.108707 0 1 0 0.360538 0.06365
-0.691155 0.258805 3.106529 0 1 0 0.472753 0.05432
-0.691155 0.258805 3.108707 0 1 0 0.472364 0.056189
-0.642072 0.258805 3.106529 0 1 0 0.361197 0.061613
-0.691155 0.258805 3.104593 0 1 0 0.473046 0.051905
-0.642072 0.258805 3.104593 0 1 0 0.361738 0.058991
-0.588684 0.258805 3.106529 0 1 0 0.272846 0.067458
-0.588684 0.258805 3.108707 0 1 0 0.271965 0.069626
-0.533144 0.258805 3.106529 0 1 0 0.234472 0.070018
-0.533144 0.258805 3.108707 0 1 0 0.233492 0.072243
-0.588684 0.258805 3.104593 0 1 0 0.273593 0.064678
-0.533144 0.258805 3.104593 0 1 0 0.235312 0.067171
-0.588684 0.258805 3.110884 0 1 0 0.27099 0.071789
-0.642072 0.258805 3.110884 0 1 0 0.359799 0.065684
-0.533144 0.258805 3.110884 0 1 0 0.232412 0.074461
-0.691155 0.258805 3.110884 0 1 0 0.471915 0.058057
-0.795959 0.258797 3.102094 0 0.999749064 -0.0224010994 0.712745 0.03186
-0.821006 0.258771 3.101387 0 0.997077382 -0.0763982669 0.751875 0.027204
-0.821006 0.258797 3.102094 0 0.999749064 -0.0224010994 0.752012 0.030719
-0.795959 0.258771 3.101387 0 0.997077382 -0.0763982669 0.712558 0.027985
-0.821006 0.258719 3.100945 0 0.975022713 -0.222105174 0.75173 0.023347
-0.795959 0.258719 3.100945 0 0.975022713 -0.222105174 0.712353 0.023723
-0.767801 0.258771 3.101387 0 0.997077382 -0.0763982669 0.657868 0.029839
-0.767801 0.258797 3.102094 0 0.999749064 -0.0224010994 0.658077 0.034107
-0.733782 0.258771 3.101387 0 0.997077382 -0.0763982669 0.580524 0.03329
-0.733782 0.258797 3.102094 0 0.999749064 -0.0224010994 0.580691 0.037977
-0.767801 0.258719 3.100945 0 0.975022713 -0.222105174 0.657627 0.025137
-0.733782 0.258719 3.100945 0 0.975022713 -0.222105174 0.580313 0.028123
-0.767801 0.258805 3.103139 0 0.999991595 -0.00409996554 0.658243 0.037784
-0.795959 0.258805 3.103139 0 0.999991595 -0.00409996554 0.712907 0.035207
-0.733782 0.258805 3.103138 0 0.999991595 -0.00409996554 0.580795 0.04201
-0.821006 0.258805 3.103139 0 0.999991595 -0.00409996554 0.752136 0.033767
-0.642072 0.258797 3.102094 0 0.999749064 -0.0224010994 0.362384 0.050444
-0.691155 0.258771 3.101387 0 0.997077382 -0.0763982669 0.473249 0.038861
-0.691155 0.258797 3.102094 0 0.999749064 -0.0224010994 0.473271 0.043985
-0.642072 0.258771 3.101387 0 0.997077382 -0.0763982669 0.362546 0.044928
-0.691155 0.258719 3.100945 0 0.975022713 -0.222105174 0.473169 0.033214
-0.642072 0.258719 3.100945 0 0.975022713 -0.222105174 0.362638 0.038853
-0.588684 0.258771 3.101387 0 0.997077382 -0.0763982669 0.27492 0.049867
-0.588684 0.258797 3.102094 0 0.999749064 -0.0224010994 0.274598 0.055669
-0.533144 0.258771 3.101387 0 0.997077382 -0.0763982669 0.236877 0.052054
-0.533144 0.258797 3.102094 0 0.999749064 -0.0224010994 0.236481 0.057973
-0.588684 0.258719 3.100945 0 0.975022713 -0.222105174 0.275165 0.043482
-0.533144 0.258719 3.100945 0 0.975022713 -0.222105174 0.237193 0.045544
-0.588684 0.258805 3.103139 0 0.999991595 -0.00409996554 0.274167 0.060677
-0.642072 0.258805 3.103139 0 0.999991595 -0.00409996554 0.362124 0.0552
-0.533144 0.258805 3.103139 0 0.999991595 -0.00409996554 0.23597 0.063084
-0.691155 0.258805 3.103139 0 0.999991595 -0.00409996554 0.473211 0.048396
-0.794985 0.216075 3.11371 0.0128001274 -0.812008084 -0.583505809 0.71431 0.049751
-0.816432 0.215114 3.115085 0.0457019492 -0.998942606 0.00500021326 0.751519 0.044803
-0.817111 0.215408 3.113891 0.035703026 -0.824969919 -0.564047805 0.752221 0.046072
-0.794816 0.215715 3.114914 0.0176004333 -0.999824616 -0.00640015757 0.714065 0.048067
-0.816432 0.215518 3.116511 0.049400718 -0.960913967 0.272403959 0.751476 0.043268
-0.794816 0.216119 3.11634 0.0183004411 -0.961923187 0.272706574 0.713947 0.046012
-0.767801 0.215916 3.114858 0.00380001138 -0.999902995 -0.0134000401 0.659098 0.052459
-0.767801 0.216298 3.11365 0.00269991423 -0.804474442 -0.59398113 0.659351 0.054564
-0.733782 0.215916 3.114858 0 -0.999887496 -0.0149998124 0.580266 0.058275
-0.733782 0.216298 3.11365 0 -0.802906576 -0.596104882 0.580864 0.060752
-0.767801 0.21632 3.116284 0.0037998657 -0.962065996 0.272790358 0.658785 0.049898
-0.733782 0.21632 3.116284 0 -0.962072942 0.272792328 0.579588 0.055279
-0.767801 0.218118 3.112404 0.00119993428 -0.469274299 -0.883051636 0.659461 0.054797
-0.795494 0.217831 3.112476 0.00600021745 -0.475617237 -0.879631878 0.714778 0.049832
-0.767801 0.22203 3.110867 0.000500018096 -0.33241203 -0.943134133 0.659342 0.051743
-0.795977 0.221724 3.110938 0.00250001334 -0.332201772 -0.943205032 0.714962 0.047029
-0.733782 0.218118 3.112404 0 -0.468089866 -0.883680869 0.581287 0.061128
-0.733782 0.22203 3.110867 0 -0.332501021 -0.943102895 0.581438 0.057825
-0.819147 0.216967 3.112689 0.0171006014 -0.488617185 -0.87233068 0.754209 0.046054
-0.821076 0.220804 3.111152 0.0062999943 -0.3315997 -0.943399146 0.755689 0.043524
-0.642072 0.216298 3.11365 0 -0.802906576 -0.596104882 0.360557 0.076284
-0.691155 0.215916 3.114858 0 -0.999887496 -0.0149998124 0.471216 0.065811
-0.691155 0.216298 3.11365 0 -0.802906576 -0.596104882 0.472369 0.068552
-0.642072 0.215916 3.114858 0 -0.999887496 -0.0149998124 0.358801 0.073372
-0.691155 0.21632 3.116284 0 -0.962072942 0.272792328 0.469951 0.062503
-0.642072 0.21632 3.116284 0 -0.962072942 0.272792328 0.356896 0.069861
-0.588684 0.215916 3.114858 0 -0.999887496 -0.0149998124 0.269872 0.079264
-0.588684 0.216298 3.11365 0 -0.802906576 -0.596104882 0.272117 0.082268
-0.533144 0.215916 3.114858 0 -0.999887496 -0.0149998124 0.231278 0.081793
-0.533144 0.216298 3.11365 0 -0.802906576 -0.596104882 0.23374 0.084823
-0.588684 0.21632 3.116284 0 -0.962072942 0.272792328 0.267446 0.075643
-0.533144 0.21632 3.116284 0 -0.962072942 0.272792328 0.228622 0.07814
-0.588684 0.218118 3.112404 0 -0.468089866 -0.883680869 0.274014 0.082742
-0.642072 0.218118 3.112404 0 -0.468089866 -0.883680869 0.362016 0.07676
-0.588684 0.22203 3.110867 0 -0.332501021 -0.943102895 0.275395 0.07877
-0.642072 0.22203 3.110867 0 -0.332501021 -0.943102895 0.363034 0.07296
-0.533144 0.218118 3.112404 0 -0.468089866 -0.883680869 0.23583 0.085289
-0.533144 0.22203 3.110867 0 -0.332501021 -0.943102895 0.237373 0.081247
-0.691155 0.218118 3.112404 0 -0.468089866 -0.883680869 0.47329 0.069003
-0.691155 0.22203 3.110867 0 -0.332501021 -0.943102895 0.473858 0.065438
-0.794816 0.217263 3.120375 0.0183004411 -0.961923187 0.272706574 0.713775 0.044043
-0.816432 0.217267 3.122681 0.049400718 -0.960913967 0.272403959 0.751468 0.041692
-0.816432 0.216662 3.120546 0.049400718 -0.960913967 0.272403959 0.75147 0.042094
-0.794816 0.217869 3.122511 0.0183004411 -0.961923187 0.272706574 0.713675 0.043269
-0.816432 0.217806 3.12458 0.049400718 -0.960913967 0.272403959 0.751441 0.040906
-0.794816 0.218407 3.12441 0.0183004411 -0.961923187 0.272706574 0.713536 0.04206
-0.767801 0.218069 3.122454 0.0037998657 -0.962065996 0.272790358 0.657887 0.046049
-0.767801 0.217464 3.120318 0.0037998657 -0.962065996 0.272790358 0.658206 0.047174
-0.733782 0.218069 3.122454 0 -0.962072942 0.272792328 0.577537 0.050536
-0.733782 0.217464 3.120318 0 -0.962072942 0.272792328 0.578254 0.051938
-0.767801 0.218608 3.124353 0.0037998657 -0.962065996 0.272790358 0.657512 0.044442
-0.733782 0.218608 3.124353 0 -0.962072942 0.272792328 0.576746 0.048608
-0.767801 0.216858 3.118183 0.0037998657 -0.962065996 0.272790358 0.658497 0.048297
-0.794816 0.216658 3.118239 0.0183004411 -0.961923187 0.272706574 0.713858 0.044814
-0.733782 0.216858 3.118183 0 -0.962072942 0.272792328 0.578927 0.053343
-0.816432 0.216056 3.11841 0.049400718 -0.960913967 0.272403959 0.751466 0.042493
-0.642072 0.217464 3.120318 0 -0.962072942 0.272792328 0.353035 0.065951
-0.691155 0.218069 3.122454 0 -0.962072942 0.272792328 0.466059 0.057232
-0.691155 0.217464 3.120318 0 -0.962072942 0.272792328 0.467406 0.058786
-0.642072 0.218069 3.122454 0 -0.962072942 0.272792328 0.351006 0.064332
-0.691155 0.218608 3.124353 0 -0.962072942 0.272792328 0.464617 0.055115
-0.642072 0.218608 3.124353 0 -0.962072942 0.272792328 0.348862 0.062125
-0.588684 0.218069 3.122454 0 -0.962072942 0.272792328 0.259931 0.070035
-0.588684 0.217464 3.120318 0 -0.962072942 0.272792328 0.262514 0.071664
-0.533144 0.218069 3.122454 0 -0.962072942 0.272792328 0.220389 0.072537
-0.533144 0.217464 3.120318 0 -0.962072942 0.272792328 0.223217 0.074157
-0.588684 0.218608 3.124353 0 -0.962072942 0.272792328 0.257219 0.067801
-0.533144 0.218608 3.124353 0 -0.962099182 0.272699768 0.217425 0.070306
-0.588684 0.216858 3.118183 0 -0.962072942 0.272792328 0.265006 0.073321
-0.642072 0.216858 3.118183 0 -0.962072942 0.272792328 0.354986 0.06759
-0.533144 0.216858 3.118183 0 -0.962072942 0.272792328 0.225948 0.07581
-0.691155 0.216858 3.118183 0 -0.962072942 0.272792328 0.468692 0.060352
-0.794985 0.219687 3.126693 0.013200401 -0.423012851 0.906027526 0.713308 0.038186
-0.819147 0.220829 3.127145 0.0181998458 0.0168998569 0.999691533 0.754 0.037562
-0.817111 0.219033 3.126886 0.036601817 -0.440421863 0.89704453 0.751982 0.037939
-0.795494 0.221641 3.126885 0.00630015127 0.0302007251 0.999523999 0.71369 0.037802
-0.821076 0.224531 3.126563 0.00660014227 0.202204359 0.979321109 0.75574 0.039484
-0.795977 0.225372 3.126281 0.00260007338 0.200805667 0.979627645 0.714113 0.040063
-0.767801 0.221911 3.126799 0.00129999939 0.0373999824 0.99929953 0.656353 0.03917
-0.767801 0.219905 3.126629 0.00279999636 -0.412399464 0.910998816 0.656631 0.039669
-0.733782 0.221911 3.126799 0 0.0388018222 0.999246926 0.574519 0.042461
-0.733782 0.219905 3.126629 0 -0.410115172 0.912033741 0.575045 0.043078
-0.767801 0.225653 3.126187 0.000500016893 0.200306767 0.979733101 0.656336 0.041708
-0.733782 0.225653 3.126187 0 0.200114799 0.979772457 0.574464 0.045267
-0.767801 0.219012 3.125779 0.00380019796 -0.856744629 0.515726865 0.657055 0.04187
-0.794816 0.218811 3.125836 0.0175999639 -0.859698238 0.510498953 0.713335 0.039985
-0.733782 0.219012 3.125779 0 -0.8559893 0.516993538 0.575852 0.045624
-0.816432 0.21821 3.126006 0.0457023434 -0.863644284 0.502025742 0.751371 0.039354
-0.642072 0.219905 3.126629 0 -0.410115172 0.912033741 0.344529 0.055851
-0.691155 0.221911 3.126799 0 0.0388018222 0.999246926 0.460716 0.048471
-0.691155 0.219905 3.126629 0 -0.410115172 0.912033741 0.461647 0.049105
-0.642072 0.221911 3.126799 0 0.0388018222 0.999246926 0.343156 0.055258
-0.691155 0.225653 3.126187 0 0.200114799 0.979772457 0.460553 0.051591
-0.642072 0.225653 3.126187 0 0.200114799 0.979772457 0.342857 0.058677
-0.588684 0.221911 3.126799 0 0.0388018222 0.999246926 0.250051 0.060883
-0.588684 0.219905 3.126629 0 -0.410115172 0.912033741 0.251783 0.061418
-0.533144 0.221911 3.126799 0 0.0388018222 0.999246926 0.209612 0.063405
-0.533144 0.219905 3.126629 0 -0.410115172 0.912033741 0.211504 0.063906
-0.588684 0.225653 3.126187 0 0.200114799 0.979772457 0.249635 0.064529
-0.533144 0.225653 3.126187 0 0.200114799 0.979772457 0.209142 0.067146
-0.588684 0.219012 3.125779 0 -0.8559893 0.516993538 0.254338 0.064326
-0.642072 0.219012 3.125779 0 -0.8559893 0.516993538 0.346567 0.058719
-0.533144 0.219012 3.125779 0 -0.8559893 0.516993538 0.214286 0.066818
-0.691155 0.219012 3.125779 0 -0.8559893 0.516993538 0.463047 0.051863
-0.988266 0.073667 3.169962 0 0.279116629 0.960257209 0.873996 0.036403
-0.972798 0.086792 3.166053 0.0252006399 0.265706746 0.963724469 0.873705 0.035933
-0.98146 0.08681 3.166147 0 0.278113926 0.960548096 0.87371 0.036091
-0.979695 0.073654 3.169866 0.0256998074 0.266498003 0.963492779 0.874044 0.036276
-0.965579 0.08674 3.165772 0.0743054479 0.240217612 0.967870962 0.873705 0.035933
-0.972553 0.073616 3.169578 0.0761008577 0.240702713 0.967610905 0.874082 0.036221
-0.985743 0.062106 3.173229 0.0262010175 0.26701037 0.963337412 0.87425 0.03656
-0.99427 0.062114 3.173327 0 0.279788802 0.960061574 0.87418 0.036663
-0.990477 0.053062 3.175867 0.0264015913 0.266916088 0.963358063 0.874364 0.036774
-0.998987 0.053066 3.175967 0 0.279907836 0.960026876 0.874287 0.036858
-0.978637 0.062082 3.172934 0.0773987752 0.240796189 0.96748469 0.874307 0.036509
-0.983385 0.05305 3.175565 0.0784001972 0.240400605 0.967502433 0.874426 0.036727
-1.002797 0.062106 3.173229 -0.0258991969 0.291990946 0.956070353 0.874108 0.036787
-0.996836 0.073654 3.169866 -0.0254988472 0.29108684 0.956356764 0.873948 0.036565
-1.009902 0.062082 3.172934 -0.0757994982 0.314597917 0.946193736 0.873992 0.036924
-1.003978 0.073616 3.169578 -0.0748002139 0.313000895 0.946802708 0.873908 0.036722
-1.007498 0.053062 3.175867 -0.026199957 0.292199521 0.955998432 0.87421 0.036954
-1.01459 0.05305 3.175565 -0.0765026738 0.315211017 0.945933061 0.874146 0.03704
-0.990123 0.086792 3.166053 -0.0250005075 0.289605879 0.956819424 0.873714 0.036299
-0.997342 0.08674 3.165772 -0.0734025706 0.310810885 0.947633187 0.87372 0.036506
-1.003526 0.044418 3.178438 0.000200011797 0.216612776 0.976257581 0.874429 0.037032
-0.993432 0.047439 3.177505 0.0269998508 0.257898575 0.965794664 0.874426 0.036906
-1.001932 0.04744 3.177607 0 0.27230325 0.962211484 0.874346 0.036976
-0.995303 0.044423 3.178337 0.0290989552 0.191993107 0.980964779 0.874429 0.037032
-0.986348 0.047434 3.1772 0.0807038085 0.225710652 0.970845815 0.87449 0.036861
-0.988446 0.044428 3.178037 0.0862045392 0.118106219 0.98925209 0.87449 0.036861
-0.996785 0.043204 3.178553 0.0291996887 -0.279197024 0.959789769 0.874429 0.037032
-1.004191 0.04318 3.178651 -0.000100000118 -0.230800271 0.973001143 0.874358 0.037134
-0.990598 0.043228 3.178276 0.0660022847 -0.40791412 0.910631522 0.87449 0.036995
-1.011569 0.043204 3.178553 -0.0324007392 -0.253005772 0.966922061 0.874285 0.037148
-1.011743 0.044423 3.178337 -0.0297989669 0.224292224 0.97406623 0.874285 0.037148
-1.017729 0.043228 3.178276 -0.0737984853 -0.364992509 0.928080951 0.87423 0.037177
-1.018592 0.044428 3.178037 -0.0903995982 0.213299052 0.972795676 0.87423 0.037177
-1.010433 0.047439 3.177505 -0.0266993467 0.284593036 0.958276551 0.874285 0.037148
-1.017516 0.047434 3.1772 -0.0787049562 0.305419233 0.948959758 0.874201 0.03712
-0.988266 0.071401 3.15319 0 -0.275619184 -0.961266906 0.874044 0.037939
-0.990123 0.083711 3.149761 -0.0248007548 -0.262807999 -0.964529356 0.873775 0.03805
-0.98146 0.083694 3.149669 0 -0.27519656 -0.961387983 0.873784 0.038264
-0.996836 0.071413 3.153284 -0.0252011772 -0.262712272 -0.964545055 0.873984 0.037774
-0.997342 0.083764 3.150039 -0.0732039132 -0.238612755 -0.968351765 0.873765 0.037837
-1.003978 0.071451 3.153567 -0.074599442 -0.237198226 -0.968592755 0.873933 0.037614
-1.002797 0.060705 3.156356 -0.0255016671 -0.262617168 -0.964563056 0.874124 0.037548
-0.99427 0.060697 3.15626 0 -0.275896379 -0.961187384 0.874204 0.037673
-1.007498 0.052362 3.158752 -0.0257004188 -0.262404276 -0.964615719 0.87421 0.037379
-0.998988 0.052358 3.158654 0 -0.275896379 -0.961187384 0.874293 0.037475
-1.009903 0.060729 3.156645 -0.0756043288 -0.236213525 -0.968755468 0.874057 0.03743
-1.01459 0.052373 3.159045 -0.076298125 -0.235494213 -0.96887619 0.874141 0.037293
-0.985743 0.060705 3.156356 0.0254015041 -0.289117119 -0.956956663 0.874281 0.037777
-0.979695 0.071413 3.153284 0.0252004358 -0.288604991 -0.957116554 0.874101 0.03807
-0.978637 0.060729 3.156645 0.0743007898 -0.314003338 -0.946510061 0.874281 0.037777
-0.972553 0.071451 3.153567 0.073803436 -0.313414591 -0.946744077 0.874101 0.03807
-0.990477 0.052362 3.158752 0.0255007077 -0.289208026 -0.956926555 0.874375 0.037558
-0.983385 0.052373 3.159045 0.074601501 -0.314206322 -0.946419042 0.874375 0.037558
-0.972798 0.083711 3.149761 0.0248009333 -0.287910834 -0.957336025 0.87379 0.038429
-0.965579 0.083764 3.150039 0.0728039312 -0.312416869 -0.947151143 0.873787 0.038495
-1.003526 0.044347 3.160999 -0.000100002944 -0.334409843 -0.942427741 0.874354 0.037255
-1.010433 0.047158 3.160245 -0.0262008031 -0.269908273 -0.962529502 0.874258 0.037278
-1.001932 0.047157 3.160147 0 -0.283097393 -0.959091167 0.874342 0.037354
-1.011743 0.044353 3.161094 -0.0281011907 -0.326613839 -0.944740029 0.874284 0.037209
-1.017517 0.047163 3.160541 -0.0781053422 -0.245416786 -0.96626609 0.87423 0.037177
-1.018592 0.044361 3.16138 -0.0847036212 -0.331514173 -0.93964017 0.87423 0.037177
-1.011569 0.043204 3.161555 -0.0248016119 -0.610339667 -0.791751458 0.874284 0.037209
-1.004191 0.04318 3.161474 -0.000700041125 -0.601135315 -0.799146947 0.874354 0.037255
-1.017729 0.043228 3.16181 -0.0566008451 -0.664309918 -0.745311128 0.87423 0.037177
-0.996785 0.043204 3.161555 0.0218003452 -0.625009897 -0.780312356 0.874354 0.037255
-0.995303 0.044353 3.161094 0.0264996617 -0.355795458 -0.934188075 0.874354 0.037255
-0.990598 0.043228 3.16181 0.0497009766 -0.690613571 -0.721514178 0.874496 0.037271
-0.988446 0.044361 3.16138 0.0750049955 -0.411627415 -0.908260492 0.874507 0.037383
-0.993432 0.047158 3.160245 0.0257993389 -0.297492377 -0.954375544 0.874425 0.037422
-0.986348 0.047163 3.160541 0.0756021558 -0.326909322 -0.942026862 0.874493 0.037463
-1.024786 0.044408 3.176772 -0.687311585 -0.0880014833 0.721012153 0.87423 0.037177
-1.024022 0.043156 3.175993 -0.438007161 -0.885314475 0.156102552 0.87423 0.037177
-1.023386 0.043168 3.177114 -0.357099338 -0.718298668 0.597098892 0.87423 0.037177
-1.025476 0.044401 3.175634 -0.942213262 -0.214903025 0.257003617 0.87423 0.037177
-1.024022 0.043156 3.174421 -0.380699387 -0.924698511 0.000799998712 0.87423 0.037177
-1.025476 0.044394 3.174064 -0.958226888 -0.286008025 -0.000800022449 0.87423 0.037177
-1.0246 0.047395 3.174769 -0.879718602 0.415108778 0.231904904 0.874075 0.037153
-1.023892 0.047413 3.175906 -0.581286334 0.431789849 0.689683786 0.874075 0.037153
-1.021683 0.052954 3.17316 -0.836942137 0.50212528 0.217710961 0.874064 0.037106
-1.020973 0.052999 3.174286 -0.552005175 0.485104548 0.678206358 0.874064 0.037106
-1.0246 0.04737 3.173206 -0.927060423 0.37482443 -0.00810052797 0.874075 0.037153
-1.021683 0.05289 3.17161 -0.886587317 0.46209339 -0.0207997025 0.874064 0.037106
-1.021767 0.047426 3.176692 -0.224605884 0.35540931 0.907323768 0.87423 0.037177
-1.022716 0.04442 3.177544 -0.271910341 0.13120499 0.953336256 0.87423 0.037177
-1.018846 0.05303 3.175063 -0.216399324 0.374798829 0.901497183 0.874064 0.037106
-1.021478 0.043204 3.177836 -0.163292967 -0.553676154 0.816564831 0.87423 0.037177
-1.010406 0.073453 3.168352 -0.5605404 0.480534633 0.674448609 0.87388 0.03692
-1.017008 0.061889 3.170571 -0.842694042 0.497796481 0.20509855 0.874001 0.037068
-1.016298 0.06198 3.171679 -0.555834663 0.484030185 0.675842147 0.874037 0.037038
-1.01112 0.073308 3.167267 -0.850716581 0.489809546 0.190703717 0.873882 0.036984
-1.017008 0.061763 3.169044 -0.889904472 0.454502284 -0.0387001945 0.874001 0.037068
-1.01112 0.073106 3.165767 -0.894921953 0.442210848 -0.0597014645 0.873882 0.036984
-1.004561 0.086316 3.163512 -0.85958975 0.47879429 0.178497871 0.873741 0.036888
-1.003839 0.086516 3.164576 -0.564237509 0.474631552 0.675544908 0.873733 0.036788
-1.004561 0.086038 3.16204 -0.900924988 0.426611832 -0.0796022078 0.873747 0.036978
-1.001674 0.086653 3.165304 -0.212004253 0.366807358 0.905818171 0.873726 0.036665
-1.008263 0.073553 3.169098 -0.214397092 0.370894969 0.903587743 0.873887 0.036837
-1.014166 0.062042 3.172441 -0.215700692 0.373501199 0.902202896 0.874037 0.037038
-1.025476 0.044376 3.169673 -0.957900259 -0.287100078 -0.000800000216 0.87423 0.037177
-1.024022 0.043156 3.167703 -0.375800156 -0.926700385 0.000800000332 0.87423 0.037177
-1.024022 0.043156 3.170023 -0.37750323 -0.926007922 0.000800006844 0.87423 0.037177
-1.025476 0.044367 3.167356 -0.957746121 -0.28761385 -0.000800038527 0.87423 0.037177
-1.024022 0.043156 3.165639 -0.374302542 -0.927306296 0.000800005432 0.87423 0.037177
-1.025476 0.044359 3.165294 -0.95762758 -0.288008295 -0.000800023041 0.87423 0.037177
-1.0246 0.047261 3.166523 -0.923367307 0.383827978 -0.00830060505 0.874075 0.037153
-1.0246 0.047299 3.168831 -0.924652457 0.380721599 -0.0083004709 0.874075 0.037153
-1.021683 0.052617 3.164978 -0.880841709 0.472922393 -0.0215010181 0.874075 0.037153
-1.021683 0.052712 3.167269 -0.882890769 0.469095096 -0.0212997773 0.874075 0.037153
-1.0246 0.047227 3.164469 -0.92215724 0.386724005 -0.00840052144 0.874075 0.037153
-1.021683 0.052533 3.16294 -0.878948902 0.476426507 -0.0216012018 0.874075 0.037153
-1.0246 0.047336 3.171143 -0.925962829 0.377525616 -0.00820055643 0.874075 0.037153
-1.025476 0.044386 3.171993 -0.958073348 -0.286521936 -0.000800061251 0.87423 0.037177
-1.021683 0.052806 3.169564 -0.884860014 0.46537897 -0.0210990466 0.874075 0.037153
-1.024022 0.043156 3.172347 -0.379290666 -0.925277229 0.000799980313 0.87423 0.037177
-1.01112 0.072534 3.161551 -0.891810358 0.448305207 -0.0608007062 0.873902 0.037193
-1.017008 0.061216 3.162498 -0.884349286 0.465125922 -0.0398022182 0.874006 0.037164
-1.017008 0.061405 3.16476 -0.886350687 0.461326382 -0.039502259 0.874006 0.037164
-1.01112 0.072231 3.159324 -0.890048696 0.451724715 -0.061303354 0.873902 0.037193
-1.017008 0.061048 3.160485 -0.88254479 0.468523778 -0.0400020302 0.874006 0.037164
-1.01112 0.071962 3.157342 -0.888509374 0.454704797 -0.0616006499 0.873891 0.037289
-1.004561 0.084836 3.155699 -0.897093456 0.434296832 -0.0812994069 0.873758 0.037262
-1.004561 0.085252 3.157892 -0.898431553 0.431615159 -0.0808028378 0.873756 0.037167
-1.004561 0.084465 3.153749 -0.895832802 0.436815994 -0.0817029916 0.873758 0.037356
-1.004561 0.085668 3.160087 -0.899768682 0.428932742 -0.0802061224 0.873752 0.037072
-1.01112 0.072837 3.163781 -0.893443954 0.445121898 -0.0602029618 0.873898 0.03712
-1.017008 0.061595 3.167025 -0.888236712 0.457718918 -0.0391016161 0.874001 0.037068
-1.024786 0.044351 3.16262 -0.64702737 -0.36241533 -0.670828377 0.874201 0.03712
-1.021478 0.043204 3.162249 -0.124799476 -0.766996779 -0.629397357 0.87423 0.037177
-1.023386 0.043168 3.162974 -0.283201686 -0.8564051 -0.431702571 0.874201 0.03712
-1.022716 0.044357 3.161861 -0.248701201 -0.363201754 -0.897904337 0.87423 0.037177
-1.021767 0.047171 3.161034 -0.233302606 -0.1701019 -0.957410694 0.874075 0.037153
-1.023892 0.047184 3.161802 -0.632647599 0.0594044695 -0.772158095 0.874075 0.037153
-1.018846 0.052393 3.159534 -0.225911881 -0.150507915 -0.962450617 0.874075 0.037153
-1.020973 0.052424 3.160294 -0.608692361 0.112498588 -0.785390143 0.874075 0.037153
-1.0246 0.047202 3.162921 -0.911523034 0.304507695 -0.276406985 0.874075 0.037153
-1.025476 0.044352 3.16374 -0.926706547 -0.299702117 -0.226701602 0.874201 0.03712
-1.021683 0.05247 3.161404 -0.871376573 0.400489233 -0.283392381 0.874075 0.037153
-1.024022 0.043156 3.164083 -0.394212865 -0.912229771 -0.111503639 0.87423 0.037177
-1.010406 0.071614 3.154775 -0.593000955 0.0887001428 -0.800301288 0.873892 0.037412
-1.014166 0.060768 3.157126 -0.223205741 -0.153403946 -0.962624759 0.874047 0.03727
-1.016298 0.060831 3.157875 -0.601438553 0.103006603 -0.792250785 0.874047 0.03727
-1.008263 0.071515 3.154039 -0.219397692 -0.15779834 -0.962789872 0.873904 0.037497
-1.001674 0.083851 3.150502 -0.214805014 -0.163803823 -0.962822473 0.87376 0.037674
-1.003839 0.083987 3.151225 -0.583841124 0.0710050014 -0.808756967 0.873758 0.037548
-1.004561 0.084187 3.152282 -0.87094688 0.352518975 -0.342318426 0.873758 0.037356
-1.01112 0.07176 3.155851 -0.87000492 0.373802114 -0.321501818 0.873891 0.037289
-1.017008 0.060921 3.15897 -0.870132796 0.390514719 -0.30061133 0.874047 0.03727
-0.98227 0.044351 3.16262 0.421600687 -0.725701183 -0.543700886 0.874559 0.037359
-0.984388 0.043156 3.164083 0.250995929 -0.964984348 -0.0761987641 0.874496 0.037271
-0.98501 0.043168 3.162974 0.202709732 -0.915043932 -0.348716742 0.874496 0.037271
-0.981584 0.044352 3.16374 0.59533562 -0.787947144 -0.157209406 0.874589 0.037287
-0.984388 0.043156 3.165639 0.235210648 -0.971944001 0.000900040746 0.874495 0.037234
-0.981584 0.044359 3.165294 0.604385528 -0.796680924 0.00419989943 0.874589 0.037287
-0.979264 0.047202 3.162921 0.784746247 -0.583834406 -0.208112264 0.874507 0.037383
-0.979973 0.047184 3.161802 0.526448991 -0.54535075 -0.652260699 0.874507 0.037383
-0.976292 0.05247 3.161404 0.823502713 -0.525401731 -0.214000705 0.874507 0.037383
-0.977002 0.052424 3.160294 0.541208611 -0.500507963 -0.675710751 0.874493 0.037463
-0.979264 0.047227 3.164469 0.829506284 -0.55840423 0.0102000773 0.874496 0.037271
-0.976292 0.052533 3.16294 0.875269911 -0.48313859 0.0219017494 0.874496 0.037271
-0.982098 0.047171 3.161034 0.212903674 -0.405807002 -0.888815337 0.874493 0.037463
-0.98433 0.044357 3.161861 0.195316615 -0.554747192 -0.808768801 0.874507 0.037383
-0.979129 0.052393 3.159534 0.21141311 -0.378923498 -0.90095587 0.874474 0.037589
-0.986877 0.043204 3.162249 0.10320386 -0.807030183 -0.581421746 0.874496 0.037271
-0.966125 0.071614 3.154775 0.549717259 -0.503415805 -0.666620929 0.874149 0.037936
-0.971532 0.060921 3.15897 0.828194749 -0.523996678 -0.19879874 0.874375 0.037558
-0.972242 0.060831 3.157875 0.545415815 -0.501714547 -0.671419468 0.874373 0.037704
-0.965411 0.07176 3.155851 0.832896456 -0.523097774 -0.180699231 0.874132 0.03775
-0.971532 0.061048 3.160485 0.876908848 -0.478904832 0.0410004137 0.874342 0.037354
-0.965411 0.071962 3.157342 0.877720811 -0.474811258 0.0645015293 0.874124 0.037548
-0.95836 0.084187 3.152282 0.836647569 -0.522829726 -0.163309285 0.87372 0.037965
-0.959082 0.083987 3.151225 0.5526803 -0.504982 -0.662976369 0.873747 0.03822
-0.95836 0.084465 3.153749 0.87748299 -0.471390862 0.0883982864 0.873695 0.037689
-0.961247 0.083851 3.150502 0.210010949 -0.377819698 -0.901747014 0.87379 0.038429
-0.968268 0.071515 3.154039 0.211303501 -0.378606274 -0.901114932 0.874155 0.038071
-0.974374 0.060768 3.157126 0.211604171 -0.378907468 -0.900917757 0.874369 0.037796
-0.981584 0.044376 3.169673 0.609995303 -0.792393899 0.00419996766 0.874557 0.037152
-0.984388 0.043156 3.172347 0.23909873 -0.970994844 0.000899995221 0.874499 0.037108
-0.984388 0.043156 3.170023 0.23780317 -0.971312948 0.000900011997 0.874495 0.037234
-0.981584 0.044386 3.171993 0.612875458 -0.790168358 0.00419983182 0.874559 0.037098
-0.984388 0.043156 3.174421 0.240299593 -0.970698355 0.000899998475 0.874499 0.037108
-0.981584 0.044394 3.174064 0.6153397 -0.788250856 0.00420027099 0.874581 0.036976
-0.979264 0.047336 3.171143 0.836611353 -0.547707432 0.00990013435 0.874499 0.037108
-0.979264 0.047299 3.168831 0.834185982 -0.551390734 0.0100998303 0.874495 0.037234
-0.976292 0.052806 3.169564 0.881288517 -0.472093849 0.0213997212 0.874499 0.037108
-0.976292 0.052712 3.167269 0.879268216 -0.475836917 0.0216016759 0.874495 0.037234
-0.979264 0.04737 3.173206 0.838701698 -0.544501103 0.00990002005 0.87449 0.036995
-0.976292 0.05289 3.17161 0.88310419 -0.468702224 0.0211001001 0.87449 0.036995
-0.979264 0.047261 3.166523 0.831715424 -0.555110295 0.0101001873 0.874495 0.037234
-0.981584 0.044367 3.167356 0.607043769 -0.794657297 0.00420030285 0.874557 0.037152
-0.976292 0.052617 3.164978 0.877147481 -0.479725968 0.0218011801 0.874496 0.037271
-0.984388 0.043156 3.167703 0.236412728 -0.97165231 0.000900048455 0.874495 0.037234
-0.965411 0.072534 3.161551 0.881276968 -0.468287761 0.0636983353 0.874075 0.037153
-0.971532 0.061595 3.167025 0.882814191 -0.468007523 0.0401006446 0.874346 0.036976
-0.971532 0.061405 3.16476 0.880822118 -0.471711845 0.040501017 0.874284 0.037209
-0.965411 0.072837 3.163781 0.883068113 -0.46498321 0.0630977216 0.874146 0.03704
-0.971532 0.061763 3.169044 0.884523241 -0.464812213 0.0396010405 0.874287 0.036858
-0.965411 0.073106 3.165767 0.884617772 -0.462109284 0.0625012557 0.874108 0.036787
-0.95836 0.085668 3.160087 0.882035348 -0.46311856 0.0868034787 0.873741 0.036888
-0.95836 0.085252 3.157892 0.880466979 -0.465982524 0.0873967222 0.873666 0.037189
-0.95836 0.086038 3.16204 0.883346898 -0.460724461 0.0862045767 0.873726 0.036665
-0.95836 0.084836 3.155699 0.878907625 -0.468804067 0.0880007634 0.873677 0.037434
-0.965411 0.072231 3.159324 0.879420201 -0.471710835 0.0641014724 0.874057 0.03743
-0.971532 0.061216 3.162498 0.878753351 -0.47552887 0.0408024772 0.874258 0.037278
-0.98227 0.044408 3.176772 0.51742373 -0.501422996 0.693431802 0.874581 0.036976
-0.986877 0.043204 3.177836 0.137905236 -0.617823459 0.774129394 0.87449 0.036995
-0.98501 0.043168 3.177114 0.261905452 -0.832617331 0.488010158 0.87449 0.036995
-0.98433 0.04442 3.177544 0.246312374 -0.132806672 0.960048229 0.87449 0.036861
-0.982098 0.047426 3.176692 0.239794298 0.118397185 0.963577086 0.87449 0.036861
-0.979972 0.047413 3.175906 0.617712073 -0.185903634 0.764114935 0.87449 0.036861
-0.979129 0.05303 3.175063 0.231102601 0.156801765 0.960210807 0.87446 0.03674
-0.977002 0.052999 3.174286 0.616725613 -0.101304207 0.78063242 0.874473 0.036796
-0.979264 0.047395 3.174769 0.845315579 -0.464708565 0.263604858 0.87449 0.036995
-0.981584 0.044401 3.175634 0.654143875 -0.724748611 0.216414515 0.874581 0.036976
-0.976292 0.052954 3.17316 0.877874621 -0.386988812 0.282091845 0.87449 0.036861
-0.984388 0.043156 3.175993 0.275205262 -0.956418287 0.0976018662 0.87449 0.036995
-0.966125 0.073453 3.168352 0.597618329 -0.0899027574 0.796724436 0.874102 0.036414
-0.974374 0.062042 3.172441 0.227800992 0.158600691 0.960704184 0.874307 0.036509
-0.972242 0.06198 3.171679 0.608621823 -0.0952034135 0.787728244 0.87425 0.03656
-0.968268 0.073553 3.169098 0.223316835 0.15971204 0.961572491 0.874099 0.036277
-0.961247 0.086653 3.165304 0.217797769 0.160598355 0.962690137 0.873688 0.035962
-0.959082 0.086516 3.164576 0.584616826 -0.0852024522 0.806823221 0.873678 0.036155
-0.95836 0.086316 3.163512 0.861893187 -0.372197058 0.344397278 0.873668 0.036411
-0.965411 0.073308 3.167267 0.869100926 -0.3759004 0.321500342 0.874098 0.0366
-0.971532 0.061889 3.170571 0.874697818 -0.38089905 0.299699252 0.874345 0.036759
-0.90038 0.257858 3.100766 0 -0.167106582 -0.985938837 0.841632 0.018121
-0.926718 0.258634 3.100693 0 0.544109302 -0.839014343 0.867301 0.021152
-0.90038 0.258633 3.100694 0 0.54282826 -0.839843723 0.841777 0.020643
-0.926718 0.257863 3.100764 0 -0.166409572 -0.98605672 0.867078 0.018817
-0.949941 0.258636 3.100693 0.000100002391 0.546713069 -0.837320016 0.888868 0.021828
-0.949941 0.257874 3.100761 0.000100005926 -0.16520979 -0.986258442 0.888581 0.019671
-0.926718 0.255756 3.101287 0 -0.250504026 -0.968115558 0.866774 0.017626
-0.90038 0.255739 3.101292 0 -0.250622011 -0.968085021 0.841469 0.016877
-0.926718 0.251661 3.102391 0 -0.260306984 -0.965525905 0.86635 0.018225
-0.90038 0.251621 3.102402 0 -0.260400207 -0.965500768 0.841279 0.017632
-0.949941 0.25579 3.101277 0 -0.250198589 -0.968194539 0.888159 0.018547
-0.949941 0.251742 3.102368 0.000100005285 -0.260213753 -0.965551031 0.887534 0.019037
-0.872759 0.255733 3.101293 0 -0.250715734 -0.968060753 0.813194 0.016198
-0.872759 0.257856 3.100766 0 -0.167300995 -0.985905866 0.813229 0.017486
-0.84569 0.255733 3.101293 0 -0.250715734 -0.968060753 0.782899 0.015485
-0.84569 0.257856 3.100766 0 -0.167398195 -0.985889367 0.782854 0.016818
-0.872759 0.251608 3.102406 0 -0.260400207 -0.965500768 0.813223 0.017159
-0.84569 0.251608 3.102406 0 -0.260400207 -0.965500768 0.783085 0.016703
-0.872759 0.258633 3.100694 0 0.542338697 -0.840159948 0.813307 0.020216
-0.84569 0.258633 3.100694 0 0.542293132 -0.840189359 0.782904 0.019787
-0.900739 0.236518 3.106487 0 -0.263303557 -0.964713033 0.841179 0.026079
-0.926718 0.244929 3.104207 0 -0.261407712 -0.965228475 0.865768 0.021258
-0.90038 0.244851 3.104229 0 -0.261102964 -0.965310956 0.841053 0.021104
-0.927141 0.236591 3.106473 -0.000500032691 -0.264217274 -0.964463054 0.865417 0.025666
-0.949941 0.245084 3.104162 0 -0.261805596 -0.96512063 0.886643 0.021727
-0.950348 0.236817 3.106422 -0.000700042042 -0.266416 -0.963857886 0.885879 0.025692
-0.928408 0.227682 3.108929 -0.00200011788 -0.268215808 -0.963356777 0.86569 0.030391
-0.901817 0.227714 3.108892 0.000100002718 -0.265807223 -0.964026198 0.842043 0.031348
-0.951568 0.227937 3.108908 -0.00350007947 -0.274706237 -0.961521832 0.885636 0.030007
-0.873913 0.227509 3.108978 0.00200002755 -0.269803717 -0.962913264 0.815659 0.033
-0.873048 0.23644 3.106516 0.000500006258 -0.264403309 -0.96441207 0.813997 0.026906
-0.846513 0.227453 3.109046 0.00260002599 -0.276502764 -0.961009605 0.786583 0.035064
-0.845896 0.236426 3.106533 0.000599988093 -0.266694707 -0.963780874 0.784477 0.028016
-0.872759 0.244825 3.104236 0.000100000335 -0.261500876 -0.965203233 0.813338 0.021177
-0.84569 0.244825 3.104236 0.000100003929 -0.262110299 -0.965037917 0.783461 0.021388
-0.90038 0.257957 3.117152 0 0.372717947 0.927944682 0.843111 0.054332
-0.872759 0.258651 3.116812 0 0.77453621 0.632529571 0.814924 0.053975
-0.90038 0.258651 3.116811 0 0.774941069 0.632033496 0.843055 0.051747
-0.872759 0.257956 3.117152 0 0.372390435 0.928076163 0.815096 0.056774
-0.84569 0.258651 3.116812 0 0.774447196 0.632638554 0.784844 0.056521
-0.84569 0.257956 3.117152 0 0.3723043 0.92811072 0.785096 0.05957
-0.872759 0.256056 3.117755 0 0.291913637 0.956444681 0.815195 0.058277
-0.90038 0.256061 3.117754 0 0.292005116 0.956416757 0.843058 0.055775
-0.872759 0.252364 3.118838 0 0.281397451 0.959591306 0.815175 0.057747
-0.90038 0.252377 3.118834 0 0.281397451 0.959591306 0.842837 0.055427
-0.84569 0.256056 3.117755 0 0.291913637 0.956444681 0.785294 0.061134
-0.84569 0.252364 3.118838 0 0.281397451 0.959591306 0.785403 0.060373
-0.926718 0.256079 3.117749 0 0.292096587 0.956388825 0.867946 0.053516
-0.926718 0.257963 3.11715 0 0.373303699 0.927709194 0.868165 0.052139
-0.949941 0.256113 3.117739 0 0.292398911 0.956296438 0.888922 0.051385
-0.949941 0.257973 3.117147 0.000100002495 0.374509344 0.927223135 0.889286 0.050093
-0.926718 0.252417 3.118823 0 0.28151654 0.959556376 0.867502 0.0533
-0.949941 0.252498 3.1188 0 0.281608616 0.959529357 0.888283 0.051251
-0.926718 0.258652 3.116811 0 0.775749847 0.631040549 0.868237 0.04975
-0.949941 0.258654 3.116811 0.000100001895 0.777314726 0.629111919 0.889468 0.047896
-0.900739 0.23884 3.122795 0 0.278417441 0.960460165 0.842182 0.048459
-0.872759 0.246293 3.120618 0.000100001195 0.280303348 0.959911466 0.814993 0.054448
-0.90038 0.246319 3.120611 0 0.280606679 0.959822844 0.842389 0.052637
-0.873048 0.238764 3.122809 0.000500005818 0.277203225 0.960811179 0.815214 0.04955
-0.84569 0.246293 3.120618 0.000100001591 0.279604449 0.960115275 0.785388 0.056446
-0.845896 0.238749 3.1228 0.000700039238 0.274615393 0.961553897 0.785837 0.050694
-0.873913 0.230696 3.125124 0.00200006999 0.271509502 0.962433681 0.816403 0.044227
-0.901817 0.230893 3.125097 0.0001000083 0.275922898 0.961179767 0.842688 0.043944
-0.846513 0.230638 3.125087 0.00260011672 0.263911847 0.964543299 0.787337 0.04446
-0.928408 0.230869 3.125075 -0.00210005365 0.273306982 0.961924573 0.866167 0.04329
-0.927141 0.238915 3.122766 -0.000500026127 0.277414495 0.960750201 0.866161 0.04727
-0.951568 0.231121 3.12495 -0.00370023516 0.266016906 0.963961262 0.885915 0.042358
-0.950348 0.23914 3.122689 -0.000799978841 0.274892729 0.961474569 0.886345 0.04594
-0.926718 0.246397 3.120589 -9.9998391e-05 0.280395488 0.959884556 0.866756 0.050912
-0.949941 0.246553 3.120545 -0.000100005598 0.279815663 0.960053741 0.887279 0.04917
-0.98246 0.257915 3.100749 0.000200003355 -0.160002684 -0.987116559 0.917785 0.022039
-0.993597 0.258649 3.100689 0.000500019699 0.563622204 -0.826032542 0.927734 0.024992
-0.98246 0.258643 3.100691 0.000300011854 0.556521989 -0.830832827 0.918087 0.02384
-0.993597 0.257944 3.100741 0.000300012212 -0.156106354 -0.987740207 0.927459 0.023344
-1.002548 0.258655 3.100688 0.000700030617 0.572025018 -0.820235874 0.935404 0.026118
-1.002548 0.257978 3.100732 0.000500001515 -0.151200458 -0.988502995 0.935163 0.024592
-0.993597 0.256018 3.101213 0.000200011145 -0.248413842 -0.968653975 0.926961 0.022478
-0.98246 0.255924 3.101239 0.000200010077 -0.249212556 -0.968448792 0.917282 0.021091
-0.993597 0.252276 3.102217 0.000400019479 -0.259112618 -0.965847033 0.926129 0.02285
-0.98246 0.252056 3.102279 0.000200003131 -0.259604064 -0.965715118 0.916477 0.021487
-1.002548 0.256127 3.101182 0.000300003891 -0.247403209 -0.968912567 0.934678 0.023783
-1.002548 0.25253 3.102145 0.000499992448 -0.258596094 -0.965985409 0.933827 0.024122
-0.968215 0.255847 3.101261 9.9999753e-05 -0.249799383 -0.968297608 0.904671 0.019741
-0.968215 0.257891 3.100756 0.000100002572 -0.163004192 -0.986625371 0.905155 0.02078
-0.968215 0.251875 3.10233 0.00020000166 -0.260002158 -0.965608015 0.903928 0.02017
-0.968215 0.258639 3.100692 0.000200006216 0.55081712 -0.834625941 0.905464 0.022754
-0.98252 0.238058 3.106089 -0.000500015476 -0.27010836 -0.9628298 0.91391 0.02698
-0.993597 0.246123 3.103868 0.000500019586 -0.262110267 -0.965037801 0.924852 0.024917
-0.98246 0.245694 3.103989 0.000199997367 -0.262296547 -0.964987296 0.915273 0.023718
-0.993597 0.238784 3.105886 -0.000100000721 -0.270901953 -0.96260694 0.92336 0.027923
-1.002548 0.246616 3.103728 0.000700033116 -0.261712381 -0.965145657 0.93249 0.026039
-1.002548 0.239563 3.105664 9.99980116e-05 -0.270994611 -0.962580859 0.930915 0.02882
-0.993597 0.231487 3.107988 -0.00260006364 -0.289007074 -0.957323431 0.921882 0.031108
-0.982701 0.230362 3.108297 -0.00330017341 -0.286915076 -0.957950337 0.912632 0.030471
-1.002548 0.232551 3.107687 -0.00279997921 -0.290097846 -0.956992894 0.929355 0.031753
-0.969178 0.229005 3.108651 -0.00390028842 -0.282120862 -0.959370943 0.900916 0.030068
-0.968456 0.237354 3.106281 -0.000700034761 -0.268613338 -0.963247831 0.90173 0.026184
-0.968215 0.245344 3.104089 0.000100001308 -0.262203428 -0.965012618 0.90284 0.022601
-0.98246 0.258015 3.117136 0.000199995138 0.37929078 0.925277507 0.917746 0.046188
-0.968215 0.258657 3.11681 0.000200013032 0.779950819 0.625840778 0.905746 0.046098
-0.98246 0.258662 3.116808 0.000300017097 0.783544652 0.621335408 0.918029 0.044401
-0.968215 0.257991 3.117142 0.000100001539 0.376505794 0.926414258 0.905498 0.048091
-0.968215 0.25617 3.117723 0.000100007048 0.292820636 0.956167383 0.905048 0.049271
-0.98246 0.256247 3.117701 9.99990215e-05 0.293397129 0.955990646 0.917254 0.047242
-0.968215 0.252631 3.118762 0.00010000702 0.281819783 0.959467352 0.904296 0.049167
-0.98246 0.252812 3.118711 0.000199997119 0.282095936 0.95938618 0.916445 0.047135
-0.993597 0.256341 3.117674 0.000200008384 0.294212332 0.955740061 0.926466 0.045366
-0.993597 0.258044 3.117127 0.000300013384 0.383017087 0.923741209 0.926976 0.044439
-1.002548 0.256449 3.117644 0.000300019013 0.295118702 0.955460549 0.933615 0.043712
-1.002548 0.258077 3.117118 0.000400010168 0.387609853 0.921823433 0.934133 0.0429
-0.993597 0.253032 3.118649 0.000199999371 0.282399112 0.959296983 0.925639 0.04524
-1.002548 0.253286 3.118576 0.000400030241 0.282821381 0.959172511 0.932784 0.04357
-0.993597 0.258667 3.116807 0.000400018497 0.78803644 0.615628467 0.927275 0.042849
-1.002548 0.258673 3.116805 0.000599989029 0.793485491 0.608588872 0.934444 0.041489
-0.98252 0.240356 3.122326 -0.000800058398 0.270319731 0.962770275 0.913821 0.042835
-0.968215 0.246813 3.120471 0 0.279301043 0.960203586 0.90314 0.047308
-0.98246 0.247163 3.120372 0.000100005958 0.279116627 0.960257204 0.915216 0.045437
-0.968456 0.239665 3.12253 -0.000900010377 0.27230314 0.962211094 0.901927 0.044423
-0.969178 0.232141 3.124618 -0.00429998078 0.257398849 0.966295681 0.901005 0.041243
-0.982701 0.233447 3.124218 -0.00390008851 0.25160571 0.967821965 0.912513 0.040016
-0.993597 0.234554 3.123894 -0.00350016462 0.248811702 0.968545552 0.921516 0.03875
-0.993597 0.241079 3.122119 -0.000500027067 0.269314578 0.963052131 0.922939 0.041292
-1.002548 0.235619 3.123592 -0.00400021792 0.247213467 0.968952785 0.928686 0.037629
-1.002548 0.241858 3.121898 -0.000500032736 0.268917605 0.963163056 0.930092 0.039936
-0.993597 0.247591 3.12025 0.000200011912 0.279116623 0.96025719 0.924388 0.043668
-1.002548 0.248085 3.12011 0.000400028697 0.279420045 0.96016888 0.931534 0.042114
-1.016924 0.258056 3.10071 0.000800036318 -0.13790626 -0.990444962 0.948075 0.026624
-1.022891 0.258677 3.100681 0.00160006098 0.605123062 -0.796130341 0.95447 0.028773
-1.016924 0.258669 3.100683 0.00119997057 0.592485469 -0.805580243 0.948287 0.028011
-1.022891 0.2581 3.100697 0.00100005662 -0.128907298 -0.991656144 0.954193 0.02746
-1.028406 0.258686 3.100679 0.00179996999 0.619889667 -0.784686919 0.961126 0.029408
-1.028406 0.25815 3.100683 0.001300093 -0.117508406 -0.993071037 0.960694 0.028208
-1.022891 0.256524 3.101069 0.000800039583 -0.242912018 -0.970047994 0.953541 0.026698
-1.016924 0.256379 3.10111 0.000599999217 -0.244699681 -0.969598735 0.947552 0.025843
-1.022891 0.253461 3.101881 0.00120005748 -0.256112267 -0.966646299 0.952387 0.026853
-1.016924 0.25312 3.101977 0.000899986419 -0.25709612 -0.966385417 0.946581 0.026053
-1.028406 0.256684 3.101024 0.00100002314 -0.240605568 -0.97062246 0.959787 0.027505
-1.028406 0.253835 3.101775 0.00149998928 -0.254798179 -0.966993091 0.958314 0.027636
-1.010233 0.256246 3.101148 0.000500009168 -0.246204514 -0.969217771 0.941403 0.024888
-1.010233 0.258015 3.100721 0.000600001272 -0.145200308 -0.989402098 0.941883 0.025677
-1.010233 0.252811 3.102065 0.000699980632 -0.257892864 -0.966173266 0.940519 0.025167
-1.010233 0.258662 3.100686 0.000899981272 0.581587897 -0.813483072 0.942094 0.027125
-1.016924 0.241375 3.105151 0.00010000343 -0.270809288 -0.962633014 0.943175 0.029989
-1.022891 0.248425 3.103215 0.00159998149 -0.259696995 -0.965688827 0.950604 0.028289
-1.016924 0.247763 3.103403 0.00129996608 -0.260493203 -0.965474806 0.945022 0.027644
-1.022891 0.24242 3.104855 0.000100006138 -0.270716614 -0.96265908 0.948517 0.030427
-1.028406 0.249152 3.103009 0.00200010751 -0.258713906 -0.965951921 0.956187 0.028937
-1.028406 0.243569 3.104529 0.000200003842 -0.270505196 -0.962718494 0.953757 0.030875
-1.022891 0.236454 3.10658 -0.00639999408 -0.293299729 -0.955999116 0.946448 0.032683
-1.016924 0.235026 3.106985 -0.00490002702 -0.29200161 -0.956405275 0.941336 0.032464
-1.028406 0.238023 3.106135 -0.00790019869 -0.294807414 -0.955524032 0.951377 0.032916
-1.010233 0.233728 3.107353 -0.00370005628 -0.291004426 -0.956714552 0.935739 0.032179
-1.010233 0.240425 3.10542 0.000100000721 -0.270901953 -0.96260694 0.937414 0.029481
-1.010233 0.247161 3.103574 0.000899986347 -0.261196038 -0.965285357 0.939099 0.026921
-1.038592 0.258258 3.100697 -0.0195997898 -0.0872990637 -0.995989318 0.975217 0.029519
-1.042289 0.258708 3.100835 -0.0350000453 0.674000873 -0.737900956 0.981697 0.030642
-1.0385 0.258704 3.100714 -0.0128002575 0.651413107 -0.758615263 0.976025 0.030317
-1.042659 0.258306 3.100816 -0.0627012757 -0.0471009583 -0.996920283 0.981253 0.030085
-1.04505 0.258712 3.101074 -0.0779995893 0.7217962 -0.687696379 0.985417 0.030964
-1.045722 0.258345 3.101072 -0.173098236 0.0865991176 -0.981090003 0.985385 0.030607
-1.042782 0.257193 3.101063 -0.0575031254 -0.229312463 -0.971652811 0.979331 0.029833
-1.038623 0.257034 3.10097 -0.0193004598 -0.234505587 -0.971923156 0.973489 0.029099
-1.042782 0.255029 3.101621 -0.0557995469 -0.249397975 -0.96679215 0.976348 0.0301
-1.038623 0.254655 3.101588 -0.0185001156 -0.251401571 -0.967706048 0.970976 0.029311
-1.045946 0.257322 3.101301 -0.160202885 -0.213503845 -0.963717357 0.983423 0.03049
-1.045946 0.255331 3.101812 -0.154609421 -0.245614967 -0.956958314 0.98017 0.030786
-1.033741 0.256859 3.100974 -0.00330002736 -0.237801971 -0.971308052 0.966705 0.028314
-1.033741 0.258204 3.100668 -0.00290021077 -0.104007559 -0.994572278 0.968033 0.028894
-1.033741 0.254245 3.101658 -0.00270002661 -0.253202495 -0.967409534 0.964738 0.028473
-1.033741 0.258696 3.100676 -0.00130004679 0.635222862 -0.772327797 0.96874 0.029914
-1.038592 0.246097 3.103859 -0.021401112 -0.270614061 -0.96245001 0.964423 0.031966
-1.042782 0.25147 3.102538 -0.0558998628 -0.255099374 -0.96529763 0.972722 0.031103
-1.038623 0.250744 3.102604 -0.0179996989 -0.256095716 -0.966483831 0.967817 0.030413
-1.042659 0.247285 3.103662 -0.0616023545 -0.273010435 -0.960036693 0.968906 0.032434
-1.045946 0.252057 3.102651 -0.15671089 -0.254217666 -0.954366321 0.976262 0.031671
-1.045722 0.248216 3.103673 -0.163697504 -0.281195713 -0.945585585 0.972147 0.032781
-1.042289 0.243245 3.104837 -0.0793039141 -0.305615084 -0.948846831 0.96535 0.033684
-1.0385 0.241513 3.105191 -0.0352017607 -0.299814996 -0.953347683 0.961208 0.033534
-1.04505 0.244527 3.104731 -0.174307239 -0.322913411 -0.930238634 0.968275 0.033751
-1.033741 0.239741 3.105648 -0.0145004094 -0.296808381 -0.95482696 0.956423 0.033239
-1.033741 0.244826 3.104172 -0.00440028 -0.270317201 -0.962761262 0.959216 0.031417
-1.033741 0.249948 3.102783 -0.00210015426 -0.257518915 -0.966270975 0.962115 0.029668
-1.038592 0.258357 3.116994 -0.0174002215 0.446305682 0.89471139 0.961317 0.036985
-1.042782 0.257509 3.11716 -0.0564005364 0.312902976 0.948109017 0.963881 0.036556
-1.038623 0.257355 3.117341 -0.0190005753 0.308209331 0.951128796 0.960714 0.037388
-1.042659 0.258403 3.116848 -0.0541017408 0.477015348 0.877228225 0.964415 0.036218
-1.045946 0.257627 3.116851 -0.15620289 0.323005976 0.933417268 0.966515 0.035852
-1.045722 0.258439 3.116571 -0.140506973 0.555527569 0.819540671 0.96696 0.035549
-1.042782 0.255768 3.117688 -0.0558031574 0.289816398 0.955454061 0.96297 0.036579
-1.038623 0.255407 3.117929 -0.0187995442 0.288892996 0.957176794 0.959811 0.037374
-1.045946 0.256045 3.117333 -0.153607772 0.287614552 0.945347831 0.965593 0.035929
-1.042289 0.258727 3.116627 -0.0238019626 0.858570792 0.512142228 0.964591 0.035724
-1.0385 0.258723 3.11675 -0.00870036882 0.84523583 0.53432265 0.961711 0.036334
-1.045049 0.258732 3.116385 -0.0526015975 0.884526863 0.463514077 0.966872 0.035179
-1.03374 0.258714 3.116793 -0.000700020378 0.834824302 0.550516026 0.958195 0.037051
-1.03374 0.258304 3.117054 -0.00250001153 0.431301988 0.902204159 0.957749 0.037833
-1.028406 0.258704 3.116796 0.00150009693 0.824653287 0.56563655 0.954272 0.037821
-1.028406 0.25825 3.117069 0.00130003712 0.41891196 0.908025925 0.953856 0.03872
-1.03374 0.257182 3.117436 -0.00339992974 0.304893699 0.952380319 0.957133 0.038302
-1.03374 0.255001 3.11809 -0.00310001672 0.287401551 0.957805167 0.956238 0.038261
-1.028406 0.257007 3.117486 0.000900006435 0.302002159 0.953306816 0.953258 0.039252
-1.028406 0.254591 3.118206 0.00110003055 0.286007944 0.958226615 0.952373 0.039188
-1.038592 0.248373 3.120005 -0.0239000991 0.265901102 0.963703995 0.95706 0.035874
-1.03374 0.251416 3.119166 -0.00310006295 0.282305732 0.959319479 0.954956 0.037517
-1.038623 0.252204 3.118896 -0.0189995017 0.283192573 0.958874854 0.95852 0.036777
-1.03374 0.247121 3.120406 -0.00660011762 0.267204762 0.963617172 0.953511 0.036396
-1.028406 0.25062 3.119391 0.00119998826 0.281397248 0.959590615 0.951095 0.038295
-1.028406 0.245863 3.120763 -0.00160000152 0.267700254 0.963500915 0.949649 0.036958
-1.03374 0.242809 3.121554 -0.0192001662 0.235402037 0.97170841 0.952131 0.03523
-1.0385 0.24454 3.121019 -0.04080045 0.230102538 0.972310725 0.955649 0.034948
-1.028406 0.241091 3.122041 -0.0118005484 0.239011108 0.970945126 0.948261 0.03556
-1.042289 0.246148 3.12043 -0.0862998019 0.219899495 0.97169777 0.958624 0.03477
-1.042659 0.249505 3.119545 -0.0648988623 0.260895427 0.963183115 0.960148 0.035444
-1.045049 0.247291 3.119851 -0.185309011 0.187909137 0.964546902 0.960909 0.034676
-1.045722 0.25035 3.119031 -0.169310752 0.242115376 0.955360672 0.962638 0.035137
-1.042782 0.252906 3.118557 -0.0570029594 0.282914688 0.957449707 0.961661 0.036128
-1.045946 0.253444 3.118125 -0.157907969 0.276513955 0.947947839 0.96425 0.035622
-1.016924 0.258155 3.117096 0.000800042843 0.399921416 0.916549083 0.9453 0.040549
-1.010233 0.25868 3.116803 0.000799999644 0.799699644 0.600399733 0.940492 0.040366
-1.016924 0.258687 3.116801 0.00100001406 0.806811344 0.590808307 0.945656 0.039419
-1.010233 0.258114 3.117107 0.000600029114 0.393219079 0.919444613 0.940162 0.041625
-1.010233 0.256569 3.11761 0.000399998028 0.296298539 0.955095291 0.939628 0.042349
-1.016924 0.256701 3.117572 0.000500013438 0.297808004 0.954625656 0.944746 0.041201
-1.010233 0.253567 3.118497 0.000500000798 0.283400452 0.95900153 0.938787 0.04221
-1.016924 0.253876 3.118409 0.000699996241 0.284098474 0.958794851 0.943891 0.041081
-1.022891 0.256847 3.117531 0.000700043176 0.29961848 0.954058843 0.949209 0.040194
-1.022891 0.2582 3.117083 0.00100004314 0.408317613 0.912839376 0.949785 0.039602
-1.022891 0.254217 3.118312 0.000900049023 0.284915518 0.958552209 0.948338 0.040101
-1.022891 0.258695 3.116799 0.00120004152 0.8150282 0.579420048 0.950171 0.03859
-1.016924 0.243669 3.121385 -0.00100000678 0.268401818 0.963306527 0.941187 0.038129
-1.010233 0.24863 3.119956 0.000499993913 0.279696595 0.960088311 0.937532 0.040884
-1.016924 0.249231 3.119785 0.000700027813 0.280211133 0.959938139 0.942629 0.039894
-1.010233 0.242719 3.121654 -0.000700015954 0.268706124 0.963221952 0.936092 0.03891
-1.010233 0.236796 3.123259 -0.00540002892 0.245801316 0.969305191 0.934695 0.036832
-1.016924 0.238093 3.122891 -0.00720033868 0.244011477 0.969745613 0.939794 0.036278
-1.022891 0.239522 3.122486 -0.00940073498 0.241818906 0.970275859 0.944232 0.035882
-1.022891 0.244715 3.121088 -0.00129998774 0.268097472 0.963390915 0.945624 0.037507
-1.022891 0.249893 3.119598 0.000899995797 0.280698689 0.959795518 0.947068 0.039059
-1.048486 0.258388 3.102204 -0.671339781 0.542632155 -0.504829915 0.986297 0.031557
-1.047845 0.258731 3.103158 -0.19411088 0.98035495 -0.0350019619 0.984222 0.032147
-1.047564 0.258728 3.102129 -0.223197813 0.949390696 -0.220997834 0.986338 0.031769
-1.048794 0.258399 3.103244 -0.735408189 0.666107417 -0.124401385 0.984335 0.03198
-1.047845 0.258733 3.104612 -0.17369938 0.984796484 -0.0020999925 0.981415 0.032473
-1.048794 0.258407 3.104698 -0.703239843 0.710940279 -0.00420023797 0.981741 0.032374
-1.049111 0.257489 3.103481 -0.981020229 0.127602631 -0.146003011 0.982965 0.03197
-1.048794 0.257456 3.102439 -0.828665446 0 -0.559744208 0.98459 0.031526
-1.049111 0.255722 3.10394 -0.988766971 -0.0374025334 -0.144709802 0.980448 0.032151
-1.048794 0.255645 3.102905 -0.814286328 -0.144497574 -0.562190561 0.981672 0.031754
-1.049111 0.257518 3.104933 -0.985423645 0.170104082 -0.00220005279 0.980734 0.032406
-1.049111 0.255789 3.105389 -1 0 0 0.97864 0.032567
-1.047845 0.257405 3.101736 -0.436022866 -0.149407835 -0.887446539 0.98496 0.031044
-1.047564 0.258371 3.101507 -0.408206895 0.356706025 -0.840314193 0.986857 0.031098
-1.047845 0.255526 3.102217 -0.417298358 -0.225699112 -0.880296536 0.981762 0.031318
-1.04672 0.25872 3.10147 -0.163196472 0.824782168 -0.541388295 0.98685 0.031357
-1.048486 0.248971 3.104631 -0.816106162 -0.261201972 -0.515503892 0.97382 0.033046
-1.049111 0.252817 3.104695 -0.987686558 -0.0767989548 -0.136298145 0.977121 0.032556
-1.048794 0.252667 3.103671 -0.8179086 -0.17400183 -0.548405767 0.977996 0.032315
-1.048794 0.24917 3.105647 -0.976717102 -0.184003222 -0.110301931 0.973205 0.033087
-1.049111 0.252946 3.10614 -0.999067416 -0.0428986009 0.00489984019 0.975708 0.032853
-1.048794 0.249375 3.107087 -0.987417552 -0.156302778 0.0240004266 0.972145 0.033208
-1.047845 0.245179 3.106697 -0.935835001 -0.347012979 -0.061602304 0.96892 0.033644
-1.047563 0.245006 3.105679 -0.791140215 -0.398820273 -0.463723572 0.969403 0.033781
-1.047845 0.245459 3.108131 -0.94372868 -0.324309856 0.0648019694 0.968163 0.033577
-1.04672 0.244951 3.105017 -0.429121776 -0.372318894 -0.822941761 0.969403 0.033781
-1.047564 0.248716 3.103984 -0.431685165 -0.293989897 -0.852770695 0.973626 0.032964
-1.047845 0.252435 3.103009 -0.423812611 -0.242707222 -0.872625965 0.977864 0.032048
-1.048794 0.258432 3.10881 -0.689331293 0.724432886 -0.00440019975 0.977016 0.033104
-1.047845 0.25874 3.110903 -0.158703857 0.987323997 -0.00210005104 0.974431 0.033183
-1.047845 0.258738 3.108726 -0.1640094 0.98645654 -0.00210012037 0.97649 0.032957
-1.048794 0.258446 3.110987 -0.681398699 0.731898602 -0.00449999141 0.974975 0.033452
-1.047845 0.258742 3.112839 -0.153995225 0.98806936 -0.00209993488 0.972682 0.033444
-1.048794 0.258457 3.112922 -0.674113139 0.738614396 -0.00450008771 0.973207 0.033799
-1.049111 0.257641 3.111216 -0.982545193 0.186008556 -0.0024001104 0.974545 0.033783
-1.049111 0.257598 3.109041 -0.983608685 0.180301592 -0.00230002031 0.976465 0.033333
-1.049111 0.256078 3.111661 -1 0 0 0.973269 0.034086
-1.049111 0.255978 3.10949 -1 0 0 0.974985 0.033582
-1.049111 0.257679 3.11315 -0.98152763 0.191305385 -0.00240006756 0.972846 0.034195
-1.049111 0.256166 3.113591 -1 0 0 0.971718 0.034525
-1.049111 0.257556 3.106867 -0.984601457 0.174800259 -0.00220000326 0.978548 0.032868
-1.048794 0.258419 3.106633 -0.696826281 0.717227051 -0.00430016218 0.979287 0.032747
-1.049111 0.255878 3.10732 -1 0 0 0.976797 0.03306
-1.047845 0.258735 3.106548 -0.169196581 0.985580087 -0.00209995757 0.978827 0.032732
-1.048794 0.249954 3.111161 -0.986018646 -0.164703115 0.0253004784 0.969833 0.033953
-1.049111 0.253507 3.112393 -0.998885027 -0.046899297 0.00539991906 0.971275 0.034275
-1.049111 0.253313 3.110229 -0.998955239 -0.0454025106 0.00520028756 0.972721 0.033785
-1.048794 0.25026 3.113317 -0.985184976 -0.169497415 0.026099602 0.968684 0.034381
-1.049111 0.253679 3.114317 -0.998817135 -0.0483008286 0.00560009607 0.969943 0.034681
-1.048794 0.250533 3.115235 -0.984384127 -0.173997194 0.0266995695 0.967611 0.034717
-1.047845 0.246669 3.114339 -0.935952363 -0.345319319 0.0689038549 0.965621 0.034438
-1.047845 0.24625 3.11219 -0.938833099 -0.337711906 0.0674023763 0.966475 0.034092
-1.047845 0.247041 3.11625 -0.933283285 -0.352193692 0.070298741 0.96481 0.034686
-1.047845 0.245831 3.110042 -0.941495999 -0.330498595 0.0659997195 0.967335 0.033766
-1.048794 0.249647 3.109004 -0.986778567 -0.160196521 0.0245994657 0.971004 0.033529
-1.049111 0.253119 3.108065 -0.999018477 -0.0440008138 0.00510009433 0.97422 0.033287
-1.048486 0.258468 3.115419 -0.573632509 0.724941084 0.38132161 0.970392 0.034541
-1.04672 0.258738 3.115985 -0.109095992 0.931465783 0.34708725 0.968591 0.034653
-1.047563 0.258743 3.115323 -0.162202605 0.976015675 0.145202332 0.969979 0.034176
-1.047564 0.25846 3.116123 -0.322910626 0.671722103 0.666721939 0.968873 0.034999
-1.047845 0.257692 3.116374 -0.417608937 0.337007212 0.843818058 0.968495 0.035322
-1.048794 0.257715 3.11565 -0.796920868 0.302107911 0.523113698 0.970054 0.034907
-1.047845 0.256198 3.116829 -0.414605825 0.264503716 0.870712234 0.967556 0.035476
-1.048794 0.256252 3.116092 -0.812349465 0.168710273 0.558233992 0.969084 0.035142
-1.049111 0.257707 3.114602 -0.964818583 0.226204357 0.134002581 0.971427 0.034551
-1.048794 0.258466 3.114376 -0.673846386 0.734250544 0.0825056795 0.971758 0.034152
-1.049111 0.256233 3.115041 -0.988572217 0.0432987831 0.144395942 0.970397 0.034851
-1.047845 0.258744 3.114293 -0.160401793 0.986811033 0.0218002437 0.97127 0.033774
-1.048486 0.250824 3.117723 -0.829317358 0.00860018 0.558711694 0.965656 0.034918
-1.047845 0.253741 3.117576 -0.427195341 0.239397389 0.871890492 0.966158 0.035313
-1.048794 0.253846 3.116818 -0.822523052 0.123703467 0.555115557 0.967599 0.035112
-1.047563 0.250742 3.118466 -0.444723433 0.170208969 0.879346334 0.964394 0.034985
-1.04672 0.247624 3.119348 -0.449500643 0.0665000951 0.890801274 0.96236 0.034643
-1.047564 0.247513 3.118698 -0.804027136 -0.160505417 0.572519323 0.963307 0.034661
-1.047845 0.247321 3.117684 -0.928898797 -0.317699589 0.190299754 0.964082 0.034718
-1.048794 0.250737 3.116674 -0.978029845 -0.134104092 0.15960487 0.966665 0.034862
-1.049111 0.253809 3.115762 -0.989148128 -0.00580028222 0.146807143 0.96879 0.03493
-0.642072 0.257856 3.100766 0 -0.167398195 -0.985889367 0.36274 0.027358
-0.691155 0.258633 3.100694 0 0.542293132 -0.840189359 0.473055 0.027235
-0.642072 0.258633 3.100694 0 0.542222535 -0.840234921 0.36269 0.032424
-0.691155 0.257856 3.100766 0 -0.167398195 -0.985889367 0.472964 0.022531
-0.733782 0.258633 3.100694 0 0.542293132 -0.840189359 0.580075 0.02265
-0.733782 0.257856 3.100766 0 -0.167398195 -0.985889367 0.579883 0.018347
-0.691155 0.255733 3.101293 0 -0.250715734 -0.968060753 0.472952 0.02071
-0.642072 0.255733 3.101293 0 -0.250715734 -0.968060753 0.362827 0.02537
-0.691155 0.251608 3.102406 0 -0.260400207 -0.965500768 0.473078 0.023379
-0.642072 0.251608 3.102406 0 -0.260400207 -0.965500768 0.36299 0.028178
-0.733782 0.255733 3.101293 0 -0.250715734 -0.968060753 0.57981 0.016689
-0.733782 0.251608 3.102406 0 -0.260400207 -0.965500768 0.579926 0.019151
-0.588684 0.255733 3.101293 0 -0.250715734 -0.968060753 0.275722 0.029279
-0.588684 0.257856 3.100766 0 -0.167495389 -0.985872859 0.275543 0.031397
-0.533144 0.255733 3.101293 0 -0.250715734 -0.968060753 0.237925 0.031045
-0.533144 0.257856 3.100766 0 -0.167511903 -0.985870053 0.237701 0.03322
-0.588684 0.251608 3.102406 0 -0.260400207 -0.965500768 0.275926 0.032164
-0.533144 0.251608 3.102406 0 -0.260400207 -0.965500768 0.23815 0.033955
-0.588684 0.258633 3.100694 0 0.542222535 -0.840234921 0.275365 0.036729
-0.533144 0.258633 3.100694 0 0.542176977 -0.840264319 0.237462 0.03866
-0.642072 0.236734 3.106467 0 -0.271206009 -0.962521325 0.363484 0.050172
-0.691155 0.244825 3.104236 0 -0.263092022 -0.964770744 0.473398 0.032145
-0.642072 0.244825 3.104236 0 -0.263092022 -0.964770744 0.363268 0.037497
-0.691155 0.236734 3.106467 0 -0.271206009 -0.962521325 0.473746 0.04405
-0.733782 0.244825 3.104236 0 -0.263092022 -0.964770744 0.580305 0.027211
-0.733782 0.236734 3.106467 0 -0.271206009 -0.962521325 0.580788 0.038152
-0.691155 0.228686 3.108783 0 -0.287705671 -0.957718877 0.473955 0.056134
-0.642072 0.228686 3.108783 0 -0.287705671 -0.957718877 0.363465 0.063045
-0.733782 0.228686 3.108783 0 -0.287705671 -0.957718877 0.581219 0.049262
-0.588684 0.228686 3.108783 0 -0.287705671 -0.957718877 0.276095 0.068437
-0.588684 0.236734 3.106467 0 -0.271206009 -0.962521325 0.276295 0.055033
-0.533144 0.228686 3.108783 0 -0.287705671 -0.957718877 0.23819 0.070754
-0.533144 0.236734 3.106467 0 -0.271206009 -0.962521325 0.238468 0.057148
-0.588684 0.244825 3.104236 0 -0.263092022 -0.964770744 0.276178 0.041845
-0.533144 0.244825 3.104236 0 -0.263092022 -0.964770744 0.238393 0.043769
-0.795959 0.257856 3.100766 0 -0.167398195 -0.985889367 0.711987 0.015641
-0.821006 0.258633 3.100694 0 0.542293132 -0.840189359 0.751581 0.019271
-0.795959 0.258633 3.100694 0 0.542293132 -0.840189359 0.712137 0.019213
-0.821006 0.257856 3.100766 0 -0.167398195 -0.985889367 0.751494 0.016019
-0.821006 0.255733 3.101293 0 -0.250715734 -0.968060753 0.751534 0.014636
-0.795959 0.255733 3.101293 0 -0.250715734 -0.968060753 0.711979 0.014193
-0.821006 0.251608 3.102406 0 -0.260400207 -0.965500768 0.751768 0.016165
-0.795959 0.251608 3.102406 0 -0.260400207 -0.965500768 0.712189 0.016054
-0.767801 0.255733 3.101293 0 -0.250715734 -0.968060753 0.657111 0.014697
-0.767801 0.257856 3.100766 0 -0.167398195 -0.985889367 0.65717 0.016233
-0.767801 0.251608 3.102406 0 -0.260400207 -0.965500768 0.657269 0.01688
-0.767801 0.258633 3.100694 0 0.542293132 -0.840189359 0.657369 0.020158
-0.795986 0.236687 3.106477 0.000299993097 -0.270293781 -0.962777847 0.713436 0.031125
-0.821006 0.244825 3.104236 0.000100000461 -0.262601211 -0.964904448 0.75226 0.021651
-0.795959 0.244825 3.104236 0 -0.262905856 -0.964821492 0.712695 0.02241
-0.821113 0.236546 3.10651 0.000499998018 -0.268798934 -0.963196181 0.753222 0.029283
-0.821434 0.227935 3.108954 0.00199993326 -0.282490573 -0.95926799 0.754862 0.037254
-0.796066 0.228498 3.108825 0.000899999433 -0.28609982 -0.958199396 0.714353 0.040063
-0.767801 0.228686 3.108783 0.000200002036 -0.287402926 -0.957809751 0.658912 0.043985
-0.767801 0.236734 3.106467 9.99980116e-05 -0.270994611 -0.962580859 0.658322 0.033963
-0.767801 0.244825 3.104236 0 -0.263092022 -0.964770744 0.657723 0.024115
-0.795959 0.257956 3.117152 0 0.3723043 0.92811072 0.714496 0.067012
-0.767801 0.258651 3.116812 0 0.774487217 0.632589559 0.658713 0.068568
-0.795959 0.258651 3.116812 0 0.774487217 0.632589559 0.714293 0.063326
-0.767801 0.257956 3.117152 0 0.3723043 0.92811072 0.658765 0.072621
-0.733782 0.258651 3.116812 0 0.77453621 0.632529571 0.579526 0.075694
-0.733782 0.257956 3.117152 0 0.3723043 0.92811072 0.579327 0.080131
-0.767801 0.256056 3.117755 0 0.291913637 0.956444681 0.658693 0.074453
-0.795959 0.256056 3.117755 0 0.291913637 0.956444681 0.714617 0.068738
-0.767801 0.252364 3.118838 0 0.281397451 0.959591306 0.658427 0.072811
-0.795959 0.252364 3.118838 0 0.281397451 0.959591306 0.714609 0.067396
-0.733782 0.256056 3.117755 0 0.291913637 0.956444681 0.578945 0.08209
-0.733782 0.252364 3.118838 0 0.281397451 0.959591306 0.578283 0.080176
-0.821006 0.256056 3.117755 0 0.291913637 0.956444681 0.754293 0.06446
-0.821006 0.257956 3.117152 0 0.3723043 0.92811072 0.754084 0.062822
-0.821006 0.252364 3.118838 0 0.281397451 0.959591306 0.754408 0.06342
-0.821006 0.258651 3.116812 0 0.774487217 0.632589559 0.753819 0.059474
-0.795986 0.238986 3.122715 0.000300005756 0.27050519 0.96271847 0.714231 0.054155
-0.767801 0.246293 3.120618 0 0.278509691 0.960433419 0.657899 0.066442
-0.795959 0.246293 3.120618 0 0.278694168 0.960379904 0.714422 0.061878
-0.767801 0.239028 3.1227 0.000100004275 0.269711529 0.962941162 0.657269 0.057618
-0.733782 0.246293 3.120618 0 0.278509691 0.960433419 0.577244 0.07299
-0.733782 0.239028 3.1227 0 0.269500101 0.963000361 0.576087 0.063078
-0.767801 0.231753 3.124688 0.000199996759 0.251395926 0.967884316 0.656694 0.048615
-0.796066 0.231583 3.124747 0.00099999217 0.25289802 0.967492425 0.714211 0.046199
-0.733782 0.231753 3.124688 0 0.250996863 0.9679879 0.575074 0.052989
-0.821434 0.231072 3.124921 0.00199996663 0.25709571 0.966383876 0.755516 0.044966
-0.821113 0.238858 3.122758 0.000500019519 0.272210626 0.962237562 0.754631 0.052038
-0.821006 0.246293 3.120618 9.99963547e-05 0.279089826 0.960264994 0.754391 0.058734
-0.642071 0.257956 3.117152 0 0.3723043 0.92811072 0.354154 0.100019
-0.588684 0.258651 3.116812 0 0.774487217 0.632589559 0.2647 0.102419
-0.642072 0.258651 3.116812 0 0.774487217 0.632589559 0.355092 0.094847
-0.588684 0.257956 3.117152 0 0.3723043 0.92811072 0.263459 0.107839
-0.533144 0.258651 3.116812 0 0.774487217 0.632589559 0.225427 0.105686
-0.533144 0.257956 3.117152 0 0.3723043 0.92811072 0.224054 0.111205
-0.588684 0.256056 3.117755 0 0.291913637 0.956444681 0.261838 0.110207
-0.642071 0.256056 3.117755 0 0.291913637 0.956444681 0.352888 0.102276
-0.588684 0.252364 3.118838 0 0.281397451 0.959591306 0.259642 0.107807
-0.642071 0.252364 3.118838 0 0.281397451 0.959591306 0.35113 0.099977
-0.533144 0.256056 3.117755 0 0.291913637 0.956444681 0.222278 0.113621
-0.533144 0.252364 3.118838 0 0.281397451 0.959591306 0.219892 0.111185
-0.691155 0.256056 3.117755 0 0.291913637 0.956444681 0.467801 0.092134
-0.691155 0.257956 3.117152 0 0.3723043 0.92811072 0.468616 0.090023
-0.691155 0.252364 3.118838 0 0.281397451 0.959591306 0.466597 0.089999
-0.691155 0.258651 3.116812 0 0.77453621 0.632529571 0.469176 0.085196
-0.642071 0.239028 3.1227 0 0.269500101 0.963000361 0.346171 0.079776
-0.588684 0.246293 3.120618 0 0.278509691 0.960433419 0.256679 0.098921
-0.642071 0.246293 3.120618 0 0.278509691 0.960433419 0.348713 0.091482
-0.588684 0.239028 3.1227 0 0.269500101 0.963000361 0.253594 0.086666
-0.533144 0.246293 3.120618 0 0.278509691 0.960433419 0.216694 0.102151
-0.533144 0.239028 3.1227 0 0.269500101 0.963000361 0.213375 0.089688
-0.588684 0.231753 3.124688 0 0.250996863 0.9679879 0.251031 0.074163
-0.642072 0.231753 3.124688 0 0.250996863 0.9679879 0.344041 0.067845
-0.533144 0.231753 3.124688 0 0.250996863 0.9679879 0.210627 0.076963
-0.691155 0.231753 3.124688 0 0.250996863 0.9679879 0.461456 0.060093
-0.691155 0.239028 3.1227 0 0.269500101 0.963000361 0.463028 0.071189
-0.691155 0.246293 3.120618 0 0.278509691 0.960433419 0.464875 0.082087
-0.912912 0.213062 2.782673 0.000299997639 0.27059787 -0.962692424 0.852292 0.038204
-0.884813 0.217825 2.784103 0.00830038008 0.253711618 -0.967244291 0.828892 0.038207
-0.894076 0.212996 2.782746 0.0108999505 0.253798846 -0.967195604 0.838823 0.037928
-0.907946 0.218013 2.78408 0.000400002854 0.270901933 -0.962606868 0.847915 0.038607
-0.877215 0.22331 2.78565 0.00489999679 0.261099829 -0.965299368 0.820361 0.039953
-0.904067 0.223582 2.785672 0.000300000111 0.273400101 -0.961900356 0.844425 0.040268
-0.865779 0.217307 2.784225 0.0244009628 0.196307745 -0.980238676 0.812925 0.037897
-0.878441 0.21281 2.782978 0.0327013612 0.201508388 -0.978940749 0.827558 0.037862
-0.848233 0.222421 2.7856 0.0139999185 0.209098782 -0.977794304 0.79158 0.038932
-0.930407 0.217915 2.784129 -0.00789975645 0.269491692 -0.962970312 0.865664 0.038727
-0.93158 0.213019 2.782753 -0.0104000194 0.273900512 -0.961701798 0.865445 0.038497
-0.948449 0.217484 2.784275 -0.0265002007 0.252601913 -0.967207327 0.879512 0.038671
-0.946968 0.212854 2.78299 -0.0322007741 0.268206448 -0.962823147 0.876187 0.038732
-0.929752 0.223467 2.785695 -0.00480020514 0.269311509 -0.963041156 0.866195 0.040074
-0.954391 0.222891 2.785734 -0.0198006656 0.237307977 -0.971232649 0.886491 0.039154
-0.934477 0.207582 2.781215 -0.0130002752 0.277905883 -0.960520334 0.86641 0.038635
-0.918426 0.207607 2.781125 0 0.271906675 -0.962323625 0.856689 0.038301
-0.938437 0.200624 2.779242 -0.0149998088 0.279296439 -0.960087759 0.867824 0.038676
-0.924202 0.200649 2.779153 -0.000200010731 0.272514621 -0.962151621 0.860683 0.038352
-0.947853 0.207505 2.781484 -0.0382008364 0.28040614 -0.959121 0.874545 0.03893
-0.9503 0.200548 2.779511 -0.0440033118 0.285821512 -0.957272047 0.873825 0.038945
-0.902374 0.207582 2.781215 0.0129999669 0.257099344 -0.966297536 0.846979 0.038055
-0.888998 0.207505 2.781484 0.0385017012 0.217309602 -0.975343096 0.838871 0.038024
-0.909966 0.200624 2.779242 0.0146994598 0.260490427 -0.965364524 0.853557 0.038088
-0.898103 0.200548 2.779511 0.0434023861 0.230712684 -0.97205344 0.847605 0.038001
-0.912912 0.208592 2.798672 0.000299996135 -0.273796472 0.961787607 0.852144 0.03758
-0.930408 0.213647 2.800018 -0.0077998761 -0.273695652 0.961784722 0.865501 0.03595
-0.93158 0.20859 2.798581 -0.0104000759 -0.270701975 0.962607022 0.865307 0.036348
-0.907946 0.213728 2.800117 0.000400004742 -0.272303228 0.962211407 0.847715 0.037324
-0.929752 0.219576 2.801688 -0.00469994409 -0.272696756 0.962088556 0.865935 0.034223
-0.904068 0.219698 2.801776 0.000300006897 -0.268706178 0.963222145 0.844078 0.035549
-0.948449 0.213298 2.799654 -0.0262009431 -0.290110443 0.956634435 0.879395 0.035072
-0.946968 0.20856 2.798288 -0.0320997756 -0.27609807 0.960593285 0.876059 0.035358
-0.954392 0.218966 2.80132 -0.0190004248 -0.302306758 0.953021305 0.886376 0.033838
-0.884813 0.213556 2.799992 0.00830042491 -0.288814785 0.957349008 0.828696 0.039147
-0.894076 0.208568 2.798574 0.0109007678 -0.290320448 0.956867395 0.838672 0.038837
-0.865779 0.213121 2.799604 0.0240010753 -0.342415341 0.939242079 0.812757 0.040711
-0.878441 0.208516 2.798275 0.0326015822 -0.340316516 0.939745607 0.827406 0.039738
-0.877215 0.219419 2.801643 0.00479981029 -0.28008893 0.959962058 0.819999 0.037676
-0.848233 0.218496 2.801187 0.0134994729 -0.327187224 0.944863104 0.791346 0.041092
-0.902374 0.2031 2.797023 0.0130005249 -0.288011629 0.957538661 0.846848 0.038166
-0.918426 0.203074 2.797112 0 -0.273400113 0.961900399 0.856558 0.037224
-0.909966 0.196142 2.79505 0.0147002084 -0.28500404 0.958413586 0.85345 0.037665
-0.924202 0.196116 2.79514 -0.00010000135 -0.273003684 0.962012982 0.860567 0.036891
-0.888998 0.203176 2.796754 0.0384992075 -0.326593277 0.94438056 0.838672 0.038837
-0.898103 0.196218 2.794781 0.0433998644 -0.313799019 0.948497036 0.847501 0.038179
-0.934477 0.2031 2.797023 -0.0129003357 -0.267306957 0.963525076 0.866274 0.036194
-0.947853 0.203176 2.796754 -0.038201061 -0.264507347 0.963626765 0.874405 0.035315
-0.938438 0.196142 2.79505 -0.0150000159 -0.266200282 0.963801022 0.867697 0.036054
-0.9503 0.196218 2.794781 -0.0440020274 -0.259111939 0.964844456 0.873689 0.035356
-0.935755 0.179858 2.773258 0 0.272514626 -0.96215164 0.866321 0.036941
-0.917112 0.191166 2.776561 0.0164007439 0.262311897 -0.964843762 0.858755 0.037523
-0.923961 0.179833 2.773347 0.0180000111 0.263100162 -0.964600593 0.862788 0.036631
-0.929956 0.191191 2.776471 -0.000100005367 0.272514625 -0.962151635 0.863847 0.03781
-0.906408 0.19109 2.776829 0.0485013615 0.238106684 -0.970027229 0.8545 0.037409
-0.914132 0.179756 2.773616 0.0530985512 0.241393414 -0.968973562 0.859835 0.036511
-0.942801 0.191166 2.776561 -0.0165003212 0.279105433 -0.960118689 0.868957 0.038158
-0.94755 0.179833 2.773347 -0.0180006076 0.279309428 -0.960032406 0.86987 0.037327
-0.953505 0.19109 2.776829 -0.0487000843 0.287300497 -0.956601655 0.873265 0.038453
-0.957379 0.179756 2.773616 -0.0530015516 0.289108464 -0.955827982 0.872867 0.037677
-0.952667 0.167249 2.76978 -0.0193011912 0.279817269 -0.95985924 0.870624 0.03643
-0.941665 0.167275 2.76969 0 0.272514626 -0.96215164 0.868242 0.036006
-0.958135 0.154041 2.766035 -0.0204001563 0.280602149 -0.959607351 0.871281 0.035713
-0.94775 0.154067 2.765945 0.000100005367 0.272514625 -0.962151635 0.869748 0.035272
-0.961836 0.167173 2.770048 -0.0568982917 0.291191257 -0.954971327 0.872636 0.036839
-0.96679 0.153965 2.766304 -0.0602996448 0.29369827 -0.953994381 0.872573 0.036159
-0.930662 0.167249 2.76978 0.0194008648 0.263211733 -0.964542995 0.865871 0.035682
-0.921493 0.167173 2.770048 0.0572021471 0.242209091 -0.968536355 0.863891 0.03557
-0.937365 0.154041 2.766035 0.0206996549 0.262595623 -0.964683919 0.868221 0.034947
-0.928711 0.153965 2.766304 0.0609022053 0.240908723 -0.968635075 0.866946 0.034848
-0.960632 0.127589 2.758431 9.99973066e-05 0.273492634 -0.961874092 0.871956 0.03507
-0.94422 0.140833 2.76229 0.021799312 0.262191725 -0.964769552 0.870051 0.034694
-0.951209 0.127564 2.758521 0.0227997755 0.262397417 -0.964690503 0.87144 0.034796
-0.954079 0.140858 2.762201 9.99971871e-05 0.272792326 -0.962072937 0.870976 0.035001
-0.936005 0.140757 2.762559 0.0641017071 0.239306373 -0.9688258 0.869281 0.034607
-0.943357 0.127489 2.75879 0.0671014058 0.238504997 -0.968820297 0.871009 0.034717
-0.963937 0.140833 2.76229 -0.021501271 0.281716653 -0.959256703 0.871903 0.035424
-0.970055 0.127564 2.758521 -0.0225014533 0.283318299 -0.958761924 0.872473 0.03545
-0.972153 0.140757 2.762559 -0.0635015771 0.296807371 -0.952823664 0.872682 0.035861
-0.977907 0.127489 2.75879 -0.0665035068 0.300215831 -0.951550177 0.872907 0.035845
-0.97647 0.114175 2.754703 -0.0235011287 0.285313703 -0.958146016 0.872976 0.035679
-0.967392 0.114199 2.754612 0.000100000135 0.274800371 -0.961501298 0.872718 0.035357
-0.983165 0.100605 2.750811 -0.0243016829 0.287519911 -0.957466307 0.873395 0.036
-0.97434 0.100626 2.750719 0 0.276503698 -0.961012854 0.873293 0.035739
-0.984035 0.114104 2.754974 -0.0692012761 0.303805602 -0.950217522 0.873192 0.036013
-0.99052 0.10054 2.751086 -0.071503935 0.307516923 -0.948852217 0.873482 0.036266
-0.958313 0.114175 2.754703 0.0237017699 0.263119648 -0.96447202 0.872461 0.035123
-0.950748 0.114104 2.754974 0.0698020854 0.238507126 -0.968628938 0.872244 0.035051
-0.965515 0.100605 2.750811 0.0245000439 0.264400473 -0.964101726 0.87319 0.035545
-0.958161 0.10054 2.751086 0.072204023 0.239313334 -0.968253948 0.873103 0.03548
-0.935755 0.175325 2.789245 0 -0.273003686 0.962012987 0.866328 0.03791
-0.942801 0.186684 2.792368 -0.0166003137 -0.266405034 0.96371821 0.868875 0.036497
-0.94755 0.175351 2.789155 -0.0180013421 -0.26611984 0.963771852 0.86987 0.037327
-0.929957 0.186658 2.792458 0 -0.273003686 0.962012987 0.863783 0.037211
-0.953505 0.18676 2.7921 -0.0487023636 -0.257512497 0.965046835 0.873168 0.035893
-0.957379 0.175427 2.788887 -0.0530014721 -0.2556071 0.965326812 0.872829 0.036704
-0.917112 0.186684 2.792368 0.0164007891 -0.283113621 0.958946136 0.858706 0.037863
-0.923961 0.175351 2.789155 0.0180009892 -0.282315514 0.959152707 0.862814 0.038473
-0.906408 0.18676 2.7921 0.0484984553 -0.306390242 0.950669722 0.854458 0.038282
-0.914132 0.175427 2.788887 0.053098899 -0.303093715 0.951480271 0.859869 0.038805
-0.930662 0.162768 2.785588 0.0194011058 -0.282216085 0.959154669 0.865971 0.039209
-0.941665 0.162742 2.785677 0 -0.273003686 0.962012987 0.86832 0.038714
-0.937365 0.149559 2.781843 0.0206997021 -0.282695932 0.9589862 0.868376 0.039783
-0.94775 0.149534 2.781932 0.00010000135 -0.273003684 0.962012982 0.869881 0.039347
-0.921493 0.162844 2.785319 0.0572031892 -0.302116843 0.951553051 0.863999 0.039463
-0.928711 0.149636 2.781574 0.0609027252 -0.303313572 0.950942551 0.867109 0.039974
-0.952667 0.162768 2.785588 -0.0192998161 -0.265597469 0.963890814 0.870674 0.038119
-0.961836 0.162844 2.785319 -0.0569007115 -0.253303168 0.965712076 0.872659 0.037566
-0.958136 0.149559 2.781843 -0.020401722 -0.264822352 0.964081372 0.871385 0.038794
-0.96679 0.149636 2.781574 -0.0602009981 -0.250604155 0.96621602 0.872646 0.038254
-0.960632 0.123128 2.774442 0.000100000041 -0.273400112 0.961900394 0.872108 0.039397
-0.963937 0.136351 2.778098 -0.0214996481 -0.263995678 0.964284215 0.872029 0.039042
-0.970055 0.123153 2.774353 -0.0225011195 -0.2633131 0.964447982 0.872599 0.038977
-0.954079 0.136326 2.778188 9.9998619e-05 -0.273096229 0.961986715 0.871131 0.039534
-0.972153 0.136427 2.777829 -0.0634036858 -0.2477144 0.966756199 0.872778 0.038547
-0.977907 0.123228 2.774084 -0.0664029948 -0.24501105 0.967243624 0.873005 0.038547
-0.94422 0.136351 2.778098 0.0218005104 -0.283506637 0.958722444 0.870228 0.039909
-0.951209 0.123153 2.774353 0.0228001066 -0.28450133 0.958404481 0.871611 0.039712
-0.936005 0.136427 2.777829 0.0641017353 -0.305208262 0.95012572 0.869463 0.040055
-0.943357 0.123228 2.774084 0.0669989505 -0.307195188 0.94928513 0.871185 0.039826
-0.958313 0.109973 2.770607 0.0236013179 -0.285615949 0.958053499 0.872609 0.039317
-0.967392 0.10995 2.770697 9.99987155e-05 -0.273796483 0.961787646 0.87285 0.039059
-0.965516 0.096823 2.766861 0.0242995867 -0.286795122 0.95768371 0.873307 0.038848
-0.974341 0.096802 2.766952 9.9998759e-05 -0.274496594 0.961588067 0.873396 0.03864
-0.950748 0.110045 2.770337 0.0694991205 -0.309096088 0.948487997 0.872398 0.039408
-0.958161 0.096887 2.766587 0.0714038538 -0.310916781 0.947751151 0.873224 0.038924
-0.97647 0.109973 2.770607 -0.0234008867 -0.262909962 0.964536547 0.873086 0.038713
-0.984035 0.110045 2.770337 -0.0690991587 -0.242497048 0.967688218 0.873278 0.03836
-0.983166 0.096823 2.76686 -0.024101146 -0.262812497 0.964545865 0.87348 0.038366
-0.99052 0.096887 2.766587 -0.0713035706 -0.240412039 0.968048476 0.873548 0.038088
-0.90038 0.258798 2.79755 0 0.999805934 -0.0197001169 0.842768 0.043082
-0.926718 0.258775 2.79683 0 0.997917633 -0.0645011397 0.868243 0.04425
-0.926718 0.258798 2.79755 0 0.999809853 -0.0195001922 0.86825 0.041798
-0.90038 0.258774 2.796829 0 0.997891807 -0.0648994672 0.842854 0.045754
-0.926718 0.258729 2.79636 0 0.98474427 -0.174007823 0.868238 0.046927
-0.90038 0.258728 2.796359 0 0.984549101 -0.175108733 0.84295 0.048671
-0.949941 0.258775 2.79683 0 0.997969218 -0.0636980353 0.889654 0.042868
-0.949941 0.258798 2.79755 0 0.999813733 -0.0193002651 0.889743 0.040631
-0.949941 0.25873 2.79636 9.9999699e-05 0.985097035 -0.171999482 0.88956 0.045314
-0.872759 0.258774 2.796829 0 0.997878835 -0.0650986193 0.814532 0.047432
-0.872759 0.258798 2.79755 0 0.999805934 -0.0197001169 0.81436 0.04452
-0.84569 0.258774 2.796829 0 0.997878835 -0.0650986193 0.784321 0.049337
-0.84569 0.258798 2.79755 0 0.999805934 -0.0197001169 0.78409 0.046149
-0.872759 0.258728 2.796359 0 0.984480065 -0.175496446 0.814721 0.050615
-0.84569 0.258728 2.796359 0 0.984480065 -0.175496446 0.784574 0.05283
-0.872759 0.258805 2.798599 0 0.99999352 -0.00359997667 0.81421 0.041975
-0.90038 0.258805 2.798599 0 0.99999352 -0.00359997667 0.842692 0.040741
-0.872759 0.258805 2.800054 0 1 0 0.814085 0.039892
-0.90038 0.258805 2.800054 0 1 0 0.842626 0.038816
-0.84569 0.258805 2.798599 0 0.99999352 -0.00359997667 0.783889 0.043373
-0.84569 0.258805 2.800054 0 1 0 0.783725 0.041116
-0.926718 0.258805 2.798599 0 0.99999352 -0.00359997667 0.868255 0.039648
-0.949941 0.258805 2.798599 0 0.99999352 -0.00359997667 0.889819 0.038674
-0.926718 0.258805 2.800054 0 1 0 0.868254 0.037878
-0.949941 0.258805 2.800054 0 1 0 0.889876 0.037068
-0.90038 0.258805 2.804168 0 1 0 0.842516 0.036221
-0.926718 0.258805 2.80199 0 1 0 0.868242 0.036567
-0.926718 0.258805 2.804168 0 1 0 0.868214 0.035485
-0.90038 0.258805 2.80199 0 1 0 0.84257 0.037394
-0.949941 0.258805 2.80199 0 1 0 0.889906 0.035886
-0.949941 0.258805 2.804168 0 1 0 0.889904 0.034915
-0.872759 0.258805 2.80199 0 1 0 0.81399 0.038366
-0.872759 0.258805 2.804168 0 1 0 0.813913 0.037118
-0.84569 0.258805 2.80199 0 1 0 0.783603 0.039485
-0.84569 0.258805 2.804168 0 1 0 0.783511 0.038167
-0.872759 0.258805 2.806345 0 1 0 0.813845 0.035868
-0.90038 0.258805 2.806345 0 1 0 0.842455 0.035047
-0.872759 0.258805 2.808281 0 1 0 0.813775 0.034337
-0.90038 0.258805 2.808281 0 1 0 0.842381 0.03362
-0.84569 0.258805 2.806345 0 1 0 0.783436 0.036848
-0.84569 0.258805 2.808281 0 1 0 0.783363 0.035214
-0.926718 0.258805 2.806345 0 1 0 0.868163 0.0344
-0.949941 0.258805 2.806345 0 1 0 0.889865 0.033941
-0.926718 0.258805 2.808281 0 1 0 0.868083 0.033084
-0.949941 0.258805 2.808281 0 1 0 0.889784 0.032751
-0.90038 0.258797 2.81078 0 0.999751299 0.0223011443 0.84217 0.029336
-0.926718 0.258805 2.809736 0 0.999991595 0.00409996554 0.867967 0.031305
-0.926718 0.258797 2.81078 0 0.999753523 0.0222011886 0.867822 0.029143
-0.90038 0.258805 2.809736 0 0.999991595 0.00409996554 0.842284 0.031687
-0.949941 0.258805 2.809736 0 0.999992 0.003999968 0.889654 0.031132
-0.949941 0.258797 2.81078 0 0.999760185 0.0218991279 0.889487 0.029157
-0.872759 0.258805 2.809736 0 0.999991595 0.00409996554 0.813693 0.032247
-0.872759 0.258797 2.81078 0 0.999749064 0.0224010994 0.813602 0.029693
-0.84569 0.258805 2.809736 0 0.999991595 0.00409996554 0.783281 0.032951
-0.84569 0.258797 2.81078 0 0.999749064 0.0224010994 0.783192 0.030168
-0.872759 0.258771 2.811487 0 0.997077382 0.0763982669 0.813506 0.026772
-0.90038 0.258771 2.811487 0 0.997092597 0.0761994342 0.842044 0.026654
-0.872759 0.258719 2.81193 0 0.975044365 0.222010102 0.813406 0.023581
-0.90038 0.258719 2.81193 0 0.975162316 0.221491441 0.841911 0.023727
-0.84569 0.258771 2.811487 0 0.997077382 0.0763982669 0.783098 0.026974
-0.84569 0.258719 2.81193 0 0.975022713 0.222105174 0.783001 0.023478
-0.926718 0.258771 2.811487 0 0.997130463 0.0757023127 0.867658 0.026677
-0.949941 0.258771 2.811487 0 0.997198564 0.0747998923 0.889293 0.026899
-0.926718 0.25872 2.81193 0 0.97545209 0.22021176 0.867481 0.023987
-0.949941 0.258721 2.81193 0.000100001535 0.976014982 0.217703342 0.889083 0.024432
-0.98246 0.258798 2.797551 0 0.99983253 -0.0183005954 0.918558 0.038558
-0.993597 0.258778 2.79683 9.9999327e-05 0.998293282 -0.058399607 0.92767 0.039248
-0.993597 0.258798 2.797551 0 0.999843329 -0.0177007671 0.927862 0.037686
-0.98246 0.258777 2.79683 0.000100006202 0.998161898 -0.0606037582 0.918387 0.040341
-0.993597 0.258736 2.796362 0.000300003177 0.987310456 -0.158801682 0.927471 0.040989
-0.98246 0.258733 2.796361 0.000200005336 0.986426318 -0.164204381 0.918207 0.042309
-1.002548 0.258779 2.796831 0.00020000614 0.998430652 -0.0560017193 0.93487 0.038307
-1.002548 0.258799 2.797551 0 0.999857168 -0.0169009663 0.935083 0.036947
-1.002548 0.258739 2.796362 0.000400007438 0.988318378 -0.152402834 0.934654 0.039839
-0.968215 0.258776 2.79683 0 0.998051022 -0.0624031901 0.906042 0.041556
-0.968215 0.258798 2.797551 0 0.999821371 -0.018900404 0.906182 0.039545
-0.968215 0.258731 2.79636 9.99967907e-05 0.985668365 -0.168694586 0.905893 0.043762
-0.968215 0.258805 2.798599 0 0.999993875 -0.00349997856 0.906305 0.037797
-0.98246 0.258805 2.798599 0 0.99999422 -0.00339998035 0.918711 0.037023
-0.968215 0.258805 2.800053 0 1 0 0.906401 0.036376
-0.98246 0.258805 2.800054 0 1 0 0.918835 0.035798
-0.993597 0.258805 2.798599 0 0.999994555 -0.00329998203 0.928038 0.036361
-1.002548 0.258805 2.798599 0 0.999995195 -0.0030999851 0.935284 0.035817
-0.993597 0.258805 2.800054 0 1 0 0.928188 0.035331
-1.002548 0.258805 2.800054 0 1 0 0.935466 0.03497
-0.98246 0.258805 2.804168 0 1 0 0.918966 0.034272
-0.993597 0.258805 2.80199 0 1 0 0.928303 0.034653
-0.993597 0.258805 2.804168 0 1 0 0.928378 0.034147
-0.98246 0.258805 2.80199 0 1 0 0.918922 0.034944
-1.002548 0.258805 2.80199 0 1 0 0.935619 0.034462
-1.002548 0.258805 2.804168 0 1 0 0.935738 0.034118
-0.968215 0.258805 2.80199 0 1 0 0.906461 0.03535
-0.968215 0.258805 2.804168 0 1 0 0.906482 0.034519
-0.968215 0.258805 2.806345 0 1 0 0.906458 0.033684
-0.98246 0.258805 2.806345 0 1 0 0.918964 0.033593
-0.968215 0.258805 2.808281 0 1 0 0.906385 0.032645
-0.98246 0.258805 2.808281 0 1 0 0.918912 0.032717
-0.993597 0.258805 2.806345 0 1 0 0.928408 0.03363
-1.002548 0.258805 2.806345 0 1 0 0.935814 0.03376
-0.993597 0.258805 2.808281 0 1 0 0.928389 0.032923
-1.002548 0.258805 2.808281 0 1 0 0.935841 0.033214
-0.98246 0.258797 2.81078 0 0.999779485 0.0209995691 0.918657 0.029875
-0.993597 0.258805 2.809736 0 0.999993155 0.00369997467 0.928315 0.031842
-0.993597 0.258797 2.81078 0 0.999793936 0.0202998769 0.928199 0.030449
-0.98246 0.258805 2.809736 0 0.99999278 0.00379997256 0.918805 0.031457
-1.002548 0.258805 2.809736 0 0.99999352 0.00359997667 0.935812 0.032302
-1.002548 0.258798 2.81078 0 0.999809853 0.0195001922 0.93574 0.03108
-0.968215 0.258805 2.809736 0 0.999992395 0.00389997034 0.906259 0.031201
-0.968215 0.258797 2.81078 0 0.999768863 0.0214993304 0.906092 0.029423
-0.968215 0.258772 2.811487 0 0.997302568 0.073400189 0.905896 0.027376
-0.98246 0.258773 2.811488 0.000100004049 0.997440387 0.0715028952 0.918479 0.028035
-0.968215 0.258722 2.811931 0.000100004207 0.976941096 0.213508981 0.905683 0.025131
-0.98246 0.258724 2.811931 0.000200005635 0.978127559 0.208005861 0.918285 0.026002
-0.993597 0.258774 2.811488 0.000100000971 0.997609687 0.069100671 0.928056 0.028803
-1.002548 0.258775 2.811488 0.000199998616 0.997793095 0.0663995405 0.935638 0.029605
-0.993597 0.258727 2.811932 0.000299991381 0.979571857 0.201094223 0.927896 0.026964
-1.002548 0.25873 2.811933 0.00040002328 0.9811571 0.193211244 0.935522 0.027932
-0.984156 0.218745 2.799921 -0.114605875 -0.807641401 0.578429651 0.911403 0.035178
-0.993597 0.22192 2.801548 -0.0385998186 -0.486197715 0.872995897 0.919884 0.03499
-0.993597 0.220286 2.800355 -0.10979994 -0.819199554 0.562899693 0.91948 0.035349
-0.983636 0.220365 2.801117 -0.0403018618 -0.477622064 0.877640544 0.91141 0.034743
-0.993597 0.225457 2.802979 -0.0110000217 -0.338500667 0.940901854 0.920647 0.033716
-0.983055 0.224 2.802581 -0.012100206 -0.334505695 0.942316043 0.911708 0.033341
-1.002548 0.223364 2.801957 -0.0468012871 -0.495013613 0.86762386 0.927274 0.03523
-1.002548 0.221802 2.800785 -0.130295913 -0.827074055 0.546782848 0.926875 0.035463
-1.002548 0.226759 2.803348 -0.0130010115 -0.341826595 0.939673109 0.928057 0.034127
-0.972917 0.218436 2.800601 -0.0511028084 -0.459225237 0.886848738 0.901922 0.034639
-0.975 0.216991 2.799432 -0.145503959 -0.780321233 0.60821655 0.903151 0.03501
-0.96372 0.215936 2.799918 -0.0701024193 -0.412114222 0.908431351 0.893127 0.034648
-0.967409 0.214856 2.798833 -0.215808817 -0.699928596 0.680827816 0.895638 0.034856
-0.970594 0.222098 2.802088 -0.0149996906 -0.326493265 0.945080503 0.900835 0.033229
-0.975694 0.216734 2.798249 -0.226093455 -0.97377181 0.0254992618 0.903499 0.035049
-0.98433 0.218429 2.798729 -0.176902896 -0.984216112 0.00490008021 0.911352 0.035147
-0.975694 0.217138 2.796823 -0.242305087 -0.933419597 -0.264605555 0.903425 0.035096
-0.98433 0.218834 2.797303 -0.18490164 -0.945508387 -0.268002377 0.911294 0.035059
-0.968638 0.214721 2.797678 -0.352704146 -0.932410961 0.0788009263 0.89642 0.034938
-0.968638 0.215125 2.796252 -0.393026176 -0.88465892 -0.250816705 0.896357 0.035123
-0.993597 0.219967 2.799165 -0.166195401 -0.986072716 -0.00629982569 0.919318 0.035214
-1.002548 0.221506 2.799602 -0.192398599 -0.981192857 -0.0155998864 0.926733 0.035231
-0.993597 0.220371 2.797739 -0.172896554 -0.947581115 -0.268694645 0.919285 0.035006
-1.002548 0.221911 2.798176 -0.200202939 -0.942613838 -0.267203923 0.926719 0.034935
-0.98433 0.219978 2.793269 -0.18490164 -0.945508387 -0.268002377 0.911257 0.035756
-0.993597 0.220909 2.79584 -0.172901199 -0.947606572 -0.268601863 0.919265 0.035146
-0.993597 0.221515 2.793705 -0.172896554 -0.947581115 -0.268694645 0.919254 0.035459
-0.98433 0.219372 2.795404 -0.18490164 -0.945508387 -0.268002377 0.911264 0.03532
-1.002548 0.222449 2.796277 -0.200202939 -0.942613838 -0.267203923 0.926705 0.034979
-1.002548 0.223054 2.794141 -0.200202939 -0.942613838 -0.267203923 0.926733 0.035231
-0.975694 0.217677 2.794924 -0.242305087 -0.933419597 -0.264605555 0.903389 0.035489
-0.975694 0.218282 2.792788 -0.242305087 -0.933419597 -0.264605555 0.903387 0.036054
-0.968638 0.215664 2.794353 -0.393026176 -0.88465892 -0.250816705 0.896331 0.03564
-0.968638 0.216269 2.792217 -0.393026176 -0.88465892 -0.250816705 0.896336 0.036322
-0.975694 0.218888 2.790653 -0.242305087 -0.933419597 -0.264605555 0.903411 0.036619
-0.98433 0.220583 2.791133 -0.18490164 -0.945508387 -0.268002377 0.911268 0.036192
-0.975694 0.219426 2.788754 -0.242305087 -0.933419597 -0.264605555 0.903456 0.03701
-0.98433 0.221121 2.789234 -0.18490164 -0.945508387 -0.268002377 0.911291 0.036454
-0.968638 0.216875 2.790082 -0.393026176 -0.88465892 -0.250816705 0.896365 0.037004
-0.968638 0.217413 2.788183 -0.393026176 -0.88465892 -0.250816705 0.896415 0.037519
-0.993597 0.22212 2.791569 -0.172896554 -0.947581115 -0.268694645 0.919247 0.035774
-1.002548 0.22366 2.792006 -0.200197589 -0.942588647 -0.26729678 0.926657 0.035412
-0.993597 0.222659 2.78967 -0.172896554 -0.947581115 -0.268694645 0.919238 0.035916
-1.002548 0.224198 2.790107 -0.200197589 -0.942588647 -0.26729678 0.926615 0.035463
-0.984156 0.222357 2.786938 -0.119899068 -0.422296717 -0.898493014 0.911331 0.036291
-0.993597 0.223063 2.788244 -0.16719906 -0.855195194 -0.490597243 0.919222 0.035714
-0.993597 0.223894 2.787376 -0.115598813 -0.443895443 -0.888590879 0.919254 0.035459
-0.98433 0.221526 2.787808 -0.177806877 -0.84703276 -0.500919373 0.911319 0.036365
-1.002548 0.224603 2.788681 -0.19369954 -0.855897967 -0.479498861 0.926556 0.035178
-1.002548 0.22541 2.787806 -0.137309258 -0.460531052 -0.876959131 0.926606 0.034905
-0.975694 0.219831 2.787328 -0.226815078 -0.826054914 -0.515934298 0.903516 0.037054
-0.974999 0.220616 2.786437 -0.150498978 -0.376297445 -0.914193793 0.903147 0.037081
-0.968638 0.217817 2.786757 -0.353206942 -0.76061495 -0.544710706 0.896477 0.037701
-0.967409 0.218499 2.785831 -0.220815801 -0.258018463 -0.940567305 0.895688 0.037809
-0.972917 0.222298 2.786146 -0.054701379 0.054301369 -0.997025135 0.901906 0.03742
-0.983635 0.224175 2.786707 -0.0443983284 0.0264990023 -0.998662401 0.9113 0.036595
-0.970594 0.225825 2.786678 -0.0162008255 0.20821061 -0.977949833 0.900842 0.038623
-0.983055 0.227649 2.787239 -0.0137003666 0.197405282 -0.980226226 0.911578 0.037696
-0.96372 0.219868 2.785434 -0.0727026221 0.114704137 -0.990735732 0.89318 0.038104
-0.993597 0.225712 2.787153 -0.0433989498 0.0127996903 -0.998975825 0.919655 0.035732
-1.002548 0.227157 2.787563 -0.0530994271 -9.9998921e-05 -0.998589225 0.926893 0.034991
-0.993597 0.229079 2.787659 -0.0130006115 0.191809022 -0.981346159 0.920346 0.036684
-1.002548 0.230381 2.788028 -0.0157002375 0.187102831 -0.982214861 0.927544 0.035783
-1.016924 0.258799 2.797551 9.99985985e-05 0.999885987 -0.0150997884 0.946484 0.035875
-1.022891 0.258783 2.796832 0.000300002672 0.998908895 -0.0467004159 0.950793 0.036359
-1.022891 0.2588 2.797551 0.000100000059 0.999900585 -0.0141000082 0.951137 0.035454
-1.016924 0.258782 2.796832 0.000300013232 0.998744051 -0.0501022098 0.946198 0.036908
-1.022891 0.25875 2.796366 0.000800027833 0.991734503 -0.128304464 0.950472 0.037421
-1.016924 0.258746 2.796365 0.000600025667 0.990542371 -0.137205869 0.945921 0.038107
-1.028406 0.258785 2.796833 0.000399991724 0.999079329 -0.0428991124 0.954988 0.035847
-1.028406 0.2588 2.797551 0.000100001679 0.999916784 -0.0129002165 0.955405 0.035054
-1.028406 0.258755 2.796367 0.000899969235 0.992966056 -0.118395953 0.954615 0.036786
-1.010233 0.25878 2.796831 0.000199996776 0.998583903 -0.0531991424 0.940968 0.037542
-1.010233 0.258799 2.797551 0.000100007198 0.999871968 -0.0160011517 0.941211 0.036358
-1.010233 0.258742 2.796363 0.000500001088 0.989402152 -0.145200316 0.940726 0.038896
-1.010233 0.258805 2.798599 0 0.9999955 -0.0029999865 0.94145 0.035397
-1.016924 0.258805 2.798599 0 0.99999608 -0.00279998902 0.946776 0.035058
-1.010233 0.258805 2.800054 0 1 0 0.941677 0.034712
-1.016924 0.258805 2.800054 0 1 0 0.947072 0.034512
-1.022891 0.258805 2.798599 0 0.99999662 -0.00259999121 0.951505 0.034759
-1.028406 0.258805 2.798599 0 0.99999712 -0.00239999309 0.955876 0.034454
-1.022891 0.258805 2.800054 0 1 0 0.9519 0.034322
-1.028406 0.258805 2.800054 0 1 0 0.956412 0.034099
-1.016924 0.258805 2.804168 0 1 0 0.947646 0.034213
-1.022891 0.258805 2.80199 0 1 0 0.952325 0.034197
-1.022891 0.258805 2.804168 0 1 0 0.95276 0.034218
-1.016924 0.258805 2.80199 0 1 0 0.947367 0.034286
-1.028406 0.258805 2.80199 0 1 0 0.957024 0.034036
-1.028406 0.258805 2.804168 0 1 0 0.957691 0.034113
-1.010233 0.258805 2.80199 0 1 0 0.941886 0.034358
-1.010233 0.258805 2.804168 0 1 0 0.942066 0.03416
-1.010233 0.258805 2.806345 0 1 0 0.942206 0.033947
-1.016924 0.258805 2.806345 0 1 0 0.947893 0.034122
-1.010233 0.258805 2.808281 0 1 0 0.942293 0.033544
-1.016924 0.258805 2.808281 0 1 0 0.948092 0.033843
-1.022891 0.258805 2.806345 0 1 0 0.953185 0.03422
-1.028406 0.258805 2.806345 0 1 0 0.958392 0.034175
-1.022891 0.258805 2.808281 0 1 0 0.953581 0.03404
-1.028406 0.258805 2.808281 0 1 0 0.959108 0.034067
-1.016924 0.258798 2.810781 0.00010000451 0.999845089 0.0176007937 0.948307 0.032257
-1.022891 0.258805 2.809736 0 0.999995195 0.0030999851 0.953929 0.033514
-1.022891 0.258799 2.810781 0.000100006386 0.999863843 0.0165010536 0.95421 0.032683
-1.016924 0.258805 2.809736 0 0.99999488 0.00319998362 0.948227 0.033206
-1.028406 0.258805 2.809736 0 0.99999608 0.00279998902 0.959816 0.033636
-1.028406 0.258799 2.810781 9.99981411e-05 0.999881412 0.0153997137 0.960444 0.032918
-1.010233 0.258805 2.809736 0 0.99999422 0.00339998035 0.942319 0.032779
-1.010233 0.258798 2.81078 0.0001000027 0.999826991 0.0186005021 0.942296 0.031703
-1.010233 0.258777 2.811489 0.00019999764 0.997988224 0.0633992519 0.942241 0.030368
-1.016924 0.258778 2.811489 0.000299999501 0.998198338 0.0599999001 0.948338 0.031044
-1.010233 0.258733 2.811934 0.000500025139 0.982849414 0.184409271 0.942168 0.028824
-1.016924 0.258737 2.811935 0.000700002559 0.984603599 0.174800639 0.948329 0.029613
-1.022891 0.25878 2.81149 0.000300002459 0.998408182 0.0564004622 0.954406 0.031587
-1.028406 0.258781 2.81149 0.000400012519 0.998631253 0.0523016368 0.96092 0.031949
-1.022891 0.258741 2.811936 0.000800021105 0.986426022 0.164204332 0.954499 0.03027
-1.028406 0.258746 2.811937 0.00100001818 0.988317963 0.15240277 0.961172 0.030767
-1.038592 0.258798 2.797555 -0.00130005586 0.999942968 -0.0106004555 0.963264 0.034254
-1.042289 0.25878 2.796902 -0.00409987032 0.99936839 -0.0352988835 0.965471 0.03455
-1.042659 0.25879 2.797566 -0.00420014251 0.999933928 -0.0107003631 0.966382 0.034002
-1.0385 0.258786 2.796851 -0.00120006986 0.999358179 -0.0358020843 0.962604 0.034871
-1.042043 0.25876 2.796498 -0.00429994507 0.995887278 -0.0904988439 0.96481 0.035145
-1.038438 0.258762 2.796401 -0.00130003402 0.995126043 -0.0986025805 0.962078 0.035581
-1.045049 0.258764 2.796933 -0.0103998681 0.998887329 -0.0459994165 0.967505 0.034449
-1.045722 0.258772 2.79757 -0.0117002227 0.999819032 -0.0150002855 0.968686 0.033951
-1.044141 0.258753 2.796627 -0.00809979564 0.996574857 -0.0822979236 0.966455 0.034907
-1.03374 0.258787 2.796833 0.000100003918 0.999239146 -0.0390015279 0.959017 0.035327
-1.033741 0.258801 2.797551 -0.000200006306 0.999931528 -0.0117003689 0.959526 0.034629
-1.03374 0.25876 2.796368 0.000400015885 0.994139478 -0.108104293 0.958581 0.03615
-1.033741 0.258805 2.798599 -0.000299999325 0.99999775 -0.00209999528 0.960132 0.034102
-1.038623 0.258802 2.798599 -0.0013999961 0.999997215 -0.00189999471 0.964036 0.03378
-1.033741 0.258805 2.800054 -0.000299999987 0.999999955 0 0.960858 0.033794
-1.038623 0.258802 2.800053 -0.00149999831 0.99999887 9.9999887e-05 0.964973 0.033493
-1.042782 0.258793 2.798596 -0.00409996029 0.999990315 -0.0015999845 0.967351 0.033566
-1.045946 0.258774 2.79859 -0.0114003764 0.999933013 -0.00200006603 0.969842 0.033538
-1.042782 0.258793 2.80005 -0.00409996546 0.999991575 0.000199998315 0.968492 0.033279
-1.045946 0.258774 2.800044 -0.0114003971 0.999934833 0.000600020902 0.97115 0.033234
-1.038623 0.258802 2.804167 -0.00159999794 0.999998715 9.99998715e-05 0.967487 0.033493
-1.042782 0.258792 2.801986 -0.00429996016 0.999990735 0.000199998147 0.969918 0.033176
-1.042782 0.258792 2.804164 -0.00439995732 0.9999903 0.00019999806 0.971615 0.033167
-1.038623 0.258802 2.801989 -0.00149999831 0.99999887 9.9999887e-05 0.966128 0.033436
-1.045946 0.258773 2.80198 -0.011700367 0.999931368 0.000600018823 0.972788 0.033061
-1.045946 0.258771 2.804158 -0.012100322 0.999926608 0.000600015967 0.974738 0.032957
-1.033741 0.258805 2.80199 -0.000299999987 0.999999955 0 0.961728 0.033753
-1.033741 0.258805 2.804168 -0.000299999987 0.999999955 0 0.962723 0.03384
-1.033741 0.258805 2.806345 -0.000299999987 0.999999955 0 0.963825 0.033919
-1.038623 0.258802 2.806344 -0.00159999794 0.999998715 9.99998715e-05 0.969034 0.03355
-1.033741 0.258805 2.808281 -0.000399999968 0.99999992 0 0.965016 0.033852
-1.038623 0.258802 2.80828 -0.00159999794 0.999998715 9.99998715e-05 0.970754 0.033491
-1.042782 0.258791 2.806341 -0.00459995124 0.9999894 0.00019999788 0.973569 0.033164
-1.045946 0.25877 2.806336 -0.0125002711 0.999921689 0.000600013014 0.976984 0.03286
-1.042782 0.258791 2.808278 -0.004699948 0.999988935 0.000199997787 0.975768 0.033078
-1.045946 0.258769 2.808272 -0.0129002143 0.999916609 0.000600009966 0.979506 0.032707
-1.038592 0.258797 2.810776 -0.00160001855 0.999911594 0.0132001531 0.974325 0.032711
-1.042782 0.25879 2.809732 -0.00489992462 0.999984615 0.00259996 0.978198 0.032817
-1.042659 0.258786 2.81076 -0.00519994007 0.999888476 0.0139998387 0.980189 0.032417
-1.038623 0.258802 2.809735 -0.00169999223 0.99999543 0.00249998858 0.972633 0.033201
-1.045946 0.258768 2.809726 -0.013600004 0.999900295 0.00380000112 0.982288 0.032437
-1.045722 0.258764 2.810745 -0.014599815 0.999687334 0.0202997428 0.984404 0.032083
-1.033741 0.258805 2.809736 -0.000299998973 0.999996575 0.0025999911 0.966278 0.033503
-1.033741 0.2588 2.810781 -0.000199999831 0.999899155 0.014199988 0.967446 0.032903
-1.033741 0.258783 2.811491 0 0.998837617 0.0482018153 0.968355 0.032083
-1.0385 0.258782 2.811473 -0.00159997715 0.998985735 0.0449993574 0.975483 0.03205
-1.033741 0.258751 2.811939 0.000300006879 0.990122704 0.140203215 0.968842 0.031076
-1.038438 0.258753 2.811907 -0.00200005863 0.99162907 0.129103785 0.976064 0.031243
-1.042289 0.258773 2.811417 -0.00540029289 0.99895418 0.0454024625 0.981072 0.03191
-1.04505 0.258754 2.811377 -0.0136008606 0.998063154 0.0607038412 0.984927 0.031676
-1.042043 0.258749 2.811809 -0.00590023855 0.992840141 0.119304824 0.981393 0.031313
-1.044141 0.25874 2.811676 -0.0109002792 0.994025462 0.108602782 0.984148 0.031323
-1.016924 0.225325 2.801784 -0.212513122 -0.833551469 0.509931487 0.938397 0.035389
-1.022891 0.228661 2.803459 -0.103902384 -0.526312076 0.843919364 0.943666 0.03523
-1.022891 0.22736 2.802361 -0.259215334 -0.834149346 0.486828799 0.943106 0.035278
-1.016924 0.226722 2.802909 -0.0815971601 -0.514382097 0.853670289 0.938875 0.035296
-1.022891 0.231532 2.804701 -0.0295004941 -0.353905928 0.934815658 0.944724 0.034478
-1.016924 0.229785 2.804206 -0.0229001207 -0.34910184 0.936804937 0.939804 0.034441
-1.028406 0.230789 2.804062 -0.127302397 -0.540410176 0.831715661 0.94817 0.035172
-1.028406 0.229593 2.802994 -0.303209454 -0.834426018 0.46021435 0.947504 0.035171
-1.028406 0.233451 2.805245 -0.0367002529 -0.359802479 0.932306424 0.949397 0.034526
-1.010233 0.224961 2.80241 -0.0623028894 -0.504023375 0.86143995 0.933507 0.035314
-1.010233 0.223477 2.80126 -0.16830788 -0.831238915 0.529824804 0.933083 0.035463
-1.010233 0.228198 2.803756 -0.0173994749 -0.345189582 0.93837168 0.934346 0.034347
-1.010233 0.223208 2.800084 -0.243097465 -0.969689886 -0.0245997434 0.932933 0.035178
-1.016924 0.225085 2.800616 -0.299193532 -0.953579384 -0.0341992606 0.938216 0.035081
-1.010233 0.223612 2.798658 -0.252192202 -0.930971215 -0.263991837 0.932917 0.034841
-1.016924 0.225489 2.79919 -0.309390915 -0.914873135 -0.259392383 0.938178 0.034732
-1.022891 0.227151 2.801202 -0.355416477 -0.933643285 -0.0446020678 0.942875 0.034961
-1.028406 0.22942 2.801845 -0.404301595 -0.912903601 -0.0561002213 0.947208 0.034843
-1.022891 0.227555 2.799776 -0.366012348 -0.895330204 -0.253808562 0.942803 0.034618
-1.028406 0.229824 2.800419 -0.414600694 -0.875501466 -0.248200416 0.947072 0.034512
-1.016924 0.226633 2.795156 -0.309390915 -0.914873135 -0.259392383 0.938072 0.03484
-1.022891 0.228094 2.797877 -0.366012348 -0.895330204 -0.253808562 0.942721 0.034589
-1.022891 0.228699 2.795742 -0.366012348 -0.895330204 -0.253808562 0.942629 0.03472
-1.016924 0.226028 2.797291 -0.309390915 -0.914873135 -0.259392383 0.938131 0.034705
-1.028406 0.230362 2.79852 -0.414600694 -0.875501466 -0.248200416 0.946965 0.034482
-1.028406 0.230968 2.796385 -0.414517879 -0.875537763 -0.248210706 0.946827 0.034618
-1.010233 0.22415 2.796759 -0.252192202 -0.930971215 -0.263991837 0.932917 0.034841
-1.010233 0.224756 2.794624 -0.252198859 -0.930995787 -0.263898806 0.932858 0.034993
-1.010233 0.225361 2.792488 -0.252198859 -0.930995787 -0.263898806 0.932809 0.035156
-1.016924 0.227239 2.79302 -0.309390915 -0.914873135 -0.259392383 0.938 0.03498
-1.010233 0.2259 2.790589 -0.252198859 -0.930995787 -0.263898806 0.932743 0.035159
-1.016924 0.227777 2.791121 -0.309390915 -0.914873135 -0.259392383 0.937911 0.034968
-1.022891 0.229305 2.793606 -0.366012348 -0.895330204 -0.253808562 0.942525 0.034859
-1.028406 0.231573 2.794249 -0.414600694 -0.875501466 -0.248200416 0.946682 0.034768
-1.022891 0.229843 2.791707 -0.366012348 -0.895330204 -0.253808562 0.94241 0.034855
-1.028406 0.232112 2.79235 -0.414600694 -0.875501466 -0.248200416 0.94653 0.034783
-1.016924 0.228933 2.788805 -0.223807143 -0.487715566 -0.843826931 0.937809 0.034315
-1.022891 0.230247 2.790281 -0.357415182 -0.829835248 -0.428518202 0.942282 0.034554
-1.022891 0.230967 2.789382 -0.272998858 -0.501597901 -0.820896565 0.942272 0.034232
-1.016924 0.228181 2.789695 -0.300995067 -0.841686205 -0.448292653 0.937804 0.034646
-1.028406 0.232516 2.790924 -0.406430382 -0.81776113 -0.407530464 0.946373 0.034515
-1.028406 0.233201 2.790015 -0.319301951 -0.517303161 -0.794004851 0.946339 0.034211
-1.010233 0.226304 2.789163 -0.244617905 -0.850662267 -0.465334061 0.932656 0.034838
-1.010233 0.227085 2.788281 -0.177305332 -0.474114257 -0.862425934 0.932678 0.03452
-1.010233 0.228753 2.788015 -0.0709986439 -0.0137997364 -0.99738095 0.932939 0.034529
-1.016924 0.230515 2.788515 -0.09350569 -0.0302018378 -0.995160557 0.938056 0.034276
-1.010233 0.23182 2.788436 -0.0211003429 0.182302962 -0.983015974 0.933568 0.035191
-1.016924 0.233408 2.788886 -0.028099985 0.176499906 -0.983899474 0.938674 0.03483
-1.022891 0.232453 2.789064 -0.11959732 -0.0496988865 -0.991577784 0.942508 0.034163
-1.028406 0.234582 2.789668 -0.14740614 -0.0735030615 -0.986341082 0.946557 0.034118
-1.022891 0.235155 2.789382 -0.0364003347 0.169201556 -0.984909056 0.943118 0.034621
-1.028406 0.237074 2.789926 -0.0456988642 0.159896026 -0.986075491 0.947155 0.034486
-1.038592 0.234744 2.804442 -0.447230408 -0.804754717 0.390326539 0.956232 0.035005
-1.042289 0.238358 2.806104 -0.308210281 -0.543718136 0.780626038 0.961189 0.034901
-1.042659 0.237749 2.805258 -0.569712517 -0.732116085 0.373408204 0.960555 0.03479
-1.0385 0.235647 2.805413 -0.225306221 -0.5650156 0.793721915 0.957057 0.035122
-1.042043 0.240039 2.806953 -0.133700464 -0.373601296 0.917903185 0.962597 0.034593
-1.038438 0.237771 2.80643 -0.0826001958 -0.374100887 0.923702189 0.958607 0.03472
-1.04505 0.241409 2.806888 -0.392132293 -0.472538915 0.789264999 0.965248 0.034473
-1.045722 0.241142 2.806165 -0.706721039 -0.581417309 0.403112001 0.964921 0.034401
-1.044141 0.241927 2.807326 -0.18209738 -0.364094761 0.913386856 0.965393 0.03432
-1.033741 0.233121 2.804723 -0.163198432 -0.556894651 0.814392178 0.952675 0.035174
-1.033741 0.23204 2.803688 -0.359100478 -0.830301104 0.426200567 0.95188 0.035106
-1.033741 0.235553 2.805841 -0.0506011805 -0.367308569 0.928721667 0.954116 0.034652
-1.033741 0.231904 2.80255 -0.460892379 -0.884885369 -0.0674988839 0.951505 0.034759
-1.038623 0.234664 2.803325 -0.549226314 -0.832539888 -0.0723034641 0.955806 0.034633
-1.033741 0.232309 2.801124 -0.471005593 -0.848910081 -0.239802848 0.951344 0.034408
-1.038623 0.235062 2.801899 -0.55812846 -0.799640775 -0.221511295 0.955569 0.034292
-1.042782 0.237757 2.804182 -0.675441727 -0.735245421 -0.0565034906 0.960123 0.034442
-1.045946 0.241243 2.80513 -0.829214155 -0.558909541 -0.00490008365 0.964486 0.034129
-1.042782 0.238137 2.802754 -0.681605449 -0.707605657 -0.186301489 0.959774 0.034134
-1.045946 0.241585 2.803699 -0.834297072 -0.536298118 -0.127799551 0.96397 0.033904
-1.038623 0.236188 2.797863 -0.553811771 -0.802417056 -0.222304725 0.955029 0.034423
-1.042782 0.238642 2.800853 -0.677922497 -0.710923592 -0.187106209 0.959389 0.03414
-1.042782 0.23921 2.798715 -0.673525965 -0.714827557 -0.188107252 0.958983 0.034321
-1.038623 0.235592 2.799999 -0.556120124 -0.800928982 -0.22190803 0.955307 0.034271
-1.045946 0.24204 2.801794 -0.830239221 -0.542225615 -0.129206104 0.963402 0.033977
-1.045946 0.242552 2.799652 -0.825516556 -0.549011011 -0.130802623 0.962807 0.034212
-1.033741 0.232847 2.799225 -0.47041862 -0.849233613 -0.239809492 0.951163 0.03438
-1.033741 0.233453 2.797089 -0.469820132 -0.849536403 -0.23991028 0.950969 0.03452
-1.033741 0.234058 2.794954 -0.469299406 -0.849798925 -0.239999696 0.950768 0.034682
-1.038623 0.236784 2.795727 -0.551499242 -0.803898895 -0.222699694 0.954743 0.034603
-1.033741 0.234597 2.793055 -0.468700537 -0.850100973 -0.240100275 0.950563 0.034718
-1.038623 0.237315 2.793827 -0.549492777 -0.805189416 -0.222997069 0.954458 0.034667
-1.042782 0.239778 2.796576 -0.669153675 -0.718657646 -0.18911517 0.95857 0.034534
-1.045946 0.243064 2.79751 -0.820625058 -0.555916975 -0.132404043 0.962209 0.034478
-1.042782 0.240283 2.794675 -0.665137774 -0.722141012 -0.190010791 0.958164 0.034639
-1.045946 0.24352 2.795605 -0.816103881 -0.562202673 -0.133800636 0.961632 0.034642
-1.038592 0.238294 2.791468 -0.457402095 -0.537802463 -0.708203244 0.95402 0.034205
-1.042782 0.240663 2.793247 -0.657722912 -0.691024072 -0.299810444 0.957781 0.034493
-1.042659 0.241129 2.792299 -0.574131044 -0.495726805 -0.651635235 0.957462 0.034274
-1.038623 0.237713 2.792401 -0.540832121 -0.766345515 -0.346720592 0.954181 0.034468
-1.045946 0.243862 2.794175 -0.811198816 -0.531799224 -0.243199645 0.9611 0.03457
-1.045722 0.24419 2.793201 -0.712386646 -0.357693295 -0.603788682 0.960571 0.03442
-1.033741 0.235001 2.791629 -0.460328916 -0.801250332 -0.38222401 0.950359 0.034481
-1.033741 0.235648 2.790709 -0.374407973 -0.534211376 -0.75791614 0.950284 0.034193
-1.033741 0.236914 2.790329 -0.186793137 -0.103196209 -0.976964107 0.950469 0.034074
-1.0385 0.239376 2.79105 -0.250292719 -0.127996277 -0.959672084 0.954085 0.034073
-1.03374 0.239175 2.790521 -0.0620025732 0.148006142 -0.987040963 0.951041 0.034346
-1.038438 0.241332 2.791171 -0.0958045983 0.135406499 -0.986147331 0.954565 0.034259
-1.042289 0.241896 2.791834 -0.332599772 -0.123099916 -0.93499936 0.957251 0.034162
-1.045049 0.244604 2.792665 -0.415912656 -0.0552016798 -0.907727623 0.959998 0.034348
-1.042043 0.243418 2.791875 -0.148108293 0.129507251 -0.980454897 0.957462 0.034274
-1.044141 0.245065 2.792494 -0.196510551 0.132907136 -0.971452159 0.959495 0.034407
-1.00451 0.042631 2.749758 -9.99976371e-05 -0.99747643 0.0709983223 0.874284 0.037209
-1.011819 0.042773 2.750503 -0.0168004785 -0.970427638 0.240806858 0.874284 0.037209
-1.012692 0.042691 2.749765 -0.0185009729 -0.996352395 0.0833043807 0.874284 0.037209
-1.004459 0.042718 2.750526 -0.000399996918 -0.975092487 0.221798291 0.87435 0.037234
-1.011174 0.042936 2.750981 -0.0135997832 -0.877386015 0.479592355 0.874284 0.037209
-1.004358 0.042892 2.751039 -0.000599983807 -0.877876306 0.478887075 0.874354 0.037255
-1.017898 0.042936 2.75051 -0.039799645 -0.947791546 0.316397178 0.87423 0.037177
-1.019439 0.04287 2.749806 -0.0524989558 -0.990280304 0.128797438 0.87423 0.037177
-1.015815 0.043024 2.750864 -0.0283021208 -0.877065721 0.479535933 0.87423 0.037177
-0.997036 0.042773 2.750503 0.0161009705 -0.971858581 0.235014166 0.874354 0.037255
-0.996258 0.042691 2.749765 0.0179008067 -0.99654491 0.081103655 0.874354 0.037255
-0.990769 0.042936 2.75051 0.0379983748 -0.952459264 0.302287071 0.874496 0.037271
-0.989303 0.04287 2.749806 0.0491011011 -0.991522235 0.120302698 0.874496 0.037271
-0.997492 0.042936 2.750981 0.0130000379 -0.879402563 0.475901387 0.874354 0.037255
-0.992748 0.043024 2.750864 0.0274998445 -0.884095 0.466497362 0.874496 0.037271
-0.995999 0.042664 2.748652 0.0171008808 -0.999751494 0.0143007366 0.87435 0.037234
-1.004526 0.042602 2.748634 -0.000100001549 -0.999915489 0.0130002014 0.87435 0.037234
-0.995999 0.042664 2.747096 0.0164010743 -0.999865493 0 0.87435 0.037234
-1.004526 0.042602 2.747078 0 -1 0 0.87435 0.037234
-0.988814 0.042848 2.748704 0.0501009594 -0.998519122 0.021200406 0.874496 0.037271
-0.988814 0.042848 2.747148 0.0475033802 -0.998871077 0 0.874495 0.037234
-1.012983 0.042664 2.748652 -0.0176006776 -0.999738486 0.0146005621 0.874284 0.037209
-1.019953 0.042848 2.748704 -0.0538993697 -0.998288325 0.0226997345 0.87423 0.037177
-1.012983 0.042664 2.747096 -0.0169009663 -0.999857168 0 0.874284 0.037209
-1.019953 0.042848 2.747148 -0.0509999314 -0.998698657 0 0.87423 0.037177
-1.004526 0.042602 2.742694 0 -1 0 0.87435 0.037234
-1.012983 0.042664 2.745031 -0.0169009663 -0.999857168 0 0.874284 0.037209
-1.012983 0.042664 2.742711 -0.0169009663 -0.999857168 0 0.874284 0.037209
-1.004526 0.042602 2.745014 0 -1 0 0.87435 0.037234
-1.019953 0.042848 2.745084 -0.0509999314 -0.998698657 0 0.87423 0.037177
-1.019953 0.042848 2.742764 -0.0509999314 -0.998698657 0 0.87423 0.037177
-0.995999 0.042664 2.745031 0.0164010743 -0.999865493 0 0.87435 0.037234
-0.995999 0.042664 2.742711 0.0164010743 -0.999865493 0 0.87435 0.037234
-0.988814 0.042848 2.745084 0.0475033802 -0.998871077 0 0.874495 0.037234
-0.988814 0.042848 2.742764 0.0475033802 -0.998871077 0 0.874495 0.037234
-0.995999 0.042664 2.740388 0.0164010743 -0.999865493 0 0.874358 0.037134
-1.004526 0.042602 2.740371 0 -1 0 0.874358 0.037134
-0.995999 0.042664 2.738314 0.0164010743 -0.999865493 0 0.874358 0.037134
-1.004526 0.042602 2.738297 0 -1 0 0.874358 0.037134
-0.988814 0.042848 2.74044 0.0475033802 -0.998871077 0 0.874499 0.037108
-0.988814 0.042848 2.738366 0.0475033802 -0.998871077 0 0.874499 0.037108
-1.012983 0.042664 2.740388 -0.0169009663 -0.999857168 0 0.874285 0.037148
-1.019953 0.042848 2.74044 -0.0509999314 -0.998698657 0 0.87423 0.037177
-1.012983 0.042664 2.738314 -0.0169009663 -0.999857168 0 0.874285 0.037148
-1.019953 0.042848 2.738366 -0.0509999314 -0.998698657 0 0.87423 0.037177
-1.00451 0.042631 2.735598 -0.000199997571 -0.997287888 -0.0735991061 0.874358 0.037134
-1.012983 0.042664 2.736742 -0.0178005962 -0.999733482 -0.0147004923 0.874285 0.037148
-1.012692 0.042691 2.735625 -0.0196010559 -0.995953653 -0.0877047248 0.874285 0.037148
-1.004526 0.042602 2.736724 -0.000100001549 -0.999915489 -0.0130002014 0.874358 0.037134
-1.019953 0.042848 2.736794 -0.0547016898 -0.998230836 -0.0233007198 0.87423 0.037177
-1.019439 0.04287 2.735685 -0.0576009902 -0.988116986 -0.14250245 0.87423 0.037177
-0.995999 0.042664 2.736742 0.0172008318 -0.999748344 -0.0144006964 0.874358 0.037134
-0.996258 0.042691 2.735625 0.0189996724 -0.996182826 -0.0851985312 0.874429 0.037032
-0.988814 0.042848 2.736794 0.0506990038 -0.99848038 -0.0215995756 0.87449 0.036995
-0.989303 0.04287 2.735685 0.0535009657 -0.989817866 -0.131902381 0.87449 0.036995
-0.997036 0.042773 2.734916 0.0191995828 -0.962079094 -0.272094087 0.874429 0.037032
-1.004459 0.042718 2.734861 -0.000500017053 -0.967332991 -0.253508646 0.874358 0.037134
-0.997492 0.042936 2.734515 0.0161998953 -0.790694888 -0.611996043 0.874429 0.037032
-1.004358 0.042892 2.73443 -0.00130001928 -0.787111673 -0.616809147 0.874358 0.037134
-0.990768 0.042936 2.735002 0.0465019396 -0.928338722 -0.368815384 0.87449 0.036995
-0.992748 0.043024 2.734687 0.0356032961 -0.804374468 -0.593054905 0.87449 0.036995
-1.011819 0.042773 2.734916 -0.0200994748 -0.959674924 -0.280392673 0.874285 0.037148
-1.017897 0.042936 2.735002 -0.0490989871 -0.919381033 -0.390291948 0.87423 0.037177
-1.011174 0.042936 2.734515 -0.0170013519 -0.786662554 -0.617149075 0.874285 0.037148
-1.015815 0.043024 2.734687 -0.0367997407 -0.789694437 -0.612395686 0.874285 0.037148
-0.960311 0.212196 2.784052 -0.35522088 0.143808453 -0.923654294 0.88542 0.03879
-0.955879 0.207378 2.781931 -0.114905013 0.28121227 -0.952741569 0.879501 0.039061
-0.959892 0.20718 2.782632 -0.401123743 0.264015628 -0.87715192 0.88206 0.039011
-0.955962 0.212555 2.783392 -0.10010632 0.245315487 -0.964260876 0.882421 0.038833
-0.957418 0.200421 2.779959 -0.131104493 0.298910244 -0.945232394 0.877527 0.03904
-0.960977 0.200222 2.780659 -0.441511455 0.321908352 -0.83752173 0.879488 0.038959
-0.958322 0.216669 2.784538 -0.0885008098 0.190401742 -0.977708946 0.886833 0.038545
-0.962665 0.215831 2.785078 -0.301712562 -0.047001957 -0.952239647 0.889871 0.038384
-0.964112 0.215326 2.786051 -0.602617476 -0.550015951 -0.578216769 0.89087 0.038226
-0.961761 0.211852 2.785065 -0.830077446 -0.165415433 -0.532549687 0.886457 0.038593
-0.964112 0.214922 2.787477 -0.686532477 -0.699533092 -0.198309381 0.890848 0.037916
-0.961761 0.211448 2.786491 -0.942807948 -0.320702704 -0.0909007663 0.886498 0.038184
-0.961229 0.206889 2.783658 -0.895559279 0.137609109 -0.423128008 0.883001 0.038763
-0.962163 0.199931 2.781685 -0.899898331 0.261099516 -0.349299352 0.880264 0.038699
-0.961229 0.206485 2.785084 -0.999916989 0.0124002107 0.00350005947 0.883105 0.038303
-0.962163 0.199527 2.783112 -0.986124954 0.159704041 0.0453011464 0.880411 0.038256
-0.961761 0.210304 2.790526 -0.942807948 -0.320702704 -0.0909007663 0.886494 0.036688
-0.961229 0.205946 2.786983 -0.999916989 0.0124002107 0.00350005947 0.883154 0.037613
-0.961229 0.205341 2.789119 -0.999916989 0.0124002107 0.00350005947 0.883152 0.03681
-0.961761 0.210909 2.78839 -0.942807948 -0.320702704 -0.0909007663 0.886509 0.037503
-0.962163 0.198988 2.785011 -0.986124954 0.159704041 0.0453011464 0.880488 0.037627
-0.962163 0.198383 2.787146 -0.986124954 0.159704041 0.0453011464 0.880496 0.036907
-0.964112 0.214384 2.789376 -0.686532477 -0.699533092 -0.198309381 0.890822 0.0373
-0.964112 0.213778 2.791511 -0.686532477 -0.699533092 -0.198309381 0.890796 0.03653
-0.964112 0.213173 2.793647 -0.686484451 -0.699584155 -0.198295509 0.890777 0.03576
-0.961761 0.209698 2.792662 -0.942807948 -0.320702704 -0.0909007663 0.886458 0.035874
-0.964112 0.212634 2.795546 -0.686484451 -0.699584155 -0.198295509 0.89077 0.035143
-0.961761 0.20916 2.794561 -0.942807948 -0.320702704 -0.0909007663 0.886406 0.035196
-0.961229 0.204735 2.791254 -0.999916989 0.0124002107 0.00350005947 0.883102 0.036009
-0.962163 0.197777 2.789282 -0.986124954 0.159704041 0.0453011464 0.88044 0.036189
-0.961229 0.204197 2.793153 -0.999916989 0.0124002107 0.00350005947 0.883009 0.035325
-0.962163 0.197239 2.791181 -0.986124954 0.159704041 0.0453011464 0.880322 0.035568
-0.960311 0.208523 2.797031 -0.354397276 -0.361497222 0.862393373 0.885298 0.034666
-0.961229 0.203792 2.79458 -0.895538057 -0.105004462 0.432418376 0.882878 0.034873
-0.959892 0.203501 2.795606 -0.400996523 -0.235497958 0.885292325 0.881922 0.034695
-0.961761 0.208756 2.795987 -0.829767455 -0.41983413 0.367729894 0.886344 0.034791
-0.962163 0.196835 2.792607 -0.899880036 0.0389991348 0.434390363 0.880147 0.035137
-0.960977 0.196544 2.793633 -0.441398912 -0.165599592 0.881897826 0.879355 0.034934
-0.964112 0.21223 2.796972 -0.602112482 -0.770215967 0.21030436 0.89078 0.034833
-0.962665 0.21217 2.798069 -0.298697606 -0.534695714 0.790493664 0.889778 0.03473
-0.958323 0.212666 2.798984 -0.0874028634 -0.347411381 0.933630586 0.886735 0.034738
-0.955962 0.208498 2.797785 -0.0999023472 -0.296406964 0.949822316 0.882296 0.034826
-0.955879 0.203303 2.796306 -0.114898372 -0.260596309 0.958586422 0.87936 0.034829
-0.957418 0.196345 2.794333 -0.131106814 -0.241712562 0.961449968 0.877389 0.034995
-0.865036 0.208446 2.797009 0.226500034 -0.813200122 0.53610008 0.817706 0.039596
-0.880973 0.203303 2.796306 0.113100921 -0.443103609 0.889307243 0.833813 0.038823
-0.87696 0.203501 2.795606 0.308312835 -0.734830592 0.60412515 0.831293 0.038545
-0.869374 0.208434 2.797767 0.0942003801 -0.490201978 0.866503496 0.820862 0.039902
-0.890986 0.196345 2.794333 0.128204651 -0.400614535 0.907232915 0.843871 0.038233
-0.887427 0.196543 2.793633 0.37550337 -0.636805715 0.673406044 0.841994 0.038029
-0.855616 0.212413 2.798912 0.0655989829 -0.506592145 0.859686671 0.804206 0.041305
-0.85132 0.211864 2.797983 0.141604427 -0.844426397 0.51661615 0.800549 0.041152
-0.83908 0.215253 2.799724 0.0362018145 -0.501425132 0.864443327 0.782452 0.043276
-0.835461 0.214078 2.798612 0.0761045097 -0.84024979 0.536831811 0.778996 0.043287
-0.849888 0.211906 2.79688 0.170005708 -0.984733063 -0.0374012558 0.799291 0.040471
-0.863591 0.208675 2.795964 0.289621808 -0.956572028 -0.033002485 0.816604 0.039086
-0.849888 0.21231 2.795454 0.185305443 -0.945427772 -0.268007873 0.799253 0.039814
-0.863591 0.209079 2.794538 0.314310908 -0.913331698 -0.258908986 0.816552 0.038722
-0.834254 0.213911 2.797448 0.0928963237 -0.995460605 -0.0206991808 0.77781 0.042369
-0.834254 0.214315 2.796022 0.101104065 -0.957138487 -0.271410914 0.777777 0.041319
-0.875622 0.203792 2.79458 0.443413076 -0.896126427 0.0185005456 0.830393 0.038193
-0.88624 0.196835 2.792607 0.601499765 -0.793299691 0.0941999633 0.8413 0.03777
-0.875622 0.204197 2.793153 0.4781084 -0.845014847 -0.239504208 0.830326 0.038014
-0.88624 0.197239 2.791181 0.645114006 -0.735115959 -0.208404525 0.841223 0.03766
-0.863591 0.210223 2.790503 0.314310908 -0.913331698 -0.258908986 0.816576 0.039233
-0.875622 0.204735 2.791254 0.478096947 -0.844994605 -0.23959847 0.830308 0.038256
-0.875622 0.205341 2.789119 0.478096947 -0.844994605 -0.23959847 0.83033 0.038708
-0.863591 0.209617 2.792639 0.314310908 -0.913331698 -0.258908986 0.816546 0.038854
-0.88624 0.197777 2.789282 0.645114006 -0.735115959 -0.208404525 0.841193 0.037901
-0.88624 0.198383 2.787146 0.645114006 -0.735115959 -0.208404525 0.841205 0.038317
-0.849888 0.212849 2.793555 0.185305443 -0.945427772 -0.268007873 0.799255 0.039733
-0.849888 0.213454 2.791419 0.185305443 -0.945427772 -0.268007873 0.799286 0.039939
-0.834254 0.214853 2.794123 0.101104065 -0.957138487 -0.271410914 0.777803 0.040876
-0.834254 0.215459 2.791988 0.101104065 -0.957138487 -0.271410914 0.777803 0.040876
-0.849888 0.21406 2.789284 0.185305443 -0.945427772 -0.268007873 0.799332 0.040143
-0.863591 0.210828 2.788368 0.314310908 -0.913331698 -0.258908986 0.81663 0.03961
-0.849888 0.214598 2.787385 0.185305443 -0.945427772 -0.268007873 0.799381 0.040056
-0.863591 0.211367 2.786469 0.314310908 -0.913331698 -0.258908986 0.816698 0.039737
-0.834254 0.216064 2.789852 0.101106809 -0.957164462 -0.271318273 0.777832 0.040818
-0.834254 0.216603 2.787953 0.101104065 -0.957138487 -0.271410914 0.777849 0.040423
-0.875622 0.205946 2.786983 0.4781084 -0.845014847 -0.239504208 0.830383 0.039159
-0.88624 0.198988 2.785011 0.645114006 -0.735115959 -0.208404525 0.841251 0.038731
-0.875622 0.206484 2.785084 0.478096947 -0.844994605 -0.23959847 0.83046 0.039397
-0.88624 0.199527 2.783112 0.645114006 -0.735115959 -0.208404525 0.841325 0.038969
-0.865036 0.21212 2.784031 0.227510441 -0.418119188 -0.879440358 0.81787 0.038764
-0.875622 0.206889 2.783658 0.443404662 -0.753507923 -0.485405104 0.830551 0.039212
-0.87696 0.20718 2.782632 0.308599 -0.309598997 -0.899397086 0.831453 0.038793
-0.863591 0.211771 2.785043 0.289614972 -0.833843107 -0.469924293 0.816771 0.039365
-0.88624 0.199931 2.781686 0.601581817 -0.625781086 -0.496484994 0.84142 0.038853
-0.887427 0.200222 2.780659 0.375510332 -0.18860519 -0.907424968 0.842114 0.038545
-0.849888 0.215002 2.785959 0.169998351 -0.863191627 -0.475395389 0.79942 0.03939
-0.85132 0.215525 2.784991 0.143102768 -0.464908994 -0.873716902 0.800667 0.038576
-0.834254 0.217007 2.786527 0.0929036228 -0.866633795 -0.490219116 0.77784 0.03936
-0.835461 0.21772 2.785611 0.0775012303 -0.460607312 -0.884214037 0.77899 0.038283
-0.855616 0.216417 2.784467 0.0672008101 0.00740008921 -0.997712027 0.804343 0.038049
-0.869374 0.212492 2.783374 0.0949031195 0.0332010913 -0.994932704 0.82102 0.038202
-0.83908 0.219185 2.785241 0.0378024966 0.00620040949 -0.999265994 0.782484 0.037846
-0.880972 0.207378 2.781931 0.113198551 0.0888988617 -0.989587328 0.833961 0.038334
-0.890986 0.200421 2.779959 0.128198684 0.135198612 -0.982489915 0.843983 0.038207
-0.966225 0.179431 2.774764 -0.498182571 0.366787168 -0.785672514 0.875777 0.037939
-0.967338 0.167046 2.770496 -0.168705721 0.320710875 -0.932031606 0.873898 0.03712
-0.970088 0.166848 2.771197 -0.517904203 0.384003116 -0.764406203 0.874589 0.037287
-0.963276 0.179629 2.774064 -0.157705152 0.313710248 -0.936330586 0.874748 0.037878
-0.971982 0.153838 2.766752 -0.178298793 0.328297777 -0.92759372 0.873377 0.0365
-0.974579 0.15364 2.767452 -0.533214562 0.401710971 -0.744520333 0.873811 0.03675
-0.959927 0.190963 2.777277 -0.145097433 0.306694573 -0.940683355 0.87595 0.038581
-0.963138 0.190764 2.777977 -0.472920731 0.347615238 -0.809635491 0.877402 0.038549
-0.964208 0.190473 2.779004 -0.90092938 0.306609999 -0.307110015 0.878008 0.038362
-0.967208 0.17914 2.775791 -0.900948625 0.335318098 -0.275414865 0.876221 0.037874
-0.964208 0.190069 2.78043 -0.974305193 0.216701155 0.0614003273 0.878157 0.038025
-0.967208 0.178736 2.777217 -0.964854144 0.252814187 0.0717040238 0.876344 0.037691
-0.971005 0.166557 2.772223 -0.899337944 0.359215156 -0.249310519 0.874887 0.037354
-0.975444 0.153349 2.768478 -0.895612355 0.383205286 -0.225903116 0.873992 0.036924
-0.971005 0.166152 2.773649 -0.956039959 0.282111791 0.0800033438 0.87497 0.037335
-0.975444 0.152944 2.769904 -0.946521576 0.310407076 0.088002006 0.874037 0.037038
-0.967208 0.177592 2.781251 -0.964854144 0.252814187 0.0717040238 0.876426 0.037061
-0.971005 0.165614 2.775548 -0.956039959 0.282111791 0.0800033438 0.875018 0.037243
-0.971005 0.165008 2.777684 -0.956039959 0.282111791 0.0800033438 0.87503 0.037115
-0.967208 0.178197 2.779116 -0.964854144 0.252814187 0.0717040238 0.876411 0.037402
-0.975444 0.152406 2.771803 -0.946521576 0.310407076 0.088002006 0.874064 0.037106
-0.975444 0.1518 2.773939 -0.946521576 0.310407076 0.088002006 0.874075 0.037153
-0.964208 0.18953 2.782329 -0.974305193 0.216701155 0.0614003273 0.878237 0.037544
-0.964208 0.188925 2.784465 -0.974305193 0.216701155 0.0614003273 0.878251 0.036991
-0.964208 0.188319 2.7866 -0.974305193 0.216701155 0.0614003273 0.8782 0.036441
-0.967208 0.176986 2.783387 -0.964854144 0.252814187 0.0717040238 0.876388 0.036722
-0.964208 0.187781 2.788499 -0.974305193 0.216701155 0.0614003273 0.878089 0.035967
-0.967208 0.176448 2.785286 -0.964854144 0.252814187 0.0717040238 0.876302 0.036439
-0.971005 0.164403 2.779819 -0.956039959 0.282111791 0.0800033438 0.875009 0.036989
-0.975444 0.151195 2.776074 -0.946521576 0.310407076 0.088002006 0.874075 0.037153
-0.971005 0.163865 2.781718 -0.956039959 0.282111791 0.0800033438 0.874956 0.036901
-0.975444 0.150656 2.777973 -0.946521576 0.310407076 0.088002006 0.874047 0.03727
-0.966225 0.175752 2.787738 -0.49822773 -0.100105572 0.861247934 0.875721 0.036232
-0.971005 0.16346 2.783144 -0.89934902 0.174909534 0.400721842 0.874873 0.036888
-0.970088 0.163169 2.784171 -0.517903693 -0.0743005298 0.852206076 0.874581 0.036976
-0.967208 0.176043 2.786712 -0.900944246 0.14090692 0.410420156 0.876168 0.036266
-0.975444 0.150252 2.779399 -0.895617608 0.207604082 0.393407734 0.87401 0.037387
-0.974579 0.149961 2.780426 -0.53323888 -0.0487035511 0.844561579 0.873842 0.037574
-0.964208 0.187377 2.789925 -0.900945864 0.0997050756 0.422321499 0.877918 0.035642
-0.963138 0.187086 2.790951 -0.472986624 -0.128996352 0.871575352 0.8773 0.035499
-0.959927 0.186887 2.791652 -0.145098283 -0.232597248 0.961688623 0.875846 0.035572
-0.963276 0.175554 2.788439 -0.157707948 -0.224411309 0.961648464 0.874696 0.036368
-0.967338 0.162971 2.784871 -0.168710402 -0.216213331 0.961659293 0.873902 0.037193
-0.971982 0.149762 2.781126 -0.178294895 -0.207394062 0.961872462 0.873427 0.037855
-0.984974 0.127169 2.759941 -0.556022061 0.436817331 -0.707128056 0.873314 0.036426
-0.988574 0.113985 2.755425 -0.202405573 0.353109723 -0.913425152 0.873326 0.036282
-0.990844 0.113798 2.756131 -0.56261024 0.452008227 -0.692212598 0.873377 0.0365
-0.982618 0.127364 2.759239 -0.195406824 0.345012048 -0.918032058 0.873174 0.036165
-0.994932 0.100433 2.751543 -0.207998634 0.360697632 -0.909194031 0.873538 0.036477
-0.997138 0.100266 2.752258 -0.565311651 0.465009584 -0.681314042 0.87357 0.036646
-0.977082 0.14063 2.763007 -0.187209057 0.336616286 -0.922844648 0.873174 0.036165
-0.979546 0.140431 2.763707 -0.545984437 0.419888031 -0.724979335 0.873377 0.0365
-0.980368 0.14014 2.764733 -0.890383168 0.406592313 -0.20469613 0.873522 0.036704
-0.985759 0.126883 2.760969 -0.884225979 0.427812569 -0.187405506 0.873369 0.036643
-0.980368 0.139736 2.766159 -0.936339238 0.337914161 0.0953039938 0.873545 0.036882
-0.985759 0.126485 2.762397 -0.926469367 0.362788005 0.100196687 0.873381 0.036832
-0.9916 0.113526 2.757165 -0.877022272 0.447011352 -0.176104472 0.873427 0.036688
-0.997874 0.10002 2.753303 -0.868602971 0.464401588 -0.172800591 0.873586 0.036787
-0.991601 0.113147 2.7586 -0.917102655 0.385801117 0.100400291 0.873435 0.036854
-0.997874 0.099679 2.754752 -0.908407935 0.407403559 0.0939008202 0.873594 0.036914
-0.985759 0.125359 2.766438 -0.926124853 0.363609758 0.100402694 0.873397 0.037178
-0.991601 0.112642 2.76051 -0.916727988 0.386611803 0.100703075 0.87339 0.037008
-0.991601 0.112074 2.762658 -0.916229902 0.387712653 0.101003296 0.873397 0.037178
-0.985759 0.125955 2.764299 -0.926297212 0.363198907 0.100299698 0.87339 0.037008
-0.997874 0.099225 2.756678 -0.907631713 0.409014291 0.0944032985 0.8736 0.037042
-0.997874 0.098714 2.758843 -0.9067228 0.410910332 0.0949023864 0.873605 0.03717
-0.980368 0.139198 2.768059 -0.936298666 0.337999518 0.0953998641 0.8736 0.037042
-0.980368 0.138592 2.770194 -0.936254674 0.338119745 0.0954055714 0.873605 0.03717
-0.980368 0.137987 2.77233 -0.936254674 0.338119745 0.0954055714 0.873609 0.037299
-0.985759 0.124763 2.768576 -0.925918579 0.364107306 0.100502017 0.873403 0.037348
-0.980368 0.137448 2.774229 -0.936182409 0.338293644 0.0954982056 0.873567 0.037463
-0.985759 0.124232 2.770478 -0.925745779 0.364518026 0.100604975 0.873407 0.037524
-0.991601 0.111507 2.764805 -0.915791405 0.388696352 0.10119905 0.873453 0.037336
-0.997874 0.098203 2.761008 -0.905818311 0.412808345 0.0953019265 0.873609 0.037299
-0.991601 0.111002 2.766714 -0.915371306 0.389630351 0.101407899 0.873458 0.037498
-0.997874 0.097749 2.762932 -0.905049001 0.414422437 0.0956051762 0.873612 0.037427
-0.984974 0.123548 2.772934 -0.556820436 0.0020000734 0.830630485 0.873427 0.037855
-0.991601 0.110623 2.768148 -0.878990045 0.298196623 0.372095786 0.873463 0.037665
-0.990844 0.11035 2.769181 -0.566112336 0.0260005666 0.823917953 0.873427 0.037855
-0.985759 0.123835 2.771906 -0.884655837 0.269417005 0.380524018 0.873409 0.037714
-0.997874 0.097407 2.764379 -0.874000175 0.326600065 0.359800072 0.873614 0.037555
-0.997138 0.097162 2.76542 -0.574800678 0.0494000583 0.816800964 0.873608 0.037698
-0.980368 0.137044 2.775655 -0.890412942 0.23940348 0.387105627 0.873614 0.037555
-0.979546 0.136753 2.776681 -0.54603299 -0.0229013836 0.837450596 0.87347 0.037868
-0.977082 0.136554 2.777381 -0.187192823 -0.197992409 0.962163111 0.873249 0.038207
-0.982619 0.123353 2.773635 -0.195396057 -0.18879619 0.962380579 0.873249 0.038207
-0.988575 0.110164 2.769886 -0.202698572 -0.179798733 0.962593219 0.873392 0.038079
-0.994932 0.096994 2.766132 -0.20911487 -0.171312182 0.96276846 0.873588 0.037871
-0.905286 0.175752 2.787738 0.467426569 -0.522029673 0.713440553 0.857095 0.038463
-0.915992 0.162971 2.784871 0.168902279 -0.359804856 0.917612383 0.862777 0.039336
-0.913241 0.163169 2.784171 0.495601502 -0.500701517 0.70970215 0.862124 0.038966
-0.908234 0.175554 2.788439 0.156998851 -0.364197334 0.91799328 0.858054 0.03875
-0.923519 0.149762 2.781126 0.179498856 -0.362097692 0.914694169 0.866319 0.039792
-0.920922 0.149961 2.780426 0.515611506 -0.497611104 0.697515565 0.865892 0.03936
-0.899986 0.186887 2.791652 0.143402013 -0.376105279 0.915412848 0.851852 0.038296
-0.896775 0.187086 2.790951 0.428711054 -0.564314551 0.705518192 0.850489 0.038076
-0.895705 0.187377 2.789925 0.719021039 -0.679219874 0.147204307 0.849969 0.037796
-0.904303 0.176043 2.786712 0.783815034 -0.597611462 0.168803238 0.856717 0.038095
-0.895705 0.187781 2.788499 0.765845661 -0.618636884 -0.175410458 0.849892 0.03763
-0.904303 0.176448 2.785286 0.830755671 -0.535535887 -0.151810173 0.856647 0.0378
-0.912324 0.16346 2.783144 0.81725139 -0.549634562 0.173210892 0.861859 0.038491
-0.920057 0.150252 2.779399 0.830186792 -0.532291531 0.165697364 0.865712 0.038805
-0.912324 0.163865 2.781718 0.862044396 -0.487625113 -0.138207118 0.861799 0.038049
-0.920057 0.150656 2.777973 0.871271362 -0.47218448 -0.133895599 0.865664 0.038252
-0.904303 0.177592 2.781251 0.830755671 -0.535535887 -0.151810173 0.856647 0.0378
-0.912324 0.164403 2.779819 0.862044396 -0.487625113 -0.138207118 0.861765 0.037778
-0.912324 0.165008 2.777684 0.862044396 -0.487625113 -0.138207118 0.861753 0.037594
-0.904303 0.176986 2.783387 0.830755671 -0.535535887 -0.151810173 0.856611 0.03773
-0.920057 0.151195 2.776074 0.871312499 -0.472106772 -0.133901921 0.865632 0.037825
-0.920057 0.1518 2.773939 0.871271362 -0.47218448 -0.133895599 0.865615 0.037462
-0.895705 0.188319 2.7866 0.765798281 -0.618698611 -0.175399606 0.849857 0.037748
-0.895705 0.188925 2.784465 0.765845661 -0.618636884 -0.175410458 0.849859 0.038009
-0.895705 0.18953 2.782329 0.765798281 -0.618698611 -0.175399606 0.849894 0.038268
-0.904303 0.178197 2.779116 0.830755671 -0.535535887 -0.151810173 0.856647 0.0378
-0.895705 0.190069 2.78043 0.765845661 -0.618636884 -0.175410458 0.849955 0.038384
-0.904303 0.178736 2.777217 0.830755671 -0.535535887 -0.151810173 0.856667 0.037741
-0.912324 0.165614 2.775548 0.862044396 -0.487625113 -0.138207118 0.861759 0.037408
-0.920057 0.152406 2.771803 0.871271362 -0.47218448 -0.133895599 0.865611 0.037098
-0.912324 0.166152 2.773649 0.862044396 -0.487625113 -0.138207118 0.861781 0.037137
-0.920057 0.152944 2.769904 0.871271362 -0.47218448 -0.133895599 0.865616 0.03667
-0.905286 0.179431 2.774764 0.467391012 -0.0698986559 -0.881283053 0.857087 0.037049
-0.912324 0.166557 2.772223 0.817282956 -0.37689214 -0.43589091 0.861816 0.036692
-0.913241 0.166848 2.771197 0.495595376 -0.053699499 -0.866891912 0.862053 0.0362
-0.904303 0.17914 2.775791 0.783819698 -0.420110558 -0.457311492 0.856727 0.037442
-0.920057 0.153349 2.768478 0.830201075 -0.366100474 -0.420400544 0.865629 0.036115
-0.920922 0.15364 2.767452 0.515599067 -0.0574998959 -0.854898453 0.865774 0.035549
-0.895705 0.190473 2.779004 0.719037139 -0.500925873 -0.481724882 0.850037 0.038212
-0.896775 0.190764 2.777977 0.428705018 -0.110101289 -0.896710496 0.850549 0.037897
-0.899986 0.190963 2.777277 0.143399483 0.160299422 -0.976596479 0.851901 0.037581
-0.908234 0.179629 2.774064 0.157006242 0.17180683 -0.972538664 0.858029 0.036695
-0.915992 0.167046 2.770496 0.168903099 0.175303216 -0.969917793 0.862681 0.035785
-0.923519 0.153838 2.766752 0.17950705 0.171806748 -0.968638044 0.866172 0.035088
-0.936289 0.123548 2.772934 0.540412838 -0.50471199 0.673215992 0.870749 0.039246
-0.946209 0.110164 2.769886 0.202513776 -0.373725424 0.905161576 0.872252 0.039253
-0.943939 0.11035 2.769181 0.548398804 -0.506198896 0.665598549 0.872159 0.038925
-0.938645 0.123353 2.773635 0.196106493 -0.370412265 0.907930062 0.870909 0.03964
-0.953749 0.096994 2.766132 0.207213751 -0.376224967 0.903059929 0.873157 0.038807
-0.951543 0.097162 2.76542 0.552490401 -0.506091207 0.662288493 0.873105 0.038552
-0.931076 0.136554 2.777381 0.18829392 -0.366488166 0.911170579 0.868981 0.039856
-0.928611 0.136753 2.776681 0.529203831 -0.501803633 0.684204954 0.868713 0.039423
-0.92779 0.137044 2.775655 0.833428637 -0.530618232 0.154405305 0.868593 0.038863
-0.935504 0.123835 2.771906 0.836118784 -0.528511873 0.1469033 0.870668 0.038736
-0.92779 0.137448 2.774229 0.871589524 -0.471794329 -0.133198399 0.868551 0.038287
-0.935504 0.124232 2.770478 0.872595894 -0.470797785 -0.130099388 0.870631 0.038201
-0.943183 0.110623 2.768148 0.83790509 -0.526203197 0.145000881 0.872103 0.038496
-0.950807 0.097407 2.764379 0.838311259 -0.524007037 0.150502021 0.873065 0.038215
-0.943183 0.111002 2.766714 0.874108055 -0.470004331 -0.12260113 0.87207 0.038041
-0.950807 0.097749 2.762932 0.876042169 -0.469822615 -0.108705233 0.873035 0.037854
-0.935504 0.125359 2.766438 0.873118484 -0.469909948 -0.129802748 0.870585 0.037292
-0.943183 0.111507 2.764805 0.874668467 -0.469036715 -0.122309574 0.872045 0.037631
-0.943183 0.112074 2.762658 0.875315537 -0.467908305 -0.122002166 0.872028 0.037244
-0.935504 0.124763 2.768576 0.872819202 -0.470410349 -0.13000286 0.870604 0.03773
-0.950807 0.098203 2.761008 0.877051796 -0.46802764 -0.108306396 0.873014 0.037525
-0.950807 0.098714 2.758843 0.878162343 -0.466033085 -0.107907661 0.872999 0.037211
-0.92779 0.137987 2.77233 0.871695777 -0.471597715 -0.133199355 0.868522 0.037802
-0.92779 0.138592 2.770194 0.871748492 -0.471526229 -0.133107404 0.868503 0.037363
-0.92779 0.139198 2.768059 0.871813596 -0.471407352 -0.133102076 0.868493 0.036924
-0.935504 0.125955 2.764299 0.87340611 -0.469403283 -0.129700907 0.870574 0.036854
-0.927789 0.139736 2.76616 0.871890278 -0.471294745 -0.132998517 0.86849 0.036438
-0.935504 0.126485 2.762397 0.873640097 -0.469021526 -0.129505944 0.870624 0.03643
-0.943183 0.112642 2.76051 0.875937692 -0.466820088 -0.121705237 0.872018 0.036856
-0.950807 0.099225 2.756678 0.879246276 -0.464124428 -0.107305648 0.872992 0.036897
-0.943183 0.113147 2.7586 0.876517596 -0.465809351 -0.121402437 0.872014 0.036445
-0.950807 0.099679 2.754752 0.880212306 -0.462406464 -0.106801493 0.872991 0.036567
-0.936289 0.127169 2.759941 0.5431216 -0.074602967 -0.836333262 0.870614 0.03533
-0.943183 0.113526 2.757165 0.845278289 -0.372234476 -0.383335504 0.872015 0.035988
-0.943939 0.113798 2.756131 0.556525117 -0.0793035791 -0.827037325 0.872041 0.035556
-0.935504 0.126883 2.760969 0.838908616 -0.372103822 -0.397204079 0.870568 0.035846
-0.950807 0.10002 2.753303 0.853356114 -0.371424424 -0.365824056 0.872995 0.036204
-0.951543 0.100266 2.752258 0.570429663 -0.0820042643 -0.817242498 0.873011 0.035865
-0.927789 0.14014 2.764733 0.834047942 -0.370221281 -0.409023511 0.868493 0.03586
-0.928611 0.140431 2.763707 0.529701298 -0.0674001651 -0.845502071 0.868576 0.035293
-0.931076 0.14063 2.763007 0.188307912 0.166807009 -0.967840665 0.868814 0.034841
-0.938645 0.127364 2.759239 0.196597966 0.163298311 -0.966789999 0.870747 0.034925
-0.946209 0.113985 2.755425 0.204209641 0.161307616 -0.965545584 0.872111 0.03522
-0.953749 0.100433 2.751544 0.211201789 0.160901363 -0.964108166 0.873045 0.035605
-0.795959 0.258798 2.79755 0 0.999805934 -0.0197001169 0.713642 0.05062
-0.821006 0.258805 2.798599 0 0.999993155 -0.00369997467 0.75281 0.044955
-0.795959 0.258805 2.798599 0 0.999993155 -0.00369997467 0.713475 0.047265
-0.821006 0.258798 2.79755 0 0.999805934 -0.0197001169 0.753022 0.048003
-0.821006 0.258805 2.800054 0 1 0 0.752637 0.042498
-0.795959 0.258805 2.800054 0 1 0 0.713343 0.044581
-0.821006 0.258774 2.796829 0 0.997878835 -0.0650986193 0.753265 0.05152
-0.795959 0.258774 2.796829 0 0.997878835 -0.0650986193 0.713838 0.054507
-0.821006 0.258728 2.796359 0 0.984480065 -0.175496446 0.753533 0.055385
-0.795959 0.258728 2.796359 0 0.984459699 -0.175610649 0.714058 0.058788
-0.767801 0.258774 2.796829 0 0.997878835 -0.0650986193 0.658513 0.05882
-0.767801 0.258798 2.79755 0 0.999805934 -0.0197001169 0.658439 0.054533
-0.733782 0.258774 2.796829 0 0.997878835 -0.0650986193 0.579762 0.064983
-0.733782 0.258798 2.79755 0 0.999805934 -0.0197001169 0.579899 0.060278
-0.767801 0.258728 2.796359 0 0.984459699 -0.175610649 0.658606 0.06355
-0.733782 0.258728 2.796359 0 0.984459699 -0.175610649 0.579638 0.070179
-0.767801 0.258805 2.798599 0 0.999993155 -0.00369997467 0.658387 0.050844
-0.767801 0.258805 2.800054 0 1 0 0.658365 0.047908
-0.733782 0.258805 2.798599 0 0.999993155 -0.00369997467 0.580052 0.056234
-0.733782 0.258805 2.800054 0 1 0 0.580223 0.053024
-0.642071 0.258798 2.79755 0 0.999805934 -0.0197001169 0.357442 0.076819
-0.691155 0.258805 2.798599 0 0.999993155 -0.00369997467 0.470971 0.063978
-0.642071 0.258805 2.798599 0 0.999993155 -0.00369997467 0.358231 0.072077
-0.691155 0.258798 2.79755 0 0.999805934 -0.0197001169 0.47051 0.06839
-0.691155 0.258805 2.800054 0 1 0 0.471439 0.060471
-0.642071 0.258805 2.800054 0 1 0 0.359017 0.068299
-0.691155 0.258774 2.796829 0 0.997878835 -0.0650986193 0.470057 0.073521
-0.642071 0.258774 2.79683 0 0.997878835 -0.0650986193 0.356655 0.082327
-0.691155 0.258728 2.796359 0 0.984480065 -0.175496446 0.469613 0.079186
-0.642071 0.258728 2.796359 0 0.984480065 -0.175496446 0.35587 0.088403
-0.588684 0.258774 2.79683 0 0.997878835 -0.0650986193 0.266809 0.089296
-0.588684 0.258798 2.79755 0 0.999805934 -0.0197001169 0.267866 0.083516
-0.533144 0.258774 2.79683 0 0.997878835 -0.0650986193 0.227775 0.09232
-0.533144 0.258798 2.79755 0 0.999805934 -0.0197001169 0.22895 0.086432
-0.588684 0.258728 2.79636 0 0.984480065 -0.175496446 0.265752 0.095666
-0.533144 0.258728 2.796359 0 0.984480065 -0.175496446 0.226599 0.098808
-0.588684 0.258805 2.798599 0 0.999993155 -0.00369997467 0.268918 0.078534
-0.588684 0.258805 2.800054 0 1 0 0.269961 0.074556
-0.533144 0.258805 2.798599 0 0.999993155 -0.00369997467 0.230118 0.081352
-0.533144 0.258805 2.800054 0 1 0 0.231274 0.077292
-0.795959 0.258805 2.804168 0 1 0 0.713188 0.041233
-0.821006 0.258805 2.806345 0 1 0 0.752331 0.037972
-0.795959 0.258805 2.806345 0 1 0 0.713121 0.039762
-0.821006 0.258805 2.804168 0 1 0 0.752415 0.039362
-0.821006 0.258805 2.808281 0 1 0 0.752244 0.036226
-0.795959 0.258805 2.808281 0 1 0 0.713035 0.037888
-0.821006 0.258805 2.80199 0 1 0 0.752511 0.040752
-0.795959 0.258805 2.80199 0 1 0 0.713255 0.042704
-0.767801 0.258805 2.80199 0 1 0 0.658376 0.045881
-0.767801 0.258805 2.804168 0 1 0 0.658394 0.044308
-0.733782 0.258805 2.80199 0 1 0 0.580415 0.050819
-0.733782 0.258805 2.804168 0 1 0 0.580598 0.049117
-0.767801 0.258805 2.806345 0 1 0 0.658395 0.042736
-0.767801 0.258805 2.808281 0 1 0 0.658354 0.040713
-0.733782 0.258805 2.806345 0 1 0 0.580743 0.047416
-0.733782 0.258805 2.808281 0 1 0 0.580818 0.045214
-0.642071 0.258805 2.804168 0 1 0 0.360538 0.06365
-0.691155 0.258805 2.806345 0 1 0 0.472753 0.05432
-0.642071 0.258805 2.806345 0 1 0 0.361197 0.061613
-0.691155 0.258805 2.804168 0 1 0 0.472364 0.056189
-0.691155 0.258805 2.808281 0 1 0 0.473046 0.051905
-0.642071 0.258805 2.808281 0 1 0 0.361738 0.058991
-0.691155 0.258805 2.80199 0 1 0 0.471915 0.058057
-0.642071 0.258805 2.80199 0 1 0 0.359799 0.065684
-0.588684 0.258805 2.80199 0 1 0 0.27099 0.071789
-0.588684 0.258805 2.804168 0 1 0 0.271965 0.069626
-0.533144 0.258805 2.80199 0 1 0 0.232412 0.074461
-0.533144 0.258805 2.804168 0 1 0 0.233492 0.072243
-0.588684 0.258805 2.806345 0 1 0 0.272846 0.067458
-0.588684 0.258805 2.808282 0 1 0 0.273593 0.064678
-0.533144 0.258805 2.806345 0 1 0 0.234472 0.070018
-0.533144 0.258805 2.808282 0 1 0 0.235312 0.067171
-0.795959 0.258797 2.81078 0 0.999749064 0.0224010994 0.712745 0.03186
-0.821006 0.258771 2.811487 0 0.997077382 0.0763982669 0.751875 0.027204
-0.795959 0.258771 2.811487 0 0.997077382 0.0763982669 0.712558 0.027985
-0.821006 0.258797 2.81078 0 0.999749064 0.0224010994 0.752012 0.030719
-0.821006 0.258719 2.81193 0 0.975022713 0.222105174 0.75173 0.023347
-0.795959 0.258719 2.81193 0 0.975022713 0.222105174 0.712353 0.023723
-0.821006 0.258805 2.809736 0 0.999991595 0.00409996554 0.752136 0.033767
-0.795959 0.258805 2.809736 0 0.999991595 0.00409996554 0.712907 0.035207
-0.767801 0.258805 2.809736 0 0.999991595 0.00409996554 0.658243 0.037784
-0.767801 0.258797 2.81078 0 0.999749064 0.0224010994 0.658077 0.034107
-0.733782 0.258805 2.809736 0 0.999991595 0.00409996554 0.580795 0.04201
-0.733782 0.258797 2.81078 0 0.999749064 0.0224010994 0.580691 0.037977
-0.767801 0.258771 2.811487 0 0.997077382 0.0763982669 0.657868 0.029839
-0.767801 0.258719 2.81193 0 0.975022713 0.222105174 0.657627 0.025137
-0.733782 0.258771 2.811487 0 0.997077382 0.0763982669 0.580524 0.03329
-0.733782 0.258719 2.81193 0 0.975022713 0.222105174 0.580313 0.028123
-0.642072 0.258797 2.81078 0 0.999749064 0.0224010994 0.362384 0.050444
-0.691155 0.258771 2.811487 0 0.997077382 0.0763982669 0.473249 0.038861
-0.642072 0.258771 2.811487 0 0.997077382 0.0763982669 0.362546 0.044928
-0.691155 0.258797 2.81078 0 0.999749064 0.0224010994 0.473271 0.043985
-0.691155 0.258719 2.81193 0 0.975022713 0.222105174 0.473169 0.033214
-0.642072 0.258719 2.81193 0 0.975022713 0.222105174 0.362638 0.038853
-0.691155 0.258805 2.809736 0 0.999991595 0.00409996554 0.473211 0.048396
-0.642071 0.258805 2.809736 0 0.999991595 0.00409996554 0.362124 0.0552
-0.588684 0.258805 2.809736 0 0.999991595 0.00409996554 0.274167 0.060677
-0.588684 0.258797 2.81078 0 0.999749064 0.0224010994 0.274598 0.055669
-0.533144 0.258805 2.809736 0 0.999991595 0.00409996554 0.23597 0.063084
-0.533144 0.258797 2.81078 0 0.999749064 0.0224010994 0.236481 0.057973
-0.588684 0.258771 2.811487 0 0.997077382 0.0763982669 0.27492 0.049867
-0.588684 0.258719 2.81193 0 0.975022713 0.222105174 0.275165 0.043482
-0.533144 0.258771 2.811487 0 0.997077382 0.0763982669 0.236877 0.052054
-0.533144 0.258719 2.81193 0 0.975022713 0.222105174 0.237193 0.045544
-0.794985 0.216075 2.799164 0.0128001274 -0.812008084 0.583505809 0.71431 0.049751
-0.816432 0.215114 2.797789 0.0457019492 -0.998942606 -0.00500021326 0.751519 0.044803
-0.794816 0.215715 2.79796 0.0176004333 -0.999824616 0.00640015757 0.714065 0.048067
-0.817111 0.215408 2.798983 0.035703026 -0.824969919 0.564047805 0.752221 0.046072
-0.816432 0.215518 2.796363 0.049400718 -0.960913967 -0.272403959 0.751476 0.043268
-0.794816 0.216119 2.796534 0.0183004411 -0.961923187 -0.272706574 0.713947 0.046012
-0.819147 0.216967 2.800185 0.0171006014 -0.488617185 0.87233068 0.754209 0.046054
-0.795494 0.217831 2.800399 0.00600021745 -0.475617237 0.879631878 0.714778 0.049832
-0.821076 0.220804 2.801722 0.0062999943 -0.3315997 0.943399146 0.755689 0.043524
-0.795977 0.221724 2.801936 0.00250001334 -0.332201772 0.943205032 0.714962 0.047029
-0.767801 0.218118 2.80047 0.00119993428 -0.469274299 0.883051636 0.659461 0.054797
-0.767801 0.216298 2.799225 0.00269991423 -0.804474442 0.59398113 0.659351 0.054564
-0.733782 0.218118 2.80047 0 -0.468089866 0.883680869 0.581287 0.061128
-0.733782 0.216298 2.799225 0 -0.802906576 0.596104882 0.580864 0.060752
-0.767801 0.22203 2.802007 0.000500018096 -0.33241203 0.943134133 0.659342 0.051743
-0.733782 0.22203 2.802007 0 -0.332501021 0.943102895 0.581438 0.057825
-0.767801 0.215916 2.798017 0.00380001138 -0.999902995 0.0134000401 0.659098 0.052459
-0.767801 0.21632 2.796591 0.0037998657 -0.962065996 -0.272790358 0.658785 0.049898
-0.733782 0.215916 2.798017 0 -0.999887496 0.0149998124 0.580266 0.058275
-0.733782 0.21632 2.796591 0 -0.962072942 -0.272792328 0.579588 0.055279
-0.642072 0.216298 2.799225 0 -0.802906576 0.596104882 0.360557 0.076284
-0.691155 0.215916 2.798017 0 -0.999887496 0.0149998124 0.471216 0.065811
-0.642071 0.215916 2.798017 0 -0.999887496 0.0149998124 0.358801 0.073372
-0.691155 0.216298 2.799225 0 -0.802906576 0.596104882 0.472369 0.068552
-0.691155 0.21632 2.796591 0 -0.962072942 -0.272792328 0.469951 0.062503
-0.642071 0.21632 2.796591 0 -0.962072942 -0.272792328 0.356896 0.069861
-0.691155 0.218118 2.80047 0 -0.468089866 0.883680869 0.47329 0.069003
-0.642072 0.218118 2.80047 0 -0.468089866 0.883680869 0.362016 0.07676
-0.691155 0.22203 2.802007 0 -0.332501021 0.943102895 0.473858 0.065438
-0.642072 0.22203 2.802007 0 -0.332501021 0.943102895 0.363034 0.07296
-0.588684 0.218118 2.80047 0 -0.468089866 0.883680869 0.274014 0.082742
-0.588684 0.216298 2.799225 0 -0.802906576 0.596104882 0.272117 0.082268
-0.533144 0.218118 2.80047 0 -0.468089866 0.883680869 0.23583 0.085289
-0.533144 0.216298 2.799225 0 -0.802906576 0.596104882 0.23374 0.084823
-0.588684 0.22203 2.802007 0 -0.332501021 0.943102895 0.275395 0.07877
-0.533144 0.22203 2.802007 0 -0.332501021 0.943102895 0.237373 0.081247
-0.588684 0.215916 2.798017 0 -0.999887496 0.0149998124 0.269872 0.079264
-0.588684 0.21632 2.796591 0 -0.962072942 -0.272792328 0.267446 0.075643
-0.533144 0.215916 2.798017 0 -0.999887496 0.0149998124 0.231278 0.081793
-0.533144 0.21632 2.796591 0 -0.962072942 -0.272792328 0.228622 0.07814
-0.794816 0.217263 2.792499 0.0183004411 -0.961923187 -0.272706574 0.713775 0.044043
-0.816432 0.217267 2.790193 0.049400718 -0.960913967 -0.272403959 0.751468 0.041692
-0.794816 0.217869 2.790364 0.0183004411 -0.961923187 -0.272706574 0.713675 0.043269
-0.816432 0.216662 2.792329 0.049400718 -0.960913967 -0.272403959 0.75147 0.042094
-0.816432 0.217806 2.788294 0.049400718 -0.960913967 -0.272403959 0.751441 0.040906
-0.794816 0.218407 2.788465 0.0183004411 -0.961923187 -0.272706574 0.713536 0.04206
-0.816432 0.216056 2.794464 0.049400718 -0.960913967 -0.272403959 0.751466 0.042493
-0.794816 0.216658 2.794635 0.0183004411 -0.961923187 -0.272706574 0.713858 0.044814
-0.767801 0.216858 2.794692 0.00379996933 -0.962092236 -0.272697799 0.658497 0.048297
-0.767801 0.217464 2.792556 0.0037998657 -0.962065996 -0.272790358 0.658206 0.047174
-0.733782 0.216858 2.794692 0 -0.962072942 -0.272792328 0.578927 0.053343
-0.733782 0.217464 2.792556 0 -0.962072942 -0.272792328 0.578254 0.051938
-0.767801 0.218069 2.790421 0.0037998657 -0.962065996 -0.272790358 0.657887 0.046049
-0.767801 0.218608 2.788522 0.00379996933 -0.962092236 -0.272697799 0.657512 0.044442
-0.733782 0.218069 2.790421 0 -0.962072942 -0.272792328 0.577537 0.050536
-0.733782 0.218608 2.788522 0 -0.962099182 -0.272699768 0.576746 0.048608
-0.642071 0.217464 2.792556 0 -0.962072942 -0.272792328 0.353035 0.065951
-0.691155 0.218069 2.790421 0 -0.962072942 -0.272792328 0.466059 0.057232
-0.642071 0.218069 2.790421 0 -0.962072942 -0.272792328 0.351006 0.064332
-0.691155 0.217464 2.792556 0 -0.962072942 -0.272792328 0.467406 0.058786
-0.691155 0.218608 2.788522 0 -0.962099182 -0.272699768 0.464617 0.055115
-0.642071 0.218608 2.788522 0 -0.962099182 -0.272699768 0.348862 0.062125
-0.691155 0.216858 2.794692 0 -0.962072942 -0.272792328 0.468692 0.060352
-0.642071 0.216858 2.794692 0 -0.962072942 -0.272792328 0.354986 0.06759
-0.588684 0.216858 2.794692 0 -0.962072942 -0.272792328 0.265006 0.073321
-0.588684 0.217464 2.792556 0 -0.962072942 -0.272792328 0.262514 0.071664
-0.533144 0.216858 2.794692 0 -0.962072942 -0.272792328 0.225948 0.07581
-0.533144 0.217464 2.792556 0 -0.962072942 -0.272792328 0.223217 0.074157
-0.588684 0.218069 2.790421 0 -0.962072942 -0.272792328 0.259931 0.070035
-0.588684 0.218608 2.788522 0 -0.962099182 -0.272699768 0.257219 0.067801
-0.533144 0.218069 2.790421 0 -0.962072942 -0.272792328 0.220389 0.072537
-0.533144 0.218608 2.788522 0 -0.962072942 -0.272792328 0.217425 0.070306
-0.794985 0.219687 2.786181 0.013200401 -0.423012851 -0.906027526 0.713308 0.038186
-0.819147 0.220829 2.785729 0.0181998458 0.0168998569 -0.999691533 0.754 0.037562
-0.795494 0.221641 2.785989 0.00630015127 0.0302007251 -0.999523999 0.71369 0.037802
-0.817111 0.219033 2.785989 0.036601817 -0.440421863 -0.89704453 0.751982 0.037939
-0.821076 0.224531 2.786311 0.00660014227 0.202204359 -0.979321109 0.75574 0.039484
-0.795977 0.225372 2.786593 0.00260007338 0.200805667 -0.979627645 0.714113 0.040063
-0.816432 0.21821 2.786868 0.0457023434 -0.863644284 -0.502025742 0.751371 0.039354
-0.794816 0.218811 2.787039 0.0175999639 -0.859698238 -0.510498953 0.713335 0.039985
-0.767801 0.219012 2.787095 0.00380019796 -0.856744629 -0.515726865 0.657055 0.04187
-0.767801 0.219905 2.786246 0.00280011182 -0.412316466 -0.911036383 0.656631 0.039669
-0.733782 0.219012 2.787095 0 -0.8559893 -0.516993538 0.575852 0.045624
-0.733782 0.219905 2.786246 0 -0.410031984 -0.912071144 0.575045 0.043078
-0.767801 0.221911 2.786075 0.00129999939 0.0373999824 -0.99929953 0.656353 0.03917
-0.767801 0.225653 2.786688 0.000500016893 0.200306767 -0.979733101 0.656336 0.041708
-0.733782 0.221911 2.786075 0 0.0388018222 -0.999246926 0.574519 0.042461
-0.733782 0.225653 2.786688 0 0.200114799 -0.979772457 0.574464 0.045267
-0.642071 0.219905 2.786246 0 -0.410031984 -0.912071144 0.344529 0.055851
-0.691155 0.221911 2.786075 0 0.0388018222 -0.999246926 0.460716 0.048471
-0.642071 0.221911 2.786075 0 0.0388018222 -0.999246926 0.343156 0.055258
-0.691155 0.219905 2.786246 0 -0.410031984 -0.912071144 0.461647 0.049105
-0.691155 0.225653 2.786688 0 0.200114799 -0.979772457 0.460553 0.051591
-0.642071 0.225653 2.786688 0 0.200114799 -0.979772457 0.342857 0.058677
-0.691155 0.219012 2.787095 0 -0.8559893 -0.516993538 0.463047 0.051863
-0.642071 0.219012 2.787095 0 -0.8559893 -0.516993538 0.346567 0.058719
-0.588684 0.219012 2.787096 0 -0.8559893 -0.516993538 0.254338 0.064326
-0.588684 0.219905 2.786246 0 -0.410115172 -0.912033741 0.251783 0.061418
-0.533144 0.219012 2.787096 0 -0.8559893 -0.516993538 0.214286 0.066818
-0.533144 0.219905 2.786246 0 -0.410115172 -0.912033741 0.211504 0.063906
-0.588684 0.221911 2.786075 0 0.0388018222 -0.999246926 0.250051 0.060883
-0.588684 0.225653 2.786688 0 0.200114799 -0.979772457 0.249635 0.064529
-0.533144 0.221911 2.786075 0 0.0388018222 -0.999246926 0.209612 0.063405
-0.533144 0.225653 2.786688 0 0.200114799 -0.979772457 0.209142 0.067146
-0.988266 0.073667 2.742912 0 0.279116629 -0.960257209 0.873996 0.036403
-0.972798 0.086792 2.746821 0.0252006399 0.265706746 -0.963724469 0.873705 0.035933
-0.979695 0.073654 2.743008 0.0256998074 0.266498003 -0.963492779 0.874044 0.036276
-0.98146 0.08681 2.746727 0 0.278113926 -0.960548096 0.87371 0.036091
-0.965579 0.08674 2.747102 0.0743054479 0.240217612 -0.967870962 0.873705 0.035933
-0.972553 0.073616 2.743296 0.0761008577 0.240702713 -0.967610905 0.874082 0.036221
-0.990123 0.086792 2.746821 -0.0250005075 0.289605879 -0.956819424 0.873714 0.036299
-0.996836 0.073654 2.743008 -0.0254995893 0.290995314 -0.956384597 0.873948 0.036565
-0.997342 0.08674 2.747102 -0.0734048519 0.310720538 -0.947662638 0.87372 0.036506
-1.003978 0.073616 2.743296 -0.0748002139 0.313000895 -0.946802708 0.873908 0.036722
-1.002797 0.062106 2.739645 -0.0258991969 0.291990946 -0.956070353 0.874108 0.036787
-0.99427 0.062114 2.739547 0 0.279788802 -0.960061574 0.87418 0.036663
-1.007498 0.053062 2.737007 -0.026199957 0.292199521 -0.955998432 0.87421 0.036954
-0.998987 0.053066 2.736907 0 0.279907836 -0.960026876 0.874287 0.036858
-1.009902 0.062082 2.73994 -0.0757994982 0.314597917 -0.946193736 0.873992 0.036924
-1.01459 0.05305 2.737309 -0.0765026738 0.315211017 -0.945933061 0.874146 0.03704
-0.985743 0.062106 2.739645 0.0262010175 0.26701037 -0.963337412 0.87425 0.03656
-0.978637 0.062082 2.73994 0.0773987752 0.240796189 -0.96748469 0.874307 0.036509
-0.990477 0.053062 2.737007 0.0265015272 0.266915381 -0.963355515 0.874364 0.036774
-0.983384 0.05305 2.737309 0.0784001972 0.240400605 -0.967502433 0.874426 0.036727
-1.003526 0.044418 2.734437 0.000200007463 0.216708087 -0.976236429 0.874429 0.037032
-0.993432 0.047439 2.735369 0.0269998508 0.257898575 -0.965794664 0.874426 0.036906
-0.995303 0.044423 2.734538 0.0290989552 0.191993107 -0.980964779 0.874429 0.037032
-1.001932 0.04744 2.735267 0.000100001193 0.272303249 -0.962211479 0.874346 0.036976
-0.986348 0.047434 2.735674 0.0807038085 0.225710652 -0.970845815 0.87449 0.036861
-0.988446 0.044428 2.734837 0.0862045392 0.118106219 -0.98925209 0.87449 0.036861
-1.010433 0.047439 2.735369 -0.0266993467 0.284593036 -0.958276551 0.874285 0.037148
-1.011743 0.044423 2.734538 -0.0297989669 0.224292224 -0.97406623 0.874285 0.037148
-1.017516 0.047434 2.735674 -0.0787049562 0.305419233 -0.948959758 0.874201 0.03712
-1.018592 0.044428 2.734837 -0.0903995982 0.213299052 -0.972795676 0.87423 0.037177
-1.011569 0.043204 2.734321 -0.032400064 -0.252700499 -0.96700191 0.874285 0.037148
-1.004191 0.04318 2.734223 -0.000100000118 -0.230800271 -0.973001143 0.874358 0.037134
-1.017729 0.043228 2.734598 -0.0737984853 -0.364992509 -0.928080951 0.87423 0.037177
-0.996785 0.043204 2.734321 0.0291993305 -0.278893605 -0.95987799 0.874429 0.037032
-0.990598 0.043228 2.734598 0.0660022847 -0.40791412 -0.910631522 0.87449 0.036995
-0.988266 0.071401 2.759685 0 -0.275619184 0.961266906 0.874044 0.037939
-0.990123 0.083711 2.763113 -0.0248014065 -0.262714899 0.964554701 0.873775 0.03805
-0.996836 0.071413 2.75959 -0.0252011772 -0.262712272 0.964545055 0.873984 0.037774
-0.98146 0.083694 2.763206 0 -0.27519656 0.961387983 0.873784 0.038264
-0.997342 0.083764 2.762835 -0.0731044427 -0.238614501 0.968358849 0.873765 0.037837
-1.003978 0.071451 2.759307 -0.0744999981 -0.237199994 0.968599976 0.873933 0.037614
-0.972798 0.083711 2.763113 0.0248009333 -0.287910834 0.957336025 0.87379 0.038429
-0.979695 0.071413 2.75959 0.0252004358 -0.288604991 0.957116554 0.874101 0.03807
-0.965579 0.083764 2.762835 0.0728039312 -0.312416869 0.947151143 0.873787 0.038495
-0.972553 0.071451 2.759307 0.073703975 -0.313416903 0.94675106 0.874101 0.03807
-0.985743 0.060705 2.756518 0.0254015041 -0.289117119 0.956956663 0.874281 0.037777
-0.99427 0.060697 2.756614 0 -0.275896379 0.961187384 0.874204 0.037673
-0.990477 0.052362 2.754122 0.0255007077 -0.289208026 0.956926555 0.874375 0.037558
-0.998987 0.052358 2.75422 0 -0.275896379 0.961187384 0.874293 0.037475
-0.978637 0.060729 2.756229 0.0743007898 -0.314003338 0.946510061 0.874281 0.037777
-0.983385 0.052373 2.753829 0.074601501 -0.314206322 0.946419042 0.874375 0.037558
-1.002797 0.060705 2.756518 -0.0255016671 -0.262617168 0.964563056 0.874124 0.037548
-1.009902 0.060729 2.756229 -0.0756043288 -0.236213525 0.968755468 0.874057 0.03743
-1.007498 0.052362 2.754122 -0.0257004188 -0.262404276 0.964615719 0.87421 0.037379
-1.01459 0.052373 2.753829 -0.076298125 -0.235494213 0.96887619 0.874141 0.037293
-1.003526 0.044347 2.751875 -0.000100002944 -0.334409843 0.942427741 0.874354 0.037255
-1.010433 0.047158 2.752629 -0.0262008031 -0.269908273 0.962529502 0.874258 0.037278
-1.011743 0.044353 2.751781 -0.0281011907 -0.326613839 0.944740029 0.874284 0.037209
-1.001932 0.047157 2.752728 0 -0.283097393 0.959091167 0.874342 0.037354
-1.017517 0.047163 2.752333 -0.0781053422 -0.245416786 0.96626609 0.87423 0.037177
-1.018592 0.044361 2.751494 -0.0847036212 -0.331514173 0.93964017 0.87423 0.037177
-0.993432 0.047158 2.752629 0.0257993389 -0.297492377 0.954375544 0.874425 0.037422
-0.995303 0.044353 2.751781 0.0265021375 -0.355828699 0.934175344 0.874354 0.037255
-0.986348 0.047163 2.752333 0.0756021558 -0.326909322 0.942026862 0.874493 0.037463
-0.988446 0.044361 2.751494 0.0750049955 -0.411627415 0.908260492 0.874507 0.037383
-0.996785 0.043204 2.751319 0.0218000064 -0.624900184 0.78040023 0.874354 0.037255
-1.004191 0.04318 2.751401 -0.000699985181 -0.601087275 0.799183081 0.874354 0.037255
-0.990598 0.043228 2.751064 0.0497011297 -0.6907157 0.721416398 0.874496 0.037271
-1.011569 0.043204 2.751319 -0.0247996482 -0.610291343 0.791788769 0.874284 0.037209
-1.017729 0.043228 2.751064 -0.056601303 -0.664415295 0.745217155 0.87423 0.037177
-1.024785 0.044408 2.736103 -0.687203209 -0.0881004114 -0.721103368 0.87423 0.037177
-1.024022 0.043156 2.736881 -0.43792634 -0.885353251 -0.156109389 0.87423 0.037177
-1.025476 0.044401 2.73724 -0.942213262 -0.214903025 -0.257003617 0.87423 0.037177
-1.023386 0.043168 2.73576 -0.357099338 -0.718298668 -0.597098892 0.87423 0.037177
-1.024022 0.043156 2.738454 -0.380699387 -0.924698511 -0.000799998712 0.87423 0.037177
-1.025476 0.044394 2.73881 -0.958226888 -0.286008025 0.000800022449 0.87423 0.037177
-1.021478 0.043204 2.735038 -0.163306301 -0.553721366 -0.816531506 0.87423 0.037177
-1.022715 0.04442 2.73533 -0.272002947 0.131201422 -0.953310329 0.87423 0.037177
-1.021767 0.047426 2.736182 -0.224605884 0.35540931 -0.907323768 0.87423 0.037177
-1.023892 0.047413 2.736968 -0.581286334 0.431789849 -0.689683786 0.874075 0.037153
-1.018846 0.05303 2.737811 -0.216399324 0.374798829 -0.901497183 0.874064 0.037106
-1.020973 0.052999 2.738588 -0.55193564 0.485131326 -0.678243796 0.874064 0.037106
-1.0246 0.047395 2.738105 -0.879718602 0.415108778 -0.231904904 0.874075 0.037153
-1.0246 0.04737 2.739669 -0.927074478 0.374789682 0.00809977702 0.874075 0.037153
-1.021683 0.052954 2.739715 -0.836942137 0.50212528 -0.217710961 0.874064 0.037106
-1.021683 0.05289 2.741264 -0.886587317 0.46209339 0.0207997025 0.874064 0.037106
-1.010406 0.073453 2.744522 -0.560646788 0.480540103 -0.674356277 0.87388 0.03692
-1.017008 0.061889 2.742303 -0.842694042 0.497796481 -0.20509855 0.874001 0.037068
-1.01112 0.073308 2.745607 -0.850716581 0.489809546 -0.190703717 0.873882 0.036984
-1.016298 0.06198 2.741196 -0.555903766 0.484003279 -0.675804579 0.874037 0.037038
-1.017008 0.061763 2.74383 -0.889904472 0.454502284 0.0387001945 0.874001 0.037068
-1.01112 0.073106 2.747107 -0.894921953 0.442210848 0.0597014645 0.873882 0.036984
-1.014166 0.062042 2.740433 -0.215796037 0.373493141 -0.902183432 0.874037 0.037038
-1.008263 0.073553 2.743776 -0.214511872 0.370920529 -0.903550008 0.873887 0.036837
-1.001673 0.086653 2.74757 -0.212004253 0.366807358 -0.905818171 0.873726 0.036665
-1.003839 0.086516 2.748299 -0.564305671 0.47460477 -0.675506789 0.873733 0.036788
-1.004561 0.086316 2.749362 -0.859522473 0.478912521 -0.178504667 0.873741 0.036888
-1.004561 0.086038 2.750834 -0.900924988 0.426611832 0.0796022078 0.873747 0.036978
-1.025476 0.044376 2.743201 -0.957900259 -0.287100078 0.000800000216 0.87423 0.037177
-1.024022 0.043156 2.745171 -0.375800156 -0.926700385 -0.000800000332 0.87423 0.037177
-1.025476 0.044367 2.745518 -0.957746121 -0.28761385 0.000800038527 0.87423 0.037177
-1.024022 0.043156 2.742851 -0.37750323 -0.926007922 -0.000800006844 0.87423 0.037177
-1.024022 0.043156 2.747235 -0.374216546 -0.927341003 -0.000800035374 0.87423 0.037177
-1.025476 0.044359 2.74758 -0.957599995 -0.288099999 0.000799999996 0.87423 0.037177
-1.024022 0.043156 2.740528 -0.379290666 -0.925277229 -0.000799980313 0.87423 0.037177
-1.025475 0.044386 2.740881 -0.958045891 -0.286613729 0.000800038323 0.87423 0.037177
-1.0246 0.047336 2.741732 -0.925977087 0.377490659 0.0081997971 0.874075 0.037153
-1.0246 0.047299 2.744043 -0.924652457 0.380721599 0.0083004709 0.874075 0.037153
-1.021683 0.052806 2.743311 -0.88490119 0.465300626 0.0211000284 0.874075 0.037153
-1.021683 0.052712 2.745605 -0.882868716 0.469136514 0.021301658 0.874075 0.037153
-1.0246 0.047261 2.746352 -0.92333186 0.383913247 0.00830028641 0.874075 0.037153
-1.0246 0.047227 2.748406 -0.92215724 0.386724005 0.00840052144 0.874075 0.037153
-1.021683 0.052617 2.747896 -0.880800048 0.473000026 0.0215000012 0.874075 0.037153
-1.021683 0.052533 2.749934 -0.878948902 0.476426507 0.0216012018 0.874075 0.037153
-1.01112 0.072534 2.751323 -0.891770376 0.448385105 0.0607979803 0.873902 0.037193
-1.017008 0.061216 2.750376 -0.884349286 0.465125922 0.0398022182 0.874006 0.037164
-1.01112 0.072231 2.75355 -0.890054148 0.451727482 0.0612037234 0.873902 0.037193
-1.017008 0.061405 2.748114 -0.886309794 0.461405099 0.0395004365 0.874006 0.037164
-1.017008 0.061048 2.752389 -0.88254479 0.468523778 0.0400020302 0.874006 0.037164
-1.01112 0.071962 2.755532 -0.888509374 0.454704797 0.0616006499 0.873891 0.037289
-1.017008 0.061595 2.745849 -0.888236712 0.457718918 0.0391016161 0.874001 0.037068
-1.01112 0.072837 2.749093 -0.893443954 0.445121898 0.0602029618 0.873898 0.03712
-1.004561 0.085668 2.752788 -0.899768682 0.428932742 0.0802061224 0.873752 0.037072
-1.004561 0.085252 2.754982 -0.898438809 0.431618644 0.0807034861 0.873756 0.037167
-1.004561 0.084836 2.757175 -0.897100745 0.43430036 0.0812000674 0.873758 0.037262
-1.004561 0.084465 2.759126 -0.895832802 0.436815994 0.0817029916 0.873758 0.037356
-1.024785 0.044351 2.750254 -0.64702737 -0.36241533 0.670828377 0.874201 0.03712
-1.021478 0.043204 2.750625 -0.124799476 -0.766996779 0.629397357 0.87423 0.037177
-1.022716 0.044357 2.751013 -0.248701201 -0.363201754 0.897904337 0.87423 0.037177
-1.023386 0.043168 2.749901 -0.283201686 -0.8564051 0.431702571 0.874201 0.03712
-1.024022 0.043156 2.748791 -0.394092443 -0.912282507 0.111497862 0.87423 0.037177
-1.025476 0.044352 2.749134 -0.92667877 -0.299793132 0.226694806 0.874201 0.03712
-1.0246 0.047202 2.749954 -0.911523034 0.304507695 0.276406985 0.874075 0.037153
-1.023892 0.047184 2.751073 -0.632647599 0.0594044695 0.772158095 0.874075 0.037153
-1.021683 0.05247 2.75147 -0.871401263 0.400500581 0.283300411 0.874075 0.037153
-1.020973 0.052424 2.75258 -0.608747015 0.112408682 0.785360656 0.874075 0.037153
-1.021767 0.047171 2.75184 -0.233302606 -0.1701019 0.957410694 0.874075 0.037153
-1.018846 0.052393 2.75334 -0.225911881 -0.150507915 0.962450617 0.874075 0.037153
-1.010406 0.071614 2.758099 -0.592995692 0.0887993549 0.800294186 0.873892 0.037412
-1.014166 0.060768 2.755748 -0.223114139 -0.153309716 0.962661006 0.874047 0.03727
-1.008263 0.071515 2.758835 -0.219397692 -0.15779834 0.962789872 0.873904 0.037497
-1.016298 0.060831 2.754999 -0.601502379 0.103000407 0.792203133 0.874047 0.03727
-1.017008 0.060921 2.753904 -0.870158951 0.390526457 0.300520359 0.874047 0.03727
-1.01112 0.07176 2.757023 -0.87000492 0.373802114 0.321501818 0.873891 0.037289
-1.004561 0.084187 2.760592 -0.87094688 0.352518975 0.342318426 0.873758 0.037356
-1.003839 0.083987 2.76165 -0.583841124 0.0710050014 0.808756967 0.873758 0.037548
-1.001674 0.083851 2.762372 -0.214805014 -0.163803823 0.962822473 0.87376 0.037674
-0.98227 0.044351 2.750254 0.421600687 -0.725701183 0.543700886 0.874559 0.037359
-0.984388 0.043156 2.748791 0.250995929 -0.964984348 0.0761987641 0.874496 0.037271
-0.981584 0.044352 2.749134 0.59533562 -0.787947144 0.157209406 0.874589 0.037287
-0.98501 0.043168 2.749901 0.202709732 -0.915043932 0.348716742 0.874496 0.037271
-0.984388 0.043156 2.747235 0.235210648 -0.971944001 -0.000900040746 0.874495 0.037234
-0.981584 0.044359 2.74758 0.60443368 -0.79664439 -0.00420023404 0.874589 0.037287
-0.986877 0.043204 2.750625 0.10320386 -0.807030183 0.581421746 0.874496 0.037271
-0.98433 0.044357 2.751013 0.195316615 -0.554747192 0.808768801 0.874507 0.037383
-0.982098 0.047171 2.75184 0.212903674 -0.405807002 0.888815337 0.874493 0.037463
-0.979973 0.047184 2.751073 0.52641465 -0.545315176 0.652318154 0.874507 0.037383
-0.979129 0.052393 2.75334 0.21141311 -0.378923498 0.90095587 0.874474 0.037589
-0.977002 0.052424 2.75258 0.541137895 -0.500535051 0.675747321 0.874493 0.037463
-0.979264 0.047202 2.749954 0.784784662 -0.58378859 0.208095933 0.874507 0.037383
-0.979264 0.047227 2.748406 0.829506284 -0.55840423 -0.0102000773 0.874496 0.037271
-0.976292 0.05247 2.75147 0.82354598 -0.52532933 0.214011949 0.874507 0.037383
-0.976292 0.052533 2.749934 0.875269911 -0.48313859 -0.0219017494 0.874496 0.037271
-0.966125 0.071614 2.758099 0.549717259 -0.503415805 0.666620929 0.874149 0.037936
-0.971532 0.060921 2.753904 0.828238145 -0.52392413 0.198809156 0.874375 0.037558
-0.965411 0.07176 2.757023 0.832896456 -0.523097774 0.180699231 0.874132 0.03775
-0.972242 0.060831 2.754999 0.545415815 -0.501714547 0.671419468 0.874373 0.037704
-0.971532 0.061048 2.752389 0.876908848 -0.478904832 -0.0410004137 0.874342 0.037354
-0.965411 0.071962 2.755532 0.877720811 -0.474811258 -0.0645015293 0.874124 0.037548
-0.974374 0.060768 2.755748 0.211508643 -0.378915485 0.900936818 0.874369 0.037796
-0.968268 0.071515 2.758835 0.211207962 -0.378614272 0.901133969 0.874155 0.038071
-0.961247 0.083851 2.762372 0.210010949 -0.377819698 0.901747014 0.87379 0.038429
-0.959082 0.083987 2.76165 0.552610842 -0.505009908 0.663013008 0.873747 0.03822
-0.95836 0.084187 2.760592 0.836647569 -0.522829726 0.163309285 0.87372 0.037965
-0.95836 0.084465 2.759126 0.877524352 -0.471313079 -0.0884024532 0.873695 0.037689
-0.981584 0.044376 2.743201 0.609995303 -0.792393899 -0.00419996766 0.874557 0.037152
-0.984388 0.043156 2.740528 0.23909873 -0.970994844 -0.000899995221 0.874499 0.037108
-0.981584 0.044386 2.740881 0.612875458 -0.790168358 -0.00419983182 0.874559 0.037098
-0.984388 0.043156 2.742851 0.23780317 -0.971312948 -0.000900011997 0.874495 0.037234
-0.984388 0.043156 2.738454 0.240299593 -0.970698355 -0.000899998475 0.874499 0.037108
-0.981584 0.044394 2.73881 0.615401834 -0.788202349 -0.00420001252 0.874581 0.036976
-0.984388 0.043156 2.745171 0.236412728 -0.97165231 -0.000900048455 0.874495 0.037234
-0.981584 0.044367 2.745518 0.607043769 -0.794657297 -0.00420030285 0.874557 0.037152
-0.979264 0.047261 2.746352 0.831715424 -0.555110295 -0.0101001873 0.874495 0.037234
-0.979264 0.047299 2.744043 0.834185982 -0.551390734 -0.0100998303 0.874495 0.037234
-0.976292 0.052617 2.747896 0.877147481 -0.479725968 -0.0218011801 0.874496 0.037271
-0.976292 0.052712 2.745605 0.879226373 -0.475914275 -0.0216006479 0.874495 0.037234
-0.979264 0.047336 2.741732 0.836610521 -0.547706887 -0.0100001258 0.874499 0.037108
-0.979264 0.04737 2.739669 0.838702524 -0.544501639 -0.0098000295 0.87449 0.036995
-0.976292 0.052806 2.743311 0.881288517 -0.472093849 -0.0213997212 0.874499 0.037108
-0.976292 0.05289 2.741264 0.883062797 -0.468780251 -0.0210991111 0.87449 0.036995
-0.965411 0.072534 2.751323 0.881254631 -0.468329033 -0.0637039491 0.874075 0.037153
-0.971531 0.061595 2.745849 0.882814191 -0.468007523 -0.0401006446 0.874346 0.036976
-0.965411 0.072837 2.749093 0.883109171 -0.464904828 -0.0631006553 0.874146 0.03704
-0.971531 0.061405 2.748114 0.880825681 -0.471713753 -0.0404011779 0.874284 0.037209
-0.971531 0.061763 2.74383 0.884523241 -0.464812213 -0.0396010405 0.874287 0.036858
-0.965411 0.073106 2.747107 0.88465865 -0.462030631 -0.0625041438 0.874108 0.036787
-0.971532 0.061216 2.750376 0.878753351 -0.47552887 -0.0408024772 0.874258 0.037278
-0.965411 0.072231 2.75355 0.879420201 -0.471710835 -0.0641014724 0.874057 0.03743
-0.95836 0.084836 2.757175 0.878915355 -0.46880819 -0.0879015357 0.873677 0.037434
-0.95836 0.085252 2.754982 0.880466979 -0.465982524 -0.0873967222 0.873666 0.037189
-0.95836 0.085668 2.752788 0.881994496 -0.46319711 -0.0867994584 0.873741 0.036888
-0.95836 0.086038 2.750834 0.883346898 -0.460724461 -0.0862045767 0.873726 0.036665
-0.98227 0.044408 2.736103 0.51742373 -0.501422996 -0.693431802 0.874581 0.036976
-0.986877 0.043204 2.735038 0.137905236 -0.617823459 -0.774129394 0.87449 0.036995
-0.98433 0.04442 2.73533 0.246409579 -0.132705159 -0.960037322 0.87449 0.036861
-0.98501 0.043168 2.73576 0.26199859 -0.832595521 -0.487997375 0.87449 0.036995
-0.984388 0.043156 2.736881 0.275205262 -0.956418287 -0.0976018662 0.87449 0.036995
-0.981584 0.044401 2.73724 0.654129715 -0.724732922 -0.216509835 0.874581 0.036976
-0.979264 0.047395 2.738105 0.845315579 -0.464708565 -0.263604858 0.87449 0.036995
-0.979972 0.047413 2.736968 0.617603023 -0.18590091 -0.764203741 0.87449 0.036861
-0.976292 0.052954 2.739715 0.87790859 -0.386903786 -0.28210276 0.87449 0.036861
-0.977001 0.052999 2.738588 0.616725613 -0.101304207 -0.78063242 0.874473 0.036796
-0.982098 0.047426 2.736182 0.239794298 0.118397185 -0.963577086 0.87449 0.036861
-0.979129 0.05303 2.737811 0.231102601 0.156801765 -0.960210807 0.87446 0.03674
-0.966125 0.073453 2.744522 0.597612953 -0.0900019508 -0.796717269 0.874102 0.036414
-0.974374 0.062042 2.740433 0.227800992 0.158600691 -0.960704184 0.874307 0.036509
-0.968268 0.073553 2.743776 0.223411852 0.159708473 -0.961551012 0.874099 0.036277
-0.972242 0.06198 2.741196 0.608621823 -0.0952034135 -0.787728244 0.87425 0.03656
-0.971531 0.061889 2.742303 0.874648103 -0.380920949 -0.299816489 0.874345 0.036759
-0.965411 0.073308 2.745607 0.869100926 -0.3759004 -0.321500342 0.874098 0.0366
-0.95836 0.086316 2.749362 0.86183778 -0.372216316 -0.344515102 0.873668 0.036411
-0.959082 0.086516 2.748299 0.584616826 -0.0852024522 -0.806823221 0.873678 0.036155
-0.961247 0.086653 2.74757 0.217797769 0.160598355 -0.962690137 0.873688 0.035962
-0.90038 0.257858 2.812108 0 -0.167203791 0.985922356 0.841632 0.018121
-0.926718 0.258634 2.812181 0 0.544109302 0.839014343 0.867301 0.021152
-0.926718 0.257863 2.81211 0 -0.166409572 0.98605672 0.867078 0.018817
-0.90038 0.258633 2.812181 0 0.54282826 0.839843723 0.841777 0.020643
-0.949941 0.258636 2.812181 0.000100002391 0.546713069 0.837320016 0.888868 0.021828
-0.949941 0.257874 2.812113 9.99977146e-05 -0.165096227 0.986277459 0.888581 0.019671
-0.872759 0.258633 2.812181 0 0.542293132 0.840189359 0.813307 0.020216
-0.872759 0.257856 2.812108 0 -0.167495389 0.985872859 0.813229 0.017486
-0.84569 0.258633 2.812181 0 0.542176977 0.840264319 0.782904 0.019787
-0.84569 0.257856 2.812108 0 -0.167511903 0.985870053 0.782854 0.016818
-0.872759 0.255733 2.811581 0 -0.250715734 0.968060753 0.813194 0.016198
-0.90038 0.255739 2.811582 0 -0.250597748 0.968091302 0.841469 0.016877
-0.872759 0.251608 2.810468 0 -0.260400207 0.965500768 0.813223 0.017159
-0.90038 0.251621 2.810472 0 -0.260400207 0.965500768 0.841279 0.017632
-0.84569 0.255733 2.811581 0 -0.250715734 0.968060753 0.782899 0.015485
-0.84569 0.251608 2.810468 0 -0.260400207 0.965500768 0.783085 0.016703
-0.926718 0.255756 2.811587 0 -0.250504026 0.968115558 0.866774 0.017626
-0.949941 0.25579 2.811597 0 -0.250292325 0.968170312 0.888159 0.018547
-0.926718 0.251661 2.810483 0 -0.260306984 0.965525905 0.86635 0.018225
-0.949941 0.251742 2.810506 0.000100005285 -0.260213753 0.965551031 0.887534 0.019037
-0.900739 0.236518 2.806388 0 -0.263303557 0.964713033 0.841179 0.026079
-0.926718 0.244929 2.808668 0 -0.261407712 0.965228475 0.865768 0.021258
-0.927141 0.236591 2.806401 -0.000500032691 -0.264217274 0.964463054 0.865417 0.025666
-0.90038 0.244851 2.808645 0 -0.261102964 0.965310956 0.841053 0.021104
-0.949941 0.245084 2.808712 0 -0.261805596 0.96512063 0.886643 0.021727
-0.950348 0.236817 2.806453 -0.000700042042 -0.266416 0.963857886 0.885879 0.025692
-0.872759 0.244825 2.808638 0.000100000335 -0.261500876 0.965203233 0.813338 0.021177
-0.873048 0.23644 2.806359 0.000500006258 -0.264403309 0.96441207 0.813997 0.026906
-0.84569 0.244825 2.808638 0.000100003929 -0.262110299 0.965037917 0.783461 0.021388
-0.845896 0.236426 2.806342 0.000599988093 -0.266694707 0.963780874 0.784477 0.028016
-0.873913 0.227509 2.803896 0.00200002755 -0.269803717 0.962913264 0.815659 0.033
-0.901817 0.227714 2.803982 0.000100002718 -0.265807223 0.964026198 0.842043 0.031348
-0.846513 0.227453 2.803829 0.00260002599 -0.276502764 0.961009605 0.786583 0.035064
-0.928408 0.227682 2.803945 -0.00200011788 -0.268215808 0.963356777 0.86569 0.030391
-0.951568 0.227937 2.803966 -0.00350007947 -0.274706237 0.961521832 0.885636 0.030007
-0.90038 0.257957 2.795722 0 0.372717947 -0.927944682 0.843111 0.054332
-0.872759 0.258651 2.796063 0 0.77453621 -0.632529571 0.814924 0.053975
-0.872759 0.257956 2.795722 0 0.372390435 -0.928076163 0.815096 0.056774
-0.90038 0.258651 2.796063 0 0.774892088 -0.632093546 0.843055 0.051747
-0.84569 0.258651 2.796063 0 0.774447196 -0.632638554 0.784844 0.056521
-0.84569 0.257956 2.795722 0 0.3723043 -0.92811072 0.785096 0.05957
-0.926718 0.258652 2.796063 0 0.775749847 -0.631040549 0.868237 0.04975
-0.926718 0.257963 2.795724 0 0.373303699 -0.927709194 0.868165 0.052139
-0.949941 0.258654 2.796064 0.000100000412 0.777403199 -0.629002588 0.889468 0.047896
-0.949941 0.257973 2.795727 0.000100002495 0.374509344 -0.927223135 0.889286 0.050093
-0.926718 0.256079 2.795125 0 0.292096587 -0.956388825 0.867946 0.053516
-0.90038 0.256061 2.795121 0 0.292005116 -0.956416757 0.843058 0.055775
-0.926718 0.252417 2.794051 0 0.28151654 -0.959556376 0.867502 0.0533
-0.90038 0.252377 2.79404 0 0.281397451 -0.959591306 0.842837 0.055427
-0.949941 0.256113 2.795135 0 0.292398911 -0.956296438 0.888922 0.051385
-0.949941 0.252498 2.794074 0 0.281608616 -0.959529357 0.888283 0.051251
-0.872759 0.256056 2.795119 0 0.291913637 -0.956444681 0.815195 0.058277
-0.84569 0.256056 2.795119 0 0.291913637 -0.956444681 0.785294 0.061134
-0.872759 0.252364 2.794036 0 0.281397451 -0.959591306 0.815175 0.057747
-0.84569 0.252364 2.794036 0 0.281397451 -0.959591306 0.785403 0.060373
-0.900739 0.23884 2.790079 0 0.278417441 -0.960460165 0.842182 0.048459
-0.872759 0.246293 2.792256 0.000100001195 0.280303348 -0.959911466 0.814993 0.054448
-0.873047 0.238764 2.790065 0.000500005818 0.277203225 -0.960811179 0.815214 0.04955
-0.90038 0.246319 2.792263 0 0.280606679 -0.959822844 0.842389 0.052637
-0.84569 0.246293 2.792256 9.99987945e-05 0.279696628 -0.960088426 0.785388 0.056446
-0.845896 0.238749 2.790074 0.000700039238 0.274615393 -0.961553897 0.785837 0.050694
-0.926718 0.246397 2.792285 -9.9998391e-05 0.280395488 -0.959884556 0.866756 0.050912
-0.927141 0.238915 2.790108 -0.000500026127 0.277414495 -0.960750201 0.866161 0.04727
-0.949941 0.246553 2.79233 -0.000100005598 0.279815663 -0.960053741 0.887279 0.04917
-0.950348 0.23914 2.790185 -0.000799978841 0.274892729 -0.961474569 0.886345 0.04594
-0.928408 0.230869 2.787799 -0.00210005365 0.273306982 -0.961924573 0.866167 0.04329
-0.901817 0.230893 2.787777 0.0001000083 0.275922898 -0.961179767 0.842688 0.043944
-0.951568 0.231121 2.787924 -0.00369987848 0.265991264 -0.963968339 0.885915 0.042358
-0.873913 0.230696 2.78775 0.00200006999 0.271509502 -0.962433681 0.816403 0.044227
-0.846513 0.230638 2.787786 0.00260011672 0.263911847 -0.964543299 0.787337 0.04446
-0.98246 0.257915 2.812124 0.000200003355 -0.160002684 0.987116559 0.917785 0.022039
-0.993597 0.258649 2.812185 0.000500019699 0.563622204 0.826032542 0.927734 0.024992
-0.993597 0.257944 2.812133 0.000300016894 -0.156008785 0.987755622 0.927459 0.023344
-0.98246 0.258643 2.812183 0.000300011854 0.556521989 0.830832827 0.918087 0.02384
-1.002548 0.258655 2.812187 0.000700030617 0.572025018 0.820235874 0.935404 0.026118
-1.002548 0.257978 2.812142 0.000400007276 -0.151102749 0.988517981 0.935163 0.024592
-0.968215 0.258639 2.812182 0.000200006216 0.55081712 0.834625941 0.905464 0.022754
-0.968215 0.257891 2.812118 0.000100002572 -0.163004192 0.986625371 0.905155 0.02078
-0.968215 0.255847 2.811613 9.9999753e-05 -0.249799383 0.968297608 0.904671 0.019741
-0.98246 0.255924 2.811635 0.000200010077 -0.249212556 0.968448792 0.917282 0.021091
-0.968215 0.251875 2.810544 0.000100003431 -0.259908918 0.965633131 0.903928 0.02017
-0.98246 0.252056 2.810595 0.000200003131 -0.259604064 0.965715118 0.916477 0.021487
-0.993597 0.256018 2.811662 0.000199991772 -0.24838978 0.968660145 0.926961 0.022478
-1.002548 0.256127 2.811692 0.000300003891 -0.247403209 0.968912567 0.934678 0.023783
-0.993597 0.252276 2.810658 0.000400009112 -0.259205905 0.965822002 0.926129 0.02285
-1.002548 0.25253 2.81073 0.000499992448 -0.258596094 0.965985409 0.933827 0.024122
-0.98252 0.238058 2.806785 -0.000500015476 -0.27010836 0.9628298 0.91391 0.02698
-0.993597 0.246123 2.809006 0.000500019586 -0.262110267 0.965037801 0.924852 0.024917
-0.993597 0.238784 2.806989 -0.000100000721 -0.270901953 0.96260694 0.92336 0.027923
-0.98246 0.245694 2.808885 0.000199997367 -0.262296547 0.964987296 0.915273 0.023718
-1.002548 0.246616 2.809146 0.000700033116 -0.261712381 0.965145657 0.93249 0.026039
-1.002548 0.239563 2.80721 9.99980116e-05 -0.270994611 0.962580859 0.930915 0.02882
-0.968215 0.245344 2.808785 0.000100001308 -0.262203428 0.965012618 0.90284 0.022601
-0.968456 0.237354 2.806593 -0.000700034761 -0.268613338 0.963247831 0.90173 0.026184
-0.969178 0.229005 2.804224 -0.00390028842 -0.282120862 0.959370943 0.900916 0.030068
-0.982701 0.230362 2.804577 -0.00330017341 -0.286915076 0.957950337 0.912632 0.030471
-0.993597 0.231487 2.804886 -0.00260006364 -0.289007074 0.957323431 0.921882 0.031108
-1.002548 0.232551 2.805188 -0.00279997921 -0.290097846 0.956992894 0.929355 0.031753
-0.98246 0.258015 2.795739 0.000200013644 0.379325877 -0.925263119 0.917746 0.046188
-0.968215 0.258657 2.796065 0.000199997432 0.779989985 -0.625791965 0.905746 0.046098
-0.968215 0.257991 2.795732 0.000100001539 0.376505794 -0.926414258 0.905498 0.048091
-0.98246 0.258662 2.796066 0.000299993589 0.783583255 -0.621286723 0.918029 0.044401
-0.993597 0.258667 2.796067 0.000399986975 0.788074337 -0.615579954 0.927275 0.042849
-0.993597 0.258044 2.795747 0.000300013384 0.383017087 -0.923741209 0.926976 0.044439
-1.002548 0.258673 2.796069 0.000600036639 0.793448449 -0.608637165 0.934444 0.041489
-1.002548 0.258077 2.795756 0.000400010168 0.387609853 -0.921823433 0.934133 0.0429
-0.993597 0.256341 2.7952 0.000200008384 0.294212332 -0.955740061 0.926466 0.045366
-0.98246 0.256247 2.795173 9.99990215e-05 0.293397129 -0.955990646 0.917254 0.047242
-0.993597 0.253032 2.794226 0.000199999371 0.282399112 -0.959296983 0.925639 0.04524
-0.98246 0.252812 2.794163 0.000199997119 0.282095936 -0.95938618 0.916445 0.047135
-1.002548 0.256449 2.795231 0.000300019013 0.295118702 -0.955460549 0.933615 0.043712
-1.002548 0.253286 2.794298 0.000400018925 0.282913385 -0.959145378 0.932784 0.04357
-0.968215 0.25617 2.795151 0.000100007048 0.292820636 -0.956167383 0.905048 0.049271
-0.968215 0.252631 2.794112 0.00010000702 0.281819783 -0.959467352 0.904296 0.049167
-0.98252 0.240356 2.790548 -0.000800058398 0.270319731 -0.962770275 0.913821 0.042835
-0.968215 0.246813 2.792403 0 0.279301043 -0.960203586 0.90314 0.047308
-0.968456 0.239665 2.790345 -0.000900010377 0.27230314 -0.962211094 0.901927 0.044423
-0.98246 0.247163 2.792502 0.000100005958 0.279116627 -0.960257204 0.915216 0.045437
-0.993597 0.247591 2.792624 0.000200011912 0.279116623 -0.96025719 0.924388 0.043668
-0.993597 0.241079 2.790755 -0.000500027067 0.269314578 -0.963052131 0.922939 0.041292
-1.002548 0.248085 2.792764 0.000399990288 0.279393216 -0.960176687 0.931534 0.042114
-1.002548 0.241858 2.790976 -0.000500032736 0.268917605 -0.963163056 0.930092 0.039936
-0.993597 0.234554 2.78898 -0.00340016109 0.248811788 -0.968545886 0.921516 0.03875
-0.982701 0.233447 2.788656 -0.00390008851 0.25160571 -0.967821965 0.912513 0.040016
-1.002548 0.235619 2.789282 -0.00400021792 0.247213467 -0.968952785 0.928686 0.037629
-0.969178 0.232141 2.788257 -0.00429987008 0.25749222 -0.966270805 0.901005 0.041243
-1.016924 0.258056 2.812164 0.000800025281 -0.138004361 0.990431298 0.948075 0.026624
-1.022891 0.258677 2.812193 0.0015000574 0.605123155 0.796130465 0.95447 0.028773
-1.022891 0.2581 2.812177 0.00100005662 -0.128907298 0.991656144 0.954193 0.02746
-1.016924 0.258669 2.812191 0.00119997057 0.592485469 0.805580243 0.948287 0.028011
-1.028406 0.258686 2.812196 0.00190008575 0.619827973 0.784735416 0.961126 0.029408
-1.028406 0.25815 2.812191 0.00130007771 -0.11760703 0.993059362 0.960694 0.028208
-1.010233 0.258662 2.812189 0.000899981272 0.581587897 0.813483072 0.942094 0.027125
-1.010233 0.258015 2.812153 0.000599992557 -0.145298198 0.989387727 0.941883 0.025677
-1.010233 0.256246 2.811726 0.000500009168 -0.246204514 0.969217771 0.941403 0.024888
-1.016924 0.256379 2.811764 0.000599999217 -0.244699681 0.969598735 0.947552 0.025843
-1.010233 0.252811 2.810809 0.000699980632 -0.257892864 0.966173266 0.940519 0.025167
-1.016924 0.25312 2.810897 0.000899986419 -0.25709612 0.966385417 0.946581 0.026053
-1.022891 0.256524 2.811805 0.000800039583 -0.242912018 0.970047994 0.953541 0.026698
-1.028406 0.256684 2.81185 0.000900020912 -0.240605591 0.970622553 0.959787 0.027505
-1.022891 0.253461 2.810993 0.00120005748 -0.256112267 0.966646299 0.952387 0.026853
-1.028406 0.253835 2.8111 0.00149998928 -0.254798179 0.966993091 0.958314 0.027636
-1.016924 0.241375 2.807723 0.00010000343 -0.270809288 0.962633014 0.943175 0.029989
-1.022891 0.248425 2.809659 0.00159998149 -0.259696995 0.965688827 0.950604 0.028289
-1.022891 0.24242 2.80802 0.000100006138 -0.270716614 0.96265908 0.948517 0.030427
-1.016924 0.247763 2.809471 0.00129996608 -0.260493203 0.965474806 0.945022 0.027644
-1.028406 0.249152 2.809865 0.00200005575 -0.258807214 0.965926926 0.956187 0.028937
-1.028406 0.243569 2.808345 0.000200003842 -0.270505196 0.962718494 0.953757 0.030875
-1.010233 0.247161 2.809301 0.000899986347 -0.261196038 0.965285357 0.939099 0.026921
-1.010233 0.240425 2.807454 0.000100000721 -0.270901953 0.96260694 0.937414 0.029481
-1.010233 0.233728 2.805521 -0.00370005628 -0.291004426 0.956714552 0.935739 0.032179
-1.016924 0.235026 2.805889 -0.00490002702 -0.29200161 0.956405275 0.941336 0.032464
-1.022891 0.236454 2.806294 -0.00629999817 -0.293299915 0.955999723 0.946448 0.032683
-1.028406 0.238023 2.806739 -0.00790019869 -0.294807414 0.955524032 0.951377 0.032916
-1.038592 0.258258 2.812177 -0.0195997898 -0.0872990637 0.995989318 0.975217 0.029519
-1.042289 0.258708 2.81204 -0.0349998213 0.67389656 0.737996233 0.981697 0.030642
-1.042659 0.258306 2.812057 -0.0627012757 -0.0471009583 0.996920283 0.981253 0.030085
-1.0385 0.258704 2.81216 -0.0129001046 0.651305279 0.758706149 0.976025 0.030317
-1.04505 0.258712 2.8118 -0.0779995893 0.7217962 0.687696379 0.985417 0.030964
-1.045722 0.258345 2.811803 -0.172998231 0.0867991125 0.981089968 0.985385 0.030607
-1.033741 0.258696 2.812198 -0.00130002895 0.635114144 0.772417202 0.96874 0.029914
-1.033741 0.258204 2.812207 -0.00290015038 -0.104205403 0.994551569 0.968033 0.028894
-1.033741 0.256859 2.8119 -0.00330002736 -0.237801971 0.971308052 0.966705 0.028314
-1.038623 0.257034 2.811904 -0.0192004944 -0.234506039 0.971925027 0.973489 0.029099
-1.033741 0.254245 2.811216 -0.00270002661 -0.253202495 0.967409534 0.964738 0.028473
-1.038623 0.254655 2.811286 -0.0185001156 -0.251401571 0.967706048 0.970976 0.029311
-1.042782 0.257193 2.811811 -0.0575031254 -0.229312463 0.971652811 0.979331 0.029833
-1.045946 0.257322 2.811573 -0.160202885 -0.213503845 0.963717357 0.983423 0.03049
-1.042782 0.255029 2.811254 -0.0558009383 -0.249304192 0.966816257 0.976348 0.0301
-1.045946 0.255331 2.811063 -0.154594626 -0.245591463 0.956966737 0.98017 0.030786
-1.038592 0.246097 2.809016 -0.0213011523 -0.270614639 0.962452065 0.964423 0.031966
-1.042782 0.25147 2.810336 -0.0558998628 -0.255099374 0.96529763 0.972722 0.031103
-1.042659 0.247285 2.809213 -0.0616023545 -0.273010435 0.960036693 0.968906 0.032434
-1.038623 0.250744 2.81027 -0.0179996989 -0.256095716 0.966483831 0.967817 0.030413
-1.045946 0.252057 2.810223 -0.15671089 -0.254217666 0.954366321 0.976262 0.031671
-1.045722 0.248216 2.809201 -0.163697504 -0.281195713 0.945585585 0.972147 0.032781
-1.033741 0.249948 2.810091 -0.00210015426 -0.257518915 0.966270975 0.962115 0.029668
-1.033741 0.244826 2.808702 -0.00440028 -0.270317201 0.962761262 0.959216 0.031417
-1.033741 0.239741 2.807226 -0.0145004094 -0.296808381 0.95482696 0.956423 0.033239
-1.0385 0.241513 2.807683 -0.0352017607 -0.299814996 0.953347683 0.961208 0.033534
-1.042289 0.243245 2.808037 -0.0792963897 -0.305586087 0.9488568 0.96535 0.033684
-1.04505 0.244527 2.808143 -0.174307239 -0.322913411 0.930238634 0.968275 0.033751
-1.038592 0.258357 2.79588 -0.0173994411 0.446185669 -0.89477126 0.961317 0.036985
-1.042782 0.257509 2.795714 -0.0564005364 0.312902976 -0.948109017 0.963881 0.036556
-1.042659 0.258403 2.796027 -0.054099575 0.476896254 -0.877293109 0.964415 0.036218
-1.038623 0.257355 2.795533 -0.0190005753 0.308209331 -0.951128796 0.960714 0.037388
-1.042782 0.255768 2.795186 -0.0558015399 0.289908 -0.955426365 0.96297 0.036579
-1.038623 0.255407 2.794945 -0.0187995442 0.288892996 -0.957176794 0.959811 0.037374
-1.045946 0.257627 2.796023 -0.15620289 0.323005976 -0.933417268 0.966515 0.035852
-1.045722 0.258439 2.796303 -0.140605001 0.55551976 -0.819529151 0.96696 0.035549
-1.045946 0.256045 2.795541 -0.153607772 0.287614552 -0.945347831 0.965593 0.035929
-1.03374 0.257182 2.795438 -0.00340003339 0.304802993 -0.952409353 0.957133 0.038302
-1.03374 0.258304 2.79582 -0.00250011935 0.431220585 -0.90224307 0.957749 0.037833
-1.028406 0.257007 2.795389 0.000800005788 0.302002185 -0.953306897 0.953258 0.039252
-1.028406 0.25825 2.795805 0.00130003712 0.41891196 -0.908025925 0.953856 0.03872
-1.03374 0.255001 2.794784 -0.00310001672 0.287401551 -0.957805167 0.956238 0.038261
-1.028406 0.254591 2.794668 0.00110003055 0.286007944 -0.958226615 0.952373 0.039188
-1.03374 0.258714 2.796081 -0.000699981839 0.834778342 -0.550585715 0.958195 0.037051
-1.0385 0.258723 2.796124 -0.00869990391 0.845190665 -0.534394098 0.961711 0.036334
-1.028406 0.258704 2.796078 0.00149997323 0.824685279 -0.565589904 0.954272 0.037821
-1.042289 0.258727 2.796247 -0.0237007966 0.858528856 -0.512217216 0.964591 0.035724
-1.045049 0.258732 2.796489 -0.0526038118 0.884464091 -0.463633596 0.966872 0.035179
-1.038592 0.248373 2.792869 -0.0239007345 0.265808168 -0.963729616 0.95706 0.035874
-1.03374 0.251416 2.793708 -0.00309997542 0.282397761 -0.959292393 0.954956 0.037517
-1.03374 0.247121 2.792468 -0.00660011762 0.267204762 -0.963617172 0.953511 0.036396
-1.038623 0.252204 2.793978 -0.0190013237 0.28321973 -0.958866797 0.95852 0.036777
-1.028406 0.25062 2.793483 0.00119998826 0.281397248 -0.959590615 0.951095 0.038295
-1.028406 0.245863 2.792112 -0.00160000152 0.267700254 -0.963500915 0.949649 0.036958
-1.042782 0.252906 2.794317 -0.0570029594 0.282914688 -0.957449707 0.961661 0.036128
-1.042659 0.249505 2.793329 -0.0648988623 0.260895427 -0.963183115 0.960148 0.035444
-1.045946 0.253444 2.794749 -0.157907969 0.276513955 -0.947947839 0.96425 0.035622
-1.045722 0.25035 2.793843 -0.16940789 0.242111275 -0.955344491 0.962638 0.035137
-1.042289 0.246148 2.792444 -0.0862998019 0.219899495 -0.97169777 0.958624 0.03477
-1.0385 0.24454 2.791855 -0.04080045 0.230102538 -0.972310725 0.955649 0.034948
-1.045049 0.247291 2.793023 -0.185405579 0.187905654 -0.964529023 0.960909 0.034676
-1.03374 0.242809 2.79132 -0.0192001662 0.235402037 -0.97170841 0.952131 0.03523
-1.028406 0.241091 2.790833 -0.0118002663 0.239105397 -0.970921914 0.948261 0.03556
-1.016924 0.258155 2.795779 0.000800042843 0.399921416 -0.916549083 0.9453 0.040549
-1.010233 0.25868 2.796071 0.00080001558 0.799615573 -0.600511695 0.940492 0.040366
-1.010233 0.258114 2.795767 0.000599997534 0.393098384 -0.919496221 0.940162 0.041625
-1.016924 0.258687 2.796073 0.00100003565 0.80672876 -0.590921067 0.945656 0.039419
-1.022891 0.258695 2.796075 0.00120004152 0.8150282 -0.579420048 0.950171 0.03859
-1.022891 0.2582 2.795791 0.00100004314 0.408317613 -0.912839376 0.949785 0.039602
-1.022891 0.256847 2.795343 0.000700043176 0.29961848 -0.954058843 0.949209 0.040194
-1.016924 0.256701 2.795302 0.000500013438 0.297808004 -0.954625656 0.944746 0.041201
-1.022891 0.254217 2.794562 0.000900049023 0.284915518 -0.958552209 0.948338 0.040101
-1.016924 0.253876 2.794465 0.000699996241 0.284098474 -0.958794851 0.943891 0.041081
-1.010233 0.256569 2.795264 0.000399998028 0.296298539 -0.955095291 0.939628 0.042349
-1.010233 0.253567 2.794377 0.000500000798 0.283400452 -0.95900153 0.938787 0.04221
-1.016924 0.243669 2.79149 -0.00100000678 0.268401818 -0.963306527 0.941187 0.038129
-1.010233 0.24863 2.792918 0.000499993913 0.279696595 -0.960088311 0.937532 0.040884
-1.010233 0.242719 2.79122 -0.000700015954 0.268706124 -0.963221952 0.936092 0.03891
-1.016924 0.249231 2.793089 0.000700027813 0.280211133 -0.959938139 0.942629 0.039894
-1.022891 0.249893 2.793277 0.000899995797 0.280698689 -0.959795518 0.947068 0.039059
-1.022891 0.244715 2.791786 -0.00129998774 0.268097472 -0.963390915 0.945624 0.037507
-1.022891 0.239522 2.790388 -0.00930073586 0.241819132 -0.970276767 0.944232 0.035882
-1.016924 0.238093 2.789983 -0.00720033868 0.244011477 -0.969745613 0.939794 0.036278
-1.010233 0.236796 2.789615 -0.00540002892 0.245801316 -0.969305191 0.934695 0.036832
-1.048486 0.258388 2.81067 -0.671337237 0.542730103 0.504727996 0.986297 0.031557
-1.047845 0.258731 2.809716 -0.19411088 0.98035495 0.0350019619 0.984222 0.032147
-1.048794 0.258399 2.80963 -0.735408189 0.666107417 0.124401385 0.984335 0.03198
-1.047563 0.258728 2.810745 -0.223197813 0.949390696 0.220997834 0.986338 0.031769
-1.047845 0.258733 2.808262 -0.17369938 0.984796484 0.0020999925 0.981415 0.032473
-1.048794 0.258407 2.808177 -0.703239843 0.710940279 0.00420023797 0.981741 0.032374
-1.04672 0.25872 2.811404 -0.163103339 0.824916886 0.541211079 0.98685 0.031357
-1.047564 0.258371 2.811368 -0.408226634 0.35682328 0.84025482 0.986857 0.031098
-1.047845 0.257405 2.811138 -0.436022866 -0.149407835 0.887446539 0.98496 0.031044
-1.048794 0.257456 2.810435 -0.828696776 0 0.559697823 0.98459 0.031526
-1.047845 0.255526 2.810657 -0.417215767 -0.22570853 0.880333268 0.981762 0.031318
-1.048794 0.255645 2.809969 -0.814286328 -0.144497574 0.562190561 0.981672 0.031754
-1.049111 0.257489 2.809394 -0.981020229 0.127602631 0.146003011 0.982965 0.03197
-1.049111 0.257518 2.807941 -0.985423645 0.170104082 0.00220005279 0.980734 0.032406
-1.049111 0.255722 2.808934 -0.988766971 -0.0374025334 0.144709802 0.980448 0.032151
-1.049111 0.255789 2.807485 -1 0 0 0.97864 0.032567
-1.048486 0.248971 2.808243 -0.816127475 -0.26110879 0.515517355 0.97382 0.033046
-1.049111 0.252817 2.808179 -0.987686558 -0.0767989548 0.136298145 0.977121 0.032556
-1.048794 0.24917 2.807227 -0.976717102 -0.184003222 0.110301931 0.973205 0.033087
-1.048794 0.252667 2.809203 -0.8179086 -0.17400183 0.548405767 0.977996 0.032315
-1.049111 0.252946 2.806734 -0.999067416 -0.0428986009 -0.00489984019 0.975708 0.032853
-1.048794 0.249375 2.805787 -0.987417552 -0.156302778 -0.0240004266 0.972145 0.033208
-1.047845 0.252435 2.809865 -0.423812611 -0.242707222 0.872625965 0.977864 0.032048
-1.047564 0.248716 2.80889 -0.431603798 -0.294002587 0.852807505 0.973626 0.032964
-1.04672 0.244951 2.807857 -0.429004871 -0.372304228 0.823009345 0.969403 0.033781
-1.047564 0.245006 2.807196 -0.791140215 -0.398820273 0.463723572 0.969403 0.033781
-1.047845 0.24518 2.806177 -0.935879888 -0.346892545 0.0615986763 0.96892 0.033644
-1.047845 0.245459 2.804743 -0.94372868 -0.324309856 -0.0648019694 0.968163 0.033577
-1.048794 0.258432 2.804064 -0.689331293 0.724432886 0.00440019975 0.977016 0.033104
-1.047845 0.25874 2.801971 -0.158703857 0.987323997 0.00210005104 0.974431 0.033183
-1.048794 0.258446 2.801888 -0.681398699 0.731898602 0.00449999141 0.974975 0.033452
-1.047845 0.258737 2.804149 -0.163912082 0.986472716 0.00210015481 0.97649 0.032957
-1.047845 0.258742 2.800035 -0.153995225 0.98806936 0.00209993488 0.972682 0.033444
-1.048794 0.258457 2.799952 -0.674113139 0.738614396 0.00450008771 0.973207 0.033799
-1.047845 0.258735 2.806326 -0.169196581 0.985580087 0.00209995757 0.978827 0.032732
-1.048794 0.258419 2.806241 -0.696826281 0.717227051 0.00430016218 0.979287 0.032747
-1.049111 0.257556 2.806008 -0.984618664 0.174703312 0.0022000417 0.978548 0.032868
-1.049111 0.257598 2.803833 -0.983626416 0.180204839 0.00230006177 0.976465 0.033333
-1.049111 0.255878 2.805555 -1 0 0 0.976797 0.03306
-1.049111 0.255978 2.803384 -1 0 0 0.974985 0.033582
-1.049111 0.257641 2.801658 -0.982545193 0.186008556 0.0024001104 0.974545 0.033783
-1.049111 0.257679 2.799725 -0.98152763 0.191305385 0.00240006756 0.972846 0.034195
-1.049111 0.256078 2.801213 -1 0 0 0.973269 0.034086
-1.049111 0.256166 2.799283 -1 0 0 0.971718 0.034525
-1.048794 0.249954 2.801713 -0.986018646 -0.164703115 -0.0253004784 0.969833 0.033953
-1.049111 0.253507 2.800481 -0.998885027 -0.046899297 -0.00539991906 0.971275 0.034275
-1.048794 0.25026 2.799557 -0.985184976 -0.169497415 -0.026099602 0.968684 0.034381
-1.049111 0.253313 2.802645 -0.998955239 -0.0454025106 -0.00520028756 0.972721 0.033785
-1.049111 0.253679 2.798557 -0.998817135 -0.0483008286 -0.00560009607 0.969943 0.034681
-1.048794 0.250533 2.79764 -0.984384127 -0.173997194 -0.0266995695 0.967611 0.034717
-1.049111 0.253119 2.80481 -0.999018477 -0.0440008138 -0.00510009433 0.97422 0.033287
-1.048794 0.249647 2.80387 -0.986778567 -0.160196521 -0.0245994657 0.971004 0.033529
-1.047845 0.245831 2.802832 -0.941495999 -0.330498595 -0.0659997195 0.967335 0.033766
-1.047845 0.24625 2.800684 -0.938833099 -0.337711906 -0.0674023763 0.966475 0.034092
-1.047845 0.246669 2.798535 -0.935952363 -0.345319319 -0.0689038549 0.965621 0.034438
-1.047845 0.247041 2.796625 -0.933283285 -0.352193692 -0.070298741 0.96481 0.034686
-1.048486 0.258468 2.797455 -0.573590923 0.724988527 -0.381293966 0.970392 0.034541
-1.04672 0.258738 2.796889 -0.109095992 0.931465783 -0.34708725 0.968591 0.034653
-1.047563 0.25846 2.796751 -0.322910784 0.671622429 -0.666822269 0.968873 0.034999
-1.047564 0.258743 2.797552 -0.162202605 0.976015675 -0.145202332 0.969979 0.034176
-1.047845 0.258744 2.798581 -0.160401793 0.986811033 -0.0218002437 0.97127 0.033774
-1.048794 0.258466 2.798498 -0.673846386 0.734250544 -0.0825056795 0.971758 0.034152
-1.049111 0.257707 2.798273 -0.964805649 0.226201324 -0.134100785 0.971427 0.034551
-1.048794 0.257715 2.797224 -0.796896789 0.302198782 -0.523097892 0.970054 0.034907
-1.049111 0.256233 2.797833 -0.988557938 0.0432981577 -0.144493852 0.970397 0.034851
-1.048794 0.256252 2.796782 -0.812363168 0.168613111 -0.558243408 0.969084 0.035142
-1.047845 0.257692 2.7965 -0.41772674 0.337021573 -0.84375401 0.968495 0.035322
-1.047845 0.256198 2.796046 -0.414688631 0.264492749 -0.870676131 0.967556 0.035476
-1.048486 0.250824 2.795151 -0.829239788 0.00860041266 -0.558826813 0.965656 0.034918
-1.047845 0.253741 2.795298 -0.427113587 0.239407616 -0.871927736 0.966158 0.035313
-1.047564 0.250742 2.794408 -0.444684327 0.170194002 -0.879369007 0.964394 0.034985
-1.048794 0.253846 2.796056 -0.822512872 0.123801938 -0.555108688 0.967599 0.035112
-1.049111 0.253809 2.797112 -0.989148128 -0.00580028222 -0.146807143 0.96879 0.03493
-1.048794 0.250737 2.7962 -0.978029845 -0.134104092 -0.15960487 0.966665 0.034862
-1.047845 0.247321 2.79519 -0.928928305 -0.317609678 -0.190305799 0.964082 0.034718
-1.047563 0.247513 2.794176 -0.803945738 -0.160509132 -0.572632578 0.963307 0.034661
-1.04672 0.247624 2.793527 -0.449540688 0.0665060194 -0.890780624 0.96236 0.034643
-0.642072 0.257856 2.812108 0 -0.167511903 0.985870053 0.36274 0.027358
-0.691155 0.258633 2.812181 0 0.54210637 0.840309874 0.473055 0.027235
-0.691155 0.257856 2.812108 0 -0.167511903 0.985870053 0.472964 0.022531
-0.642072 0.258633 2.812181 0 0.54210637 0.840309874 0.36269 0.032424
-0.733782 0.258633 2.812181 0 0.542176977 0.840264319 0.580075 0.02265
-0.733782 0.257856 2.812108 0 -0.167511903 0.985870053 0.579883 0.018347
-0.588684 0.258633 2.812181 0 0.54210637 0.840309874 0.275365 0.036729
-0.588684 0.257856 2.812108 0 -0.167511903 0.985870053 0.275543 0.031397
-0.533144 0.258633 2.812181 0 0.542176977 0.840264319 0.237462 0.03866
-0.533144 0.257856 2.812108 0 -0.167511903 0.985870053 0.237701 0.03322
-0.588684 0.255733 2.811581 0 -0.250715734 0.968060753 0.275722 0.029279
-0.642072 0.255733 2.811581 0 -0.250715734 0.968060753 0.362827 0.02537
-0.588684 0.251608 2.810468 0 -0.260400207 0.965500768 0.275926 0.032164
-0.642072 0.251608 2.810468 0 -0.260400207 0.965500768 0.36299 0.028178
-0.533144 0.255733 2.811581 0 -0.250715734 0.968060753 0.237925 0.031045
-0.533144 0.251608 2.810468 0 -0.260400207 0.965500768 0.23815 0.033955
-0.691155 0.255733 2.811581 0 -0.250715734 0.968060753 0.472952 0.02071
-0.733782 0.255733 2.811581 0 -0.250715734 0.968060753 0.57981 0.016689
-0.691155 0.251608 2.810468 0 -0.260400207 0.965500768 0.473078 0.023379
-0.733782 0.251608 2.810468 0 -0.260400207 0.965500768 0.579926 0.019151
-0.642072 0.236734 2.806407 0 -0.271206009 0.962521325 0.363484 0.050172
-0.691155 0.244825 2.808638 0 -0.263092022 0.964770744 0.473398 0.032145
-0.691155 0.236734 2.806407 0 -0.271113358 0.962547426 0.473746 0.04405
-0.642072 0.244825 2.808638 0 -0.263092022 0.964770744 0.363268 0.037497
-0.733782 0.244825 2.808638 0 -0.263092022 0.964770744 0.580305 0.027211
-0.733782 0.236734 2.806407 0 -0.271113358 0.962547426 0.580788 0.038152
-0.588684 0.244825 2.808638 0 -0.263092022 0.964770744 0.276178 0.041845
-0.588684 0.236734 2.806407 0 -0.271206009 0.962521325 0.276295 0.055033
-0.533144 0.244825 2.808638 0 -0.263092022 0.964770744 0.238393 0.043769
-0.533144 0.236734 2.806407 0 -0.271206009 0.962521325 0.238468 0.057148
-0.588684 0.228686 2.804092 0 -0.287705671 0.957718877 0.276095 0.068437
-0.642072 0.228686 2.804092 0 -0.287705671 0.957718877 0.363465 0.063045
-0.533144 0.228686 2.804092 0 -0.287705671 0.957718877 0.23819 0.070754
-0.691155 0.228686 2.804092 0 -0.287705671 0.957718877 0.473955 0.056134
-0.733782 0.228686 2.804092 0 -0.287705671 0.957718877 0.581219 0.049262
-0.795959 0.257856 2.812108 0 -0.167511903 0.985870053 0.711987 0.015641
-0.821006 0.258633 2.812181 0 0.54210637 0.840309874 0.751581 0.019271
-0.821006 0.257856 2.812108 0 -0.167511903 0.985870053 0.751494 0.016019
-0.795959 0.258633 2.812181 0 0.54210637 0.840309874 0.712137 0.019213
-0.767801 0.258633 2.812181 0 0.542222535 0.840234921 0.657369 0.020158
-0.767801 0.257856 2.812108 0 -0.167511903 0.985870053 0.65717 0.016233
-0.767801 0.255733 2.811581 0 -0.250715734 0.968060753 0.657111 0.014697
-0.795959 0.255733 2.811581 0 -0.250715734 0.968060753 0.711979 0.014193
-0.767801 0.251608 2.810468 0 -0.260400207 0.965500768 0.657269 0.01688
-0.795959 0.251608 2.810468 0 -0.260400207 0.965500768 0.712189 0.016054
-0.821006 0.255733 2.811581 0 -0.250715734 0.968060753 0.751534 0.014636
-0.821006 0.251608 2.810468 0 -0.260400207 0.965500768 0.751768 0.016165
-0.795986 0.236687 2.806397 0.000299993097 -0.270293781 0.962777847 0.713436 0.031125
-0.821006 0.244825 2.808638 0.000100000461 -0.262601211 0.964904448 0.75226 0.021651
-0.821113 0.236546 2.806365 0.000499998018 -0.268798934 0.963196181 0.753222 0.029283
-0.795959 0.244825 2.808638 0 -0.262905856 0.964821492 0.712695 0.02241
-0.767801 0.244825 2.808638 0 -0.263092022 0.964770744 0.657723 0.024115
-0.767801 0.236734 2.806407 9.99980116e-05 -0.270994611 0.962580859 0.658322 0.033963
-0.767801 0.228686 2.804092 0.000200002036 -0.287402926 0.957809751 0.658912 0.043985
-0.796066 0.228498 2.804049 0.000899999433 -0.28609982 0.958199396 0.714353 0.040063
-0.821434 0.227935 2.803921 0.00200012512 -0.282517673 0.959260008 0.754862 0.037254
-0.795959 0.257956 2.795722 0 0.3723043 -0.92811072 0.714496 0.067012
-0.767801 0.258651 2.796063 0 0.774447196 -0.632638554 0.658713 0.068568
-0.767801 0.257956 2.795722 0 0.3723043 -0.92811072 0.658765 0.072621
-0.795959 0.258651 2.796063 0 0.774447196 -0.632638554 0.714293 0.063326
-0.733782 0.258651 2.796063 0 0.774447196 -0.632638554 0.579526 0.075694
-0.733782 0.257956 2.795722 0 0.3723043 -0.92811072 0.579327 0.080131
-0.821006 0.258651 2.796063 0 0.774487217 -0.632589559 0.753819 0.059474
-0.821006 0.257956 2.795722 0 0.3723043 -0.92811072 0.754084 0.062822
-0.821006 0.256056 2.795119 0 0.291913637 -0.956444681 0.754293 0.06446
-0.795959 0.256056 2.795119 0 0.291913637 -0.956444681 0.714617 0.068738
-0.821006 0.252364 2.794036 0 0.281397451 -0.959591306 0.754408 0.06342
-0.795959 0.252364 2.794036 0 0.281397451 -0.959591306 0.714609 0.067396
-0.767801 0.256056 2.795119 0 0.291913637 -0.956444681 0.658693 0.074453
-0.733782 0.256056 2.795119 0 0.291913637 -0.956444681 0.578945 0.08209
-0.767801 0.252364 2.794036 0 0.281397451 -0.959591306 0.658427 0.072811
-0.733782 0.252364 2.794036 0 0.281397451 -0.959591306 0.578283 0.080176
-0.795986 0.238986 2.790159 0.000300005756 0.27050519 -0.96271847 0.714231 0.054155
-0.767801 0.246293 2.792256 0 0.278509691 -0.960433419 0.657899 0.066442
-0.767801 0.239028 2.790174 0.000100004275 0.269711529 -0.962941162 0.657269 0.057618
-0.795959 0.246293 2.792256 0 0.278694168 -0.960379904 0.714422 0.061878
-0.733782 0.246293 2.792256 0 0.278509691 -0.960433419 0.577244 0.07299
-0.733782 0.239028 2.790174 0 0.269500101 -0.963000361 0.576087 0.063078
-0.821006 0.246293 2.792256 9.99963547e-05 0.279089826 -0.960264994 0.754391 0.058734
-0.821113 0.238858 2.790116 0.000500019519 0.272210626 -0.962237562 0.754631 0.052038
-0.821434 0.231072 2.787954 0.00199996663 0.25709571 -0.966383876 0.755516 0.044966
-0.796066 0.231583 2.788128 0.00099999217 0.25289802 -0.967492425 0.714211 0.046199
-0.767801 0.231753 2.788186 0.000199996759 0.251395926 -0.967884316 0.656694 0.048615
-0.733782 0.231753 2.788186 0 0.250996863 -0.9679879 0.575074 0.052989
-0.642071 0.257956 2.795722 0 0.3723043 -0.92811072 0.354154 0.100019
-0.588684 0.258651 2.796063 0 0.774487217 -0.632589559 0.2647 0.102419
-0.588684 0.257956 2.795722 0 0.3723043 -0.92811072 0.263459 0.107839
-0.642071 0.258651 2.796063 0 0.774487217 -0.632589559 0.355092 0.094847
-0.533144 0.258651 2.796063 0 0.774487217 -0.632589559 0.225427 0.105686
-0.533144 0.257956 2.795722 0 0.3723043 -0.92811072 0.224054 0.111205
-0.691155 0.258651 2.796063 0 0.774487217 -0.632589559 0.469176 0.085196
-0.691155 0.257956 2.795722 0 0.3723043 -0.92811072 0.468616 0.090023
-0.691155 0.256056 2.795119 0 0.291913637 -0.956444681 0.467801 0.092134
-0.642071 0.256056 2.795119 0 0.291913637 -0.956444681 0.352888 0.102276
-0.691155 0.252364 2.794036 0 0.281397451 -0.959591306 0.466597 0.089999
-0.642071 0.252364 2.794036 0 0.281397451 -0.959591306 0.35113 0.099977
-0.588684 0.256056 2.795119 0 0.291913637 -0.956444681 0.261838 0.110207
-0.533144 0.256056 2.795119 0 0.291913637 -0.956444681 0.222278 0.113621
-0.588684 0.252364 2.794036 0 0.281397451 -0.959591306 0.259642 0.107807
-0.533144 0.252364 2.794036 0 0.281397451 -0.959591306 0.219892 0.111185
-0.642071 0.239028 2.790174 0 0.269500101 -0.963000361 0.346171 0.079776
-0.588684 0.246293 2.792256 0 0.278509691 -0.960433419 0.256679 0.098921
-0.588684 0.239028 2.790174 0 0.269500101 -0.963000361 0.253594 0.086666
-0.642071 0.246293 2.792256 0 0.278509691 -0.960433419 0.348713 0.091482
-0.533144 0.246293 2.792256 0 0.278509691 -0.960433419 0.216694 0.102151
-0.533144 0.239028 2.790174 0 0.269500101 -0.963000361 0.213375 0.089688
-0.691155 0.246293 2.792256 0 0.278509691 -0.960433419 0.464875 0.082087
-0.691155 0.239028 2.790174 0 0.269500101 -0.963000361 0.463028 0.071189
-0.691155 0.231753 2.788186 0 0.250996863 -0.9679879 0.461456 0.060093
-0.642071 0.231753 2.788186 0 0.250996863 -0.9679879 0.344041 0.067845
-0.588684 0.231753 2.788186 0 0.250996863 -0.9679879 0.251031 0.074163
-0.533144 0.231753 2.788186 0 0.250996863 -0.9679879 0.210627 0.076963
-0.153376 0.213062 3.130201 -0.000299997639 0.27059787 0.962692424 0.852292 0.038204
-0.181476 0.217825 3.128771 -0.00830038008 0.253711618 0.967244291 0.828892 0.038207
-0.172212 0.212996 3.130128 -0.0108999505 0.253798846 0.967195604 0.838823 0.037928
-0.158342 0.218013 3.128795 -0.000400002854 0.270901933 0.962606868 0.847915 0.038607
-0.189074 0.22331 3.127224 -0.00489999679 0.261099829 0.965299368 0.820361 0.039953
-0.162221 0.223582 3.127202 -0.000300000111 0.273400101 0.961900356 0.844425 0.040268
-0.200509 0.217307 3.12865 -0.0244009628 0.196307745 0.980238676 0.812925 0.037897
-0.187848 0.21281 3.129896 -0.0327013612 0.201508388 0.978940749 0.827558 0.037862
-0.218056 0.222421 3.127274 -0.0139999185 0.209098782 0.977794304 0.79158 0.038932
-0.135881 0.217915 3.128745 0.00789975645 0.269491692 0.962970312 0.865664 0.038727
-0.134708 0.213019 3.130122 0.0104000194 0.273900512 0.961701798 0.865445 0.038497
-0.11784 0.217484 3.128599 0.0265002007 0.252601913 0.967207327 0.879512 0.038671
-0.119321 0.212854 3.129884 0.0322007741 0.268206448 0.962823147 0.876187 0.038732
-0.136536 0.223467 3.127179 0.00490020704 0.269311379 0.963040689 0.866195 0.040074
-0.111897 0.222891 3.127141 0.0198006656 0.237307977 0.971232649 0.886491 0.039154
-0.131811 0.207582 3.131659 0.0130002752 0.277905883 0.960520334 0.86641 0.038635
-0.147863 0.207607 3.131749 0 0.271906675 0.962323625 0.856689 0.038301
-0.127851 0.200624 3.133632 0.0149998088 0.279296439 0.960087759 0.867824 0.038676
-0.142087 0.200649 3.133722 0.000200010731 0.272514621 0.962151621 0.860683 0.038352
-0.118435 0.207505 3.131391 0.0382008364 0.28040614 0.959121 0.874545 0.03893
-0.115988 0.200548 3.133363 0.0440033118 0.285821512 0.957272047 0.873825 0.038945
-0.163914 0.207582 3.131659 -0.0129999669 0.257099344 0.966297536 0.846979 0.038055
-0.17729 0.207505 3.131391 -0.0385017012 0.217309602 0.975343096 0.838871 0.038024
-0.156322 0.200624 3.133632 -0.0146994598 0.260490427 0.965364524 0.853557 0.038088
-0.168185 0.200548 3.133363 -0.0434023861 0.230712684 0.97205344 0.847605 0.038001
-0.153376 0.208592 3.114202 -0.000299996135 -0.273796472 -0.961787607 0.852144 0.03758
-0.135881 0.213647 3.112857 0.0077998761 -0.273695652 -0.961784722 0.865501 0.03595
-0.134708 0.20859 3.114294 0.0104000759 -0.270701975 -0.962607022 0.865307 0.036348
-0.158342 0.213728 3.112758 -0.000400004742 -0.272303228 -0.962211407 0.847715 0.037324
-0.136536 0.219576 3.111186 0.00469994409 -0.272696756 -0.962088556 0.865935 0.034223
-0.162221 0.219698 3.111098 -0.000300006897 -0.268706178 -0.963222145 0.844078 0.035549
-0.117839 0.213298 3.11322 0.0262009431 -0.290110443 -0.956634435 0.879395 0.035072
-0.119321 0.20856 3.114586 0.0320997756 -0.27609807 -0.960593285 0.876059 0.035358
-0.111897 0.218966 3.111554 0.0191003906 -0.302306182 -0.953019489 0.886376 0.033838
-0.181475 0.213556 3.112882 -0.00830042491 -0.288814785 -0.957349008 0.828696 0.039147
-0.172212 0.208568 3.1143 -0.0109007678 -0.290320448 -0.956867395 0.838672 0.038837
-0.200509 0.213121 3.113271 -0.0240010753 -0.342415341 -0.939242079 0.812757 0.040711
-0.187848 0.208516 3.114599 -0.0326015822 -0.340316516 -0.939745607 0.827406 0.039738
-0.189073 0.219419 3.111231 -0.00479981029 -0.28008893 -0.959962058 0.819999 0.037676
-0.218056 0.218496 3.111688 -0.0134994729 -0.327187224 -0.944863104 0.791346 0.041092
-0.163914 0.2031 3.115851 -0.0130005249 -0.288011629 -0.957538661 0.846848 0.038166
-0.147863 0.203074 3.115762 0 -0.273400113 -0.961900399 0.856558 0.037224
-0.156322 0.196142 3.117824 -0.0147002084 -0.28500404 -0.958413586 0.85345 0.037665
-0.142087 0.196116 3.117735 0.000200002696 -0.27300368 -0.962012968 0.860567 0.036891
-0.17729 0.203176 3.11612 -0.0384992075 -0.326593277 -0.94438056 0.838672 0.038837
-0.168185 0.196218 3.118093 -0.0433998644 -0.313799019 -0.948497036 0.847501 0.038179
-0.131811 0.2031 3.115852 0.0129003357 -0.267306957 -0.963525076 0.866274 0.036194
-0.118435 0.203176 3.11612 0.038201061 -0.264507347 -0.963626765 0.874405 0.035315
-0.127851 0.196142 3.117824 0.0150000159 -0.266200282 -0.963801022 0.867697 0.036054
-0.115988 0.196218 3.118093 0.0440020274 -0.259111939 -0.964844456 0.873689 0.035356
-0.130533 0.179858 3.139616 0 0.272514626 0.96215164 0.866321 0.036941
-0.149177 0.191166 3.136314 -0.0164007439 0.262311897 0.964843762 0.858755 0.037523
-0.142328 0.179833 3.139527 -0.0180000111 0.263100162 0.964600593 0.862788 0.036631
-0.136332 0.191191 3.136403 0.000100005367 0.272514625 0.962151635 0.863847 0.03781
-0.15988 0.19109 3.136045 -0.0485013615 0.238106684 0.970027229 0.8545 0.037409
-0.152157 0.179756 3.139258 -0.0530985512 0.241393414 0.968973562 0.859835 0.036511
-0.123488 0.191166 3.136314 0.0166002957 0.279104971 0.9601171 0.868957 0.038158
-0.118739 0.179833 3.139527 0.0180006076 0.279309428 0.960032406 0.86987 0.037327
-0.112784 0.19109 3.136045 0.0487000843 0.287300497 0.956601655 0.873265 0.038453
-0.10891 0.179756 3.139258 0.0530015516 0.289108464 0.955827982 0.872867 0.037677
-0.113621 0.167249 3.143095 0.0193011912 0.279817269 0.95985924 0.870624 0.03643
-0.124624 0.167275 3.143184 0 0.272514626 0.96215164 0.868242 0.036006
-0.108153 0.154041 3.146839 0.0204001563 0.280602149 0.959607351 0.871281 0.035713
-0.118538 0.154067 3.146929 -0.000100005367 0.272514625 0.962151635 0.869748 0.035272
-0.104452 0.167173 3.142826 0.0568982917 0.291191257 0.954971327 0.872636 0.036839
-0.099499 0.153965 3.146571 0.0602000081 0.29370004 0.954000129 0.872573 0.036159
-0.135627 0.167249 3.143095 -0.0194008648 0.263211733 0.964542995 0.865871 0.035682
-0.144795 0.167173 3.142826 -0.0572021471 0.242209091 0.968536355 0.863891 0.03557
-0.128923 0.154041 3.146839 -0.0206996549 0.262595623 0.964683919 0.868221 0.034947
-0.137577 0.153965 3.146571 -0.0609022053 0.240908723 0.968635075 0.866946 0.034848
-0.105657 0.127589 3.154443 -9.99973066e-05 0.273492634 0.961874092 0.871956 0.03507
-0.122068 0.140833 3.150584 -0.021799312 0.262191725 0.964769552 0.870051 0.034694
-0.11508 0.127564 3.154353 -0.0227997755 0.262397417 0.964690503 0.87144 0.034796
-0.11221 0.140858 3.150674 -9.99971871e-05 0.272792326 0.962072937 0.870976 0.035001
-0.130284 0.140757 3.150316 -0.0641017071 0.239306373 0.9688258 0.869281 0.034607
-0.122932 0.127489 3.154084 -0.0671014058 0.238504997 0.968820297 0.871009 0.034717
-0.102351 0.140833 3.150584 0.021501271 0.281716653 0.959256703 0.871903 0.035424
-0.096234 0.127564 3.154353 0.0225014533 0.283318299 0.958761924 0.872473 0.03545
-0.094136 0.140757 3.150316 0.0635015771 0.296807371 0.952823664 0.872682 0.035861
-0.088381 0.127489 3.154084 0.0665035068 0.300215831 0.951550177 0.872907 0.035845
-0.089819 0.114175 3.158172 0.0235011287 0.285313703 0.958146016 0.872976 0.035679
-0.098897 0.114199 3.158262 -0.000100000135 0.274800371 0.961501298 0.872718 0.035357
-0.083123 0.100605 3.162063 0.0243016829 0.287519911 0.957466307 0.873395 0.036
-0.091948 0.100626 3.162155 0 0.276503698 0.961012854 0.873293 0.035739
-0.082253 0.114104 3.157901 0.0692012761 0.303805602 0.950217522 0.873192 0.036013
-0.075769 0.10054 3.161789 0.071503935 0.307516923 0.948852217 0.873482 0.036266
-0.107975 0.114175 3.158172 -0.0237017699 0.263119648 0.96447202 0.872461 0.035123
-0.11554 0.114104 3.157901 -0.0698020854 0.238507126 0.968628938 0.872244 0.035051
-0.100773 0.100605 3.162063 -0.0245000439 0.264400473 0.964101726 0.87319 0.035545
-0.108127 0.10054 3.161789 -0.072204023 0.239313334 0.968253948 0.873103 0.03548
-0.130533 0.175325 3.12363 0 -0.273003686 -0.962012987 0.866328 0.03791
-0.123487 0.186684 3.120506 0.0166003137 -0.266405034 -0.96371821 0.868875 0.036497
-0.118738 0.175351 3.123719 0.0180013421 -0.26611984 -0.963771852 0.86987 0.037327
-0.136332 0.186658 3.120416 0.00010000135 -0.273003684 -0.962012982 0.863783 0.037211
-0.112784 0.18676 3.120775 0.0487023636 -0.257512497 -0.965046835 0.873168 0.035893
-0.10891 0.175427 3.123988 0.0530014721 -0.2556071 -0.965326812 0.872829 0.036704
-0.149176 0.186684 3.120506 -0.0164007891 -0.283113621 -0.958946136 0.858706 0.037863
-0.142328 0.175351 3.123719 -0.0180009892 -0.282315514 -0.959152707 0.862814 0.038473
-0.15988 0.18676 3.120775 -0.0484984553 -0.306390242 -0.950669722 0.854458 0.038282
-0.152157 0.175427 3.123988 -0.053098899 -0.303093715 -0.951480271 0.859869 0.038805
-0.135626 0.162768 3.127287 -0.0194011058 -0.282216085 -0.959154669 0.865971 0.039209
-0.124624 0.162742 3.127197 0 -0.273003686 -0.962012987 0.86832 0.038714
-0.128923 0.149559 3.131032 -0.0206997021 -0.282695932 -0.9589862 0.868376 0.039783
-0.118538 0.149534 3.130942 -0.00010000135 -0.273003684 -0.962012982 0.869881 0.039347
-0.144795 0.162844 3.127555 -0.0572031892 -0.302116843 -0.951553051 0.863999 0.039463
-0.137577 0.149636 3.1313 -0.0609027252 -0.303313572 -0.950942551 0.867109 0.039974
-0.113621 0.162768 3.127287 0.0192998161 -0.265597469 -0.963890814 0.870674 0.038119
-0.104452 0.162844 3.127555 0.0569007115 -0.253303168 -0.965712076 0.872659 0.037566
-0.108153 0.149559 3.131032 0.020401722 -0.264822352 -0.964081372 0.871385 0.038794
-0.099499 0.149636 3.1313 0.0603006365 -0.250602645 -0.966210198 0.872646 0.038254
-0.105657 0.123128 3.138432 -0.000100000041 -0.273400112 -0.961900394 0.872108 0.039397
-0.102351 0.136351 3.134776 0.0214996481 -0.263995678 -0.964284215 0.872029 0.039042
-0.096234 0.123153 3.138521 0.0225011195 -0.2633131 -0.964447982 0.872599 0.038977
-0.11221 0.136326 3.134687 -9.9998619e-05 -0.273096229 -0.961986715 0.871131 0.039534
-0.094136 0.136427 3.135045 0.0635032886 -0.247712828 -0.966750064 0.872778 0.038547
-0.088381 0.123228 3.138791 0.0664029948 -0.24501105 -0.967243624 0.873005 0.038547
-0.122068 0.136351 3.134776 -0.0218005104 -0.283506637 -0.958722444 0.870228 0.039909
-0.115079 0.123153 3.138521 -0.0228001066 -0.28450133 -0.958404481 0.871611 0.039712
-0.130284 0.136427 3.135045 -0.0641017353 -0.305208262 -0.95012572 0.869463 0.040055
-0.122932 0.123228 3.138791 -0.0669989505 -0.307195188 -0.94928513 0.871185 0.039826
-0.107975 0.109973 3.142267 -0.0236013179 -0.285615949 -0.958053499 0.872609 0.039317
-0.098897 0.10995 3.142177 -9.99987155e-05 -0.273796483 -0.961787646 0.87285 0.039059
-0.100773 0.096823 3.146013 -0.0242995867 -0.286795122 -0.95768371 0.873307 0.038848
-0.091948 0.096802 3.145923 0 -0.274496595 -0.961588072 0.873396 0.03864
-0.11554 0.110045 3.142538 -0.0694991205 -0.309096088 -0.948487997 0.872398 0.039408
-0.108127 0.096887 3.146287 -0.0715033482 -0.310914559 -0.947744379 0.873224 0.038924
-0.089818 0.109973 3.142267 0.0234008867 -0.262909962 -0.964536547 0.873086 0.038713
-0.082253 0.110045 3.142538 0.0690991587 -0.242497048 -0.967688218 0.873278 0.03836
-0.083123 0.096823 3.146014 0.024101146 -0.262812497 -0.964545865 0.87348 0.038366
-0.075769 0.096887 3.146287 0.0713035706 -0.240412039 -0.968048476 0.873548 0.038088
-0.165909 0.258798 3.115324 0 0.999805934 0.0197001169 0.842768 0.043082
-0.13957 0.258775 3.116045 0 0.997917633 0.0645011397 0.868243 0.04425
-0.13957 0.258798 3.115324 0 0.999809853 0.0195001922 0.86825 0.041798
-0.165909 0.258774 3.116045 0 0.997891807 0.0648994672 0.842854 0.045754
-0.13957 0.258729 3.116515 0 0.98474427 0.174007823 0.868238 0.046927
-0.165909 0.258728 3.116515 0 0.984549101 0.175108733 0.84295 0.048671
-0.116347 0.258775 3.116045 0 0.997969218 0.0636980353 0.889654 0.042868
-0.116347 0.258798 3.115324 0 0.999813733 0.0193002651 0.889743 0.040631
-0.116347 0.25873 3.116514 -9.9999699e-05 0.985097035 0.171999482 0.88956 0.045314
-0.193529 0.258774 3.116045 0 0.997878835 0.0650986193 0.814532 0.047432
-0.193529 0.258798 3.115324 0 0.999805934 0.0197001169 0.81436 0.04452
-0.220599 0.258774 3.116045 0 0.997878835 0.0650986193 0.784321 0.049337
-0.220599 0.258798 3.115324 0 0.999805934 0.0197001169 0.78409 0.046149
-0.193529 0.258728 3.116515 0 0.984480065 0.175496446 0.814721 0.050615
-0.220599 0.258728 3.116515 0 0.984480065 0.175496446 0.784574 0.05283
-0.193529 0.258805 3.114275 0 0.999993155 0.00369997467 0.81421 0.041975
-0.165909 0.258805 3.114275 0 0.99999352 0.00359997667 0.842692 0.040741
-0.193529 0.258805 3.112821 0 1 0 0.814085 0.039892
-0.165909 0.258805 3.112821 0 1 0 0.842626 0.038816
-0.220598 0.258805 3.114275 0 0.999993155 0.00369997467 0.783889 0.043373
-0.220598 0.258805 3.112821 0 1 0 0.783725 0.041116
-0.13957 0.258805 3.114275 0 0.99999352 0.00359997667 0.868255 0.039648
-0.116347 0.258805 3.114275 0 0.99999352 0.00359997667 0.889819 0.038674
-0.13957 0.258805 3.112821 0 1 0 0.868254 0.037878
-0.116347 0.258805 3.112821 0 1 0 0.889876 0.037068
-0.165909 0.258805 3.108707 0 1 0 0.842516 0.036221
-0.13957 0.258805 3.110884 0 1 0 0.868242 0.036567
-0.13957 0.258805 3.108707 0 1 0 0.868214 0.035485
-0.165909 0.258805 3.110884 0 1 0 0.84257 0.037394
-0.116347 0.258805 3.110884 0 1 0 0.889906 0.035886
-0.116347 0.258805 3.108707 0 1 0 0.889904 0.034915
-0.193529 0.258805 3.110884 0 1 0 0.81399 0.038366
-0.193529 0.258805 3.108707 0 1 0 0.813913 0.037118
-0.220598 0.258805 3.110884 0 1 0 0.783603 0.039485
-0.220598 0.258805 3.108707 0 1 0 0.783511 0.038167
-0.193529 0.258805 3.106529 0 1 0 0.813845 0.035868
-0.165909 0.258805 3.106529 0 1 0 0.842455 0.035047
-0.193529 0.258805 3.104593 0 1 0 0.813775 0.034337
-0.165909 0.258805 3.104593 0 1 0 0.842381 0.03362
-0.220598 0.258805 3.106529 0 1 0 0.783436 0.036848
-0.220598 0.258805 3.104593 0 1 0 0.783363 0.035214
-0.13957 0.258805 3.106529 0 1 0 0.868163 0.0344
-0.116347 0.258805 3.106529 0 1 0 0.889865 0.033941
-0.13957 0.258805 3.104593 0 1 0 0.868083 0.033084
-0.116347 0.258805 3.104593 0 1 0 0.889784 0.032751
-0.165909 0.258797 3.102094 0 0.999751299 -0.0223011443 0.84217 0.029336
-0.13957 0.258805 3.103139 0 0.999991595 -0.00409996554 0.867967 0.031305
-0.13957 0.258797 3.102094 0 0.999753523 -0.0222011886 0.867822 0.029143
-0.165909 0.258805 3.103139 0 0.999991595 -0.00409996554 0.842284 0.031687
-0.116347 0.258805 3.103139 0 0.999992 -0.003999968 0.889654 0.031132
-0.116347 0.258797 3.102094 0 0.999760185 -0.0218991279 0.889487 0.029157
-0.193529 0.258805 3.103139 0 0.999991595 -0.00409996554 0.813693 0.032247
-0.193529 0.258797 3.102094 0 0.999749064 -0.0224010994 0.813602 0.029693
-0.220598 0.258805 3.103139 0 0.999991595 -0.00409996554 0.783281 0.032951
-0.220598 0.258797 3.102094 0 0.999749064 -0.0224010994 0.783192 0.030168
-0.193529 0.258771 3.101387 0 0.997077382 -0.0763982669 0.813506 0.026772
-0.165909 0.258771 3.101387 0 0.997092597 -0.0761994342 0.842044 0.026654
-0.193529 0.258719 3.100945 0 0.975044365 -0.222010102 0.813406 0.023581
-0.165909 0.258719 3.100945 0 0.975162316 -0.221491441 0.841911 0.023727
-0.220598 0.258771 3.101387 0 0.997077382 -0.0763982669 0.783098 0.026974
-0.220598 0.258719 3.100945 0 0.975022713 -0.222105174 0.783001 0.023478
-0.13957 0.258771 3.101387 0 0.997130463 -0.0757023127 0.867658 0.026677
-0.116347 0.258771 3.101387 0 0.997198564 -0.0747998923 0.889293 0.026899
-0.13957 0.25872 3.100944 0 0.97545209 -0.22021176 0.867481 0.023987
-0.116347 0.258721 3.100944 -0.000100001535 0.976014982 -0.217703342 0.889083 0.024432
-0.083829 0.258798 3.115324 0 0.99983253 0.0183005954 0.918558 0.038558
-0.072691 0.258778 3.116044 -9.9999327e-05 0.998293282 0.058399607 0.92767 0.039248
-0.072691 0.258798 3.115324 0 0.999843329 0.0177007671 0.927862 0.037686
-0.083829 0.258777 3.116044 -0.000100006202 0.998161898 0.0606037582 0.918387 0.040341
-0.072691 0.258736 3.116513 -0.000300003177 0.987310456 0.158801682 0.927471 0.040989
-0.083829 0.258733 3.116513 -0.000200005336 0.986426318 0.164204381 0.918207 0.042309
-0.06374 0.258779 3.116043 -0.00020000614 0.998430652 0.0560017193 0.93487 0.038307
-0.06374 0.258799 3.115324 0 0.999857168 0.0169009663 0.935083 0.036947
-0.06374 0.258739 3.116512 -0.000400007438 0.988318378 0.152402834 0.934654 0.039839
-0.098074 0.258776 3.116044 0 0.998051022 0.0624031901 0.906042 0.041556
-0.098074 0.258798 3.115324 0 0.999821371 0.018900404 0.906182 0.039545
-0.098074 0.258731 3.116514 -9.99967907e-05 0.985668365 0.168694586 0.905893 0.043762
-0.098074 0.258805 3.114275 0 0.999993875 0.00349997856 0.906305 0.037797
-0.083829 0.258805 3.114275 0 0.99999422 0.00339998035 0.918711 0.037023
-0.098074 0.258805 3.112821 0 1 0 0.906401 0.036376
-0.083829 0.258805 3.112821 0 1 0 0.918835 0.035798
-0.072691 0.258805 3.114275 0 0.999994555 0.00329998203 0.928038 0.036361
-0.06374 0.258805 3.114275 0 0.999995195 0.0030999851 0.935284 0.035817
-0.072691 0.258805 3.112821 0 1 0 0.928188 0.035331
-0.06374 0.258805 3.112821 0 1 0 0.935466 0.03497
-0.083829 0.258805 3.108707 0 1 0 0.918966 0.034272
-0.072691 0.258805 3.110884 0 1 0 0.928303 0.034653
-0.072691 0.258805 3.108707 0 1 0 0.928378 0.034147
-0.083829 0.258805 3.110884 0 1 0 0.918922 0.034944
-0.06374 0.258805 3.110884 0 1 0 0.935619 0.034462
-0.06374 0.258805 3.108707 0 1 0 0.935738 0.034118
-0.098074 0.258805 3.110884 0 1 0 0.906461 0.03535
-0.098074 0.258805 3.108707 0 1 0 0.906482 0.034519
-0.098074 0.258805 3.106529 0 1 0 0.906458 0.033684
-0.083829 0.258805 3.106529 0 1 0 0.918964 0.033593
-0.098074 0.258805 3.104593 0 1 0 0.906385 0.032645
-0.083829 0.258805 3.104593 0 1 0 0.918912 0.032717
-0.072691 0.258805 3.106529 0 1 0 0.928408 0.03363
-0.06374 0.258805 3.106529 0 1 0 0.935814 0.03376
-0.072691 0.258805 3.104593 0 1 0 0.928389 0.032923
-0.06374 0.258805 3.104593 0 1 0 0.935841 0.033214
-0.083829 0.258797 3.102094 0 0.999779485 -0.0209995691 0.918657 0.029875
-0.072691 0.258805 3.103139 0 0.999993155 -0.00369997467 0.928315 0.031842
-0.072691 0.258797 3.102094 0 0.999793936 -0.0202998769 0.928199 0.030449
-0.083829 0.258805 3.103139 0 0.99999278 -0.00379997256 0.918805 0.031457
-0.06374 0.258805 3.103139 0 0.99999352 -0.00359997667 0.935812 0.032302
-0.06374 0.258798 3.102094 0 0.999809853 -0.0195001922 0.93574 0.03108
-0.098074 0.258805 3.103139 0 0.999992395 -0.00389997034 0.906259 0.031201
-0.098074 0.258797 3.102094 0 0.999768863 -0.0214993304 0.906092 0.029423
-0.098074 0.258772 3.101387 0 0.997302568 -0.073400189 0.905896 0.027376
-0.083829 0.258773 3.101387 -0.000100004049 0.997440387 -0.0715028952 0.918479 0.028035
-0.098074 0.258722 3.100944 -0.000100004207 0.976941096 -0.213508981 0.905683 0.025131
-0.083829 0.258724 3.100943 -0.000200005635 0.978127559 -0.208005861 0.918285 0.026002
-0.072691 0.258774 3.101386 -0.000100000971 0.997609687 -0.069100671 0.928056 0.028803
-0.06374 0.258775 3.101386 -0.000199998616 0.997793095 -0.0663995405 0.935638 0.029605
-0.072691 0.258727 3.100942 -0.000299991381 0.979571857 -0.201094223 0.927896 0.026964
-0.06374 0.25873 3.100941 -0.00040002328 0.9811571 -0.193211244 0.935522 0.027932
-0.082132 0.218745 3.112953 0.114605875 -0.807641401 -0.578429651 0.911403 0.035178
-0.072691 0.22192 3.111327 0.0385998186 -0.486197715 -0.872995897 0.919884 0.03499
-0.072691 0.220286 3.112519 0.10979994 -0.819199554 -0.562899693 0.91948 0.035349
-0.082653 0.220365 3.111757 0.0403018618 -0.477622064 -0.877640544 0.91141 0.034743
-0.072691 0.225457 3.109896 0.0110000217 -0.338500667 -0.940901854 0.920647 0.033716
-0.083234 0.224 3.110293 0.012100206 -0.334505695 -0.942316043 0.911708 0.033341
-0.06374 0.223364 3.110917 0.0467015026 -0.495015927 -0.867627916 0.927274 0.03523
-0.06374 0.221802 3.112089 0.130295913 -0.827074055 -0.546782848 0.926875 0.035463
-0.06374 0.226759 3.109527 0.0130010115 -0.341826595 -0.939673109 0.928057 0.034127
-0.093371 0.218436 3.112273 0.0511028084 -0.459225237 -0.886848738 0.901922 0.034639
-0.091289 0.216991 3.113443 0.145406072 -0.780332583 -0.608225397 0.903151 0.03501
-0.102568 0.215936 3.112956 0.0701024193 -0.412114222 -0.908431351 0.893127 0.034648
-0.09888 0.214856 3.114042 0.21591886 -0.699961141 -0.680759464 0.895638 0.034856
-0.095694 0.222098 3.110786 0.0149996906 -0.326493265 -0.945080503 0.900835 0.033229
-0.090595 0.216734 3.114625 0.226093455 -0.97377181 -0.0254992618 0.903499 0.035049
-0.081959 0.218429 3.114145 0.176902896 -0.984216112 -0.00490008021 0.911352 0.035147
-0.090595 0.217138 3.116051 0.242305087 -0.933419597 0.264605555 0.903425 0.035096
-0.081959 0.218834 3.115571 0.18490164 -0.945508387 0.268002377 0.911294 0.035059
-0.09765 0.214721 3.115196 0.352704146 -0.932410961 -0.0788009263 0.89642 0.034938
-0.09765 0.215125 3.116622 0.393026176 -0.88465892 0.250816705 0.896357 0.035123
-0.072691 0.219967 3.113709 0.166195401 -0.986072716 0.00629982569 0.919318 0.035214
-0.06374 0.221506 3.113272 0.192398599 -0.981192857 0.0155998864 0.926733 0.035231
-0.072691 0.220371 3.115135 0.172896554 -0.947581115 0.268694645 0.919285 0.035006
-0.06374 0.221911 3.114698 0.200202939 -0.942613838 0.267203923 0.926719 0.034935
-0.081959 0.219978 3.119606 0.18490164 -0.945508387 0.268002377 0.911257 0.035756
-0.072691 0.220909 3.117034 0.172901199 -0.947606572 0.268601863 0.919265 0.035146
-0.072691 0.221515 3.11917 0.172896554 -0.947581115 0.268694645 0.919254 0.035459
-0.081959 0.219372 3.11747 0.18490164 -0.945508387 0.268002377 0.911264 0.03532
-0.06374 0.222449 3.116598 0.200202939 -0.942613838 0.267203923 0.926705 0.034979
-0.06374 0.223054 3.118733 0.200202939 -0.942613838 0.267203923 0.926733 0.035231
-0.090595 0.217677 3.117951 0.242305087 -0.933419597 0.264605555 0.903389 0.035489
-0.090595 0.218282 3.120086 0.242305087 -0.933419597 0.264605555 0.903387 0.036054
-0.09765 0.215664 3.118521 0.393026176 -0.88465892 0.250816705 0.896331 0.03564
-0.09765 0.216269 3.120657 0.393026176 -0.88465892 0.250816705 0.896336 0.036322
-0.090595 0.218888 3.122222 0.242305087 -0.933419597 0.264605555 0.903411 0.036619
-0.081959 0.220583 3.121741 0.18490164 -0.945508387 0.268002377 0.911268 0.036192
-0.090595 0.219426 3.124121 0.242305087 -0.933419597 0.264605555 0.903456 0.03701
-0.081959 0.221121 3.12364 0.184896684 -0.945483043 0.268095192 0.911291 0.036454
-0.09765 0.216875 3.122792 0.393026176 -0.88465892 0.250816705 0.896365 0.037004
-0.09765 0.217413 3.124691 0.393026176 -0.88465892 0.250816705 0.896415 0.037519
-0.072691 0.22212 3.121305 0.172896554 -0.947581115 0.268694645 0.919247 0.035774
-0.06374 0.22366 3.120869 0.200202939 -0.942613838 0.267203923 0.926657 0.035412
-0.072691 0.222659 3.123204 0.172896554 -0.947581115 0.268694645 0.919238 0.035916
-0.06374 0.224198 3.122768 0.200197589 -0.942588647 0.26729678 0.926615 0.035463
-0.082132 0.222357 3.125936 0.119899068 -0.422296717 0.898493014 0.911331 0.036291
-0.072691 0.223063 3.12463 0.16719906 -0.855195194 0.490597243 0.919222 0.035714
-0.072691 0.223894 3.125498 0.115598813 -0.443895443 0.888590879 0.919254 0.035459
-0.081959 0.221526 3.125066 0.177806877 -0.84703276 0.500919373 0.911319 0.036365
-0.06374 0.224603 3.124194 0.193603289 -0.855914542 0.479508147 0.926556 0.035178
-0.06374 0.22541 3.125068 0.137309258 -0.460531052 0.876959131 0.926606 0.034905
-0.090595 0.219831 3.125547 0.226815078 -0.826054914 0.515934298 0.903516 0.037054
-0.091289 0.220616 3.126437 0.150498978 -0.376297445 0.914193793 0.903147 0.037081
-0.09765 0.217817 3.126117 0.353206942 -0.76061495 0.544710706 0.896477 0.037701
-0.09888 0.218499 3.127043 0.220815801 -0.258018463 0.940567305 0.895688 0.037809
-0.093371 0.222298 3.126728 0.054701379 0.054301369 0.997025135 0.901906 0.03742
-0.082653 0.224175 3.126167 0.0443983284 0.0264990023 0.998662401 0.9113 0.036595
-0.095694 0.225825 3.126197 0.0162008255 0.20821061 0.977949833 0.900842 0.038623
-0.083234 0.227649 3.125635 0.0137003666 0.197405282 0.980226226 0.911578 0.037696
-0.102568 0.219868 3.12744 0.0727026221 0.114704137 0.990735732 0.89318 0.038104
-0.072691 0.225712 3.125721 0.0434987583 0.0127996346 0.998971485 0.919655 0.035732
-0.06374 0.227157 3.125312 0.0530994271 -9.9998921e-05 0.998589225 0.926893 0.034991
-0.072691 0.229079 3.125215 0.0130006115 0.191809022 0.981346159 0.920346 0.036684
-0.06374 0.230381 3.124846 0.0157002375 0.187102831 0.982214861 0.927544 0.035783
-0.049365 0.258799 3.115323 -9.99985985e-05 0.999885987 0.0150997884 0.946484 0.035875
-0.043397 0.258783 3.116042 -0.000300002672 0.998908895 0.0467004159 0.950793 0.036359
-0.043397 0.2588 3.115323 -0.000100000199 0.99990199 0.0140000279 0.951137 0.035454
-0.049365 0.258782 3.116043 -0.000300013232 0.998744051 0.0501022098 0.946198 0.036908
-0.043397 0.25875 3.116508 -0.000800027833 0.991734503 0.128304464 0.950472 0.037421
-0.049365 0.258746 3.11651 -0.000600025667 0.990542371 0.137205869 0.945921 0.038107
-0.037882 0.258785 3.116042 -0.000399991724 0.999079329 0.0428991124 0.954988 0.035847
-0.037882 0.2588 3.115323 -0.000100001679 0.999916784 0.0129002165 0.955405 0.035054
-0.037882 0.258755 3.116507 -0.000899958576 0.992954295 0.118494546 0.954615 0.036786
-0.056055 0.25878 3.116043 -0.000199996776 0.998583903 0.0531991424 0.940968 0.037542
-0.056055 0.258799 3.115323 -0.000100007198 0.999871968 0.0160011517 0.941211 0.036358
-0.056055 0.258742 3.116511 -0.000500001088 0.989402152 0.145200316 0.940726 0.038896
-0.056055 0.258805 3.114275 0 0.9999955 0.0029999865 0.94145 0.035397
-0.049365 0.258805 3.114275 0 0.99999608 0.00279998902 0.946776 0.035058
-0.056055 0.258805 3.112821 0 1 0 0.941677 0.034712
-0.049365 0.258805 3.112821 0 1 0 0.947072 0.034512
-0.043397 0.258805 3.114275 0 0.99999662 0.00259999121 0.951505 0.034759
-0.037882 0.258805 3.114275 0 0.99999712 0.00239999309 0.955876 0.034454
-0.043397 0.258805 3.112821 0 1 0 0.9519 0.034322
-0.037882 0.258805 3.112821 0 1 0 0.956412 0.034099
-0.049365 0.258805 3.108707 0 1 0 0.947646 0.034213
-0.043397 0.258805 3.110884 0 1 0 0.952325 0.034197
-0.043397 0.258805 3.108707 0 1 0 0.95276 0.034218
-0.049365 0.258805 3.110884 0 1 0 0.947367 0.034286
-0.037882 0.258805 3.110884 0 1 0 0.957024 0.034036
-0.037882 0.258805 3.108707 0 1 0 0.957691 0.034113
-0.056055 0.258805 3.110884 0 1 0 0.941886 0.034358
-0.056055 0.258805 3.108707 0 1 0 0.942066 0.03416
-0.056055 0.258805 3.106529 0 1 0 0.942206 0.033947
-0.049365 0.258805 3.106529 0 1 0 0.947893 0.034122
-0.056055 0.258805 3.104593 0 1 0 0.942293 0.033544
-0.049365 0.258805 3.104593 0 1 0 0.948092 0.033843
-0.043397 0.258805 3.106529 0 1 0 0.953185 0.03422
-0.037882 0.258805 3.106529 0 1 0 0.958392 0.034175
-0.043397 0.258805 3.104593 0 1 0 0.953581 0.03404
-0.037882 0.258805 3.104593 0 1 0 0.959108 0.034067
-0.049365 0.258798 3.102094 -0.00010000451 0.999845089 -0.0176007937 0.948307 0.032257
-0.043397 0.258805 3.103139 0 0.999995195 -0.0030999851 0.953929 0.033514
-0.043397 0.258799 3.102094 -0.00010000622 0.999862188 -0.0166010325 0.95421 0.032683
-0.049365 0.258805 3.103139 0 0.99999488 -0.00319998362 0.948227 0.033206
-0.037882 0.258805 3.103139 0 0.99999608 -0.00279998902 0.959816 0.033636
-0.037882 0.258799 3.102093 -9.99981411e-05 0.999881412 -0.0153997137 0.960444 0.032918
-0.056055 0.258805 3.103139 0 0.99999422 -0.00339998035 0.942319 0.032779
-0.056055 0.258798 3.102094 -0.0001000027 0.999826991 -0.0186005021 0.942296 0.031703
-0.056055 0.258777 3.101386 -0.00019999764 0.997988224 -0.0633992519 0.942241 0.030368
-0.049365 0.258778 3.101385 -0.000299999501 0.998198338 -0.0599999001 0.948338 0.031044
-0.056055 0.258733 3.10094 -0.000500025139 0.982849414 -0.184409271 0.942168 0.028824
-0.049365 0.258737 3.100939 -0.000700002559 0.984603599 -0.174800639 0.948329 0.029613
-0.043397 0.25878 3.101385 -0.000300002459 0.998408182 -0.0564004622 0.954406 0.031587
-0.037882 0.258781 3.101384 -0.000400012519 0.998631253 -0.0523016368 0.96092 0.031949
-0.043397 0.258741 3.100938 -0.000900038441 0.986442132 -0.164107009 0.954499 0.03027
-0.037882 0.258746 3.100937 -0.00100001818 0.988317963 -0.15240277 0.961172 0.030767
-0.027697 0.258798 3.115319 0.00130005586 0.999942968 0.0106004555 0.963264 0.034254
-0.023999 0.25878 3.115973 0.00409987032 0.99936839 0.0352988835 0.965471 0.03455
-0.02363 0.25879 3.115308 0.00420014251 0.999933928 0.0107003631 0.966382 0.034002
-0.027789 0.258786 3.116024 0.00120006986 0.999358179 0.0358020843 0.962604 0.034871
-0.024245 0.25876 3.116377 0.00429998396 0.995896285 0.0903996628 0.96481 0.035145
-0.02785 0.258762 3.116473 0.00130003402 0.995126043 0.0986025805 0.962078 0.035581
-0.021239 0.258764 3.115942 0.0103998681 0.998887329 0.0459994165 0.967505 0.034449
-0.020567 0.258772 3.115305 0.0117002227 0.999819032 0.0150002855 0.968686 0.033951
-0.022147 0.258753 3.116248 0.00809986226 0.996583053 0.0821986022 0.966455 0.034907
-0.032548 0.258787 3.116041 -0.000100003918 0.999239146 0.0390015279 0.959017 0.035327
-0.032548 0.258801 3.115323 0.000200006306 0.999931528 0.0117003689 0.959526 0.034629
-0.032548 0.25876 3.116506 -0.000400015885 0.994139478 0.108104293 0.958581 0.03615
-0.032548 0.258805 3.114275 0.000299999325 0.99999775 0.00209999528 0.960132 0.034102
-0.027666 0.258802 3.114276 0.0013999961 0.999997215 0.00189999471 0.964036 0.03378
-0.032548 0.258805 3.112821 0.000299999987 0.999999955 0 0.960858 0.033794
-0.027666 0.258802 3.112822 0.00149999831 0.99999887 -9.9999887e-05 0.964973 0.033493
-0.023507 0.258793 3.114279 0.00409996029 0.999990315 0.0015999845 0.967351 0.033566
-0.020342 0.258774 3.114284 0.0114003764 0.999933013 0.00200006603 0.969842 0.033538
-0.023507 0.258793 3.112824 0.00409996546 0.999991575 -0.000199998315 0.968492 0.033279
-0.020342 0.258774 3.11283 0.0114003971 0.999934833 -0.000600020902 0.97115 0.033234
-0.027666 0.258802 3.108708 0.00159999794 0.999998715 -9.99998715e-05 0.967487 0.033493
-0.023507 0.258792 3.110888 0.00429996016 0.999990735 -0.000199998147 0.969918 0.033176
-0.023507 0.258792 3.108711 0.00439995732 0.9999903 -0.00019999806 0.971615 0.033167
-0.027666 0.258802 3.110885 0.00149999831 0.99999887 -9.9999887e-05 0.966128 0.033436
-0.020342 0.258773 3.110894 0.011700367 0.999931368 -0.000600018823 0.972788 0.033061
-0.020342 0.258771 3.108716 0.012100322 0.999926608 -0.000600015967 0.974738 0.032957
-0.032548 0.258805 3.110884 0.000299999987 0.999999955 0 0.961728 0.033753
-0.032548 0.258805 3.108707 0.000299999987 0.999999955 0 0.962723 0.03384
-0.032548 0.258805 3.106529 0.000299999987 0.999999955 0 0.963825 0.033919
-0.027666 0.258802 3.10653 0.00159999794 0.999998715 -9.99998715e-05 0.969034 0.03355
-0.032548 0.258805 3.104593 0.000399999968 0.99999992 0 0.965016 0.033852
-0.027666 0.258802 3.104594 0.00159999794 0.999998715 -9.99998715e-05 0.970754 0.033491
-0.023507 0.258791 3.106533 0.00459995124 0.9999894 -0.00019999788 0.973569 0.033164
-0.020342 0.25877 3.106539 0.0125002711 0.999921689 -0.000600013014 0.976984 0.03286
-0.023507 0.258791 3.104597 0.004699948 0.999988935 -0.000199997787 0.975768 0.033078
-0.020342 0.258769 3.104602 0.0129002143 0.999916609 -0.000600009966 0.979506 0.032707
-0.027696 0.258797 3.102099 0.00160001643 0.999910269 -0.0133001366 0.974325 0.032711
-0.023507 0.25879 3.103142 0.00489992462 0.999984615 -0.00259996 0.978198 0.032817
-0.02363 0.258786 3.102115 0.00519994007 0.999888476 -0.0139998387 0.980189 0.032417
-0.027666 0.258802 3.10314 0.00169999265 0.999995675 -0.00239998962 0.972633 0.033201
-0.020342 0.258768 3.103148 0.013600004 0.999900295 -0.00380000112 0.982288 0.032437
-0.020566 0.258764 3.102129 0.014599815 0.999687334 -0.0202997428 0.984404 0.032083
-0.032548 0.258805 3.103139 0.000299998973 0.999996575 -0.0025999911 0.966278 0.033503
-0.032548 0.2588 3.102093 0.000199999831 0.999899155 -0.014199988 0.967446 0.032903
-0.032548 0.258783 3.101383 0 0.998837617 -0.0482018153 0.968355 0.032083
-0.027789 0.258782 3.101402 0.00159997715 0.998985735 -0.0449993574 0.975483 0.03205
-0.032548 0.258751 3.100935 -0.000300006879 0.990122704 -0.140203215 0.968842 0.031076
-0.02785 0.258753 3.100967 0.00200005863 0.99162907 -0.129103785 0.976064 0.031243
-0.023999 0.258773 3.101457 0.00540029289 0.99895418 -0.0454024625 0.981072 0.03191
-0.021239 0.258754 3.101498 0.0136008606 0.998063154 -0.0607038412 0.984927 0.031676
-0.024245 0.258749 3.101065 0.00590023855 0.992840141 -0.119304824 0.981393 0.031313
-0.022147 0.25874 3.101198 0.0109002792 0.994025462 -0.108602782 0.984148 0.031323
-0.049365 0.225325 3.11109 0.212513122 -0.833551469 -0.509931487 0.938397 0.035389
-0.043397 0.228661 3.109416 0.103902384 -0.526312076 -0.843919364 0.943666 0.03523
-0.043397 0.22736 3.110513 0.259215334 -0.834149346 -0.486828799 0.943106 0.035278
-0.049365 0.226722 3.109965 0.0815971601 -0.514382097 -0.853670289 0.938875 0.035296
-0.043397 0.231532 3.108173 0.0295004941 -0.353905928 -0.934815658 0.944724 0.034478
-0.049365 0.229785 3.108669 0.0229001207 -0.34910184 -0.936804937 0.939804 0.034441
-0.037882 0.230789 3.108812 0.127400777 -0.540403294 -0.831705069 0.94817 0.035172
-0.037882 0.229593 3.10988 0.303209454 -0.834426018 -0.46021435 0.947504 0.035171
-0.037882 0.233451 3.107629 0.0367002529 -0.359802479 -0.932306424 0.949397 0.034526
-0.056055 0.224961 3.110465 0.0623028894 -0.504023375 -0.86143995 0.933507 0.035314
-0.056055 0.223477 3.111614 0.16830788 -0.831238915 -0.529824804 0.933083 0.035463
-0.056055 0.228198 3.109118 0.0173994749 -0.345189582 -0.93837168 0.934346 0.034347
-0.056055 0.223208 3.11279 0.243097465 -0.969689886 0.0245997434 0.932933 0.035178
-0.049365 0.225085 3.112258 0.299193532 -0.953579384 0.0341992606 0.938216 0.035081
-0.056055 0.223612 3.114216 0.252192202 -0.930971215 0.263991837 0.932917 0.034841
-0.049365 0.225489 3.113684 0.309390915 -0.914873135 0.259392383 0.938178 0.034732
-0.043397 0.227151 3.111672 0.355416477 -0.933643285 0.0446020678 0.942875 0.034961
-0.037882 0.22942 3.111029 0.404301595 -0.912903601 0.0561002213 0.947208 0.034843
-0.043397 0.227555 3.113098 0.366012348 -0.895330204 0.253808562 0.942803 0.034618
-0.037882 0.229824 3.112455 0.414600694 -0.875501466 0.248200416 0.947072 0.034512
-0.049365 0.226633 3.117718 0.309390915 -0.914873135 0.259392383 0.938072 0.03484
-0.043397 0.228094 3.114997 0.366012348 -0.895330204 0.253808562 0.942721 0.034589
-0.043397 0.228699 3.117133 0.366012348 -0.895330204 0.253808562 0.942629 0.03472
-0.049365 0.226028 3.115583 0.309419222 -0.914856833 0.259416115 0.938131 0.034705
-0.037882 0.230362 3.114354 0.414600694 -0.875501466 0.248200416 0.946965 0.034482
-0.037882 0.230968 3.116489 0.414517879 -0.875537763 0.248210706 0.946827 0.034618
-0.056055 0.22415 3.116115 0.252192202 -0.930971215 0.263991837 0.932917 0.034841
-0.056055 0.224756 3.118251 0.252198859 -0.930995787 0.263898806 0.932858 0.034993
-0.056055 0.225361 3.120386 0.252198859 -0.930995787 0.263898806 0.932809 0.035156
-0.049365 0.227239 3.119854 0.309390915 -0.914873135 0.259392383 0.938 0.03498
-0.056055 0.2259 3.122285 0.252198859 -0.930995787 0.263898806 0.932743 0.035159
-0.049365 0.227777 3.121753 0.309390915 -0.914873135 0.259392383 0.937911 0.034968
-0.043397 0.229305 3.119268 0.366012348 -0.895330204 0.253808562 0.942525 0.034859
-0.037882 0.231573 3.118625 0.414600694 -0.875501466 0.248200416 0.946682 0.034768
-0.043397 0.229843 3.121167 0.366012348 -0.895330204 0.253808562 0.94241 0.034855
-0.037882 0.232112 3.120524 0.414600694 -0.875501466 0.248200416 0.94653 0.034783
-0.049365 0.228933 3.124069 0.223807143 -0.487715566 0.843826931 0.937809 0.034315
-0.043397 0.230247 3.122593 0.357415182 -0.829835248 0.428518202 0.942282 0.034554
-0.043397 0.230967 3.123492 0.272906307 -0.501611592 0.820918972 0.942272 0.034232
-0.049365 0.228181 3.123179 0.300995067 -0.841686205 0.448292653 0.937804 0.034646
-0.037882 0.232516 3.12195 0.406430382 -0.81776113 0.407530464 0.946373 0.034515
-0.037882 0.233201 3.122859 0.319327305 -0.517344237 0.793967891 0.946339 0.034211
-0.056055 0.226304 3.123711 0.244617905 -0.850662267 0.465334061 0.932656 0.034838
-0.056055 0.227085 3.124593 0.177402188 -0.474105848 0.862410638 0.932678 0.03452
-0.056055 0.228753 3.124859 0.0711052286 -0.0138010148 0.99737334 0.932939 0.034529
-0.049365 0.230515 3.12436 0.09350569 -0.0302018378 0.995160557 0.938056 0.034276
-0.056055 0.23182 3.124438 0.0211003429 0.182302962 0.983015974 0.933568 0.035191
-0.049365 0.233408 3.123988 0.028099985 0.176499906 0.983899474 0.938674 0.03483
-0.043397 0.232453 3.12381 0.11959732 -0.0496988865 0.991577784 0.942508 0.034163
-0.037882 0.234582 3.123206 0.14740614 -0.0735030615 0.986341082 0.946557 0.034118
-0.043397 0.235155 3.123492 0.0364003347 0.169201556 0.984909056 0.943118 0.034621
-0.037882 0.237074 3.122949 0.0457979197 0.159992732 0.98605521 0.947155 0.034486
-0.027696 0.234744 3.108432 0.447194417 -0.804789952 -0.390295127 0.956232 0.035005
-0.023999 0.238358 3.10677 0.308119773 -0.543734893 -0.780650096 0.961189 0.034901
-0.02363 0.237749 3.107616 0.569603258 -0.732204188 -0.373402136 0.960555 0.03479
-0.027789 0.235647 3.107461 0.225306221 -0.5650156 -0.793721915 0.957057 0.035122
-0.024245 0.240039 3.105922 0.133700464 -0.373601296 -0.917903185 0.962597 0.034593
-0.02785 0.237771 3.106444 0.0826001958 -0.374100887 -0.923702189 0.958607 0.03472
-0.021239 0.241409 3.105987 0.392132293 -0.472538915 -0.789264999 0.965248 0.034473
-0.020566 0.241142 3.106709 0.706642485 -0.581434957 -0.403224243 0.964921 0.034401
-0.022147 0.241927 3.105548 0.182307385 -0.364114749 -0.913336995 0.965393 0.03432
-0.032548 0.233121 3.108151 0.163198432 -0.556894651 -0.814392178 0.952675 0.035174
-0.032548 0.23204 3.109186 0.359100478 -0.830301104 -0.426200567 0.95188 0.035106
-0.032548 0.235553 3.107033 0.0506011805 -0.367308569 -0.928721667 0.954116 0.034652
-0.032548 0.231904 3.110324 0.460892379 -0.884885369 0.0674988839 0.951505 0.034759
-0.027666 0.234664 3.109549 0.549226314 -0.832539888 0.0723034641 0.955806 0.034633
-0.032548 0.232309 3.11175 0.471005593 -0.848910081 0.239802848 0.951344 0.034408
-0.027666 0.235062 3.110975 0.55812846 -0.799640775 0.221511295 0.955569 0.034292
-0.023507 0.237757 3.108692 0.675441727 -0.735245421 0.0565034906 0.960123 0.034442
-0.020342 0.241243 3.107745 0.829214155 -0.558909541 0.00490008365 0.964486 0.034129
-0.023507 0.238137 3.11012 0.681707216 -0.707507489 0.186301972 0.959774 0.034134
-0.020342 0.241585 3.109175 0.834297072 -0.536298118 0.127799551 0.96397 0.033904
-0.027666 0.236188 3.115011 0.553811771 -0.802417056 0.222304725 0.955029 0.034423
-0.023507 0.238642 3.112021 0.677868448 -0.71097179 0.187118894 0.959389 0.03414
-0.023507 0.23921 3.114159 0.673525965 -0.714827557 0.188107252 0.958983 0.034321
-0.027666 0.235592 3.112875 0.556006503 -0.801009368 0.221902595 0.955307 0.034271
-0.020342 0.24204 3.11108 0.830239221 -0.542225615 0.129206104 0.963402 0.033977
-0.020342 0.242552 3.113222 0.825516556 -0.549011011 0.130802623 0.962807 0.034212
-0.032548 0.232847 3.113649 0.47041862 -0.849233613 0.239809492 0.951163 0.03438
-0.032548 0.233453 3.115785 0.469820132 -0.849536403 0.23991028 0.950969 0.03452
-0.032548 0.234058 3.117921 0.469221425 -0.849838805 0.240010959 0.950768 0.034682
-0.027666 0.236784 3.117147 0.551499242 -0.803898895 0.222699694 0.954743 0.034603
-0.032548 0.234597 3.11982 0.468700537 -0.850100973 0.240100275 0.950563 0.034718
-0.027666 0.237315 3.119047 0.549492777 -0.805189416 0.222997069 0.954458 0.034667
-0.023507 0.239778 3.116298 0.669153675 -0.718657646 0.18911517 0.95857 0.034534
-0.020342 0.243064 3.115364 0.820625058 -0.555916975 0.132404043 0.962209 0.034478
-0.023507 0.240283 3.118199 0.665193531 -0.722092978 0.189998152 0.958164 0.034639
-0.020342 0.24352 3.117269 0.816103881 -0.562202673 0.133800636 0.961632 0.034642
-0.027696 0.238294 3.121406 0.457402095 -0.537802463 0.708203244 0.95402 0.034205
-0.023507 0.240663 3.119627 0.657722912 -0.691024072 0.299810444 0.957781 0.034493
-0.02363 0.241129 3.120576 0.574198079 -0.495698342 0.65159782 0.957462 0.034274
-0.027666 0.237713 3.120473 0.540832121 -0.766345515 0.346720592 0.954181 0.034468
-0.020342 0.243862 3.118699 0.811241954 -0.531727499 0.243212578 0.9611 0.03457
-0.020567 0.24419 3.119673 0.712429659 -0.357714892 0.603725134 0.960571 0.03442
-0.032548 0.235001 3.121246 0.460328916 -0.801250332 0.38222401 0.950359 0.034481
-0.032548 0.235648 3.122165 0.374436352 -0.534251868 0.757873578 0.950284 0.034193
-0.032548 0.236914 3.122545 0.186907901 -0.103204363 0.976941296 0.950469 0.034074
-0.027789 0.239376 3.121824 0.25031674 -0.128008561 0.95966418 0.954085 0.034073
-0.032548 0.239175 3.122353 0.0620025732 0.148006142 0.987040963 0.951041 0.034346
-0.02785 0.241332 3.121704 0.0959036837 0.135405201 0.986137878 0.954565 0.034259
-0.023999 0.241896 3.12104 0.332719812 -0.123107331 0.934955674 0.957251 0.034162
-0.021239 0.244604 3.120209 0.415995355 -0.0551993837 0.907689866 0.959998 0.034348
-0.024245 0.243418 3.120999 0.14811021 0.129408921 0.980467591 0.957462 0.034274
-0.022147 0.245065 3.12038 0.196510551 0.132907136 0.971452159 0.959495 0.034407
-0.061779 0.042631 3.163116 9.99976371e-05 -0.99747643 -0.0709983223 0.874284 0.037209
-0.05447 0.042773 3.162372 0.0168004785 -0.970427638 -0.240806858 0.874284 0.037209
-0.053597 0.042691 3.163109 0.0185009729 -0.996352395 -0.0833043807 0.874284 0.037209
-0.061829 0.042718 3.162349 0.000399996918 -0.975092487 -0.221798291 0.87435 0.037234
-0.055114 0.042936 3.161893 0.0135997832 -0.877386015 -0.479592355 0.874284 0.037209
-0.06193 0.042892 3.161835 0.000599983807 -0.877876306 -0.478887075 0.874354 0.037255
-0.048391 0.042936 3.162364 0.039799645 -0.947791546 -0.316397178 0.87423 0.037177
-0.046849 0.04287 3.163068 0.0524989558 -0.990280304 -0.128797438 0.87423 0.037177
-0.050473 0.043024 3.16201 0.0283021208 -0.877065721 -0.479535933 0.87423 0.037177
-0.069253 0.042773 3.162372 -0.0161009705 -0.971858581 -0.235014166 0.874354 0.037255
-0.070031 0.042691 3.163109 -0.0179008067 -0.99654491 -0.081103655 0.874354 0.037255
-0.07552 0.042936 3.162364 -0.0379983748 -0.952459264 -0.302287071 0.874496 0.037271
-0.076986 0.04287 3.163068 -0.0491011011 -0.991522235 -0.120302698 0.874496 0.037271
-0.068797 0.042936 3.161893 -0.0130000379 -0.879402563 -0.475901387 0.874354 0.037255
-0.07354 0.043024 3.16201 -0.0274998445 -0.884095 -0.466497362 0.874496 0.037271
-0.07029 0.042664 3.164223 -0.0171008808 -0.999751494 -0.0143007366 0.87435 0.037234
-0.061762 0.042602 3.16424 0.000100001549 -0.999915489 -0.0130002014 0.87435 0.037234
-0.07029 0.042664 3.165779 -0.0164010743 -0.999865493 0 0.87435 0.037234
-0.061762 0.042602 3.165796 0 -1 0 0.87435 0.037234
-0.077474 0.042848 3.16417 -0.0501009594 -0.998519122 -0.021200406 0.874496 0.037271
-0.077474 0.042848 3.165726 -0.0475033802 -0.998871077 0 0.874495 0.037234
-0.053306 0.042664 3.164222 0.0176006776 -0.999738486 -0.0146005621 0.874284 0.037209
-0.046336 0.042848 3.16417 0.0538993697 -0.998288325 -0.0226997345 0.87423 0.037177
-0.053306 0.042664 3.165779 0.0169009663 -0.999857168 0 0.874284 0.037209
-0.046336 0.042848 3.165726 0.0509999314 -0.998698657 0 0.87423 0.037177
-0.061762 0.042602 3.17018 0 -1 0 0.87435 0.037234
-0.053306 0.042664 3.167843 0.0169009663 -0.999857168 0 0.874284 0.037209
-0.053306 0.042664 3.170163 0.0169009663 -0.999857168 0 0.874284 0.037209
-0.061762 0.042602 3.16786 0 -1 0 0.87435 0.037234
-0.046336 0.042848 3.16779 0.0509999314 -0.998698657 0 0.87423 0.037177
-0.046336 0.042848 3.17011 0.0509999314 -0.998698657 0 0.87423 0.037177
-0.07029 0.042664 3.167843 -0.0164010743 -0.999865493 0 0.87435 0.037234
-0.07029 0.042664 3.170163 -0.0164010743 -0.999865493 0 0.87435 0.037234
-0.077474 0.042848 3.16779 -0.0475033802 -0.998871077 0 0.874495 0.037234
-0.077474 0.042848 3.17011 -0.0475033802 -0.998871077 0 0.874495 0.037234
-0.07029 0.042664 3.172486 -0.0164010743 -0.999865493 0 0.874358 0.037134
-0.061762 0.042602 3.172504 0 -1 0 0.874358 0.037134
-0.07029 0.042664 3.17456 -0.0164010743 -0.999865493 0 0.874358 0.037134
-0.061762 0.042602 3.174578 0 -1 0 0.874358 0.037134
-0.077474 0.042848 3.172434 -0.0475033802 -0.998871077 0 0.874499 0.037108
-0.077474 0.042848 3.174508 -0.0475033802 -0.998871077 0 0.874499 0.037108
-0.053306 0.042664 3.172486 0.0169009663 -0.999857168 0 0.874285 0.037148
-0.046336 0.042848 3.172434 0.0509999314 -0.998698657 0 0.87423 0.037177
-0.053306 0.042664 3.17456 0.0169009663 -0.999857168 0 0.874285 0.037148
-0.046336 0.042848 3.174508 0.0509999314 -0.998698657 0 0.87423 0.037177
-0.061779 0.042631 3.177277 0.000199997571 -0.997287888 0.0735991061 0.874358 0.037134
-0.053306 0.042664 3.176133 0.0178005962 -0.999733482 0.0147004923 0.874285 0.037148
-0.053597 0.042691 3.17725 0.0196010559 -0.995953653 0.0877047248 0.874285 0.037148
-0.061762 0.042602 3.17615 0.000100001549 -0.999915489 0.0130002014 0.874358 0.037134
-0.046336 0.042848 3.17608 0.0547016898 -0.998230836 0.0233007198 0.87423 0.037177
-0.046849 0.04287 3.177189 0.0576009902 -0.988116986 0.14250245 0.87423 0.037177
-0.07029 0.042664 3.176133 -0.0172008318 -0.999748344 0.0144006964 0.874358 0.037134
-0.070031 0.042691 3.17725 -0.0189996724 -0.996182826 0.0851985312 0.874429 0.037032
-0.077474 0.042848 3.17608 -0.0506990038 -0.99848038 0.0215995756 0.87449 0.036995
-0.076986 0.04287 3.177189 -0.0534012493 -0.989823157 0.131903086 0.87449 0.036995
-0.069253 0.042773 3.177958 -0.0191995828 -0.962079094 0.272094087 0.874429 0.037032
-0.061829 0.042718 3.178014 0.000500017053 -0.967332991 0.253508646 0.874358 0.037134
-0.068797 0.042936 3.178359 -0.0161998953 -0.790694888 0.611996043 0.874429 0.037032
-0.06193 0.042892 3.178444 0.00130001928 -0.787111673 0.616809147 0.874358 0.037134
-0.07552 0.042936 3.177872 -0.0465019396 -0.928338722 0.368815384 0.87449 0.036995
-0.07354 0.043024 3.178187 -0.0356004322 -0.804409766 0.593007199 0.87449 0.036995
-0.05447 0.042773 3.177958 0.0200994748 -0.959674924 0.280392673 0.874285 0.037148
-0.048391 0.042936 3.177872 0.0490989871 -0.919381033 0.390291948 0.87423 0.037177
-0.055114 0.042936 3.178359 0.0170013519 -0.786662554 0.617149075 0.874285 0.037148
-0.050473 0.043024 3.178187 0.0367997407 -0.789694437 0.612395686 0.874285 0.037148
-0.105977 0.212196 3.128822 0.35522088 0.143808453 0.923654294 0.88542 0.03879
-0.11041 0.207378 3.130943 0.114905013 0.28121227 0.952741569 0.879501 0.039061
-0.106397 0.20718 3.130242 0.401123743 0.264015628 0.87715192 0.88206 0.039011
-0.110326 0.212555 3.129482 0.100205323 0.24531303 0.964251218 0.882421 0.038833
-0.10887 0.200421 3.132915 0.131104493 0.298910244 0.945232394 0.877527 0.03904
-0.105311 0.200222 3.132215 0.441430941 0.321922564 0.837558707 0.879488 0.038959
-0.107966 0.216669 3.128336 0.0885008098 0.190401742 0.977708946 0.886833 0.038545
-0.103624 0.215831 3.127797 0.301712562 -0.047001957 0.952239647 0.889871 0.038384
-0.102177 0.215326 3.126824 0.602617476 -0.550015951 0.578216769 0.89087 0.038226
-0.104528 0.211852 3.127809 0.830033235 -0.165406623 0.532621327 0.886457 0.038593
-0.102177 0.214922 3.125398 0.686484451 -0.699584155 0.198295509 0.890848 0.037916
-0.104528 0.211448 3.126383 0.942807948 -0.320702704 0.0909007663 0.886498 0.038184
-0.105059 0.206889 3.129216 0.895521381 0.137603285 0.423210104 0.883001 0.038763
-0.104125 0.199931 3.131189 0.899855806 0.2612162 0.349321664 0.880264 0.038699
-0.105059 0.206485 3.12779 0.999916989 0.0124002107 -0.00350005947 0.883105 0.038303
-0.104125 0.199527 3.129763 0.986124954 0.159704041 -0.0453011464 0.880411 0.038256
-0.104528 0.210304 3.122348 0.942807948 -0.320702704 0.0909007663 0.886494 0.036688
-0.105059 0.205946 3.125891 0.999916989 0.0124002107 -0.00350005947 0.883154 0.037613
-0.105059 0.205341 3.123755 0.999916989 0.0124002107 -0.00350005947 0.883152 0.03681
-0.104528 0.210909 3.124484 0.942807948 -0.320702704 0.0909007663 0.886509 0.037503
-0.104125 0.198988 3.127864 0.986124954 0.159704041 -0.0453011464 0.880488 0.037627
-0.104125 0.198383 3.125728 0.986124954 0.159704041 -0.0453011464 0.880496 0.036907
-0.102177 0.214384 3.123499 0.686484451 -0.699584155 0.198295509 0.890822 0.0373
-0.102177 0.213778 3.121363 0.686484451 -0.699584155 0.198295509 0.890796 0.03653
-0.102176 0.213173 3.119228 0.686431573 -0.69963218 0.198309121 0.890777 0.03576
-0.104528 0.209698 3.120213 0.942807948 -0.320702704 0.0909007663 0.886458 0.035874
-0.102176 0.212634 3.117329 0.686431573 -0.69963218 0.198309121 0.89077 0.035143
-0.104528 0.20916 3.118314 0.942807948 -0.320702704 0.0909007663 0.886406 0.035196
-0.105059 0.204735 3.12162 0.999916989 0.0124002107 -0.00350005947 0.883102 0.036009
-0.104125 0.197777 3.123593 0.986124954 0.159704041 -0.0453011464 0.88044 0.036189
-0.105059 0.204197 3.119721 0.999916989 0.0124002107 -0.00350005947 0.883009 0.035325
-0.104125 0.197239 3.121694 0.986124954 0.159704041 -0.0453011464 0.880322 0.035568
-0.105977 0.208523 3.115843 0.354427841 -0.361528399 -0.862367742 0.885298 0.034666
-0.105059 0.203792 3.118295 0.895538057 -0.105004462 -0.432418376 0.882878 0.034873
-0.106397 0.203501 3.117268 0.400996523 -0.235497958 -0.885292325 0.881922 0.034695
-0.104528 0.208756 3.116888 0.829763765 -0.419881664 -0.367683944 0.886344 0.034791
-0.104125 0.196835 3.120268 0.899883541 0.0388992885 -0.434392055 0.880147 0.035137
-0.105311 0.196544 3.119241 0.441398912 -0.165599592 -0.881897826 0.879355 0.034934
-0.102176 0.21223 3.115903 0.602048729 -0.770262344 -0.210317023 0.89078 0.034833
-0.103624 0.21217 3.114805 0.298697606 -0.534695714 -0.790493664 0.889778 0.03473
-0.107966 0.212666 3.11389 0.0874028634 -0.347411381 -0.933630586 0.886735 0.034738
-0.110326 0.208498 3.115089 0.0999023472 -0.296406964 -0.949822316 0.882296 0.034826
-0.11041 0.203303 3.116568 0.114898372 -0.260596309 -0.958586422 0.87936 0.034829
-0.10887 0.196345 3.118541 0.131106814 -0.241712562 -0.961449968 0.877389 0.034995
-0.201252 0.208446 3.115865 -0.226500034 -0.813200122 -0.53610008 0.817706 0.039596
-0.185316 0.203303 3.116568 -0.113100921 -0.443103609 -0.889307243 0.833813 0.038823
-0.189329 0.203501 3.117268 -0.308312835 -0.734830592 -0.60412515 0.831293 0.038545
-0.196915 0.208434 3.115107 -0.0942003801 -0.490201978 -0.866503496 0.820862 0.039902
-0.175303 0.196345 3.118541 -0.128204651 -0.400614535 -0.907232915 0.843871 0.038233
-0.178862 0.196543 3.119241 -0.37550337 -0.636805715 -0.673406044 0.841994 0.038029
-0.210673 0.212413 3.113962 -0.0655989829 -0.506592145 -0.859686671 0.804206 0.041305
-0.214969 0.211864 3.114892 -0.141604427 -0.844426397 -0.51661615 0.800549 0.041152
-0.227208 0.215253 3.11315 -0.0362018145 -0.501425132 -0.864443327 0.782452 0.043276
-0.230828 0.214078 3.114262 -0.0761045097 -0.84024979 -0.536831811 0.778996 0.043287
-0.216401 0.211906 3.115994 -0.170005708 -0.984733063 0.0374012558 0.799291 0.040471
-0.202698 0.208675 3.11691 -0.289594104 -0.956580524 0.0329993281 0.816604 0.039086
-0.216401 0.21231 3.11742 -0.185305443 -0.945427772 0.268007873 0.799253 0.039814
-0.202698 0.209079 3.118337 -0.314310908 -0.913331698 0.258908986 0.816552 0.038722
-0.232034 0.213911 3.115426 -0.0928963237 -0.995460605 0.0206991808 0.77781 0.042369
-0.232034 0.214315 3.116852 -0.101104065 -0.957138487 0.271410914 0.777777 0.041319
-0.190666 0.203792 3.118295 -0.443413076 -0.896126427 -0.0185005456 0.830393 0.038193
-0.180048 0.196835 3.120267 -0.601499765 -0.793299691 -0.0941999633 0.8413 0.03777
-0.190666 0.204197 3.119721 -0.4781084 -0.845014847 0.239504208 0.830326 0.038014
-0.180048 0.197239 3.121694 -0.645114006 -0.735115959 0.208404525 0.841223 0.03766
-0.202698 0.210223 3.122371 -0.314310908 -0.913331698 0.258908986 0.816576 0.039233
-0.190666 0.204735 3.12162 -0.478096947 -0.844994605 0.23959847 0.830308 0.038256
-0.190666 0.205341 3.123755 -0.478137349 -0.844966003 0.239618717 0.83033 0.038708
-0.202698 0.209617 3.120236 -0.314310908 -0.913331698 0.258908986 0.816546 0.038854
-0.180048 0.197777 3.123593 -0.645114006 -0.735115959 0.208404525 0.841193 0.037901
-0.180048 0.198383 3.125728 -0.645114006 -0.735115959 0.208404525 0.841205 0.038317
-0.216401 0.212849 3.119319 -0.185305443 -0.945427772 0.268007873 0.799255 0.039733
-0.216401 0.213454 3.121455 -0.185305443 -0.945427772 0.268007873 0.799286 0.039939
-0.232034 0.214853 3.118751 -0.101104065 -0.957138487 0.271410914 0.777803 0.040876
-0.232034 0.215459 3.120887 -0.101104065 -0.957138487 0.271410914 0.777803 0.040876
-0.216401 0.21406 3.12359 -0.185305443 -0.945427772 0.268007873 0.799332 0.040143
-0.202698 0.210828 3.124507 -0.314310908 -0.913331698 0.258908986 0.81663 0.03961
-0.216401 0.214598 3.12549 -0.185305443 -0.945427772 0.268007873 0.799381 0.040056
-0.202698 0.211367 3.126406 -0.314310908 -0.913331698 0.258908986 0.816698 0.039737
-0.232034 0.216064 3.123022 -0.101106809 -0.957164462 0.271318273 0.777832 0.040818
-0.232034 0.216603 3.124921 -0.101104065 -0.957138487 0.271410914 0.777849 0.040423
-0.190666 0.205946 3.125891 -0.4781084 -0.845014847 0.239504208 0.830383 0.039159
-0.180048 0.198988 3.127864 -0.645114006 -0.735115959 0.208404525 0.841251 0.038731
-0.190666 0.206484 3.12779 -0.478096947 -0.844994605 0.23959847 0.83046 0.039397
-0.180048 0.199527 3.129763 -0.645114006 -0.735115959 0.208404525 0.841325 0.038969
-0.201252 0.21212 3.128844 -0.227395609 -0.418091927 0.879483017 0.81787 0.038764
-0.190666 0.206889 3.129216 -0.443404662 -0.753507923 0.485405104 0.830551 0.039212
-0.189329 0.20718 3.130242 -0.30850852 -0.30960855 0.899424838 0.831453 0.038793
-0.202698 0.211771 3.127832 -0.289614972 -0.833843107 0.469924293 0.816771 0.039365
-0.180048 0.199931 3.131189 -0.601518004 -0.625818731 0.496514861 0.84142 0.038853
-0.178862 0.200222 3.132215 -0.375510332 -0.18860519 0.907424968 0.842114 0.038545
-0.216401 0.215002 3.126916 -0.169998351 -0.863191627 0.475395389 0.79942 0.03939
-0.214969 0.215525 3.127883 -0.143102768 -0.464908994 0.873716902 0.800667 0.038576
-0.232034 0.217007 3.126347 -0.0929036228 -0.866633795 0.490219116 0.77784 0.03936
-0.230828 0.21772 3.127264 -0.0775012303 -0.460607312 0.884214037 0.77899 0.038283
-0.210673 0.216417 3.128408 -0.0671012595 0.0074001389 0.997718727 0.804343 0.038049
-0.196915 0.212492 3.1295 -0.0948040155 0.0332014063 0.994942142 0.82102 0.038202
-0.227208 0.219185 3.127634 -0.0378024966 0.00620040949 0.999265994 0.782484 0.037846
-0.185316 0.207378 3.130943 -0.113198551 0.0888988617 0.989587328 0.833961 0.038334
-0.175303 0.200421 3.132915 -0.128198684 0.135198612 0.982489915 0.843983 0.038207
-0.100064 0.179431 3.13811 0.498221713 0.366815986 0.785634239 0.875777 0.037939
-0.098951 0.167046 3.142378 0.168705721 0.320710875 0.932031606 0.873898 0.03712
-0.0962 0.166848 3.141678 0.517904203 0.384003116 0.764406203 0.874589 0.037287
-0.103012 0.179629 3.13881 0.157705152 0.313710248 0.936330586 0.874748 0.037878
-0.094306 0.153838 3.146123 0.178298793 0.328297777 0.92759372 0.873377 0.0365
-0.09171 0.15364 3.145422 0.533214562 0.401710971 0.744520333 0.873811 0.03675
-0.106362 0.190963 3.135597 0.145097433 0.306694573 0.940683355 0.87595 0.038581
-0.10315 0.190764 3.134897 0.472920731 0.347615238 0.809635491 0.877402 0.038549
-0.10208 0.190473 3.13387 0.90092938 0.306609999 0.307110015 0.878008 0.038362
-0.099081 0.17914 3.137084 0.900973437 0.335327332 0.275322441 0.876221 0.037874
-0.10208 0.190069 3.132444 0.974305193 0.216701155 -0.0614003273 0.878157 0.038025
-0.099081 0.178736 3.135658 0.964854144 0.252814187 -0.0717040238 0.876344 0.037691
-0.095283 0.166557 3.140651 0.899337944 0.359215156 0.249310519 0.874887 0.037354
-0.090844 0.153349 3.144396 0.895646673 0.383119965 0.225911773 0.873992 0.036924
-0.095283 0.166152 3.139225 0.956039959 0.282111791 -0.0800033438 0.87497 0.037335
-0.090844 0.152944 3.14297 0.946521576 0.310407076 -0.088002006 0.874037 0.037038
-0.099081 0.177592 3.131623 0.964854144 0.252814187 -0.0717040238 0.876426 0.037061
-0.095283 0.165614 3.137326 0.956039959 0.282111791 -0.0800033438 0.875018 0.037243
-0.095283 0.165008 3.13519 0.956039959 0.282111791 -0.0800033438 0.87503 0.037115
-0.099081 0.178197 3.133759 0.964854144 0.252814187 -0.0717040238 0.876411 0.037402
-0.090844 0.152406 3.141071 0.946521576 0.310407076 -0.088002006 0.874064 0.037106
-0.090844 0.1518 3.138935 0.946521576 0.310407076 -0.088002006 0.874075 0.037153
-0.10208 0.18953 3.130545 0.974305193 0.216701155 -0.0614003273 0.878237 0.037544
-0.10208 0.188925 3.12841 0.974305193 0.216701155 -0.0614003273 0.878251 0.036991
-0.10208 0.188319 3.126274 0.974305193 0.216701155 -0.0614003273 0.8782 0.036441
-0.099081 0.176986 3.129487 0.964854144 0.252814187 -0.0717040238 0.876388 0.036722
-0.10208 0.187781 3.124375 0.974305193 0.216701155 -0.0614003273 0.878089 0.035967
-0.099081 0.176448 3.127588 0.964854144 0.252814187 -0.0717040238 0.876302 0.036439
-0.095283 0.164403 3.133055 0.956039959 0.282111791 -0.0800033438 0.875009 0.036989
-0.090844 0.151195 3.1368 0.946521576 0.310407076 -0.088002006 0.874075 0.037153
-0.095283 0.163865 3.131156 0.956039959 0.282111791 -0.0800033438 0.874956 0.036901
-0.090844 0.150656 3.134901 0.946521576 0.310407076 -0.088002006 0.874047 0.03727
-0.100064 0.175752 3.125136 0.49822773 -0.100105572 -0.861247934 0.875721 0.036232
-0.095283 0.16346 3.12973 0.89934902 0.174909534 -0.400721842 0.874873 0.036888
-0.0962 0.163169 3.128703 0.517903693 -0.0743005298 -0.852206076 0.874581 0.036976
-0.099081 0.176043 3.126162 0.900963075 0.140894226 -0.410383181 0.876168 0.036266
-0.090844 0.150252 3.133475 0.895617608 0.207604082 -0.393407734 0.87401 0.037387
-0.09171 0.149961 3.132448 0.533310445 -0.0487009538 -0.84451654 0.873842 0.037574
-0.10208 0.187377 3.122949 0.900955706 0.0997950937 -0.422279239 0.877918 0.035642
-0.10315 0.187086 3.121923 0.47302785 -0.129007596 -0.871551314 0.8773 0.035499
-0.106362 0.186887 3.121222 0.145112239 -0.232619619 -0.961681107 0.875846 0.035572
-0.103012 0.175554 3.124435 0.157707948 -0.224411309 -0.961648464 0.874696 0.036368
-0.098951 0.162971 3.128003 0.16861324 -0.216216978 -0.961675514 0.873902 0.037193
-0.094306 0.149762 3.131748 0.178294895 -0.207394062 -0.961872462 0.873427 0.037855
-0.081314 0.127169 3.152934 0.555913651 0.436810726 0.707217366 0.873314 0.036426
-0.077714 0.113985 3.157449 0.202405573 0.353109723 0.913425152 0.873326 0.036282
-0.075445 0.113798 3.156743 0.562541886 0.452033657 0.692251544 0.873377 0.0365
-0.08367 0.127364 3.153635 0.195406824 0.345012048 0.918032058 0.873174 0.036165
-0.071357 0.100433 3.161331 0.207998634 0.360697632 0.909194031 0.873538 0.036477
-0.06915 0.100266 3.160616 0.565311651 0.465009584 0.681314042 0.87357 0.036646
-0.089207 0.14063 3.149868 0.187209057 0.336616286 0.922844648 0.873174 0.036165
-0.086742 0.140431 3.149167 0.545984437 0.419888031 0.724979335 0.873377 0.0365
-0.08592 0.14014 3.148141 0.890383168 0.406592313 0.20469613 0.873522 0.036704
-0.080529 0.126883 3.151905 0.884225979 0.427812569 0.187405506 0.873369 0.036643
-0.08592 0.139736 3.146715 0.936339238 0.337914161 -0.0953039938 0.873545 0.036882
-0.080529 0.126485 3.150477 0.926478645 0.362791638 -0.100097693 0.873381 0.036832
-0.074688 0.113526 3.155709 0.877061475 0.446931327 0.176112344 0.873427 0.036688
-0.068415 0.10002 3.159571 0.868587957 0.464393561 0.172897603 0.873586 0.036787
-0.074688 0.113147 3.154274 0.917102655 0.385801117 -0.100400291 0.873435 0.036854
-0.068415 0.099679 3.158123 0.908407935 0.407403559 -0.0939008202 0.873594 0.036914
-0.080529 0.125359 3.146437 0.926124853 0.363609758 -0.100402694 0.873397 0.037178
-0.074688 0.112642 3.152364 0.916727988 0.386611803 -0.100703075 0.87339 0.037008
-0.074688 0.112074 3.150217 0.916229902 0.387712653 -0.101003296 0.873397 0.037178
-0.080529 0.125955 3.148575 0.926297212 0.363198907 -0.100299698 0.87339 0.037008
-0.068415 0.099225 3.156196 0.907631713 0.409014291 -0.0944032985 0.8736 0.037042
-0.068415 0.098714 3.154031 0.9067228 0.410910332 -0.0949023864 0.873605 0.03717
-0.08592 0.139198 3.144816 0.936298666 0.337999518 -0.0953998641 0.8736 0.037042
-0.08592 0.138592 3.14268 0.936254674 0.338119745 -0.0954055714 0.873605 0.03717
-0.08592 0.137987 3.140545 0.936254674 0.338119745 -0.0954055714 0.873609 0.037299
-0.080529 0.124763 3.144298 0.925918579 0.364107306 -0.100502017 0.873403 0.037348
-0.08592 0.137448 3.138646 0.936182409 0.338293644 -0.0954982056 0.873567 0.037463
-0.080529 0.124232 3.142397 0.925745779 0.364518026 -0.100604975 0.873407 0.037524
-0.074688 0.111507 3.148069 0.915791405 0.388696352 -0.10119905 0.873453 0.037336
-0.068415 0.098203 3.151867 0.905818311 0.412808345 -0.0953019265 0.873609 0.037299
-0.074688 0.111002 3.14616 0.915371306 0.389630351 -0.101407899 0.873458 0.037498
-0.068415 0.097749 3.149942 0.905049001 0.414422437 -0.0956051762 0.873612 0.037427
-0.081314 0.123548 3.139941 0.556820436 0.0020000734 -0.830630485 0.873427 0.037855
-0.074688 0.110623 3.144726 0.878990045 0.298196623 -0.372095786 0.873463 0.037665
-0.075444 0.11035 3.143693 0.566112336 0.0260005666 -0.823917953 0.873427 0.037855
-0.080529 0.123835 3.140969 0.884655837 0.269417005 -0.380524018 0.873409 0.037714
-0.068415 0.097407 3.148496 0.873971627 0.326689394 -0.35978832 0.873614 0.037555
-0.06915 0.097162 3.147454 0.574800678 0.0494000583 -0.816800964 0.873608 0.037698
-0.08592 0.137044 3.13722 0.890412942 0.23940348 -0.387105627 0.873614 0.037555
-0.086742 0.136753 3.136193 0.546103173 -0.0229001331 -0.837404865 0.87347 0.037868
-0.089207 0.136554 3.135493 0.187210835 -0.19801146 -0.962155686 0.873249 0.038207
-0.08367 0.123353 3.139239 0.195396057 -0.18879619 -0.962380579 0.873249 0.038207
-0.077714 0.110164 3.142988 0.202698572 -0.179798733 -0.962593219 0.873392 0.038079
-0.071356 0.096994 3.146742 0.209210501 -0.171308598 -0.962748322 0.873588 0.037871
-0.161003 0.175752 3.125136 -0.467426569 -0.522029673 -0.713440553 0.857095 0.038463
-0.150297 0.162971 3.128003 -0.168902279 -0.359804856 -0.917612383 0.862777 0.039336
-0.153047 0.163169 3.128703 -0.495601502 -0.500701517 -0.70970215 0.862124 0.038966
-0.158054 0.175554 3.124435 -0.156998851 -0.364197334 -0.91799328 0.858054 0.03875
-0.14277 0.149762 3.131748 -0.179498856 -0.362097692 -0.914694169 0.866319 0.039792
-0.145366 0.149961 3.132448 -0.515512427 -0.497711997 -0.697516814 0.865892 0.03936
-0.166302 0.186887 3.121222 -0.143402013 -0.376105279 -0.915412848 0.851852 0.038296
-0.169514 0.187086 3.121923 -0.428711054 -0.564314551 -0.705518192 0.850489 0.038076
-0.170584 0.187377 3.122949 -0.719021039 -0.679219874 -0.147204307 0.849969 0.037796
-0.161986 0.176043 3.126162 -0.783815034 -0.597611462 -0.168803238 0.856717 0.038095
-0.170584 0.187781 3.124375 -0.765845661 -0.618636884 0.175410458 0.849892 0.03763
-0.161986 0.176448 3.127588 -0.830755671 -0.535535887 0.151810173 0.856647 0.0378
-0.153964 0.16346 3.12973 -0.817206468 -0.549704351 -0.173201371 0.861859 0.038491
-0.146232 0.150252 3.133475 -0.830155709 -0.532335724 -0.16571112 0.865712 0.038805
-0.153964 0.163865 3.131156 -0.862044396 -0.487625113 0.138207118 0.861799 0.038049
-0.146232 0.150656 3.134901 -0.871312499 -0.472106772 0.133901921 0.865664 0.038252
-0.161986 0.177592 3.131623 -0.830755671 -0.535535887 0.151810173 0.856647 0.0378
-0.153964 0.164403 3.133055 -0.862044396 -0.487625113 0.138207118 0.861765 0.037778
-0.153964 0.165008 3.13519 -0.862044396 -0.487625113 0.138207118 0.861753 0.037594
-0.161986 0.176986 3.129487 -0.830755671 -0.535535887 0.151810173 0.856611 0.03773
-0.146232 0.151195 3.1368 -0.871312499 -0.472106772 0.133901921 0.865632 0.037825
-0.146232 0.1518 3.138935 -0.871312499 -0.472106772 0.133901921 0.865615 0.037462
-0.170584 0.188319 3.126274 -0.765845661 -0.618636884 0.175410458 0.849857 0.037748
-0.170584 0.188925 3.12841 -0.765845661 -0.618636884 0.175410458 0.849859 0.038009
-0.170584 0.18953 3.130545 -0.765845661 -0.618636884 0.175410458 0.849894 0.038268
-0.161986 0.178197 3.133759 -0.830755671 -0.535535887 0.151810173 0.856647 0.0378
-0.170584 0.190069 3.132444 -0.765845661 -0.618636884 0.175410458 0.849955 0.038384
-0.161986 0.178736 3.135658 -0.830755671 -0.535535887 0.151810173 0.856667 0.037741
-0.153964 0.165614 3.137326 -0.862044396 -0.487625113 0.138207118 0.861759 0.037408
-0.146232 0.152406 3.141071 -0.871312499 -0.472106772 0.133901921 0.865611 0.037098
-0.153964 0.166152 3.139225 -0.862044396 -0.487625113 0.138207118 0.861781 0.037137
-0.146232 0.152944 3.14297 -0.871324162 -0.472113092 0.13380371 0.865616 0.03667
-0.161003 0.179431 3.13811 -0.467391012 -0.0698986559 0.881283053 0.857087 0.037049
-0.153964 0.166557 3.140651 -0.817218939 -0.377008737 0.435910102 0.861816 0.036692
-0.153047 0.166848 3.141678 -0.495595376 -0.053699499 0.866891912 0.862053 0.0362
-0.161986 0.17914 3.137084 -0.783819698 -0.420110558 0.457311492 0.856727 0.037442
-0.146232 0.153349 3.144396 -0.830201075 -0.366100474 0.420400544 0.865629 0.036115
-0.145366 0.15364 3.145422 -0.515525645 -0.0575028606 0.85494253 0.865774 0.035549
-0.170584 0.190473 3.13387 -0.719002499 -0.500901741 0.481801674 0.850037 0.038212
-0.169514 0.190764 3.134897 -0.428705018 -0.110101289 0.896710496 0.850549 0.037897
-0.166302 0.190963 3.135597 -0.143399483 0.160299422 0.976596479 0.851901 0.037581
-0.158054 0.179629 3.13881 -0.157006242 0.17180683 0.972538664 0.858029 0.036695
-0.150297 0.167046 3.142378 -0.168903099 0.175303216 0.969917793 0.862681 0.035785
-0.14277 0.153838 3.146123 -0.17950705 0.171806748 0.968638044 0.866172 0.035088
-0.129999 0.123548 3.139941 -0.540412838 -0.50471199 -0.673215992 0.870749 0.039246
-0.12008 0.110164 3.142988 -0.202513776 -0.373725424 -0.905161576 0.872252 0.039253
-0.122349 0.11035 3.143693 -0.548398804 -0.506198896 -0.665598549 0.872159 0.038925
-0.127643 0.123353 3.139239 -0.196010333 -0.370419527 -0.907947864 0.870909 0.03964
-0.112539 0.096994 3.146742 -0.207213751 -0.376224967 -0.903059929 0.873157 0.038807
-0.114746 0.097162 3.147454 -0.552490401 -0.506091207 -0.662288493 0.873105 0.038552
-0.135213 0.136554 3.135493 -0.18829392 -0.366488166 -0.911170579 0.868981 0.039856
-0.137677 0.136753 3.136193 -0.529203831 -0.501803633 -0.684204954 0.868713 0.039423
-0.138499 0.137044 3.13722 -0.833428637 -0.530618232 -0.154405305 0.868593 0.038863
-0.130784 0.123835 3.140969 -0.836118784 -0.528511873 -0.1469033 0.870668 0.038736
-0.138499 0.137448 3.138646 -0.871630643 -0.471716583 0.133204683 0.868551 0.038287
-0.130784 0.124232 3.142397 -0.872595894 -0.470797785 0.130099388 0.870631 0.038201
-0.123106 0.110623 3.144726 -0.837961328 -0.526138507 -0.144910606 0.872103 0.038496
-0.115481 0.097407 3.148496 -0.838311259 -0.524007037 -0.150502021 0.873065 0.038215
-0.123106 0.111002 3.14616 -0.874108055 -0.470004331 0.12260113 0.87207 0.038041
-0.115481 0.097749 3.149942 -0.876042169 -0.469822615 0.108705233 0.873035 0.037854
-0.130784 0.125359 3.146437 -0.873107146 -0.469903846 0.129901063 0.870585 0.037292
-0.123106 0.111507 3.148069 -0.874668467 -0.469036715 0.122309574 0.872045 0.037631
-0.123106 0.112074 3.150216 -0.875274578 -0.467986408 0.121996457 0.872028 0.037244
-0.130784 0.124763 3.144298 -0.872819202 -0.470410349 0.13000286 0.870604 0.03773
-0.115481 0.098203 3.151867 -0.877051796 -0.46802764 0.108306396 0.873014 0.037525
-0.115481 0.098714 3.154031 -0.878162343 -0.466033085 0.107907661 0.872999 0.037211
-0.138499 0.137987 3.140545 -0.871695777 -0.471597715 0.133199355 0.868522 0.037802
-0.138499 0.138592 3.14268 -0.871748492 -0.471526229 0.133107404 0.868503 0.037363
-0.138499 0.139198 3.144816 -0.871813596 -0.471407352 0.133102076 0.868493 0.036924
-0.130784 0.125955 3.148575 -0.87340611 -0.469403283 0.129700907 0.870574 0.036854
-0.138499 0.139736 3.146715 -0.871890278 -0.471294745 0.132998517 0.86849 0.036438
-0.130784 0.126485 3.150477 -0.87370474 -0.468902544 0.129500703 0.870624 0.03643
-0.123106 0.112642 3.152364 -0.875937692 -0.466820088 0.121705237 0.872018 0.036856
-0.115481 0.099225 3.156196 -0.879236836 -0.464119445 0.1074045 0.872992 0.036897
-0.123106 0.113147 3.154274 -0.876517596 -0.465809351 0.121402437 0.872014 0.036445
-0.115481 0.099679 3.158123 -0.880253006 -0.46232784 0.106806432 0.872991 0.036567
-0.129999 0.127169 3.152934 -0.543076178 -0.0745967279 0.836363314 0.870614 0.03533
-0.123106 0.113526 3.155709 -0.845245881 -0.372220205 0.383420813 0.872015 0.035988
-0.122349 0.113798 3.156743 -0.556479091 -0.0792970205 0.827068923 0.872041 0.035556
-0.130784 0.126883 3.151905 -0.838875291 -0.37208904 0.397288298 0.870568 0.035846
-0.115481 0.10002 3.159571 -0.853356114 -0.371424424 0.365824056 0.872995 0.036204
-0.114746 0.100266 3.160616 -0.570429663 -0.0820042643 0.817242498 0.873011 0.035865
-0.138499 0.14014 3.148141 -0.834013824 -0.370206136 0.409106781 0.868493 0.03586
-0.137677 0.140431 3.149167 -0.52962935 -0.0674037353 0.845546857 0.868576 0.035293
-0.135213 0.14063 3.149868 -0.188307912 0.166807009 0.967840665 0.868814 0.034841
-0.127643 0.127364 3.153635 -0.196501829 0.16330152 0.966809001 0.870747 0.034925
-0.12008 0.113985 3.157449 -0.204209641 0.161307616 0.965545584 0.872111 0.03522
-0.11254 0.100433 3.161331 -0.211297326 0.160897964 0.9640878 0.873045 0.035605
-0.270329 0.258798 3.115324 0 0.999805934 0.0197001169 0.713642 0.05062
-0.245282 0.258805 3.114275 0 0.999993155 0.00369997467 0.75281 0.044955
-0.270329 0.258805 3.114275 0 0.999993155 0.00369997467 0.713475 0.047265
-0.245282 0.258798 3.115324 0 0.999805934 0.0197001169 0.753022 0.048003
-0.245282 0.258805 3.112821 0 1 0 0.752637 0.042498
-0.270329 0.258805 3.112821 0 1 0 0.713343 0.044581
-0.245282 0.258774 3.116045 0 0.997878835 0.0650986193 0.753265 0.05152
-0.270329 0.258774 3.116045 0 0.997878835 0.0650986193 0.713838 0.054507
-0.245282 0.258728 3.116515 0 0.984462783 0.175593362 0.753533 0.055385
-0.270329 0.258728 3.116515 0 0.984480065 0.175496446 0.714058 0.058788
-0.298488 0.258774 3.116045 0 0.997878835 0.0650986193 0.658513 0.05882
-0.298488 0.258798 3.115324 0 0.999805934 0.0197001169 0.658439 0.054533
-0.332507 0.258774 3.116045 0 0.997878835 0.0650986193 0.579762 0.064983
-0.332507 0.258798 3.115324 0 0.999805934 0.0197001169 0.579899 0.060278
-0.298488 0.258728 3.116515 0 0.984459699 0.175610649 0.658606 0.06355
-0.332507 0.258728 3.116515 0 0.984459699 0.175610649 0.579638 0.070179
-0.298488 0.258805 3.114275 0 0.999993155 0.00369997467 0.658387 0.050844
-0.298488 0.258805 3.112821 0 1 0 0.658365 0.047908
-0.332507 0.258805 3.114275 0 0.999993155 0.00369997467 0.580052 0.056234
-0.332507 0.258805 3.112821 0 1 0 0.580223 0.053024
-0.424217 0.258798 3.115324 0 0.999805934 0.0197001169 0.357442 0.076819
-0.375134 0.258805 3.114275 0 0.999993155 0.00369997467 0.470971 0.063978
-0.424217 0.258805 3.114275 0 0.999993155 0.00369997467 0.358231 0.072077
-0.375134 0.258798 3.115324 0 0.999805934 0.0197001169 0.47051 0.06839
-0.375134 0.258805 3.112821 0 1 0 0.471439 0.060471
-0.424217 0.258805 3.112821 0 1 0 0.359017 0.068299
-0.375134 0.258774 3.116045 0 0.997878835 0.0650986193 0.470057 0.073521
-0.424217 0.258774 3.116045 0 0.997878835 0.0650986193 0.356655 0.082327
-0.375134 0.258728 3.116515 0 0.984480065 0.175496446 0.469613 0.079186
-0.424217 0.258728 3.116515 0 0.984480065 0.175496446 0.35587 0.088403
-0.477605 0.258774 3.116045 0 0.997878835 0.0650986193 0.266809 0.089296
-0.477605 0.258798 3.115324 0 0.999805934 0.0197001169 0.267866 0.083516
-0.477605 0.258728 3.116515 0 0.984480065 0.175496446 0.265752 0.095666
-0.477605 0.258805 3.114275 0 0.999993155 0.00369997467 0.268918 0.078534
-0.477605 0.258805 3.112821 0 1 0 0.269961 0.074556
-0.270329 0.258805 3.108707 0 1 0 0.713188 0.041233
-0.245282 0.258805 3.106529 0 1 0 0.752331 0.037972
-0.270329 0.258805 3.106529 0 1 0 0.713121 0.039762
-0.245282 0.258805 3.108707 0 1 0 0.752415 0.039362
-0.245282 0.258805 3.104593 0 1 0 0.752244 0.036226
-0.270329 0.258805 3.104593 0 1 0 0.713035 0.037888
-0.245282 0.258805 3.110884 0 1 0 0.752511 0.040752
-0.270329 0.258805 3.110884 0 1 0 0.713255 0.042704
-0.298488 0.258805 3.110884 0 1 0 0.658376 0.045881
-0.298488 0.258805 3.108707 0 1 0 0.658394 0.044308
-0.332507 0.258805 3.110884 0 1 0 0.580415 0.050819
-0.332507 0.258805 3.108707 0 1 0 0.580598 0.049117
-0.298488 0.258805 3.106529 0 1 0 0.658395 0.042736
-0.298488 0.258805 3.104593 0 1 0 0.658354 0.040713
-0.332507 0.258805 3.106529 0 1 0 0.580743 0.047416
-0.332507 0.258805 3.104593 0 1 0 0.580818 0.045214
-0.424217 0.258805 3.108707 0 1 0 0.360538 0.06365
-0.375134 0.258805 3.106529 0 1 0 0.472753 0.05432
-0.424217 0.258805 3.106529 0 1 0 0.361197 0.061613
-0.375134 0.258805 3.108707 0 1 0 0.472364 0.056189
-0.375134 0.258805 3.104593 0 1 0 0.473046 0.051905
-0.424217 0.258805 3.104593 0 1 0 0.361738 0.058991
-0.375134 0.258805 3.110884 0 1 0 0.471915 0.058057
-0.424217 0.258805 3.110884 0 1 0 0.359799 0.065684
-0.477605 0.258805 3.110884 0 1 0 0.27099 0.071789
-0.477605 0.258805 3.108707 0 1 0 0.271965 0.069626
-0.477605 0.258805 3.106529 0 1 0 0.272846 0.067458
-0.477605 0.258805 3.104593 0 1 0 0.273593 0.064678
-0.270329 0.258797 3.102094 0 0.999749064 -0.0224010994 0.712745 0.03186
-0.245282 0.258771 3.101387 0 0.997077382 -0.0763982669 0.751875 0.027204
-0.270329 0.258771 3.101387 0 0.997077382 -0.0763982669 0.712558 0.027985
-0.245282 0.258797 3.102094 0 0.999749064 -0.0224010994 0.752012 0.030719
-0.245282 0.258719 3.100945 0 0.975022713 -0.222105174 0.75173 0.023347
-0.270329 0.258719 3.100945 0 0.975022713 -0.222105174 0.712353 0.023723
-0.245282 0.258805 3.103139 0 0.999991595 -0.00409996554 0.752136 0.033767
-0.270329 0.258805 3.103139 0 0.999991595 -0.00409996554 0.712907 0.035207
-0.298488 0.258805 3.103139 0 0.999991595 -0.00409996554 0.658243 0.037784
-0.298488 0.258797 3.102094 0 0.999749064 -0.0224010994 0.658077 0.034107
-0.332507 0.258805 3.103139 0 0.999991595 -0.00409996554 0.580795 0.04201
-0.332507 0.258797 3.102094 0 0.999749064 -0.0224010994 0.580691 0.037977
-0.298488 0.258771 3.101387 0 0.997077382 -0.0763982669 0.657868 0.029839
-0.298488 0.258719 3.100945 0 0.975022713 -0.222105174 0.657627 0.025137
-0.332507 0.258771 3.101387 0 0.997077382 -0.0763982669 0.580524 0.03329
-0.332506 0.258719 3.100945 0 0.975022713 -0.222105174 0.580313 0.028123
-0.424217 0.258797 3.102094 0 0.999749064 -0.0224010994 0.362384 0.050444
-0.375134 0.258771 3.101387 0 0.997077382 -0.0763982669 0.473249 0.038861
-0.424217 0.258771 3.101387 0 0.997077382 -0.0763982669 0.362546 0.044928
-0.375134 0.258797 3.102094 0 0.999749064 -0.0224010994 0.473271 0.043985
-0.375134 0.258719 3.100945 0 0.975022713 -0.222105174 0.473169 0.033214
-0.424217 0.258719 3.100945 0 0.975022713 -0.222105174 0.362638 0.038853
-0.375134 0.258805 3.103139 0 0.999991595 -0.00409996554 0.473211 0.048396
-0.424217 0.258805 3.103139 0 0.999991595 -0.00409996554 0.362124 0.0552
-0.477605 0.258805 3.103139 0 0.999991595 -0.00409996554 0.274167 0.060677
-0.477605 0.258797 3.102094 0 0.999749064 -0.0224010994 0.274598 0.055669
-0.477605 0.258771 3.101387 0 0.997077382 -0.0763982669 0.27492 0.049867
-0.477605 0.258719 3.100945 0 0.975022713 -0.222105174 0.275165 0.043482
-0.271303 0.216075 3.11371 -0.0128001274 -0.812008084 -0.583505809 0.71431 0.049751
-0.249857 0.215114 3.115085 -0.0457019492 -0.998942606 0.00500021326 0.751519 0.044803
-0.271473 0.215715 3.114914 -0.0176004333 -0.999824616 -0.00640015757 0.714065 0.048067
-0.249178 0.215408 3.113891 -0.035703026 -0.824969919 -0.564047805 0.752221 0.046072
-0.249857 0.215518 3.116511 -0.049400718 -0.960913967 0.272403959 0.751476 0.043268
-0.271473 0.216119 3.11634 -0.0183004411 -0.961923187 0.272706574 0.713947 0.046012
-0.247142 0.216967 3.112689 -0.0171006014 -0.488617185 -0.87233068 0.754209 0.046054
-0.270794 0.217831 3.112476 -0.00600021745 -0.475617237 -0.879631878 0.714778 0.049832
-0.245212 0.220804 3.111152 -0.0062999943 -0.3315997 -0.943399146 0.755689 0.043524
-0.270312 0.221724 3.110938 -0.00250001334 -0.332201772 -0.943205032 0.714962 0.047029
-0.298488 0.218118 3.112404 -0.00119993428 -0.469274299 -0.883051636 0.659461 0.054797
-0.298488 0.216298 3.11365 -0.00269991423 -0.804474442 -0.59398113 0.659351 0.054564
-0.332507 0.218118 3.112404 0 -0.468089866 -0.883680869 0.581287 0.061128
-0.332507 0.216298 3.11365 0 -0.802906576 -0.596104882 0.580864 0.060752
-0.298488 0.22203 3.110867 -0.000500018096 -0.33241203 -0.943134133 0.659342 0.051743
-0.332506 0.22203 3.110867 0 -0.332501021 -0.943102895 0.581438 0.057825
-0.298488 0.215916 3.114858 -0.00380001138 -0.999902995 -0.0134000401 0.659098 0.052459
-0.298488 0.21632 3.116284 -0.00379996933 -0.962092236 0.272697799 0.658785 0.049898
-0.332507 0.215916 3.114858 0 -0.999887496 -0.0149998124 0.580266 0.058275
-0.332507 0.21632 3.116284 0 -0.962072942 0.272792328 0.579588 0.055279
-0.424217 0.216298 3.11365 0 -0.802906576 -0.596104882 0.360557 0.076284
-0.375134 0.215916 3.114858 0 -0.999887496 -0.0149998124 0.471216 0.065811
-0.424217 0.215916 3.114858 0 -0.999887496 -0.0149998124 0.358801 0.073372
-0.375134 0.216298 3.11365 0 -0.802906576 -0.596104882 0.472369 0.068552
-0.375134 0.21632 3.116284 0 -0.962072942 0.272792328 0.469951 0.062503
-0.424217 0.21632 3.116284 0 -0.962072942 0.272792328 0.356896 0.069861
-0.375134 0.218118 3.112404 0 -0.468089866 -0.883680869 0.47329 0.069003
-0.424217 0.218118 3.112404 0 -0.468089866 -0.883680869 0.362016 0.07676
-0.375134 0.22203 3.110867 0 -0.332501021 -0.943102895 0.473858 0.065438
-0.424217 0.22203 3.110867 0 -0.332501021 -0.943102895 0.363034 0.07296
-0.477605 0.218118 3.112404 0 -0.468089866 -0.883680869 0.274014 0.082742
-0.477605 0.216298 3.11365 0 -0.802906576 -0.596104882 0.272117 0.082268
-0.477605 0.22203 3.110867 0 -0.332501021 -0.943102895 0.275395 0.07877
-0.477605 0.215916 3.114858 0 -0.999887496 -0.0149998124 0.269872 0.079264
-0.477605 0.21632 3.116284 0 -0.962072942 0.272792328 0.267446 0.075643
-0.271473 0.217263 3.120375 -0.0183004411 -0.961923187 0.272706574 0.713775 0.044043
-0.249857 0.217267 3.122681 -0.049400718 -0.960913967 0.272403959 0.751468 0.041692
-0.271473 0.217869 3.122511 -0.0183004411 -0.961923187 0.272706574 0.713675 0.043269
-0.249857 0.216662 3.120546 -0.049400718 -0.960913967 0.272403959 0.75147 0.042094
-0.249857 0.217806 3.12458 -0.049400718 -0.960913967 0.272403959 0.751441 0.040906
-0.271473 0.218407 3.12441 -0.0183004411 -0.961923187 0.272706574 0.713536 0.04206
-0.249857 0.216056 3.11841 -0.049400718 -0.960913967 0.272403959 0.751466 0.042493
-0.271473 0.216658 3.118239 -0.0183004411 -0.961923187 0.272706574 0.713858 0.044814
-0.298488 0.216858 3.118183 -0.00379996933 -0.962092236 0.272697799 0.658497 0.048297
-0.298488 0.217464 3.120318 -0.0037998657 -0.962065996 0.272790358 0.658206 0.047174
-0.332507 0.216858 3.118183 0 -0.962072942 0.272792328 0.578927 0.053343
-0.332507 0.217464 3.120318 0 -0.962072942 0.272792328 0.578254 0.051938
-0.298488 0.218069 3.122454 -0.0037998657 -0.962065996 0.272790358 0.657887 0.046049
-0.298488 0.218608 3.124353 -0.00379996933 -0.962092236 0.272697799 0.657512 0.044442
-0.332507 0.218069 3.122454 0 -0.962072942 0.272792328 0.577537 0.050536
-0.332507 0.218608 3.124353 0 -0.962099182 0.272699768 0.576746 0.048608
-0.424217 0.217464 3.120318 0 -0.962072942 0.272792328 0.353035 0.065951
-0.375134 0.218069 3.122454 0 -0.962072942 0.272792328 0.466059 0.057232
-0.424217 0.218069 3.122454 0 -0.962072942 0.272792328 0.351006 0.064332
-0.375134 0.217464 3.120318 0 -0.962072942 0.272792328 0.467406 0.058786
-0.375134 0.218608 3.124353 0 -0.962099182 0.272699768 0.464617 0.055115
-0.424217 0.218608 3.124353 0 -0.962099182 0.272699768 0.348862 0.062125
-0.375134 0.216858 3.118183 0 -0.962072942 0.272792328 0.468692 0.060352
-0.424217 0.216858 3.118183 0 -0.962072942 0.272792328 0.354986 0.06759
-0.477605 0.216858 3.118183 0 -0.962072942 0.272792328 0.265006 0.073321
-0.477605 0.217464 3.120318 0 -0.962072942 0.272792328 0.262514 0.071664
-0.477605 0.218069 3.122454 0 -0.962072942 0.272792328 0.259931 0.070035
-0.477605 0.218608 3.124353 0 -0.962099182 0.272699768 0.257219 0.067801
-0.271303 0.219687 3.126693 -0.013200401 -0.423012851 0.906027526 0.713308 0.038186
-0.247142 0.220829 3.127145 -0.0181998458 0.0168998569 0.999691533 0.754 0.037562
-0.270794 0.221641 3.126885 -0.00630015127 0.0302007251 0.999523999 0.71369 0.037802
-0.249178 0.219033 3.126886 -0.036601817 -0.440421863 0.89704453 0.751982 0.037939
-0.245212 0.224531 3.126563 -0.00660014227 0.202204359 0.979321109 0.75574 0.039484
-0.270312 0.225372 3.126281 -0.00260007338 0.200805667 0.979627645 0.714113 0.040063
-0.249857 0.21821 3.126006 -0.0457023434 -0.863644284 0.502025742 0.751371 0.039354
-0.271473 0.218811 3.125836 -0.0175999639 -0.859698238 0.510498953 0.713335 0.039985
-0.298488 0.219012 3.125779 -0.00380019796 -0.856744629 0.515726865 0.657055 0.04187
-0.298488 0.219905 3.126629 -0.00280011182 -0.412316466 0.911036383 0.656631 0.039669
-0.332507 0.219012 3.125779 0 -0.8559893 0.516993538 0.575852 0.045624
-0.332507 0.219905 3.126629 0 -0.410031984 0.912071144 0.575045 0.043078
-0.298488 0.221911 3.126799 -0.00129999939 0.0373999824 0.99929953 0.656353 0.03917
-0.298488 0.225653 3.126187 -0.000500016893 0.200306767 0.979733101 0.656336 0.041708
-0.332507 0.221911 3.126799 0 0.0388018222 0.999246926 0.574519 0.042461
-0.332507 0.225653 3.126187 0 0.200114799 0.979772457 0.574464 0.045267
-0.424217 0.219905 3.126629 0 -0.410031984 0.912071144 0.344529 0.055851
-0.375134 0.221911 3.126799 0 0.0388018222 0.999246926 0.460716 0.048471
-0.424217 0.221911 3.126799 0 0.0388018222 0.999246926 0.343156 0.055258
-0.375134 0.219905 3.126629 0 -0.410031984 0.912071144 0.461647 0.049105
-0.375134 0.225653 3.126187 0 0.200114799 0.979772457 0.460553 0.051591
-0.424217 0.225653 3.126187 0 0.200114799 0.979772457 0.342857 0.058677
-0.375134 0.219012 3.125779 0 -0.8559893 0.516993538 0.463047 0.051863
-0.424217 0.219012 3.125779 0 -0.8559893 0.516993538 0.346567 0.058719
-0.477605 0.219012 3.125779 0 -0.8559893 0.516993538 0.254338 0.064326
-0.477605 0.219905 3.126629 0 -0.410115172 0.912033741 0.251783 0.061418
-0.477605 0.221911 3.126799 0 0.0388018222 0.999246926 0.250051 0.060883
-0.477605 0.225653 3.126187 0 0.200114799 0.979772457 0.249635 0.064529
-0.078023 0.073667 3.169962 0 0.279116629 0.960257209 0.873996 0.036403
-0.093491 0.086792 3.166053 -0.0251007004 0.265707415 0.963726893 0.873705 0.035933
-0.086593 0.073654 3.169866 -0.0256998074 0.266498003 0.963492779 0.874044 0.036276
-0.084828 0.08681 3.166147 0 0.278113926 0.960548096 0.87371 0.036091
-0.10071 0.08674 3.165772 -0.0743054479 0.240217612 0.967870962 0.873705 0.035933
-0.093736 0.073616 3.169578 -0.0761008577 0.240702713 0.967610905 0.874082 0.036221
-0.076165 0.086792 3.166053 0.0250005075 0.289605879 0.956819424 0.873714 0.036299
-0.069452 0.073654 3.169866 0.0254995893 0.290995314 0.956384597 0.873948 0.036565
-0.068946 0.08674 3.165772 0.0734048519 0.310720538 0.947662638 0.87372 0.036506
-0.06231 0.073616 3.169578 0.0748002139 0.313000895 0.946802708 0.873908 0.036722
-0.063492 0.062106 3.173229 0.0258991969 0.291990946 0.956070353 0.874108 0.036787
-0.072019 0.062114 3.173327 0 0.279788802 0.960061574 0.87418 0.036663
-0.05879 0.053062 3.175867 0.026199957 0.292199521 0.955998432 0.87421 0.036954
-0.067301 0.053066 3.175967 0 0.279907836 0.960026876 0.874287 0.036858
-0.056386 0.062082 3.172934 0.0757994982 0.314597917 0.946193736 0.873992 0.036924
-0.051698 0.05305 3.175565 0.0765026738 0.315211017 0.945933061 0.874146 0.03704
-0.080546 0.062106 3.173229 -0.0262010175 0.26701037 0.963337412 0.87425 0.03656
-0.087651 0.062082 3.172934 -0.0773987752 0.240796189 0.96748469 0.874307 0.036509
-0.075812 0.053062 3.175867 -0.0264015913 0.266916088 0.963358063 0.874364 0.036774
-0.082904 0.05305 3.175565 -0.0784001972 0.240400605 0.967502433 0.874426 0.036727
-0.062762 0.044418 3.178438 -0.000200007463 0.216708087 0.976236429 0.874429 0.037032
-0.072857 0.047439 3.177505 -0.0269998508 0.257898575 0.965794664 0.874426 0.036906
-0.070986 0.044423 3.178337 -0.0290989552 0.191993107 0.980964779 0.874429 0.037032
-0.064356 0.04744 3.177607 -0.000100001193 0.272303249 0.962211479 0.874346 0.036976
-0.079941 0.047434 3.1772 -0.0807038085 0.225710652 0.970845815 0.87449 0.036861
-0.077842 0.044428 3.178037 -0.0862045392 0.118106219 0.98925209 0.87449 0.036861
-0.055856 0.047439 3.177505 0.0266993467 0.284593036 0.958276551 0.874285 0.037148
-0.054546 0.044423 3.178337 0.0297989669 0.224292224 0.97406623 0.874285 0.037148
-0.048772 0.047434 3.1772 0.0787049562 0.305419233 0.948959758 0.874201 0.03712
-0.047696 0.044428 3.178037 0.0903995982 0.213299052 0.972795676 0.87423 0.037177
-0.054719 0.043204 3.178553 0.032400064 -0.252700499 0.96700191 0.874285 0.037148
-0.062097 0.04318 3.178651 0.000100000118 -0.230800271 0.973001143 0.874358 0.037134
-0.04856 0.043228 3.178276 0.0738979375 -0.364989813 0.928074098 0.87423 0.037177
-0.069503 0.043204 3.178553 -0.0291993305 -0.278893605 0.95987799 0.874429 0.037032
-0.075691 0.043228 3.178276 -0.0660022847 -0.40791412 0.910631522 0.87449 0.036995
-0.078023 0.071401 3.15319 0 -0.275619184 -0.961266906 0.874044 0.037939
-0.076165 0.083711 3.149761 0.0248014065 -0.262714899 -0.964554701 0.873775 0.03805
-0.069452 0.071413 3.153284 0.0252011772 -0.262712272 -0.964545055 0.873984 0.037774
-0.084828 0.083694 3.149669 0 -0.27519656 -0.961387983 0.873784 0.038264
-0.068946 0.083764 3.150039 0.0732039132 -0.238612755 -0.968351765 0.873765 0.037837
-0.06231 0.071451 3.153567 0.074599442 -0.237198226 -0.968592755 0.873933 0.037614
-0.093491 0.083711 3.149761 -0.0248009333 -0.287910834 -0.957336025 0.87379 0.038429
-0.086593 0.071413 3.153284 -0.0252004358 -0.288604991 -0.957116554 0.874101 0.03807
-0.10071 0.083764 3.150039 -0.0729034054 -0.312414593 -0.947144242 0.873787 0.038495
-0.093735 0.071451 3.153567 -0.073803436 -0.313414591 -0.946744077 0.874101 0.03807
-0.080545 0.060705 3.156356 -0.0254015041 -0.289117119 -0.956956663 0.874281 0.037777
-0.072019 0.060697 3.15626 0 -0.275896379 -0.961187384 0.874204 0.037673
-0.075812 0.052362 3.158752 -0.0255007077 -0.289208026 -0.956926555 0.874375 0.037558
-0.067301 0.052358 3.158654 0 -0.275896379 -0.961187384 0.874293 0.037475
-0.087651 0.060729 3.156645 -0.0743007898 -0.314003338 -0.946510061 0.874281 0.037777
-0.082904 0.052373 3.159045 -0.074601501 -0.314206322 -0.946419042 0.874375 0.037558
-0.063492 0.060705 3.156356 0.0255016671 -0.262617168 -0.964563056 0.874124 0.037548
-0.056386 0.060729 3.156645 0.0756043288 -0.236213525 -0.968755468 0.874057 0.03743
-0.05879 0.052362 3.158752 0.0257004188 -0.262404276 -0.964615719 0.87421 0.037379
-0.051698 0.052373 3.159045 0.076298125 -0.235494213 -0.96887619 0.874141 0.037293
-0.062762 0.044347 3.160999 0.000100002944 -0.334409843 -0.942427741 0.874354 0.037255
-0.055856 0.047158 3.160245 0.0262008031 -0.269908273 -0.962529502 0.874258 0.037278
-0.054546 0.044353 3.161094 0.0281011907 -0.326613839 -0.944740029 0.874284 0.037209
-0.064356 0.047157 3.160147 0 -0.283097393 -0.959091167 0.874342 0.037354
-0.048772 0.047163 3.160541 0.0781053422 -0.245416786 -0.96626609 0.87423 0.037177
-0.047696 0.044361 3.16138 0.0847036212 -0.331514173 -0.93964017 0.87423 0.037177
-0.072857 0.047158 3.160245 -0.0257993389 -0.297492377 -0.954375544 0.874425 0.037422
-0.070986 0.044353 3.161094 -0.0265021375 -0.355828699 -0.934175344 0.874354 0.037255
-0.07994 0.047163 3.160541 -0.0756021558 -0.326909322 -0.942026862 0.874493 0.037463
-0.077842 0.044361 3.16138 -0.0750049955 -0.411627415 -0.908260492 0.874507 0.037383
-0.069503 0.043204 3.161555 -0.0218000064 -0.624900184 -0.78040023 0.874354 0.037255
-0.062097 0.04318 3.161474 0.000699985181 -0.601087275 -0.799183081 0.874354 0.037255
-0.07569 0.043228 3.16181 -0.0497011297 -0.6907157 -0.721416398 0.874496 0.037271
-0.054719 0.043204 3.161555 0.0247996482 -0.610291343 -0.791788769 0.874284 0.037209
-0.04856 0.043228 3.16181 0.0565016202 -0.664419052 -0.74522137 0.87423 0.037177
-0.041503 0.044408 3.176772 0.687258818 -0.088007532 0.721061711 0.87423 0.037177
-0.042267 0.043156 3.175993 0.438007161 -0.885314475 0.156102552 0.87423 0.037177
-0.040813 0.044401 3.175635 0.942213262 -0.214903025 0.257003617 0.87423 0.037177
-0.042903 0.043168 3.177114 0.357099338 -0.718298668 0.597098892 0.87423 0.037177
-0.042267 0.043156 3.174421 0.380699387 -0.924698511 0.000799998712 0.87423 0.037177
-0.040813 0.044394 3.174064 0.958226888 -0.286008025 -0.000800022449 0.87423 0.037177
-0.044811 0.043204 3.177836 0.163292967 -0.553676154 0.816564831 0.87423 0.037177
-0.043573 0.04442 3.177544 0.271910341 0.13120499 0.953336256 0.87423 0.037177
-0.044522 0.047426 3.176692 0.224605884 0.35540931 0.907323768 0.87423 0.037177
-0.042397 0.047413 3.175906 0.581220119 0.431814948 0.689723875 0.874075 0.037153
-0.047443 0.05303 3.175063 0.216399324 0.374798829 0.901497183 0.874064 0.037106
-0.045315 0.052999 3.174286 0.55193564 0.485131326 0.678243796 0.874064 0.037106
-0.041688 0.047395 3.174769 0.879718602 0.415108778 0.231904904 0.874075 0.037153
-0.041688 0.04737 3.173206 0.927074478 0.374789682 -0.00809977702 0.874075 0.037153
-0.044606 0.052954 3.17316 0.836942137 0.50212528 0.217710961 0.874064 0.037106
-0.044606 0.05289 3.17161 0.886587317 0.46209339 -0.0207997025 0.874064 0.037106
-0.055883 0.073453 3.168352 0.560646788 0.480540103 0.674356277 0.87388 0.03692
-0.04928 0.061889 3.170571 0.842711322 0.497806688 0.205002754 0.874001 0.037068
-0.055168 0.073308 3.167267 0.850716581 0.489809546 0.190703717 0.873882 0.036984
-0.049991 0.06198 3.171679 0.555903766 0.484003279 0.675804579 0.874037 0.037038
-0.04928 0.061763 3.169044 0.889904472 0.454502284 -0.0387001945 0.874001 0.037068
-0.055168 0.073106 3.165768 0.894921953 0.442210848 -0.0597014645 0.873882 0.036984
-0.052123 0.062042 3.172442 0.215700692 0.373501199 0.902202896 0.874037 0.037038
-0.058025 0.073553 3.169098 0.214492491 0.370887015 0.903568367 0.873887 0.036837
-0.064615 0.086653 3.165304 0.212004253 0.366807358 0.905818171 0.873726 0.036665
-0.062449 0.086516 3.164576 0.564305671 0.47460477 0.675506789 0.873733 0.036788
-0.061727 0.086316 3.163512 0.859563636 0.47883545 0.178513216 0.873741 0.036888
-0.061727 0.086038 3.16204 0.900924988 0.426611832 -0.0796022078 0.873747 0.036978
-0.040813 0.044376 3.169673 0.957900259 -0.287100078 -0.000800000216 0.87423 0.037177
-0.042267 0.043156 3.167703 0.375800156 -0.926700385 0.000800000332 0.87423 0.037177
-0.040813 0.044367 3.167356 0.957746121 -0.28761385 -0.000800038527 0.87423 0.037177
-0.042267 0.043156 3.170023 0.37750323 -0.926007922 0.000800006844 0.87423 0.037177
-0.042267 0.043156 3.165639 0.374302542 -0.927306296 0.000800005432 0.87423 0.037177
-0.040813 0.044359 3.165294 0.957599995 -0.288099999 -0.000799999996 0.87423 0.037177
-0.042267 0.043156 3.172347 0.379290666 -0.925277229 0.000799980313 0.87423 0.037177
-0.040813 0.044386 3.171993 0.958073348 -0.286521936 -0.000800061251 0.87423 0.037177
-0.041688 0.047336 3.171143 0.925977087 0.377490659 -0.0081997971 0.874075 0.037153
-0.041688 0.047299 3.168831 0.924652457 0.380721599 -0.0083004709 0.874075 0.037153
-0.044606 0.052806 3.169564 0.88490119 0.465300626 -0.0211000284 0.874075 0.037153
-0.044606 0.052712 3.167269 0.882868716 0.469136514 -0.021301658 0.874075 0.037153
-0.041688 0.047261 3.166523 0.923367307 0.383827978 -0.00830060505 0.874075 0.037153
-0.041688 0.047227 3.164469 0.922207857 0.386603294 -0.00840007157 0.874075 0.037153
-0.044606 0.052617 3.164978 0.880841709 0.472922393 -0.0215010181 0.874075 0.037153
-0.044606 0.052533 3.16294 0.878971645 0.476384632 -0.0215993032 0.874075 0.037153
-0.055168 0.072534 3.161552 0.891770376 0.448385105 -0.0607979803 0.873902 0.037193
-0.04928 0.061216 3.162498 0.884349286 0.465125922 -0.0398022182 0.874006 0.037164
-0.055168 0.072231 3.159324 0.890054148 0.451727482 -0.0612037234 0.873902 0.037193
-0.04928 0.061405 3.16476 0.886309794 0.461405099 -0.0395004365 0.874006 0.037164
-0.04928 0.061048 3.160485 0.88254479 0.468523778 -0.0400020302 0.874006 0.037164
-0.055168 0.071962 3.157342 0.888509374 0.454704797 -0.0616006499 0.873891 0.037289
-0.04928 0.061595 3.167025 0.888236712 0.457718918 -0.0391016161 0.874001 0.037068
-0.055168 0.072837 3.163781 0.893464128 0.44508213 -0.0601975831 0.873898 0.03712
-0.061727 0.085668 3.160087 0.899768682 0.428932742 -0.0802061224 0.873752 0.037072
-0.061727 0.085252 3.157892 0.898438809 0.431618644 -0.0807034861 0.873756 0.037167
-0.061727 0.084836 3.155699 0.897100745 0.43430036 -0.0812000674 0.873758 0.037262
-0.061727 0.084465 3.153749 0.895832802 0.436815994 -0.0817029916 0.873758 0.037356
-0.041503 0.044351 3.16262 0.64702737 -0.36241533 -0.670828377 0.874201 0.03712
-0.044811 0.043204 3.162249 0.124799476 -0.766996779 -0.629397357 0.87423 0.037177
-0.043573 0.044357 3.161861 0.248795013 -0.36319272 -0.897882002 0.87423 0.037177
-0.042903 0.043168 3.162974 0.283201686 -0.8564051 -0.431702571 0.874201 0.03712
-0.042267 0.043156 3.164083 0.394212865 -0.912229771 -0.111503639 0.87423 0.037177
-0.040813 0.044352 3.16374 0.92667877 -0.299793132 -0.226694806 0.874201 0.03712
-0.041688 0.047202 3.162921 0.911523034 0.304507695 -0.276406985 0.874075 0.037153
-0.042397 0.047184 3.161802 0.632647599 0.0594044695 -0.772158095 0.874075 0.037153
-0.044606 0.05247 3.161404 0.871376573 0.400489233 -0.283392381 0.874075 0.037153
-0.045315 0.052424 3.160294 0.608699206 0.112399853 -0.785398975 0.874075 0.037153
-0.044522 0.047171 3.161034 0.233302606 -0.1701019 -0.957410694 0.874075 0.037153
-0.047443 0.052393 3.159534 0.225911881 -0.150507915 -0.962450617 0.874075 0.037153
-0.055882 0.071614 3.154775 0.592995692 0.0887993549 -0.800294186 0.873892 0.037412
-0.052122 0.060768 3.157126 0.223114139 -0.153309716 -0.962661006 0.874047 0.03727
-0.058025 0.071515 3.154039 0.219397692 -0.15779834 -0.962789872 0.873904 0.037497
-0.049991 0.060831 3.157876 0.601502379 0.103000407 -0.792203133 0.874047 0.03727
-0.04928 0.060921 3.15897 0.870158951 0.390526457 -0.300520359 0.874047 0.03727
-0.055168 0.07176 3.155851 0.870032888 0.37381413 -0.32141215 0.873891 0.037289
-0.061727 0.084187 3.152282 0.87094688 0.352518975 -0.342318426 0.873758 0.037356
-0.062449 0.083987 3.151225 0.583841124 0.0710050014 -0.808756967 0.873758 0.037548
-0.064615 0.083851 3.150502 0.214805014 -0.163803823 -0.962822473 0.87376 0.037674
-0.084018 0.044351 3.16262 -0.421600687 -0.725701183 -0.543700886 0.874559 0.037359
-0.0819 0.043156 3.164083 -0.251113854 -0.964953238 -0.0762042043 0.874496 0.037271
-0.084705 0.044352 3.16374 -0.59533562 -0.787947144 -0.157209406 0.874589 0.037287
-0.081278 0.043168 3.162974 -0.202709732 -0.915043932 -0.348716742 0.874496 0.037271
-0.0819 0.043156 3.165639 -0.235305117 -0.971921135 0.000900019571 0.874495 0.037234
-0.084705 0.044359 3.165294 -0.60443368 -0.79664439 0.00420023404 0.874589 0.037287
-0.079412 0.043204 3.162249 -0.10320386 -0.807030183 -0.581421746 0.874496 0.037271
-0.081959 0.044357 3.161861 -0.195316615 -0.554747192 -0.808768801 0.874507 0.037383
-0.084191 0.047171 3.161034 -0.212903674 -0.405807002 -0.888815337 0.874493 0.037463
-0.086316 0.047184 3.161802 -0.52641465 -0.545315176 -0.652318154 0.874507 0.037383
-0.087159 0.052393 3.159534 -0.21141311 -0.378923498 -0.90095587 0.874474 0.037589
-0.089287 0.052424 3.160294 -0.541137895 -0.500535051 -0.675747321 0.874493 0.037463
-0.087024 0.047202 3.162921 -0.784746247 -0.583834406 -0.208112264 0.874507 0.037383
-0.087024 0.047227 3.164469 -0.829506284 -0.55840423 0.0102000773 0.874496 0.037271
-0.089996 0.05247 3.161404 -0.82354598 -0.52532933 -0.214011949 0.874507 0.037383
-0.089996 0.052533 3.16294 -0.875227618 -0.483215248 0.0219006911 0.874496 0.037271
-0.100163 0.071614 3.154775 -0.54981471 -0.503313466 -0.666617836 0.874149 0.037936
-0.094757 0.060921 3.15897 -0.828238145 -0.52392413 -0.198809156 0.874375 0.037558
-0.100878 0.07176 3.155851 -0.832896456 -0.523097774 -0.180699231 0.874132 0.03775
-0.094046 0.060831 3.157876 -0.545415815 -0.501714547 -0.671419468 0.874373 0.037704
-0.094757 0.061048 3.160485 -0.876908848 -0.478904832 0.0410004137 0.874342 0.037354
-0.100878 0.071962 3.157342 -0.877720811 -0.474811258 0.0645015293 0.874124 0.037548
-0.091915 0.060768 3.157126 -0.211508643 -0.378915485 -0.900936818 0.874369 0.037796
-0.098021 0.071515 3.154039 -0.211303501 -0.378606274 -0.901114932 0.874155 0.038071
-0.105041 0.083851 3.150502 -0.210010949 -0.377819698 -0.901747014 0.87379 0.038429
-0.107207 0.083987 3.151225 -0.5526803 -0.504982 -0.662976369 0.873747 0.03822
-0.107929 0.084187 3.152282 -0.836647569 -0.522829726 -0.163309285 0.87372 0.037965
-0.107929 0.084465 3.153749 -0.87748299 -0.471390862 0.0883982864 0.873695 0.037689
-0.084705 0.044376 3.169673 -0.609932507 -0.792442234 0.00420022386 0.874557 0.037152
-0.0819 0.043156 3.172347 -0.23909873 -0.970994844 0.000899995221 0.874499 0.037108
-0.084705 0.044386 3.171993 -0.612875458 -0.790168358 0.00419983182 0.874559 0.037098
-0.0819 0.043156 3.170023 -0.23780317 -0.971312948 0.000900011997 0.874495 0.037234
-0.0819 0.043156 3.174421 -0.240299593 -0.970698355 0.000899998475 0.874499 0.037108
-0.084705 0.044394 3.174064 -0.615401834 -0.788202349 0.00420001252 0.874581 0.036976
-0.0819 0.043156 3.167703 -0.236412728 -0.97165231 0.000900048455 0.874495 0.037234
-0.084705 0.044367 3.167356 -0.607043769 -0.794657297 0.00420030285 0.874557 0.037152
-0.087024 0.047261 3.166523 -0.831715424 -0.555110295 0.0101001873 0.874495 0.037234
-0.087024 0.047299 3.168831 -0.834185982 -0.551390734 0.0100998303 0.874495 0.037234
-0.089996 0.052617 3.164978 -0.877147481 -0.479725968 0.0218011801 0.874496 0.037271
-0.089996 0.052712 3.167269 -0.879268216 -0.475836917 0.0216016759 0.874495 0.037234
-0.087024 0.047336 3.171143 -0.836610521 -0.547706887 0.0100001258 0.874499 0.037108
-0.087024 0.04737 3.173206 -0.838702524 -0.544501639 0.0098000295 0.87449 0.036995
-0.089996 0.052806 3.169564 -0.881288517 -0.472093849 0.0213997212 0.874499 0.037108
-0.089996 0.05289 3.17161 -0.883062797 -0.468780251 0.0210991111 0.87449 0.036995
-0.100878 0.072534 3.161552 -0.881254631 -0.468329033 0.0637039491 0.874075 0.037153
-0.094757 0.061595 3.167025 -0.882814191 -0.468007523 0.0401006446 0.874346 0.036976
-0.100878 0.072837 3.163781 -0.883109171 -0.464904828 0.0631006553 0.874146 0.03704
-0.094757 0.061405 3.16476 -0.880780566 -0.47178959 0.0404991064 0.874284 0.037209
-0.094757 0.061763 3.169044 -0.884523241 -0.464812213 0.0396010405 0.874287 0.036858
-0.100878 0.073106 3.165768 -0.884617772 -0.462109284 0.0625012557 0.874108 0.036787
-0.094757 0.061216 3.162498 -0.878753351 -0.47552887 0.0408024772 0.874258 0.037278
-0.100878 0.072231 3.159324 -0.879420201 -0.471710835 0.0641014724 0.874057 0.03743
-0.107929 0.084836 3.155699 -0.878915355 -0.46880819 0.0879015357 0.873677 0.037434
-0.107929 0.085252 3.157892 -0.880466979 -0.465982524 0.0873967222 0.873666 0.037189
-0.107929 0.085668 3.160087 -0.882035348 -0.46311856 0.0868034787 0.873741 0.036888
-0.107929 0.086038 3.16204 -0.883346898 -0.460724461 0.0862045767 0.873726 0.036665
-0.084018 0.044408 3.176772 -0.51742373 -0.501422996 0.693431802 0.874581 0.036976
-0.079412 0.043204 3.177836 -0.137807132 -0.617831977 0.774140067 0.87449 0.036995
-0.081959 0.04442 3.177544 -0.246291997 -0.132695688 0.960068803 0.87449 0.036861
-0.081278 0.043168 3.177114 -0.26189267 -0.832576696 0.488086339 0.87449 0.036995
-0.0819 0.043156 3.175993 -0.275297686 -0.956391962 0.0975991797 0.87449 0.036995
-0.084705 0.044401 3.175635 -0.654129715 -0.724732922 0.216509835 0.874581 0.036976
-0.087024 0.047395 3.174769 -0.845315579 -0.464708565 0.263604858 0.87449 0.036995
-0.086316 0.047413 3.175906 -0.617664874 -0.185889429 0.764156544 0.87449 0.036861
-0.089996 0.052954 3.17316 -0.87790859 -0.386903786 0.28210276 0.87449 0.036861
-0.089287 0.052999 3.174286 -0.616725613 -0.101304207 0.78063242 0.874473 0.036796
-0.084191 0.047426 3.176692 -0.239794298 0.118397185 0.963577086 0.87449 0.036861
-0.087159 0.05303 3.175063 -0.231197258 0.15679814 0.960188612 0.87446 0.03674
-0.100163 0.073453 3.168352 -0.597677235 -0.0899965721 0.796669655 0.874102 0.036414
-0.091915 0.062042 3.172442 -0.227800992 0.158600691 0.960704184 0.874307 0.036509
-0.098021 0.073553 3.169098 -0.223411852 0.159708473 0.961551012 0.874099 0.036277
-0.094047 0.06198 3.171679 -0.608684777 -0.0951976191 0.7876803 0.87425 0.03656
-0.094757 0.061889 3.170571 -0.874697818 -0.38089905 0.299699252 0.874345 0.036759
-0.100878 0.073308 3.167267 -0.869068254 -0.375986265 0.321488256 0.874098 0.0366
-0.107929 0.086316 3.163512 -0.86183778 -0.372216316 0.344515102 0.873668 0.036411
-0.107207 0.086516 3.164576 -0.584616826 -0.0852024522 0.806823221 0.873678 0.036155
-0.105041 0.086653 3.165304 -0.217797769 0.160598355 0.962690137 0.873688 0.035962
-0.165909 0.257858 3.100766 0 -0.167203791 -0.985922356 0.841632 0.018121
-0.13957 0.258634 3.100693 0 0.544109302 -0.839014343 0.867301 0.021152
-0.13957 0.257863 3.100764 0 -0.166409572 -0.98605672 0.867078 0.018817
-0.165909 0.258633 3.100694 0 0.54282826 -0.839843723 0.841777 0.020643
-0.116347 0.258636 3.100693 -0.000100002391 0.546713069 -0.837320016 0.888868 0.021828
-0.116347 0.257874 3.100761 -9.99977146e-05 -0.165096227 -0.986277459 0.888581 0.019671
-0.193529 0.258633 3.100694 0 0.542293132 -0.840189359 0.813307 0.020216
-0.193529 0.257856 3.100766 0 -0.167495389 -0.985872859 0.813229 0.017486
-0.220598 0.258633 3.100694 0 0.542176977 -0.840264319 0.782904 0.019787
-0.220598 0.257856 3.100766 0 -0.167511903 -0.985870053 0.782854 0.016818
-0.193529 0.255733 3.101293 0 -0.250715734 -0.968060753 0.813194 0.016198
-0.165909 0.255739 3.101292 0 -0.250597748 -0.968091302 0.841469 0.016877
-0.193529 0.251608 3.102406 0 -0.260400207 -0.965500768 0.813223 0.017159
-0.165909 0.251621 3.102402 0 -0.260400207 -0.965500768 0.841279 0.017632
-0.220598 0.255733 3.101293 0 -0.250715734 -0.968060753 0.782899 0.015485
-0.220598 0.251608 3.102406 0 -0.260400207 -0.965500768 0.783085 0.016703
-0.13957 0.255756 3.101287 0 -0.250504026 -0.968115558 0.866774 0.017626
-0.116347 0.25579 3.101277 0 -0.250292325 -0.968170312 0.888159 0.018547
-0.13957 0.251661 3.102391 0 -0.260306984 -0.965525905 0.86635 0.018225
-0.116347 0.251742 3.102368 -0.000100005285 -0.260213753 -0.965551031 0.887534 0.019037
-0.165549 0.236518 3.106487 0 -0.263303557 -0.964713033 0.841179 0.026079
-0.13957 0.244929 3.104207 0 -0.261407712 -0.965228475 0.865768 0.021258
-0.139148 0.236591 3.106473 0.000500032691 -0.264217274 -0.964463054 0.865417 0.025666
-0.165909 0.244851 3.104229 0 -0.261102964 -0.965310956 0.841053 0.021104
-0.116347 0.245084 3.104162 0 -0.261805596 -0.96512063 0.886643 0.021727
-0.115941 0.236817 3.106422 0.000700042042 -0.266416 -0.963857886 0.885879 0.025692
-0.193529 0.244825 3.104236 -0.000100000335 -0.261500876 -0.965203233 0.813338 0.021177
-0.193241 0.23644 3.106516 -0.000500006258 -0.264403309 -0.96441207 0.813997 0.026906
-0.220598 0.244825 3.104236 -0.000100003929 -0.262110299 -0.965037917 0.783461 0.021388
-0.220393 0.236426 3.106533 -0.000599988093 -0.266694707 -0.963780874 0.784477 0.028016
-0.192375 0.227509 3.108978 -0.00200002755 -0.269803717 -0.962913264 0.815659 0.033
-0.164472 0.227714 3.108892 -0.000100002718 -0.265807223 -0.964026198 0.842043 0.031348
-0.219775 0.227453 3.109046 -0.00260002599 -0.276502764 -0.961009605 0.786583 0.035064
-0.137881 0.227682 3.108929 0.00200011788 -0.268215808 -0.963356777 0.86569 0.030391
-0.114721 0.227937 3.108908 0.00350007947 -0.274706237 -0.961521832 0.885636 0.030007
-0.165909 0.257957 3.117152 0 0.372717947 0.927944682 0.843111 0.054332
-0.193529 0.258651 3.116812 0 0.77453621 0.632529571 0.814924 0.053975
-0.193529 0.257956 3.117152 0 0.372390435 0.928076163 0.815096 0.056774
-0.165909 0.258651 3.116811 0 0.774892088 0.632093546 0.843055 0.051747
-0.220599 0.258651 3.116812 0 0.774447196 0.632638554 0.784844 0.056521
-0.220599 0.257956 3.117152 0 0.3723043 0.92811072 0.785096 0.05957
-0.13957 0.258652 3.116811 0 0.775749847 0.631040549 0.868237 0.04975
-0.13957 0.257963 3.11715 0 0.373303699 0.927709194 0.868165 0.052139
-0.116347 0.258654 3.116811 -0.000100000412 0.777403199 0.629002588 0.889468 0.047896
-0.116347 0.257973 3.117147 -0.000100002495 0.374509344 0.927223135 0.889286 0.050093
-0.13957 0.256079 3.117749 0 0.292096587 0.956388825 0.867946 0.053516
-0.165909 0.256061 3.117754 0 0.292005116 0.956416757 0.843058 0.055775
-0.13957 0.252417 3.118823 0 0.28151654 0.959556376 0.867502 0.0533
-0.165909 0.252377 3.118834 0 0.281397451 0.959591306 0.842837 0.055427
-0.116347 0.256113 3.117739 0 0.292398911 0.956296438 0.888922 0.051385
-0.116347 0.252498 3.1188 0 0.281608616 0.959529357 0.888283 0.051251
-0.193529 0.256056 3.117755 0 0.291913637 0.956444681 0.815195 0.058277
-0.220599 0.256056 3.117755 0 0.291913637 0.956444681 0.785294 0.061134
-0.193529 0.252364 3.118838 0 0.281397451 0.959591306 0.815175 0.057747
-0.220599 0.252364 3.118838 0 0.281397451 0.959591306 0.785403 0.060373
-0.16555 0.23884 3.122795 0 0.278417441 0.960460165 0.842182 0.048459
-0.193529 0.246293 3.120618 -0.000100001195 0.280303348 0.959911466 0.814993 0.054448
-0.193241 0.238764 3.122809 -0.000500005818 0.277203225 0.960811179 0.815214 0.04955
-0.165909 0.246319 3.120611 0 0.280606679 0.959822844 0.842389 0.052637
-0.220599 0.246293 3.120618 -9.99987945e-05 0.279696628 0.960088426 0.785388 0.056446
-0.220393 0.238749 3.1228 -0.000700039238 0.274615393 0.961553897 0.785837 0.050694
-0.13957 0.246397 3.120589 9.9998391e-05 0.280395488 0.959884556 0.866756 0.050912
-0.139148 0.238915 3.122766 0.000500026127 0.277414495 0.960750201 0.866161 0.04727
-0.116347 0.246553 3.120545 0.000100005598 0.279815663 0.960053741 0.887279 0.04917
-0.115941 0.23914 3.122689 0.000799978841 0.274892729 0.961474569 0.886345 0.04594
-0.137881 0.230869 3.125075 0.00210005365 0.273306982 0.961924573 0.866167 0.04329
-0.164472 0.230893 3.125097 -0.0001000083 0.275922898 0.961179767 0.842688 0.043944
-0.114721 0.231121 3.124951 0.00369987848 0.265991264 0.963968339 0.885915 0.042358
-0.192376 0.230696 3.125124 -0.00200006999 0.271509502 0.962433681 0.816403 0.044227
-0.219775 0.230638 3.125088 -0.00260011672 0.263911847 0.964543299 0.787337 0.04446
-0.083829 0.257915 3.10075 -0.000200003355 -0.160002684 -0.987116559 0.917785 0.022039
-0.072691 0.258649 3.100689 -0.000500019699 0.563622204 -0.826032542 0.927734 0.024992
-0.072691 0.257944 3.100741 -0.000300016894 -0.156008785 -0.987755622 0.927459 0.023344
-0.083829 0.258643 3.100691 -0.000300011854 0.556521989 -0.830832827 0.918087 0.02384
-0.06374 0.258655 3.100688 -0.000700030617 0.572025018 -0.820235874 0.935404 0.026118
-0.06374 0.257978 3.100732 -0.000500009073 -0.151102742 -0.988517937 0.935163 0.024592
-0.098074 0.258639 3.100692 -0.000200006216 0.55081712 -0.834625941 0.905464 0.022754
-0.098074 0.257891 3.100756 -0.000100002572 -0.163004192 -0.986625371 0.905155 0.02078
-0.098074 0.255847 3.101261 -9.9999753e-05 -0.249799383 -0.968297608 0.904671 0.019741
-0.083829 0.255924 3.101239 -0.000200010077 -0.249212556 -0.968448792 0.917282 0.021091
-0.098074 0.251875 3.10233 -0.000200006859 -0.259908914 -0.965633117 0.903928 0.02017
-0.083829 0.252056 3.102279 -0.000200003131 -0.259604064 -0.965715118 0.916477 0.021487
-0.072691 0.256018 3.101213 -0.000199991772 -0.24838978 -0.968660145 0.926961 0.022478
-0.06374 0.256127 3.101182 -0.000300003891 -0.247403209 -0.968912567 0.934678 0.023783
-0.072691 0.252276 3.102217 -0.000400009112 -0.259205905 -0.965822002 0.926129 0.02285
-0.06374 0.25253 3.102145 -0.000499992448 -0.258596094 -0.965985409 0.933827 0.024122
-0.083768 0.238058 3.106089 0.000500015476 -0.27010836 -0.9628298 0.91391 0.02698
-0.072691 0.246123 3.103868 -0.000500019586 -0.262110267 -0.965037801 0.924852 0.024917
-0.072691 0.238784 3.105886 0.000100000721 -0.270901953 -0.96260694 0.92336 0.027923
-0.083829 0.245694 3.10399 -0.000199997367 -0.262296547 -0.964987296 0.915273 0.023718
-0.06374 0.246616 3.103728 -0.000700033116 -0.261712381 -0.965145657 0.93249 0.026039
-0.06374 0.239563 3.105664 -9.99980116e-05 -0.270994611 -0.962580859 0.930915 0.02882
-0.098074 0.245344 3.104089 -0.000100001308 -0.262203428 -0.965012618 0.90284 0.022601
-0.097833 0.237354 3.106281 0.000700034761 -0.268613338 -0.963247831 0.90173 0.026184
-0.09711 0.229005 3.108651 0.00390028842 -0.282120862 -0.959370943 0.900916 0.030068
-0.083588 0.230362 3.108297 0.00330017341 -0.286915076 -0.957950337 0.912632 0.030471
-0.072691 0.231487 3.107988 0.00260006364 -0.289007074 -0.957323431 0.921882 0.031108
-0.06374 0.232551 3.107687 0.00279997921 -0.290097846 -0.956992894 0.929355 0.031753
-0.083829 0.258015 3.117136 -0.000200013644 0.379325877 0.925263119 0.917746 0.046188
-0.098074 0.258657 3.11681 -0.000199997432 0.779989985 0.625791965 0.905746 0.046098
-0.098074 0.257991 3.117142 -0.000100001539 0.376505794 0.926414258 0.905498 0.048091
-0.083829 0.258662 3.116808 -0.000299993589 0.783583255 0.621286723 0.918029 0.044401
-0.072691 0.258667 3.116807 -0.000399986975 0.788074337 0.615579954 0.927275 0.042849
-0.072691 0.258044 3.117127 -0.000300013384 0.383017087 0.923741209 0.926976 0.044439
-0.06374 0.258673 3.116805 -0.000600036639 0.793448449 0.608637165 0.934444 0.041489
-0.06374 0.258077 3.117118 -0.000400010168 0.387609853 0.921823433 0.934133 0.0429
-0.072691 0.256341 3.117674 -0.000200008384 0.294212332 0.955740061 0.926466 0.045366
-0.083829 0.256247 3.117701 -9.99990215e-05 0.293397129 0.955990646 0.917254 0.047242
-0.072691 0.253032 3.118649 -0.000299999049 0.282399105 0.959296959 0.925639 0.04524
-0.083829 0.252812 3.118711 -0.000199997119 0.282095936 0.95938618 0.916445 0.047135
-0.06374 0.256449 3.117644 -0.000300019013 0.295118702 0.955460549 0.933615 0.043712
-0.06374 0.253286 3.118577 -0.000400018925 0.282913385 0.959145378 0.932784 0.04357
-0.098074 0.25617 3.117723 -0.000100007048 0.292820636 0.956167383 0.905048 0.049271
-0.098074 0.252631 3.118762 -0.00010000702 0.281819783 0.959467352 0.904296 0.049167
-0.083768 0.240356 3.122326 0.000800058398 0.270319731 0.962770275 0.913821 0.042835
-0.098074 0.246813 3.120471 0 0.279301043 0.960203586 0.90314 0.047308
-0.097833 0.239665 3.12253 0.000900010377 0.27230314 0.962211094 0.901927 0.044423
-0.083829 0.247163 3.120372 -0.000100005958 0.279116627 0.960257204 0.915216 0.045437
-0.072691 0.247591 3.12025 -0.000200011912 0.279116623 0.96025719 0.924388 0.043668
-0.072691 0.241079 3.122119 0.000500027067 0.269314578 0.963052131 0.922939 0.041292
-0.06374 0.248085 3.120111 -0.000399990288 0.279393216 0.960176687 0.931534 0.042114
-0.06374 0.241858 3.121898 0.000500032736 0.268917605 0.963163056 0.930092 0.039936
-0.072691 0.234554 3.123894 0.00340016109 0.248811788 0.968545886 0.921516 0.03875
-0.083588 0.233447 3.124218 0.00390008851 0.25160571 0.967821965 0.912513 0.040016
-0.06374 0.235619 3.123593 0.00400021792 0.247213467 0.968952785 0.928686 0.037629
-0.097111 0.232141 3.124618 0.00439986515 0.257492108 0.966270384 0.901005 0.041243
-0.049365 0.258056 3.10071 -0.000800025281 -0.138004361 -0.990431298 0.948075 0.026624
-0.043397 0.258677 3.100681 -0.00160006098 0.605123062 -0.796130341 0.95447 0.028773
-0.043397 0.2581 3.100697 -0.00100005662 -0.128907298 -0.991656144 0.954193 0.02746
-0.049365 0.258669 3.100683 -0.00119997057 0.592485469 -0.805580243 0.948287 0.028011
-0.037882 0.258686 3.100679 -0.00190008575 0.619827973 -0.784735416 0.961126 0.029408
-0.037882 0.25815 3.100683 -0.00130007771 -0.11760703 -0.993059362 0.960694 0.028208
-0.056055 0.258662 3.100686 -0.000899981272 0.581587897 -0.813483072 0.942094 0.027125
-0.056055 0.258015 3.100721 -0.000599992557 -0.145298198 -0.989387727 0.941883 0.025677
-0.056055 0.256246 3.101148 -0.000500009168 -0.246204514 -0.969217771 0.941403 0.024888
-0.049365 0.256379 3.10111 -0.000599999217 -0.244699681 -0.969598735 0.947552 0.025843
-0.056055 0.252811 3.102065 -0.000699980632 -0.257892864 -0.966173266 0.940519 0.025167
-0.049365 0.25312 3.101977 -0.000899986419 -0.25709612 -0.966385417 0.946581 0.026053
-0.043397 0.256524 3.101069 -0.000800039583 -0.242912018 -0.970047994 0.953541 0.026698
-0.037882 0.256684 3.101024 -0.00100002314 -0.240605568 -0.97062246 0.959787 0.027505
-0.043397 0.253461 3.101881 -0.00120005748 -0.256112267 -0.966646299 0.952387 0.026853
-0.037882 0.253835 3.101775 -0.00149998928 -0.254798179 -0.966993091 0.958314 0.027636
-0.049365 0.241375 3.105151 -0.00010000343 -0.270809288 -0.962633014 0.943175 0.029989
-0.043397 0.248425 3.103215 -0.00159998149 -0.259696995 -0.965688827 0.950604 0.028289
-0.043397 0.24242 3.104855 -0.000100006138 -0.270716614 -0.96265908 0.948517 0.030427
-0.049365 0.247763 3.103403 -0.00129996608 -0.260493203 -0.965474806 0.945022 0.027644
-0.037882 0.249152 3.103009 -0.00200005575 -0.258807214 -0.965926926 0.956187 0.028937
-0.037882 0.243569 3.104529 -0.000200003842 -0.270505196 -0.962718494 0.953757 0.030875
-0.056055 0.247161 3.103574 -0.000899986347 -0.261196038 -0.965285357 0.939099 0.026921
-0.056055 0.240425 3.10542 -0.000100000721 -0.270901953 -0.96260694 0.937414 0.029481
-0.056055 0.233728 3.107353 0.00370005628 -0.291004426 -0.956714552 0.935739 0.032179
-0.049365 0.235026 3.106985 0.0050000251 -0.292001466 -0.956404801 0.941336 0.032464
-0.043397 0.236454 3.10658 0.00639999408 -0.293299729 -0.955999116 0.946448 0.032683
-0.037882 0.238023 3.106135 0.00790019869 -0.294807414 -0.955524032 0.951377 0.032916
-0.027696 0.258258 3.100697 0.0195997898 -0.0872990637 -0.995989318 0.975217 0.029519
-0.023999 0.258708 3.100835 0.0349998213 0.67389656 -0.737996233 0.981697 0.030642
-0.02363 0.258306 3.100817 0.0627012757 -0.0471009583 -0.996920283 0.981253 0.030085
-0.027789 0.258704 3.100714 0.0128001202 0.651306116 -0.758707124 0.976025 0.030317
-0.021239 0.258712 3.101074 0.0779995893 0.7217962 -0.687696379 0.985417 0.030964
-0.020566 0.258345 3.101072 0.173112218 0.0868061266 -0.981069241 0.985385 0.030607
-0.032548 0.258696 3.100676 0.00130002895 0.635114144 -0.772417202 0.96874 0.029914
-0.032548 0.258204 3.100668 0.00300015468 -0.104205372 -0.994551275 0.968033 0.028894
-0.032548 0.256859 3.100974 0.00330002736 -0.237801971 -0.971308052 0.966705 0.028314
-0.027666 0.257034 3.100971 0.0192004944 -0.234506039 -0.971925027 0.973489 0.029099
-0.032548 0.254245 3.101658 0.00270002661 -0.253202495 -0.967409534 0.964738 0.028473
-0.027666 0.254655 3.101588 0.0185001156 -0.251401571 -0.967706048 0.970976 0.029311
-0.023507 0.257193 3.101063 0.0575031254 -0.229312463 -0.971652811 0.979331 0.029833
-0.020342 0.257322 3.101301 0.160202885 -0.213503845 -0.963717357 0.983423 0.03049
-0.023507 0.255029 3.101621 0.0558009383 -0.249304192 -0.966816257 0.976348 0.0301
-0.020342 0.255331 3.101812 0.154609421 -0.245614967 -0.956958314 0.98017 0.030786
-0.027696 0.246097 3.103859 0.021401112 -0.270614061 -0.96245001 0.964423 0.031966
-0.023507 0.25147 3.102538 0.0559995492 -0.255097946 -0.96529223 0.972722 0.031103
-0.02363 0.247285 3.103662 0.0616023545 -0.273010435 -0.960036693 0.968906 0.032434
-0.027666 0.250744 3.102604 0.0179996989 -0.256095716 -0.966483831 0.967817 0.030413
-0.020342 0.252057 3.102651 0.15671089 -0.254217666 -0.954366321 0.976262 0.031671
-0.020566 0.248216 3.103673 0.163697504 -0.281195713 -0.945585585 0.972147 0.032781
-0.032548 0.249948 3.102784 0.00220016113 -0.25751886 -0.966270767 0.962115 0.029668
-0.032548 0.244826 3.104172 0.00440028 -0.270317201 -0.962761262 0.959216 0.031417
-0.032548 0.239741 3.105648 0.0145004094 -0.296808381 -0.95482696 0.956423 0.033239
-0.027789 0.241513 3.105191 0.0352017607 -0.299814996 -0.953347683 0.961208 0.033534
-0.023999 0.243245 3.104837 0.0793039141 -0.305615084 -0.948846831 0.96535 0.033684
-0.021239 0.244527 3.104731 0.174307239 -0.322913411 -0.930238634 0.968275 0.033751
-0.027697 0.258357 3.116994 0.0174009981 0.446225594 0.89475132 0.961317 0.036985
-0.023507 0.257509 3.11716 0.0564005364 0.312902976 0.948109017 0.963881 0.036556
-0.02363 0.258403 3.116848 0.0541992808 0.476893672 0.877288358 0.964415 0.036218
-0.027666 0.257355 3.117341 0.0190005753 0.308209331 0.951128796 0.960714 0.037388
-0.023507 0.255768 3.117688 0.0558015399 0.289908 0.955426365 0.96297 0.036579
-0.027666 0.255407 3.117929 0.0187995442 0.288892996 0.957176794 0.959811 0.037374
-0.020342 0.257627 3.116851 0.156105326 0.32301102 0.933431844 0.966515 0.035852
-0.020567 0.258439 3.116571 0.140605001 0.55551976 0.819529151 0.96696 0.035549
-0.020342 0.256045 3.117333 0.153607772 0.287614552 0.945347831 0.965593 0.035929
-0.032548 0.257182 3.117436 0.00340003339 0.304802993 0.952409353 0.957133 0.038302
-0.032548 0.258304 3.117054 0.00250011935 0.431220585 0.90224307 0.957749 0.037833
-0.037882 0.257007 3.117486 -0.000900006435 0.302002159 0.953306816 0.953258 0.039252
-0.037882 0.25825 3.117069 -0.00130003712 0.41891196 0.908025925 0.953856 0.03872
-0.032548 0.255001 3.11809 0.00310001672 0.287401551 0.957805167 0.956238 0.038261
-0.037882 0.254591 3.118206 -0.00110003055 0.286007944 0.958226615 0.952373 0.039188
-0.032548 0.258714 3.116794 0.000699981839 0.834778342 0.550585715 0.958195 0.037051
-0.027789 0.258723 3.116751 0.00869990391 0.845190665 0.534394098 0.961711 0.036334
-0.037882 0.258704 3.116796 -0.00149997323 0.824685279 0.565589904 0.954272 0.037821
-0.023999 0.258727 3.116627 0.0238007434 0.858526817 0.512215999 0.964591 0.035724
-0.021239 0.258732 3.116385 0.0526038118 0.884464091 0.463633596 0.966872 0.035179
-0.027697 0.248373 3.120005 0.0240006801 0.265807532 0.963727308 0.95706 0.035874
-0.032548 0.251416 3.119166 0.00309997542 0.282397761 0.959292393 0.954956 0.037517
-0.032548 0.247121 3.120406 0.00660011762 0.267204762 0.963617172 0.953511 0.036396
-0.027666 0.252204 3.118896 0.0190013237 0.28321973 0.958866797 0.95852 0.036777
-0.037882 0.25062 3.119391 -0.00109998937 0.28139728 0.959590726 0.951095 0.038295
-0.037882 0.245863 3.120763 0.00160000152 0.267700254 0.963500915 0.949649 0.036958
-0.023507 0.252906 3.118557 0.0570029594 0.282914688 0.957449707 0.961661 0.036128
-0.02363 0.249505 3.119545 0.0648988623 0.260895427 0.963183115 0.960148 0.035444
-0.020342 0.253444 3.118126 0.157907969 0.276513955 0.947947839 0.96425 0.035622
-0.020567 0.25035 3.119031 0.169310752 0.242115376 0.955360672 0.962638 0.035137
-0.023999 0.246148 3.12043 0.0862998019 0.219899495 0.97169777 0.958624 0.03477
-0.027789 0.24454 3.121019 0.04080045 0.230102538 0.972310725 0.955649 0.034948
-0.021239 0.247291 3.119852 0.185309011 0.187909137 0.964546902 0.960909 0.034676
-0.032548 0.242809 3.121554 0.0192001662 0.235402037 0.97170841 0.952131 0.03523
-0.037882 0.241091 3.122041 0.0118002663 0.239105397 0.970921914 0.948261 0.03556
-0.049365 0.258155 3.117096 -0.000800042843 0.399921416 0.916549083 0.9453 0.040549
-0.056055 0.25868 3.116803 -0.00080001558 0.799615573 0.600511695 0.940492 0.040366
-0.056055 0.258114 3.117107 -0.000599997534 0.393098384 0.919496221 0.940162 0.041625
-0.049365 0.258687 3.116801 -0.00100003565 0.80672876 0.590921067 0.945656 0.039419
-0.043397 0.258695 3.116799 -0.00120004152 0.8150282 0.579420048 0.950171 0.03859
-0.043397 0.2582 3.117083 -0.00100004314 0.408317613 0.912839376 0.949785 0.039602
-0.043398 0.256847 3.117531 -0.000700043176 0.29961848 0.954058843 0.949209 0.040194
-0.049365 0.256701 3.117572 -0.000500013438 0.297808004 0.954625656 0.944746 0.041201
-0.043397 0.254217 3.118312 -0.000900049023 0.284915518 0.958552209 0.948338 0.040101
-0.049365 0.253876 3.118409 -0.000699996241 0.284098474 0.958794851 0.943891 0.041081
-0.056055 0.256569 3.11761 -0.000299998532 0.29629855 0.955095325 0.939628 0.042349
-0.056055 0.253567 3.118497 -0.000500000798 0.283400452 0.95900153 0.938787 0.04221
-0.049365 0.243669 3.121385 0.000900006183 0.268401844 0.963306618 0.941187 0.038129
-0.056055 0.24863 3.119956 -0.000499993913 0.279696595 0.960088311 0.937532 0.040884
-0.056055 0.242719 3.121654 0.000700015954 0.268706124 0.963221952 0.936092 0.03891
-0.049365 0.249231 3.119785 -0.000700027813 0.280211133 0.959938139 0.942629 0.039894
-0.043397 0.249893 3.119598 -0.000899995797 0.280698689 0.959795518 0.947068 0.039059
-0.043397 0.244715 3.121088 0.00129998774 0.268097472 0.963390915 0.945624 0.037507
-0.043397 0.239522 3.122486 0.00930073586 0.241819132 0.970276767 0.944232 0.035882
-0.049365 0.238093 3.122891 0.00720033868 0.244011477 0.969745613 0.939794 0.036278
-0.056055 0.236796 3.123259 0.00540002892 0.245801316 0.969305191 0.934695 0.036832
-0.017802 0.258388 3.102204 0.671337237 0.542730103 -0.504727996 0.986297 0.031557
-0.018444 0.258731 3.103158 0.19411088 0.98035495 -0.0350019619 0.984222 0.032147
-0.017494 0.258399 3.103244 0.735399037 0.666099127 -0.124499837 0.984335 0.03198
-0.018725 0.258728 3.10213 0.223102792 0.949411882 -0.221002766 0.986338 0.031769
-0.018444 0.258733 3.104612 0.17369938 0.984796484 -0.0020999925 0.981415 0.032473
-0.017494 0.258407 3.104698 0.703239843 0.710940279 -0.00420023797 0.981741 0.032374
-0.019569 0.25872 3.101471 0.163103339 0.824916886 -0.541211079 0.98685 0.031357
-0.018725 0.258371 3.101507 0.408226634 0.35682328 -0.84025482 0.986857 0.031098
-0.018444 0.257405 3.101736 0.436022866 -0.149407835 -0.887446539 0.98496 0.031044
-0.017494 0.257456 3.102439 0.828619058 0 -0.559812876 0.98459 0.031526
-0.018444 0.255526 3.102218 0.417215767 -0.22570853 -0.880333268 0.981762 0.031318
-0.017494 0.255645 3.102905 0.81424086 -0.144607257 -0.562228213 0.981672 0.031754
-0.017178 0.257489 3.103481 0.981020229 0.127602631 -0.146003011 0.982965 0.03197
-0.017178 0.257518 3.104933 0.985423645 0.170104082 -0.00220005279 0.980734 0.032406
-0.017178 0.255722 3.10394 0.988766971 -0.0374025334 -0.144709802 0.980448 0.032151
-0.017178 0.255789 3.105389 1 0 0 0.97864 0.032567
-0.017802 0.248971 3.104631 0.816051996 -0.261116638 -0.515632855 0.97382 0.033046
-0.017178 0.252817 3.104695 0.987686558 -0.0767989548 -0.136298145 0.977121 0.032556
-0.017494 0.24917 3.105647 0.976717102 -0.184003222 -0.110301931 0.973205 0.033087
-0.017494 0.252667 3.103671 0.817830632 -0.174006518 -0.548520545 0.977996 0.032315
-0.017178 0.252946 3.10614 0.999067416 -0.0428986009 0.00489984019 0.975708 0.032853
-0.017494 0.249375 3.107087 0.987417552 -0.156302778 0.0240004266 0.972145 0.033208
-0.018444 0.252435 3.103009 0.423812611 -0.242707222 -0.872625965 0.977864 0.032048
-0.018725 0.248716 3.103984 0.431603798 -0.294002587 -0.852807505 0.973626 0.032964
-0.019569 0.244951 3.105017 0.429004871 -0.372304228 -0.823009345 0.969403 0.033781
-0.018725 0.245006 3.105679 0.791103524 -0.398801777 -0.463802066 0.969403 0.033781
-0.018444 0.24518 3.106697 0.935879888 -0.346892545 -0.0615986763 0.96892 0.033644
-0.018444 0.245459 3.108131 0.94369807 -0.324399337 0.0647998675 0.968163 0.033577
-0.017494 0.258432 3.10881 0.689331293 0.724432886 -0.00440019975 0.977016 0.033104
-0.018444 0.25874 3.110903 0.158703857 0.987323997 -0.00210005104 0.974431 0.033183
-0.017494 0.258446 3.110987 0.681398699 0.731898602 -0.00449999141 0.974975 0.033452
-0.018444 0.258737 3.108726 0.163912082 0.986472716 -0.00210015481 0.97649 0.032957
-0.018444 0.258742 3.112839 0.153995225 0.98806936 -0.00209993488 0.972682 0.033444
-0.017494 0.258457 3.112922 0.674113139 0.738614396 -0.00450008771 0.973207 0.033799
-0.018444 0.258735 3.106548 0.169196581 0.985580087 -0.00209995757 0.978827 0.032732
-0.017494 0.258419 3.106633 0.696877721 0.717177072 -0.00429986254 0.979287 0.032747
-0.017178 0.257556 3.106867 0.984618664 0.174703312 -0.0022000417 0.978548 0.032868
-0.017178 0.257598 3.109041 0.983626416 0.180204839 -0.00230006177 0.976465 0.033333
-0.017178 0.255878 3.10732 1 0 0 0.976797 0.03306
-0.017178 0.255978 3.10949 1 0 0 0.974985 0.033582
-0.017178 0.257641 3.111216 0.982563466 0.185912008 -0.00240015503 0.974545 0.033783
-0.017178 0.257679 3.11315 0.98152763 0.191305385 -0.00240006756 0.972846 0.034195
-0.017178 0.256078 3.111661 1 0 0 0.973269 0.034086
-0.017178 0.256166 3.113591 1 0 0 0.971718 0.034525
-0.017494 0.249954 3.111161 0.986018646 -0.164703115 0.0253004784 0.969833 0.033953
-0.017178 0.253507 3.112393 0.998885027 -0.046899297 0.00539991906 0.971275 0.034275
-0.017494 0.25026 3.113317 0.985184976 -0.169497415 0.026099602 0.968684 0.034381
-0.017178 0.253313 3.110229 0.998955239 -0.0454025106 0.00520028756 0.972721 0.033785
-0.017178 0.253679 3.114317 0.998817135 -0.0483008286 0.00560009607 0.969943 0.034681
-0.017494 0.250533 3.115235 0.984384127 -0.173997194 0.0266995695 0.967611 0.034717
-0.017178 0.253119 3.108065 0.999018477 -0.0440008138 0.00510009433 0.97422 0.033287
-0.017494 0.249647 3.109004 0.986778567 -0.160196521 0.0245994657 0.971004 0.033529
-0.018444 0.245831 3.110042 0.941495999 -0.330498595 0.0659997195 0.967335 0.033766
-0.018444 0.24625 3.11219 0.938833099 -0.337711906 0.0674023763 0.966475 0.034092
-0.018444 0.246669 3.114339 0.935952363 -0.345319319 0.0689038549 0.965621 0.034438
-0.018444 0.247041 3.11625 0.933283285 -0.352193692 0.070298741 0.96481 0.034686
-0.017802 0.258468 3.115419 0.573632509 0.724941084 0.38132161 0.970392 0.034541
-0.019569 0.258738 3.115985 0.109106155 0.931452545 0.347119582 0.968591 0.034653
-0.018725 0.25846 3.116123 0.322889096 0.671677318 0.666777483 0.968873 0.034999
-0.018725 0.258743 3.115323 0.162202605 0.976015675 0.145202332 0.969979 0.034176
-0.018444 0.258744 3.114293 0.160401793 0.986811033 0.0218002437 0.97127 0.033774
-0.017494 0.258466 3.114376 0.673900977 0.734201065 0.0825001196 0.971758 0.034152
-0.017178 0.257707 3.114602 0.964840403 0.226109469 0.134005612 0.971427 0.034551
-0.017494 0.257715 3.11565 0.796920868 0.302107911 0.523113698 0.970054 0.034907
-0.017178 0.256233 3.115041 0.988572217 0.0432987831 0.144395942 0.970397 0.034851
-0.017494 0.256252 3.116092 0.812363168 0.168613111 0.558243408 0.969084 0.035142
-0.018444 0.257692 3.116374 0.417608937 0.337007212 0.843818058 0.968495 0.035322
-0.018444 0.256198 3.116829 0.414605825 0.264503716 0.870712234 0.967556 0.035476
-0.017802 0.250824 3.117723 0.829239788 0.00860041266 0.558826813 0.965656 0.034918
-0.018444 0.253741 3.117576 0.427113587 0.239407616 0.871927736 0.966158 0.035313
-0.018725 0.250742 3.118466 0.444723433 0.170208969 0.879346334 0.964394 0.034985
-0.017494 0.253846 3.116819 0.822512872 0.123801938 0.555108688 0.967599 0.035112
-0.017178 0.253809 3.115762 0.989148128 -0.00580028222 0.146807143 0.96879 0.03493
-0.017494 0.250737 3.116674 0.978029845 -0.134104092 0.15960487 0.966665 0.034862
-0.018444 0.247321 3.117684 0.928898797 -0.317699589 0.190299754 0.964082 0.034718
-0.018725 0.247513 3.118698 0.803981102 -0.160496228 0.572586542 0.963307 0.034661
-0.019569 0.247624 3.119348 0.449540688 0.0665060194 0.890780624 0.96236 0.034643
-0.424217 0.257856 3.100766 0 -0.167511903 -0.985870053 0.36274 0.027358
-0.375134 0.258633 3.100694 0 0.54210637 -0.840309874 0.473055 0.027235
-0.375134 0.257856 3.100766 0 -0.167511903 -0.985870053 0.472964 0.022531
-0.424217 0.258633 3.100694 0 0.542176977 -0.840264319 0.36269 0.032424
-0.332506 0.258633 3.100694 0 0.542176977 -0.840264319 0.580075 0.02265
-0.332506 0.257856 3.100766 0 -0.167511903 -0.985870053 0.579883 0.018347
-0.477605 0.258633 3.100694 0 0.542176977 -0.840264319 0.275365 0.036729
-0.477605 0.257856 3.100766 0 -0.167511903 -0.985870053 0.275543 0.031397
-0.477605 0.255733 3.101293 0 -0.250715734 -0.968060753 0.275722 0.029279
-0.424217 0.255733 3.101293 0 -0.250715734 -0.968060753 0.362827 0.02537
-0.477605 0.251608 3.102406 0 -0.260400207 -0.965500768 0.275926 0.032164
-0.424217 0.251608 3.102406 0 -0.260400207 -0.965500768 0.36299 0.028178
-0.375134 0.255733 3.101293 0 -0.250715734 -0.968060753 0.472952 0.02071
-0.332506 0.255733 3.101293 0 -0.250715734 -0.968060753 0.57981 0.016689
-0.375134 0.251608 3.102406 0 -0.260400207 -0.965500768 0.473078 0.023379
-0.332506 0.251608 3.102406 0 -0.260400207 -0.965500768 0.579926 0.019151
-0.424217 0.236734 3.106467 0 -0.271206009 -0.962521325 0.363484 0.050172
-0.375134 0.244825 3.104236 0 -0.263092022 -0.964770744 0.473398 0.032145
-0.375134 0.236734 3.106467 0 -0.271113358 -0.962547426 0.473746 0.04405
-0.424217 0.244825 3.104236 0 -0.263092022 -0.964770744 0.363268 0.037497
-0.332506 0.244825 3.104236 0 -0.263092022 -0.964770744 0.580305 0.027211
-0.332506 0.236734 3.106467 0 -0.271113358 -0.962547426 0.580788 0.038152
-0.477605 0.244825 3.104236 0 -0.263092022 -0.964770744 0.276178 0.041845
-0.477605 0.236734 3.106467 0 -0.271206009 -0.962521325 0.276295 0.055033
-0.477605 0.228686 3.108783 0 -0.287705671 -0.957718877 0.276095 0.068437
-0.424217 0.228686 3.108783 0 -0.287705671 -0.957718877 0.363465 0.063045
-0.375134 0.228686 3.108783 0 -0.287705671 -0.957718877 0.473955 0.056134
-0.332506 0.228686 3.108783 0 -0.287705671 -0.957718877 0.581219 0.049262
-0.270329 0.257856 3.100766 0 -0.167511903 -0.985870053 0.711987 0.015641
-0.245282 0.258633 3.100694 0 0.54210637 -0.840309874 0.751581 0.019271
-0.245282 0.257856 3.100766 0 -0.167511903 -0.985870053 0.751494 0.016019
-0.270329 0.258633 3.100694 0 0.54210637 -0.840309874 0.712137 0.019213
-0.298488 0.258633 3.100694 0 0.542222535 -0.840234921 0.657369 0.020158
-0.298488 0.257856 3.100766 0 -0.167511903 -0.985870053 0.65717 0.016233
-0.298488 0.255733 3.101293 0 -0.250715734 -0.968060753 0.657111 0.014697
-0.270329 0.255733 3.101293 0 -0.250715734 -0.968060753 0.711979 0.014193
-0.298488 0.251608 3.102406 0 -0.260400207 -0.965500768 0.657269 0.01688
-0.270329 0.251608 3.102406 0 -0.260400207 -0.965500768 0.712189 0.016054
-0.245282 0.255733 3.101293 0 -0.250715734 -0.968060753 0.751534 0.014636
-0.245282 0.251608 3.102406 0 -0.260400207 -0.965500768 0.751768 0.016165
-0.270303 0.236687 3.106477 -0.000299993097 -0.270293781 -0.962777847 0.713436 0.031125
-0.245282 0.244825 3.104236 -0.000100000461 -0.262601211 -0.964904448 0.75226 0.021651
-0.245175 0.236546 3.10651 -0.000499998018 -0.268798934 -0.963196181 0.753222 0.029283
-0.270329 0.244825 3.104236 0 -0.262905856 -0.964821492 0.712695 0.02241
-0.298488 0.244825 3.104236 0 -0.263092022 -0.964770744 0.657723 0.024115
-0.298488 0.236734 3.106467 -9.99980116e-05 -0.270994611 -0.962580859 0.658322 0.033963
-0.298488 0.228686 3.108783 -0.000200002036 -0.287402926 -0.957809751 0.658912 0.043985
-0.270222 0.228498 3.108825 -0.000899999433 -0.28609982 -0.958199396 0.714353 0.040063
-0.244854 0.227935 3.108954 -0.00200012512 -0.282517673 -0.959260008 0.754862 0.037254
-0.270329 0.257956 3.117152 0 0.3723043 0.92811072 0.714496 0.067012
-0.298488 0.258651 3.116812 0 0.774447196 0.632638554 0.658713 0.068568
-0.298488 0.257956 3.117152 0 0.3723043 0.92811072 0.658765 0.072621
-0.270329 0.258651 3.116812 0 0.774447196 0.632638554 0.714293 0.063326
-0.332507 0.258651 3.116812 0 0.774447196 0.632638554 0.579526 0.075694
-0.332507 0.257956 3.117152 0 0.3723043 0.92811072 0.579327 0.080131
-0.245282 0.258651 3.116812 0 0.774447196 0.632638554 0.753819 0.059474
-0.245282 0.257956 3.117152 0 0.3723043 0.92811072 0.754084 0.062822
-0.245282 0.256056 3.117755 0 0.291913637 0.956444681 0.754293 0.06446
-0.270329 0.256056 3.117755 0 0.291913637 0.956444681 0.714617 0.068738
-0.245282 0.252364 3.118838 0 0.281397451 0.959591306 0.754408 0.06342
-0.270329 0.252364 3.118838 0 0.281397451 0.959591306 0.714609 0.067396
-0.298488 0.256056 3.117755 0 0.291913637 0.956444681 0.658693 0.074453
-0.332507 0.256056 3.117755 0 0.291913637 0.956444681 0.578945 0.08209
-0.298488 0.252364 3.118838 0 0.281397451 0.959591306 0.658427 0.072811
-0.332507 0.252364 3.118838 0 0.281397451 0.959591306 0.578283 0.080176
-0.270303 0.238986 3.122715 -0.000300005756 0.27050519 0.96271847 0.714231 0.054155
-0.298488 0.246293 3.120618 0 0.278509691 0.960433419 0.657899 0.066442
-0.298488 0.239028 3.1227 -0.000100004275 0.269711529 0.962941162 0.657269 0.057618
-0.270329 0.246293 3.120618 0 0.278694168 0.960379904 0.714422 0.061878
-0.332507 0.246293 3.120618 0 0.278509691 0.960433419 0.577244 0.07299
-0.332507 0.239028 3.1227 0 0.269500101 0.963000361 0.576087 0.063078
-0.245282 0.246293 3.120618 -9.99963547e-05 0.279089826 0.960264994 0.754391 0.058734
-0.245175 0.238858 3.122758 -0.000500019519 0.272210626 0.962237562 0.754631 0.052038
-0.244855 0.231072 3.124921 -0.00199996663 0.25709571 0.966383876 0.755516 0.044966
-0.270222 0.231583 3.124747 -0.00099999217 0.25289802 0.967492425 0.714211 0.046199
-0.298488 0.231753 3.124688 -0.000199996759 0.251395926 0.967884316 0.656694 0.048615
-0.332507 0.231753 3.124688 0 0.250996863 0.9679879 0.575074 0.052989
-0.424217 0.257956 3.117152 0 0.3723043 0.92811072 0.354154 0.100019
-0.477605 0.258651 3.116812 0 0.774487217 0.632589559 0.2647 0.102419
-0.477605 0.257956 3.117152 0 0.3723043 0.92811072 0.263459 0.107839
-0.424217 0.258651 3.116812 0 0.774487217 0.632589559 0.355092 0.094847
-0.375134 0.258651 3.116812 0 0.774487217 0.632589559 0.469176 0.085196
-0.375134 0.257956 3.117152 0 0.3723043 0.92811072 0.468616 0.090023
-0.375134 0.256056 3.117755 0 0.291913637 0.956444681 0.467801 0.092134
-0.424217 0.256056 3.117755 0 0.291913637 0.956444681 0.352888 0.102276
-0.375134 0.252364 3.118838 0 0.281397451 0.959591306 0.466597 0.089999
-0.424217 0.252364 3.118838 0 0.281397451 0.959591306 0.35113 0.099977
-0.477605 0.256056 3.117755 0 0.291913637 0.956444681 0.261838 0.110207
-0.477605 0.252364 3.118838 0 0.281397451 0.959591306 0.259642 0.107807
-0.424217 0.239028 3.1227 0 0.269500101 0.963000361 0.346171 0.079776
-0.477605 0.246293 3.120618 0 0.278509691 0.960433419 0.256679 0.098921
-0.477605 0.239028 3.1227 0 0.269500101 0.963000361 0.253594 0.086666
-0.424217 0.246293 3.120618 0 0.278509691 0.960433419 0.348713 0.091482
-0.375134 0.246293 3.120618 0 0.278509691 0.960433419 0.464875 0.082087
-0.375134 0.239028 3.1227 0 0.269500101 0.963000361 0.463028 0.071189
-0.375134 0.231753 3.124688 0 0.250996863 0.9679879 0.461456 0.060093
-0.424217 0.231753 3.124688 0 0.250996863 0.9679879 0.344041 0.067845
-0.477605 0.231753 3.124688 0 0.250996863 0.9679879 0.251031 0.074163
-0.153376 0.213062 2.782673 -0.000299997639 0.27059787 -0.962692424 0.852292 0.038204
-0.181476 0.217825 2.784104 -0.00830038008 0.253711618 -0.967244291 0.828892 0.038207
-0.158342 0.218013 2.78408 -0.000400002854 0.270901933 -0.962606868 0.847915 0.038607
-0.172212 0.212996 2.782746 -0.0108999505 0.253798846 -0.967195604 0.838823 0.037928
-0.200509 0.217307 2.784225 -0.0244009628 0.196307745 -0.980238676 0.812925 0.037897
-0.187848 0.21281 2.782978 -0.0327013612 0.201508388 -0.978940749 0.827558 0.037862
-0.189074 0.22331 2.78565 -0.00489999679 0.261099829 -0.965299368 0.820361 0.039953
-0.162221 0.223582 2.785672 -0.000300000111 0.273400101 -0.961900356 0.844425 0.040268
-0.218056 0.222421 2.7856 -0.0139999185 0.209098782 -0.977794304 0.79158 0.038932
-0.163914 0.207582 2.781215 -0.0129999669 0.257099344 -0.966297536 0.846979 0.038055
-0.147863 0.207607 2.781126 0 0.271906675 -0.962323625 0.856689 0.038301
-0.156322 0.200624 2.779242 -0.0146994598 0.260490427 -0.965364524 0.853557 0.038088
-0.142087 0.200649 2.779153 0.000200010731 0.272514621 -0.962151621 0.860683 0.038352
-0.17729 0.207505 2.781484 -0.0385017012 0.217309602 -0.975343096 0.838871 0.038024
-0.168185 0.200548 2.779511 -0.0434023861 0.230712684 -0.97205344 0.847605 0.038001
-0.131812 0.207582 2.781215 0.0130002752 0.277905883 -0.960520334 0.86641 0.038635
-0.134708 0.213019 2.782753 0.0104000194 0.273900512 -0.961701798 0.865445 0.038497
-0.118435 0.207505 2.781484 0.0381997651 0.280498275 -0.959094102 0.874545 0.03893
-0.119321 0.212854 2.78299 0.0322007741 0.268206448 -0.962823147 0.876187 0.038732
-0.127851 0.200624 2.779242 0.0149998088 0.279296439 -0.960087759 0.867824 0.038676
-0.115988 0.200548 2.779511 0.0440033118 0.285821512 -0.957272047 0.873825 0.038945
-0.135881 0.217915 2.784129 0.00789975645 0.269491692 -0.962970312 0.865664 0.038727
-0.136536 0.223467 2.785695 0.00490020704 0.269311379 -0.963040689 0.866195 0.040074
-0.11784 0.217484 2.784275 0.0265002007 0.252601913 -0.967207327 0.879512 0.038671
-0.111897 0.222891 2.785734 0.0198006656 0.237307977 -0.971232649 0.886491 0.039154
-0.153376 0.208592 2.798673 -0.000299996135 -0.273796472 0.961787607 0.852144 0.03758
-0.135881 0.213647 2.800018 0.0077998761 -0.273695652 0.961784722 0.865501 0.03595
-0.158342 0.213728 2.800117 -0.000400004742 -0.272303228 0.962211407 0.847715 0.037324
-0.134708 0.20859 2.798581 0.0104000759 -0.270701975 0.962607022 0.865307 0.036348
-0.117839 0.213298 2.799654 0.0262009431 -0.290110443 0.956634435 0.879395 0.035072
-0.119321 0.20856 2.798288 0.0320997756 -0.27609807 0.960593285 0.876059 0.035358
-0.136536 0.219576 2.801688 0.00469994409 -0.272696756 0.962088556 0.865935 0.034223
-0.162221 0.219698 2.801776 -0.000300006897 -0.268706178 0.963222145 0.844078 0.035549
-0.111897 0.218966 2.80132 0.0190004248 -0.302306758 0.953021305 0.886376 0.033838
-0.131811 0.2031 2.797023 0.0129003357 -0.267306957 0.963525076 0.866274 0.036194
-0.147863 0.203074 2.797112 0 -0.273400113 0.961900399 0.856558 0.037224
-0.127851 0.196142 2.79505 0.0150000159 -0.266200282 0.963801022 0.867697 0.036054
-0.142087 0.196116 2.79514 0.000200002696 -0.27300368 0.962012968 0.860567 0.036891
-0.118435 0.203176 2.796754 0.038201061 -0.264507347 0.963626765 0.874405 0.035315
-0.115988 0.196218 2.794781 0.0440020274 -0.259111939 0.964844456 0.873689 0.035356
-0.163914 0.2031 2.797023 -0.0130005249 -0.288011629 0.957538661 0.846848 0.038166
-0.172212 0.208568 2.798574 -0.0109007678 -0.290320448 0.956867395 0.838672 0.038837
-0.17729 0.203176 2.796754 -0.0384992075 -0.326593277 0.94438056 0.838672 0.038837
-0.187848 0.208516 2.798276 -0.0326015822 -0.340316516 0.939745607 0.827406 0.039738
-0.156322 0.196142 2.79505 -0.0147002084 -0.28500404 0.958413586 0.85345 0.037665
-0.168185 0.196218 2.794781 -0.0433998644 -0.313799019 0.948497036 0.847501 0.038179
-0.181475 0.213556 2.799992 -0.00830042491 -0.288814785 0.957349008 0.828696 0.039147
-0.189073 0.219419 2.801643 -0.00480027108 -0.280115819 0.95995421 0.819999 0.037676
-0.200509 0.213121 2.799604 -0.0240010753 -0.342415341 0.939242079 0.812757 0.040711
-0.218056 0.218496 2.801187 -0.0135007484 -0.32721814 0.944852379 0.791346 0.041092
-0.130533 0.179858 2.773258 0 0.272514626 -0.96215164 0.866321 0.036941
-0.149177 0.191166 2.776561 -0.0164007439 0.262311897 -0.964843762 0.858755 0.037523
-0.136332 0.191191 2.776471 0 0.272514626 -0.96215164 0.863847 0.03781
-0.142328 0.179833 2.773347 -0.0180000111 0.263100162 -0.964600593 0.862788 0.036631
-0.15988 0.19109 2.776829 -0.0485013615 0.238106684 -0.970027229 0.8545 0.037409
-0.152157 0.179756 2.773616 -0.0530985512 0.241393414 -0.968973562 0.859835 0.036511
-0.135627 0.167249 2.76978 -0.0194008648 0.263211733 -0.964542995 0.865871 0.035682
-0.124624 0.167275 2.76969 0 0.272514626 -0.96215164 0.868242 0.036006
-0.128923 0.154041 2.766035 -0.0206996549 0.262595623 -0.964683919 0.868221 0.034947
-0.118538 0.154067 2.765945 -0.000100005367 0.272514625 -0.962151635 0.869748 0.035272
-0.144795 0.167173 2.770049 -0.0572021471 0.242209091 -0.968536355 0.863891 0.03557
-0.137577 0.153965 2.766304 -0.0609022053 0.240908723 -0.968635075 0.866946 0.034848
-0.113621 0.167249 2.76978 0.0193011912 0.279817269 -0.95985924 0.870624 0.03643
-0.118739 0.179833 2.773347 0.0180006076 0.279309428 -0.960032406 0.86987 0.037327
-0.104452 0.167173 2.770049 0.0568982917 0.291191257 -0.954971327 0.872636 0.036839
-0.10891 0.179756 2.773616 0.0530015516 0.289108464 -0.955827982 0.872867 0.037677
-0.108153 0.154041 2.766035 0.0204001563 0.280602149 -0.959607351 0.871281 0.035713
-0.099499 0.153965 2.766304 0.0602000081 0.29370004 -0.954000129 0.872573 0.036159
-0.123488 0.191166 2.776561 0.0165003212 0.279105433 -0.960118689 0.868957 0.038158
-0.112784 0.19109 2.776829 0.0487000843 0.287300497 -0.956601655 0.873265 0.038453
-0.105657 0.127589 2.758431 -0.00010000419 0.273611463 -0.961840297 0.871956 0.03507
-0.122068 0.140833 2.76229 -0.021799312 0.262191725 -0.964769552 0.870051 0.034694
-0.11221 0.140858 2.762201 -9.99971871e-05 0.272792326 -0.962072937 0.870976 0.035001
-0.11508 0.127564 2.758521 -0.0227997755 0.262397417 -0.964690503 0.87144 0.034796
-0.130284 0.140757 2.762559 -0.0641017071 0.239306373 -0.9688258 0.869281 0.034607
-0.122932 0.127489 2.75879 -0.067001853 0.238506596 -0.968826793 0.871009 0.034717
-0.107975 0.114175 2.754703 -0.0237017699 0.263119648 -0.96447202 0.872461 0.035123
-0.098897 0.114199 2.754612 -0.000100000135 0.274800371 -0.961501298 0.872718 0.035357
-0.100773 0.100605 2.750811 -0.0245000439 0.264400473 -0.964101726 0.87319 0.035545
-0.091948 0.100626 2.750719 0 0.276503698 -0.961012854 0.873293 0.035739
-0.11554 0.114104 2.754974 -0.0698020854 0.238507126 -0.968628938 0.872244 0.035051
-0.108127 0.10054 2.751086 -0.072204023 0.239313334 -0.968253948 0.873103 0.03548
-0.089818 0.114175 2.754703 0.0235011287 0.285313703 -0.958146016 0.872976 0.035679
-0.096234 0.127564 2.758521 0.0226014088 0.28331766 -0.958759761 0.872473 0.03545
-0.082253 0.114104 2.754974 0.0692012761 0.303805602 -0.950217522 0.873192 0.036013
-0.088381 0.127489 2.75879 0.0665035068 0.300215831 -0.951550177 0.872907 0.035845
-0.083123 0.100605 2.750811 0.0243016829 0.287519911 -0.957466307 0.873395 0.036
-0.075769 0.10054 2.751086 0.071503935 0.307516923 -0.948852217 0.873482 0.036266
-0.102351 0.140833 2.76229 0.021501271 0.281716653 -0.959256703 0.871903 0.035424
-0.094136 0.140757 2.762559 0.0635015771 0.296807371 -0.952823664 0.872682 0.035861
-0.130533 0.175325 2.789245 0 -0.273003686 0.962012987 0.866328 0.03791
-0.123487 0.186684 2.792368 0.0166003137 -0.266405034 0.96371821 0.868875 0.036497
-0.136332 0.186658 2.792458 0 -0.273003686 0.962012987 0.863783 0.037211
-0.118738 0.175351 2.789155 0.0180013421 -0.26611984 0.963771852 0.86987 0.037327
-0.112784 0.18676 2.7921 0.0487023636 -0.257512497 0.965046835 0.873168 0.035893
-0.10891 0.175427 2.788887 0.0530014721 -0.2556071 0.965326812 0.872829 0.036704
-0.113621 0.162768 2.785588 0.0192998161 -0.265597469 0.963890814 0.870674 0.038119
-0.124624 0.162742 2.785677 0 -0.273003686 0.962012987 0.86832 0.038714
-0.108153 0.149559 2.781843 0.020401722 -0.264822352 0.964081372 0.871385 0.038794
-0.118538 0.149534 2.781932 -0.00010000135 -0.273003684 0.962012982 0.869881 0.039347
-0.104452 0.162844 2.785319 0.0569007115 -0.253303168 0.965712076 0.872659 0.037566
-0.099499 0.149636 2.781574 0.0602009981 -0.250604155 0.96621602 0.872646 0.038254
-0.135626 0.162768 2.785588 -0.0194011058 -0.282216085 0.959154669 0.865971 0.039209
-0.142328 0.175351 2.789155 -0.0180009892 -0.282315514 0.959152707 0.862814 0.038473
-0.144795 0.162844 2.785319 -0.0572031892 -0.302116843 0.951553051 0.863999 0.039463
-0.152157 0.175427 2.788887 -0.053098899 -0.303093715 0.951480271 0.859869 0.038805
-0.128923 0.149559 2.781843 -0.0206997021 -0.282695932 0.9589862 0.868376 0.039783
-0.137577 0.149636 2.781574 -0.0609027252 -0.303313572 0.950942551 0.867109 0.039974
-0.149176 0.186684 2.792368 -0.0164007891 -0.283113621 0.958946136 0.858706 0.037863
-0.15988 0.18676 2.7921 -0.0484984553 -0.306390242 0.950669722 0.854458 0.038282
-0.105657 0.123128 2.774443 -0.000100000041 -0.273400112 0.961900394 0.872108 0.039397
-0.102351 0.136351 2.778098 0.0214996481 -0.263995678 0.964284215 0.872029 0.039042
-0.11221 0.136326 2.778188 -9.9998619e-05 -0.273096229 0.961986715 0.871131 0.039534
-0.096234 0.123153 2.774353 0.0225011195 -0.2633131 0.964447982 0.872599 0.038977
-0.094136 0.136427 2.777829 0.0634036858 -0.2477144 0.966756199 0.872778 0.038547
-0.088381 0.123228 2.774084 0.0664029948 -0.24501105 0.967243624 0.873005 0.038547
-0.089818 0.109973 2.770607 0.0234008867 -0.262909962 0.964536547 0.873086 0.038713
-0.098897 0.10995 2.770697 -9.99987155e-05 -0.273796483 0.961787646 0.87285 0.039059
-0.083123 0.096823 2.766861 0.024101146 -0.262812497 0.964545865 0.87348 0.038366
-0.091948 0.096802 2.766952 -9.9998759e-05 -0.274496594 0.961588067 0.873396 0.03864
-0.082253 0.110045 2.770337 0.0690991587 -0.242497048 0.967688218 0.873278 0.03836
-0.075769 0.096887 2.766587 0.0713035706 -0.240412039 0.968048476 0.873548 0.038088
-0.107975 0.109973 2.770607 -0.0237012675 -0.285615274 0.958051233 0.872609 0.039317
-0.115079 0.123153 2.774353 -0.0228001066 -0.28450133 0.958404481 0.871611 0.039712
-0.11554 0.110045 2.770337 -0.0694991205 -0.309096088 0.948487997 0.872398 0.039408
-0.122932 0.123228 2.774084 -0.0669989505 -0.307195188 0.94928513 0.871185 0.039826
-0.100773 0.096823 2.766861 -0.0242995867 -0.286795122 0.95768371 0.873307 0.038848
-0.108127 0.096887 2.766587 -0.0714038538 -0.310916781 0.947751151 0.873224 0.038924
-0.122068 0.136351 2.778098 -0.0218005104 -0.283506637 0.958722444 0.870228 0.039909
-0.130284 0.136427 2.777829 -0.0641017353 -0.305208262 0.95012572 0.869463 0.040055
-0.165909 0.258798 2.79755 0 0.999805934 -0.0197001169 0.842768 0.043082
-0.13957 0.258775 2.79683 0 0.997917633 -0.0645011397 0.868243 0.04425
-0.165909 0.258774 2.79683 0 0.997891807 -0.0648994672 0.842854 0.045754
-0.13957 0.258798 2.797551 0 0.999809853 -0.0195001922 0.86825 0.041798
-0.116347 0.258775 2.79683 0 0.997969218 -0.0636980353 0.889654 0.042868
-0.116347 0.258798 2.797551 0 0.999813733 -0.0193002651 0.889743 0.040631
-0.13957 0.258729 2.79636 0 0.98474427 -0.174007823 0.868238 0.046927
-0.165909 0.258728 2.79636 0 0.984549101 -0.175108733 0.84295 0.048671
-0.116347 0.25873 2.79636 -9.9999699e-05 0.985097035 -0.171999482 0.88956 0.045314
-0.13957 0.258805 2.798599 0 0.99999352 -0.00359997667 0.868255 0.039648
-0.165909 0.258805 2.798599 0 0.99999352 -0.00359997667 0.842692 0.040741
-0.13957 0.258805 2.800054 0 1 0 0.868254 0.037878
-0.165909 0.258805 2.800054 0 1 0 0.842626 0.038816
-0.116347 0.258805 2.798599 0 0.99999352 -0.00359997667 0.889819 0.038674
-0.116347 0.258805 2.800054 0 1 0 0.889876 0.037068
-0.193529 0.258805 2.798599 0 0.999993155 -0.00369997467 0.81421 0.041975
-0.193529 0.258798 2.79755 0 0.999805934 -0.0197001169 0.81436 0.04452
-0.220598 0.258805 2.798599 0 0.99999352 -0.00359997667 0.783889 0.043373
-0.220598 0.258798 2.797551 0 0.999805934 -0.0197001169 0.78409 0.046149
-0.193529 0.258805 2.800054 0 1 0 0.814085 0.039892
-0.220598 0.258805 2.800054 0 1 0 0.783725 0.041116
-0.193529 0.258774 2.79683 0 0.997878835 -0.0650986193 0.814532 0.047432
-0.193529 0.258728 2.796359 0 0.984480065 -0.175496446 0.814721 0.050615
-0.220599 0.258774 2.79683 0 0.997878835 -0.0650986193 0.784321 0.049337
-0.220599 0.258728 2.796359 0 0.984480065 -0.175496446 0.784574 0.05283
-0.165909 0.258805 2.804168 0 1 0 0.842516 0.036221
-0.13957 0.258805 2.80199 0 1 0 0.868242 0.036567
-0.165909 0.258805 2.80199 0 1 0 0.84257 0.037394
-0.13957 0.258805 2.804168 0 1 0 0.868214 0.035485
-0.116347 0.258805 2.80199 0 1 0 0.889906 0.035886
-0.116347 0.258805 2.804168 0 1 0 0.889904 0.034915
-0.13957 0.258805 2.806345 0 1 0 0.868163 0.0344
-0.165909 0.258805 2.806345 0 1 0 0.842455 0.035047
-0.13957 0.258805 2.808282 0 1 0 0.868083 0.033084
-0.165909 0.258805 2.808282 0 1 0 0.842381 0.03362
-0.116347 0.258805 2.806345 0 1 0 0.889865 0.033941
-0.116347 0.258805 2.808282 0 1 0 0.889784 0.032751
-0.193529 0.258805 2.806345 0 1 0 0.813845 0.035868
-0.193529 0.258805 2.804168 0 1 0 0.813913 0.037118
-0.220598 0.258805 2.806345 0 1 0 0.783436 0.036848
-0.220598 0.258805 2.804168 0 1 0 0.783511 0.038167
-0.193529 0.258805 2.808282 0 1 0 0.813775 0.034337
-0.220598 0.258805 2.808282 0 1 0 0.783363 0.035214
-0.193529 0.258805 2.80199 0 1 0 0.81399 0.038366
-0.220598 0.258805 2.80199 0 1 0 0.783603 0.039485
-0.165909 0.258797 2.81078 0 0.999751299 0.0223011443 0.84217 0.029336
-0.13957 0.258805 2.809736 0 0.999991595 0.00409996554 0.867967 0.031305
-0.165909 0.258805 2.809736 0 0.999991595 0.00409996554 0.842284 0.031687
-0.13957 0.258797 2.81078 0 0.999753523 0.0222011886 0.867822 0.029143
-0.116347 0.258805 2.809736 0 0.999992 0.003999968 0.889654 0.031132
-0.116347 0.258797 2.81078 0 0.999760185 0.0218991279 0.889487 0.029157
-0.13957 0.258771 2.811487 0 0.997122909 0.0758017416 0.867658 0.026677
-0.165909 0.258771 2.811487 0 0.997092597 0.0761994342 0.842044 0.026654
-0.13957 0.25872 2.81193 0 0.97545209 0.22021176 0.867481 0.023987
-0.165909 0.258719 2.81193 0 0.975157409 0.221513041 0.841911 0.023727
-0.116347 0.258771 2.811487 0 0.9971911 0.0748993315 0.889293 0.026899
-0.116347 0.258721 2.81193 -0.000100003712 0.976036226 0.217608077 0.889083 0.024432
-0.193529 0.258771 2.811487 0 0.997077382 0.0763982669 0.813506 0.026772
-0.193529 0.258797 2.81078 0 0.999749064 0.0224010994 0.813602 0.029693
-0.220598 0.258771 2.811487 0 0.997077382 0.0763982669 0.783098 0.026974
-0.220598 0.258797 2.81078 0 0.999749064 0.0224010994 0.783192 0.030168
-0.193529 0.258719 2.81193 0 0.975044365 0.222010102 0.813406 0.023581
-0.220598 0.258719 2.81193 0 0.975022713 0.222105174 0.783001 0.023478
-0.193529 0.258805 2.809736 0 0.999991595 0.00409996554 0.813693 0.032247
-0.220598 0.258805 2.809736 0 0.999991595 0.00409996554 0.783281 0.032951
-0.083829 0.258798 2.797551 0 0.99983253 -0.0183005954 0.918558 0.038558
-0.072691 0.258778 2.79683 -9.9999327e-05 0.998293282 -0.058399607 0.92767 0.039248
-0.083829 0.258777 2.79683 -0.000100006202 0.998161898 -0.0606037582 0.918387 0.040341
-0.072691 0.258798 2.797551 0 0.999843329 -0.0177007671 0.927862 0.037686
-0.06374 0.258779 2.796831 -0.00020000614 0.998430652 -0.0560017193 0.93487 0.038307
-0.06374 0.258799 2.797551 0 0.999857168 -0.0169009663 0.935083 0.036947
-0.072691 0.258736 2.796362 -0.000300003177 0.987310456 -0.158801682 0.927471 0.040989
-0.083829 0.258733 2.796361 -0.000200002051 0.986410116 -0.164301685 0.918207 0.042309
-0.06374 0.258739 2.796363 -0.000400007438 0.988318378 -0.152402834 0.934654 0.039839
-0.072691 0.258805 2.798599 0 0.999994555 -0.00329998203 0.928038 0.036361
-0.083829 0.258805 2.798599 0 0.99999422 -0.00339998035 0.918711 0.037023
-0.072691 0.258805 2.800054 0 1 0 0.928188 0.035331
-0.083829 0.258805 2.800054 0 1 0 0.918835 0.035798
-0.06374 0.258805 2.798599 0 0.999995195 -0.0030999851 0.935284 0.035817
-0.06374 0.258805 2.800054 0 1 0 0.935466 0.03497
-0.098074 0.258805 2.798599 0 0.999993875 -0.00349997856 0.906305 0.037797
-0.098074 0.258798 2.797551 0 0.999821371 -0.018900404 0.906182 0.039545
-0.098074 0.258805 2.800054 0 1 0 0.906401 0.036376
-0.098074 0.258776 2.79683 0 0.998051022 -0.0624031901 0.906042 0.041556
-0.098074 0.258731 2.79636 -9.99967907e-05 0.985668365 -0.168694586 0.905893 0.043762
-0.083829 0.258805 2.804168 0 1 0 0.918966 0.034272
-0.072691 0.258805 2.80199 0 1 0 0.928303 0.034653
-0.083829 0.258805 2.80199 0 1 0 0.918922 0.034944
-0.072691 0.258805 2.804168 0 1 0 0.928378 0.034147
-0.06374 0.258805 2.80199 0 1 0 0.935619 0.034462
-0.06374 0.258805 2.804168 0 1 0 0.935738 0.034118
-0.072691 0.258805 2.806345 0 1 0 0.928408 0.03363
-0.083829 0.258805 2.806345 0 1 0 0.918964 0.033593
-0.072691 0.258805 2.808282 0 1 0 0.928389 0.032923
-0.083829 0.258805 2.808282 0 1 0 0.918912 0.032717
-0.06374 0.258805 2.806345 0 1 0 0.935814 0.03376
-0.06374 0.258805 2.808282 0 1 0 0.935841 0.033214
-0.098074 0.258805 2.806345 0 1 0 0.906458 0.033684
-0.098074 0.258805 2.804168 0 1 0 0.906482 0.034519
-0.098074 0.258805 2.808282 0 1 0 0.906385 0.032645
-0.098074 0.258805 2.80199 0 1 0 0.906461 0.03535
-0.083829 0.258797 2.81078 0 0.999779485 0.0209995691 0.918657 0.029875
-0.072691 0.258805 2.809736 0 0.999993155 0.00369997467 0.928315 0.031842
-0.083829 0.258805 2.809736 0 0.99999278 0.00379997256 0.918805 0.031457
-0.072691 0.258797 2.81078 0 0.999793936 0.0202998769 0.928199 0.030449
-0.06374 0.258805 2.809736 0 0.99999352 0.00359997667 0.935812 0.032302
-0.06374 0.258798 2.81078 0 0.999809853 0.0195001922 0.93574 0.03108
-0.072691 0.258774 2.811488 -0.000100000971 0.997609687 0.069100671 0.928056 0.028803
-0.083829 0.258773 2.811488 -0.000100004049 0.997440387 0.0715028952 0.918479 0.028035
-0.072691 0.258727 2.811932 -0.000299991381 0.979571857 0.201094223 0.927896 0.026964
-0.083829 0.258724 2.811931 -0.000200009795 0.978147901 0.207910182 0.918285 0.026002
-0.06374 0.258775 2.811488 -0.000199998616 0.997793095 0.0663995405 0.935638 0.029605
-0.06374 0.25873 2.811933 -0.00040002328 0.9811571 0.193211244 0.935522 0.027932
-0.098074 0.258772 2.811487 0 0.997302568 0.073400189 0.905896 0.027376
-0.098074 0.258797 2.81078 0 0.999768863 0.0214993304 0.906092 0.029423
-0.098074 0.258722 2.811931 -0.000100004207 0.976941096 0.213508981 0.905683 0.025131
-0.098074 0.258805 2.809736 0 0.999992395 0.00389997034 0.906259 0.031201
-0.082132 0.218745 2.799921 0.114605875 -0.807641401 0.578429651 0.911403 0.035178
-0.072691 0.22192 2.801548 0.0385998186 -0.486197715 0.872995897 0.919884 0.03499
-0.082653 0.220365 2.801117 0.0403018618 -0.477622064 0.877640544 0.91141 0.034743
-0.072691 0.220286 2.800356 0.109701144 -0.819208544 0.562905871 0.91948 0.035349
-0.06374 0.223364 2.801957 0.0468012871 -0.495013613 0.86762386 0.927274 0.03523
-0.06374 0.221802 2.800785 0.130197612 -0.827084827 0.546789969 0.926875 0.035463
-0.072691 0.225457 2.802979 0.0110000217 -0.338500667 0.940901854 0.920647 0.033716
-0.083234 0.224 2.802581 0.012100206 -0.334505695 0.942316043 0.911708 0.033341
-0.06374 0.226759 2.803348 0.0130010115 -0.341826595 0.939673109 0.928057 0.034127
-0.072691 0.219967 2.799165 0.166195401 -0.986072716 -0.00629982569 0.919318 0.035214
-0.081959 0.218429 2.798729 0.176902896 -0.984216112 0.00490008021 0.911352 0.035147
-0.072691 0.220371 2.797739 0.172896554 -0.947581115 -0.268694645 0.919285 0.035006
-0.081959 0.218834 2.797303 0.18490164 -0.945508387 -0.268002377 0.911294 0.035059
-0.06374 0.221506 2.799602 0.192398599 -0.981192857 -0.0155998864 0.926733 0.035231
-0.06374 0.221911 2.798176 0.200197589 -0.942588647 -0.26729678 0.926719 0.034935
-0.090595 0.216734 2.798249 0.226093455 -0.97377181 0.0254992618 0.903499 0.035049
-0.091289 0.216991 2.799432 0.145503959 -0.780321233 0.60821655 0.903151 0.03501
-0.09765 0.214721 2.797678 0.352704146 -0.932410961 0.0788009263 0.89642 0.034938
-0.09888 0.214856 2.798833 0.21591886 -0.699961141 0.680759464 0.895638 0.034856
-0.090595 0.217138 2.796823 0.242305087 -0.933419597 -0.264605555 0.903425 0.035096
-0.09765 0.215125 2.796252 0.393026176 -0.88465892 -0.250816705 0.896357 0.035123
-0.093371 0.218436 2.800601 0.0511028084 -0.459225237 0.886848738 0.901922 0.034639
-0.095694 0.222098 2.802089 0.0149996906 -0.326493265 0.945080503 0.900835 0.033229
-0.102568 0.215936 2.799918 0.07009953 -0.412197236 0.908393909 0.893127 0.034648
-0.081959 0.219978 2.793269 0.18490164 -0.945508387 -0.268002377 0.911257 0.035756
-0.072691 0.220909 2.79584 0.172896554 -0.947581115 -0.268694645 0.919265 0.035146
-0.081959 0.219372 2.795404 0.18490164 -0.945508387 -0.268002377 0.911264 0.03532
-0.072691 0.221515 2.793705 0.172896554 -0.947581115 -0.268694645 0.919254 0.035459
-0.06374 0.222449 2.796277 0.200202939 -0.942613838 -0.267203923 0.926705 0.034979
-0.06374 0.223054 2.794141 0.200202939 -0.942613838 -0.267203923 0.926733 0.035231
-0.072691 0.22212 2.791569 0.172896554 -0.947581115 -0.268694645 0.919247 0.035774
-0.081959 0.220583 2.791133 0.18490164 -0.945508387 -0.268002377 0.911268 0.036192
-0.072691 0.222659 2.78967 0.172896554 -0.947581115 -0.268694645 0.919238 0.035916
-0.081959 0.221121 2.789234 0.18490164 -0.945508387 -0.268002377 0.911291 0.036454
-0.06374 0.22366 2.792006 0.200197589 -0.942588647 -0.26729678 0.926657 0.035412
-0.06374 0.224198 2.790107 0.200106943 -0.942632705 -0.267209271 0.926615 0.035463
-0.090595 0.218888 2.790653 0.242305087 -0.933419597 -0.264605555 0.903411 0.036619
-0.090595 0.218282 2.792788 0.242305087 -0.933419597 -0.264605555 0.903387 0.036054
-0.09765 0.216875 2.790082 0.393026176 -0.88465892 -0.250816705 0.896365 0.037004
-0.09765 0.216269 2.792217 0.393026176 -0.88465892 -0.250816705 0.896336 0.036322
-0.090595 0.219426 2.788754 0.242305087 -0.933419597 -0.264605555 0.903456 0.03701
-0.09765 0.217413 2.788183 0.393026176 -0.88465892 -0.250816705 0.896415 0.037519
-0.090595 0.217677 2.794924 0.242305087 -0.933419597 -0.264605555 0.903389 0.035489
-0.09765 0.215664 2.794353 0.393026176 -0.88465892 -0.250816705 0.896331 0.03564
-0.082132 0.222357 2.786938 0.119904131 -0.422214546 -0.898530955 0.911331 0.036291
-0.072691 0.223063 2.788244 0.16721336 -0.855168326 -0.490639201 0.919222 0.035714
-0.081959 0.221526 2.787808 0.177806877 -0.84703276 -0.500919373 0.911319 0.036365
-0.072691 0.223894 2.787377 0.115598813 -0.443895443 -0.888590879 0.919254 0.035459
-0.06374 0.224603 2.788681 0.193603289 -0.855914542 -0.479508147 0.926556 0.035178
-0.06374 0.22541 2.787806 0.137211135 -0.460537374 -0.876971169 0.926606 0.034905
-0.072691 0.225712 2.787153 0.0433989498 0.0127996903 -0.998975825 0.919655 0.035732
-0.082653 0.224175 2.786707 0.0443983284 0.0264990023 -0.998662401 0.9113 0.036595
-0.072691 0.229079 2.787659 0.0130006115 0.191809022 -0.981346159 0.920346 0.036684
-0.083234 0.227649 2.787239 0.0137003666 0.197405282 -0.980226226 0.911578 0.037696
-0.06374 0.227157 2.787563 0.0530994271 -9.9998921e-05 -0.998589225 0.926893 0.034991
-0.06374 0.230381 2.788028 0.0157002375 0.187102831 -0.982214861 0.927544 0.035783
-0.093371 0.222298 2.786146 0.054701379 0.054301369 -0.997025135 0.901906 0.03742
-0.091289 0.220616 2.786438 0.150504641 -0.376211601 -0.914228191 0.903147 0.037081
-0.102568 0.219868 2.785435 0.0727026221 0.114704137 -0.990735732 0.89318 0.038104
-0.09888 0.218499 2.785831 0.220815801 -0.258018463 -0.940567305 0.895688 0.037809
-0.095694 0.225825 2.786678 0.0161011816 0.208115273 -0.977971771 0.900842 0.038623
-0.090595 0.219831 2.787328 0.226803375 -0.826012291 -0.516007678 0.903516 0.037054
-0.09765 0.217817 2.786757 0.353100175 -0.760600376 -0.54480027 0.896477 0.037701
-0.049365 0.258799 2.797551 -9.99985985e-05 0.999885987 -0.0150997884 0.946484 0.035875
-0.043397 0.258783 2.796832 -0.000300002672 0.998908895 -0.0467004159 0.950793 0.036359
-0.049365 0.258782 2.796832 -0.000300013232 0.998744051 -0.0501022098 0.946198 0.036908
-0.043397 0.2588 2.797551 -0.000100000059 0.999900585 -0.0141000082 0.951137 0.035454
-0.037882 0.258785 2.796833 -0.000399991724 0.999079329 -0.0428991124 0.954988 0.035847
-0.037882 0.2588 2.797551 -0.000100001679 0.999916784 -0.0129002165 0.955405 0.035054
-0.043397 0.25875 2.796366 -0.000800027833 0.991734503 -0.128304464 0.950472 0.037421
-0.049365 0.258746 2.796365 -0.000600025667 0.990542371 -0.137205869 0.945921 0.038107
-0.037882 0.258755 2.796367 -0.000899958576 0.992954295 -0.118494546 0.954615 0.036786
-0.043397 0.258805 2.798599 0 0.99999662 -0.00259999121 0.951505 0.034759
-0.049365 0.258805 2.798599 0 0.99999608 -0.00279998902 0.946776 0.035058
-0.043397 0.258805 2.800054 0 1 0 0.9519 0.034322
-0.049365 0.258805 2.800054 0 1 0 0.947072 0.034512
-0.037882 0.258805 2.798599 0 0.99999712 -0.00239999309 0.955876 0.034454
-0.037882 0.258805 2.800054 0 1 0 0.956412 0.034099
-0.056055 0.258805 2.798599 0 0.9999955 -0.0029999865 0.94145 0.035397
-0.056055 0.258799 2.797551 -0.000100007198 0.999871968 -0.0160011517 0.941211 0.036358
-0.056055 0.258805 2.800054 0 1 0 0.941677 0.034712
-0.056055 0.25878 2.796831 -0.000199996776 0.998583903 -0.0531991424 0.940968 0.037542
-0.056055 0.258742 2.796364 -0.000500001088 0.989402152 -0.145200316 0.940726 0.038896
-0.049365 0.258805 2.804168 0 1 0 0.947646 0.034213
-0.043397 0.258805 2.80199 0 1 0 0.952325 0.034197
-0.049365 0.258805 2.80199 0 1 0 0.947367 0.034286
-0.043397 0.258805 2.804168 0 1 0 0.95276 0.034218
-0.037882 0.258805 2.80199 0 1 0 0.957024 0.034036
-0.037882 0.258805 2.804168 0 1 0 0.957691 0.034113
-0.043397 0.258805 2.806345 0 1 0 0.953185 0.03422
-0.049365 0.258805 2.806345 0 1 0 0.947893 0.034122
-0.043397 0.258805 2.808282 0 1 0 0.953581 0.03404
-0.049365 0.258805 2.808282 0 1 0 0.948092 0.033843
-0.037882 0.258805 2.806345 0 1 0 0.958392 0.034175
-0.037882 0.258805 2.808282 0 1 0 0.959108 0.034067
-0.056055 0.258805 2.806345 0 1 0 0.942206 0.033947
-0.056055 0.258805 2.804168 0 1 0 0.942066 0.03416
-0.056055 0.258805 2.808282 0 1 0 0.942293 0.033544
-0.056055 0.258805 2.80199 0 1 0 0.941886 0.034358
-0.049365 0.258798 2.810781 -0.00010000451 0.999845089 0.0176007937 0.948307 0.032257
-0.043397 0.258805 2.809736 0 0.999995195 0.0030999851 0.953929 0.033514
-0.049365 0.258805 2.809736 0 0.99999488 0.00319998362 0.948227 0.033206
-0.043397 0.258799 2.810781 -0.00010000622 0.999862188 0.0166010325 0.95421 0.032683
-0.037882 0.258805 2.809736 0 0.99999608 0.00279998902 0.959816 0.033636
-0.037882 0.258799 2.810781 -9.99981411e-05 0.999881412 0.0153997137 0.960444 0.032918
-0.043397 0.25878 2.81149 -0.000300002459 0.998408182 0.0564004622 0.954406 0.031587
-0.049365 0.258778 2.811489 -0.000299999501 0.998198338 0.0599999001 0.948338 0.031044
-0.043397 0.258741 2.811936 -0.000800021105 0.986426022 0.164204332 0.954499 0.03027
-0.049365 0.258737 2.811935 -0.000700002559 0.984603599 0.174800639 0.948329 0.029613
-0.037882 0.258781 2.81149 -0.000400012519 0.998631253 0.0523016368 0.96092 0.031949
-0.037882 0.258746 2.811937 -0.00100001818 0.988317963 0.15240277 0.961172 0.030767
-0.056055 0.258777 2.811489 -0.00019999764 0.997988224 0.0633992519 0.942241 0.030368
-0.056055 0.258798 2.81078 -0.0001000027 0.999826991 0.0186005021 0.942296 0.031703
-0.056055 0.258733 2.811934 -0.000500015916 0.982831284 0.184505873 0.942168 0.028824
-0.056055 0.258805 2.809736 0 0.99999422 0.00339998035 0.942319 0.032779
-0.027697 0.258798 2.797555 0.00130005586 0.999942968 -0.0106004555 0.963264 0.034254
-0.023999 0.25878 2.796902 0.00409987032 0.99936839 -0.0352988835 0.965471 0.03455
-0.027789 0.258786 2.796851 0.00119995423 0.99936188 -0.0356986383 0.962604 0.034871
-0.02363 0.25879 2.797566 0.00420014251 0.999933928 -0.0107003631 0.966382 0.034002
-0.021239 0.258764 2.796933 0.0103998681 0.998887329 -0.0459994165 0.967505 0.034449
-0.020567 0.258772 2.79757 0.0117002227 0.999819032 -0.0150002855 0.968686 0.033951
-0.024245 0.25876 2.796498 0.00429998396 0.995896285 -0.0903996628 0.96481 0.035145
-0.02785 0.258762 2.796402 0.00130003402 0.995126043 -0.0986025805 0.962078 0.035581
-0.022147 0.258753 2.796627 0.00809986226 0.996583053 -0.0821986022 0.966455 0.034907
-0.023507 0.258793 2.798596 0.00409996029 0.999990315 -0.0015999845 0.967351 0.033566
-0.027666 0.258802 2.798599 0.0013999961 0.999997215 -0.00189999471 0.964036 0.03378
-0.023507 0.258793 2.80005 0.00409996546 0.999991575 0.000199998315 0.968492 0.033279
-0.027666 0.258802 2.800053 0.00149999831 0.99999887 9.9999887e-05 0.964973 0.033493
-0.020342 0.258774 2.79859 0.0114003764 0.999933013 -0.00200006603 0.969842 0.033538
-0.020342 0.258774 2.800044 0.0114003971 0.999934833 0.000600020902 0.97115 0.033234
-0.032548 0.258805 2.798599 0.000299999325 0.99999775 -0.00209999528 0.960132 0.034102
-0.032548 0.258801 2.797551 0.000200006306 0.999931528 -0.0117003689 0.959526 0.034629
-0.032548 0.258805 2.800054 0.000299999987 0.999999955 0 0.960858 0.033794
-0.032548 0.258787 2.796833 -0.000100003918 0.999239146 -0.0390015279 0.959017 0.035327
-0.032548 0.25876 2.796368 -0.000400015885 0.994139478 -0.108104293 0.958581 0.03615
-0.027666 0.258802 2.804167 0.00159999794 0.999998715 9.99998715e-05 0.967487 0.033493
-0.023507 0.258792 2.801986 0.00429996016 0.999990735 0.000199998147 0.969918 0.033176
-0.027666 0.258802 2.801989 0.00149999831 0.99999887 9.9999887e-05 0.966128 0.033436
-0.023507 0.258792 2.804164 0.00439995732 0.9999903 0.00019999806 0.971615 0.033167
-0.020342 0.258773 2.801981 0.011700367 0.999931368 0.000600018823 0.972788 0.033061
-0.020342 0.258771 2.804158 0.012100322 0.999926608 0.000600015967 0.974738 0.032957
-0.023507 0.258791 2.806341 0.00459995124 0.9999894 0.00019999788 0.973569 0.033164
-0.027666 0.258802 2.806344 0.00159999794 0.999998715 9.99998715e-05 0.969034 0.03355
-0.023507 0.258791 2.808278 0.004699948 0.999988935 0.000199997787 0.975768 0.033078
-0.027666 0.258802 2.808281 0.00159999794 0.999998715 9.99998715e-05 0.970754 0.033491
-0.020342 0.25877 2.806336 0.0125002711 0.999921689 0.000600013014 0.976984 0.03286
-0.020342 0.258769 2.808272 0.0129002143 0.999916609 0.000600009966 0.979506 0.032707
-0.032548 0.258805 2.806345 0.000299999987 0.999999955 0 0.963825 0.033919
-0.032548 0.258805 2.804168 0.000299999987 0.999999955 0 0.962723 0.03384
-0.032548 0.258805 2.808282 0.000399999968 0.99999992 0 0.965016 0.033852
-0.032548 0.258805 2.80199 0.000299999987 0.999999955 0 0.961728 0.033753
-0.027696 0.258797 2.810776 0.00160001855 0.999911594 0.0132001531 0.974325 0.032711
-0.023507 0.25879 2.809732 0.00489992462 0.999984615 0.00259996 0.978198 0.032817
-0.027666 0.258802 2.809735 0.00169999265 0.999995675 0.00239998962 0.972633 0.033201
-0.02363 0.258786 2.81076 0.00519994007 0.999888476 0.0139998387 0.980189 0.032417
-0.020342 0.258768 2.809726 0.013600004 0.999900295 0.00380000112 0.982288 0.032437
-0.020566 0.258764 2.810745 0.014599815 0.999687334 0.0202997428 0.984404 0.032083
-0.023999 0.258773 2.811417 0.00540029289 0.99895418 0.0454024625 0.981072 0.03191
-0.027789 0.258782 2.811473 0.00159997715 0.998985735 0.0449993574 0.975483 0.03205
-0.024245 0.258749 2.811809 0.00590030892 0.992851982 0.119206241 0.981393 0.031313
-0.02785 0.258753 2.811907 0.00200005863 0.99162907 0.129103785 0.976064 0.031243
-0.021239 0.258754 2.811377 0.0136008606 0.998063154 0.0607038412 0.984927 0.031676
-0.022147 0.25874 2.811676 0.0109002792 0.994025462 0.108602782 0.984148 0.031323
-0.032548 0.258783 2.811491 0 0.998837617 0.0482018153 0.968355 0.032083
-0.032548 0.2588 2.810781 0.000199999831 0.999899155 0.014199988 0.967446 0.032903
-0.032548 0.258751 2.811939 -0.000300006879 0.990122704 0.140203215 0.968842 0.031076
-0.032548 0.258805 2.809736 0.000299998973 0.999996575 0.0025999911 0.966278 0.033503
-0.049365 0.225325 2.801784 0.212513122 -0.833551469 0.509931487 0.938397 0.035389
-0.043397 0.228661 2.803459 0.103902384 -0.526312076 0.843919364 0.943666 0.03523
-0.049365 0.226722 2.802909 0.081604126 -0.51442601 0.853643161 0.938875 0.035296
-0.043397 0.22736 2.802361 0.259215334 -0.834149346 0.486828799 0.943106 0.035278
-0.037882 0.230789 2.804062 0.127302397 -0.540410176 0.831715661 0.94817 0.035172
-0.037882 0.229593 2.802994 0.303209454 -0.834426018 0.46021435 0.947504 0.035171
-0.043397 0.231532 2.804701 0.02949945 -0.3539934 0.934782571 0.944724 0.034478
-0.049365 0.229785 2.804206 0.0228993212 -0.349189648 0.93677223 0.939804 0.034441
-0.037882 0.233451 2.805245 0.0367002529 -0.359802479 0.932306424 0.949397 0.034526
-0.043397 0.227151 2.801202 0.355416477 -0.933643285 -0.0446020678 0.942875 0.034961
-0.049365 0.225085 2.800617 0.299193532 -0.953579384 -0.0341992606 0.938216 0.035081
-0.043397 0.227555 2.799776 0.366012348 -0.895330204 -0.253808562 0.942803 0.034618
-0.049365 0.225489 2.79919 0.309390915 -0.914873135 -0.259392383 0.938178 0.034732
-0.037882 0.22942 2.801846 0.404301595 -0.912903601 -0.0561002213 0.947208 0.034843
-0.037882 0.229824 2.800419 0.414517879 -0.875537763 -0.248210706 0.947072 0.034512
-0.056055 0.223208 2.800084 0.243097465 -0.969689886 -0.0245997434 0.932933 0.035178
-0.056055 0.223477 2.80126 0.168405049 -0.83122492 0.529815884 0.933083 0.035463
-0.056055 0.223612 2.798658 0.252192202 -0.930971215 -0.263991837 0.932917 0.034841
-0.056055 0.224961 2.80241 0.0623028894 -0.504023375 0.86143995 0.933507 0.035314
-0.056055 0.228198 2.803756 0.0173994749 -0.345189582 0.93837168 0.934346 0.034347
-0.049365 0.226633 2.795156 0.309390915 -0.914873135 -0.259392383 0.938072 0.03484
-0.043397 0.228094 2.797877 0.366012348 -0.895330204 -0.253808562 0.942721 0.034589
-0.049365 0.226028 2.797291 0.309390915 -0.914873135 -0.259392383 0.938131 0.034705
-0.043397 0.228699 2.795742 0.366012348 -0.895330204 -0.253808562 0.942629 0.03472
-0.037882 0.230362 2.79852 0.414517879 -0.875537763 -0.248210706 0.946965 0.034482
-0.037882 0.230968 2.796385 0.414600694 -0.875501466 -0.248200416 0.946827 0.034618
-0.043397 0.229305 2.793606 0.366012348 -0.895330204 -0.253808562 0.942525 0.034859
-0.049365 0.227239 2.79302 0.309390915 -0.914873135 -0.259392383 0.938 0.03498
-0.043397 0.229843 2.791707 0.366012348 -0.895330204 -0.253808562 0.94241 0.034855
-0.049365 0.227777 2.791121 0.309390915 -0.914873135 -0.259392383 0.937911 0.034968
-0.037882 0.231573 2.794249 0.414600694 -0.875501466 -0.248200416 0.946682 0.034768
-0.037882 0.232112 2.79235 0.414600694 -0.875501466 -0.248200416 0.94653 0.034783
-0.056055 0.225361 2.792488 0.252192202 -0.930971215 -0.263991837 0.932809 0.035156
-0.056055 0.224756 2.794624 0.252198859 -0.930995787 -0.263898806 0.932858 0.034993
-0.056055 0.2259 2.790589 0.252198859 -0.930995787 -0.263898806 0.932743 0.035159
-0.056055 0.22415 2.796759 0.252198859 -0.930995787 -0.263898806 0.932917 0.034841
-0.049365 0.228933 2.788805 0.223807143 -0.487715566 -0.843826931 0.937809 0.034315
-0.043397 0.230247 2.790281 0.357415182 -0.829835248 -0.428518202 0.942282 0.034554
-0.049365 0.228181 2.789695 0.301099497 -0.841698594 -0.448199252 0.937804 0.034646
-0.043397 0.230967 2.789382 0.272998858 -0.501597901 -0.820896565 0.942272 0.034232
-0.037882 0.232516 2.790924 0.406430382 -0.81776113 -0.407530464 0.946373 0.034515
-0.037882 0.233201 2.790015 0.319310783 -0.517417473 -0.793926812 0.946339 0.034211
-0.043397 0.232453 2.789064 0.11960918 -0.0497038149 -0.991576106 0.942508 0.034163
-0.049365 0.230515 2.788515 0.09350569 -0.0302018378 -0.995160557 0.938056 0.034276
-0.043397 0.235155 2.789382 0.0364003347 0.169201556 -0.984909056 0.943118 0.034621
-0.049365 0.233408 2.788886 0.028099985 0.176499906 -0.983899474 0.938674 0.03483
-0.037882 0.234582 2.789668 0.14740614 -0.0735030615 -0.986341082 0.946557 0.034118
-0.037882 0.237074 2.789926 0.0458024358 0.160008509 -0.98605244 0.947155 0.034486
-0.056055 0.228753 2.788015 0.0709986439 -0.0137997364 -0.99738095 0.932939 0.034529
-0.056055 0.227085 2.788281 0.177305332 -0.474114257 -0.862425934 0.932678 0.03452
-0.056055 0.23182 2.788436 0.0211003429 0.182302962 -0.983015974 0.933568 0.035191
-0.056055 0.226304 2.789163 0.244617905 -0.850662267 -0.465334061 0.932656 0.034838
-0.027696 0.234744 2.804442 0.447211869 -0.80482136 0.390210356 0.956232 0.035005
-0.023999 0.238358 2.806104 0.308210281 -0.543718136 0.780626038 0.961189 0.034901
-0.027789 0.235647 2.805413 0.225306221 -0.5650156 0.793721915 0.957057 0.035122
-0.02363 0.237749 2.805258 0.569603258 -0.732204188 0.373402136 0.960555 0.03479
-0.021239 0.241409 2.806888 0.392216919 -0.472520383 0.789234044 0.965248 0.034473
-0.020566 0.241142 2.806166 0.706721039 -0.581417309 0.403112001 0.964921 0.034401
-0.024245 0.240039 2.806953 0.133700464 -0.373601296 0.917903185 0.962597 0.034593
-0.02785 0.237771 2.80643 0.0825008766 -0.374103975 0.923709814 0.958607 0.03472
-0.022147 0.241927 2.807326 0.182114013 -0.364128019 0.913370282 0.965393 0.03432
-0.023507 0.237757 2.804182 0.675392064 -0.73529136 -0.0564993361 0.960123 0.034442
-0.027666 0.234664 2.803325 0.549226314 -0.832539888 -0.0723034641 0.955806 0.034633
-0.023507 0.238137 2.802754 0.681605449 -0.707605657 -0.186301489 0.959774 0.034134
-0.027666 0.235062 2.801899 0.55812846 -0.799640775 -0.221511295 0.955569 0.034292
-0.020342 0.241243 2.80513 0.829136557 -0.559024648 -0.00490021606 0.964486 0.034129
-0.020342 0.241585 2.803699 0.834297072 -0.536298118 -0.127799551 0.96397 0.033904
-0.032548 0.231904 2.80255 0.460892379 -0.884885369 -0.0674988839 0.951505 0.034759
-0.032548 0.23204 2.803688 0.359100478 -0.830301104 0.426200567 0.95188 0.035106
-0.032548 0.232309 2.801124 0.471005593 -0.848910081 -0.239802848 0.951344 0.034408
-0.032548 0.233121 2.804723 0.163198432 -0.556894651 0.814392178 0.952675 0.035174
-0.032548 0.235553 2.805841 0.0506011805 -0.367308569 0.928721667 0.954116 0.034652
-0.027666 0.236188 2.797863 0.553811771 -0.802417056 -0.222304725 0.955029 0.034423
-0.023507 0.238642 2.800853 0.67782025 -0.711021242 -0.18710559 0.959389 0.03414
-0.027666 0.235592 2.799999 0.556075583 -0.80096483 -0.221890257 0.955307 0.034271
-0.023507 0.23921 2.798715 0.673525965 -0.714827557 -0.188107252 0.958983 0.034321
-0.020342 0.24204 2.801794 0.830239221 -0.542225615 -0.129206104 0.963402 0.033977
-0.020342 0.242552 2.799652 0.825516556 -0.549011011 -0.130802623 0.962807 0.034212
-0.023507 0.239778 2.796577 0.669153675 -0.718657646 -0.18911517 0.95857 0.034534
-0.027666 0.236784 2.795727 0.551499242 -0.803898895 -0.222699694 0.954743 0.034603
-0.023507 0.240283 2.794675 0.665193531 -0.722092978 -0.189998152 0.958164 0.034639
-0.027666 0.237315 2.793828 0.549492777 -0.805189416 -0.222997069 0.954458 0.034667
-0.020342 0.243064 2.79751 0.820625058 -0.555916975 -0.132404043 0.962209 0.034478
-0.020342 0.24352 2.795605 0.816103881 -0.562202673 -0.133800636 0.961632 0.034642
-0.032548 0.234058 2.794954 0.469221425 -0.849838805 -0.240010959 0.950768 0.034682
-0.032548 0.233453 2.797089 0.469820132 -0.849536403 -0.23991028 0.950969 0.03452
-0.032548 0.234597 2.793055 0.468700537 -0.850100973 -0.240100275 0.950563 0.034718
-0.032548 0.232847 2.799225 0.47041862 -0.849233613 -0.239809492 0.951163 0.03438
-0.027696 0.238294 2.791468 0.457402095 -0.537802463 -0.708203244 0.95402 0.034205
-0.023507 0.240663 2.793248 0.657722912 -0.691024072 -0.299810444 0.957781 0.034493
-0.027666 0.237713 2.792401 0.540832121 -0.766345515 -0.346720592 0.954181 0.034468
-0.02363 0.241129 2.792299 0.574131044 -0.495726805 -0.651635235 0.957462 0.034274
-0.020342 0.243862 2.794175 0.811198816 -0.531799224 -0.243199645 0.9611 0.03457
-0.020567 0.24419 2.793201 0.712429659 -0.357714892 -0.603725134 0.960571 0.03442
-0.023999 0.241896 2.791834 0.332688705 -0.123095821 -0.934968258 0.957251 0.034162
-0.027789 0.239376 2.79105 0.25031674 -0.128008561 -0.95966418 0.954085 0.034073
-0.024245 0.243418 2.791875 0.148108293 0.129507251 -0.980454897 0.957462 0.034274
-0.02785 0.241332 2.791171 0.0958045983 0.135406499 -0.986147331 0.954565 0.034259
-0.021239 0.244604 2.792665 0.415912656 -0.0552016798 -0.907727623 0.959998 0.034348
-0.022147 0.245065 2.792494 0.196411793 0.133007986 -0.971458328 0.959495 0.034407
-0.032548 0.236913 2.790329 0.186909829 -0.103105422 -0.976951374 0.950469 0.034074
-0.032548 0.235648 2.790709 0.374502326 -0.534303318 -0.757804706 0.950284 0.034193
-0.032548 0.239175 2.790522 0.0620025732 0.148006142 -0.987040963 0.951041 0.034346
-0.032548 0.235001 2.791629 0.460328916 -0.801250332 -0.38222401 0.950359 0.034481
-0.061779 0.042631 2.749758 9.99976371e-05 -0.99747643 0.0709983223 0.87435 0.037234
-0.05447 0.042773 2.750503 0.0168004785 -0.970427638 0.240806858 0.874284 0.037209
-0.061829 0.042718 2.750526 0.000399996918 -0.975092487 0.221798291 0.87435 0.037234
-0.053597 0.042691 2.749765 0.0185009729 -0.996352395 0.0833043807 0.874284 0.037209
-0.048391 0.042936 2.75051 0.039799645 -0.947791546 0.316397178 0.87423 0.037177
-0.046849 0.04287 2.749806 0.0524989558 -0.990280304 0.128797438 0.87423 0.037177
-0.055114 0.042936 2.750981 0.0136004354 -0.877428091 0.479515352 0.874284 0.037209
-0.06193 0.042892 2.751039 0.000600012537 -0.877918344 0.478810005 0.874354 0.037255
-0.050473 0.043024 2.750864 0.0283009954 -0.877130849 0.479416861 0.87423 0.037177
-0.053306 0.042664 2.748652 0.0176006776 -0.999738486 0.0146005621 0.874284 0.037209
-0.061762 0.042602 2.748634 0.000100001549 -0.999915489 0.0130002014 0.87435 0.037234
-0.053306 0.042664 2.747096 0.0169009663 -0.999857168 0 0.874284 0.037209
-0.061762 0.042602 2.747078 0 -1 0 0.87435 0.037234
-0.046336 0.042848 2.748704 0.0538993697 -0.998288325 0.0226997345 0.87423 0.037177
-0.046336 0.042848 2.747148 0.0509999314 -0.998698657 0 0.87423 0.037177
-0.07029 0.042664 2.748652 -0.0171008808 -0.999751494 0.0143007366 0.87435 0.037234
-0.070031 0.042691 2.749765 -0.0179008067 -0.99654491 0.081103655 0.874354 0.037255
-0.077474 0.042848 2.748704 -0.0501009594 -0.998519122 0.021200406 0.874496 0.037271
-0.076986 0.04287 2.749806 -0.0491011011 -0.991522235 0.120302698 0.874496 0.037271
-0.07029 0.042664 2.747096 -0.0164010743 -0.999865493 0 0.87435 0.037234
-0.077474 0.042848 2.747148 -0.0475033802 -0.998871077 0 0.874495 0.037234
-0.069253 0.042773 2.750503 -0.0161009705 -0.971858581 0.235014166 0.874354 0.037255
-0.068797 0.042936 2.750981 -0.0129006682 -0.879445552 0.475824646 0.874354 0.037255
-0.07552 0.042936 2.75051 -0.0379983748 -0.952459264 0.302287071 0.874496 0.037271
-0.07354 0.043024 2.750864 -0.0275011273 -0.884136241 0.466419119 0.874496 0.037271
-0.061762 0.042602 2.742694 0 -1 0 0.87435 0.037234
-0.053306 0.042664 2.745031 0.0169009663 -0.999857168 0 0.874284 0.037209
-0.061762 0.042602 2.745014 0 -1 0 0.87435 0.037234
-0.053306 0.042664 2.742711 0.0169009663 -0.999857168 0 0.874284 0.037209
-0.046336 0.042848 2.745084 0.0509999314 -0.998698657 0 0.87423 0.037177
-0.046336 0.042848 2.742764 0.0509999314 -0.998698657 0 0.87423 0.037177
-0.053306 0.042664 2.740388 0.0169009663 -0.999857168 0 0.874285 0.037148
-0.061762 0.042602 2.740371 0 -1 0 0.874358 0.037134
-0.053306 0.042664 2.738314 0.0169009663 -0.999857168 0 0.874285 0.037148
-0.061762 0.042602 2.738297 0 -1 0 0.874358 0.037134
-0.046336 0.042848 2.74044 0.0509999314 -0.998698657 0 0.87423 0.037177
-0.046336 0.042848 2.738366 0.0509999314 -0.998698657 0 0.87423 0.037177
-0.07029 0.042664 2.740388 -0.0164010743 -0.999865493 0 0.874358 0.037134
-0.07029 0.042664 2.742711 -0.0164010743 -0.999865493 0 0.87435 0.037234
-0.077474 0.042848 2.74044 -0.0475033802 -0.998871077 0 0.874499 0.037108
-0.077474 0.042848 2.742764 -0.0475033802 -0.998871077 0 0.874495 0.037234
-0.07029 0.042664 2.738314 -0.0164010743 -0.999865493 0 0.874358 0.037134
-0.077474 0.042848 2.738366 -0.0475033802 -0.998871077 0 0.874499 0.037108
-0.07029 0.042664 2.745031 -0.0164010743 -0.999865493 0 0.87435 0.037234
-0.077474 0.042848 2.745084 -0.0475033802 -0.998871077 0 0.874495 0.037234
-0.061779 0.042631 2.735598 0.000199997571 -0.997287888 -0.0735991061 0.874358 0.037134
-0.053306 0.042664 2.736742 0.0178005962 -0.999733482 -0.0147004923 0.874285 0.037148
-0.061762 0.042602 2.736724 0.000100001549 -0.999915489 -0.0130002014 0.874358 0.037134
-0.053597 0.042691 2.735625 0.0196010559 -0.995953653 -0.0877047248 0.874285 0.037148
-0.046336 0.042848 2.736794 0.0547016898 -0.998230836 -0.0233007198 0.87423 0.037177
-0.046849 0.04287 2.735685 0.0576009902 -0.988116986 -0.14250245 0.87423 0.037177
-0.05447 0.042773 2.734916 0.02010084 -0.959640104 -0.280511723 0.874285 0.037148
-0.061829 0.042718 2.734861 0.000500017053 -0.967332991 -0.253508646 0.874358 0.037134
-0.055114 0.042936 2.734515 0.0170000145 -0.786700669 -0.617100525 0.874285 0.037148
-0.06193 0.042892 2.73443 0.00130001928 -0.787111673 -0.616809147 0.874358 0.037134
-0.048391 0.042936 2.735002 0.0490989871 -0.919381033 -0.390291948 0.87423 0.037177
-0.050473 0.043024 2.734688 0.0368013411 -0.789828782 -0.61222231 0.874285 0.037148
-0.069253 0.042773 2.734916 -0.0192009075 -0.962045467 -0.272212865 0.874429 0.037032
-0.070031 0.042691 2.735625 -0.0189996724 -0.996182826 -0.0851985312 0.874429 0.037032
-0.07552 0.042936 2.735002 -0.046402151 -0.928343034 -0.368817097 0.87449 0.036995
-0.076986 0.04287 2.735685 -0.0535009657 -0.989817866 -0.131902381 0.87449 0.036995
-0.068797 0.042936 2.734515 -0.0162008867 -0.790743279 -0.611933492 0.874429 0.037032
-0.07354 0.043024 2.734688 -0.0355996792 -0.804492752 -0.592894658 0.87449 0.036995
-0.07029 0.042664 2.736742 -0.0172008318 -0.999748344 -0.0144006964 0.874358 0.037134
-0.077474 0.042848 2.736794 -0.0506990038 -0.99848038 -0.0215995756 0.87449 0.036995
-0.105978 0.212196 2.784052 0.355100685 0.143800278 -0.923701783 0.88542 0.03879
-0.11041 0.207378 2.781931 0.114905013 0.28121227 -0.952741569 0.879501 0.039061
-0.110326 0.212555 2.783392 0.10010632 0.245315487 -0.964260876 0.882421 0.038833
-0.106397 0.20718 2.782632 0.401004644 0.264003057 -0.877210158 0.88206 0.039011
-0.10887 0.200421 2.779959 0.131104493 0.298910244 -0.945232394 0.877527 0.03904
-0.105311 0.200222 2.780659 0.441430941 0.321922564 -0.837558707 0.879488 0.038959
-0.105059 0.206889 2.783658 0.895521381 0.137603285 -0.423210104 0.883001 0.038763
-0.104528 0.211852 2.785065 0.830033235 -0.165406623 -0.532621327 0.886457 0.038593
-0.105059 0.206485 2.785084 0.999916989 0.0124002107 0.00350005947 0.883105 0.038303
-0.104528 0.211448 2.786491 0.942807948 -0.320702704 -0.0909007663 0.886498 0.038184
-0.104125 0.199931 2.781686 0.899898331 0.261099516 -0.349299352 0.880264 0.038699
-0.104125 0.199527 2.783112 0.986124954 0.159704041 0.0453011464 0.880411 0.038256
-0.102177 0.215326 2.786051 0.602582631 -0.549984147 -0.578283331 0.89087 0.038226
-0.103624 0.215831 2.785078 0.301803459 -0.0470005386 -0.952210912 0.889871 0.038384
-0.102177 0.214922 2.787477 0.686431573 -0.69963218 -0.198309121 0.890848 0.037916
-0.107966 0.216669 2.784538 0.0885008098 0.190401742 -0.977708946 0.886833 0.038545
-0.104528 0.210304 2.790526 0.942807948 -0.320702704 -0.0909007663 0.886494 0.036688
-0.105059 0.205946 2.786983 0.999916989 0.0124002107 0.00350005947 0.883154 0.037613
-0.104528 0.210909 2.788391 0.942807948 -0.320702704 -0.0909007663 0.886509 0.037503
-0.105059 0.205341 2.789119 0.999916989 0.0124002107 0.00350005947 0.883152 0.03681
-0.104125 0.198988 2.785011 0.986124954 0.159704041 0.0453011464 0.880488 0.037627
-0.104125 0.198383 2.787146 0.986124954 0.159704041 0.0453011464 0.880496 0.036907
-0.105059 0.204735 2.791255 0.999916989 0.0124002107 0.00350005947 0.883102 0.036009
-0.104528 0.209698 2.792662 0.942807948 -0.320702704 -0.0909007663 0.886458 0.035874
-0.105059 0.204197 2.793154 0.999916989 0.0124002107 0.00350005947 0.883009 0.035325
-0.104528 0.20916 2.794561 0.942807948 -0.320702704 -0.0909007663 0.886406 0.035196
-0.104125 0.197777 2.789282 0.986124954 0.159704041 0.0453011464 0.88044 0.036189
-0.104125 0.197239 2.791181 0.986124954 0.159704041 0.0453011464 0.880322 0.035568
-0.102177 0.213173 2.793647 0.686484451 -0.699584155 -0.198295509 0.890777 0.03576
-0.102177 0.213778 2.791511 0.686484451 -0.699584155 -0.198295509 0.890796 0.03653
-0.102176 0.212634 2.795546 0.686431573 -0.69963218 -0.198309121 0.89077 0.035143
-0.102177 0.214384 2.789376 0.686484451 -0.699584155 -0.198295509 0.890822 0.0373
-0.105977 0.208523 2.797031 0.354427841 -0.361528399 0.862367742 0.885298 0.034666
-0.105059 0.203792 2.79458 0.895538057 -0.105004462 0.432418376 0.882878 0.034873
-0.104528 0.208756 2.795987 0.829732613 -0.419916505 0.367714453 0.886344 0.034791
-0.106397 0.203501 2.795606 0.400996523 -0.235497958 0.885292325 0.881922 0.034695
-0.104125 0.196835 2.792607 0.899919123 0.0390008288 0.434309229 0.880147 0.035137
-0.105311 0.196544 2.793633 0.441398912 -0.165599592 0.881897826 0.879355 0.034934
-0.11041 0.203303 2.796306 0.114898372 -0.260596309 0.958586422 0.87936 0.034829
-0.110326 0.208498 2.797785 0.0999023472 -0.296406964 0.949822316 0.882296 0.034826
-0.10887 0.196345 2.794333 0.131106814 -0.241712562 0.961449968 0.877389 0.034995
-0.107966 0.212666 2.798984 0.0873036227 -0.347414416 0.933638742 0.886735 0.034738
-0.103624 0.21217 2.798069 0.298606525 -0.534711684 0.790517273 0.889778 0.03473
-0.102176 0.21223 2.796972 0.602048729 -0.770262344 0.210317023 0.89078 0.034833
-0.201252 0.208446 2.797009 -0.226500034 -0.813200122 0.53610008 0.817706 0.039596
-0.185316 0.203303 2.796306 -0.113105967 -0.443223383 0.889246913 0.833813 0.038823
-0.196915 0.208434 2.797767 -0.0942003801 -0.490201978 0.866503496 0.820862 0.039902
-0.189329 0.203501 2.795606 -0.308403329 -0.734807932 0.604106521 0.831293 0.038545
-0.175303 0.196345 2.794334 -0.128204651 -0.400614535 0.907232915 0.843871 0.038233
-0.178862 0.196543 2.793633 -0.37550337 -0.636805715 0.673406044 0.841994 0.038029
-0.190666 0.203792 2.79458 -0.443413076 -0.896126427 0.0185005456 0.830393 0.038193
-0.202698 0.208675 2.795964 -0.289621808 -0.956572028 -0.033002485 0.816604 0.039086
-0.190666 0.204197 2.793154 -0.4781084 -0.845014847 -0.239504208 0.830326 0.038014
-0.202698 0.209079 2.794538 -0.314310908 -0.913331698 -0.258908986 0.816552 0.038722
-0.180048 0.196835 2.792607 -0.601499765 -0.793299691 0.0941999633 0.8413 0.03777
-0.180048 0.197239 2.791181 -0.645114006 -0.735115959 -0.208404525 0.841223 0.03766
-0.216401 0.211906 2.79688 -0.170005708 -0.984733063 -0.0374012558 0.799291 0.040471
-0.214969 0.211864 2.797983 -0.141702422 -0.844414435 0.516608832 0.800549 0.041152
-0.232034 0.213911 2.797448 -0.0928963237 -0.995460605 -0.0206991808 0.77781 0.042369
-0.230828 0.214078 2.798612 -0.0761045097 -0.84024979 0.536831811 0.778996 0.043287
-0.216401 0.21231 2.795454 -0.185305443 -0.945427772 -0.268007873 0.799253 0.039814
-0.232034 0.214315 2.796022 -0.101104065 -0.957138487 -0.271410914 0.777777 0.041319
-0.210673 0.212413 2.798912 -0.0655989829 -0.506592145 0.859686671 0.804206 0.041305
-0.227208 0.215253 2.799724 -0.0362018145 -0.501425132 0.864443327 0.782452 0.043276
-0.202698 0.210223 2.790503 -0.314310908 -0.913331698 -0.258908986 0.816576 0.039233
-0.190666 0.204735 2.791255 -0.4781084 -0.845014847 -0.239504208 0.830308 0.038256
-0.202698 0.209617 2.792639 -0.314310908 -0.913331698 -0.258908986 0.816546 0.038854
-0.190666 0.205341 2.789119 -0.4781084 -0.845014847 -0.239504208 0.83033 0.038708
-0.180048 0.197777 2.789282 -0.645114006 -0.735115959 -0.208404525 0.841193 0.037901
-0.180048 0.198383 2.787146 -0.645114006 -0.735115959 -0.208404525 0.841205 0.038317
-0.190666 0.205946 2.786983 -0.478096947 -0.844994605 -0.23959847 0.830383 0.039159
-0.202698 0.210828 2.788368 -0.314310908 -0.913331698 -0.258908986 0.81663 0.03961
-0.190666 0.206485 2.785084 -0.478096947 -0.844994605 -0.23959847 0.83046 0.039397
-0.202698 0.211367 2.786469 -0.314310908 -0.913331698 -0.258908986 0.816698 0.039737
-0.180048 0.198988 2.785011 -0.645114006 -0.735115959 -0.208404525 0.841251 0.038731
-0.180048 0.199527 2.783112 -0.645114006 -0.735115959 -0.208404525 0.841325 0.038969
-0.216401 0.21406 2.789284 -0.185305443 -0.945427772 -0.268007873 0.799332 0.040143
-0.216401 0.213454 2.791419 -0.185305443 -0.945427772 -0.268007873 0.799286 0.039939
-0.232034 0.216064 2.789852 -0.101104065 -0.957138487 -0.271410914 0.777832 0.040818
-0.232034 0.215459 2.791988 -0.101104065 -0.957138487 -0.271410914 0.777803 0.040876
-0.216401 0.214598 2.787385 -0.18540201 -0.945410248 -0.268002905 0.799381 0.040056
-0.232034 0.216603 2.787953 -0.101104065 -0.957138487 -0.271410914 0.777849 0.040423
-0.216401 0.212849 2.793555 -0.185305443 -0.945427772 -0.268007873 0.799255 0.039733
-0.232034 0.214853 2.794123 -0.101104065 -0.957138487 -0.271410914 0.777803 0.040876
-0.201252 0.21212 2.784031 -0.227395609 -0.418091927 -0.879483017 0.81787 0.038764
-0.190666 0.206889 2.783658 -0.443404662 -0.753507923 -0.485405104 0.830551 0.039212
-0.202698 0.211771 2.785043 -0.289614972 -0.833843107 -0.469924293 0.816771 0.039365
-0.189329 0.20718 2.782632 -0.308599 -0.309598997 -0.899397086 0.831453 0.038793
-0.180048 0.199931 2.781686 -0.601518004 -0.625818731 -0.496514861 0.84142 0.038853
-0.178862 0.200222 2.780659 -0.375424426 -0.188612272 -0.907459041 0.842114 0.038545
-0.185316 0.207378 2.781931 -0.113199556 0.0887996519 -0.989596121 0.833961 0.038334
-0.196915 0.212492 2.783374 -0.0949031195 0.0332010913 -0.994932704 0.82102 0.038202
-0.175303 0.200421 2.779959 -0.128297038 0.135196878 -0.982477315 0.843983 0.038207
-0.210673 0.216417 2.784467 -0.0671012595 0.0074001389 -0.997718727 0.804343 0.038049
-0.214969 0.215525 2.784991 -0.143004812 -0.464915645 -0.873729401 0.800667 0.038576
-0.227208 0.219185 2.785241 -0.0378024729 0.00630041215 -0.999265369 0.782484 0.037846
-0.230828 0.21772 2.785611 -0.0775012303 -0.460607312 -0.884214037 0.77899 0.038283
-0.216401 0.215002 2.785959 -0.169998351 -0.863191627 -0.475395389 0.79942 0.03939
-0.232034 0.217007 2.786527 -0.0929036228 -0.866633795 -0.490219116 0.77784 0.03936
-0.100064 0.179431 2.774764 0.498107387 0.36680544 -0.785711652 0.875777 0.037939
-0.098951 0.167046 2.770496 0.168608561 0.320716285 -0.932047326 0.873898 0.03712
-0.103012 0.179629 2.774064 0.157705152 0.313710248 -0.936330586 0.874748 0.037878
-0.0962 0.166848 2.771197 0.517904203 0.384003116 -0.764406203 0.874589 0.037287
-0.094306 0.153838 2.766752 0.178298793 0.328297777 -0.92759372 0.873377 0.0365
-0.09171 0.15364 2.767452 0.53332583 0.401719456 -0.744436054 0.873811 0.03675
-0.095283 0.166557 2.772223 0.899360363 0.35922411 -0.249216727 0.874887 0.037354
-0.099081 0.17914 2.775791 0.900948625 0.335318098 -0.275414865 0.876221 0.037874
-0.095283 0.166152 2.773649 0.956039959 0.282111791 0.0800033438 0.87497 0.037335
-0.099081 0.178736 2.777217 0.964854144 0.252814187 0.0717040238 0.876344 0.037691
-0.090844 0.153349 2.768478 0.895646673 0.383119965 -0.225911773 0.873992 0.036924
-0.090844 0.152944 2.769904 0.946521576 0.310407076 0.088002006 0.874037 0.037038
-0.10208 0.190473 2.779004 0.900957046 0.306619414 -0.30701944 0.878008 0.038362
-0.10315 0.190764 2.777977 0.472998363 0.347598797 -0.809597199 0.877402 0.038549
-0.10208 0.190069 2.78043 0.974305193 0.216701155 0.0614003273 0.878157 0.038025
-0.106362 0.190963 2.777277 0.145097433 0.306694573 -0.940683355 0.87595 0.038581
-0.099081 0.177592 2.781251 0.964854144 0.252814187 0.0717040238 0.876426 0.037061
-0.095283 0.165614 2.775548 0.956039959 0.282111791 0.0800033438 0.875018 0.037243
-0.099081 0.178197 2.779116 0.964854144 0.252814187 0.0717040238 0.876411 0.037402
-0.095283 0.165008 2.777684 0.956039959 0.282111791 0.0800033438 0.87503 0.037115
-0.090844 0.152406 2.771803 0.946521576 0.310407076 0.088002006 0.874064 0.037106
-0.090844 0.1518 2.773939 0.946521576 0.310407076 0.088002006 0.874075 0.037153
-0.095283 0.164403 2.779819 0.956039959 0.282111791 0.0800033438 0.875009 0.036989
-0.099081 0.176986 2.783387 0.964854144 0.252814187 0.0717040238 0.876388 0.036722
-0.095283 0.163865 2.781718 0.956039959 0.282111791 0.0800033438 0.874956 0.036901
-0.099081 0.176448 2.785286 0.964854144 0.252814187 0.0717040238 0.876302 0.036439
-0.090844 0.151195 2.776074 0.946521576 0.310407076 0.088002006 0.874075 0.037153
-0.090844 0.150656 2.777973 0.946521576 0.310407076 0.088002006 0.874047 0.03727
-0.10208 0.188319 2.7866 0.974305193 0.216701155 0.0614003273 0.8782 0.036441
-0.10208 0.188925 2.784465 0.974305193 0.216701155 0.0614003273 0.878251 0.036991
-0.10208 0.187781 2.788499 0.974305193 0.216701155 0.0614003273 0.878089 0.035967
-0.10208 0.18953 2.782329 0.974305193 0.216701155 0.0614003273 0.878237 0.037544
-0.100064 0.175752 2.787738 0.498184821 -0.10009695 0.861273757 0.875721 0.036232
-0.095283 0.16346 2.783144 0.89934902 0.174909534 0.400721842 0.874873 0.036888
-0.099081 0.176043 2.786712 0.900944246 0.14090692 0.410420156 0.876168 0.036266
-0.0962 0.163169 2.784171 0.517903693 -0.0743005298 0.852206076 0.874581 0.036976
-0.090844 0.150252 2.779399 0.895617608 0.207604082 0.393407734 0.87401 0.037387
-0.09171 0.149961 2.780426 0.533310445 -0.0487009538 0.84451654 0.873842 0.037574
-0.098951 0.162971 2.784871 0.168710402 -0.216213331 0.961659293 0.873902 0.037193
-0.103012 0.175554 2.788439 0.157707948 -0.224411309 0.961648464 0.874696 0.036368
-0.094306 0.149762 2.781126 0.178294895 -0.207394062 0.961872462 0.873427 0.037855
-0.106362 0.186887 2.791652 0.145098283 -0.232597248 0.961688623 0.875846 0.035572
-0.10315 0.187086 2.790952 0.47302785 -0.129007596 0.871551314 0.8773 0.035499
-0.10208 0.187377 2.789925 0.901002735 0.0997003026 0.422201281 0.877918 0.035642
-0.081314 0.127169 2.759941 0.556022061 0.436817331 -0.707128056 0.873314 0.036426
-0.077714 0.113985 2.755425 0.202405573 0.353109723 -0.913425152 0.873326 0.036282
-0.08367 0.127365 2.759239 0.195406824 0.345012048 -0.918032058 0.873174 0.036165
-0.075444 0.113798 2.756132 0.562541886 0.452033657 -0.692251544 0.873377 0.0365
-0.071356 0.100433 2.751544 0.207998634 0.360697632 -0.909194031 0.873538 0.036477
-0.06915 0.100266 2.752258 0.565311651 0.465009584 -0.681314042 0.87357 0.036646
-0.074688 0.113526 2.757165 0.877022272 0.447011352 -0.176104472 0.873427 0.036688
-0.080529 0.126883 2.760969 0.884225979 0.427812569 -0.187405506 0.873369 0.036643
-0.074688 0.113147 2.7586 0.917102655 0.385801117 0.100400291 0.873435 0.036854
-0.080529 0.126485 2.762397 0.926469367 0.362788005 0.100196687 0.873381 0.036832
-0.068415 0.10002 2.753303 0.868602971 0.464401588 -0.172800591 0.873586 0.036787
-0.068415 0.099679 2.754752 0.908407935 0.407403559 0.0939008202 0.873594 0.036914
-0.08592 0.14014 2.764734 0.890419367 0.406508842 -0.204704452 0.873522 0.036704
-0.086742 0.140431 2.763707 0.54602402 0.419918473 -0.72493189 0.873377 0.0365
-0.08592 0.139736 2.76616 0.936370877 0.337825571 0.0953072141 0.873545 0.036882
-0.089207 0.14063 2.763007 0.187209057 0.336616286 -0.922844648 0.873174 0.036165
-0.080529 0.125359 2.766438 0.926124853 0.363609758 0.100402694 0.873397 0.037178
-0.074688 0.112642 2.76051 0.916727988 0.386611803 0.100703075 0.87339 0.037008
-0.080529 0.125955 2.764299 0.926297212 0.363198907 0.100299698 0.87339 0.037008
-0.074688 0.112074 2.762658 0.916229902 0.387712653 0.101003296 0.873397 0.037178
-0.068415 0.099225 2.756678 0.907631713 0.409014291 0.0944032985 0.8736 0.037042
-0.068415 0.098714 2.758843 0.9067228 0.410910332 0.0949023864 0.873605 0.03717
-0.074688 0.111507 2.764805 0.915791405 0.388696352 0.10119905 0.873453 0.037336
-0.080529 0.124763 2.768576 0.925918579 0.364107306 0.100502017 0.873403 0.037348
-0.074688 0.111002 2.766714 0.915362018 0.389626398 0.101506877 0.873458 0.037498
-0.080529 0.124232 2.770478 0.925745779 0.364518026 0.100604975 0.873407 0.037524
-0.068415 0.098203 2.761008 0.905855703 0.412725379 0.0953058605 0.873609 0.037299
-0.068415 0.097749 2.762932 0.905049001 0.414422437 0.0956051762 0.873612 0.037427
-0.08592 0.137987 2.77233 0.936223013 0.338208313 0.095402345 0.873609 0.037299
-0.08592 0.138592 2.770194 0.936254674 0.338119745 0.0954055714 0.873605 0.03717
-0.08592 0.137448 2.774229 0.936182409 0.338293644 0.0954982056 0.873567 0.037463
-0.08592 0.139198 2.768059 0.936298666 0.337999518 0.0953998641 0.8736 0.037042
-0.081314 0.123548 2.772934 0.556774186 0.00199990728 0.830661487 0.873427 0.037855
-0.074688 0.110623 2.768148 0.878990045 0.298196623 0.372095786 0.873463 0.037665
-0.080529 0.123835 2.771906 0.884622169 0.269406751 0.380609538 0.873409 0.037714
-0.075444 0.11035 2.769181 0.566158983 0.026002709 0.823885833 0.873427 0.037855
-0.068415 0.097407 2.764379 0.874000175 0.326600065 0.359800072 0.873614 0.037555
-0.06915 0.097162 2.765421 0.574800678 0.0494000583 0.816800964 0.873608 0.037698
-0.077714 0.110164 2.769886 0.202698572 -0.179798733 0.962593219 0.873392 0.038079
-0.08367 0.123353 2.773635 0.195396057 -0.18879619 0.962380579 0.873249 0.038207
-0.071356 0.096994 2.766132 0.209111286 -0.171409251 0.962751961 0.873588 0.037871
-0.089207 0.136554 2.777381 0.187210835 -0.19801146 0.962155686 0.873249 0.038207
-0.086742 0.136753 2.776681 0.54603299 -0.0229013836 0.837450596 0.87347 0.037868
-0.08592 0.137044 2.775655 0.890357746 0.239415528 0.387225114 0.873614 0.037555
-0.161003 0.175752 2.787738 -0.467426569 -0.522029673 0.713440553 0.857095 0.038463
-0.150297 0.162971 2.784871 -0.168902279 -0.359804856 0.917612383 0.862777 0.039336
-0.158054 0.175554 2.788439 -0.156998851 -0.364197334 0.91799328 0.858054 0.03875
-0.153047 0.163169 2.784171 -0.495601502 -0.500701517 0.70970215 0.862124 0.038966
-0.14277 0.149762 2.781126 -0.179498856 -0.362097692 0.914694169 0.866319 0.039792
-0.145366 0.149961 2.780426 -0.515538084 -0.497636762 0.69755153 0.865892 0.03936
-0.153964 0.16346 2.783144 -0.81725139 -0.549634562 0.173210892 0.861859 0.038491
-0.161986 0.176043 2.786712 -0.783815034 -0.597611462 0.168803238 0.856717 0.038095
-0.153964 0.163865 2.781718 -0.862044396 -0.487625113 -0.138207118 0.861799 0.038049
-0.161986 0.176448 2.785286 -0.830755671 -0.535535887 -0.151810173 0.856647 0.0378
-0.146232 0.150252 2.7794 -0.830186792 -0.532291531 0.165697364 0.865712 0.038805
-0.146232 0.150656 2.777974 -0.871271362 -0.47218448 -0.133895599 0.865664 0.038252
-0.170584 0.187377 2.789925 -0.71903162 -0.67922987 0.147106469 0.849969 0.037796
-0.169514 0.187085 2.790952 -0.428711054 -0.564314551 0.705518192 0.850489 0.038076
-0.170584 0.187781 2.788499 -0.765798281 -0.618698611 -0.175399606 0.849892 0.03763
-0.166302 0.186887 2.791652 -0.143402013 -0.376105279 0.915412848 0.851852 0.038296
-0.161986 0.177592 2.781251 -0.830755671 -0.535535887 -0.151810173 0.856647 0.0378
-0.153964 0.164403 2.779819 -0.862044396 -0.487625113 -0.138207118 0.861765 0.037778
-0.161986 0.176986 2.783387 -0.830755671 -0.535535887 -0.151810173 0.856611 0.03773
-0.153964 0.165008 2.777684 -0.862044396 -0.487625113 -0.138207118 0.861753 0.037594
-0.146232 0.151195 2.776074 -0.871271362 -0.47218448 -0.133895599 0.865632 0.037825
-0.146232 0.1518 2.773939 -0.871271362 -0.47218448 -0.133895599 0.865615 0.037462
-0.153964 0.165614 2.775548 -0.862044396 -0.487625113 -0.138207118 0.861759 0.037408
-0.161986 0.178197 2.779116 -0.830755671 -0.535535887 -0.151810173 0.856647 0.0378
-0.153964 0.166152 2.773649 -0.862044396 -0.487625113 -0.138207118 0.861781 0.037137
-0.161986 0.178736 2.777217 -0.830755671 -0.535535887 -0.151810173 0.856667 0.037741
-0.146232 0.152406 2.771803 -0.871312499 -0.472106772 -0.133901921 0.865611 0.037098
-0.146232 0.152944 2.769904 -0.871312499 -0.472106772 -0.133901921 0.865616 0.03667
-0.170584 0.18953 2.782329 -0.765845661 -0.618636884 -0.175410458 0.849894 0.038268
-0.170584 0.188925 2.784465 -0.765845661 -0.618636884 -0.175410458 0.849859 0.038009
-0.170584 0.190069 2.78043 -0.765845661 -0.618636884 -0.175410458 0.849955 0.038384
-0.170584 0.188319 2.7866 -0.765798281 -0.618698611 -0.175399606 0.849857 0.037748
-0.161003 0.179431 2.774764 -0.467391012 -0.0698986559 -0.881283053 0.857087 0.037049
-0.153964 0.166557 2.772223 -0.817218939 -0.377008737 -0.435910102 0.861816 0.036692
-0.161986 0.17914 2.775791 -0.783819698 -0.420110558 -0.457311492 0.856727 0.037442
-0.153047 0.166848 2.771197 -0.495638342 -0.0537041544 -0.866867059 0.862053 0.0362
-0.146232 0.153349 2.768478 -0.830201075 -0.366100474 -0.420400544 0.865629 0.036115
-0.145366 0.15364 2.767452 -0.515525645 -0.0575028606 -0.85494253 0.865774 0.035549
-0.150297 0.167046 2.770496 -0.168903099 0.175303216 -0.969917793 0.862681 0.035785
-0.158054 0.179629 2.774064 -0.157006242 0.17180683 -0.972538664 0.858029 0.036695
-0.14277 0.153838 2.766752 -0.17950705 0.171806748 -0.968638044 0.866172 0.035088
-0.166302 0.190963 2.777277 -0.143399483 0.160299422 -0.976596479 0.851901 0.037581
-0.169514 0.190764 2.777977 -0.428709736 -0.110002498 -0.896720365 0.850549 0.037897
-0.170584 0.190473 2.779004 -0.719037139 -0.500925873 -0.481724882 0.850037 0.038212
-0.129999 0.123548 2.772934 -0.540412838 -0.50471199 0.673215992 0.870749 0.039246
-0.12008 0.110164 2.769886 -0.202513776 -0.373725424 0.905161576 0.872252 0.039253
-0.127643 0.123353 2.773635 -0.196106493 -0.370412265 0.907930062 0.870909 0.03964
-0.122349 0.11035 2.769181 -0.548398804 -0.506198896 0.665598549 0.872159 0.038925
-0.112539 0.096994 2.766132 -0.207213751 -0.376224967 0.903059929 0.873157 0.038807
-0.114746 0.097162 2.765421 -0.552526992 -0.506124725 0.662232351 0.873105 0.038552
-0.123106 0.110623 2.768148 -0.837917236 -0.526210824 0.144902981 0.872103 0.038496
-0.130784 0.123835 2.771906 -0.836118784 -0.528511873 0.1469033 0.870668 0.038736
-0.123106 0.111002 2.766714 -0.874108055 -0.470004331 -0.12260113 0.87207 0.038041
-0.130784 0.124232 2.770478 -0.872530945 -0.470916701 -0.130104614 0.870631 0.038201
-0.115481 0.097407 2.764379 -0.838311259 -0.524007037 0.150502021 0.873065 0.038215
-0.115481 0.097749 2.762932 -0.876042169 -0.469822615 -0.108705233 0.873035 0.037854
-0.138499 0.137044 2.775655 -0.833415764 -0.530610037 0.154502922 0.868593 0.038863
-0.137677 0.136753 2.776681 -0.529131831 -0.501830189 0.684241162 0.868713 0.039423
-0.138499 0.137448 2.774229 -0.871630643 -0.471716583 -0.133204683 0.868551 0.038287
-0.135213 0.136554 2.777381 -0.18829392 -0.366488166 0.911170579 0.868981 0.039856
-0.130784 0.125359 2.766438 -0.873118484 -0.469909948 -0.129802748 0.870585 0.037292
-0.123106 0.111507 2.764805 -0.874668467 -0.469036715 -0.122309574 0.872045 0.037631
-0.130784 0.124762 2.768576 -0.872819202 -0.470410349 -0.13000286 0.870604 0.03773
-0.123106 0.112074 2.762658 -0.875315537 -0.467908305 -0.122002166 0.872028 0.037244
-0.115481 0.098203 2.761008 -0.877051796 -0.46802764 -0.108306396 0.873014 0.037525
-0.115481 0.098714 2.758843 -0.878162343 -0.466033085 -0.107907661 0.872999 0.037211
-0.123106 0.112642 2.76051 -0.875937692 -0.466820088 -0.121705237 0.872018 0.036856
-0.130784 0.125955 2.764299 -0.87340611 -0.469403283 -0.129700907 0.870574 0.036854
-0.123106 0.113147 2.7586 -0.876476765 -0.465887649 -0.121396782 0.872014 0.036445
-0.130784 0.126485 2.762397 -0.873628778 -0.46901545 -0.129604269 0.870624 0.03643
-0.115481 0.099225 2.756678 -0.879246276 -0.464124428 -0.107305648 0.872992 0.036897
-0.115481 0.099679 2.754752 -0.880212306 -0.462406464 -0.106801493 0.872991 0.036567
-0.138499 0.139198 2.768059 -0.871813596 -0.471407352 -0.133102076 0.868493 0.036924
-0.138499 0.138592 2.770194 -0.871748492 -0.471526229 -0.133107404 0.868503 0.037363
-0.138499 0.139736 2.76616 -0.871890278 -0.471294745 -0.132998517 0.86849 0.036438
-0.138499 0.137987 2.77233 -0.871695777 -0.471597715 -0.133199355 0.868522 0.037802
-0.129999 0.127169 2.759941 -0.543192099 -0.074598915 -0.836287836 0.870614 0.03533
-0.123106 0.113526 2.757165 -0.845306839 -0.372203011 -0.383303101 0.872015 0.035988
-0.130784 0.126883 2.760969 -0.838908616 -0.372103822 -0.397204079 0.870568 0.035846
-0.122349 0.113798 2.756132 -0.556594142 -0.0792991654 -0.826991296 0.872041 0.035556
-0.115481 0.10002 2.753303 -0.853324414 -0.371510629 -0.365810466 0.872995 0.036204
-0.114746 0.100266 2.752258 -0.570497122 -0.0819995863 -0.817195877 0.873011 0.035865
-0.12008 0.113985 2.755425 -0.204209641 0.161307616 -0.965545584 0.872111 0.03522
-0.127643 0.127364 2.759239 -0.196597966 0.163298311 -0.966789999 0.870747 0.034925
-0.112539 0.100433 2.751544 -0.211201789 0.160901363 -0.964108166 0.873045 0.035605
-0.135213 0.14063 2.763007 -0.188404367 0.166803867 -0.967822434 0.868814 0.034841
-0.137677 0.140431 2.763707 -0.52962935 -0.0674037353 -0.845546857 0.868576 0.035293
-0.138499 0.14014 2.764734 -0.833982945 -0.370292428 -0.409091634 0.868493 0.03586
-0.270329 0.258798 2.79755 0 0.999805934 -0.0197001169 0.713642 0.05062
-0.245282 0.258805 2.798599 0 0.999993155 -0.00369997467 0.75281 0.044955
-0.245282 0.258798 2.79755 0 0.999805934 -0.0197001169 0.753022 0.048003
-0.270329 0.258805 2.798599 0 0.999993155 -0.00369997467 0.713475 0.047265
-0.245282 0.258805 2.800054 0 1 0 0.752637 0.042498
-0.270329 0.258805 2.800054 0 1 0 0.713343 0.044581
-0.298488 0.258805 2.798599 0 0.999993155 -0.00369997467 0.658387 0.050844
-0.298488 0.258798 2.797551 0 0.999805934 -0.0197001169 0.658439 0.054533
-0.332507 0.258805 2.798599 0 0.999993155 -0.00369997467 0.580052 0.056234
-0.332507 0.258798 2.797551 0 0.999805934 -0.0197001169 0.579899 0.060278
-0.298488 0.258805 2.800054 0 1 0 0.658365 0.047908
-0.332507 0.258805 2.800054 0 1 0 0.580223 0.053024
-0.298488 0.258774 2.79683 0 0.997878835 -0.0650986193 0.658513 0.05882
-0.270329 0.258774 2.79683 0 0.997878835 -0.0650986193 0.713838 0.054507
-0.298488 0.258728 2.79636 0 0.984480065 -0.175496446 0.658606 0.06355
-0.270329 0.258728 2.796359 0 0.984480065 -0.175496446 0.714058 0.058788
-0.332507 0.258774 2.79683 0 0.997878835 -0.0650986193 0.579762 0.064983
-0.332507 0.258728 2.79636 0 0.984480065 -0.175496446 0.579638 0.070179
-0.245282 0.258774 2.79683 0 0.997878835 -0.0650986193 0.753265 0.05152
-0.245282 0.258728 2.796359 0 0.984480065 -0.175496446 0.753533 0.055385
-0.424217 0.258798 2.797551 0 0.999805934 -0.0197001169 0.357442 0.076819
-0.375134 0.258805 2.798599 0 0.999993155 -0.00369997467 0.470971 0.063978
-0.375134 0.258798 2.797551 0 0.999805934 -0.0197001169 0.47051 0.06839
-0.424217 0.258805 2.798599 0 0.999993155 -0.00369997467 0.358231 0.072077
-0.375134 0.258805 2.800054 0 1 0 0.471439 0.060471
-0.424217 0.258805 2.800054 0 1 0 0.359017 0.068299
-0.477605 0.258805 2.798599 0 0.999993155 -0.00369997467 0.268918 0.078534
-0.477605 0.258798 2.79755 0 0.999805934 -0.0197001169 0.267866 0.083516
-0.477605 0.258805 2.800054 0 1 0 0.269961 0.074556
-0.477605 0.258774 2.79683 0 0.997878835 -0.0650986193 0.266809 0.089296
-0.424217 0.258774 2.79683 0 0.997878835 -0.0650986193 0.356655 0.082327
-0.477605 0.258728 2.796359 0 0.984480065 -0.175496446 0.265752 0.095666
-0.424217 0.258728 2.79636 0 0.984480065 -0.175496446 0.35587 0.088403
-0.375134 0.258774 2.79683 0 0.997878835 -0.0650986193 0.470057 0.073521
-0.375134 0.258728 2.79636 0 0.984480065 -0.175496446 0.469613 0.079186
-0.270329 0.258805 2.804168 0 1 0 0.713188 0.041233
-0.245282 0.258805 2.806345 0 1 0 0.752331 0.037972
-0.245282 0.258805 2.804168 0 1 0 0.752415 0.039362
-0.270329 0.258805 2.806345 0 1 0 0.713121 0.039762
-0.245282 0.258805 2.808282 0 1 0 0.752244 0.036226
-0.270329 0.258805 2.808282 0 1 0 0.713035 0.037888
-0.298488 0.258805 2.806345 0 1 0 0.658395 0.042736
-0.298488 0.258805 2.804168 0 1 0 0.658394 0.044308
-0.332507 0.258805 2.806345 0 1 0 0.580743 0.047416
-0.332507 0.258805 2.804168 0 1 0 0.580598 0.049117
-0.298488 0.258805 2.808282 0 1 0 0.658354 0.040713
-0.332507 0.258805 2.808282 0 1 0 0.580818 0.045214
-0.298488 0.258805 2.80199 0 1 0 0.658376 0.045881
-0.270329 0.258805 2.80199 0 1 0 0.713255 0.042704
-0.332507 0.258805 2.80199 0 1 0 0.580415 0.050819
-0.245282 0.258805 2.80199 0 1 0 0.752511 0.040752
-0.424217 0.258805 2.804168 0 1 0 0.360538 0.06365
-0.375134 0.258805 2.806345 0 1 0 0.472753 0.05432
-0.375134 0.258805 2.804168 0 1 0 0.472364 0.056189
-0.424217 0.258805 2.806345 0 1 0 0.361197 0.061613
-0.375134 0.258805 2.808282 0 1 0 0.473046 0.051905
-0.424217 0.258805 2.808282 0 1 0 0.361738 0.058991
-0.477605 0.258805 2.806345 0 1 0 0.272846 0.067458
-0.477605 0.258805 2.804168 0 1 0 0.271965 0.069626
-0.477605 0.258805 2.808282 0 1 0 0.273593 0.064678
-0.477605 0.258805 2.80199 0 1 0 0.27099 0.071789
-0.424217 0.258805 2.80199 0 1 0 0.359799 0.065684
-0.375134 0.258805 2.80199 0 1 0 0.471915 0.058057
-0.270329 0.258797 2.81078 0 0.999749064 0.0224010994 0.712745 0.03186
-0.245282 0.258771 2.811487 0 0.997077382 0.0763982669 0.751875 0.027204
-0.245282 0.258797 2.81078 0 0.999749064 0.0224010994 0.752012 0.030719
-0.270329 0.258771 2.811487 0 0.997077382 0.0763982669 0.712558 0.027985
-0.245282 0.258719 2.81193 0 0.975022713 0.222105174 0.75173 0.023347
-0.270329 0.258719 2.81193 0 0.975022713 0.222105174 0.712353 0.023723
-0.298488 0.258771 2.811487 0 0.997077382 0.0763982669 0.657868 0.029839
-0.298488 0.258797 2.81078 0 0.999749064 0.0224010994 0.658077 0.034107
-0.332506 0.258771 2.811487 0 0.997077382 0.0763982669 0.580524 0.03329
-0.332506 0.258797 2.81078 0 0.999749064 0.0224010994 0.580691 0.037977
-0.298488 0.258719 2.81193 0 0.975022713 0.222105174 0.657627 0.025137
-0.332506 0.258719 2.81193 0 0.975022713 0.222105174 0.580313 0.028123
-0.298488 0.258805 2.809736 0 0.999991595 0.00409996554 0.658243 0.037784
-0.270329 0.258805 2.809736 0 0.999991595 0.00409996554 0.712907 0.035207
-0.332507 0.258805 2.809736 0 0.999991595 0.00409996554 0.580795 0.04201
-0.245282 0.258805 2.809736 0 0.999991595 0.00409996554 0.752136 0.033767
-0.424217 0.258797 2.81078 0 0.999749064 0.0224010994 0.362384 0.050444
-0.375134 0.258771 2.811487 0 0.997077382 0.0763982669 0.473249 0.038861
-0.375134 0.258797 2.81078 0 0.999749064 0.0224010994 0.473271 0.043985
-0.424217 0.258771 2.811487 0 0.997077382 0.0763982669 0.362546 0.044928
-0.375134 0.258719 2.81193 0 0.975022713 0.222105174 0.473169 0.033214
-0.424217 0.258719 2.81193 0 0.975022713 0.222105174 0.362638 0.038853
-0.477605 0.258771 2.811487 0 0.997077382 0.0763982669 0.27492 0.049867
-0.477605 0.258797 2.81078 0 0.999749064 0.0224010994 0.274598 0.055669
-0.477605 0.258719 2.81193 0 0.975022713 0.222105174 0.275165 0.043482
-0.477605 0.258805 2.809736 0 0.999991595 0.00409996554 0.274167 0.060677
-0.424217 0.258805 2.809736 0 0.999991595 0.00409996554 0.362124 0.0552
-0.375134 0.258805 2.809736 0 0.999991595 0.00409996554 0.473211 0.048396
-0.271303 0.216075 2.799164 -0.0128001274 -0.812008084 0.583505809 0.71431 0.049751
-0.249857 0.215114 2.797789 -0.0457019492 -0.998942606 -0.00500021326 0.751519 0.044803
-0.249178 0.215408 2.798983 -0.035703026 -0.824969919 0.564047805 0.752221 0.046072
-0.271473 0.215715 2.79796 -0.0176004333 -0.999824616 0.00640015757 0.714065 0.048067
-0.249857 0.215518 2.796363 -0.049400718 -0.960913967 -0.272403959 0.751476 0.043268
-0.271473 0.216119 2.796534 -0.0183004411 -0.961923187 -0.272706574 0.713947 0.046012
-0.298488 0.215916 2.798017 -0.00380001138 -0.999902995 0.0134000401 0.659098 0.052459
-0.298488 0.216298 2.799225 -0.00269991423 -0.804474442 0.59398113 0.659351 0.054564
-0.332507 0.215916 2.798017 0 -0.999887496 0.0149998124 0.580266 0.058275
-0.332506 0.216298 2.799225 0 -0.802906576 0.596104882 0.580864 0.060752
-0.298488 0.21632 2.796591 -0.0037998657 -0.962065996 -0.272790358 0.658785 0.049898
-0.332507 0.21632 2.796591 0 -0.962099182 -0.272699768 0.579588 0.055279
-0.298488 0.218118 2.80047 -0.00119993428 -0.469274299 0.883051636 0.659461 0.054797
-0.270794 0.217831 2.800399 -0.00600021745 -0.475617237 0.879631878 0.714778 0.049832
-0.298488 0.22203 2.802007 -0.000500018096 -0.33241203 0.943134133 0.659342 0.051743
-0.270312 0.221724 2.801936 -0.00250001334 -0.332201772 0.943205032 0.714962 0.047029
-0.332506 0.218118 2.80047 0 -0.468089866 0.883680869 0.581287 0.061128
-0.332506 0.22203 2.802007 0 -0.332501021 0.943102895 0.581438 0.057825
-0.247142 0.216967 2.800185 -0.0171006014 -0.488617185 0.87233068 0.754209 0.046054
-0.245212 0.220804 2.801722 -0.0062999943 -0.3315997 0.943399146 0.755689 0.043524
-0.424217 0.216298 2.799225 0 -0.802906576 0.596104882 0.360557 0.076284
-0.375134 0.215916 2.798017 0 -0.999887496 0.0149998124 0.471216 0.065811
-0.375134 0.216298 2.799225 0 -0.802906576 0.596104882 0.472369 0.068552
-0.424217 0.215916 2.798017 0 -0.999887496 0.0149998124 0.358801 0.073372
-0.375134 0.21632 2.796591 0 -0.962099182 -0.272699768 0.469951 0.062503
-0.424217 0.21632 2.796591 0 -0.962072942 -0.272792328 0.356896 0.069861
-0.477605 0.215916 2.798017 0 -0.999887496 0.0149998124 0.269872 0.079264
-0.477605 0.216298 2.799225 0 -0.802906576 0.596104882 0.272117 0.082268
-0.477605 0.21632 2.796591 0 -0.962072942 -0.272792328 0.267446 0.075643
-0.477605 0.218118 2.80047 0 -0.468089866 0.883680869 0.274014 0.082742
-0.424217 0.218118 2.80047 0 -0.468089866 0.883680869 0.362016 0.07676
-0.477605 0.22203 2.802007 0 -0.332501021 0.943102895 0.275395 0.07877
-0.424217 0.22203 2.802007 0 -0.332501021 0.943102895 0.363034 0.07296
-0.375134 0.218118 2.80047 0 -0.468089866 0.883680869 0.47329 0.069003
-0.375134 0.22203 2.802007 0 -0.332501021 0.943102895 0.473858 0.065438
-0.271473 0.217263 2.792499 -0.0183004411 -0.961923187 -0.272706574 0.713775 0.044043
-0.249857 0.217267 2.790193 -0.049400718 -0.960913967 -0.272403959 0.751468 0.041692
-0.249857 0.216662 2.792329 -0.049400718 -0.960913967 -0.272403959 0.75147 0.042094
-0.271473 0.217869 2.790364 -0.0183004411 -0.961923187 -0.272706574 0.713675 0.043269
-0.249857 0.217806 2.788294 -0.049400718 -0.960913967 -0.272403959 0.751441 0.040906
-0.271473 0.218407 2.788465 -0.0183004411 -0.961923187 -0.272706574 0.713536 0.04206
-0.298488 0.218069 2.790421 -0.0037998657 -0.962065996 -0.272790358 0.657887 0.046049
-0.298488 0.217464 2.792556 -0.0037998657 -0.962065996 -0.272790358 0.658206 0.047174
-0.332507 0.218069 2.790421 0 -0.962072942 -0.272792328 0.577537 0.050536
-0.332507 0.217464 2.792556 0 -0.962072942 -0.272792328 0.578254 0.051938
-0.298488 0.218608 2.788522 -0.0037998657 -0.962065996 -0.272790358 0.657512 0.044442
-0.332507 0.218608 2.788522 0 -0.962072942 -0.272792328 0.576746 0.048608
-0.298488 0.216858 2.794692 -0.0037998657 -0.962065996 -0.272790358 0.658497 0.048297
-0.271473 0.216658 2.794635 -0.0183004411 -0.961923187 -0.272706574 0.713858 0.044814
-0.332507 0.216858 2.794692 0 -0.962072942 -0.272792328 0.578927 0.053343
-0.249857 0.216056 2.794464 -0.049400718 -0.960913967 -0.272403959 0.751466 0.042493
-0.424217 0.217464 2.792556 0 -0.962072942 -0.272792328 0.353035 0.065951
-0.375134 0.218069 2.790421 0 -0.962072942 -0.272792328 0.466059 0.057232
-0.375134 0.217464 2.792556 0 -0.962072942 -0.272792328 0.467406 0.058786
-0.424217 0.218069 2.790421 0 -0.962072942 -0.272792328 0.351006 0.064332
-0.375134 0.218608 2.788522 0 -0.962072942 -0.272792328 0.464617 0.055115
-0.424217 0.218608 2.788522 0 -0.962072942 -0.272792328 0.348862 0.062125
-0.477605 0.218069 2.790421 0 -0.962072942 -0.272792328 0.259931 0.070035
-0.477605 0.217464 2.792556 0 -0.962072942 -0.272792328 0.262514 0.071664
-0.477605 0.218608 2.788522 0 -0.962072942 -0.272792328 0.257219 0.067801
-0.477605 0.216858 2.794692 0 -0.962072942 -0.272792328 0.265006 0.073321
-0.424217 0.216858 2.794692 0 -0.962072942 -0.272792328 0.354986 0.06759
-0.375134 0.216858 2.794692 0 -0.962072942 -0.272792328 0.468692 0.060352
-0.271303 0.219687 2.786181 -0.013200401 -0.423012851 -0.906027526 0.713308 0.038186
-0.247142 0.220829 2.785729 -0.0181998458 0.0168998569 -0.999691533 0.754 0.037562
-0.249178 0.219033 2.785989 -0.036601817 -0.440421863 -0.89704453 0.751982 0.037939
-0.270794 0.221641 2.785989 -0.00630015127 0.0302007251 -0.999523999 0.71369 0.037802
-0.245212 0.224531 2.786311 -0.00660014227 0.202204359 -0.979321109 0.75574 0.039484
-0.270312 0.225372 2.786593 -0.00260007338 0.200805667 -0.979627645 0.714113 0.040063
-0.298488 0.221911 2.786075 -0.00129999939 0.0373999824 -0.99929953 0.656353 0.03917
-0.298488 0.219905 2.786246 -0.00279999636 -0.412399464 -0.910998816 0.656631 0.039669
-0.332507 0.221911 2.786075 0 0.0388018222 -0.999246926 0.574519 0.042461
-0.332507 0.219905 2.786246 0 -0.410115172 -0.912033741 0.575045 0.043078
-0.298488 0.225653 2.786688 -0.000500016893 0.200306767 -0.979733101 0.656336 0.041708
-0.332507 0.225653 2.786688 0 0.200114799 -0.979772457 0.574464 0.045267
-0.298488 0.219012 2.787096 -0.00380019796 -0.856744629 -0.515726865 0.657055 0.04187
-0.271473 0.218811 2.787039 -0.0175999639 -0.859698238 -0.510498953 0.713335 0.039985
-0.332507 0.219012 2.787096 0 -0.8559893 -0.516993538 0.575852 0.045624
-0.249857 0.21821 2.786868 -0.0457023434 -0.863644284 -0.502025742 0.751371 0.039354
-0.424217 0.219905 2.786246 0 -0.410115172 -0.912033741 0.344529 0.055851
-0.375134 0.221911 2.786075 0 0.0388018222 -0.999246926 0.460716 0.048471
-0.375134 0.219905 2.786246 0 -0.410115172 -0.912033741 0.461647 0.049105
-0.424217 0.221911 2.786075 0 0.0388018222 -0.999246926 0.343156 0.055258
-0.375134 0.225653 2.786688 0 0.200114799 -0.979772457 0.460553 0.051591
-0.424217 0.225653 2.786688 0 0.200114799 -0.979772457 0.342857 0.058677
-0.477605 0.221911 2.786075 0 0.0388018222 -0.999246926 0.250051 0.060883
-0.477605 0.219905 2.786246 0 -0.410115172 -0.912033741 0.251783 0.061418
-0.477605 0.225653 2.786688 0 0.200114799 -0.979772457 0.249635 0.064529
-0.477605 0.219012 2.787096 0 -0.8559893 -0.516993538 0.254338 0.064326
-0.424217 0.219012 2.787096 0 -0.8559893 -0.516993538 0.346567 0.058719
-0.375134 0.219012 2.787096 0 -0.8559893 -0.516993538 0.463047 0.051863
-0.078023 0.073667 2.742912 0 0.279116629 -0.960257209 0.873996 0.036403
-0.093491 0.086792 2.746821 -0.0252006399 0.265706746 -0.963724469 0.873705 0.035933
-0.084828 0.08681 2.746727 0 0.278113926 -0.960548096 0.87371 0.036091
-0.086593 0.073654 2.743008 -0.0256998074 0.266498003 -0.963492779 0.874044 0.036276
-0.10071 0.08674 2.747102 -0.0743054479 0.240217612 -0.967870962 0.873705 0.035933
-0.093736 0.073616 2.743296 -0.0761008577 0.240702713 -0.967610905 0.874082 0.036221
-0.080545 0.062106 2.739645 -0.0262010175 0.26701037 -0.963337412 0.87425 0.03656
-0.072019 0.062114 2.739547 0 0.279788802 -0.960061574 0.87418 0.036663
-0.075812 0.053062 2.737007 -0.0264015913 0.266916088 -0.963358063 0.874364 0.036774
-0.067301 0.053066 2.736907 0 0.279907836 -0.960026876 0.874287 0.036858
-0.087651 0.062082 2.739941 -0.0773987752 0.240796189 -0.96748469 0.874307 0.036509
-0.082904 0.05305 2.737309 -0.0784001972 0.240400605 -0.967502433 0.874426 0.036727
-0.063492 0.062106 2.739645 0.0258991969 0.291990946 -0.956070353 0.874108 0.036787
-0.069452 0.073654 2.743008 0.0254995893 0.290995314 -0.956384597 0.873948 0.036565
-0.056386 0.062082 2.739941 0.0757994982 0.314597917 -0.946193736 0.873992 0.036924
-0.06231 0.073616 2.743296 0.0748002139 0.313000895 -0.946802708 0.873908 0.036722
-0.05879 0.053062 2.737007 0.026199957 0.292199521 -0.955998432 0.87421 0.036954
-0.051698 0.05305 2.737309 0.0765026738 0.315211017 -0.945933061 0.874146 0.03704
-0.076165 0.086792 2.746821 0.0250005075 0.289605879 -0.956819424 0.873714 0.036299
-0.068946 0.08674 2.747102 0.0734025706 0.310810885 -0.947633187 0.87372 0.036506
-0.062762 0.044418 2.734437 -0.000200011797 0.216612776 -0.976257581 0.874429 0.037032
-0.072857 0.047439 2.735369 -0.0269998508 0.257898575 -0.965794664 0.874426 0.036906
-0.064356 0.04744 2.735267 -0.000100001193 0.272303249 -0.962211479 0.874346 0.036976
-0.070986 0.044423 2.734538 -0.0290989552 0.191993107 -0.980964779 0.874429 0.037032
-0.07994 0.047434 2.735674 -0.0807038085 0.225710652 -0.970845815 0.87449 0.036861
-0.077842 0.044428 2.734837 -0.0862045392 0.118106219 -0.98925209 0.87449 0.036861
-0.069503 0.043204 2.734321 -0.0291996887 -0.279197024 -0.959789769 0.874429 0.037032
-0.062097 0.04318 2.734223 0.000100000118 -0.230800271 -0.973001143 0.874358 0.037134
-0.07569 0.043228 2.734598 -0.0659027159 -0.407916811 -0.910637528 0.87449 0.036995
-0.054719 0.043204 2.734321 0.0324007392 -0.253005772 -0.966922061 0.874285 0.037148
-0.054546 0.044423 2.734538 0.0297989669 0.224292224 -0.97406623 0.874285 0.037148
-0.04856 0.043228 2.734598 0.0737984853 -0.364992509 -0.928080951 0.87423 0.037177
-0.047696 0.044428 2.734837 0.0903995982 0.213299052 -0.972795676 0.87423 0.037177
-0.055856 0.047439 2.735369 0.0266993467 0.284593036 -0.958276551 0.874285 0.037148
-0.048772 0.047434 2.735674 0.0787049562 0.305419233 -0.948959758 0.874201 0.03712
-0.078023 0.071401 2.759685 0 -0.275619184 0.961266906 0.874044 0.037939
-0.076165 0.083711 2.763113 0.0248007548 -0.262807999 0.964529356 0.873775 0.03805
-0.084828 0.083694 2.763206 0 -0.27519656 0.961387983 0.873784 0.038264
-0.069452 0.071413 2.75959 0.0252011772 -0.262712272 0.964545055 0.873984 0.037774
-0.068946 0.083764 2.762835 0.0732039132 -0.238612755 0.968351765 0.873765 0.037837
-0.06231 0.071451 2.759307 0.0744999981 -0.237199994 0.968599976 0.873933 0.037614
-0.063492 0.060705 2.756518 0.0255016671 -0.262617168 0.964563056 0.874124 0.037548
-0.072018 0.060697 2.756614 0 -0.275896379 0.961187384 0.874204 0.037673
-0.05879 0.052362 2.754122 0.0257004188 -0.262404276 0.964615719 0.87421 0.037379
-0.067301 0.052358 2.75422 0 -0.275896379 0.961187384 0.874293 0.037475
-0.056386 0.060729 2.756229 0.0756043288 -0.236213525 0.968755468 0.874057 0.03743
-0.051698 0.052373 2.753829 0.076298125 -0.235494213 0.96887619 0.874141 0.037293
-0.080545 0.060705 2.756518 -0.0254015041 -0.289117119 0.956956663 0.874281 0.037777
-0.086593 0.071413 2.75959 -0.0252004358 -0.288604991 0.957116554 0.874101 0.03807
-0.087651 0.060729 2.756229 -0.0743007898 -0.314003338 0.946510061 0.874281 0.037777
-0.093735 0.071451 2.759307 -0.073803436 -0.313414591 0.946744077 0.874101 0.03807
-0.075812 0.052362 2.754122 -0.0255007077 -0.289208026 0.956926555 0.874375 0.037558
-0.082904 0.052373 2.753829 -0.074601501 -0.314206322 0.946419042 0.874375 0.037558
-0.093491 0.083711 2.763113 -0.0248009333 -0.287910834 0.957336025 0.87379 0.038429
-0.10071 0.083764 2.762835 -0.0728039312 -0.312416869 0.947151143 0.873787 0.038495
-0.062762 0.044347 2.751875 0.000100002944 -0.334409843 0.942427741 0.874354 0.037255
-0.055856 0.047158 2.752629 0.0262008031 -0.269908273 0.962529502 0.874258 0.037278
-0.064356 0.047157 2.752728 0 -0.283097393 0.959091167 0.874342 0.037354
-0.054546 0.044353 2.751781 0.0281011907 -0.326613839 0.944740029 0.874284 0.037209
-0.048772 0.047163 2.752333 0.0781053422 -0.245416786 0.96626609 0.87423 0.037177
-0.047696 0.044361 2.751494 0.0847036212 -0.331514173 0.93964017 0.87423 0.037177
-0.054719 0.043204 2.751319 0.0248016119 -0.610339667 0.791751458 0.874284 0.037209
-0.062097 0.04318 2.751401 0.000700041125 -0.601135315 0.799146947 0.874354 0.037255
-0.04856 0.043228 2.751064 0.0566008451 -0.664309918 0.745311128 0.87423 0.037177
-0.069503 0.043204 2.751319 -0.0218003452 -0.625009897 0.780312356 0.874354 0.037255
-0.070986 0.044353 2.751781 -0.0264996617 -0.355795458 0.934188075 0.874354 0.037255
-0.07569 0.043228 2.751064 -0.0497009766 -0.690613571 0.721514178 0.874496 0.037271
-0.077842 0.044361 2.751494 -0.0750049955 -0.411627415 0.908260492 0.874507 0.037383
-0.072857 0.047158 2.752629 -0.0257993389 -0.297492377 0.954375544 0.874425 0.037422
-0.07994 0.047163 2.752333 -0.0756021558 -0.326909322 0.942026862 0.874493 0.037463
-0.041503 0.044408 2.736103 0.687203209 -0.0881004114 -0.721103368 0.87423 0.037177
-0.042267 0.043156 2.736881 0.438007161 -0.885314475 -0.156102552 0.87423 0.037177
-0.042903 0.043168 2.73576 0.35712066 -0.718341557 -0.597034539 0.87423 0.037177
-0.040813 0.044401 2.73724 0.942213262 -0.214903025 -0.257003617 0.87423 0.037177
-0.042267 0.043156 2.738454 0.380734593 -0.924684016 -0.000800072694 0.87423 0.037177
-0.040813 0.044394 2.73881 0.958226888 -0.286008025 0.000800022449 0.87423 0.037177
-0.041688 0.047395 2.738105 0.879718602 0.415108778 -0.231904904 0.874075 0.037153
-0.042397 0.047413 2.736968 0.581286334 0.431789849 -0.689683786 0.874075 0.037153
-0.044606 0.052954 2.739715 0.836942137 0.50212528 -0.217710961 0.874064 0.037106
-0.045315 0.052999 2.738588 0.55193564 0.485131326 -0.678243796 0.874064 0.037106
-0.041688 0.04737 2.739669 0.927074478 0.374789682 0.00809977702 0.874075 0.037153
-0.044606 0.05289 2.741264 0.886587317 0.46209339 0.0207997025 0.874064 0.037106
-0.044522 0.047426 2.736182 0.224605884 0.35540931 -0.907323768 0.87423 0.037177
-0.043573 0.04442 2.73533 0.272002947 0.131201422 -0.953310329 0.87423 0.037177
-0.047443 0.05303 2.737811 0.216399324 0.374798829 -0.901497183 0.874064 0.037106
-0.044811 0.043204 2.735038 0.163306301 -0.553721366 -0.816531506 0.87423 0.037177
-0.055882 0.073453 2.744522 0.560608978 0.480507695 -0.674410801 0.87388 0.03692
-0.04928 0.061889 2.742303 0.842694042 0.497796481 -0.20509855 0.874001 0.037068
-0.049991 0.06198 2.741196 0.555797096 0.483997471 -0.675896468 0.874037 0.037038
-0.055168 0.073308 2.745608 0.850716581 0.489809546 -0.190703717 0.873882 0.036984
-0.04928 0.061763 2.74383 0.889907911 0.454504041 0.0386003432 0.874001 0.037068
-0.055168 0.073106 2.747107 0.894921953 0.442210848 0.0597014645 0.873882 0.036984
-0.061727 0.086316 2.749362 0.85958975 0.47879429 -0.178497871 0.873741 0.036888
-0.062449 0.086516 2.748299 0.564237509 0.474631552 -0.675544908 0.873733 0.036788
-0.061727 0.086038 2.750834 0.900924988 0.426611832 0.0796022078 0.873747 0.036978
-0.064615 0.086653 2.74757 0.212004253 0.366807358 -0.905818171 0.873726 0.036665
-0.058025 0.073553 2.743776 0.214397092 0.370894969 -0.903587743 0.873887 0.036837
-0.052123 0.062042 2.740433 0.215700692 0.373501199 -0.902202896 0.874037 0.037038
-0.040813 0.044376 2.743201 0.957900259 -0.287100078 0.000800000216 0.87423 0.037177
-0.042267 0.043156 2.745171 0.375800156 -0.926700385 -0.000800000332 0.87423 0.037177
-0.042267 0.043156 2.742851 0.37750323 -0.926007922 -0.000800006844 0.87423 0.037177
-0.040813 0.044367 2.745519 0.957746121 -0.28761385 0.000800038527 0.87423 0.037177
-0.042267 0.043156 2.747235 0.374302542 -0.927306296 -0.000800005432 0.87423 0.037177
-0.040813 0.044359 2.74758 0.957599995 -0.288099999 0.000799999996 0.87423 0.037177
-0.041688 0.047261 2.746352 0.923367307 0.383827978 0.00830060505 0.874075 0.037153
-0.041688 0.047299 2.744043 0.924652457 0.380721599 0.0083004709 0.874075 0.037153
-0.044606 0.052617 2.747896 0.880841709 0.472922393 0.0215010181 0.874075 0.037153
-0.044606 0.052712 2.745605 0.882868716 0.469136514 0.021301658 0.874075 0.037153
-0.041688 0.047227 2.748406 0.922207857 0.386603294 0.00840007157 0.874075 0.037153
-0.044606 0.052533 2.749934 0.878971645 0.476384632 0.0215993032 0.874075 0.037153
-0.041688 0.047336 2.741732 0.925977087 0.377490659 0.0081997971 0.874075 0.037153
-0.040813 0.044386 2.740881 0.958073348 -0.286521936 0.000800061251 0.87423 0.037177
-0.044606 0.052806 2.743311 0.884860014 0.46537897 0.0210990466 0.874075 0.037153
-0.042267 0.043156 2.740528 0.379290666 -0.925277229 -0.000799980313 0.87423 0.037177
-0.055168 0.072534 2.751323 0.891810358 0.448305207 0.0608007062 0.873902 0.037193
-0.04928 0.061216 2.750376 0.884349286 0.465125922 0.0398022182 0.874006 0.037164
-0.04928 0.061405 2.748114 0.886350687 0.461326382 0.039502259 0.874006 0.037164
-0.055168 0.072231 2.753551 0.890048696 0.451724715 0.061303354 0.873902 0.037193
-0.04928 0.061048 2.752389 0.88254479 0.468523778 0.0400020302 0.874006 0.037164
-0.055168 0.071962 2.755532 0.888468971 0.454784117 0.0615978487 0.873891 0.037289
-0.061727 0.084836 2.757175 0.897093456 0.434296832 0.0812994069 0.873758 0.037262
-0.061727 0.085252 2.754982 0.898431553 0.431615159 0.0808028378 0.873756 0.037167
-0.061727 0.084465 2.759126 0.895832802 0.436815994 0.0817029916 0.873758 0.037356
-0.061727 0.085668 2.752788 0.899768682 0.428932742 0.0802061224 0.873752 0.037072
-0.055168 0.072837 2.749093 0.893443954 0.445121898 0.0602029618 0.873898 0.03712
-0.04928 0.061595 2.745849 0.888236712 0.457718918 0.0391016161 0.874001 0.037068
-0.041503 0.044351 2.750254 0.64702737 -0.36241533 0.670828377 0.874201 0.03712
-0.044811 0.043204 2.750625 0.124799476 -0.766996779 0.629397357 0.87423 0.037177
-0.042903 0.043168 2.749901 0.283201686 -0.8564051 0.431702571 0.874201 0.03712
-0.043573 0.044357 2.751013 0.248701201 -0.363201754 0.897904337 0.87423 0.037177
-0.044522 0.047171 2.75184 0.233302606 -0.1701019 0.957410694 0.874075 0.037153
-0.042396 0.047184 2.751073 0.632647599 0.0594044695 0.772158095 0.874075 0.037153
-0.047443 0.052393 2.75334 0.225911881 -0.150507915 0.962450617 0.874075 0.037153
-0.045315 0.052424 2.75258 0.608747015 0.112408682 0.785360656 0.874075 0.037153
-0.041688 0.047202 2.749954 0.911523034 0.304507695 0.276406985 0.874075 0.037153
-0.040813 0.044352 2.749134 0.92667877 -0.299793132 0.226694806 0.874201 0.03712
-0.044606 0.05247 2.75147 0.871401263 0.400500581 0.283300411 0.874075 0.037153
-0.042267 0.043156 2.748791 0.394128398 -0.912265731 0.111508034 0.87423 0.037177
-0.055882 0.071614 2.758099 0.592995692 0.0887993549 0.800294186 0.873892 0.037412
-0.052122 0.060768 2.755748 0.223110717 -0.153407369 0.962646242 0.874047 0.03727
-0.049991 0.060831 2.754999 0.601502379 0.103000407 0.792203133 0.874047 0.03727
-0.058025 0.071515 2.758835 0.219397692 -0.15779834 0.962789872 0.873904 0.037497
-0.064615 0.083851 2.762372 0.214805014 -0.163803823 0.962822473 0.87376 0.037674
-0.062449 0.083987 2.76165 0.583841124 0.0710050014 0.808756967 0.873758 0.037548
-0.061727 0.084187 2.760592 0.870917061 0.352506906 0.342406708 0.873758 0.037356
-0.055168 0.07176 2.757023 0.87000492 0.373802114 0.321501818 0.873891 0.037289
-0.04928 0.060921 2.753904 0.870158951 0.390526457 0.300520359 0.874047 0.03727
-0.084018 0.044351 2.750254 -0.421600687 -0.725701183 0.543700886 0.874559 0.037359
-0.0819 0.043156 2.748791 -0.250995929 -0.964984348 0.0761987641 0.874496 0.037271
-0.081278 0.043168 2.749901 -0.202709732 -0.915043932 0.348716742 0.874496 0.037271
-0.084705 0.044352 2.749134 -0.59533562 -0.787947144 0.157209406 0.874589 0.037287
-0.0819 0.043156 2.747235 -0.235210648 -0.971944001 -0.000900040746 0.874495 0.037234
-0.084705 0.044359 2.74758 -0.604385528 -0.796680924 -0.00419989943 0.874589 0.037287
-0.087024 0.047202 2.749954 -0.784784662 -0.58378859 0.208095933 0.874507 0.037383
-0.086316 0.047184 2.751073 -0.526448991 -0.54535075 0.652260699 0.874507 0.037383
-0.089996 0.05247 2.75147 -0.823502713 -0.525401731 0.214000705 0.874507 0.037383
-0.089287 0.052424 2.75258 -0.541208611 -0.500507963 0.675710751 0.874493 0.037463
-0.087024 0.047227 2.748406 -0.829506284 -0.55840423 -0.0102000773 0.874496 0.037271
-0.089996 0.052533 2.749934 -0.875269911 -0.48313859 -0.0219017494 0.874496 0.037271
-0.084191 0.047171 2.75184 -0.212903674 -0.405807002 0.888815337 0.874493 0.037463
-0.081958 0.044357 2.751013 -0.195316615 -0.554747192 0.808768801 0.874507 0.037383
-0.087159 0.052393 2.753341 -0.21141311 -0.378923498 0.90095587 0.874474 0.037589
-0.079412 0.043204 2.750625 -0.10320386 -0.807030183 0.581421746 0.874496 0.037271
-0.100163 0.071614 2.758099 -0.549717259 -0.503415805 0.666620929 0.874149 0.037936
-0.094757 0.060921 2.753904 -0.828194749 -0.523996678 0.19879874 0.874375 0.037558
-0.094046 0.060831 2.754999 -0.545345555 -0.501741912 0.671456089 0.874373 0.037704
-0.100878 0.07176 2.757023 -0.832896456 -0.523097774 0.180699231 0.874132 0.03775
-0.094757 0.061048 2.752389 -0.876908848 -0.478904832 -0.0410004137 0.874342 0.037354
-0.100878 0.071962 2.755532 -0.877720811 -0.474811258 -0.0645015293 0.874124 0.037548
-0.107929 0.084187 2.760592 -0.836647569 -0.522829726 0.163309285 0.87372 0.037965
-0.107207 0.083987 2.76165 -0.552610842 -0.505009908 0.663013008 0.873747 0.03822
-0.107929 0.084465 2.759126 -0.877524352 -0.471313079 -0.0884024532 0.873695 0.037689
-0.105041 0.083851 2.762372 -0.210010949 -0.377819698 0.901747014 0.87379 0.038429
-0.098021 0.071515 2.758835 -0.211207962 -0.378614272 0.901133969 0.874155 0.038071
-0.091915 0.060768 2.755748 -0.211604171 -0.378907468 0.900917757 0.874369 0.037796
-0.084705 0.044376 2.743201 -0.609995303 -0.792393899 -0.00419996766 0.874557 0.037152
-0.0819 0.043156 2.740528 -0.23909873 -0.970994844 -0.000899995221 0.874499 0.037108
-0.0819 0.043156 2.742851 -0.23780317 -0.971312948 -0.000900011997 0.874495 0.037234
-0.084705 0.044386 2.740881 -0.612875458 -0.790168358 -0.00419983182 0.874559 0.037098
-0.0819 0.043156 2.738454 -0.240299593 -0.970698355 -0.000899998475 0.874499 0.037108
-0.084705 0.044394 2.73881 -0.615401834 -0.788202349 -0.00420001252 0.874581 0.036976
-0.087024 0.047336 2.741732 -0.836610521 -0.547706887 -0.0100001258 0.874499 0.037108
-0.087024 0.047299 2.744043 -0.834185982 -0.551390734 -0.0100998303 0.874495 0.037234
-0.089996 0.052806 2.743311 -0.881288517 -0.472093849 -0.0213997212 0.874499 0.037108
-0.089996 0.052712 2.745605 -0.879226373 -0.475914275 -0.0216006479 0.874495 0.037234
-0.087024 0.04737 2.739669 -0.838701698 -0.544501103 -0.00990002005 0.87449 0.036995
-0.089996 0.05289 2.741264 -0.883062797 -0.468780251 -0.0210991111 0.87449 0.036995
-0.087024 0.047261 2.746352 -0.831715424 -0.555110295 -0.0101001873 0.874495 0.037234
-0.084705 0.044367 2.745519 -0.607043769 -0.794657297 -0.00420030285 0.874557 0.037152
-0.089996 0.052617 2.747896 -0.877147481 -0.479725968 -0.0218011801 0.874496 0.037271
-0.0819 0.043156 2.745171 -0.236412728 -0.97165231 -0.000900048455 0.874495 0.037234
-0.100878 0.072534 2.751323 -0.881276968 -0.468287761 -0.0636983353 0.874075 0.037153
-0.094757 0.061595 2.745849 -0.882814191 -0.468007523 -0.0401006446 0.874346 0.036976
-0.094757 0.061405 2.748114 -0.880825681 -0.471713753 -0.0404011779 0.874284 0.037209
-0.100878 0.072837 2.749093 -0.883068113 -0.46498321 -0.0630977216 0.874146 0.03704
-0.094757 0.061763 2.74383 -0.884523241 -0.464812213 -0.0396010405 0.874287 0.036858
-0.100878 0.073106 2.747107 -0.884617772 -0.462109284 -0.0625012557 0.874108 0.036787
-0.107929 0.085668 2.752788 -0.881994496 -0.46319711 -0.0867994584 0.873741 0.036888
-0.107929 0.085252 2.754982 -0.880466979 -0.465982524 -0.0873967222 0.873666 0.037189
-0.107929 0.086038 2.750834 -0.883306196 -0.460803233 -0.0862006047 0.873726 0.036665
-0.107929 0.084836 2.757175 -0.878907625 -0.468804067 -0.0880007634 0.873677 0.037434
-0.100878 0.072231 2.753551 -0.879420201 -0.471710835 -0.0641014724 0.874057 0.03743
-0.094757 0.061216 2.750376 -0.878753351 -0.47552887 -0.0408024772 0.874258 0.037278
-0.084018 0.044408 2.736103 -0.51742373 -0.501422996 -0.693431802 0.874581 0.036976
-0.079412 0.043204 2.735038 -0.137905236 -0.617823459 -0.774129394 0.87449 0.036995
-0.081278 0.043168 2.73576 -0.262011375 -0.83263615 -0.487921184 0.87449 0.036995
-0.081959 0.04442 2.73533 -0.246406308 -0.1328034 -0.960024577 0.87449 0.036861
-0.084191 0.047426 2.736182 -0.239794298 0.118397185 -0.963577086 0.87449 0.036861
-0.086316 0.047413 2.736968 -0.617712073 -0.185903634 -0.764114935 0.87449 0.036861
-0.087159 0.05303 2.737811 -0.231102601 0.156801765 -0.960210807 0.87446 0.03674
-0.089287 0.052999 2.738588 -0.616725613 -0.101304207 -0.78063242 0.874473 0.036796
-0.087024 0.047395 2.738105 -0.845315579 -0.464708565 -0.263604858 0.87449 0.036995
-0.084705 0.044401 2.73724 -0.654129715 -0.724732922 -0.216509835 0.874581 0.036976
-0.089996 0.052954 2.739715 -0.87790859 -0.386903786 -0.28210276 0.87449 0.036861
-0.0819 0.043156 2.736881 -0.275205262 -0.956418287 -0.0976018662 0.87449 0.036995
-0.100163 0.073453 2.744522 -0.597612953 -0.0900019508 -0.796717269 0.874102 0.036414
-0.091915 0.062042 2.740433 -0.227800992 0.158600691 -0.960704184 0.874307 0.036509
-0.094046 0.06198 2.741196 -0.608684777 -0.0951976191 -0.7876803 0.87425 0.03656
-0.098021 0.073553 2.743776 -0.223411852 0.159708473 -0.961551012 0.874099 0.036277
-0.105041 0.086653 2.74757 -0.217797769 0.160598355 -0.962690137 0.873688 0.035962
-0.107207 0.086516 2.748299 -0.584616826 -0.0852024522 -0.806823221 0.873678 0.036155
-0.107929 0.086316 2.749362 -0.86186747 -0.372229139 -0.344426963 0.873668 0.036411
-0.100878 0.073308 2.745607 -0.869100926 -0.3759004 -0.321500342 0.874098 0.0366
-0.094757 0.061889 2.742303 -0.874697818 -0.38089905 -0.299699252 0.874345 0.036759
-0.165909 0.257858 2.812109 0 -0.167106582 0.985938837 0.841632 0.018121
-0.13957 0.258634 2.812181 0 0.544109302 0.839014343 0.867301 0.021152
-0.165909 0.258633 2.812181 0 0.54282826 0.839843723 0.841777 0.020643
-0.13957 0.257863 2.81211 0 -0.166409572 0.98605672 0.867078 0.018817
-0.116347 0.258636 2.812181 -0.000100002391 0.546713069 0.837320016 0.888868 0.021828
-0.116347 0.257874 2.812113 -0.000100005926 -0.16520979 0.986258442 0.888581 0.019671
-0.13957 0.255756 2.811587 0 -0.250504026 0.968115558 0.866774 0.017626
-0.165909 0.255739 2.811583 0 -0.250622011 0.968085021 0.841469 0.016877
-0.13957 0.251661 2.810483 0 -0.260306984 0.965525905 0.86635 0.018225
-0.165909 0.251621 2.810472 0 -0.260400207 0.965500768 0.841279 0.017632
-0.116347 0.25579 2.811597 0 -0.250198589 0.968194539 0.888159 0.018547
-0.116347 0.251742 2.810506 -0.000100005285 -0.260213753 0.965551031 0.887534 0.019037
-0.193529 0.255733 2.811581 0 -0.250715734 0.968060753 0.813194 0.016198
-0.193529 0.257856 2.812108 0 -0.167300995 0.985905866 0.813229 0.017486
-0.220598 0.255733 2.811581 0 -0.250715734 0.968060753 0.782899 0.015485
-0.220598 0.257856 2.812108 0 -0.167398195 0.985889367 0.782854 0.016818
-0.193529 0.251608 2.810468 0 -0.260400207 0.965500768 0.813223 0.017159
-0.220598 0.251608 2.810468 0 -0.260400207 0.965500768 0.783085 0.016703
-0.193529 0.258633 2.812181 0 0.542338697 0.840159948 0.813307 0.020216
-0.220598 0.258633 2.812181 0 0.542293132 0.840189359 0.782904 0.019787
-0.165549 0.236518 2.806388 0 -0.263303557 0.964713033 0.841179 0.026079
-0.13957 0.244929 2.808668 0 -0.261407712 0.965228475 0.865768 0.021258
-0.165909 0.244851 2.808645 0 -0.261102964 0.965310956 0.841053 0.021104
-0.139148 0.236591 2.806401 0.000500032691 -0.264217274 0.964463054 0.865417 0.025666
-0.116347 0.245084 2.808712 0 -0.261805596 0.96512063 0.886643 0.021727
-0.115941 0.236817 2.806453 0.000700042042 -0.266416 0.963857886 0.885879 0.025692
-0.137881 0.227682 2.803945 0.00200011788 -0.268215808 0.963356777 0.86569 0.030391
-0.164472 0.227714 2.803982 -0.000100002718 -0.265807223 0.964026198 0.842043 0.031348
-0.114721 0.227937 2.803966 0.00350007947 -0.274706237 0.961521832 0.885636 0.030007
-0.192375 0.227509 2.803896 -0.00200002755 -0.269803717 0.962913264 0.815659 0.033
-0.193241 0.23644 2.806359 -0.000500006258 -0.264403309 0.96441207 0.813997 0.026906
-0.219775 0.227453 2.803829 -0.00260002599 -0.276502764 0.961009605 0.786583 0.035064
-0.220393 0.236426 2.806342 -0.000599988093 -0.266694707 0.963780874 0.784477 0.028016
-0.193529 0.244825 2.808638 -0.000100000335 -0.261500876 0.965203233 0.813338 0.021177
-0.220598 0.244825 2.808638 -0.000100003929 -0.262110299 0.965037917 0.783461 0.021388
-0.165909 0.257957 2.795722 0 0.372717947 -0.927944682 0.843111 0.054332
-0.193529 0.258651 2.796063 0 0.77453621 -0.632529571 0.814924 0.053975
-0.165909 0.258651 2.796063 0 0.774941069 -0.632033496 0.843055 0.051747
-0.193529 0.257956 2.795722 0 0.372390435 -0.928076163 0.815096 0.056774
-0.220599 0.258651 2.796063 0 0.774447196 -0.632638554 0.784844 0.056521
-0.220599 0.257956 2.795722 0 0.3723043 -0.92811072 0.785096 0.05957
-0.193529 0.256056 2.795119 0 0.291913637 -0.956444681 0.815195 0.058277
-0.165909 0.256061 2.795121 0 0.292005116 -0.956416757 0.843058 0.055775
-0.193529 0.252364 2.794036 0 0.281397451 -0.959591306 0.815175 0.057747
-0.165909 0.252377 2.79404 0 0.281397451 -0.959591306 0.842837 0.055427
-0.220599 0.256056 2.795119 0 0.291913637 -0.956444681 0.785294 0.061134
-0.220599 0.252364 2.794036 0 0.281397451 -0.959591306 0.785403 0.060373
-0.13957 0.256079 2.795125 0 0.292096587 -0.956388825 0.867946 0.053516
-0.13957 0.257963 2.795724 0 0.373303699 -0.927709194 0.868165 0.052139
-0.116347 0.256113 2.795135 0 0.292398911 -0.956296438 0.888922 0.051385
-0.116347 0.257973 2.795727 -0.000100002495 0.374509344 -0.927223135 0.889286 0.050093
-0.13957 0.252417 2.794051 0 0.28151654 -0.959556376 0.867502 0.0533
-0.116347 0.252498 2.794074 0 0.281608616 -0.959529357 0.888283 0.051251
-0.13957 0.258652 2.796063 0 0.775749847 -0.631040549 0.868237 0.04975
-0.116347 0.258654 2.796064 -0.000100001895 0.777314726 -0.629111919 0.889468 0.047896
-0.16555 0.23884 2.790079 0 0.278417441 -0.960460165 0.842182 0.048459
-0.193529 0.246293 2.792256 -0.000100001195 0.280303348 -0.959911466 0.814993 0.054448
-0.165909 0.246319 2.792263 0 0.280606679 -0.959822844 0.842389 0.052637
-0.193241 0.238764 2.790065 -0.000500005818 0.277203225 -0.960811179 0.815214 0.04955
-0.220599 0.246293 2.792256 -0.000100001591 0.279604449 -0.960115275 0.785388 0.056446
-0.220393 0.238749 2.790074 -0.000700039238 0.274615393 -0.961553897 0.785837 0.050694
-0.192375 0.230696 2.78775 -0.00200006999 0.271509502 -0.962433681 0.816403 0.044227
-0.164472 0.230893 2.787777 -0.0001000083 0.275922898 -0.961179767 0.842688 0.043944
-0.219775 0.230638 2.787787 -0.00260011672 0.263911847 -0.964543299 0.787337 0.04446
-0.137881 0.230869 2.787799 0.00210005365 0.273306982 -0.961924573 0.866167 0.04329
-0.139148 0.238915 2.790108 0.000500026127 0.277414495 -0.960750201 0.866161 0.04727
-0.114721 0.231121 2.787924 0.00370023516 0.266016906 -0.963961262 0.885915 0.042358
-0.115941 0.23914 2.790185 0.000799978841 0.274892729 -0.961474569 0.886345 0.04594
-0.13957 0.246397 2.792285 9.9998391e-05 0.280395488 -0.959884556 0.866756 0.050912
-0.116347 0.246553 2.79233 0.000100005598 0.279815663 -0.960053741 0.887279 0.04917
-0.083829 0.257915 2.812125 -0.000200003355 -0.160002684 0.987116559 0.917785 0.022039
-0.072691 0.258649 2.812185 -0.000500019699 0.563622204 0.826032542 0.927734 0.024992
-0.083829 0.258643 2.812184 -0.000300011854 0.556521989 0.830832827 0.918087 0.02384
-0.072691 0.257944 2.812133 -0.000300012212 -0.156106354 0.987740207 0.927459 0.023344
-0.06374 0.258655 2.812187 -0.000700030617 0.572025018 0.820235874 0.935404 0.026118
-0.06374 0.257978 2.812142 -0.00040000123 -0.151200465 0.98850304 0.935163 0.024592
-0.072691 0.256018 2.811662 -0.000200011145 -0.248413842 0.968653975 0.926961 0.022478
-0.083829 0.255924 2.811635 -0.000200010077 -0.249212556 0.968448792 0.917282 0.021091
-0.072691 0.252276 2.810658 -0.000400019479 -0.259112618 0.965847033 0.926129 0.02285
-0.083829 0.252056 2.810595 -0.000200003131 -0.259604064 0.965715118 0.916477 0.021487
-0.06374 0.256127 2.811692 -0.000400005174 -0.2474032 0.968912533 0.934678 0.023783
-0.06374 0.25253 2.81073 -0.000499992448 -0.258596094 0.965985409 0.933827 0.024122
-0.098074 0.255847 2.811613 -9.9999753e-05 -0.249799383 0.968297608 0.904671 0.019741
-0.098074 0.257891 2.812118 -0.000100002572 -0.163004192 0.986625371 0.905155 0.02078
-0.098074 0.251875 2.810544 -0.000100000832 -0.260002162 0.965608029 0.903928 0.02017
-0.098074 0.258639 2.812182 -0.000200006216 0.55081712 0.834625941 0.905464 0.022754
-0.083768 0.238058 2.806785 0.000500015476 -0.27010836 0.9628298 0.91391 0.02698
-0.072691 0.246123 2.809006 -0.000500019586 -0.262110267 0.965037801 0.924852 0.024917
-0.083829 0.245694 2.808885 -0.000199997367 -0.262296547 0.964987296 0.915273 0.023718
-0.072691 0.238784 2.806989 0.000100000721 -0.270901953 0.96260694 0.92336 0.027923
-0.06374 0.246616 2.809146 -0.000700033116 -0.261712381 0.965145657 0.93249 0.026039
-0.06374 0.239563 2.80721 -9.99980116e-05 -0.270994611 0.962580859 0.930915 0.02882
-0.072691 0.231487 2.804886 0.00260006364 -0.289007074 0.957323431 0.921882 0.031108
-0.083588 0.230362 2.804577 0.00330017341 -0.286915076 0.957950337 0.912632 0.030471
-0.06374 0.232551 2.805188 0.00279997921 -0.290097846 0.956992894 0.929355 0.031753
-0.09711 0.229005 2.804224 0.00390028842 -0.282120862 0.959370943 0.900916 0.030068
-0.097833 0.237354 2.806593 0.000700034761 -0.268613338 0.963247831 0.90173 0.026184
-0.098074 0.245344 2.808785 -0.000100001308 -0.262203428 0.965012618 0.90284 0.022601
-0.083829 0.258015 2.795739 -0.000199995138 0.37929078 -0.925277507 0.917746 0.046188
-0.098074 0.258657 2.796065 -0.000200013032 0.779950819 -0.625840778 0.905746 0.046098
-0.083829 0.258662 2.796066 -0.000299993589 0.783583255 -0.621286723 0.918029 0.044401
-0.098074 0.257991 2.795732 -0.000100001539 0.376505794 -0.926414258 0.905498 0.048091
-0.098074 0.25617 2.795151 -0.000100007048 0.292820636 -0.956167383 0.905048 0.049271
-0.083829 0.256247 2.795173 -9.99990215e-05 0.293397129 -0.955990646 0.917254 0.047242
-0.098074 0.252631 2.794112 -0.00010000702 0.281819783 -0.959467352 0.904296 0.049167
-0.083829 0.252812 2.794163 -0.000199997119 0.282095936 -0.95938618 0.916445 0.047135
-0.072691 0.256341 2.7952 -0.000200008384 0.294212332 -0.955740061 0.926466 0.045366
-0.072691 0.258044 2.795747 -0.000300013384 0.383017087 -0.923741209 0.926976 0.044439
-0.06374 0.256449 2.795231 -0.000300019013 0.295118702 -0.955460549 0.933615 0.043712
-0.06374 0.258077 2.795756 -0.000400010168 0.387609853 -0.921823433 0.934133 0.0429
-0.072691 0.253032 2.794226 -0.000199999371 0.282399112 -0.959296983 0.925639 0.04524
-0.06374 0.253286 2.794298 -0.000400030241 0.282821381 -0.959172511 0.932784 0.04357
-0.072691 0.258667 2.796067 -0.000400018497 0.78803644 -0.615628467 0.927275 0.042849
-0.06374 0.258673 2.796069 -0.000599989029 0.793485491 -0.608588872 0.934444 0.041489
-0.083768 0.240356 2.790548 0.000800036767 0.270412427 -0.962744244 0.913821 0.042835
-0.098074 0.246813 2.792403 0 0.279301043 -0.960203586 0.90314 0.047308
-0.083829 0.247163 2.792503 -0.000100005958 0.279116627 -0.960257204 0.915216 0.045437
-0.097833 0.239665 2.790345 0.000900010377 0.27230314 -0.962211094 0.901927 0.044423
-0.097111 0.232141 2.788257 0.00429998078 0.257398849 -0.966295681 0.901005 0.041243
-0.083588 0.233447 2.788656 0.00390008851 0.25160571 -0.967821965 0.912513 0.040016
-0.072691 0.234554 2.78898 0.00340016109 0.248811788 -0.968545886 0.921516 0.03875
-0.072691 0.241079 2.790755 0.000500027067 0.269314578 -0.963052131 0.922939 0.041292
-0.06374 0.235619 2.789282 0.00400021792 0.247213467 -0.968952785 0.928686 0.037629
-0.06374 0.241858 2.790976 0.000500032736 0.268917605 -0.963163056 0.930092 0.039936
-0.072691 0.247591 2.792624 -0.000200011912 0.279116623 -0.96025719 0.924388 0.043668
-0.06374 0.248085 2.792764 -0.000400028697 0.279420045 -0.96016888 0.931534 0.042114
-0.049365 0.258056 2.812165 -0.000800036318 -0.13790626 0.990444962 0.948075 0.026624
-0.043397 0.258677 2.812193 -0.0015000574 0.605123155 0.796130465 0.95447 0.028773
-0.049365 0.258669 2.812191 -0.00130007268 0.592533126 0.805545035 0.948287 0.028011
-0.043397 0.2581 2.812177 -0.00100005662 -0.128907298 0.991656144 0.954193 0.02746
-0.037882 0.258686 2.812196 -0.00180008157 0.619828088 0.784735561 0.961126 0.029408
-0.037882 0.25815 2.812191 -0.001300093 -0.117508406 0.993071037 0.960694 0.028208
-0.043397 0.256524 2.811805 -0.000800039583 -0.242912018 0.970047994 0.953541 0.026698
-0.049365 0.256379 2.811764 -0.000599999217 -0.244699681 0.969598735 0.947552 0.025843
-0.043397 0.253461 2.810993 -0.00120005748 -0.256112267 0.966646299 0.952387 0.026853
-0.049365 0.25312 2.810897 -0.000899986419 -0.25709612 0.966385417 0.946581 0.026053
-0.037882 0.256684 2.811851 -0.00100002314 -0.240605568 0.97062246 0.959787 0.027505
-0.037882 0.253835 2.8111 -0.00149998928 -0.254798179 0.966993091 0.958314 0.027636
-0.056055 0.256246 2.811727 -0.000500009168 -0.246204514 0.969217771 0.941403 0.024888
-0.056055 0.258015 2.812153 -0.000600001272 -0.145200308 0.989402098 0.941883 0.025677
-0.056055 0.252811 2.810809 -0.000699980632 -0.257892864 0.966173266 0.940519 0.025167
-0.056055 0.258662 2.812189 -0.000899981272 0.581587897 0.813483072 0.942094 0.027125
-0.049365 0.241375 2.807723 -0.00010000343 -0.270809288 0.962633014 0.943175 0.029989
-0.043397 0.248425 2.809659 -0.00159998149 -0.259696995 0.965688827 0.950604 0.028289
-0.049365 0.247763 2.809471 -0.00129996608 -0.260493203 0.965474806 0.945022 0.027644
-0.043397 0.24242 2.80802 -0.000200012272 -0.27071661 0.962659066 0.948517 0.030427
-0.037882 0.249152 2.809865 -0.00200010751 -0.258713906 0.965951921 0.956187 0.028937
-0.037882 0.243569 2.808345 -0.000200003842 -0.270505196 0.962718494 0.953757 0.030875
-0.043397 0.236454 2.806294 0.00629999817 -0.293299915 0.955999723 0.946448 0.032683
-0.049365 0.235026 2.805889 0.00490002702 -0.29200161 0.956405275 0.941336 0.032464
-0.037882 0.238023 2.806739 0.00790019869 -0.294807414 0.955524032 0.951377 0.032916
-0.056055 0.233728 2.805521 0.00370005628 -0.291004426 0.956714552 0.935739 0.032179
-0.056055 0.240425 2.807454 -0.000100000721 -0.270901953 0.96260694 0.937414 0.029481
-0.056055 0.247161 2.809301 -0.000899986347 -0.261196038 0.965285357 0.939099 0.026921
-0.027696 0.258258 2.812177 0.0195997898 -0.0872990637 0.995989318 0.975217 0.029519
-0.023999 0.258708 2.81204 0.0350000453 0.674000873 0.737900956 0.981697 0.030642
-0.027789 0.258704 2.81216 0.012900243 0.651412269 0.758614289 0.976025 0.030317
-0.02363 0.258306 2.812058 0.0627012757 -0.0471009583 0.996920283 0.981253 0.030085
-0.021239 0.258712 2.8118 0.0779995893 0.7217962 0.687696379 0.985417 0.030964
-0.020566 0.258345 2.811803 0.173098236 0.0865991176 0.981090003 0.985385 0.030607
-0.023507 0.257193 2.811811 0.0575031254 -0.229312463 0.971652811 0.979331 0.029833
-0.027666 0.257034 2.811904 0.0193004598 -0.234505587 0.971923156 0.973489 0.029099
-0.023507 0.255029 2.811254 0.0557995469 -0.249397975 0.96679215 0.976348 0.0301
-0.027666 0.254655 2.811286 0.0185001156 -0.251401571 0.967706048 0.970976 0.029311
-0.020342 0.257322 2.811573 0.160202885 -0.213503845 0.963717357 0.983423 0.03049
-0.020342 0.255331 2.811063 0.154497017 -0.245595259 0.956981526 0.98017 0.030786
-0.032548 0.256859 2.8119 0.00330002736 -0.237801971 0.971308052 0.966705 0.028314
-0.032548 0.258204 2.812207 0.00290021077 -0.104007559 0.994572278 0.968033 0.028894
-0.032548 0.254245 2.811216 0.00270002661 -0.253202495 0.967409534 0.964738 0.028473
-0.032548 0.258696 2.812198 0.00130004679 0.635222862 0.772327797 0.96874 0.029914
-0.027696 0.246097 2.809016 0.021401112 -0.270614061 0.96245001 0.964423 0.031966
-0.023507 0.25147 2.810336 0.0559995492 -0.255097946 0.96529223 0.972722 0.031103
-0.027666 0.250744 2.81027 0.0179996989 -0.256095716 0.966483831 0.967817 0.030413
-0.02363 0.247285 2.809213 0.0616023545 -0.273010435 0.960036693 0.968906 0.032434
-0.020342 0.252057 2.810223 0.156613337 -0.254221649 0.954381274 0.976262 0.031671
-0.020566 0.248216 2.809201 0.163697504 -0.281195713 0.945585585 0.972147 0.032781
-0.023999 0.243245 2.808037 0.0792963897 -0.305586087 0.9488568 0.96535 0.033684
-0.027789 0.241513 2.807683 0.0352017607 -0.299814996 0.953347683 0.961208 0.033534
-0.021239 0.244527 2.808143 0.174307239 -0.322913411 0.930238634 0.968275 0.033751
-0.032548 0.239741 2.807226 0.0145004094 -0.296808381 0.95482696 0.956423 0.033239
-0.032548 0.244826 2.808702 0.00440028 -0.270317201 0.962761262 0.959216 0.031417
-0.032548 0.249948 2.810091 0.00210015426 -0.257518915 0.966270975 0.962115 0.029668
-0.027697 0.258357 2.79588 0.0174002215 0.446305682 -0.89471139 0.961317 0.036985
-0.023507 0.257509 2.795714 0.0564005364 0.312902976 -0.948109017 0.963881 0.036556
-0.027666 0.257355 2.795533 0.0190005753 0.308209331 -0.951128796 0.960714 0.037388
-0.02363 0.258403 2.796027 0.0541017408 0.477015348 -0.877228225 0.964415 0.036218
-0.020342 0.257627 2.796023 0.15620289 0.323005976 -0.933417268 0.966515 0.035852
-0.020567 0.258439 2.796303 0.140605001 0.55551976 -0.819529151 0.96696 0.035549
-0.023507 0.255768 2.795186 0.0558031574 0.289816398 -0.955454061 0.96297 0.036579
-0.027666 0.255407 2.794945 0.0187995442 0.288892996 -0.957176794 0.959811 0.037374
-0.020342 0.256045 2.795541 0.153607772 0.287614552 -0.945347831 0.965593 0.035929
-0.023999 0.258727 2.796247 0.0237020106 0.858572832 -0.512143444 0.964591 0.035724
-0.027789 0.258723 2.796124 0.00870036882 0.84523583 -0.53432265 0.961711 0.036334
-0.021239 0.258732 2.796489 0.0526015975 0.884526863 -0.463514077 0.966872 0.035179
-0.032548 0.258714 2.796081 0.000699981839 0.834778342 -0.550585715 0.958195 0.037051
-0.032548 0.258304 2.795821 0.00250001153 0.431301988 -0.902204159 0.957749 0.037833
-0.037882 0.258704 2.796078 -0.00150009693 0.824653287 -0.56563655 0.954272 0.037821
-0.037882 0.25825 2.795805 -0.00130003712 0.41891196 -0.908025925 0.953856 0.03872
-0.032548 0.257182 2.795438 0.00339992974 0.304893699 -0.952380319 0.957133 0.038302
-0.032548 0.255001 2.794784 0.00310001672 0.287401551 -0.957805167 0.956238 0.038261
-0.037882 0.257007 2.795389 -0.000800005788 0.302002185 -0.953306897 0.953258 0.039252
-0.037882 0.254591 2.794668 -0.00110003055 0.286007944 -0.958226615 0.952373 0.039188
-0.027697 0.248373 2.79287 0.0239000991 0.265901102 -0.963703995 0.95706 0.035874
-0.032548 0.251416 2.793709 0.00310006295 0.282305732 -0.959319479 0.954956 0.037517
-0.027666 0.252204 2.793978 0.0189995017 0.283192573 -0.958874854 0.95852 0.036777
-0.032548 0.247121 2.792468 0.00660011762 0.267204762 -0.963617172 0.953511 0.036396
-0.037882 0.25062 2.793483 -0.00119998826 0.281397248 -0.959590615 0.951095 0.038295
-0.037882 0.245863 2.792112 0.00160000152 0.267700254 -0.963500915 0.949649 0.036958
-0.032548 0.242809 2.79132 0.0192001662 0.235402037 -0.97170841 0.952131 0.03523
-0.027789 0.24454 2.791855 0.04080045 0.230102538 -0.972310725 0.955649 0.034948
-0.037882 0.241091 2.790833 0.0118005484 0.239011108 -0.970945126 0.948261 0.03556
-0.023999 0.246148 2.792444 0.0862998019 0.219899495 -0.97169777 0.958624 0.03477
-0.02363 0.249505 2.793329 0.0648988623 0.260895427 -0.963183115 0.960148 0.035444
-0.021239 0.247291 2.793023 0.185309011 0.187909137 -0.964546902 0.960909 0.034676
-0.020567 0.25035 2.793843 0.16940789 0.242111275 -0.955344491 0.962638 0.035137
-0.023507 0.252906 2.794317 0.0570029594 0.282914688 -0.957449707 0.961661 0.036128
-0.020342 0.253444 2.794749 0.157907969 0.276513955 -0.947947839 0.96425 0.035622
-0.049365 0.258155 2.795779 -0.000800042843 0.399921416 -0.916549083 0.9453 0.040549
-0.056055 0.25868 2.796071 -0.000799999644 0.799699644 -0.600399733 0.940492 0.040366
-0.049365 0.258687 2.796073 -0.00100001406 0.806811344 -0.590808307 0.945656 0.039419
-0.056055 0.258114 2.795767 -0.000600029114 0.393219079 -0.919444613 0.940162 0.041625
-0.056055 0.256569 2.795265 -0.000399998028 0.296298539 -0.955095291 0.939628 0.042349
-0.049365 0.256701 2.795302 -0.000500013438 0.297808004 -0.954625656 0.944746 0.041201
-0.056055 0.253567 2.794377 -0.000500000798 0.283400452 -0.95900153 0.938787 0.04221
-0.049365 0.253876 2.794465 -0.000699996241 0.284098474 -0.958794851 0.943891 0.041081
-0.043397 0.256847 2.795343 -0.000700043176 0.29961848 -0.954058843 0.949209 0.040194
-0.043397 0.2582 2.795791 -0.00100004314 0.408317613 -0.912839376 0.949785 0.039602
-0.043398 0.254217 2.794562 -0.000900049023 0.284915518 -0.958552209 0.948338 0.040101
-0.043397 0.258695 2.796075 -0.00120004152 0.8150282 -0.579420048 0.950171 0.03859
-0.049365 0.243669 2.79149 0.00100000678 0.268401818 -0.963306527 0.941187 0.038129
-0.056055 0.24863 2.792918 -0.000499993913 0.279696595 -0.960088311 0.937532 0.040884
-0.049365 0.249231 2.793089 -0.000700027813 0.280211133 -0.959938139 0.942629 0.039894
-0.056055 0.242719 2.79122 0.000700015954 0.268706124 -0.963221952 0.936092 0.03891
-0.056055 0.236796 2.789615 0.00540002892 0.245801316 -0.969305191 0.934695 0.036832
-0.049365 0.238093 2.789983 0.00720033868 0.244011477 -0.969745613 0.939794 0.036278
-0.043397 0.239522 2.790388 0.00940073498 0.241818906 -0.970275859 0.944232 0.035882
-0.043397 0.244715 2.791786 0.00129998774 0.268097472 -0.963390915 0.945624 0.037507
-0.043398 0.249893 2.793277 -0.000899995797 0.280698689 -0.959795518 0.947068 0.039059
-0.017802 0.258388 2.810671 0.671339781 0.542632155 0.504829915 0.986297 0.031557
-0.018444 0.258731 2.809716 0.19401464 0.980373977 0.0350026412 0.984222 0.032147
-0.018725 0.258728 2.810745 0.223197813 0.949390696 0.220997834 0.986338 0.031769
-0.017494 0.258399 2.80963 0.735408189 0.666107417 0.124401385 0.984335 0.03198
-0.018444 0.258733 2.808262 0.17369938 0.984796484 0.0020999925 0.981415 0.032473
-0.017494 0.258407 2.808177 0.703239843 0.710940279 0.00420023797 0.981741 0.032374
-0.017178 0.257489 2.809394 0.981032742 0.127504256 0.146004873 0.982965 0.03197
-0.017494 0.257456 2.810435 0.828696776 0 0.559697823 0.98459 0.031526
-0.017178 0.255722 2.808934 0.988766971 -0.0374025334 0.144709802 0.980448 0.032151
-0.017494 0.255645 2.809969 0.814286328 -0.144497574 0.562190561 0.981672 0.031754
-0.017178 0.257518 2.807941 0.985423645 0.170104082 0.00220005279 0.980734 0.032406
-0.017178 0.255789 2.807485 1 0 0 0.97864 0.032567
-0.018444 0.257405 2.811138 0.436022866 -0.149407835 0.887446539 0.98496 0.031044
-0.018725 0.258371 2.811368 0.408206895 0.356706025 0.840314193 0.986857 0.031098
-0.018444 0.255526 2.810657 0.417298358 -0.225699112 0.880296536 0.981762 0.031318
-0.019569 0.25872 2.811404 0.163196472 0.824782168 0.541388295 0.98685 0.031357
-0.017802 0.248971 2.808243 0.816030683 -0.261209822 0.515619388 0.97382 0.033046
-0.017178 0.252817 2.808179 0.987686558 -0.0767989548 0.136298145 0.977121 0.032556
-0.017494 0.252667 2.809203 0.8179086 -0.17400183 0.548405767 0.977996 0.032315
-0.017494 0.24917 2.807227 0.976717102 -0.184003222 0.110301931 0.973205 0.033087
-0.017178 0.252946 2.806734 0.999067416 -0.0428986009 -0.00489984019 0.975708 0.032853
-0.017494 0.249375 2.805787 0.987417552 -0.156302778 -0.0240004266 0.972145 0.033208
-0.018444 0.245179 2.806178 0.935835001 -0.347012979 0.061602304 0.96892 0.033644
-0.018725 0.245006 2.807196 0.791103524 -0.398801777 0.463802066 0.969403 0.033781
-0.018444 0.245459 2.804743 0.94372868 -0.324309856 -0.0648019694 0.968163 0.033577
-0.019569 0.244951 2.807857 0.429086463 -0.372288254 0.822974036 0.969403 0.033781
-0.018725 0.248716 2.80889 0.431603798 -0.294002587 0.852807505 0.973626 0.032964
-0.018444 0.252435 2.809865 0.423812611 -0.242707222 0.872625965 0.977864 0.032048
-0.017494 0.258432 2.804064 0.689331293 0.724432886 0.00440019975 0.977016 0.033104
-0.018444 0.25874 2.801971 0.158703857 0.987323997 0.00210005104 0.974431 0.033183
-0.018444 0.258738 2.804149 0.163912082 0.986472716 0.00210015481 0.97649 0.032957
-0.017494 0.258446 2.801888 0.681448572 0.731852165 0.00450032077 0.974975 0.033452
-0.018444 0.258742 2.800035 0.153995225 0.98806936 0.00209993488 0.972682 0.033444
-0.017494 0.258457 2.799952 0.674113139 0.738614396 0.00450008771 0.973207 0.033799
-0.017178 0.257641 2.801658 0.982563466 0.185912008 0.00240015503 0.974545 0.033783
-0.017178 0.257598 2.803833 0.983626416 0.180204839 0.00230006177 0.976465 0.033333
-0.017178 0.256078 2.801213 1 0 0 0.973269 0.034086
-0.017178 0.255978 2.803384 1 0 0 0.974985 0.033582
-0.017178 0.257679 2.799725 0.98152763 0.191305385 0.00240006756 0.972846 0.034195
-0.017178 0.256166 2.799283 1 0 0 0.971718 0.034525
-0.017178 0.257556 2.806008 0.984618664 0.174703312 0.0022000417 0.978548 0.032868
-0.017494 0.258419 2.806241 0.696877721 0.717177072 0.00429986254 0.979287 0.032747
-0.017178 0.255878 2.805555 1 0 0 0.976797 0.03306
-0.018444 0.258735 2.806326 0.169196581 0.985580087 0.00209995757 0.978827 0.032732
-0.017494 0.249954 2.801713 0.986018646 -0.164703115 -0.0253004784 0.969833 0.033953
-0.017178 0.253507 2.800481 0.998885027 -0.046899297 -0.00539991906 0.971275 0.034275
-0.017178 0.253313 2.802645 0.998955239 -0.0454025106 -0.00520028756 0.972721 0.033785
-0.017494 0.25026 2.799557 0.985184976 -0.169497415 -0.026099602 0.968684 0.034381
-0.017178 0.253679 2.798557 0.998817135 -0.0483008286 -0.00560009607 0.969943 0.034681
-0.017494 0.250533 2.79764 0.984384127 -0.173997194 -0.0266995695 0.967611 0.034717
-0.018444 0.246669 2.798535 0.935952363 -0.345319319 -0.0689038549 0.965621 0.034438
-0.018444 0.24625 2.800684 0.938833099 -0.337711906 -0.0674023763 0.966475 0.034092
-0.018444 0.247041 2.796625 0.933283285 -0.352193692 -0.070298741 0.96481 0.034686
-0.018444 0.245831 2.802832 0.941495999 -0.330498595 -0.0659997195 0.967335 0.033766
-0.017494 0.249647 2.80387 0.986778567 -0.160196521 -0.0245994657 0.971004 0.033529
-0.017178 0.253119 2.80481 0.999018477 -0.0440008138 -0.00510009433 0.97422 0.033287
-0.017802 0.258468 2.797456 0.573590923 0.724988527 -0.381293966 0.970392 0.034541
-0.019569 0.258738 2.796889 0.109106155 0.931452545 -0.347119582 0.968591 0.034653
-0.018725 0.258743 2.797552 0.162202605 0.976015675 -0.145202332 0.969979 0.034176
-0.018725 0.25846 2.796751 0.322910626 0.671722103 -0.666721939 0.968873 0.034999
-0.018444 0.257692 2.7965 0.41772674 0.337021573 -0.84375401 0.968495 0.035322
-0.017494 0.257715 2.797224 0.796896789 0.302198782 -0.523097892 0.970054 0.034907
-0.018444 0.256198 2.796046 0.414724739 0.264515779 -0.870651936 0.967556 0.035476
-0.017494 0.256252 2.796782 0.812397173 0.168599413 -0.558198057 0.969084 0.035142
-0.017178 0.257707 2.798273 0.964805649 0.226201324 -0.134100785 0.971427 0.034551
-0.017494 0.258466 2.798498 0.673846386 0.734250544 -0.0825056795 0.971758 0.034152
-0.017178 0.256233 2.797834 0.988572217 0.0432987831 -0.144395942 0.970397 0.034851
-0.018444 0.258744 2.798581 0.160401793 0.986811033 -0.0218002437 0.97127 0.033774
-0.017802 0.250824 2.795151 0.829271022 0.00859969949 -0.558780474 0.965656 0.034918
-0.018444 0.253741 2.795298 0.427113587 0.239407616 -0.871927736 0.966158 0.035313
-0.017494 0.253846 2.796056 0.822558531 0.12380881 -0.555039495 0.967599 0.035112
-0.018725 0.250742 2.794408 0.444723433 0.170208969 -0.879346334 0.964394 0.034985
-0.019569 0.247624 2.793527 0.449620481 0.0665030293 -0.890740574 0.96236 0.034643
-0.018725 0.247513 2.794176 0.804027136 -0.160505417 -0.572519323 0.963307 0.034661
-0.018444 0.247321 2.79519 0.928898797 -0.317699589 -0.190299754 0.964082 0.034718
-0.017494 0.250737 2.7962 0.978029845 -0.134104092 -0.15960487 0.966665 0.034862
-0.017178 0.253809 2.797112 0.989148128 -0.00580028222 -0.146807143 0.96879 0.03493
-0.424217 0.257856 2.812108 0 -0.167398195 0.985889367 0.36274 0.027358
-0.375134 0.258633 2.812181 0 0.542293132 0.840189359 0.473055 0.027235
-0.424217 0.258633 2.812181 0 0.542293132 0.840189359 0.36269 0.032424
-0.375134 0.257856 2.812108 0 -0.167398195 0.985889367 0.472964 0.022531
-0.332506 0.258633 2.812181 0 0.542293132 0.840189359 0.580075 0.02265
-0.332506 0.257856 2.812108 0 -0.167398195 0.985889367 0.579883 0.018347
-0.375134 0.255733 2.811581 0 -0.250715734 0.968060753 0.472952 0.02071
-0.424217 0.255733 2.811581 0 -0.250715734 0.968060753 0.362827 0.02537
-0.375134 0.251608 2.810468 0 -0.260400207 0.965500768 0.473078 0.023379
-0.424217 0.251608 2.810468 0 -0.260400207 0.965500768 0.36299 0.028178
-0.332506 0.255733 2.811581 0 -0.250715734 0.968060753 0.57981 0.016689
-0.332506 0.251608 2.810468 0 -0.260400207 0.965500768 0.579926 0.019151
-0.477605 0.255733 2.811581 0 -0.250715734 0.968060753 0.275722 0.029279
-0.477605 0.257856 2.812108 0 -0.167495389 0.985872859 0.275543 0.031397
-0.477605 0.251608 2.810468 0 -0.260400207 0.965500768 0.275926 0.032164
-0.477605 0.258633 2.812181 0 0.542222535 0.840234921 0.275365 0.036729
-0.424217 0.236734 2.806407 0 -0.271206009 0.962521325 0.363484 0.050172
-0.375134 0.244825 2.808638 0 -0.263092022 0.964770744 0.473398 0.032145
-0.424217 0.244825 2.808638 0 -0.263092022 0.964770744 0.363268 0.037497
-0.375134 0.236734 2.806407 0 -0.271206009 0.962521325 0.473746 0.04405
-0.332506 0.244825 2.808638 0 -0.263092022 0.964770744 0.580305 0.027211
-0.332506 0.236734 2.806407 0 -0.271206009 0.962521325 0.580788 0.038152
-0.375134 0.228686 2.804092 0 -0.287705671 0.957718877 0.473955 0.056134
-0.424217 0.228686 2.804092 0 -0.287705671 0.957718877 0.363465 0.063045
-0.332506 0.228686 2.804092 0 -0.287705671 0.957718877 0.581219 0.049262
-0.477605 0.228686 2.804092 0 -0.287705671 0.957718877 0.276095 0.068437
-0.477605 0.236734 2.806407 0 -0.271206009 0.962521325 0.276295 0.055033
-0.477605 0.244825 2.808638 0 -0.263092022 0.964770744 0.276178 0.041845
-0.270329 0.257856 2.812108 0 -0.167398195 0.985889367 0.711987 0.015641
-0.245282 0.258633 2.812181 0 0.542293132 0.840189359 0.751581 0.019271
-0.270329 0.258633 2.812181 0 0.542293132 0.840189359 0.712137 0.019213
-0.245282 0.257856 2.812108 0 -0.167398195 0.985889367 0.751494 0.016019
-0.245282 0.255733 2.811581 0 -0.250715734 0.968060753 0.751534 0.014636
-0.270329 0.255733 2.811581 0 -0.250715734 0.968060753 0.711979 0.014193
-0.245282 0.251608 2.810468 0 -0.260400207 0.965500768 0.751768 0.016165
-0.270329 0.251608 2.810468 0 -0.260400207 0.965500768 0.712189 0.016054
-0.298488 0.255733 2.811581 0 -0.250715734 0.968060753 0.657111 0.014697
-0.298488 0.257856 2.812108 0 -0.167398195 0.985889367 0.65717 0.016233
-0.298488 0.251608 2.810468 0 -0.260400207 0.965500768 0.657269 0.01688
-0.298488 0.258633 2.812181 0 0.542293132 0.840189359 0.657369 0.020158
-0.270303 0.236687 2.806397 -0.000299993097 -0.270293781 0.962777847 0.713436 0.031125
-0.245282 0.244825 2.808638 -0.000100000461 -0.262601211 0.964904448 0.75226 0.021651
-0.270329 0.244825 2.808638 0 -0.262905856 0.964821492 0.712695 0.02241
-0.245175 0.236546 2.806365 -0.000499998018 -0.268798934 0.963196181 0.753222 0.029283
-0.244854 0.227935 2.803921 -0.00199993326 -0.282490573 0.95926799 0.754862 0.037254
-0.270222 0.228498 2.804049 -0.000899999433 -0.28609982 0.958199396 0.714353 0.040063
-0.298488 0.228686 2.804092 -0.000200002036 -0.287402926 0.957809751 0.658912 0.043985
-0.298488 0.236734 2.806407 -9.99980116e-05 -0.270994611 0.962580859 0.658322 0.033963
-0.298488 0.244825 2.808638 0 -0.263092022 0.964770744 0.657723 0.024115
-0.270329 0.257956 2.795722 0 0.3723043 -0.92811072 0.714496 0.067012
-0.298488 0.258651 2.796063 0 0.774487217 -0.632589559 0.658713 0.068568
-0.270329 0.258651 2.796063 0 0.774487217 -0.632589559 0.714293 0.063326
-0.298488 0.257956 2.795722 0 0.3723043 -0.92811072 0.658765 0.072621
-0.332507 0.258651 2.796063 0 0.77453621 -0.632529571 0.579526 0.075694
-0.332507 0.257956 2.795722 0 0.3723043 -0.92811072 0.579327 0.080131
-0.298488 0.256056 2.795119 0 0.291913637 -0.956444681 0.658693 0.074453
-0.270329 0.256056 2.795119 0 0.291913637 -0.956444681 0.714617 0.068738
-0.298488 0.252364 2.794036 0 0.281397451 -0.959591306 0.658427 0.072811
-0.270329 0.252364 2.794036 0 0.281397451 -0.959591306 0.714609 0.067396
-0.332507 0.256056 2.795119 0 0.291913637 -0.956444681 0.578945 0.08209
-0.332507 0.252364 2.794036 0 0.281397451 -0.959591306 0.578283 0.080176
-0.245282 0.256056 2.795119 0 0.291913637 -0.956444681 0.754293 0.06446
-0.245282 0.257956 2.795722 0 0.3723043 -0.92811072 0.754084 0.062822
-0.245282 0.252364 2.794036 0 0.281397451 -0.959591306 0.754408 0.06342
-0.245282 0.258651 2.796063 0 0.774447196 -0.632638554 0.753819 0.059474
-0.270303 0.238986 2.790159 -0.000300005756 0.27050519 -0.96271847 0.714231 0.054155
-0.298488 0.246293 2.792256 0 0.278509691 -0.960433419 0.657899 0.066442
-0.270329 0.246293 2.792256 0 0.278694168 -0.960379904 0.714422 0.061878
-0.298488 0.239028 2.790174 -0.000100004275 0.269711529 -0.962941162 0.657269 0.057618
-0.332507 0.246293 2.792256 0 0.278509691 -0.960433419 0.577244 0.07299
-0.332507 0.239028 2.790174 0 0.269500101 -0.963000361 0.576087 0.063078
-0.298488 0.231753 2.788186 -0.000199996759 0.251395926 -0.967884316 0.656694 0.048615
-0.270222 0.231583 2.788128 -0.00099999217 0.25289802 -0.967492425 0.714211 0.046199
-0.332507 0.231753 2.788186 0 0.250996863 -0.9679879 0.575074 0.052989
-0.244855 0.231072 2.787954 -0.00199996663 0.25709571 -0.966383876 0.755516 0.044966
-0.245175 0.238858 2.790116 -0.000500019519 0.272210626 -0.962237562 0.754631 0.052038
-0.245282 0.246293 2.792256 -9.99963547e-05 0.279089826 -0.960264994 0.754391 0.058734
-0.424217 0.257956 2.795722 0 0.3723043 -0.92811072 0.354154 0.100019
-0.477605 0.258651 2.796063 0 0.774487217 -0.632589559 0.2647 0.102419
-0.424217 0.258651 2.796063 0 0.77453621 -0.632529571 0.355092 0.094847
-0.477605 0.257956 2.795722 0 0.3723043 -0.92811072 0.263459 0.107839
-0.477605 0.256056 2.795119 0 0.291913637 -0.956444681 0.261838 0.110207
-0.424217 0.256056 2.795119 0 0.291913637 -0.956444681 0.352888 0.102276
-0.477605 0.252364 2.794036 0 0.281397451 -0.959591306 0.259642 0.107807
-0.424217 0.252364 2.794036 0 0.281397451 -0.959591306 0.35113 0.099977
-0.375134 0.256056 2.795119 0 0.291913637 -0.956444681 0.467801 0.092134
-0.375134 0.257956 2.795722 0 0.3723043 -0.92811072 0.468616 0.090023
-0.375134 0.252364 2.794036 0 0.281397451 -0.959591306 0.466597 0.089999
-0.375134 0.258651 2.796063 0 0.77453621 -0.632529571 0.469176 0.085196
-0.424217 0.239028 2.790174 0 0.269500101 -0.963000361 0.346171 0.079776
-0.477605 0.246293 2.792256 0 0.278509691 -0.960433419 0.256679 0.098921
-0.424217 0.246293 2.792256 0 0.278509691 -0.960433419 0.348713 0.091482
-0.477605 0.239028 2.790174 0 0.269500101 -0.963000361 0.253594 0.086666
-0.477605 0.231753 2.788186 0 0.250996863 -0.9679879 0.251031 0.074163
-0.424217 0.231753 2.788186 0 0.250996863 -0.9679879 0.344041 0.067845
-0.375134 0.231753 2.788186 0 0.250996863 -0.9679879 0.461456 0.060093
-0.375134 0.239028 2.790174 0 0.269500101 -0.963000361 0.463028 0.071189
-0.375134 0.246293 2.792256 0 0.278509691 -0.960433419 0.464875 0.082087
3 0 1 2
3 0 3 1
3 3 4 1
3 3 5 4
3 2 6 7
3 2 1 6
3 1 8 6
3 1 4 8
3 0 9 3
3 0 10 9
3 10 11 9
3 10 12 11
3 3 13 5
3 3 9 13
3 9 14 13
3 9 11 14
3 0 15 10
3 0 16 15
3 16 17 15
3 16 18 17
3 10 19 12
3 10 15 19
3 15 20 19
3 15 17 20
3 0 21 16
3 0 2 21
3 2 22 21
3 2 7 22
3 16 23 18
3 16 21 23
3 21 24 23
3 21 22 24
3 25 26 27
3 25 28 26
3 28 29 26
3 28 30 29
3 27 31 32
3 27 26 31
3 26 33 31
3 26 29 33
3 25 34 28
3 25 35 34
3 35 36 34
3 35 37 36
3 28 38 30
3 28 34 38
3 34 39 38
3 34 36 39
3 25 40 35
3 25 41 40
3 41 42 40
3 41 43 42
3 35 44 37
3 35 40 44
3 40 45 44
3 40 42 45
3 25 46 41
3 25 27 46
3 27 47 46
3 27 32 47
3 41 48 43
3 41 46 48
3 46 49 48
3 46 47 49
3 50 51 52
3 50 53 51
3 53 54 51
3 53 55 54
3 52 11 12
3 52 51 11
3 51 14 11
3 51 54 14
3 50 56 53
3 50 57 56
3 57 58 56
3 57 59 58
3 53 60 55
3 53 56 60
3 56 61 60
3 56 58 61
3 50 62 57
3 50 63 62
3 63 64 62
3 63 65 64
3 57 66 59
3 57 62 66
3 62 67 66
3 62 64 67
3 50 68 63
3 50 52 68
3 52 19 68
3 52 12 19
3 63 69 65
3 63 68 69
3 68 20 69
3 68 19 20
3 70 71 72
3 70 73 71
3 73 74 71
3 73 75 74
3 72 58 59
3 72 71 58
3 71 61 58
3 71 74 61
3 70 76 73
3 70 77 76
3 77 78 76
3 77 79 78
3 73 80 75
3 73 76 80
3 76 81 80
3 76 78 81
3 70 82 77
3 70 83 82
3 83 84 82
3 83 85 84
3 77 86 79
3 77 82 86
3 82 87 86
3 82 84 87
3 70 88 83
3 70 72 88
3 72 66 88
3 72 59 66
3 83 89 85
3 83 88 89
3 88 67 89
3 88 66 67
3 90 91 92
3 90 93 91
3 93 94 91
3 93 95 94
3 92 36 37
3 92 91 36
3 91 39 36
3 91 94 39
3 90 96 93
3 90 97 96
3 97 98 96
3 97 99 98
3 93 100 95
3 93 96 100
3 96 101 100
3 96 98 101
3 90 102 97
3 90 103 102
3 103 104 102
3 103 105 104
3 97 106 99
3 97 102 106
3 102 107 106
3 102 104 107
3 90 108 103
3 90 92 108
3 92 44 108
3 92 37 44
3 103 109 105
3 103 108 109
3 108 45 109
3 108 44 45
3 110 111 112
3 110 113 111
3 113 114 111
3 113 115 114
3 112 98 99
3 112 111 98
3 111 101 98
3 111 114 101
3 110 116 113
3 110 117 116
3 117 118 116
3 117 119 118
3 113 120 115
3 113 116 120
3 116 121 120
3 116 118 121
3 110 122 117
3 110 123 122
3 123 124 122
3 123 125 124
3 117 126 119
3 117 122 126
3 122 127 126
3 122 124 127
3 110 128 123
3 110 112 128
3 112 106 128
3 112 99 106
3 123 129 125
3 123 128 129
3 128 107 129
3 128 106 107
3 130 131 132
3 130 133 131
3 133 134 131
3 133 135 134
3 132 136 137
3 132 131 136
3 131 138 136
3 131 134 138
3 130 139 133
3 130 140 139
3 140 141 139
3 140 142 141
3 133 143 135
3 133 139 143
3 139 144 143
3 139 141 144
3 130 145 140
3 130 146 145
3 146 147 145
3 146 148 147
3 140 149 142
3 140 145 149
3 145 150 149
3 145 147 150
3 130 151 146
3 130 132 151
3 132 152 151
3 132 137 152
3 146 153 148
3 146 151 153
3 151 154 153
3 151 152 154
3 155 156 157
3 155 158 156
3 158 159 156
3 158 160 159
3 157 141 142
3 157 156 141
3 156 144 141
3 156 159 144
3 155 161 158
3 155 162 161
3 162 163 161
3 162 164 163
3 158 165 160
3 158 161 165
3 161 166 165
3 161 163 166
3 155 167 162
3 155 168 167
3 168 169 167
3 168 170 169
3 162 171 164
3 162 167 171
3 167 172 171
3 167 169 172
3 155 173 168
3 155 157 173
3 157 149 173
3 157 142 149
3 168 174 170
3 168 173 174
3 173 150 174
3 173 149 150
3 175 176 177
3 175 178 176
3 178 179 176
3 178 180 179
3 177 163 164
3 177 176 163
3 176 166 163
3 176 179 166
3 175 181 178
3 175 182 181
3 182 183 181
3 182 184 183
3 178 185 180
3 178 181 185
3 181 186 185
3 181 183 186
3 175 187 182
3 175 188 187
3 188 189 187
3 188 190 189
3 182 191 184
3 182 187 191
3 187 192 191
3 187 189 192
3 175 193 188
3 175 177 193
3 177 171 193
3 177 164 171
3 188 194 190
3 188 193 194
3 193 172 194
3 193 171 172
3 195 196 197
3 195 198 196
3 198 199 196
3 198 200 199
3 197 201 202
3 197 196 201
3 196 203 201
3 196 199 203
3 195 204 198
3 195 205 204
3 205 206 204
3 205 207 206
3 198 208 200
3 198 204 208
3 204 209 208
3 204 206 209
3 195 210 205
3 195 211 210
3 211 143 210
3 211 135 143
3 205 212 207
3 205 210 212
3 210 144 212
3 210 143 144
3 195 213 211
3 195 197 213
3 197 214 213
3 197 202 214
3 211 134 135
3 211 213 134
3 213 138 134
3 213 214 138
3 215 216 217
3 215 218 216
3 218 219 216
3 218 220 219
3 217 206 207
3 217 216 206
3 216 209 206
3 216 219 209
3 215 221 218
3 215 222 221
3 222 223 221
3 222 224 223
3 218 225 220
3 218 221 225
3 221 226 225
3 221 223 226
3 215 227 222
3 215 228 227
3 228 165 227
3 228 160 165
3 222 229 224
3 222 227 229
3 227 166 229
3 227 165 166
3 215 230 228
3 215 217 230
3 217 212 230
3 217 207 212
3 228 159 160
3 228 230 159
3 230 144 159
3 230 212 144
3 231 232 233
3 231 234 232
3 234 235 232
3 234 236 235
3 233 223 224
3 233 232 223
3 232 226 223
3 232 235 226
3 231 237 234
3 231 238 237
3 238 239 237
3 238 240 239
3 234 241 236
3 234 237 241
3 237 242 241
3 237 239 242
3 231 243 238
3 231 244 243
3 244 185 243
3 244 180 185
3 238 245 240
3 238 243 245
3 243 186 245
3 243 185 186
3 231 246 244
3 231 233 246
3 233 229 246
3 233 224 229
3 244 179 180
3 244 246 179
3 246 166 179
3 246 229 166
3 247 248 249
3 247 250 248
3 250 251 248
3 250 252 251
3 249 253 254
3 249 248 253
3 248 255 253
3 248 251 255
3 247 256 250
3 247 257 256
3 257 258 256
3 257 259 258
3 250 260 252
3 250 256 260
3 256 261 260
3 256 258 261
3 247 262 257
3 247 263 262
3 263 264 262
3 263 265 264
3 257 266 259
3 257 262 266
3 262 267 266
3 262 264 267
3 247 268 263
3 247 249 268
3 249 269 268
3 249 254 269
3 263 270 265
3 263 268 270
3 268 33 270
3 268 269 33
3 271 272 273
3 271 274 272
3 274 275 272
3 274 276 275
3 273 258 259
3 273 272 258
3 272 261 258
3 272 275 261
3 271 277 274
3 271 278 277
3 278 279 277
3 278 280 279
3 274 281 276
3 274 277 281
3 277 282 281
3 277 279 282
3 271 283 278
3 271 284 283
3 284 285 283
3 284 286 285
3 278 287 280
3 278 283 287
3 283 288 287
3 283 285 288
3 271 289 284
3 271 273 289
3 273 266 289
3 273 259 266
3 284 290 286
3 284 289 290
3 289 267 290
3 289 266 267
3 291 292 293
3 291 294 292
3 294 295 292
3 294 296 295
3 293 279 280
3 293 292 279
3 292 282 279
3 292 295 282
3 291 297 294
3 291 298 297
3 298 299 297
3 298 300 299
3 294 301 296
3 294 297 301
3 297 302 301
3 297 299 302
3 291 303 298
3 291 304 303
3 304 305 303
3 304 306 305
3 298 307 300
3 298 303 307
3 303 24 307
3 303 305 24
3 291 308 304
3 291 293 308
3 293 287 308
3 293 280 287
3 304 309 306
3 304 308 309
3 308 288 309
3 308 287 288
3 310 311 312
3 310 313 311
3 313 314 311
3 313 315 314
3 312 316 317
3 312 311 316
3 311 318 316
3 311 314 318
3 310 319 313
3 310 320 319
3 320 321 319
3 320 322 321
3 313 323 315
3 313 319 323
3 319 324 323
3 319 321 324
3 310 325 320
3 310 326 325
3 326 208 325
3 326 200 208
3 320 327 322
3 320 325 327
3 325 209 327
3 325 208 209
3 310 328 326
3 310 312 328
3 312 329 328
3 312 317 329
3 326 199 200
3 326 328 199
3 328 203 199
3 328 329 203
3 330 331 332
3 330 333 331
3 333 334 331
3 333 335 334
3 332 321 322
3 332 331 321
3 331 324 321
3 331 334 324
3 330 336 333
3 330 337 336
3 337 338 336
3 337 339 338
3 333 340 335
3 333 336 340
3 336 341 340
3 336 338 341
3 330 342 337
3 330 343 342
3 343 225 342
3 343 220 225
3 337 344 339
3 337 342 344
3 342 226 344
3 342 225 226
3 330 345 343
3 330 332 345
3 332 327 345
3 332 322 327
3 343 219 220
3 343 345 219
3 345 209 219
3 345 327 209
3 346 347 348
3 346 349 347
3 349 350 347
3 349 351 350
3 348 338 339
3 348 347 338
3 347 341 338
3 347 350 341
3 346 352 349
3 346 353 352
3 353 354 352
3 353 355 354
3 349 356 351
3 349 352 356
3 352 357 356
3 352 354 357
3 346 358 353
3 346 359 358
3 359 241 358
3 359 236 241
3 353 360 355
3 353 358 360
3 358 242 360
3 358 241 242
3 346 361 359
3 346 348 361
3 348 344 361
3 348 339 344
3 359 235 236
3 359 361 235
3 361 226 235
3 361 344 226
3 362 363 364
3 362 365 363
3 365 366 363
3 365 367 366
3 364 368 369
3 364 363 368
3 363 370 368
3 363 366 370
3 362 371 365
3 362 372 371
3 372 373 371
3 372 374 373
3 365 375 367
3 365 371 375
3 371 376 375
3 371 373 376
3 362 377 372
3 362 378 377
3 378 323 377
3 378 315 323
3 372 379 374
3 372 377 379
3 377 324 379
3 377 323 324
3 362 380 378
3 362 364 380
3 364 381 380
3 364 369 381
3 378 314 315
3 378 380 314
3 380 318 314
3 380 381 318
3 382 383 384
3 382 385 383
3 385 386 383
3 385 387 386
3 384 373 374
3 384 383 373
3 383 376 373
3 383 386 376
3 382 388 385
3 382 389 388
3 389 390 388
3 389 391 390
3 385 392 387
3 385 388 392
3 388 393 392
3 388 390 393
3 382 394 389
3 382 395 394
3 395 340 394
3 395 335 340
3 389 396 391
3 389 394 396
3 394 341 396
3 394 340 341
3 382 397 395
3 382 384 397
3 384 379 397
3 384 374 379
3 395 334 335
3 395 397 334
3 397 324 334
3 397 379 324
3 398 399 400
3 398 401 399
3 401 402 399
3 401 403 402
3 400 390 391
3 400 399 390
3 399 393 390
3 399 402 393
3 398 404 401
3 398 405 404
3 405 406 404
3 405 407 406
3 401 408 403
3 401 404 408
3 404 409 408
3 404 406 409
3 398 410 405
3 398 411 410
3 411 356 410
3 411 351 356
3 405 412 407
3 405 410 412
3 410 357 412
3 410 356 357
3 398 413 411
3 398 400 413
3 400 396 413
3 400 391 396
3 411 350 351
3 411 413 350
3 413 341 350
3 413 396 341
3 414 415 416
3 414 417 415
3 417 418 415
3 417 419 418
3 416 420 421
3 416 415 420
3 415 422 420
3 415 418 422
3 414 423 417
3 414 424 423
3 424 425 423
3 424 426 425
3 417 427 419
3 417 423 427
3 423 428 427
3 423 425 428
3 414 429 424
3 414 430 429
3 430 260 429
3 430 252 260
3 424 431 426
3 424 429 431
3 429 261 431
3 429 260 261
3 414 432 430
3 414 416 432
3 416 433 432
3 416 421 433
3 430 251 252
3 430 432 251
3 432 255 251
3 432 433 255
3 434 435 436
3 434 437 435
3 437 438 435
3 437 439 438
3 436 425 426
3 436 435 425
3 435 428 425
3 435 438 428
3 434 440 437
3 434 441 440
3 441 442 440
3 441 443 442
3 437 444 439
3 437 440 444
3 440 445 444
3 440 442 445
3 434 446 441
3 434 447 446
3 447 281 446
3 447 276 281
3 441 448 443
3 441 446 448
3 446 282 448
3 446 281 282
3 434 449 447
3 434 436 449
3 436 431 449
3 436 426 431
3 447 275 276
3 447 449 275
3 449 261 275
3 449 431 261
3 450 451 452
3 450 453 451
3 453 454 451
3 453 455 454
3 452 442 443
3 452 451 442
3 451 445 442
3 451 454 445
3 450 456 453
3 450 457 456
3 457 458 456
3 457 459 458
3 453 460 455
3 453 456 460
3 456 461 460
3 456 458 461
3 450 462 457
3 450 463 462
3 463 301 462
3 463 296 301
3 457 464 459
3 457 462 464
3 462 302 464
3 462 301 302
3 450 465 463
3 450 452 465
3 452 448 465
3 452 443 448
3 463 295 296
3 463 465 295
3 465 282 295
3 465 448 282
3 466 467 468
3 466 469 467
3 469 470 467
3 469 471 470
3 468 472 473
3 468 467 472
3 467 474 472
3 467 470 474
3 466 475 469
3 466 476 475
3 476 477 475
3 476 478 477
3 469 479 471
3 469 475 479
3 475 480 479
3 475 477 480
3 466 481 476
3 466 482 481
3 482 427 481
3 482 419 427
3 476 483 478
3 476 481 483
3 481 428 483
3 481 427 428
3 466 484 482
3 466 468 484
3 468 485 484
3 468 473 485
3 482 418 419
3 482 484 418
3 484 422 418
3 484 485 422
3 486 487 488
3 486 489 487
3 489 490 487
3 489 491 490
3 488 477 478
3 488 487 477
3 487 480 477
3 487 490 480
3 486 492 489
3 486 493 492
3 493 494 492
3 493 495 494
3 489 496 491
3 489 492 496
3 492 497 496
3 492 494 497
3 486 498 493
3 486 499 498
3 499 444 498
3 499 439 444
3 493 500 495
3 493 498 500
3 498 445 500
3 498 444 445
3 486 501 499
3 486 488 501
3 488 483 501
3 488 478 483
3 499 438 439
3 499 501 438
3 501 428 438
3 501 483 428
3 502 503 504
3 502 505 503
3 505 506 503
3 505 507 506
3 504 494 495
3 504 503 494
3 503 497 494
3 503 506 497
3 502 508 505
3 502 509 508
3 509 510 508
3 509 511 510
3 505 512 507
3 505 508 512
3 508 513 512
3 508 510 513
3 502 514 509
3 502 515 514
3 515 460 514
3 515 455 460
3 509 516 511
3 509 514 516
3 514 461 516
3 514 460 461
3 502 517 515
3 502 504 517
3 504 500 517
3 504 495 500
3 515 454 455
3 515 517 454
3 517 445 454
3 517 500 445
3 518 519 520
3 518 521 519
3 521 522 519
3 521 523 522
3 520 524 525
3 520 519 524
3 519 526 524
3 519 522 526
3 518 527 521
3 518 528 527
3 528 529 527
3 528 530 529
3 521 531 523
3 521 527 531
3 527 532 531
3 527 529 532
3 518 533 528
3 518 534 533
3 534 535 533
3 534 536 535
3 528 537 530
3 528 533 537
3 533 538 537
3 533 535 538
3 518 539 534
3 518 520 539
3 520 540 539
3 520 525 540
3 534 541 536
3 534 539 541
3 539 542 541
3 539 540 542
3 543 544 545
3 543 546 544
3 546 547 544
3 546 548 547
3 545 529 530
3 545 544 529
3 544 532 529
3 544 547 532
3 543 549 546
3 543 550 549
3 550 551 549
3 550 552 551
3 546 553 548
3 546 549 553
3 549 554 553
3 549 551 554
3 543 555 550
3 543 556 555
3 556 557 555
3 556 558 557
3 550 559 552
3 550 555 559
3 555 560 559
3 555 557 560
3 543 561 556
3 543 545 561
3 545 537 561
3 545 530 537
3 556 562 558
3 556 561 562
3 561 538 562
3 561 537 538
3 563 564 565
3 563 566 564
3 566 567 564
3 566 568 567
3 565 551 552
3 565 564 551
3 564 554 551
3 564 567 554
3 563 569 566
3 563 570 569
3 570 571 569
3 570 572 571
3 566 573 568
3 566 569 573
3 569 574 573
3 569 571 574
3 563 575 570
3 563 576 575
3 576 577 575
3 576 578 577
3 570 579 572
3 570 575 579
3 575 580 579
3 575 577 580
3 563 581 576
3 563 565 581
3 565 559 581
3 565 552 559
3 576 582 578
3 576 581 582
3 581 560 582
3 581 559 560
3 583 584 585
3 583 586 584
3 586 587 584
3 586 588 587
3 585 17 18
3 585 584 17
3 584 20 17
3 584 587 20
3 583 589 586
3 583 590 589
3 590 591 589
3 590 592 591
3 586 593 588
3 586 589 593
3 589 594 593
3 589 591 594
3 583 595 590
3 583 596 595
3 596 309 595
3 596 306 309
3 590 597 592
3 590 595 597
3 595 288 597
3 595 309 288
3 583 598 596
3 583 585 598
3 585 23 598
3 585 18 23
3 596 305 306
3 596 598 305
3 598 24 305
3 598 23 24
3 599 600 601
3 599 602 600
3 602 603 600
3 602 604 603
3 601 591 592
3 601 600 591
3 600 594 591
3 600 603 594
3 599 605 602
3 599 606 605
3 606 607 605
3 606 608 607
3 602 609 604
3 602 605 609
3 605 610 609
3 605 607 610
3 599 611 606
3 599 612 611
3 612 290 611
3 612 286 290
3 606 613 608
3 606 611 613
3 611 267 613
3 611 290 267
3 599 614 612
3 599 601 614
3 601 597 614
3 601 592 597
3 612 285 286
3 612 614 285
3 614 288 285
3 614 597 288
3 615 616 617
3 615 618 616
3 618 619 616
3 618 620 619
3 617 607 608
3 617 616 607
3 616 610 607
3 616 619 610
3 615 621 618
3 615 622 621
3 622 38 621
3 622 30 38
3 618 623 620
3 618 621 623
3 621 39 623
3 621 38 39
3 615 624 622
3 615 625 624
3 625 270 624
3 625 265 270
3 622 29 30
3 622 624 29
3 624 33 29
3 624 270 33
3 615 626 625
3 615 617 626
3 617 613 626
3 617 608 613
3 625 264 265
3 625 626 264
3 626 267 264
3 626 613 267
3 627 628 629
3 627 630 628
3 630 631 628
3 630 632 631
3 629 42 43
3 629 628 42
3 628 45 42
3 628 631 45
3 627 633 630
3 627 634 633
3 634 635 633
3 634 636 635
3 630 637 632
3 630 633 637
3 633 638 637
3 633 635 638
3 627 639 634
3 627 640 639
3 640 641 639
3 640 642 641
3 634 643 636
3 634 639 643
3 639 644 643
3 639 641 644
3 627 645 640
3 627 629 645
3 629 48 645
3 629 43 48
3 640 646 642
3 640 645 646
3 645 49 646
3 645 48 49
3 647 648 649
3 647 650 648
3 650 651 648
3 650 652 651
3 649 635 636
3 649 648 635
3 648 638 635
3 648 651 638
3 647 653 650
3 647 654 653
3 654 655 653
3 654 656 655
3 650 657 652
3 650 653 657
3 653 658 657
3 653 655 658
3 647 659 654
3 647 660 659
3 660 661 659
3 660 662 661
3 654 663 656
3 654 659 663
3 659 664 663
3 659 661 664
3 647 665 660
3 647 649 665
3 649 643 665
3 649 636 643
3 660 666 662
3 660 665 666
3 665 644 666
3 665 643 644
3 667 668 669
3 667 670 668
3 670 671 668
3 670 672 671
3 669 655 656
3 669 668 655
3 668 658 655
3 668 671 658
3 667 673 670
3 667 674 673
3 674 13 673
3 674 5 13
3 670 675 672
3 670 673 675
3 673 14 675
3 673 13 14
3 667 676 674
3 667 677 676
3 677 678 676
3 677 679 678
3 674 4 5
3 674 676 4
3 676 8 4
3 676 678 8
3 667 680 677
3 667 669 680
3 669 663 680
3 669 656 663
3 677 681 679
3 677 680 681
3 680 664 681
3 680 663 664
3 682 683 684
3 682 685 683
3 685 686 683
3 685 687 686
3 684 64 65
3 684 683 64
3 683 67 64
3 683 686 67
3 682 688 685
3 682 689 688
3 689 690 688
3 689 691 690
3 685 692 687
3 685 688 692
3 688 693 692
3 688 690 693
3 682 694 689
3 682 695 694
3 695 593 694
3 695 588 593
3 689 696 691
3 689 694 696
3 694 594 696
3 694 593 594
3 682 697 695
3 682 684 697
3 684 69 697
3 684 65 69
3 695 587 588
3 695 697 587
3 697 20 587
3 697 69 20
3 698 699 700
3 698 701 699
3 701 702 699
3 701 703 702
3 700 690 691
3 700 699 690
3 699 693 690
3 699 702 693
3 698 704 701
3 698 705 704
3 705 706 704
3 705 707 706
3 701 708 703
3 701 704 708
3 704 709 708
3 704 706 709
3 698 710 705
3 698 711 710
3 711 609 710
3 711 604 609
3 705 712 707
3 705 710 712
3 710 610 712
3 710 609 610
3 698 713 711
3 698 700 713
3 700 696 713
3 700 691 696
3 711 603 604
3 711 713 603
3 713 594 603
3 713 696 594
3 714 715 716
3 714 717 715
3 717 718 715
3 717 719 718
3 716 706 707
3 716 715 706
3 715 709 706
3 715 718 709
3 714 720 717
3 714 721 720
3 721 100 720
3 721 95 100
3 717 722 719
3 717 720 722
3 720 101 722
3 720 100 101
3 714 723 721
3 714 724 723
3 724 623 723
3 724 620 623
3 721 94 95
3 721 723 94
3 723 39 94
3 723 623 39
3 714 725 724
3 714 716 725
3 716 712 725
3 716 707 712
3 724 619 620
3 724 725 619
3 725 610 619
3 725 712 610
3 726 727 728
3 726 729 727
3 729 730 727
3 729 731 730
3 728 84 85
3 728 727 84
3 727 87 84
3 727 730 87
3 726 732 729
3 726 733 732
3 733 734 732
3 733 735 734
3 729 736 731
3 729 732 736
3 732 737 736
3 732 734 737
3 726 738 733
3 726 739 738
3 739 692 738
3 739 687 692
3 733 740 735
3 733 738 740
3 738 693 740
3 738 692 693
3 726 741 739
3 726 728 741
3 728 89 741
3 728 85 89
3 739 686 687
3 739 741 686
3 741 67 686
3 741 89 67
3 742 743 744
3 742 745 743
3 745 746 743
3 745 747 746
3 744 734 735
3 744 743 734
3 743 737 734
3 743 746 737
3 742 748 745
3 742 749 748
3 749 750 748
3 749 751 750
3 745 752 747
3 745 748 752
3 748 753 752
3 748 750 753
3 742 754 749
3 742 755 754
3 755 708 754
3 755 703 708
3 749 756 751
3 749 754 756
3 754 709 756
3 754 708 709
3 742 757 755
3 742 744 757
3 744 740 757
3 744 735 740
3 755 702 703
3 755 757 702
3 757 693 702
3 757 740 693
3 758 759 760
3 758 761 759
3 761 762 759
3 761 763 762
3 760 750 751
3 760 759 750
3 759 753 750
3 759 762 753
3 758 764 761
3 758 765 764
3 765 120 764
3 765 115 120
3 761 766 763
3 761 764 766
3 764 121 766
3 764 120 121
3 758 767 765
3 758 768 767
3 768 722 767
3 768 719 722
3 765 114 115
3 765 767 114
3 767 101 114
3 767 722 101
3 758 769 768
3 758 760 769
3 760 756 769
3 760 751 756
3 768 718 719
3 768 769 718
3 769 709 718
3 769 756 709
3 770 771 772
3 770 773 771
3 773 774 771
3 773 775 774
3 772 104 105
3 772 771 104
3 771 107 104
3 771 774 107
3 770 776 773
3 770 777 776
3 777 778 776
3 777 779 778
3 773 780 775
3 773 776 780
3 776 781 780
3 776 778 781
3 770 782 777
3 770 783 782
3 783 637 782
3 783 632 637
3 777 784 779
3 777 782 784
3 782 638 784
3 782 637 638
3 770 785 783
3 770 772 785
3 772 109 785
3 772 105 109
3 783 631 632
3 783 785 631
3 785 45 631
3 785 109 45
3 786 787 788
3 786 789 787
3 789 790 787
3 789 791 790
3 788 778 779
3 788 787 778
3 787 781 778
3 787 790 781
3 786 792 789
3 786 793 792
3 793 794 792
3 793 795 794
3 789 796 791
3 789 792 796
3 792 797 796
3 792 794 797
3 786 798 793
3 786 799 798
3 799 657 798
3 799 652 657
3 793 800 795
3 793 798 800
3 798 658 800
3 798 657 658
3 786 801 799
3 786 788 801
3 788 784 801
3 788 779 784
3 799 651 652
3 799 801 651
3 801 638 651
3 801 784 638
3 802 803 804
3 802 805 803
3 805 806 803
3 805 807 806
3 804 794 795
3 804 803 794
3 803 797 794
3 803 806 797
3 802 808 805
3 802 809 808
3 809 60 808
3 809 55 60
3 805 810 807
3 805 808 810
3 808 61 810
3 808 60 61
3 802 811 809
3 802 812 811
3 812 675 811
3 812 672 675
3 809 54 55
3 809 811 54
3 811 14 54
3 811 675 14
3 802 813 812
3 802 804 813
3 804 800 813
3 804 795 800
3 812 671 672
3 812 813 671
3 813 658 671
3 813 800 658
3 814 815 816
3 814 817 815
3 817 818 815
3 817 819 818
3 816 124 125
3 816 815 124
3 815 127 124
3 815 818 127
3 814 820 817
3 814 821 820
3 821 822 820
3 821 823 822
3 817 824 819
3 817 820 824
3 820 825 824
3 820 822 825
3 814 826 821
3 814 827 826
3 827 780 826
3 827 775 780
3 821 828 823
3 821 826 828
3 826 781 828
3 826 780 781
3 814 829 827
3 814 816 829
3 816 129 829
3 816 125 129
3 827 774 775
3 827 829 774
3 829 107 774
3 829 129 107
3 830 831 832
3 830 833 831
3 833 834 831
3 833 835 834
3 832 822 823
3 832 831 822
3 831 825 822
3 831 834 825
3 830 836 833
3 830 837 836
3 837 838 836
3 837 839 838
3 833 840 835
3 833 836 840
3 836 841 840
3 836 838 841
3 830 842 837
3 830 843 842
3 843 796 842
3 843 791 796
3 837 844 839
3 837 842 844
3 842 797 844
3 842 796 797
3 830 845 843
3 830 832 845
3 832 828 845
3 832 823 828
3 843 790 791
3 843 845 790
3 845 781 790
3 845 828 781
3 846 847 848
3 846 849 847
3 849 850 847
3 849 851 850
3 848 838 839
3 848 847 838
3 847 841 838
3 847 850 841
3 846 852 849
3 846 853 852
3 853 80 852
3 853 75 80
3 849 854 851
3 849 852 854
3 852 81 854
3 852 80 81
3 846 855 853
3 846 856 855
3 856 810 855
3 856 807 810
3 853 74 75
3 853 855 74
3 855 61 74
3 855 810 61
3 846 857 856
3 846 848 857
3 848 844 857
3 848 839 844
3 856 806 807
3 856 857 806
3 857 797 806
3 857 844 797
3 858 859 860
3 858 861 859
3 861 862 859
3 861 863 862
3 860 147 148
3 860 859 147
3 859 150 147
3 859 862 150
3 858 864 861
3 858 865 864
3 865 866 864
3 865 867 866
3 861 868 863
3 861 864 868
3 864 869 868
3 864 866 869
3 858 870 865
3 858 871 870
3 871 872 870
3 871 873 872
3 865 874 867
3 865 870 874
3 870 875 874
3 870 872 875
3 858 876 871
3 858 860 876
3 860 153 876
3 860 148 153
3 871 877 873
3 871 876 877
3 876 154 877
3 876 153 154
3 878 879 880
3 878 881 879
3 881 882 879
3 881 883 882
3 880 866 867
3 880 879 866
3 879 869 866
3 879 882 869
3 878 884 881
3 878 885 884
3 885 886 884
3 885 887 886
3 881 888 883
3 881 884 888
3 884 889 888
3 884 886 889
3 878 890 885
3 878 891 890
3 891 892 890
3 891 893 892
3 885 894 887
3 885 890 894
3 890 895 894
3 890 892 895
3 878 896 891
3 878 880 896
3 880 874 896
3 880 867 874
3 891 897 893
3 891 896 897
3 896 875 897
3 896 874 875
3 898 899 900
3 898 901 899
3 901 902 899
3 901 903 902
3 900 169 170
3 900 899 169
3 899 172 169
3 899 902 172
3 898 904 901
3 898 905 904
3 905 906 904
3 905 907 906
3 901 908 903
3 901 904 908
3 904 909 908
3 904 906 909
3 898 910 905
3 898 911 910
3 911 868 910
3 911 863 868
3 905 912 907
3 905 910 912
3 910 869 912
3 910 868 869
3 898 913 911
3 898 900 913
3 900 174 913
3 900 170 174
3 911 862 863
3 911 913 862
3 913 150 862
3 913 174 150
3 914 915 916
3 914 917 915
3 917 918 915
3 917 919 918
3 916 906 907
3 916 915 906
3 915 909 906
3 915 918 909
3 914 920 917
3 914 921 920
3 921 922 920
3 921 923 922
3 917 924 919
3 917 920 924
3 920 925 924
3 920 922 925
3 914 926 921
3 914 927 926
3 927 888 926
3 927 883 888
3 921 928 923
3 921 926 928
3 926 889 928
3 926 888 889
3 914 929 927
3 914 916 929
3 916 912 929
3 916 907 912
3 927 882 883
3 927 929 882
3 929 869 882
3 929 912 869
3 930 931 932
3 930 933 931
3 933 934 931
3 933 935 934
3 932 189 190
3 932 931 189
3 931 192 189
3 931 934 192
3 930 936 933
3 930 937 936
3 937 938 936
3 937 939 938
3 933 940 935
3 933 936 940
3 936 941 940
3 936 938 941
3 930 942 937
3 930 943 942
3 943 908 942
3 943 903 908
3 937 944 939
3 937 942 944
3 942 909 944
3 942 908 909
3 930 945 943
3 930 932 945
3 932 194 945
3 932 190 194
3 943 902 903
3 943 945 902
3 945 172 902
3 945 194 172
3 946 947 948
3 946 949 947
3 949 950 947
3 949 951 950
3 948 938 939
3 948 947 938
3 947 941 938
3 947 950 941
3 946 952 949
3 946 953 952
3 953 954 952
3 953 955 954
3 949 956 951
3 949 952 956
3 952 957 956
3 952 954 957
3 946 958 953
3 946 959 958
3 959 924 958
3 959 919 924
3 953 960 955
3 953 958 960
3 958 925 960
3 958 924 925
3 946 961 959
3 946 948 961
3 948 944 961
3 948 939 944
3 959 918 919
3 959 961 918
3 961 909 918
3 961 944 909
3 962 963 964
3 962 965 963
3 965 966 963
3 965 967 966
3 964 641 642
3 964 963 641
3 963 644 641
3 963 966 644
3 962 968 965
3 962 969 968
3 969 970 968
3 969 971 970
3 965 972 967
3 965 968 972
3 968 973 972
3 968 970 973
3 962 974 969
3 962 975 974
3 975 976 974
3 975 977 976
3 969 978 971
3 969 974 978
3 974 979 978
3 974 976 979
3 962 980 975
3 962 964 980
3 964 646 980
3 964 642 646
3 975 981 977
3 975 980 981
3 980 49 981
3 980 646 49
3 982 983 984
3 982 985 983
3 985 986 983
3 985 987 986
3 984 970 971
3 984 983 970
3 983 973 970
3 983 986 973
3 982 988 985
3 982 989 988
3 989 990 988
3 989 991 990
3 985 992 987
3 985 988 992
3 988 993 992
3 988 990 993
3 982 994 989
3 982 995 994
3 995 996 994
3 995 997 996
3 989 998 991
3 989 994 998
3 994 999 998
3 994 996 999
3 982 1000 995
3 982 984 1000
3 984 978 1000
3 984 971 978
3 995 1001 997
3 995 1000 1001
3 1000 979 1001
3 1000 978 979
3 1002 1003 1004
3 1002 1005 1003
3 1005 1006 1003
3 1005 1007 1006
3 1004 661 662
3 1004 1003 661
3 1003 664 661
3 1003 1006 664
3 1002 1008 1005
3 1002 1009 1008
3 1009 1010 1008
3 1009 1011 1010
3 1005 1012 1007
3 1005 1008 1012
3 1008 1013 1012
3 1008 1010 1013
3 1002 1014 1009
3 1002 1015 1014
3 1015 972 1014
3 1015 967 972
3 1009 1016 1011
3 1009 1014 1016
3 1014 973 1016
3 1014 972 973
3 1002 1017 1015
3 1002 1004 1017
3 1004 666 1017
3 1004 662 666
3 1015 966 967
3 1015 1017 966
3 1017 644 966
3 1017 666 644
3 1018 1019 1020
3 1018 1021 1019
3 1021 1022 1019
3 1021 1023 1022
3 1020 1010 1011
3 1020 1019 1010
3 1019 1013 1010
3 1019 1022 1013
3 1018 1024 1021
3 1018 1025 1024
3 1025 1026 1024
3 1025 1027 1026
3 1021 1028 1023
3 1021 1024 1028
3 1024 1029 1028
3 1024 1026 1029
3 1018 1030 1025
3 1018 1031 1030
3 1031 992 1030
3 1031 987 992
3 1025 1032 1027
3 1025 1030 1032
3 1030 993 1032
3 1030 992 993
3 1018 1033 1031
3 1018 1020 1033
3 1020 1016 1033
3 1020 1011 1016
3 1031 986 987
3 1031 1033 986
3 1033 973 986
3 1033 1016 973
3 1034 1035 1036
3 1034 1037 1035
3 1037 1038 1035
3 1037 1039 1038
3 1036 678 679
3 1036 1035 678
3 1035 8 678
3 1035 1038 8
3 1034 1040 1037
3 1034 1041 1040
3 1041 1042 1040
3 1041 1043 1042
3 1037 1044 1039
3 1037 1040 1044
3 1040 1045 1044
3 1040 1042 1045
3 1034 1046 1041
3 1034 1047 1046
3 1047 1012 1046
3 1047 1007 1012
3 1041 1048 1043
3 1041 1046 1048
3 1046 1013 1048
3 1046 1012 1013
3 1034 1049 1047
3 1034 1036 1049
3 1036 681 1049
3 1036 679 681
3 1047 1006 1007
3 1047 1049 1006
3 1049 664 1006
3 1049 681 664
3 1050 1051 1052
3 1050 1053 1051
3 1053 1054 1051
3 1053 1055 1054
3 1052 1042 1043
3 1052 1051 1042
3 1051 1045 1042
3 1051 1054 1045
3 1050 1056 1053
3 1050 1057 1056
3 1057 1058 1056
3 1057 1059 1058
3 1053 1060 1055
3 1053 1056 1060
3 1056 1061 1060
3 1056 1058 1061
3 1050 1062 1057
3 1050 1063 1062
3 1063 1028 1062
3 1063 1023 1028
3 1057 1064 1059
3 1057 1062 1064
3 1062 1029 1064
3 1062 1028 1029
3 1050 1065 1063
3 1050 1052 1065
3 1052 1048 1065
3 1052 1043 1048
3 1063 1022 1023
3 1063 1065 1022
3 1065 1013 1022
3 1065 1048 1013
3 1066 1067 1068
3 1066 1069 1067
3 1069 1070 1067
3 1069 1071 1070
3 1068 78 79
3 1068 1067 78
3 1067 81 78
3 1067 1070 81
3 1066 1072 1069
3 1066 1073 1072
3 1073 1074 1072
3 1073 1075 1074
3 1069 1076 1071
3 1069 1072 1076
3 1072 1077 1076
3 1072 1074 1077
3 1066 1078 1073
3 1066 1079 1078
3 1079 1080 1078
3 1079 1081 1080
3 1073 1082 1075
3 1073 1078 1082
3 1078 1083 1082
3 1078 1080 1083
3 1066 1084 1079
3 1066 1068 1084
3 1068 86 1084
3 1068 79 86
3 1079 1085 1081
3 1079 1084 1085
3 1084 87 1085
3 1084 86 87
3 1086 1087 1088
3 1086 1089 1087
3 1089 1090 1087
3 1089 1091 1090
3 1088 1074 1075
3 1088 1087 1074
3 1087 1077 1074
3 1087 1090 1077
3 1086 1092 1089
3 1086 1093 1092
3 1093 579 1092
3 1093 572 579
3 1089 1094 1091
3 1089 1092 1094
3 1092 580 1094
3 1092 579 580
3 1086 1095 1093
3 1086 1096 1095
3 1096 1097 1095
3 1096 1098 1097
3 1093 571 572
3 1093 1095 571
3 1095 574 571
3 1095 1097 574
3 1086 1099 1096
3 1086 1088 1099
3 1088 1082 1099
3 1088 1075 1082
3 1096 1100 1098
3 1096 1099 1100
3 1099 1083 1100
3 1099 1082 1083
3 1101 1102 1103
3 1101 1104 1102
3 1104 1105 1102
3 1104 1106 1105
3 1103 118 119
3 1103 1102 118
3 1102 121 118
3 1102 1105 121
3 1101 1107 1104
3 1101 1108 1107
3 1108 1109 1107
3 1108 1110 1109
3 1104 1111 1106
3 1104 1107 1111
3 1107 1112 1111
3 1107 1109 1112
3 1101 1113 1108
3 1101 1114 1113
3 1114 1115 1113
3 1114 1116 1115
3 1108 1117 1110
3 1108 1113 1117
3 1113 1118 1117
3 1113 1115 1118
3 1101 1119 1114
3 1101 1103 1119
3 1103 126 1119
3 1103 119 126
3 1114 1120 1116
3 1114 1119 1120
3 1119 127 1120
3 1119 126 127
3 1121 1122 1123
3 1121 1124 1122
3 1124 1125 1122
3 1124 1126 1125
3 1123 1109 1110
3 1123 1122 1109
3 1122 1112 1109
3 1122 1125 1112
3 1121 1127 1124
3 1121 1128 1127
3 1128 524 1127
3 1128 525 524
3 1124 1129 1126
3 1124 1127 1129
3 1127 526 1129
3 1127 524 526
3 1121 1130 1128
3 1121 1131 1130
3 1131 1132 1130
3 1131 1133 1132
3 1128 540 525
3 1128 1130 540
3 1130 542 540
3 1130 1132 542
3 1121 1134 1131
3 1121 1123 1134
3 1123 1117 1134
3 1123 1110 1117
3 1131 1135 1133
3 1131 1134 1135
3 1134 1118 1135
3 1134 1117 1118
3 1136 1137 1138
3 1136 1139 1137
3 1139 1140 1137
3 1139 1141 1140
3 1138 567 568
3 1138 1137 567
3 1137 554 567
3 1137 1140 554
3 1136 1142 1139
3 1136 1143 1142
3 1143 1144 1142
3 1143 1145 1144
3 1139 1146 1141
3 1139 1142 1146
3 1142 1147 1146
3 1142 1144 1147
3 1136 1148 1143
3 1136 1149 1148
3 1149 1100 1148
3 1149 1098 1100
3 1143 1150 1145
3 1143 1148 1150
3 1148 1083 1150
3 1148 1100 1083
3 1136 1151 1149
3 1136 1138 1151
3 1138 573 1151
3 1138 568 573
3 1149 1097 1098
3 1149 1151 1097
3 1151 574 1097
3 1151 573 574
3 1152 1153 1154
3 1152 1155 1153
3 1155 1156 1153
3 1155 1157 1156
3 1154 1144 1145
3 1154 1153 1144
3 1153 1147 1144
3 1153 1156 1147
3 1152 1158 1155
3 1152 1159 1158
3 1159 736 1158
3 1159 731 736
3 1155 1160 1157
3 1155 1158 1160
3 1158 737 1160
3 1158 736 737
3 1152 1161 1159
3 1152 1162 1161
3 1162 1085 1161
3 1162 1081 1085
3 1159 730 731
3 1159 1161 730
3 1161 87 730
3 1161 1085 87
3 1152 1163 1162
3 1152 1154 1163
3 1154 1150 1163
3 1154 1145 1150
3 1162 1080 1081
3 1162 1163 1080
3 1163 1083 1080
3 1163 1150 1083
3 1164 1165 1166
3 1164 1167 1165
3 1167 1168 1165
3 1167 1169 1168
3 1166 547 548
3 1166 1165 547
3 1165 532 547
3 1165 1168 532
3 1164 1170 1167
3 1164 1171 1170
3 1171 1172 1170
3 1171 1173 1172
3 1167 1174 1169
3 1167 1170 1174
3 1170 1175 1174
3 1170 1172 1175
3 1164 1176 1171
3 1164 1177 1176
3 1177 1146 1176
3 1177 1141 1146
3 1171 1178 1173
3 1171 1176 1178
3 1176 1147 1178
3 1176 1146 1147
3 1164 1179 1177
3 1164 1166 1179
3 1166 553 1179
3 1166 548 553
3 1177 1140 1141
3 1177 1179 1140
3 1179 554 1140
3 1179 553 554
3 1180 1181 1182
3 1180 1183 1181
3 1183 1184 1181
3 1183 1185 1184
3 1182 1172 1173
3 1182 1181 1172
3 1181 1175 1172
3 1181 1184 1175
3 1180 1186 1183
3 1180 1187 1186
3 1187 752 1186
3 1187 747 752
3 1183 1188 1185
3 1183 1186 1188
3 1186 753 1188
3 1186 752 753
3 1180 1189 1187
3 1180 1190 1189
3 1190 1160 1189
3 1190 1157 1160
3 1187 746 747
3 1187 1189 746
3 1189 737 746
3 1189 1160 737
3 1180 1191 1190
3 1180 1182 1191
3 1182 1178 1191
3 1182 1173 1178
3 1190 1156 1157
3 1190 1191 1156
3 1191 1147 1156
3 1191 1178 1147
3 1192 1193 1194
3 1192 1195 1193
3 1195 1129 1193
3 1195 1126 1129
3 1194 522 523
3 1194 1193 522
3 1193 526 522
3 1193 1129 526
3 1192 1196 1195
3 1192 1197 1196
3 1197 1198 1196
3 1197 1199 1198
3 1195 1125 1126
3 1195 1196 1125
3 1196 1112 1125
3 1196 1198 1112
3 1192 1200 1197
3 1192 1201 1200
3 1201 1174 1200
3 1201 1169 1174
3 1197 1202 1199
3 1197 1200 1202
3 1200 1175 1202
3 1200 1174 1175
3 1192 1203 1201
3 1192 1194 1203
3 1194 531 1203
3 1194 523 531
3 1201 1168 1169
3 1201 1203 1168
3 1203 532 1168
3 1203 531 532
3 1204 1205 1206
3 1204 1207 1205
3 1207 1111 1205
3 1207 1106 1111
3 1206 1198 1199
3 1206 1205 1198
3 1205 1112 1198
3 1205 1111 1112
3 1204 1208 1207
3 1204 1209 1208
3 1209 766 1208
3 1209 763 766
3 1207 1105 1106
3 1207 1208 1105
3 1208 121 1105
3 1208 766 121
3 1204 1210 1209
3 1204 1211 1210
3 1211 1188 1210
3 1211 1185 1188
3 1209 762 763
3 1209 1210 762
3 1210 753 762
3 1210 1188 753
3 1204 1212 1211
3 1204 1206 1212
3 1206 1202 1212
3 1206 1199 1202
3 1211 1184 1185
3 1211 1212 1184
3 1212 1175 1184
3 1212 1202 1175
3 1213 1214 1215
3 1213 1216 1214
3 1216 1217 1214
3 1216 1218 1217
3 1215 535 536
3 1215 1214 535
3 1214 538 535
3 1214 1217 538
3 1213 1219 1216
3 1213 1220 1219
3 1220 1221 1219
3 1220 1222 1221
3 1216 1223 1218
3 1216 1219 1223
3 1219 1224 1223
3 1219 1221 1224
3 1213 1225 1220
3 1213 1226 1225
3 1226 1135 1225
3 1226 1133 1135
3 1220 1227 1222
3 1220 1225 1227
3 1225 1118 1227
3 1225 1135 1118
3 1213 1228 1226
3 1213 1215 1228
3 1215 541 1228
3 1215 536 541
3 1226 1132 1133
3 1226 1228 1132
3 1228 542 1132
3 1228 541 542
3 1229 1230 1231
3 1229 1232 1230
3 1232 1233 1230
3 1232 1234 1233
3 1231 1221 1222
3 1231 1230 1221
3 1230 1224 1221
3 1230 1233 1224
3 1229 1235 1232
3 1229 1236 1235
3 1236 824 1235
3 1236 819 824
3 1232 1237 1234
3 1232 1235 1237
3 1235 825 1237
3 1235 824 825
3 1229 1238 1236
3 1229 1239 1238
3 1239 1120 1238
3 1239 1116 1120
3 1236 818 819
3 1236 1238 818
3 1238 127 818
3 1238 1120 127
3 1229 1240 1239
3 1229 1231 1240
3 1231 1227 1240
3 1231 1222 1227
3 1239 1115 1116
3 1239 1240 1115
3 1240 1118 1115
3 1240 1227 1118
3 1241 1242 1243
3 1241 1244 1242
3 1244 1245 1242
3 1244 1246 1245
3 1243 557 558
3 1243 1242 557
3 1242 560 557
3 1242 1245 560
3 1241 1247 1244
3 1241 1248 1247
3 1248 1249 1247
3 1248 1250 1249
3 1244 1251 1246
3 1244 1247 1251
3 1247 1252 1251
3 1247 1249 1252
3 1241 1253 1248
3 1241 1254 1253
3 1254 1223 1253
3 1254 1218 1223
3 1248 1255 1250
3 1248 1253 1255
3 1253 1224 1255
3 1253 1223 1224
3 1241 1256 1254
3 1241 1243 1256
3 1243 562 1256
3 1243 558 562
3 1254 1217 1218
3 1254 1256 1217
3 1256 538 1217
3 1256 562 538
3 1257 1258 1259
3 1257 1260 1258
3 1260 1261 1258
3 1260 1262 1261
3 1259 1249 1250
3 1259 1258 1249
3 1258 1252 1249
3 1258 1261 1252
3 1257 1263 1260
3 1257 1264 1263
3 1264 840 1263
3 1264 835 840
3 1260 1265 1262
3 1260 1263 1265
3 1263 841 1265
3 1263 840 841
3 1257 1266 1264
3 1257 1267 1266
3 1267 1237 1266
3 1267 1234 1237
3 1264 834 835
3 1264 1266 834
3 1266 825 834
3 1266 1237 825
3 1257 1268 1267
3 1257 1259 1268
3 1259 1255 1268
3 1259 1250 1255
3 1267 1233 1234
3 1267 1268 1233
3 1268 1224 1233
3 1268 1255 1224
3 1269 1270 1271
3 1269 1272 1270
3 1272 1094 1270
3 1272 1091 1094
3 1271 577 578
3 1271 1270 577
3 1270 580 577
3 1270 1094 580
3 1269 1273 1272
3 1269 1274 1273
3 1274 1275 1273
3 1274 1276 1275
3 1272 1090 1091
3 1272 1273 1090
3 1273 1077 1090
3 1273 1275 1077
3 1269 1277 1274
3 1269 1278 1277
3 1278 1251 1277
3 1278 1246 1251
3 1274 1279 1276
3 1274 1277 1279
3 1277 1252 1279
3 1277 1251 1252
3 1269 1280 1278
3 1269 1271 1280
3 1271 582 1280
3 1271 578 582
3 1278 1245 1246
3 1278 1280 1245
3 1280 560 1245
3 1280 582 560
3 1281 1282 1283
3 1281 1284 1282
3 1284 1076 1282
3 1284 1071 1076
3 1283 1275 1276
3 1283 1282 1275
3 1282 1077 1275
3 1282 1076 1077
3 1281 1285 1284
3 1281 1286 1285
3 1286 854 1285
3 1286 851 854
3 1284 1070 1071
3 1284 1285 1070
3 1285 81 1070
3 1285 854 81
3 1281 1287 1286
3 1281 1288 1287
3 1288 1265 1287
3 1288 1262 1265
3 1286 850 851
3 1286 1287 850
3 1287 841 850
3 1287 1265 841
3 1281 1289 1288
3 1281 1283 1289
3 1283 1279 1289
3 1283 1276 1279
3 1288 1261 1262
3 1288 1289 1261
3 1289 1252 1261
3 1289 1279 1252
3 1290 1291 1292
3 1290 1293 1291
3 1293 1294 1291
3 1293 1295 1294
3 1292 183 184
3 1292 1291 183
3 1291 186 183
3 1291 1294 186
3 1290 1296 1293
3 1290 1297 1296
3 1297 1298 1296
3 1297 1299 1298
3 1293 1300 1295
3 1293 1296 1300
3 1296 1301 1300
3 1296 1298 1301
3 1290 1302 1297
3 1290 1303 1302
3 1303 1304 1302
3 1303 1305 1304
3 1297 1306 1299
3 1297 1302 1306
3 1302 1307 1306
3 1302 1304 1307
3 1290 1308 1303
3 1290 1292 1308
3 1292 191 1308
3 1292 184 191
3 1303 1309 1305
3 1303 1308 1309
3 1308 192 1309
3 1308 191 192
3 1310 1311 1312
3 1310 1313 1311
3 1313 1314 1311
3 1313 1315 1314
3 1312 1298 1299
3 1312 1311 1298
3 1311 1301 1298
3 1311 1314 1301
3 1310 1316 1313
3 1310 1317 1316
3 1317 31 1316
3 1317 32 31
3 1313 1318 1315
3 1313 1316 1318
3 1316 33 1318
3 1316 31 33
3 1310 1319 1317
3 1310 1320 1319
3 1320 1321 1319
3 1320 1322 1321
3 1317 47 32
3 1317 1319 47
3 1319 49 47
3 1319 1321 49
3 1310 1323 1320
3 1310 1312 1323
3 1312 1306 1323
3 1312 1299 1306
3 1320 1324 1322
3 1320 1323 1324
3 1323 1307 1324
3 1323 1306 1307
3 1325 1326 1327
3 1325 1328 1326
3 1328 1329 1326
3 1328 1330 1329
3 1327 152 137
3 1327 1326 152
3 1326 154 152
3 1326 1329 154
3 1325 1331 1328
3 1325 1332 1331
3 1332 1333 1331
3 1332 1334 1333
3 1328 1335 1330
3 1328 1331 1335
3 1331 1336 1335
3 1331 1333 1336
3 1325 1337 1332
3 1325 1338 1337
3 1338 1339 1337
3 1338 1340 1339
3 1332 1341 1334
3 1332 1337 1341
3 1337 1342 1341
3 1337 1339 1342
3 1325 1343 1338
3 1325 1327 1343
3 1327 136 1343
3 1327 137 136
3 1338 1344 1340
3 1338 1343 1344
3 1343 138 1344
3 1343 136 138
3 1345 1346 1347
3 1345 1348 1346
3 1348 1349 1346
3 1348 1350 1349
3 1347 1333 1334
3 1347 1346 1333
3 1346 1336 1333
3 1346 1349 1336
3 1345 1351 1348
3 1345 1352 1351
3 1352 6 1351
3 1352 7 6
3 1348 1353 1350
3 1348 1351 1353
3 1351 8 1353
3 1351 6 8
3 1345 1354 1352
3 1345 1355 1354
3 1355 1356 1354
3 1355 1357 1356
3 1352 22 7
3 1352 1354 22
3 1354 24 22
3 1354 1356 24
3 1345 1358 1355
3 1345 1347 1358
3 1347 1341 1358
3 1347 1334 1341
3 1355 1359 1357
3 1355 1358 1359
3 1358 1342 1359
3 1358 1341 1342
3 1360 1361 1362
3 1360 1363 1361
3 1363 1364 1361
3 1363 1365 1364
3 1362 239 240
3 1362 1361 239
3 1361 242 239
3 1361 1364 242
3 1360 1366 1363
3 1360 1367 1366
3 1367 1368 1366
3 1367 1369 1368
3 1363 1370 1365
3 1363 1366 1370
3 1366 1371 1370
3 1366 1368 1371
3 1360 1372 1367
3 1360 1373 1372
3 1373 1300 1372
3 1373 1295 1300
3 1367 1374 1369
3 1367 1372 1374
3 1372 1301 1374
3 1372 1300 1301
3 1360 1375 1373
3 1360 1362 1375
3 1362 245 1375
3 1362 240 245
3 1373 1294 1295
3 1373 1375 1294
3 1375 186 1294
3 1375 245 186
3 1376 1377 1378
3 1376 1379 1377
3 1379 1380 1377
3 1379 1381 1380
3 1378 1368 1369
3 1378 1377 1368
3 1377 1371 1368
3 1377 1380 1371
3 1376 1382 1379
3 1376 1383 1382
3 1383 253 1382
3 1383 254 253
3 1379 1384 1381
3 1379 1382 1384
3 1382 255 1384
3 1382 253 255
3 1376 1385 1383
3 1376 1386 1385
3 1386 1318 1385
3 1386 1315 1318
3 1383 269 254
3 1383 1385 269
3 1385 33 269
3 1385 1318 33
3 1376 1387 1386
3 1376 1378 1387
3 1378 1374 1387
3 1378 1369 1374
3 1386 1314 1315
3 1386 1387 1314
3 1387 1301 1314
3 1387 1374 1301
3 1388 1389 1390
3 1388 1391 1389
3 1391 1344 1389
3 1391 1340 1344
3 1390 214 202
3 1390 1389 214
3 1389 138 214
3 1389 1344 138
3 1388 1392 1391
3 1388 1393 1392
3 1393 1394 1392
3 1393 1395 1394
3 1391 1339 1340
3 1391 1392 1339
3 1392 1342 1339
3 1392 1394 1342
3 1388 1396 1393
3 1388 1397 1396
3 1397 1398 1396
3 1397 1399 1398
3 1393 1400 1395
3 1393 1396 1400
3 1396 1401 1400
3 1396 1398 1401
3 1388 1402 1397
3 1388 1390 1402
3 1390 201 1402
3 1390 202 201
3 1397 1403 1399
3 1397 1402 1403
3 1402 203 1403
3 1402 201 203
3 1404 1405 1406
3 1404 1407 1405
3 1407 1359 1405
3 1407 1357 1359
3 1406 1394 1395
3 1406 1405 1394
3 1405 1342 1394
3 1405 1359 1342
3 1404 1408 1407
3 1404 1409 1408
3 1409 307 1408
3 1409 300 307
3 1407 1356 1357
3 1407 1408 1356
3 1408 24 1356
3 1408 307 24
3 1404 1410 1409
3 1404 1411 1410
3 1411 1412 1410
3 1411 1413 1412
3 1409 299 300
3 1409 1410 299
3 1410 302 299
3 1410 1412 302
3 1404 1414 1411
3 1404 1406 1414
3 1406 1400 1414
3 1406 1395 1400
3 1411 1415 1413
3 1411 1414 1415
3 1414 1401 1415
3 1414 1400 1401
3 1416 1417 1418
3 1416 1419 1417
3 1419 1420 1417
3 1419 1421 1420
3 1418 354 355
3 1418 1417 354
3 1417 357 354
3 1417 1420 357
3 1416 1422 1419
3 1416 1423 1422
3 1423 1424 1422
3 1423 1425 1424
3 1419 1426 1421
3 1419 1422 1426
3 1422 1427 1426
3 1422 1424 1427
3 1416 1428 1423
3 1416 1429 1428
3 1429 1370 1428
3 1429 1365 1370
3 1423 1430 1425
3 1423 1428 1430
3 1428 1371 1430
3 1428 1370 1371
3 1416 1431 1429
3 1416 1418 1431
3 1418 360 1431
3 1418 355 360
3 1429 1364 1365
3 1429 1431 1364
3 1431 242 1364
3 1431 360 242
3 1432 1433 1434
3 1432 1435 1433
3 1435 1436 1433
3 1435 1437 1436
3 1434 1424 1425
3 1434 1433 1424
3 1433 1427 1424
3 1433 1436 1427
3 1432 1438 1435
3 1432 1439 1438
3 1439 420 1438
3 1439 421 420
3 1435 1440 1437
3 1435 1438 1440
3 1438 422 1440
3 1438 420 422
3 1432 1441 1439
3 1432 1442 1441
3 1442 1384 1441
3 1442 1381 1384
3 1439 433 421
3 1439 1441 433
3 1441 255 433
3 1441 1384 255
3 1432 1443 1442
3 1432 1434 1443
3 1434 1430 1443
3 1434 1425 1430
3 1442 1380 1381
3 1442 1443 1380
3 1443 1371 1380
3 1443 1430 1371
3 1444 1445 1446
3 1444 1447 1445
3 1447 1448 1445
3 1447 1449 1448
3 1446 406 407
3 1446 1445 406
3 1445 409 406
3 1445 1448 409
3 1444 1450 1447
3 1444 1451 1450
3 1451 1452 1450
3 1451 1453 1452
3 1447 1454 1449
3 1447 1450 1454
3 1450 1455 1454
3 1450 1452 1455
3 1444 1456 1451
3 1444 1457 1456
3 1457 1426 1456
3 1457 1421 1426
3 1451 1458 1453
3 1451 1456 1458
3 1456 1427 1458
3 1456 1426 1427
3 1444 1459 1457
3 1444 1446 1459
3 1446 412 1459
3 1446 407 412
3 1457 1420 1421
3 1457 1459 1420
3 1459 357 1420
3 1459 412 357
3 1460 1461 1462
3 1460 1463 1461
3 1463 1464 1461
3 1463 1465 1464
3 1462 1452 1453
3 1462 1461 1452
3 1461 1455 1452
3 1461 1464 1455
3 1460 1466 1463
3 1460 1467 1466
3 1467 472 1466
3 1467 473 472
3 1463 1468 1465
3 1463 1466 1468
3 1466 474 1468
3 1466 472 474
3 1460 1469 1467
3 1460 1470 1469
3 1470 1440 1469
3 1470 1437 1440
3 1467 485 473
3 1467 1469 485
3 1469 422 485
3 1469 1440 422
3 1460 1471 1470
3 1460 1462 1471
3 1462 1458 1471
3 1462 1453 1458
3 1470 1436 1437
3 1470 1471 1436
3 1471 1427 1436
3 1471 1458 1427
3 1472 1473 1474
3 1472 1475 1473
3 1475 1476 1473
3 1475 1477 1476
3 1474 1478 1479
3 1474 1473 1478
3 1473 1480 1478
3 1473 1476 1480
3 1472 1481 1475
3 1472 1482 1481
3 1482 368 1481
3 1482 369 368
3 1475 1483 1477
3 1475 1481 1483
3 1481 370 1483
3 1481 368 370
3 1472 1484 1482
3 1472 1485 1484
3 1485 1486 1484
3 1485 1487 1486
3 1482 381 369
3 1482 1484 381
3 1484 318 381
3 1484 1486 318
3 1472 1488 1485
3 1472 1474 1488
3 1474 1489 1488
3 1474 1479 1489
3 1485 1490 1487
3 1485 1488 1490
3 1488 1491 1490
3 1488 1489 1491
3 1492 1493 1494
3 1492 1495 1493
3 1495 1496 1493
3 1495 1497 1496
3 1494 1489 1479
3 1494 1493 1489
3 1493 1491 1489
3 1493 1496 1491
3 1492 1498 1495
3 1492 1499 1498
3 1499 516 1498
3 1499 511 516
3 1495 1500 1497
3 1495 1498 1500
3 1498 461 1500
3 1498 516 461
3 1492 1501 1499
3 1492 1502 1501
3 1502 1503 1501
3 1502 1504 1503
3 1499 510 511
3 1499 1501 510
3 1501 513 510
3 1501 1503 513
3 1492 1505 1502
3 1492 1494 1505
3 1494 1478 1505
3 1494 1479 1478
3 1502 1506 1504
3 1502 1505 1506
3 1505 1480 1506
3 1505 1478 1480
3 1507 1508 1509
3 1507 1510 1508
3 1510 1403 1508
3 1510 1399 1403
3 1509 329 317
3 1509 1508 329
3 1508 203 329
3 1508 1403 203
3 1507 1511 1510
3 1507 1512 1511
3 1512 1513 1511
3 1512 1514 1513
3 1510 1398 1399
3 1510 1511 1398
3 1511 1401 1398
3 1511 1513 1401
3 1507 1515 1512
3 1507 1516 1515
3 1516 1490 1515
3 1516 1487 1490
3 1512 1517 1514
3 1512 1515 1517
3 1515 1491 1517
3 1515 1490 1491
3 1507 1518 1516
3 1507 1509 1518
3 1509 316 1518
3 1509 317 316
3 1516 1486 1487
3 1516 1518 1486
3 1518 318 1486
3 1518 316 318
3 1519 1520 1521
3 1519 1522 1520
3 1522 1415 1520
3 1522 1413 1415
3 1521 1513 1514
3 1521 1520 1513
3 1520 1401 1513
3 1520 1415 1401
3 1519 1523 1522
3 1519 1524 1523
3 1524 464 1523
3 1524 459 464
3 1522 1412 1413
3 1522 1523 1412
3 1523 302 1412
3 1523 464 302
3 1519 1525 1524
3 1519 1526 1525
3 1526 1500 1525
3 1526 1497 1500
3 1524 458 459
3 1524 1525 458
3 1525 461 458
3 1525 1500 461
3 1519 1527 1526
3 1519 1521 1527
3 1521 1517 1527
3 1521 1514 1517
3 1526 1496 1497
3 1526 1527 1496
3 1527 1491 1496
3 1527 1517 1491
3 1528 1529 1530
3 1528 1531 1529
3 1531 1532 1529
3 1531 1533 1532
3 1530 402 403
3 1530 1529 402
3 1529 393 402
3 1529 1532 393
3 1528 1534 1531
3 1528 1535 1534
3 1535 1536 1534
3 1535 1537 1536
3 1531 1538 1533
3 1531 1534 1538
3 1534 1539 1538
3 1534 1536 1539
3 1528 1540 1535
3 1528 1541 1540
3 1541 1454 1540
3 1541 1449 1454
3 1535 1542 1537
3 1535 1540 1542
3 1540 1455 1542
3 1540 1454 1455
3 1528 1543 1541
3 1528 1530 1543
3 1530 408 1543
3 1530 403 408
3 1541 1448 1449
3 1541 1543 1448
3 1543 409 1448
3 1543 408 409
3 1544 1545 1546
3 1544 1547 1545
3 1547 1548 1545
3 1547 1549 1548
3 1546 1536 1537
3 1546 1545 1536
3 1545 1539 1536
3 1545 1548 1539
3 1544 1550 1547
3 1544 1551 1550
3 1551 479 1550
3 1551 471 479
3 1547 1552 1549
3 1547 1550 1552
3 1550 480 1552
3 1550 479 480
3 1544 1553 1551
3 1544 1554 1553
3 1554 1468 1553
3 1554 1465 1468
3 1551 470 471
3 1551 1553 470
3 1553 474 470
3 1553 1468 474
3 1544 1555 1554
3 1544 1546 1555
3 1546 1542 1555
3 1546 1537 1542
3 1554 1464 1465
3 1554 1555 1464
3 1555 1455 1464
3 1555 1542 1455
3 1556 1557 1558
3 1556 1559 1557
3 1559 1560 1557
3 1559 1561 1560
3 1558 386 387
3 1558 1557 386
3 1557 376 386
3 1557 1560 376
3 1556 1562 1559
3 1556 1563 1562
3 1563 1564 1562
3 1563 1565 1564
3 1559 1566 1561
3 1559 1562 1566
3 1562 1567 1566
3 1562 1564 1567
3 1556 1568 1563
3 1556 1569 1568
3 1569 1538 1568
3 1569 1533 1538
3 1563 1570 1565
3 1563 1568 1570
3 1568 1539 1570
3 1568 1538 1539
3 1556 1571 1569
3 1556 1558 1571
3 1558 392 1571
3 1558 387 392
3 1569 1532 1533
3 1569 1571 1532
3 1571 393 1532
3 1571 392 393
3 1572 1573 1574
3 1572 1575 1573
3 1575 1576 1573
3 1575 1577 1576
3 1574 1564 1565
3 1574 1573 1564
3 1573 1567 1564
3 1573 1576 1567
3 1572 1578 1575
3 1572 1579 1578
3 1579 496 1578
3 1579 491 496
3 1575 1580 1577
3 1575 1578 1580
3 1578 497 1580
3 1578 496 497
3 1572 1581 1579
3 1572 1582 1581
3 1582 1552 1581
3 1582 1549 1552
3 1579 490 491
3 1579 1581 490
3 1581 480 490
3 1581 1552 480
3 1572 1583 1582
3 1572 1574 1583
3 1574 1570 1583
3 1574 1565 1570
3 1582 1548 1549
3 1582 1583 1548
3 1583 1539 1548
3 1583 1570 1539
3 1584 1585 1586
3 1584 1587 1585
3 1587 1483 1585
3 1587 1477 1483
3 1586 366 367
3 1586 1585 366
3 1585 370 366
3 1585 1483 370
3 1584 1588 1587
3 1584 1589 1588
3 1589 1590 1588
3 1589 1591 1590
3 1587 1476 1477
3 1587 1588 1476
3 1588 1480 1476
3 1588 1590 1480
3 1584 1592 1589
3 1584 1593 1592
3 1593 1566 1592
3 1593 1561 1566
3 1589 1594 1591
3 1589 1592 1594
3 1592 1567 1594
3 1592 1566 1567
3 1584 1595 1593
3 1584 1586 1595
3 1586 375 1595
3 1586 367 375
3 1593 1560 1561
3 1593 1595 1560
3 1595 376 1560
3 1595 375 376
3 1596 1597 1598
3 1596 1599 1597
3 1599 1506 1597
3 1599 1504 1506
3 1598 1590 1591
3 1598 1597 1590
3 1597 1480 1590
3 1597 1506 1480
3 1596 1600 1599
3 1596 1601 1600
3 1601 512 1600
3 1601 507 512
3 1599 1503 1504
3 1599 1600 1503
3 1600 513 1503
3 1600 512 513
3 1596 1602 1601
3 1596 1603 1602
3 1603 1580 1602
3 1603 1577 1580
3 1601 506 507
3 1601 1602 506
3 1602 497 506
3 1602 1580 497
3 1596 1604 1603
3 1596 1598 1604
3 1598 1594 1604
3 1598 1591 1594
3 1603 1576 1577
3 1603 1604 1576
3 1604 1567 1576
3 1604 1594 1567
3 1605 1606 1607
3 1605 1608 1606
3 1608 1609 1606
3 1608 1610 1609
3 1607 950 951
3 1607 1606 950
3 1606 941 950
3 1606 1609 941
3 1605 1611 1608
3 1605 1612 1611
3 1612 1613 1611
3 1612 1614 1613
3 1608 1615 1610
3 1608 1611 1615
3 1611 1616 1615
3 1611 1613 1616
3 1605 1617 1612
3 1605 1618 1617
3 1618 1619 1617
3 1618 1620 1619
3 1612 1621 1614
3 1612 1617 1621
3 1617 1622 1621
3 1617 1619 1622
3 1605 1623 1618
3 1605 1607 1623
3 1607 956 1623
3 1607 951 956
3 1618 1624 1620
3 1618 1623 1624
3 1623 957 1624
3 1623 956 957
3 1625 1626 1627
3 1625 1628 1626
3 1628 1629 1626
3 1628 1630 1629
3 1627 1613 1614
3 1627 1626 1613
3 1626 1616 1613
3 1626 1629 1616
3 1625 1631 1628
3 1625 1632 1631
3 1632 1001 1631
3 1632 997 1001
3 1628 1633 1630
3 1628 1631 1633
3 1631 979 1633
3 1631 1001 979
3 1625 1634 1632
3 1625 1635 1634
3 1635 1636 1634
3 1635 1637 1636
3 1632 996 997
3 1632 1634 996
3 1634 999 996
3 1634 1636 999
3 1625 1638 1635
3 1625 1627 1638
3 1627 1621 1638
3 1627 1614 1621
3 1635 1639 1637
3 1635 1638 1639
3 1638 1622 1639
3 1638 1621 1622
3 1640 1641 1642
3 1640 1643 1641
3 1643 1309 1641
3 1643 1305 1309
3 1642 934 935
3 1642 1641 934
3 1641 192 934
3 1641 1309 192
3 1640 1644 1643
3 1640 1645 1644
3 1645 1646 1644
3 1645 1647 1646
3 1643 1304 1305
3 1643 1644 1304
3 1644 1307 1304
3 1644 1646 1307
3 1640 1648 1645
3 1640 1649 1648
3 1649 1615 1648
3 1649 1610 1615
3 1645 1650 1647
3 1645 1648 1650
3 1648 1616 1650
3 1648 1615 1616
3 1640 1651 1649
3 1640 1642 1651
3 1642 940 1651
3 1642 935 940
3 1649 1609 1610
3 1649 1651 1609
3 1651 941 1609
3 1651 940 941
3 1652 1653 1654
3 1652 1655 1653
3 1655 1324 1653
3 1655 1322 1324
3 1654 1646 1647
3 1654 1653 1646
3 1653 1307 1646
3 1653 1324 1307
3 1652 1656 1655
3 1652 1657 1656
3 1657 981 1656
3 1657 977 981
3 1655 1321 1322
3 1655 1656 1321
3 1656 49 1321
3 1656 981 49
3 1652 1658 1657
3 1652 1659 1658
3 1659 1633 1658
3 1659 1630 1633
3 1657 976 977
3 1657 1658 976
3 1658 979 976
3 1658 1633 979
3 1652 1660 1659
3 1652 1654 1660
3 1654 1650 1660
3 1654 1647 1650
3 1659 1629 1630
3 1659 1660 1629
3 1660 1616 1629
3 1660 1650 1616
3 1661 1662 1663
3 1661 1664 1662
3 1664 1665 1662
3 1664 1666 1665
3 1663 872 873
3 1663 1662 872
3 1662 875 872
3 1662 1665 875
3 1661 1667 1664
3 1661 1668 1667
3 1668 1669 1667
3 1668 1670 1669
3 1664 1671 1666
3 1664 1667 1671
3 1667 1672 1671
3 1667 1669 1672
3 1661 1673 1668
3 1661 1674 1673
3 1674 1335 1673
3 1674 1330 1335
3 1668 1675 1670
3 1668 1673 1675
3 1673 1336 1675
3 1673 1335 1336
3 1661 1676 1674
3 1661 1663 1676
3 1663 877 1676
3 1663 873 877
3 1674 1329 1330
3 1674 1676 1329
3 1676 154 1329
3 1676 877 154
3 1677 1678 1679
3 1677 1680 1678
3 1680 1681 1678
3 1680 1682 1681
3 1679 1669 1670
3 1679 1678 1669
3 1678 1672 1669
3 1678 1681 1672
3 1677 1683 1680
3 1677 1684 1683
3 1684 1044 1683
3 1684 1039 1044
3 1680 1685 1682
3 1680 1683 1685
3 1683 1045 1685
3 1683 1044 1045
3 1677 1686 1684
3 1677 1687 1686
3 1687 1353 1686
3 1687 1350 1353
3 1684 1038 1039
3 1684 1686 1038
3 1686 8 1038
3 1686 1353 8
3 1677 1688 1687
3 1677 1679 1688
3 1679 1675 1688
3 1679 1670 1675
3 1687 1349 1350
3 1687 1688 1349
3 1688 1336 1349
3 1688 1675 1336
3 1689 1690 1691
3 1689 1692 1690
3 1692 1693 1690
3 1692 1694 1693
3 1691 892 893
3 1691 1690 892
3 1690 895 892
3 1690 1693 895
3 1689 1695 1692
3 1689 1696 1695
3 1696 1697 1695
3 1696 1698 1697
3 1692 1699 1694
3 1692 1695 1699
3 1695 1700 1699
3 1695 1697 1700
3 1689 1701 1696
3 1689 1702 1701
3 1702 1671 1701
3 1702 1666 1671
3 1696 1703 1698
3 1696 1701 1703
3 1701 1672 1703
3 1701 1671 1672
3 1689 1704 1702
3 1689 1691 1704
3 1691 897 1704
3 1691 893 897
3 1702 1665 1666
3 1702 1704 1665
3 1704 875 1665
3 1704 897 875
3 1705 1706 1707
3 1705 1708 1706
3 1708 1709 1706
3 1708 1710 1709
3 1707 1697 1698
3 1707 1706 1697
3 1706 1700 1697
3 1706 1709 1700
3 1705 1711 1708
3 1705 1712 1711
3 1712 1060 1711
3 1712 1055 1060
3 1708 1713 1710
3 1708 1711 1713
3 1711 1061 1713
3 1711 1060 1061
3 1705 1714 1712
3 1705 1715 1714
3 1715 1685 1714
3 1715 1682 1685
3 1712 1054 1055
3 1712 1714 1054
3 1714 1045 1054
3 1714 1685 1045
3 1705 1716 1715
3 1705 1707 1716
3 1707 1703 1716
3 1707 1698 1703
3 1715 1681 1682
3 1715 1716 1681
3 1716 1672 1681
3 1716 1703 1672
3 1717 1718 1719
3 1717 1720 1718
3 1720 1721 1718
3 1720 1722 1721
3 1719 1723 1724
3 1719 1718 1723
3 1718 1725 1723
3 1718 1721 1725
3 1717 1726 1720
3 1717 1727 1726
3 1727 1728 1726
3 1727 1729 1728
3 1720 1730 1722
3 1720 1726 1730
3 1726 1731 1730
3 1726 1728 1731
3 1717 1732 1727
3 1717 1733 1732
3 1733 1734 1732
3 1733 1735 1734
3 1727 1736 1729
3 1727 1732 1736
3 1732 1737 1736
3 1732 1734 1737
3 1717 1738 1733
3 1717 1719 1738
3 1719 1739 1738
3 1719 1724 1739
3 1733 1740 1735
3 1733 1738 1740
3 1738 1741 1740
3 1738 1739 1741
3 1742 1743 1744
3 1742 1745 1743
3 1745 1746 1743
3 1745 1747 1746
3 1744 1748 1749
3 1744 1743 1748
3 1743 1750 1748
3 1743 1746 1750
3 1742 1751 1745
3 1742 1752 1751
3 1752 1753 1751
3 1752 1754 1753
3 1745 1755 1747
3 1745 1751 1755
3 1751 1756 1755
3 1751 1753 1756
3 1742 1757 1752
3 1742 1758 1757
3 1758 1759 1757
3 1758 1760 1759
3 1752 1761 1754
3 1752 1757 1761
3 1757 1762 1761
3 1757 1759 1762
3 1742 1763 1758
3 1742 1744 1763
3 1744 1764 1763
3 1744 1749 1764
3 1758 1765 1760
3 1758 1763 1765
3 1763 1766 1765
3 1763 1764 1766
3 1767 1768 1769
3 1767 1770 1768
3 1770 1740 1768
3 1770 1735 1740
3 1769 1771 1772
3 1769 1768 1771
3 1768 1741 1771
3 1768 1740 1741
3 1767 1773 1770
3 1767 1774 1773
3 1774 1775 1773
3 1774 1776 1775
3 1770 1734 1735
3 1770 1773 1734
3 1773 1737 1734
3 1773 1775 1737
3 1767 1777 1774
3 1767 1778 1777
3 1778 1779 1777
3 1778 1780 1779
3 1774 1781 1776
3 1774 1777 1781
3 1777 1782 1781
3 1777 1779 1782
3 1767 1783 1778
3 1767 1769 1783
3 1769 1784 1783
3 1769 1772 1784
3 1778 1785 1780
3 1778 1783 1785
3 1783 1786 1785
3 1783 1784 1786
3 1787 1788 1789
3 1787 1790 1788
3 1790 1785 1788
3 1790 1780 1785
3 1789 1791 1792
3 1789 1788 1791
3 1788 1786 1791
3 1788 1785 1786
3 1787 1793 1790
3 1787 1794 1793
3 1794 1795 1793
3 1794 1796 1795
3 1790 1779 1780
3 1790 1793 1779
3 1793 1782 1779
3 1793 1795 1782
3 1787 1797 1794
3 1787 1798 1797
3 1798 1799 1797
3 1798 1800 1799
3 1794 1801 1796
3 1794 1797 1801
3 1797 1802 1801
3 1797 1799 1802
3 1787 1803 1798
3 1787 1789 1803
3 1789 1804 1803
3 1789 1792 1804
3 1798 1805 1800
3 1798 1803 1805
3 1803 1806 1805
3 1803 1804 1806
3 1807 1808 1809
3 1807 1810 1808
3 1810 1765 1808
3 1810 1760 1765
3 1809 1811 1812
3 1809 1808 1811
3 1808 1766 1811
3 1808 1765 1766
3 1807 1813 1810
3 1807 1814 1813
3 1814 1815 1813
3 1814 1816 1815
3 1810 1759 1760
3 1810 1813 1759
3 1813 1762 1759
3 1813 1815 1762
3 1807 1817 1814
3 1807 1818 1817
3 1818 1819 1817
3 1818 1820 1819
3 1814 1821 1816
3 1814 1817 1821
3 1817 1822 1821
3 1817 1819 1822
3 1807 1823 1818
3 1807 1809 1823
3 1809 1824 1823
3 1809 1812 1824
3 1818 1825 1820
3 1818 1823 1825
3 1823 1826 1825
3 1823 1824 1826
3 1827 1828 1829
3 1827 1830 1828
3 1830 1825 1828
3 1830 1820 1825
3 1829 1831 1832
3 1829 1828 1831
3 1828 1826 1831
3 1828 1825 1826
3 1827 1833 1830
3 1827 1834 1833
3 1834 1835 1833
3 1834 1836 1835
3 1830 1819 1820
3 1830 1833 1819
3 1833 1822 1819
3 1833 1835 1822
3 1827 1837 1834
3 1827 1838 1837
3 1838 1839 1837
3 1838 1840 1839
3 1834 1841 1836
3 1834 1837 1841
3 1837 1842 1841
3 1837 1839 1842
3 1827 1843 1838
3 1827 1829 1843
3 1829 1844 1843
3 1829 1832 1844
3 1838 1845 1840
3 1838 1843 1845
3 1843 1846 1845
3 1843 1844 1846
3 1847 1848 1849
3 1847 1850 1848
3 1850 1851 1848
3 1850 1852 1851
3 1849 1853 1854
3 1849 1848 1853
3 1848 1855 1853
3 1848 1851 1855
3 1847 1856 1850
3 1847 1857 1856
3 1857 1858 1856
3 1857 1859 1858
3 1850 1860 1852
3 1850 1856 1860
3 1856 1861 1860
3 1856 1858 1861
3 1847 1862 1857
3 1847 1863 1862
3 1863 1864 1862
3 1863 1865 1864
3 1857 1866 1859
3 1857 1862 1866
3 1862 1867 1866
3 1862 1864 1867
3 1847 1868 1863
3 1847 1849 1868
3 1849 1869 1868
3 1849 1854 1869
3 1863 1870 1865
3 1863 1868 1870
3 1868 1871 1870
3 1868 1869 1871
3 1872 1873 1874
3 1872 1875 1873
3 1875 1870 1873
3 1875 1865 1870
3 1874 1876 1877
3 1874 1873 1876
3 1873 1871 1876
3 1873 1870 1871
3 1872 1878 1875
3 1872 1879 1878
3 1879 1880 1878
3 1879 1881 1880
3 1875 1864 1865
3 1875 1878 1864
3 1878 1867 1864
3 1878 1880 1867
3 1872 1882 1879
3 1872 1883 1882
3 1883 1884 1882
3 1883 1885 1884
3 1879 1886 1881
3 1879 1882 1886
3 1882 1887 1886
3 1882 1884 1887
3 1872 1888 1883
3 1872 1874 1888
3 1874 1889 1888
3 1874 1877 1889
3 1883 1890 1885
3 1883 1888 1890
3 1888 1891 1890
3 1888 1889 1891
3 1892 1893 1894
3 1892 1895 1893
3 1895 1890 1893
3 1895 1885 1890
3 1894 1896 1897
3 1894 1893 1896
3 1893 1891 1896
3 1893 1890 1891
3 1892 1898 1895
3 1892 1899 1898
3 1899 1900 1898
3 1899 1901 1900
3 1895 1884 1885
3 1895 1898 1884
3 1898 1887 1884
3 1898 1900 1887
3 1892 1902 1899
3 1892 1903 1902
3 1903 1904 1902
3 1903 1905 1904
3 1899 1906 1901
3 1899 1902 1906
3 1902 1907 1906
3 1902 1904 1907
3 1892 1908 1903
3 1892 1894 1908
3 1894 1909 1908
3 1894 1897 1909
3 1903 1910 1905
3 1903 1908 1910
3 1908 1911 1910
3 1908 1909 1911
3 1912 1913 1914
3 1912 1915 1913
3 1915 1916 1913
3 1915 1917 1916
3 1914 1918 1919
3 1914 1913 1918
3 1913 1920 1918
3 1913 1916 1920
3 1912 1921 1915
3 1912 1922 1921
3 1922 1853 1921
3 1922 1854 1853
3 1915 1923 1917
3 1915 1921 1923
3 1921 1855 1923
3 1921 1853 1855
3 1912 1924 1922
3 1912 1925 1924
3 1925 1926 1924
3 1925 1927 1926
3 1922 1869 1854
3 1922 1924 1869
3 1924 1871 1869
3 1924 1926 1871
3 1912 1928 1925
3 1912 1914 1928
3 1914 1929 1928
3 1914 1919 1929
3 1925 1930 1927
3 1925 1928 1930
3 1928 1931 1930
3 1928 1929 1931
3 1932 1933 1934
3 1932 1935 1933
3 1935 1930 1933
3 1935 1927 1930
3 1934 1936 1937
3 1934 1933 1936
3 1933 1931 1936
3 1933 1930 1931
3 1932 1938 1935
3 1932 1939 1938
3 1939 1876 1938
3 1939 1877 1876
3 1935 1926 1927
3 1935 1938 1926
3 1938 1871 1926
3 1938 1876 1871
3 1932 1940 1939
3 1932 1941 1940
3 1941 1942 1940
3 1941 1943 1942
3 1939 1889 1877
3 1939 1940 1889
3 1940 1891 1889
3 1940 1942 1891
3 1932 1944 1941
3 1932 1934 1944
3 1934 1945 1944
3 1934 1937 1945
3 1941 1946 1943
3 1941 1944 1946
3 1944 1947 1946
3 1944 1945 1947
3 1948 1949 1950
3 1948 1951 1949
3 1951 1946 1949
3 1951 1943 1946
3 1950 1952 1953
3 1950 1949 1952
3 1949 1947 1952
3 1949 1946 1947
3 1948 1954 1951
3 1948 1955 1954
3 1955 1896 1954
3 1955 1897 1896
3 1951 1942 1943
3 1951 1954 1942
3 1954 1891 1942
3 1954 1896 1891
3 1948 1956 1955
3 1948 1957 1956
3 1957 1958 1956
3 1957 1959 1958
3 1955 1909 1897
3 1955 1956 1909
3 1956 1911 1909
3 1956 1958 1911
3 1948 1960 1957
3 1948 1950 1960
3 1950 1961 1960
3 1950 1953 1961
3 1957 1962 1959
3 1957 1960 1962
3 1960 1963 1962
3 1960 1961 1963
3 1964 1965 1966
3 1964 1967 1965
3 1967 1968 1965
3 1967 1969 1968
3 1966 1970 1971
3 1966 1965 1970
3 1965 1972 1970
3 1965 1968 1972
3 1964 1973 1967
3 1964 1974 1973
3 1974 1975 1973
3 1974 1976 1975
3 1967 1977 1969
3 1967 1973 1977
3 1973 1750 1977
3 1973 1975 1750
3 1964 1978 1974
3 1964 1979 1978
3 1979 1980 1978
3 1979 1981 1980
3 1974 1982 1976
3 1974 1978 1982
3 1978 1983 1982
3 1978 1980 1983
3 1964 1984 1979
3 1964 1966 1984
3 1966 1985 1984
3 1966 1971 1985
3 1979 1986 1981
3 1979 1984 1986
3 1984 1987 1986
3 1984 1985 1987
3 1988 1989 1990
3 1988 1991 1989
3 1991 1986 1989
3 1991 1981 1986
3 1990 1992 1993
3 1990 1989 1992
3 1989 1987 1992
3 1989 1986 1987
3 1988 1994 1991
3 1988 1995 1994
3 1995 1996 1994
3 1995 1997 1996
3 1991 1980 1981
3 1991 1994 1980
3 1994 1983 1980
3 1994 1996 1983
3 1988 1998 1995
3 1988 1999 1998
3 1999 2000 1998
3 1999 2001 2000
3 1995 2002 1997
3 1995 1998 2002
3 1998 2003 2002
3 1998 2000 2003
3 1988 2004 1999
3 1988 1990 2004
3 1990 2005 2004
3 1990 1993 2005
3 1999 2006 2001
3 1999 2004 2006
3 2004 2007 2006
3 2004 2005 2007
3 2008 2009 2010
3 2008 2011 2009
3 2011 2006 2009
3 2011 2001 2006
3 2010 2012 2013
3 2010 2009 2012
3 2009 2007 2012
3 2009 2006 2007
3 2008 2014 2011
3 2008 2015 2014
3 2015 2016 2014
3 2015 2017 2016
3 2011 2000 2001
3 2011 2014 2000
3 2014 2003 2000
3 2014 2016 2003
3 2008 2018 2015
3 2008 2019 2018
3 2019 2020 2018
3 2019 2021 2020
3 2015 2022 2017
3 2015 2018 2022
3 2018 1731 2022
3 2018 2020 1731
3 2008 2023 2019
3 2008 2010 2023
3 2010 2024 2023
3 2010 2013 2024
3 2019 2025 2021
3 2019 2023 2025
3 2023 2026 2025
3 2023 2024 2026
3 2027 2028 2029
3 2027 2030 2028
3 2030 2031 2028
3 2030 2032 2031
3 2029 2033 2034
3 2029 2028 2033
3 2028 2035 2033
3 2028 2031 2035
3 2027 2036 2030
3 2027 2037 2036
3 2037 1918 2036
3 2037 1919 1918
3 2030 2038 2032
3 2030 2036 2038
3 2036 1920 2038
3 2036 1918 1920
3 2027 2039 2037
3 2027 2040 2039
3 2040 2041 2039
3 2040 2042 2041
3 2037 1929 1919
3 2037 2039 1929
3 2039 1931 1929
3 2039 2041 1931
3 2027 2043 2040
3 2027 2029 2043
3 2029 2044 2043
3 2029 2034 2044
3 2040 2045 2042
3 2040 2043 2045
3 2043 2046 2045
3 2043 2044 2046
3 2047 2048 2049
3 2047 2050 2048
3 2050 2045 2048
3 2050 2042 2045
3 2049 2051 2052
3 2049 2048 2051
3 2048 2046 2051
3 2048 2045 2046
3 2047 2053 2050
3 2047 2054 2053
3 2054 1936 2053
3 2054 1937 1936
3 2050 2041 2042
3 2050 2053 2041
3 2053 1931 2041
3 2053 1936 1931
3 2047 2055 2054
3 2047 2056 2055
3 2056 2057 2055
3 2056 2058 2057
3 2054 1945 1937
3 2054 2055 1945
3 2055 1947 1945
3 2055 2057 1947
3 2047 2059 2056
3 2047 2049 2059
3 2049 2060 2059
3 2049 2052 2060
3 2056 2061 2058
3 2056 2059 2061
3 2059 2062 2061
3 2059 2060 2062
3 2063 2064 2065
3 2063 2066 2064
3 2066 2061 2064
3 2066 2058 2061
3 2065 2067 2068
3 2065 2064 2067
3 2064 2062 2067
3 2064 2061 2062
3 2063 2069 2066
3 2063 2070 2069
3 2070 1952 2069
3 2070 1953 1952
3 2066 2057 2058
3 2066 2069 2057
3 2069 1947 2057
3 2069 1952 1947
3 2063 2071 2070
3 2063 2072 2071
3 2072 2073 2071
3 2072 2074 2073
3 2070 1961 1953
3 2070 2071 1961
3 2071 1963 1961
3 2071 2073 1963
3 2063 2075 2072
3 2063 2065 2075
3 2065 2076 2075
3 2065 2068 2076
3 2072 2077 2074
3 2072 2075 2077
3 2075 2078 2077
3 2075 2076 2078
3 2079 2080 2081
3 2079 2082 2080
3 2082 2083 2080
3 2082 2084 2083
3 2081 2085 2086
3 2081 2080 2085
3 2080 2087 2085
3 2080 2083 2087
3 2079 2088 2082
3 2079 2089 2088
3 2089 2033 2088
3 2089 2034 2033
3 2082 2090 2084
3 2082 2088 2090
3 2088 2035 2090
3 2088 2033 2035
3 2079 2091 2089
3 2079 2092 2091
3 2092 2093 2091
3 2092 2094 2093
3 2089 2044 2034
3 2089 2091 2044
3 2091 2046 2044
3 2091 2093 2046
3 2079 2095 2092
3 2079 2081 2095
3 2081 2096 2095
3 2081 2086 2096
3 2092 2097 2094
3 2092 2095 2097
3 2095 2098 2097
3 2095 2096 2098
3 2099 2100 2101
3 2099 2102 2100
3 2102 2097 2100
3 2102 2094 2097
3 2101 2103 2104
3 2101 2100 2103
3 2100 2098 2103
3 2100 2097 2098
3 2099 2105 2102
3 2099 2106 2105
3 2106 2051 2105
3 2106 2052 2051
3 2102 2093 2094
3 2102 2105 2093
3 2105 2046 2093
3 2105 2051 2046
3 2099 2107 2106
3 2099 2108 2107
3 2108 2109 2107
3 2108 2110 2109
3 2106 2060 2052
3 2106 2107 2060
3 2107 2062 2060
3 2107 2109 2062
3 2099 2111 2108
3 2099 2101 2111
3 2101 2112 2111
3 2101 2104 2112
3 2108 2113 2110
3 2108 2111 2113
3 2111 2114 2113
3 2111 2112 2114
3 2115 2116 2117
3 2115 2118 2116
3 2118 2113 2116
3 2118 2110 2113
3 2117 2119 2120
3 2117 2116 2119
3 2116 2114 2119
3 2116 2113 2114
3 2115 2121 2118
3 2115 2122 2121
3 2122 2067 2121
3 2122 2068 2067
3 2118 2109 2110
3 2118 2121 2109
3 2121 2062 2109
3 2121 2067 2062
3 2115 2123 2122
3 2115 2124 2123
3 2124 2125 2123
3 2124 2126 2125
3 2122 2076 2068
3 2122 2123 2076
3 2123 2078 2076
3 2123 2125 2078
3 2115 2127 2124
3 2115 2117 2127
3 2117 2128 2127
3 2117 2120 2128
3 2124 2129 2126
3 2124 2127 2129
3 2127 2130 2129
3 2127 2128 2130
3 2131 2132 2133
3 2131 2134 2132
3 2134 2135 2132
3 2134 2136 2135
3 2133 2137 2138
3 2133 2132 2137
3 2132 2139 2137
3 2132 2135 2139
3 2131 2140 2134
3 2131 2141 2140
3 2141 1970 2140
3 2141 1971 1970
3 2134 2142 2136
3 2134 2140 2142
3 2140 1972 2142
3 2140 1970 1972
3 2131 2143 2141
3 2131 2144 2143
3 2144 2145 2143
3 2144 2146 2145
3 2141 1985 1971
3 2141 2143 1985
3 2143 1987 1985
3 2143 2145 1987
3 2131 2147 2144
3 2131 2133 2147
3 2133 2148 2147
3 2133 2138 2148
3 2144 2149 2146
3 2144 2147 2149
3 2147 2150 2149
3 2147 2148 2150
3 2151 2152 2153
3 2151 2154 2152
3 2154 2149 2152
3 2154 2146 2149
3 2153 2155 2156
3 2153 2152 2155
3 2152 2150 2155
3 2152 2149 2150
3 2151 2157 2154
3 2151 2158 2157
3 2158 1992 2157
3 2158 1993 1992
3 2154 2145 2146
3 2154 2157 2145
3 2157 1987 2145
3 2157 1992 1987
3 2151 2159 2158
3 2151 2160 2159
3 2160 2161 2159
3 2160 2162 2161
3 2158 2005 1993
3 2158 2159 2005
3 2159 2007 2005
3 2159 2161 2007
3 2151 2163 2160
3 2151 2153 2163
3 2153 2164 2163
3 2153 2156 2164
3 2160 2165 2162
3 2160 2163 2165
3 2163 2166 2165
3 2163 2164 2166
3 2167 2168 2169
3 2167 2170 2168
3 2170 2165 2168
3 2170 2162 2165
3 2169 2171 2172
3 2169 2168 2171
3 2168 2166 2171
3 2168 2165 2166
3 2167 2173 2170
3 2167 2174 2173
3 2174 2012 2173
3 2174 2013 2012
3 2170 2161 2162
3 2170 2173 2161
3 2173 2007 2161
3 2173 2012 2007
3 2167 2175 2174
3 2167 2176 2175
3 2176 2177 2175
3 2176 2178 2177
3 2174 2024 2013
3 2174 2175 2024
3 2175 2026 2024
3 2175 2177 2026
3 2167 2179 2176
3 2167 2169 2179
3 2169 2180 2179
3 2169 2172 2180
3 2176 2181 2178
3 2176 2179 2181
3 2179 2182 2181
3 2179 2180 2182
3 2183 2184 2185
3 2183 2186 2184
3 2186 2187 2184
3 2186 2188 2187
3 2185 2189 2190
3 2185 2184 2189
3 2184 2191 2189
3 2184 2187 2191
3 2183 2192 2186
3 2183 2193 2192
3 2193 2137 2192
3 2193 2138 2137
3 2186 2194 2188
3 2186 2192 2194
3 2192 2139 2194
3 2192 2137 2139
3 2183 2195 2193
3 2183 2196 2195
3 2196 2197 2195
3 2196 2198 2197
3 2193 2148 2138
3 2193 2195 2148
3 2195 2150 2148
3 2195 2197 2150
3 2183 2199 2196
3 2183 2185 2199
3 2185 2200 2199
3 2185 2190 2200
3 2196 2201 2198
3 2196 2199 2201
3 2199 2202 2201
3 2199 2200 2202
3 2203 2204 2205
3 2203 2206 2204
3 2206 2201 2204
3 2206 2198 2201
3 2205 2207 2208
3 2205 2204 2207
3 2204 2202 2207
3 2204 2201 2202
3 2203 2209 2206
3 2203 2210 2209
3 2210 2155 2209
3 2210 2156 2155
3 2206 2197 2198
3 2206 2209 2197
3 2209 2150 2197
3 2209 2155 2150
3 2203 2211 2210
3 2203 2212 2211
3 2212 2213 2211
3 2212 2214 2213
3 2210 2164 2156
3 2210 2211 2164
3 2211 2166 2164
3 2211 2213 2166
3 2203 2215 2212
3 2203 2205 2215
3 2205 2216 2215
3 2205 2208 2216
3 2212 2217 2214
3 2212 2215 2217
3 2215 2218 2217
3 2215 2216 2218
3 2219 2220 2221
3 2219 2222 2220
3 2222 2217 2220
3 2222 2214 2217
3 2221 2223 2224
3 2221 2220 2223
3 2220 2218 2223
3 2220 2217 2218
3 2219 2225 2222
3 2219 2226 2225
3 2226 2171 2225
3 2226 2172 2171
3 2222 2213 2214
3 2222 2225 2213
3 2225 2166 2213
3 2225 2171 2166
3 2219 2227 2226
3 2219 2228 2227
3 2228 2229 2227
3 2228 2230 2229
3 2226 2180 2172
3 2226 2227 2180
3 2227 2182 2180
3 2227 2229 2182
3 2219 2231 2228
3 2219 2221 2231
3 2221 2232 2231
3 2221 2224 2232
3 2228 2233 2230
3 2228 2231 2233
3 2231 2234 2233
3 2231 2232 2234
3 2235 2236 2237
3 2235 2238 2236
3 2238 2239 2236
3 2238 2240 2239
3 2237 2241 2242
3 2237 2236 2241
3 2236 2243 2241
3 2236 2239 2243
3 2235 2244 2238
3 2235 2245 2244
3 2245 2246 2244
3 2245 2247 2246
3 2238 2248 2240
3 2238 2244 2248
3 2244 2249 2248
3 2244 2246 2249
3 2235 2250 2245
3 2235 2251 2250
3 2251 2252 2250
3 2251 2253 2252
3 2245 2254 2247
3 2245 2250 2254
3 2250 2255 2254
3 2250 2252 2255
3 2235 2256 2251
3 2235 2237 2256
3 2237 2257 2256
3 2237 2242 2257
3 2251 2258 2253
3 2251 2256 2258
3 2256 2259 2258
3 2256 2257 2259
3 2260 2261 2262
3 2260 2263 2261
3 2263 2258 2261
3 2263 2253 2258
3 2262 2264 2265
3 2262 2261 2264
3 2261 2259 2264
3 2261 2258 2259
3 2260 2266 2263
3 2260 2267 2266
3 2267 2268 2266
3 2267 2269 2268
3 2263 2252 2253
3 2263 2266 2252
3 2266 2255 2252
3 2266 2268 2255
3 2260 2270 2267
3 2260 2271 2270
3 2271 2272 2270
3 2271 2273 2272
3 2267 2274 2269
3 2267 2270 2274
3 2270 2275 2274
3 2270 2272 2275
3 2260 2276 2271
3 2260 2262 2276
3 2262 2277 2276
3 2262 2265 2277
3 2271 2278 2273
3 2271 2276 2278
3 2276 2279 2278
3 2276 2277 2279
3 2280 2281 2282
3 2280 2283 2281
3 2283 2278 2281
3 2283 2273 2278
3 2282 2284 2285
3 2282 2281 2284
3 2281 2279 2284
3 2281 2278 2279
3 2280 2286 2283
3 2280 2287 2286
3 2287 2288 2286
3 2287 2289 2288
3 2283 2272 2273
3 2283 2286 2272
3 2286 2275 2272
3 2286 2288 2275
3 2280 2290 2287
3 2280 2291 2290
3 2291 2292 2290
3 2291 2293 2292
3 2287 2294 2289
3 2287 2290 2294
3 2290 2295 2294
3 2290 2292 2295
3 2280 2296 2291
3 2280 2282 2296
3 2282 2297 2296
3 2282 2285 2297
3 2291 2298 2293
3 2291 2296 2298
3 2296 2299 2298
3 2296 2297 2299
3 2300 2301 2302
3 2300 2303 2301
3 2303 1736 2301
3 2303 1729 1736
3 2302 2304 2305
3 2302 2301 2304
3 2301 1737 2304
3 2301 1736 1737
3 2300 2306 2303
3 2300 2307 2306
3 2307 2022 2306
3 2307 2017 2022
3 2303 1728 1729
3 2303 2306 1728
3 2306 1731 1728
3 2306 2022 1731
3 2300 2308 2307
3 2300 2309 2308
3 2309 2310 2308
3 2309 2311 2310
3 2307 2016 2017
3 2307 2308 2016
3 2308 2003 2016
3 2308 2310 2003
3 2300 2312 2309
3 2300 2302 2312
3 2302 2313 2312
3 2302 2305 2313
3 2309 2314 2311
3 2309 2312 2314
3 2312 2315 2314
3 2312 2313 2315
3 2316 2317 2318
3 2316 2319 2317
3 2319 2314 2317
3 2319 2311 2314
3 2318 2320 2321
3 2318 2317 2320
3 2317 2315 2320
3 2317 2314 2315
3 2316 2322 2319
3 2316 2323 2322
3 2323 2002 2322
3 2323 1997 2002
3 2319 2310 2311
3 2319 2322 2310
3 2322 2003 2310
3 2322 2002 2003
3 2316 2324 2323
3 2316 2325 2324
3 2325 2326 2324
3 2325 2327 2326
3 2323 1996 1997
3 2323 2324 1996
3 2324 1983 1996
3 2324 2326 1983
3 2316 2328 2325
3 2316 2318 2328
3 2318 2329 2328
3 2318 2321 2329
3 2325 2330 2327
3 2325 2328 2330
3 2328 2331 2330
3 2328 2329 2331
3 2332 2333 2334
3 2332 2335 2333
3 2335 2330 2333
3 2335 2327 2330
3 2334 2336 2337
3 2334 2333 2336
3 2333 2331 2336
3 2333 2330 2331
3 2332 2338 2335
3 2332 2339 2338
3 2339 1982 2338
3 2339 1976 1982
3 2335 2326 2327
3 2335 2338 2326
3 2338 1983 2326
3 2338 1982 1983
3 2332 2340 2339
3 2332 2341 2340
3 2341 1748 2340
3 2341 1749 1748
3 2339 1975 1976
3 2339 2340 1975
3 2340 1750 1975
3 2340 1748 1750
3 2332 2342 2341
3 2332 2334 2342
3 2334 2343 2342
3 2334 2337 2343
3 2341 1764 1749
3 2341 2342 1764
3 2342 1766 1764
3 2342 2343 1766
3 2344 2345 2346
3 2344 2347 2345
3 2347 1761 2345
3 2347 1754 1761
3 2346 2348 2349
3 2346 2345 2348
3 2345 1762 2348
3 2345 1761 1762
3 2344 2350 2347
3 2344 2351 2350
3 2351 2352 2350
3 2351 2353 2352
3 2347 1753 1754
3 2347 2350 1753
3 2350 1756 1753
3 2350 2352 1756
3 2344 2354 2351
3 2344 2355 2354
3 2355 2356 2354
3 2355 2357 2356
3 2351 2358 2353
3 2351 2354 2358
3 2354 2359 2358
3 2354 2356 2359
3 2344 2360 2355
3 2344 2346 2360
3 2346 2361 2360
3 2346 2349 2361
3 2355 2362 2357
3 2355 2360 2362
3 2360 2363 2362
3 2360 2361 2363
3 2364 2365 2366
3 2364 2367 2365
3 2367 2362 2365
3 2367 2357 2362
3 2366 2368 2369
3 2366 2365 2368
3 2365 2363 2368
3 2365 2362 2363
3 2364 2370 2367
3 2364 2371 2370
3 2371 2372 2370
3 2371 2373 2372
3 2367 2356 2357
3 2367 2370 2356
3 2370 2359 2356
3 2370 2372 2359
3 2364 2374 2371
3 2364 2375 2374
3 2375 2376 2374
3 2375 2377 2376
3 2371 2378 2373
3 2371 2374 2378
3 2374 2379 2378
3 2374 2376 2379
3 2364 2380 2375
3 2364 2366 2380
3 2366 2381 2380
3 2366 2369 2381
3 2375 2382 2377
3 2375 2380 2382
3 2380 2383 2382
3 2380 2381 2383
3 2384 2385 2386
3 2384 2387 2385
3 2387 2382 2385
3 2387 2377 2382
3 2386 2388 2389
3 2386 2385 2388
3 2385 2383 2388
3 2385 2382 2383
3 2384 2390 2387
3 2384 2391 2390
3 2391 2392 2390
3 2391 2393 2392
3 2387 2376 2377
3 2387 2390 2376
3 2390 2379 2376
3 2390 2392 2379
3 2384 2394 2391
3 2384 2395 2394
3 2395 1723 2394
3 2395 1724 1723
3 2391 2396 2393
3 2391 2394 2396
3 2394 1725 2396
3 2394 1723 1725
3 2384 2397 2395
3 2384 2386 2397
3 2386 2398 2397
3 2386 2389 2398
3 2395 1739 1724
3 2395 2397 1739
3 2397 1741 1739
3 2397 2398 1741
3 2399 2400 2401
3 2399 2402 2400
3 2402 1781 2400
3 2402 1776 1781
3 2401 2403 2404
3 2401 2400 2403
3 2400 1782 2403
3 2400 1781 1782
3 2399 2405 2402
3 2399 2406 2405
3 2406 2304 2405
3 2406 2305 2304
3 2402 1775 1776
3 2402 2405 1775
3 2405 1737 1775
3 2405 2304 1737
3 2399 2407 2406
3 2399 2408 2407
3 2408 2409 2407
3 2408 2410 2409
3 2406 2313 2305
3 2406 2407 2313
3 2407 2315 2313
3 2407 2409 2315
3 2399 2411 2408
3 2399 2401 2411
3 2401 2412 2411
3 2401 2404 2412
3 2408 2413 2410
3 2408 2411 2413
3 2411 2414 2413
3 2411 2412 2414
3 2415 2416 2417
3 2415 2418 2416
3 2418 2413 2416
3 2418 2410 2413
3 2417 2419 2420
3 2417 2416 2419
3 2416 2414 2419
3 2416 2413 2414
3 2415 2421 2418
3 2415 2422 2421
3 2422 2320 2421
3 2422 2321 2320
3 2418 2409 2410
3 2418 2421 2409
3 2421 2315 2409
3 2421 2320 2315
3 2415 2423 2422
3 2415 2424 2423
3 2424 2425 2423
3 2424 2426 2425
3 2422 2329 2321
3 2422 2423 2329
3 2423 2331 2329
3 2423 2425 2331
3 2415 2427 2424
3 2415 2417 2427
3 2417 2428 2427
3 2417 2420 2428
3 2424 2429 2426
3 2424 2427 2429
3 2427 2430 2429
3 2427 2428 2430
3 2431 2432 2433
3 2431 2434 2432
3 2434 2429 2432
3 2434 2426 2429
3 2433 2435 2436
3 2433 2432 2435
3 2432 2430 2435
3 2432 2429 2430
3 2431 2437 2434
3 2431 2438 2437
3 2438 2336 2437
3 2438 2337 2336
3 2434 2425 2426
3 2434 2437 2425
3 2437 2331 2425
3 2437 2336 2331
3 2431 2439 2438
3 2431 2440 2439
3 2440 1811 2439
3 2440 1812 1811
3 2438 2343 2337
3 2438 2439 2343
3 2439 1766 2343
3 2439 1811 1766
3 2431 2441 2440
3 2431 2433 2441
3 2433 2442 2441
3 2433 2436 2442
3 2440 1824 1812
3 2440 2441 1824
3 2441 1826 1824
3 2441 2442 1826
3 2443 2444 2445
3 2443 2446 2444
3 2446 1801 2444
3 2446 1796 1801
3 2445 2447 2448
3 2445 2444 2447
3 2444 1802 2447
3 2444 1801 1802
3 2443 2449 2446
3 2443 2450 2449
3 2450 2403 2449
3 2450 2404 2403
3 2446 1795 1796
3 2446 2449 1795
3 2449 1782 1795
3 2449 2403 1782
3 2443 2451 2450
3 2443 2452 2451
3 2452 2453 2451
3 2452 2454 2453
3 2450 2412 2404
3 2450 2451 2412
3 2451 2414 2412
3 2451 2453 2414
3 2443 2455 2452
3 2443 2445 2455
3 2445 2456 2455
3 2445 2448 2456
3 2452 2457 2454
3 2452 2455 2457
3 2455 2458 2457
3 2455 2456 2458
3 2459 2460 2461
3 2459 2462 2460
3 2462 2457 2460
3 2462 2454 2457
3 2461 2463 2464
3 2461 2460 2463
3 2460 2458 2463
3 2460 2457 2458
3 2459 2465 2462
3 2459 2466 2465
3 2466 2419 2465
3 2466 2420 2419
3 2462 2453 2454
3 2462 2465 2453
3 2465 2414 2453
3 2465 2419 2414
3 2459 2467 2466
3 2459 2468 2467
3 2468 2469 2467
3 2468 2470 2469
3 2466 2428 2420
3 2466 2467 2428
3 2467 2430 2428
3 2467 2469 2430
3 2459 2471 2468
3 2459 2461 2471
3 2461 2472 2471
3 2461 2464 2472
3 2468 2473 2470
3 2468 2471 2473
3 2471 2474 2473
3 2471 2472 2474
3 2475 2476 2477
3 2475 2478 2476
3 2478 2473 2476
3 2478 2470 2473
3 2477 2479 2480
3 2477 2476 2479
3 2476 2474 2479
3 2476 2473 2474
3 2475 2481 2478
3 2475 2482 2481
3 2482 2435 2481
3 2482 2436 2435
3 2478 2469 2470
3 2478 2481 2469
3 2481 2430 2469
3 2481 2435 2430
3 2475 2483 2482
3 2475 2484 2483
3 2484 1831 2483
3 2484 1832 1831
3 2482 2442 2436
3 2482 2483 2442
3 2483 1826 2442
3 2483 1831 1826
3 2475 2485 2484
3 2475 2477 2485
3 2477 2486 2485
3 2477 2480 2486
3 2484 1844 1832
3 2484 2485 1844
3 2485 1846 1844
3 2485 2486 1846
3 2487 2488 2489
3 2487 2490 2488
3 2490 1821 2488
3 2490 1816 1821
3 2489 2491 2492
3 2489 2488 2491
3 2488 1822 2491
3 2488 1821 1822
3 2487 2493 2490
3 2487 2494 2493
3 2494 2348 2493
3 2494 2349 2348
3 2490 1815 1816
3 2490 2493 1815
3 2493 1762 1815
3 2493 2348 1762
3 2487 2495 2494
3 2487 2496 2495
3 2496 2497 2495
3 2496 2498 2497
3 2494 2361 2349
3 2494 2495 2361
3 2495 2363 2361
3 2495 2497 2363
3 2487 2499 2496
3 2487 2489 2499
3 2489 2500 2499
3 2489 2492 2500
3 2496 2501 2498
3 2496 2499 2501
3 2499 2502 2501
3 2499 2500 2502
3 2503 2504 2505
3 2503 2506 2504
3 2506 2501 2504
3 2506 2498 2501
3 2505 2507 2508
3 2505 2504 2507
3 2504 2502 2507
3 2504 2501 2502
3 2503 2509 2506
3 2503 2510 2509
3 2510 2368 2509
3 2510 2369 2368
3 2506 2497 2498
3 2506 2509 2497
3 2509 2363 2497
3 2509 2368 2363
3 2503 2511 2510
3 2503 2512 2511
3 2512 2513 2511
3 2512 2514 2513
3 2510 2381 2369
3 2510 2511 2381
3 2511 2383 2381
3 2511 2513 2383
3 2503 2515 2512
3 2503 2505 2515
3 2505 2516 2515
3 2505 2508 2516
3 2512 2517 2514
3 2512 2515 2517
3 2515 2518 2517
3 2515 2516 2518
3 2519 2520 2521
3 2519 2522 2520
3 2522 2517 2520
3 2522 2514 2517
3 2521 2523 2524
3 2521 2520 2523
3 2520 2518 2523
3 2520 2517 2518
3 2519 2525 2522
3 2519 2526 2525
3 2526 2388 2525
3 2526 2389 2388
3 2522 2513 2514
3 2522 2525 2513
3 2525 2383 2513
3 2525 2388 2383
3 2519 2527 2526
3 2519 2528 2527
3 2528 1771 2527
3 2528 1772 1771
3 2526 2398 2389
3 2526 2527 2398
3 2527 1741 2398
3 2527 1771 1741
3 2519 2529 2528
3 2519 2521 2529
3 2521 2530 2529
3 2521 2524 2530
3 2528 1784 1772
3 2528 2529 1784
3 2529 1786 1784
3 2529 2530 1786
3 2531 2532 2533
3 2531 2534 2532
3 2534 1841 2532
3 2534 1836 1841
3 2533 2535 2536
3 2533 2532 2535
3 2532 1842 2535
3 2532 1841 1842
3 2531 2537 2534
3 2531 2538 2537
3 2538 2491 2537
3 2538 2492 2491
3 2534 1835 1836
3 2534 2537 1835
3 2537 1822 1835
3 2537 2491 1822
3 2531 2539 2538
3 2531 2540 2539
3 2540 2541 2539
3 2540 2542 2541
3 2538 2500 2492
3 2538 2539 2500
3 2539 2502 2500
3 2539 2541 2502
3 2531 2543 2540
3 2531 2533 2543
3 2533 2544 2543
3 2533 2536 2544
3 2540 2545 2542
3 2540 2543 2545
3 2543 2546 2545
3 2543 2544 2546
3 2547 2548 2549
3 2547 2550 2548
3 2550 2545 2548
3 2550 2542 2545
3 2549 2551 2552
3 2549 2548 2551
3 2548 2546 2551
3 2548 2545 2546
3 2547 2553 2550
3 2547 2554 2553
3 2554 2507 2553
3 2554 2508 2507
3 2550 2541 2542
3 2550 2553 2541
3 2553 2502 2541
3 2553 2507 2502
3 2547 2555 2554
3 2547 2556 2555
3 2556 2557 2555
3 2556 2558 2557
3 2554 2516 2508
3 2554 2555 2516
3 2555 2518 2516
3 2555 2557 2518
3 2547 2559 2556
3 2547 2549 2559
3 2549 2560 2559
3 2549 2552 2560
3 2556 2561 2558
3 2556 2559 2561
3 2559 2562 2561
3 2559 2560 2562
3 2563 2564 2565
3 2563 2566 2564
3 2566 2561 2564
3 2566 2558 2561
3 2565 2567 2568
3 2565 2564 2567
3 2564 2562 2567
3 2564 2561 2562
3 2563 2569 2566
3 2563 2570 2569
3 2570 2523 2569
3 2570 2524 2523
3 2566 2557 2558
3 2566 2569 2557
3 2569 2518 2557
3 2569 2523 2518
3 2563 2571 2570
3 2563 2572 2571
3 2572 1791 2571
3 2572 1792 1791
3 2570 2530 2524
3 2570 2571 2530
3 2571 1786 2530
3 2571 1791 1786
3 2563 2573 2572
3 2563 2565 2573
3 2565 2574 2573
3 2565 2568 2574
3 2572 1804 1792
3 2572 2573 1804
3 2573 1806 1804
3 2573 2574 1806
3 2575 2576 2577
3 2575 2578 2576
3 2578 1866 2576
3 2578 1859 1866
3 2577 2579 2580
3 2577 2576 2579
3 2576 1867 2579
3 2576 1866 1867
3 2575 2581 2578
3 2575 2582 2581
3 2582 2583 2581
3 2582 2584 2583
3 2578 1858 1859
3 2578 2581 1858
3 2581 1861 1858
3 2581 2583 1861
3 2575 2585 2582
3 2575 2586 2585
3 2586 2587 2585
3 2586 2588 2587
3 2582 2589 2584
3 2582 2585 2589
3 2585 2590 2589
3 2585 2587 2590
3 2575 2591 2586
3 2575 2577 2591
3 2577 2592 2591
3 2577 2580 2592
3 2586 2593 2588
3 2586 2591 2593
3 2591 2594 2593
3 2591 2592 2594
3 2595 2596 2597
3 2595 2598 2596
3 2598 2593 2596
3 2598 2588 2593
3 2597 2599 2600
3 2597 2596 2599
3 2596 2594 2599
3 2596 2593 2594
3 2595 2601 2598
3 2595 2602 2601
3 2602 2603 2601
3 2602 2604 2603
3 2598 2587 2588
3 2598 2601 2587
3 2601 2590 2587
3 2601 2603 2590
3 2595 2605 2602
3 2595 2606 2605
3 2606 2607 2605
3 2606 2608 2607
3 2602 2609 2604
3 2602 2605 2609
3 2605 2610 2609
3 2605 2607 2610
3 2595 2611 2606
3 2595 2597 2611
3 2597 2612 2611
3 2597 2600 2612
3 2606 2613 2608
3 2606 2611 2613
3 2611 2614 2613
3 2611 2612 2614
3 2615 2616 2617
3 2615 2618 2616
3 2618 1886 2616
3 2618 1881 1886
3 2617 2619 2620
3 2617 2616 2619
3 2616 1887 2619
3 2616 1886 1887
3 2615 2621 2618
3 2615 2622 2621
3 2622 2579 2621
3 2622 2580 2579
3 2618 1880 1881
3 2618 2621 1880
3 2621 1867 1880
3 2621 2579 1867
3 2615 2623 2622
3 2615 2624 2623
3 2624 2625 2623
3 2624 2626 2625
3 2622 2592 2580
3 2622 2623 2592
3 2623 2594 2592
3 2623 2625 2594
3 2615 2627 2624
3 2615 2617 2627
3 2617 2628 2627
3 2617 2620 2628
3 2624 2629 2626
3 2624 2627 2629
3 2627 2630 2629
3 2627 2628 2630
3 2631 2632 2633
3 2631 2634 2632
3 2634 2629 2632
3 2634 2626 2629
3 2633 2635 2636
3 2633 2632 2635
3 2632 2630 2635
3 2632 2629 2630
3 2631 2637 2634
3 2631 2638 2637
3 2638 2599 2637
3 2638 2600 2599
3 2634 2625 2626
3 2634 2637 2625
3 2637 2594 2625
3 2637 2599 2594
3 2631 2639 2638
3 2631 2640 2639
3 2640 2641 2639
3 2640 2642 2641
3 2638 2612 2600
3 2638 2639 2612
3 2639 2614 2612
3 2639 2641 2614
3 2631 2643 2640
3 2631 2633 2643
3 2633 2644 2643
3 2633 2636 2644
3 2640 2645 2642
3 2640 2643 2645
3 2643 2646 2645
3 2643 2644 2646
3 2647 2648 2649
3 2647 2650 2648
3 2650 1906 2648
3 2650 1901 1906
3 2649 2651 2652
3 2649 2648 2651
3 2648 1907 2651
3 2648 1906 1907
3 2647 2653 2650
3 2647 2654 2653
3 2654 2619 2653
3 2654 2620 2619
3 2650 1900 1901
3 2650 2653 1900
3 2653 1887 1900
3 2653 2619 1887
3 2647 2655 2654
3 2647 2656 2655
3 2656 2657 2655
3 2656 2658 2657
3 2654 2628 2620
3 2654 2655 2628
3 2655 2630 2628
3 2655 2657 2630
3 2647 2659 2656
3 2647 2649 2659
3 2649 2660 2659
3 2649 2652 2660
3 2656 2661 2658
3 2656 2659 2661
3 2659 2662 2661
3 2659 2660 2662
3 2663 2664 2665
3 2663 2666 2664
3 2666 2661 2664
3 2666 2658 2661
3 2665 2667 2668
3 2665 2664 2667
3 2664 2662 2667
3 2664 2661 2662
3 2663 2669 2666
3 2663 2670 2669
3 2670 2635 2669
3 2670 2636 2635
3 2666 2657 2658
3 2666 2669 2657
3 2669 2630 2657
3 2669 2635 2630
3 2663 2671 2670
3 2663 2672 2671
3 2672 2673 2671
3 2672 2674 2673
3 2670 2644 2636
3 2670 2671 2644
3 2671 2646 2644
3 2671 2673 2646
3 2663 2675 2672
3 2663 2665 2675
3 2665 2676 2675
3 2665 2668 2676
3 2672 2677 2674
3 2672 2675 2677
3 2675 2678 2677
3 2675 2676 2678
3 2679 2680 2681
3 2679 2682 2680
3 2682 2358 2680
3 2682 2353 2358
3 2681 2683 2684
3 2681 2680 2683
3 2680 2359 2683
3 2680 2358 2359
3 2679 2685 2682
3 2679 2686 2685
3 2686 2687 2685
3 2686 2688 2687
3 2682 2352 2353
3 2682 2685 2352
3 2685 1756 2352
3 2685 2687 1756
3 2679 2689 2686
3 2679 2690 2689
3 2690 2691 2689
3 2690 2692 2691
3 2686 2693 2688
3 2686 2689 2693
3 2689 2694 2693
3 2689 2691 2694
3 2679 2695 2690
3 2679 2681 2695
3 2681 2696 2695
3 2681 2684 2696
3 2690 2697 2692
3 2690 2695 2697
3 2695 2698 2697
3 2695 2696 2698
3 2699 2700 2701
3 2699 2702 2700
3 2702 2697 2700
3 2702 2692 2697
3 2701 2703 2704
3 2701 2700 2703
3 2700 2698 2703
3 2700 2697 2698
3 2699 2705 2702
3 2699 2706 2705
3 2706 2707 2705
3 2706 2708 2707
3 2702 2691 2692
3 2702 2705 2691
3 2705 2694 2691
3 2705 2707 2694
3 2699 2709 2706
3 2699 2710 2709
3 2710 2711 2709
3 2710 2712 2711
3 2706 2713 2708
3 2706 2709 2713
3 2709 2714 2713
3 2709 2711 2714
3 2699 2715 2710
3 2699 2701 2715
3 2701 2716 2715
3 2701 2704 2716
3 2710 2717 2712
3 2710 2715 2717
3 2715 2718 2717
3 2715 2716 2718
3 2719 2720 2721
3 2719 2722 2720
3 2722 2378 2720
3 2722 2373 2378
3 2721 2723 2724
3 2721 2720 2723
3 2720 2379 2723
3 2720 2378 2379
3 2719 2725 2722
3 2719 2726 2725
3 2726 2683 2725
3 2726 2684 2683
3 2722 2372 2373
3 2722 2725 2372
3 2725 2359 2372
3 2725 2683 2359
3 2719 2727 2726
3 2719 2728 2727
3 2728 2729 2727
3 2728 2730 2729
3 2726 2696 2684
3 2726 2727 2696
3 2727 2698 2696
3 2727 2729 2698
3 2719 2731 2728
3 2719 2721 2731
3 2721 2732 2731
3 2721 2724 2732
3 2728 2733 2730
3 2728 2731 2733
3 2731 2734 2733
3 2731 2732 2734
3 2735 2736 2737
3 2735 2738 2736
3 2738 2733 2736
3 2738 2730 2733
3 2737 2739 2740
3 2737 2736 2739
3 2736 2734 2739
3 2736 2733 2734
3 2735 2741 2738
3 2735 2742 2741
3 2742 2703 2741
3 2742 2704 2703
3 2738 2729 2730
3 2738 2741 2729
3 2741 2698 2729
3 2741 2703 2698
3 2735 2743 2742
3 2735 2744 2743
3 2744 2745 2743
3 2744 2746 2745
3 2742 2716 2704
3 2742 2743 2716
3 2743 2718 2716
3 2743 2745 2718
3 2735 2747 2744
3 2735 2737 2747
3 2737 2748 2747
3 2737 2740 2748
3 2744 2749 2746
3 2744 2747 2749
3 2747 2750 2749
3 2747 2748 2750
3 2751 2752 2753
3 2751 2754 2752
3 2754 2396 2752
3 2754 2393 2396
3 2753 2755 2756
3 2753 2752 2755
3 2752 1725 2755
3 2752 2396 1725
3 2751 2757 2754
3 2751 2758 2757
3 2758 2723 2757
3 2758 2724 2723
3 2754 2392 2393
3 2754 2757 2392
3 2757 2379 2392
3 2757 2723 2379
3 2751 2759 2758
3 2751 2760 2759
3 2760 2761 2759
3 2760 2762 2761
3 2758 2732 2724
3 2758 2759 2732
3 2759 2734 2732
3 2759 2761 2734
3 2751 2763 2760
3 2751 2753 2763
3 2753 2764 2763
3 2753 2756 2764
3 2760 2765 2762
3 2760 2763 2765
3 2763 2766 2765
3 2763 2764 2766
3 2767 2768 2769
3 2767 2770 2768
3 2770 2765 2768
3 2770 2762 2765
3 2769 2771 2772
3 2769 2768 2771
3 2768 2766 2771
3 2768 2765 2766
3 2767 2773 2770
3 2767 2774 2773
3 2774 2739 2773
3 2774 2740 2739
3 2770 2761 2762
3 2770 2773 2761
3 2773 2734 2761
3 2773 2739 2734
3 2767 2775 2774
3 2767 2776 2775
3 2776 2777 2775
3 2776 2778 2777
3 2774 2748 2740
3 2774 2775 2748
3 2775 2750 2748
3 2775 2777 2750
3 2767 2779 2776
3 2767 2769 2779
3 2769 2780 2779
3 2769 2772 2780
3 2776 2781 2778
3 2776 2779 2781
3 2779 2782 2781
3 2779 2780 2782
3 2783 2784 2785
3 2783 2786 2784
3 2786 1805 2784
3 2786 1800 1805
3 2785 2787 2788
3 2785 2784 2787
3 2784 1806 2787
3 2784 1805 1806
3 2783 2789 2786
3 2783 2790 2789
3 2790 2791 2789
3 2790 2792 2791
3 2786 1799 1800
3 2786 2789 1799
3 2789 1802 1799
3 2789 2791 1802
3 2783 2793 2790
3 2783 2794 2793
3 2794 2795 2793
3 2794 2796 2795
3 2790 2797 2792
3 2790 2793 2797
3 2793 2798 2797
3 2793 2795 2798
3 2783 2799 2794
3 2783 2785 2799
3 2785 2800 2799
3 2785 2788 2800
3 2794 2801 2796
3 2794 2799 2801
3 2799 2802 2801
3 2799 2800 2802
3 2803 2804 2805
3 2803 2806 2804
3 2806 2801 2804
3 2806 2796 2801
3 2805 2807 2808
3 2805 2804 2807
3 2804 2802 2807
3 2804 2801 2802
3 2803 2809 2806
3 2803 2810 2809
3 2810 2811 2809
3 2810 2812 2811
3 2806 2795 2796
3 2806 2809 2795
3 2809 2798 2795
3 2809 2811 2798
3 2803 2813 2810
3 2803 2814 2813
3 2814 2298 2813
3 2814 2293 2298
3 2810 2815 2812
3 2810 2813 2815
3 2813 2299 2815
3 2813 2298 2299
3 2803 2816 2814
3 2803 2805 2816
3 2805 2817 2816
3 2805 2808 2817
3 2814 2292 2293
3 2814 2816 2292
3 2816 2295 2292
3 2816 2817 2295
3 2818 2819 2820
3 2818 2821 2819
3 2821 1845 2819
3 2821 1840 1845
3 2820 2822 2823
3 2820 2819 2822
3 2819 1846 2822
3 2819 1845 1846
3 2818 2824 2821
3 2818 2825 2824
3 2825 2826 2824
3 2825 2827 2826
3 2821 1839 1840
3 2821 2824 1839
3 2824 1842 1839
3 2824 2826 1842
3 2818 2828 2825
3 2818 2829 2828
3 2829 2830 2828
3 2829 2831 2830
3 2825 2832 2827
3 2825 2828 2832
3 2828 2833 2832
3 2828 2830 2833
3 2818 2834 2829
3 2818 2820 2834
3 2820 2835 2834
3 2820 2823 2835
3 2829 2836 2831
3 2829 2834 2836
3 2834 2837 2836
3 2834 2835 2837
3 2838 2839 2840
3 2838 2841 2839
3 2841 2836 2839
3 2841 2831 2836
3 2840 2842 2843
3 2840 2839 2842
3 2839 2837 2842
3 2839 2836 2837
3 2838 2844 2841
3 2838 2845 2844
3 2845 2846 2844
3 2845 2847 2846
3 2841 2830 2831
3 2841 2844 2830
3 2844 2833 2830
3 2844 2846 2833
3 2838 2848 2845
3 2838 2849 2848
3 2849 2248 2848
3 2849 2240 2248
3 2845 2850 2847
3 2845 2848 2850
3 2848 2249 2850
3 2848 2248 2249
3 2838 2851 2849
3 2838 2840 2851
3 2840 2852 2851
3 2840 2843 2852
3 2849 2239 2240
3 2849 2851 2239
3 2851 2243 2239
3 2851 2852 2243
3 2853 2854 2855
3 2853 2856 2854
3 2856 2284 2854
3 2856 2285 2284
3 2855 2857 2858
3 2855 2854 2857
3 2854 2279 2857
3 2854 2284 2279
3 2853 2859 2856
3 2853 2860 2859
3 2860 2815 2859
3 2860 2812 2815
3 2856 2297 2285
3 2856 2859 2297
3 2859 2299 2297
3 2859 2815 2299
3 2853 2861 2860
3 2853 2862 2861
3 2862 2863 2861
3 2862 2864 2863
3 2860 2811 2812
3 2860 2861 2811
3 2861 2798 2811
3 2861 2863 2798
3 2853 2865 2862
3 2853 2855 2865
3 2855 2866 2865
3 2855 2858 2866
3 2862 2867 2864
3 2862 2865 2867
3 2865 2868 2867
3 2865 2866 2868
3 2869 2870 2871
3 2869 2872 2870
3 2872 2867 2870
3 2872 2864 2867
3 2871 2873 2874
3 2871 2870 2873
3 2870 2868 2873
3 2870 2867 2868
3 2869 2875 2872
3 2869 2876 2875
3 2876 2797 2875
3 2876 2792 2797
3 2872 2863 2864
3 2872 2875 2863
3 2875 2798 2863
3 2875 2797 2798
3 2869 2877 2876
3 2869 2878 2877
3 2878 2447 2877
3 2878 2448 2447
3 2876 2791 2792
3 2876 2877 2791
3 2877 1802 2791
3 2877 2447 1802
3 2869 2879 2878
3 2869 2871 2879
3 2871 2880 2879
3 2871 2874 2880
3 2878 2456 2448
3 2878 2879 2456
3 2879 2458 2456
3 2879 2880 2458
3 2881 2882 2883
3 2881 2884 2882
3 2884 2264 2882
3 2884 2265 2264
3 2883 2885 2886
3 2883 2882 2885
3 2882 2259 2885
3 2882 2264 2259
3 2881 2887 2884
3 2881 2888 2887
3 2888 2857 2887
3 2888 2858 2857
3 2884 2277 2265
3 2884 2887 2277
3 2887 2279 2277
3 2887 2857 2279
3 2881 2889 2888
3 2881 2890 2889
3 2890 2891 2889
3 2890 2892 2891
3 2888 2866 2858
3 2888 2889 2866
3 2889 2868 2866
3 2889 2891 2868
3 2881 2893 2890
3 2881 2883 2893
3 2883 2894 2893
3 2883 2886 2894
3 2890 2895 2892
3 2890 2893 2895
3 2893 2896 2895
3 2893 2894 2896
3 2897 2898 2899
3 2897 2900 2898
3 2900 2895 2898
3 2900 2892 2895
3 2899 2901 2902
3 2899 2898 2901
3 2898 2896 2901
3 2898 2895 2896
3 2897 2903 2900
3 2897 2904 2903
3 2904 2873 2903
3 2904 2874 2873
3 2900 2891 2892
3 2900 2903 2891
3 2903 2868 2891
3 2903 2873 2868
3 2897 2905 2904
3 2897 2906 2905
3 2906 2463 2905
3 2906 2464 2463
3 2904 2880 2874
3 2904 2905 2880
3 2905 2458 2880
3 2905 2463 2458
3 2897 2907 2906
3 2897 2899 2907
3 2899 2908 2907
3 2899 2902 2908
3 2906 2472 2464
3 2906 2907 2472
3 2907 2474 2472
3 2907 2908 2474
3 2909 2910 2911
3 2909 2912 2910
3 2912 2241 2910
3 2912 2242 2241
3 2911 2852 2843
3 2911 2910 2852
3 2910 2243 2852
3 2910 2241 2243
3 2909 2913 2912
3 2909 2914 2913
3 2914 2885 2913
3 2914 2886 2885
3 2912 2257 2242
3 2912 2913 2257
3 2913 2259 2257
3 2913 2885 2259
3 2909 2915 2914
3 2909 2916 2915
3 2916 2917 2915
3 2916 2918 2917
3 2914 2894 2886
3 2914 2915 2894
3 2915 2896 2894
3 2915 2917 2896
3 2909 2919 2916
3 2909 2911 2919
3 2911 2842 2919
3 2911 2843 2842
3 2916 2920 2918
3 2916 2919 2920
3 2919 2837 2920
3 2919 2842 2837
3 2921 2922 2923
3 2921 2924 2922
3 2924 2920 2922
3 2924 2918 2920
3 2923 2835 2823
3 2923 2922 2835
3 2922 2837 2835
3 2922 2920 2837
3 2921 2925 2924
3 2921 2926 2925
3 2926 2901 2925
3 2926 2902 2901
3 2924 2917 2918
3 2924 2925 2917
3 2925 2896 2917
3 2925 2901 2896
3 2921 2927 2926
3 2921 2928 2927
3 2928 2479 2927
3 2928 2480 2479
3 2926 2908 2902
3 2926 2927 2908
3 2927 2474 2908
3 2927 2479 2474
3 2921 2929 2928
3 2921 2923 2929
3 2923 2822 2929
3 2923 2823 2822
3 2928 2486 2480
3 2928 2929 2486
3 2929 1846 2486
3 2929 2822 1846
3 2930 2931 2932
3 2930 2933 2931
3 2933 2254 2931
3 2933 2247 2254
3 2932 2934 2935
3 2932 2931 2934
3 2931 2255 2934
3 2931 2254 2255
3 2930 2936 2933
3 2930 2937 2936
3 2937 2850 2936
3 2937 2847 2850
3 2933 2246 2247
3 2933 2936 2246
3 2936 2249 2246
3 2936 2850 2249
3 2930 2938 2937
3 2930 2939 2938
3 2939 2940 2938
3 2939 2941 2940
3 2937 2846 2847
3 2937 2938 2846
3 2938 2833 2846
3 2938 2940 2833
3 2930 2942 2939
3 2930 2932 2942
3 2932 2943 2942
3 2932 2935 2943
3 2939 2944 2941
3 2939 2942 2944
3 2942 2945 2944
3 2942 2943 2945
3 2946 2947 2948
3 2946 2949 2947
3 2949 2944 2947
3 2949 2941 2944
3 2948 2950 2951
3 2948 2947 2950
3 2947 2945 2950
3 2947 2944 2945
3 2946 2952 2949
3 2946 2953 2952
3 2953 2832 2952
3 2953 2827 2832
3 2949 2940 2941
3 2949 2952 2940
3 2952 2833 2940
3 2952 2832 2833
3 2946 2954 2953
3 2946 2955 2954
3 2955 2535 2954
3 2955 2536 2535
3 2953 2826 2827
3 2953 2954 2826
3 2954 1842 2826
3 2954 2535 1842
3 2946 2956 2955
3 2946 2948 2956
3 2948 2957 2956
3 2948 2951 2957
3 2955 2544 2536
3 2955 2956 2544
3 2956 2546 2544
3 2956 2957 2546
3 2958 2959 2960
3 2958 2961 2959
3 2961 2274 2959
3 2961 2269 2274
3 2960 2962 2963
3 2960 2959 2962
3 2959 2275 2962
3 2959 2274 2275
3 2958 2964 2961
3 2958 2965 2964
3 2965 2934 2964
3 2965 2935 2934
3 2961 2268 2269
3 2961 2964 2268
3 2964 2255 2268
3 2964 2934 2255
3 2958 2966 2965
3 2958 2967 2966
3 2967 2968 2966
3 2967 2969 2968
3 2965 2943 2935
3 2965 2966 2943
3 2966 2945 2943
3 2966 2968 2945
3 2958 2970 2967
3 2958 2960 2970
3 2960 2971 2970
3 2960 2963 2971
3 2967 2972 2969
3 2967 2970 2972
3 2970 2973 2972
3 2970 2971 2973
3 2974 2975 2976
3 2974 2977 2975
3 2977 2972 2975
3 2977 2969 2972
3 2976 2978 2979
3 2976 2975 2978
3 2975 2973 2978
3 2975 2972 2973
3 2974 2980 2977
3 2974 2981 2980
3 2981 2950 2980
3 2981 2951 2950
3 2977 2968 2969
3 2977 2980 2968
3 2980 2945 2968
3 2980 2950 2945
3 2974 2982 2981
3 2974 2983 2982
3 2983 2551 2982
3 2983 2552 2551
3 2981 2957 2951
3 2981 2982 2957
3 2982 2546 2957
3 2982 2551 2546
3 2974 2984 2983
3 2974 2976 2984
3 2976 2985 2984
3 2976 2979 2985
3 2983 2560 2552
3 2983 2984 2560
3 2984 2562 2560
3 2984 2985 2562
3 2986 2987 2988
3 2986 2989 2987
3 2989 2294 2987
3 2989 2289 2294
3 2988 2817 2808
3 2988 2987 2817
3 2987 2295 2817
3 2987 2294 2295
3 2986 2990 2989
3 2986 2991 2990
3 2991 2962 2990
3 2991 2963 2962
3 2989 2288 2289
3 2989 2990 2288
3 2990 2275 2288
3 2990 2962 2275
3 2986 2992 2991
3 2986 2993 2992
3 2993 2994 2992
3 2993 2995 2994
3 2991 2971 2963
3 2991 2992 2971
3 2992 2973 2971
3 2992 2994 2973
3 2986 2996 2993
3 2986 2988 2996
3 2988 2807 2996
3 2988 2808 2807
3 2993 2997 2995
3 2993 2996 2997
3 2996 2802 2997
3 2996 2807 2802
3 2998 2999 3000
3 2998 3001 2999
3 3001 2997 2999
3 3001 2995 2997
3 3000 2800 2788
3 3000 2999 2800
3 2999 2802 2800
3 2999 2997 2802
3 2998 3002 3001
3 2998 3003 3002
3 3003 2978 3002
3 3003 2979 2978
3 3001 2994 2995
3 3001 3002 2994
3 3002 2973 2994
3 3002 2978 2973
3 2998 3004 3003
3 2998 3005 3004
3 3005 2567 3004
3 3005 2568 2567
3 3003 2985 2979
3 3003 3004 2985
3 3004 2562 2985
3 3004 2567 2562
3 2998 3006 3005
3 2998 3000 3006
3 3000 2787 3006
3 3000 2788 2787
3 3005 2574 2568
3 3005 3006 2574
3 3006 1806 2574
3 3006 2787 1806
3 3007 3008 3009
3 3007 3010 3008
3 3010 1910 3008
3 3010 1905 1910
3 3009 3011 3012
3 3009 3008 3011
3 3008 1911 3011
3 3008 1910 1911
3 3007 3013 3010
3 3007 3014 3013
3 3014 3015 3013
3 3014 3016 3015
3 3010 1904 1905
3 3010 3013 1904
3 3013 1907 1904
3 3013 3015 1907
3 3007 3017 3014
3 3007 3018 3017
3 3018 3019 3017
3 3018 3020 3019
3 3014 3021 3016
3 3014 3017 3021
3 3017 3022 3021
3 3017 3019 3022
3 3007 3023 3018
3 3007 3009 3023
3 3009 3024 3023
3 3009 3012 3024
3 3018 3025 3020
3 3018 3023 3025
3 3023 3026 3025
3 3023 3024 3026
3 3027 3028 3029
3 3027 3030 3028
3 3030 3025 3028
3 3030 3020 3025
3 3029 3031 3032
3 3029 3028 3031
3 3028 3026 3031
3 3028 3025 3026
3 3027 3033 3030
3 3027 3034 3033
3 3034 3035 3033
3 3034 3036 3035
3 3030 3019 3020
3 3030 3033 3019
3 3033 3022 3019
3 3033 3035 3022
3 3027 3037 3034
3 3027 3038 3037
3 3038 1755 3037
3 3038 1747 1755
3 3034 3039 3036
3 3034 3037 3039
3 3037 1756 3039
3 3037 1755 1756
3 3027 3040 3038
3 3027 3029 3040
3 3029 3041 3040
3 3029 3032 3041
3 3038 1746 1747
3 3038 3040 1746
3 3040 1750 1746
3 3040 3041 1750
3 3042 3043 3044
3 3042 3045 3043
3 3045 1860 3043
3 3045 1852 1860
3 3044 3046 3047
3 3044 3043 3046
3 3043 1861 3046
3 3043 1860 1861
3 3042 3048 3045
3 3042 3049 3048
3 3049 3050 3048
3 3049 3051 3050
3 3045 1851 1852
3 3045 3048 1851
3 3048 1855 1851
3 3048 3050 1855
3 3042 3052 3049
3 3042 3053 3052
3 3053 3054 3052
3 3053 3055 3054
3 3049 3056 3051
3 3049 3052 3056
3 3052 3057 3056
3 3052 3054 3057
3 3042 3058 3053
3 3042 3044 3058
3 3044 3059 3058
3 3044 3047 3059
3 3053 3060 3055
3 3053 3058 3060
3 3058 3061 3060
3 3058 3059 3061
3 3062 3063 3064
3 3062 3065 3063
3 3065 3060 3063
3 3065 3055 3060
3 3064 3066 3067
3 3064 3063 3066
3 3063 3061 3066
3 3063 3060 3061
3 3062 3068 3065
3 3062 3069 3068
3 3069 3070 3068
3 3069 3071 3070
3 3065 3054 3055
3 3065 3068 3054
3 3068 3057 3054
3 3068 3070 3057
3 3062 3072 3069
3 3062 3073 3072
3 3073 1730 3072
3 3073 1722 1730
3 3069 3074 3071
3 3069 3072 3074
3 3072 1731 3074
3 3072 1730 1731
3 3062 3075 3073
3 3062 3064 3075
3 3064 3076 3075
3 3064 3067 3076
3 3073 1721 1722
3 3073 3075 1721
3 3075 1725 1721
3 3075 3076 1725
3 3077 3078 3079
3 3077 3080 3078
3 3080 1962 3078
3 3080 1959 1962
3 3079 3081 3082
3 3079 3078 3081
3 3078 1963 3081
3 3078 1962 1963
3 3077 3083 3080
3 3077 3084 3083
3 3084 3011 3083
3 3084 3012 3011
3 3080 1958 1959
3 3080 3083 1958
3 3083 1911 1958
3 3083 3011 1911
3 3077 3085 3084
3 3077 3086 3085
3 3086 3087 3085
3 3086 3088 3087
3 3084 3024 3012
3 3084 3085 3024
3 3085 3026 3024
3 3085 3087 3026
3 3077 3089 3086
3 3077 3079 3089
3 3079 3090 3089
3 3079 3082 3090
3 3086 3091 3088
3 3086 3089 3091
3 3089 3092 3091
3 3089 3090 3092
3 3093 3094 3095
3 3093 3096 3094
3 3096 3091 3094
3 3096 3088 3091
3 3095 3097 3098
3 3095 3094 3097
3 3094 3092 3097
3 3094 3091 3092
3 3093 3099 3096
3 3093 3100 3099
3 3100 3031 3099
3 3100 3032 3031
3 3096 3087 3088
3 3096 3099 3087
3 3099 3026 3087
3 3099 3031 3026
3 3093 3101 3100
3 3093 3102 3101
3 3102 1977 3101
3 3102 1969 1977
3 3100 3041 3032
3 3100 3101 3041
3 3101 1750 3041
3 3101 1977 1750
3 3093 3103 3102
3 3093 3095 3103
3 3095 3104 3103
3 3095 3098 3104
3 3102 1968 1969
3 3102 3103 1968
3 3103 1972 1968
3 3103 3104 1972
3 3105 3106 3107
3 3105 3108 3106
3 3108 1923 3106
3 3108 1917 1923
3 3107 3050 3051
3 3107 3106 3050
3 3106 1855 3050
3 3106 1923 1855
3 3105 3109 3108
3 3105 3110 3109
3 3110 3111 3109
3 3110 3112 3111
3 3108 1916 1917
3 3108 3109 1916
3 3109 1920 1916
3 3109 3111 1920
3 3105 3113 3110
3 3105 3114 3113
3 3114 3115 3113
3 3114 3116 3115
3 3110 3117 3112
3 3110 3113 3117
3 3113 3118 3117
3 3113 3115 3118
3 3105 3119 3114
3 3105 3107 3119
3 3107 3056 3119
3 3107 3051 3056
3 3114 3120 3116
3 3114 3119 3120
3 3119 3057 3120
3 3119 3056 3057
3 3121 3122 3123
3 3121 3124 3122
3 3124 3120 3122
3 3124 3116 3120
3 3123 3070 3071
3 3123 3122 3070
3 3122 3057 3070
3 3122 3120 3057
3 3121 3125 3124
3 3121 3126 3125
3 3126 3127 3125
3 3126 3128 3127
3 3124 3115 3116
3 3124 3125 3115
3 3125 3118 3115
3 3125 3127 3118
3 3121 3129 3126
3 3121 3130 3129
3 3130 2025 3129
3 3130 2021 2025
3 3126 3131 3128
3 3126 3129 3131
3 3129 2026 3131
3 3129 2025 2026
3 3121 3132 3130
3 3121 3123 3132
3 3123 3074 3132
3 3123 3071 3074
3 3130 2020 2021
3 3130 3132 2020
3 3132 1731 2020
3 3132 3074 1731
3 3133 3134 3135
3 3133 3136 3134
3 3136 2077 3134
3 3136 2074 2077
3 3135 3137 3138
3 3135 3134 3137
3 3134 2078 3137
3 3134 2077 2078
3 3133 3139 3136
3 3133 3140 3139
3 3140 3081 3139
3 3140 3082 3081
3 3136 2073 2074
3 3136 3139 2073
3 3139 1963 2073
3 3139 3081 1963
3 3133 3141 3140
3 3133 3142 3141
3 3142 3143 3141
3 3142 3144 3143
3 3140 3090 3082
3 3140 3141 3090
3 3141 3092 3090
3 3141 3143 3092
3 3133 3145 3142
3 3133 3135 3145
3 3135 3146 3145
3 3135 3138 3146
3 3142 3147 3144
3 3142 3145 3147
3 3145 3148 3147
3 3145 3146 3148
3 3149 3150 3151
3 3149 3152 3150
3 3152 3147 3150
3 3152 3144 3147
3 3151 3153 3154
3 3151 3150 3153
3 3150 3148 3153
3 3150 3147 3148
3 3149 3155 3152
3 3149 3156 3155
3 3156 3097 3155
3 3156 3098 3097
3 3152 3143 3144
3 3152 3155 3143
3 3155 3092 3143
3 3155 3097 3092
3 3149 3157 3156
3 3149 3158 3157
3 3158 2142 3157
3 3158 2136 2142
3 3156 3104 3098
3 3156 3157 3104
3 3157 1972 3104
3 3157 2142 1972
3 3149 3159 3158
3 3149 3151 3159
3 3151 3160 3159
3 3151 3154 3160
3 3158 2135 2136
3 3158 3159 2135
3 3159 2139 2135
3 3159 3160 2139
3 3161 3162 3163
3 3161 3164 3162
3 3164 2129 3162
3 3164 2126 2129
3 3163 3165 3166
3 3163 3162 3165
3 3162 2130 3165
3 3162 2129 2130
3 3161 3167 3164
3 3161 3168 3167
3 3168 3137 3167
3 3168 3138 3137
3 3164 2125 2126
3 3164 3167 2125
3 3167 2078 2125
3 3167 3137 2078
3 3161 3169 3168
3 3161 3170 3169
3 3170 3171 3169
3 3170 3172 3171
3 3168 3146 3138
3 3168 3169 3146
3 3169 3148 3146
3 3169 3171 3148
3 3161 3173 3170
3 3161 3163 3173
3 3163 3174 3173
3 3163 3166 3174
3 3170 3175 3172
3 3170 3173 3175
3 3173 3176 3175
3 3173 3174 3176
3 3177 3178 3179
3 3177 3180 3178
3 3180 3175 3178
3 3180 3172 3175
3 3179 3181 3182
3 3179 3178 3181
3 3178 3176 3181
3 3178 3175 3176
3 3177 3183 3180
3 3177 3184 3183
3 3184 3153 3183
3 3184 3154 3153
3 3180 3171 3172
3 3180 3183 3171
3 3183 3148 3171
3 3183 3153 3148
3 3177 3185 3184
3 3177 3186 3185
3 3186 2194 3185
3 3186 2188 2194
3 3184 3160 3154
3 3184 3185 3160
3 3185 2139 3160
3 3185 2194 2139
3 3177 3187 3186
3 3177 3179 3187
3 3179 3188 3187
3 3179 3182 3188
3 3186 2187 2188
3 3186 3187 2187
3 3187 2191 2187
3 3187 3188 2191
3 3189 3190 3191
3 3189 3192 3190
3 3192 3193 3190
3 3192 3194 3193
3 3191 3195 3196
3 3191 3190 3195
3 3190 3197 3195
3 3190 3193 3197
3 3189 3198 3192
3 3189 3199 3198
3 3199 3200 3198
3 3199 3201 3200
3 3192 3202 3194
3 3192 3198 3202
3 3198 3203 3202
3 3198 3200 3203
3 3189 3204 3199
3 3189 3205 3204
3 3205 2090 3204
3 3205 2084 2090
3 3199 3206 3201
3 3199 3204 3206
3 3204 2035 3206
3 3204 2090 2035
3 3189 3207 3205
3 3189 3191 3207
3 3191 3208 3207
3 3191 3196 3208
3 3205 2083 2084
3 3205 3207 2083
3 3207 2087 2083
3 3207 3208 2087
3 3209 3210 3211
3 3209 3212 3210
3 3212 3202 3210
3 3212 3194 3202
3 3211 3213 3214
3 3211 3210 3213
3 3210 3203 3213
3 3210 3202 3203
3 3209 3215 3212
3 3209 3216 3215
3 3216 3217 3215
3 3216 3218 3217
3 3212 3193 3194
3 3212 3215 3193
3 3215 3197 3193
3 3215 3217 3197
3 3209 3219 3216
3 3209 3220 3219
3 3220 2233 3219
3 3220 2230 2233
3 3216 3221 3218
3 3216 3219 3221
3 3219 2234 3221
3 3219 2233 2234
3 3209 3222 3220
3 3209 3211 3222
3 3211 3223 3222
3 3211 3214 3223
3 3220 2229 2230
3 3220 3222 2229
3 3222 2182 2229
3 3222 3223 2182
3 3224 3225 3226
3 3224 3227 3225
3 3227 2038 3225
3 3227 2032 2038
3 3226 3111 3112
3 3226 3225 3111
3 3225 1920 3111
3 3225 2038 1920
3 3224 3228 3227
3 3224 3229 3228
3 3229 3206 3228
3 3229 3201 3206
3 3227 2031 2032
3 3227 3228 2031
3 3228 2035 2031
3 3228 3206 2035
3 3224 3230 3229
3 3224 3231 3230
3 3231 3232 3230
3 3231 3233 3232
3 3229 3200 3201
3 3229 3230 3200
3 3230 3203 3200
3 3230 3232 3203
3 3224 3234 3231
3 3224 3226 3234
3 3226 3117 3234
3 3226 3112 3117
3 3231 3235 3233
3 3231 3234 3235
3 3234 3118 3235
3 3234 3117 3118
3 3236 3237 3238
3 3236 3239 3237
3 3239 3235 3237
3 3239 3233 3235
3 3238 3127 3128
3 3238 3237 3127
3 3237 3118 3127
3 3237 3235 3118
3 3236 3240 3239
3 3236 3241 3240
3 3241 3213 3240
3 3241 3214 3213
3 3239 3232 3233
3 3239 3240 3232
3 3240 3203 3232
3 3240 3213 3203
3 3236 3242 3241
3 3236 3243 3242
3 3243 2181 3242
3 3243 2178 2181
3 3241 3223 3214
3 3241 3242 3223
3 3242 2182 3223
3 3242 2181 2182
3 3236 3244 3243
3 3236 3238 3244
3 3238 3131 3244
3 3238 3128 3131
3 3243 2177 2178
3 3243 3244 2177
3 3244 2026 2177
3 3244 3131 2026
3 3245 3246 3247
3 3245 3248 3246
3 3248 2119 3246
3 3248 2120 2119
3 3247 3249 3250
3 3247 3246 3249
3 3246 2114 3249
3 3246 2119 2114
3 3245 3251 3248
3 3245 3252 3251
3 3252 3165 3251
3 3252 3166 3165
3 3248 2128 2120
3 3248 3251 2128
3 3251 2130 2128
3 3251 3165 2130
3 3245 3253 3252
3 3245 3254 3253
3 3254 3255 3253
3 3254 3256 3255
3 3252 3174 3166
3 3252 3253 3174
3 3253 3176 3174
3 3253 3255 3176
3 3245 3257 3254
3 3245 3247 3257
3 3247 3258 3257
3 3247 3250 3258
3 3254 3259 3256
3 3254 3257 3259
3 3257 3260 3259
3 3257 3258 3260
3 3261 3262 3263
3 3261 3264 3262
3 3264 3259 3262
3 3264 3256 3259
3 3263 3265 3266
3 3263 3262 3265
3 3262 3260 3265
3 3262 3259 3260
3 3261 3267 3264
3 3261 3268 3267
3 3268 3181 3267
3 3268 3182 3181
3 3264 3255 3256
3 3264 3267 3255
3 3267 3176 3255
3 3267 3181 3176
3 3261 3269 3268
3 3261 3270 3269
3 3270 2189 3269
3 3270 2190 2189
3 3268 3188 3182
3 3268 3269 3188
3 3269 2191 3188
3 3269 2189 2191
3 3261 3271 3270
3 3261 3263 3271
3 3263 3272 3271
3 3263 3266 3272
3 3270 2200 2190
3 3270 3271 2200
3 3271 2202 2200
3 3271 3272 2202
3 3273 3274 3275
3 3273 3276 3274
3 3276 2103 3274
3 3276 2104 2103
3 3275 3277 3278
3 3275 3274 3277
3 3274 2098 3277
3 3274 2103 2098
3 3273 3279 3276
3 3273 3280 3279
3 3280 3249 3279
3 3280 3250 3249
3 3276 2112 2104
3 3276 3279 2112
3 3279 2114 2112
3 3279 3249 2114
3 3273 3281 3280
3 3273 3282 3281
3 3282 3283 3281
3 3282 3284 3283
3 3280 3258 3250
3 3280 3281 3258
3 3281 3260 3258
3 3281 3283 3260
3 3273 3285 3282
3 3273 3275 3285
3 3275 3286 3285
3 3275 3278 3286
3 3282 3287 3284
3 3282 3285 3287
3 3285 3288 3287
3 3285 3286 3288
3 3289 3290 3291
3 3289 3292 3290
3 3292 3287 3290
3 3292 3284 3287
3 3291 3293 3294
3 3291 3290 3293
3 3290 3288 3293
3 3290 3287 3288
3 3289 3295 3292
3 3289 3296 3295
3 3296 3265 3295
3 3296 3266 3265
3 3292 3283 3284
3 3292 3295 3283
3 3295 3260 3283
3 3295 3265 3260
3 3289 3297 3296
3 3289 3298 3297
3 3298 2207 3297
3 3298 2208 2207
3 3296 3272 3266
3 3296 3297 3272
3 3297 2202 3272
3 3297 2207 2202
3 3289 3299 3298
3 3289 3291 3299
3 3291 3300 3299
3 3291 3294 3300
3 3298 2216 2208
3 3298 3299 2216
3 3299 2218 2216
3 3299 3300 2218
3 3301 3302 3303
3 3301 3304 3302
3 3304 2085 3302
3 3304 2086 2085
3 3303 3208 3196
3 3303 3302 3208
3 3302 2087 3208
3 3302 2085 2087
3 3301 3305 3304
3 3301 3306 3305
3 3306 3277 3305
3 3306 3278 3277
3 3304 2096 2086
3 3304 3305 2096
3 3305 2098 2096
3 3305 3277 2098
3 3301 3307 3306
3 3301 3308 3307
3 3308 3309 3307
3 3308 3310 3309
3 3306 3286 3278
3 3306 3307 3286
3 3307 3288 3286
3 3307 3309 3288
3 3301 3311 3308
3 3301 3303 3311
3 3303 3195 3311
3 3303 3196 3195
3 3308 3312 3310
3 3308 3311 3312
3 3311 3197 3312
3 3311 3195 3197
3 3313 3314 3315
3 3313 3316 3314
3 3316 3312 3314
3 3316 3310 3312
3 3315 3217 3218
3 3315 3314 3217
3 3314 3197 3217
3 3314 3312 3197
3 3313 3317 3316
3 3313 3318 3317
3 3318 3293 3317
3 3318 3294 3293
3 3316 3309 3310
3 3316 3317 3309
3 3317 3288 3309
3 3317 3293 3288
3 3313 3319 3318
3 3313 3320 3319
3 3320 2223 3319
3 3320 2224 2223
3 3318 3300 3294
3 3318 3319 3300
3 3319 2218 3300
3 3319 2223 2218
3 3313 3321 3320
3 3313 3315 3321
3 3315 3221 3321
3 3315 3218 3221
3 3320 2232 2224
3 3320 3321 2232
3 3321 2234 2232
3 3321 3221 2234
3 3322 3323 3324
3 3322 3325 3323
3 3325 2667 3323
3 3325 2668 2667
3 3324 3326 3327
3 3324 3323 3326
3 3323 2662 3326
3 3323 2667 2662
3 3322 3328 3325
3 3322 3329 3328
3 3329 3330 3328
3 3329 3331 3330
3 3325 2676 2668
3 3325 3328 2676
3 3328 2678 2676
3 3328 3330 2678
3 3322 3332 3329
3 3322 3333 3332
3 3333 3334 3332
3 3333 3335 3334
3 3329 3336 3331
3 3329 3332 3336
3 3332 3337 3336
3 3332 3334 3337
3 3322 3338 3333
3 3322 3324 3338
3 3324 3339 3338
3 3324 3327 3339
3 3333 3340 3335
3 3333 3338 3340
3 3338 3341 3340
3 3338 3339 3341
3 3342 3343 3344
3 3342 3345 3343
3 3345 3340 3343
3 3345 3335 3340
3 3344 3346 3347
3 3344 3343 3346
3 3343 3341 3346
3 3343 3340 3341
3 3342 3348 3345
3 3342 3349 3348
3 3349 3350 3348
3 3349 3351 3350
3 3345 3334 3335
3 3345 3348 3334
3 3348 3337 3334
3 3348 3350 3337
3 3342 3352 3349
3 3342 3353 3352
3 3353 2713 3352
3 3353 2708 2713
3 3349 3354 3351
3 3349 3352 3354
3 3352 2714 3354
3 3352 2713 2714
3 3342 3355 3353
3 3342 3344 3355
3 3344 3356 3355
3 3344 3347 3356
3 3353 2707 2708
3 3353 3355 2707
3 3355 2694 2707
3 3355 3356 2694
3 3357 3358 3359
3 3357 3360 3358
3 3360 2651 3358
3 3360 2652 2651
3 3359 3015 3016
3 3359 3358 3015
3 3358 1907 3015
3 3358 2651 1907
3 3357 3361 3360
3 3357 3362 3361
3 3362 3326 3361
3 3362 3327 3326
3 3360 2660 2652
3 3360 3361 2660
3 3361 2662 2660
3 3361 3326 2662
3 3357 3363 3362
3 3357 3364 3363
3 3364 3365 3363
3 3364 3366 3365
3 3362 3339 3327
3 3362 3363 3339
3 3363 3341 3339
3 3363 3365 3341
3 3357 3367 3364
3 3357 3359 3367
3 3359 3021 3367
3 3359 3016 3021
3 3364 3368 3366
3 3364 3367 3368
3 3367 3022 3368
3 3367 3021 3022
3 3369 3370 3371
3 3369 3372 3370
3 3372 3368 3370
3 3372 3366 3368
3 3371 3035 3036
3 3371 3370 3035
3 3370 3022 3035
3 3370 3368 3022
3 3369 3373 3372
3 3369 3374 3373
3 3374 3346 3373
3 3374 3347 3346
3 3372 3365 3366
3 3372 3373 3365
3 3373 3341 3365
3 3373 3346 3341
3 3369 3375 3374
3 3369 3376 3375
3 3376 2693 3375
3 3376 2688 2693
3 3374 3356 3347
3 3374 3375 3356
3 3375 2694 3356
3 3375 2693 2694
3 3369 3377 3376
3 3369 3371 3377
3 3371 3039 3377
3 3371 3036 3039
3 3376 2687 2688
3 3376 3377 2687
3 3377 1756 2687
3 3377 3039 1756
3 3378 3379 3380
3 3378 3381 3379
3 3381 2589 3379
3 3381 2584 2589
3 3380 3382 3383
3 3380 3379 3382
3 3379 2590 3382
3 3379 2589 2590
3 3378 3384 3381
3 3378 3385 3384
3 3385 3046 3384
3 3385 3047 3046
3 3381 2583 2584
3 3381 3384 2583
3 3384 1861 2583
3 3384 3046 1861
3 3378 3386 3385
3 3378 3387 3386
3 3387 3388 3386
3 3387 3389 3388
3 3385 3059 3047
3 3385 3386 3059
3 3386 3061 3059
3 3386 3388 3061
3 3378 3390 3387
3 3378 3380 3390
3 3380 3391 3390
3 3380 3383 3391
3 3387 3392 3389
3 3387 3390 3392
3 3390 3393 3392
3 3390 3391 3393
3 3394 3395 3396
3 3394 3397 3395
3 3397 3392 3395
3 3397 3389 3392
3 3396 3398 3399
3 3396 3395 3398
3 3395 3393 3398
3 3395 3392 3393
3 3394 3400 3397
3 3394 3401 3400
3 3401 3066 3400
3 3401 3067 3066
3 3397 3388 3389
3 3397 3400 3388
3 3400 3061 3388
3 3400 3066 3061
3 3394 3402 3401
3 3394 3403 3402
3 3403 2755 3402
3 3403 2756 2755
3 3401 3076 3067
3 3401 3402 3076
3 3402 1725 3076
3 3402 2755 1725
3 3394 3404 3403
3 3394 3396 3404
3 3396 3405 3404
3 3396 3399 3405
3 3403 2764 2756
3 3403 3404 2764
3 3404 2766 2764
3 3404 3405 2766
3 3406 3407 3408
3 3406 3409 3407
3 3409 2609 3407
3 3409 2604 2609
3 3408 3410 3411
3 3408 3407 3410
3 3407 2610 3410
3 3407 2609 2610
3 3406 3412 3409
3 3406 3413 3412
3 3413 3382 3412
3 3413 3383 3382
3 3409 2603 2604
3 3409 3412 2603
3 3412 2590 2603
3 3412 3382 2590
3 3406 3414 3413
3 3406 3415 3414
3 3415 3416 3414
3 3415 3417 3416
3 3413 3391 3383
3 3413 3414 3391
3 3414 3393 3391
3 3414 3416 3393
3 3406 3418 3415
3 3406 3408 3418
3 3408 3419 3418
3 3408 3411 3419
3 3415 3420 3417
3 3415 3418 3420
3 3418 3421 3420
3 3418 3419 3421
3 3422 3423 3424
3 3422 3425 3423
3 3425 3420 3423
3 3425 3417 3420
3 3424 3426 3427
3 3424 3423 3426
3 3423 3421 3426
3 3423 3420 3421
3 3422 3428 3425
3 3422 3429 3428
3 3429 3398 3428
3 3429 3399 3398
3 3425 3416 3417
3 3425 3428 3416
3 3428 3393 3416
3 3428 3398 3393
3 3422 3430 3429
3 3422 3431 3430
3 3431 2771 3430
3 3431 2772 2771
3 3429 3405 3399
3 3429 3430 3405
3 3430 2766 3405
3 3430 2771 2766
3 3422 3432 3431
3 3422 3424 3432
3 3424 3433 3432
3 3424 3427 3433
3 3431 2780 2772
3 3431 3432 2780
3 3432 2782 2780
3 3432 3433 2782
3 3434 3435 3436
3 3434 3437 3435
3 3437 3438 3435
3 3437 3439 3438
3 3436 3440 3441
3 3436 3435 3440
3 3435 3442 3440
3 3435 3438 3442
3 3434 3443 3437
3 3434 3444 3443
3 3444 3445 3443
3 3444 3446 3445
3 3437 3447 3439
3 3437 3443 3447
3 3443 3448 3447
3 3443 3445 3448
3 3434 3449 3444
3 3434 3450 3449
3 3450 3451 3449
3 3450 3452 3451
3 3444 3453 3446
3 3444 3449 3453
3 3449 3454 3453
3 3449 3451 3454
3 3434 3455 3450
3 3434 3436 3455
3 3436 3456 3455
3 3436 3441 3456
3 3450 3457 3452
3 3450 3455 3457
3 3455 3458 3457
3 3455 3456 3458
3 3459 3460 3461
3 3459 3462 3460
3 3462 3463 3460
3 3462 3464 3463
3 3461 3465 3466
3 3461 3460 3465
3 3460 3467 3465
3 3460 3463 3467
3 3459 3468 3462
3 3459 3469 3468
3 3469 3470 3468
3 3469 3471 3470
3 3462 3472 3464
3 3462 3468 3472
3 3468 3473 3472
3 3468 3470 3473
3 3459 3474 3469
3 3459 3475 3474
3 3475 3476 3474
3 3475 3477 3476
3 3469 3478 3471
3 3469 3474 3478
3 3474 3479 3478
3 3474 3476 3479
3 3459 3480 3475
3 3459 3461 3480
3 3461 3481 3480
3 3461 3466 3481
3 3475 3482 3477
3 3475 3480 3482
3 3480 3483 3482
3 3480 3481 3483
3 3484 3485 3486
3 3484 3487 3485
3 3487 3457 3485
3 3487 3452 3457
3 3486 3488 3489
3 3486 3485 3488
3 3485 3458 3488
3 3485 3457 3458
3 3484 3490 3487
3 3484 3491 3490
3 3491 3492 3490
3 3491 3493 3492
3 3487 3451 3452
3 3487 3490 3451
3 3490 3454 3451
3 3490 3492 3454
3 3484 3494 3491
3 3484 3495 3494
3 3495 3496 3494
3 3495 3497 3496
3 3491 3498 3493
3 3491 3494 3498
3 3494 3499 3498
3 3494 3496 3499
3 3484 3500 3495
3 3484 3486 3500
3 3486 3501 3500
3 3486 3489 3501
3 3495 3502 3497
3 3495 3500 3502
3 3500 3503 3502
3 3500 3501 3503
3 3504 3505 3506
3 3504 3507 3505
3 3507 3502 3505
3 3507 3497 3502
3 3506 3508 3509
3 3506 3505 3508
3 3505 3503 3508
3 3505 3502 3503
3 3504 3510 3507
3 3504 3511 3510
3 3511 3512 3510
3 3511 3513 3512
3 3507 3496 3497
3 3507 3510 3496
3 3510 3499 3496
3 3510 3512 3499
3 3504 3514 3511
3 3504 3515 3514
3 3515 3516 3514
3 3515 3517 3516
3 3511 3518 3513
3 3511 3514 3518
3 3514 3519 3518
3 3514 3516 3519
3 3504 3520 3515
3 3504 3506 3520
3 3506 3521 3520
3 3506 3509 3521
3 3515 3522 3517
3 3515 3520 3522
3 3520 3523 3522
3 3520 3521 3523
3 3524 3525 3526
3 3524 3527 3525
3 3527 3482 3525
3 3527 3477 3482
3 3526 3528 3529
3 3526 3525 3528
3 3525 3483 3528
3 3525 3482 3483
3 3524 3530 3527
3 3524 3531 3530
3 3531 3532 3530
3 3531 3533 3532
3 3527 3476 3477
3 3527 3530 3476
3 3530 3479 3476
3 3530 3532 3479
3 3524 3534 3531
3 3524 3535 3534
3 3535 3536 3534
3 3535 3537 3536
3 3531 3538 3533
3 3531 3534 3538
3 3534 3539 3538
3 3534 3536 3539
3 3524 3540 3535
3 3524 3526 3540
3 3526 3541 3540
3 3526 3529 3541
3 3535 3542 3537
3 3535 3540 3542
3 3540 3543 3542
3 3540 3541 3543
3 3544 3545 3546
3 3544 3547 3545
3 3547 3542 3545
3 3547 3537 3542
3 3546 3548 3549
3 3546 3545 3548
3 3545 3543 3548
3 3545 3542 3543
3 3544 3550 3547
3 3544 3551 3550
3 3551 3552 3550
3 3551 3553 3552
3 3547 3536 3537
3 3547 3550 3536
3 3550 3539 3536
3 3550 3552 3539
3 3544 3554 3551
3 3544 3555 3554
3 3555 3556 3554
3 3555 3557 3556
3 3551 3558 3553
3 3551 3554 3558
3 3554 3559 3558
3 3554 3556 3559
3 3544 3560 3555
3 3544 3546 3560
3 3546 3561 3560
3 3546 3549 3561
3 3555 3562 3557
3 3555 3560 3562
3 3560 3563 3562
3 3560 3561 3563
3 3564 3565 3566
3 3564 3567 3565
3 3567 3568 3565
3 3567 3569 3568
3 3566 3570 3571
3 3566 3565 3570
3 3565 3572 3570
3 3565 3568 3572
3 3564 3573 3567
3 3564 3574 3573
3 3574 3575 3573
3 3574 3576 3575
3 3567 3577 3569
3 3567 3573 3577
3 3573 3578 3577
3 3573 3575 3578
3 3564 3579 3574
3 3564 3580 3579
3 3580 3581 3579
3 3580 3582 3581
3 3574 3583 3576
3 3574 3579 3583
3 3579 3584 3583
3 3579 3581 3584
3 3564 3585 3580
3 3564 3566 3585
3 3566 3586 3585
3 3566 3571 3586
3 3580 3587 3582
3 3580 3585 3587
3 3585 3588 3587
3 3585 3586 3588
3 3589 3590 3591
3 3589 3592 3590
3 3592 3587 3590
3 3592 3582 3587
3 3591 3593 3594
3 3591 3590 3593
3 3590 3588 3593
3 3590 3587 3588
3 3589 3595 3592
3 3589 3596 3595
3 3596 3597 3595
3 3596 3598 3597
3 3592 3581 3582
3 3592 3595 3581
3 3595 3584 3581
3 3595 3597 3584
3 3589 3599 3596
3 3589 3600 3599
3 3600 3601 3599
3 3600 3602 3601
3 3596 3603 3598
3 3596 3599 3603
3 3599 3604 3603
3 3599 3601 3604
3 3589 3605 3600
3 3589 3591 3605
3 3591 3606 3605
3 3591 3594 3606
3 3600 3607 3602
3 3600 3605 3607
3 3605 3608 3607
3 3605 3606 3608
3 3609 3610 3611
3 3609 3612 3610
3 3612 3607 3610
3 3612 3602 3607
3 3611 3613 3614
3 3611 3610 3613
3 3610 3608 3613
3 3610 3607 3608
3 3609 3615 3612
3 3609 3616 3615
3 3616 3617 3615
3 3616 3618 3617
3 3612 3601 3602
3 3612 3615 3601
3 3615 3604 3601
3 3615 3617 3604
3 3609 3619 3616
3 3609 3620 3619
3 3620 3621 3619
3 3620 3622 3621
3 3616 3623 3618
3 3616 3619 3623
3 3619 3624 3623
3 3619 3621 3624
3 3609 3625 3620
3 3609 3611 3625
3 3611 3626 3625
3 3611 3614 3626
3 3620 3627 3622
3 3620 3625 3627
3 3625 3628 3627
3 3625 3626 3628
3 3629 3630 3631
3 3629 3632 3630
3 3632 3633 3630
3 3632 3634 3633
3 3631 3635 3636
3 3631 3630 3635
3 3630 3637 3635
3 3630 3633 3637
3 3629 3638 3632
3 3629 3639 3638
3 3639 3570 3638
3 3639 3571 3570
3 3632 3640 3634
3 3632 3638 3640
3 3638 3572 3640
3 3638 3570 3572
3 3629 3641 3639
3 3629 3642 3641
3 3642 3643 3641
3 3642 3644 3643
3 3639 3586 3571
3 3639 3641 3586
3 3641 3588 3586
3 3641 3643 3588
3 3629 3645 3642
3 3629 3631 3645
3 3631 3646 3645
3 3631 3636 3646
3 3642 3647 3644
3 3642 3645 3647
3 3645 3648 3647
3 3645 3646 3648
3 3649 3650 3651
3 3649 3652 3650
3 3652 3647 3650
3 3652 3644 3647
3 3651 3653 3654
3 3651 3650 3653
3 3650 3648 3653
3 3650 3647 3648
3 3649 3655 3652
3 3649 3656 3655
3 3656 3593 3655
3 3656 3594 3593
3 3652 3643 3644
3 3652 3655 3643
3 3655 3588 3643
3 3655 3593 3588
3 3649 3657 3656
3 3649 3658 3657
3 3658 3659 3657
3 3658 3660 3659
3 3656 3606 3594
3 3656 3657 3606
3 3657 3608 3606
3 3657 3659 3608
3 3649 3661 3658
3 3649 3651 3661
3 3651 3662 3661
3 3651 3654 3662
3 3658 3663 3660
3 3658 3661 3663
3 3661 3664 3663
3 3661 3662 3664
3 3665 3666 3667
3 3665 3668 3666
3 3668 3663 3666
3 3668 3660 3663
3 3667 3669 3670
3 3667 3666 3669
3 3666 3664 3669
3 3666 3663 3664
3 3665 3671 3668
3 3665 3672 3671
3 3672 3613 3671
3 3672 3614 3613
3 3668 3659 3660
3 3668 3671 3659
3 3671 3608 3659
3 3671 3613 3608
3 3665 3673 3672
3 3665 3674 3673
3 3674 3675 3673
3 3674 3676 3675
3 3672 3626 3614
3 3672 3673 3626
3 3673 3628 3626
3 3673 3675 3628
3 3665 3677 3674
3 3665 3667 3677
3 3667 3678 3677
3 3667 3670 3678
3 3674 3679 3676
3 3674 3677 3679
3 3677 3680 3679
3 3677 3678 3680
3 3681 3682 3683
3 3681 3684 3682
3 3684 3685 3682
3 3684 3686 3685
3 3683 3687 3688
3 3683 3682 3687
3 3682 3689 3687
3 3682 3685 3689
3 3681 3690 3684
3 3681 3691 3690
3 3691 3692 3690
3 3691 3693 3692
3 3684 3694 3686
3 3684 3690 3694
3 3690 3467 3694
3 3690 3692 3467
3 3681 3695 3691
3 3681 3696 3695
3 3696 3697 3695
3 3696 3698 3697
3 3691 3699 3693
3 3691 3695 3699
3 3695 3700 3699
3 3695 3697 3700
3 3681 3701 3696
3 3681 3683 3701
3 3683 3702 3701
3 3683 3688 3702
3 3696 3703 3698
3 3696 3701 3703
3 3701 3704 3703
3 3701 3702 3704
3 3705 3706 3707
3 3705 3708 3706
3 3708 3703 3706
3 3708 3698 3703
3 3707 3709 3710
3 3707 3706 3709
3 3706 3704 3709
3 3706 3703 3704
3 3705 3711 3708
3 3705 3712 3711
3 3712 3713 3711
3 3712 3714 3713
3 3708 3697 3698
3 3708 3711 3697
3 3711 3700 3697
3 3711 3713 3700
3 3705 3715 3712
3 3705 3716 3715
3 3716 3717 3715
3 3716 3718 3717
3 3712 3719 3714
3 3712 3715 3719
3 3715 3720 3719
3 3715 3717 3720
3 3705 3721 3716
3 3705 3707 3721
3 3707 3722 3721
3 3707 3710 3722
3 3716 3723 3718
3 3716 3721 3723
3 3721 3724 3723
3 3721 3722 3724
3 3725 3726 3727
3 3725 3728 3726
3 3728 3723 3726
3 3728 3718 3723
3 3727 3729 3730
3 3727 3726 3729
3 3726 3724 3729
3 3726 3723 3724
3 3725 3731 3728
3 3725 3732 3731
3 3732 3733 3731
3 3732 3734 3733
3 3728 3717 3718
3 3728 3731 3717
3 3731 3720 3717
3 3731 3733 3720
3 3725 3735 3732
3 3725 3736 3735
3 3736 3737 3735
3 3736 3738 3737
3 3732 3739 3734
3 3732 3735 3739
3 3735 3448 3739
3 3735 3737 3448
3 3725 3740 3736
3 3725 3727 3740
3 3727 3741 3740
3 3727 3730 3741
3 3736 3742 3738
3 3736 3740 3742
3 3740 3743 3742
3 3740 3741 3743
3 3744 3745 3746
3 3744 3747 3745
3 3747 3748 3745
3 3747 3749 3748
3 3746 3750 3751
3 3746 3745 3750
3 3745 3752 3750
3 3745 3748 3752
3 3744 3753 3747
3 3744 3754 3753
3 3754 3635 3753
3 3754 3636 3635
3 3747 3755 3749
3 3747 3753 3755
3 3753 3637 3755
3 3753 3635 3637
3 3744 3756 3754
3 3744 3757 3756
3 3757 3758 3756
3 3757 3759 3758
3 3754 3646 3636
3 3754 3756 3646
3 3756 3648 3646
3 3756 3758 3648
3 3744 3760 3757
3 3744 3746 3760
3 3746 3761 3760
3 3746 3751 3761
3 3757 3762 3759
3 3757 3760 3762
3 3760 3763 3762
3 3760 3761 3763
3 3764 3765 3766
3 3764 3767 3765
3 3767 3762 3765
3 3767 3759 3762
3 3766 3768 3769
3 3766 3765 3768
3 3765 3763 3768
3 3765 3762 3763
3 3764 3770 3767
3 3764 3771 3770
3 3771 3653 3770
3 3771 3654 3653
3 3767 3758 3759
3 3767 3770 3758
3 3770 3648 3758
3 3770 3653 3648
3 3764 3772 3771
3 3764 3773 3772
3 3773 3774 3772
3 3773 3775 3774
3 3771 3662 3654
3 3771 3772 3662
3 3772 3664 3662
3 3772 3774 3664
3 3764 3776 3773
3 3764 3766 3776
3 3766 3777 3776
3 3766 3769 3777
3 3773 3778 3775
3 3773 3776 3778
3 3776 3779 3778
3 3776 3777 3779
3 3780 3781 3782
3 3780 3783 3781
3 3783 3778 3781
3 3783 3775 3778
3 3782 3784 3785
3 3782 3781 3784
3 3781 3779 3784
3 3781 3778 3779
3 3780 3786 3783
3 3780 3787 3786
3 3787 3669 3786
3 3787 3670 3669
3 3783 3774 3775
3 3783 3786 3774
3 3786 3664 3774
3 3786 3669 3664
3 3780 3788 3787
3 3780 3789 3788
3 3789 3790 3788
3 3789 3791 3790
3 3787 3678 3670
3 3787 3788 3678
3 3788 3680 3678
3 3788 3790 3680
3 3780 3792 3789
3 3780 3782 3792
3 3782 3793 3792
3 3782 3785 3793
3 3789 3794 3791
3 3789 3792 3794
3 3792 3795 3794
3 3792 3793 3795
3 3796 3797 3798
3 3796 3799 3797
3 3799 3800 3797
3 3799 3801 3800
3 3798 3802 3803
3 3798 3797 3802
3 3797 3804 3802
3 3797 3800 3804
3 3796 3805 3799
3 3796 3806 3805
3 3806 3750 3805
3 3806 3751 3750
3 3799 3807 3801
3 3799 3805 3807
3 3805 3752 3807
3 3805 3750 3752
3 3796 3808 3806
3 3796 3809 3808
3 3809 3810 3808
3 3809 3811 3810
3 3806 3761 3751
3 3806 3808 3761
3 3808 3763 3761
3 3808 3810 3763
3 3796 3812 3809
3 3796 3798 3812
3 3798 3813 3812
3 3798 3803 3813
3 3809 3814 3811
3 3809 3812 3814
3 3812 3815 3814
3 3812 3813 3815
3 3816 3817 3818
3 3816 3819 3817
3 3819 3814 3817
3 3819 3811 3814
3 3818 3820 3821
3 3818 3817 3820
3 3817 3815 3820
3 3817 3814 3815
3 3816 3822 3819
3 3816 3823 3822
3 3823 3768 3822
3 3823 3769 3768
3 3819 3810 3811
3 3819 3822 3810
3 3822 3763 3810
3 3822 3768 3763
3 3816 3824 3823
3 3816 3825 3824
3 3825 3826 3824
3 3825 3827 3826
3 3823 3777 3769
3 3823 3824 3777
3 3824 3779 3777
3 3824 3826 3779
3 3816 3828 3825
3 3816 3818 3828
3 3818 3829 3828
3 3818 3821 3829
3 3825 3830 3827
3 3825 3828 3830
3 3828 3831 3830
3 3828 3829 3831
3 3832 3833 3834
3 3832 3835 3833
3 3835 3830 3833
3 3835 3827 3830
3 3834 3836 3837
3 3834 3833 3836
3 3833 3831 3836
3 3833 3830 3831
3 3832 3838 3835
3 3832 3839 3838
3 3839 3784 3838
3 3839 3785 3784
3 3835 3826 3827
3 3835 3838 3826
3 3838 3779 3826
3 3838 3784 3779
3 3832 3840 3839
3 3832 3841 3840
3 3841 3842 3840
3 3841 3843 3842
3 3839 3793 3785
3 3839 3840 3793
3 3840 3795 3793
3 3840 3842 3795
3 3832 3844 3841
3 3832 3834 3844
3 3834 3845 3844
3 3834 3837 3845
3 3841 3846 3843
3 3841 3844 3846
3 3844 3847 3846
3 3844 3845 3847
3 3848 3849 3850
3 3848 3851 3849
3 3851 3852 3849
3 3851 3853 3852
3 3850 3854 3855
3 3850 3849 3854
3 3849 3856 3854
3 3849 3852 3856
3 3848 3857 3851
3 3848 3858 3857
3 3858 3687 3857
3 3858 3688 3687
3 3851 3859 3853
3 3851 3857 3859
3 3857 3689 3859
3 3857 3687 3689
3 3848 3860 3858
3 3848 3861 3860
3 3861 3862 3860
3 3861 3863 3862
3 3858 3702 3688
3 3858 3860 3702
3 3860 3704 3702
3 3860 3862 3704
3 3848 3864 3861
3 3848 3850 3864
3 3850 3865 3864
3 3850 3855 3865
3 3861 3866 3863
3 3861 3864 3866
3 3864 3867 3866
3 3864 3865 3867
3 3868 3869 3870
3 3868 3871 3869
3 3871 3866 3869
3 3871 3863 3866
3 3870 3872 3873
3 3870 3869 3872
3 3869 3867 3872
3 3869 3866 3867
3 3868 3874 3871
3 3868 3875 3874
3 3875 3709 3874
3 3875 3710 3709
3 3871 3862 3863
3 3871 3874 3862
3 3874 3704 3862
3 3874 3709 3704
3 3868 3876 3875
3 3868 3877 3876
3 3877 3878 3876
3 3877 3879 3878
3 3875 3722 3710
3 3875 3876 3722
3 3876 3724 3722
3 3876 3878 3724
3 3868 3880 3877
3 3868 3870 3880
3 3870 3881 3880
3 3870 3873 3881
3 3877 3882 3879
3 3877 3880 3882
3 3880 3883 3882
3 3880 3881 3883
3 3884 3885 3886
3 3884 3887 3885
3 3887 3882 3885
3 3887 3879 3882
3 3886 3888 3889
3 3886 3885 3888
3 3885 3883 3888
3 3885 3882 3883
3 3884 3890 3887
3 3884 3891 3890
3 3891 3729 3890
3 3891 3730 3729
3 3887 3878 3879
3 3887 3890 3878
3 3890 3724 3878
3 3890 3729 3724
3 3884 3892 3891
3 3884 3893 3892
3 3893 3894 3892
3 3893 3895 3894
3 3891 3741 3730
3 3891 3892 3741
3 3892 3743 3741
3 3892 3894 3743
3 3884 3896 3893
3 3884 3886 3896
3 3886 3897 3896
3 3886 3889 3897
3 3893 3898 3895
3 3893 3896 3898
3 3896 3899 3898
3 3896 3897 3899
3 3900 3901 3902
3 3900 3903 3901
3 3903 3904 3901
3 3903 3905 3904
3 3902 3906 3907
3 3902 3901 3906
3 3901 3908 3906
3 3901 3904 3908
3 3900 3909 3903
3 3900 3910 3909
3 3910 3854 3909
3 3910 3855 3854
3 3903 3911 3905
3 3903 3909 3911
3 3909 3856 3911
3 3909 3854 3856
3 3900 3912 3910
3 3900 3913 3912
3 3913 3914 3912
3 3913 3915 3914
3 3910 3865 3855
3 3910 3912 3865
3 3912 3867 3865
3 3912 3914 3867
3 3900 3916 3913
3 3900 3902 3916
3 3902 3917 3916
3 3902 3907 3917
3 3913 3918 3915
3 3913 3916 3918
3 3916 3919 3918
3 3916 3917 3919
3 3920 3921 3922
3 3920 3923 3921
3 3923 3918 3921
3 3923 3915 3918
3 3922 3924 3925
3 3922 3921 3924
3 3921 3919 3924
3 3921 3918 3919
3 3920 3926 3923
3 3920 3927 3926
3 3927 3872 3926
3 3927 3873 3872
3 3923 3914 3915
3 3923 3926 3914
3 3926 3867 3914
3 3926 3872 3867
3 3920 3928 3927
3 3920 3929 3928
3 3929 3930 3928
3 3929 3931 3930
3 3927 3881 3873
3 3927 3928 3881
3 3928 3883 3881
3 3928 3930 3883
3 3920 3932 3929
3 3920 3922 3932
3 3922 3933 3932
3 3922 3925 3933
3 3929 3934 3931
3 3929 3932 3934
3 3932 3935 3934
3 3932 3933 3935
3 3936 3937 3938
3 3936 3939 3937
3 3939 3934 3937
3 3939 3931 3934
3 3938 3940 3941
3 3938 3937 3940
3 3937 3935 3940
3 3937 3934 3935
3 3936 3942 3939
3 3936 3943 3942
3 3943 3888 3942
3 3943 3889 3888
3 3939 3930 3931
3 3939 3942 3930
3 3942 3883 3930
3 3942 3888 3883
3 3936 3944 3943
3 3936 3945 3944
3 3945 3946 3944
3 3945 3947 3946
3 3943 3897 3889
3 3943 3944 3897
3 3944 3899 3897
3 3944 3946 3899
3 3936 3948 3945
3 3936 3938 3948
3 3938 3949 3948
3 3938 3941 3949
3 3945 3950 3947
3 3945 3948 3950
3 3948 3951 3950
3 3948 3949 3951
3 3952 3953 3954
3 3952 3955 3953
3 3955 3956 3953
3 3955 3957 3956
3 3954 3958 3959
3 3954 3953 3958
3 3953 3960 3958
3 3953 3956 3960
3 3952 3961 3955
3 3952 3962 3961
3 3962 3963 3961
3 3962 3964 3963
3 3955 3965 3957
3 3955 3961 3965
3 3961 3966 3965
3 3961 3963 3966
3 3952 3967 3962
3 3952 3968 3967
3 3968 3969 3967
3 3968 3970 3969
3 3962 3971 3964
3 3962 3967 3971
3 3967 3972 3971
3 3967 3969 3972
3 3952 3973 3968
3 3952 3954 3973
3 3954 3974 3973
3 3954 3959 3974
3 3968 3975 3970
3 3968 3973 3975
3 3973 3976 3975
3 3973 3974 3976
3 3977 3978 3979
3 3977 3980 3978
3 3980 3975 3978
3 3980 3970 3975
3 3979 3981 3982
3 3979 3978 3981
3 3978 3976 3981
3 3978 3975 3976
3 3977 3983 3980
3 3977 3984 3983
3 3984 3985 3983
3 3984 3986 3985
3 3980 3969 3970
3 3980 3983 3969
3 3983 3972 3969
3 3983 3985 3972
3 3977 3987 3984
3 3977 3988 3987
3 3988 3989 3987
3 3988 3990 3989
3 3984 3991 3986
3 3984 3987 3991
3 3987 3992 3991
3 3987 3989 3992
3 3977 3993 3988
3 3977 3979 3993
3 3979 3994 3993
3 3979 3982 3994
3 3988 3995 3990
3 3988 3993 3995
3 3993 3996 3995
3 3993 3994 3996
3 3997 3998 3999
3 3997 4000 3998
3 4000 3995 3998
3 4000 3990 3995
3 3999 4001 4002
3 3999 3998 4001
3 3998 3996 4001
3 3998 3995 3996
3 3997 4003 4000
3 3997 4004 4003
3 4004 4005 4003
3 4004 4006 4005
3 4000 3989 3990
3 4000 4003 3989
3 4003 3992 3989
3 4003 4005 3992
3 3997 4007 4004
3 3997 4008 4007
3 4008 4009 4007
3 4008 4010 4009
3 4004 4011 4006
3 4004 4007 4011
3 4007 4012 4011
3 4007 4009 4012
3 3997 4013 4008
3 3997 3999 4013
3 3999 4014 4013
3 3999 4002 4014
3 4008 4015 4010
3 4008 4013 4015
3 4013 4016 4015
3 4013 4014 4016
3 4017 4018 4019
3 4017 4020 4018
3 4020 3453 4018
3 4020 3446 3453
3 4019 4021 4022
3 4019 4018 4021
3 4018 3454 4021
3 4018 3453 3454
3 4017 4023 4020
3 4017 4024 4023
3 4024 3739 4023
3 4024 3734 3739
3 4020 3445 3446
3 4020 4023 3445
3 4023 3448 3445
3 4023 3739 3448
3 4017 4025 4024
3 4017 4026 4025
3 4026 4027 4025
3 4026 4028 4027
3 4024 3733 3734
3 4024 4025 3733
3 4025 3720 3733
3 4025 4027 3720
3 4017 4029 4026
3 4017 4019 4029
3 4019 4030 4029
3 4019 4022 4030
3 4026 4031 4028
3 4026 4029 4031
3 4029 4032 4031
3 4029 4030 4032
3 4033 4034 4035
3 4033 4036 4034
3 4036 4031 4034
3 4036 4028 4031
3 4035 4037 4038
3 4035 4034 4037
3 4034 4032 4037
3 4034 4031 4032
3 4033 4039 4036
3 4033 4040 4039
3 4040 3719 4039
3 4040 3714 3719
3 4036 4027 4028
3 4036 4039 4027
3 4039 3720 4027
3 4039 3719 3720
3 4033 4041 4040
3 4033 4042 4041
3 4042 4043 4041
3 4042 4044 4043
3 4040 3713 3714
3 4040 4041 3713
3 4041 3700 3713
3 4041 4043 3700
3 4033 4045 4042
3 4033 4035 4045
3 4035 4046 4045
3 4035 4038 4046
3 4042 4047 4044
3 4042 4045 4047
3 4045 4048 4047
3 4045 4046 4048
3 4049 4050 4051
3 4049 4052 4050
3 4052 4047 4050
3 4052 4044 4047
3 4051 4053 4054
3 4051 4050 4053
3 4050 4048 4053
3 4050 4047 4048
3 4049 4055 4052
3 4049 4056 4055
3 4056 3699 4055
3 4056 3693 3699
3 4052 4043 4044
3 4052 4055 4043
3 4055 3700 4043
3 4055 3699 3700
3 4049 4057 4056
3 4049 4058 4057
3 4058 3465 4057
3 4058 3466 3465
3 4056 3692 3693
3 4056 4057 3692
3 4057 3467 3692
3 4057 3465 3467
3 4049 4059 4058
3 4049 4051 4059
3 4051 4060 4059
3 4051 4054 4060
3 4058 3481 3466
3 4058 4059 3481
3 4059 3483 3481
3 4059 4060 3483
3 4061 4062 4063
3 4061 4064 4062
3 4064 3478 4062
3 4064 3471 3478
3 4063 4065 4066
3 4063 4062 4065
3 4062 3479 4065
3 4062 3478 3479
3 4061 4067 4064
3 4061 4068 4067
3 4068 4069 4067
3 4068 4070 4069
3 4064 3470 3471
3 4064 4067 3470
3 4067 3473 3470
3 4067 4069 3473
3 4061 4071 4068
3 4061 4072 4071
3 4072 4073 4071
3 4072 4074 4073
3 4068 4075 4070
3 4068 4071 4075
3 4071 4076 4075
3 4071 4073 4076
3 4061 4077 4072
3 4061 4063 4077
3 4063 4078 4077
3 4063 4066 4078
3 4072 4079 4074
3 4072 4077 4079
3 4077 4080 4079
3 4077 4078 4080
3 4081 4082 4083
3 4081 4084 4082
3 4084 4079 4082
3 4084 4074 4079
3 4083 4085 4086
3 4083 4082 4085
3 4082 4080 4085
3 4082 4079 4080
3 4081 4087 4084
3 4081 4088 4087
3 4088 4089 4087
3 4088 4090 4089
3 4084 4073 4074
3 4084 4087 4073
3 4087 4076 4073
3 4087 4089 4076
3 4081 4091 4088
3 4081 4092 4091
3 4092 4093 4091
3 4092 4094 4093
3 4088 4095 4090
3 4088 4091 4095
3 4091 4096 4095
3 4091 4093 4096
3 4081 4097 4092
3 4081 4083 4097
3 4083 4098 4097
3 4083 4086 4098
3 4092 4099 4094
3 4092 4097 4099
3 4097 4100 4099
3 4097 4098 4100
3 4101 4102 4103
3 4101 4104 4102
3 4104 4099 4102
3 4104 4094 4099
3 4103 4105 4106
3 4103 4102 4105
3 4102 4100 4105
3 4102 4099 4100
3 4101 4107 4104
3 4101 4108 4107
3 4108 4109 4107
3 4108 4110 4109
3 4104 4093 4094
3 4104 4107 4093
3 4107 4096 4093
3 4107 4109 4096
3 4101 4111 4108
3 4101 4112 4111
3 4112 3440 4111
3 4112 3441 3440
3 4108 4113 4110
3 4108 4111 4113
3 4111 3442 4113
3 4111 3440 3442
3 4101 4114 4112
3 4101 4103 4114
3 4103 4115 4114
3 4103 4106 4115
3 4112 3456 3441
3 4112 4114 3456
3 4114 3458 3456
3 4114 4115 3458
3 4116 4117 4118
3 4116 4119 4117
3 4119 3498 4117
3 4119 3493 3498
3 4118 4120 4121
3 4118 4117 4120
3 4117 3499 4120
3 4117 3498 3499
3 4116 4122 4119
3 4116 4123 4122
3 4123 4021 4122
3 4123 4022 4021
3 4119 3492 3493
3 4119 4122 3492
3 4122 3454 3492
3 4122 4021 3454
3 4116 4124 4123
3 4116 4125 4124
3 4125 4126 4124
3 4125 4127 4126
3 4123 4030 4022
3 4123 4124 4030
3 4124 4032 4030
3 4124 4126 4032
3 4116 4128 4125
3 4116 4118 4128
3 4118 4129 4128
3 4118 4121 4129
3 4125 4130 4127
3 4125 4128 4130
3 4128 4131 4130
3 4128 4129 4131
3 4132 4133 4134
3 4132 4135 4133
3 4135 4130 4133
3 4135 4127 4130
3 4134 4136 4137
3 4134 4133 4136
3 4133 4131 4136
3 4133 4130 4131
3 4132 4138 4135
3 4132 4139 4138
3 4139 4037 4138
3 4139 4038 4037
3 4135 4126 4127
3 4135 4138 4126
3 4138 4032 4126
3 4138 4037 4032
3 4132 4140 4139
3 4132 4141 4140
3 4141 4142 4140
3 4141 4143 4142
3 4139 4046 4038
3 4139 4140 4046
3 4140 4048 4046
3 4140 4142 4048
3 4132 4144 4141
3 4132 4134 4144
3 4134 4145 4144
3 4134 4137 4145
3 4141 4146 4143
3 4141 4144 4146
3 4144 4147 4146
3 4144 4145 4147
3 4148 4149 4150
3 4148 4151 4149
3 4151 4146 4149
3 4151 4143 4146
3 4150 4152 4153
3 4150 4149 4152
3 4149 4147 4152
3 4149 4146 4147
3 4148 4154 4151
3 4148 4155 4154
3 4155 4053 4154
3 4155 4054 4053
3 4151 4142 4143
3 4151 4154 4142
3 4154 4048 4142
3 4154 4053 4048
3 4148 4156 4155
3 4148 4157 4156
3 4157 3528 4156
3 4157 3529 3528
3 4155 4060 4054
3 4155 4156 4060
3 4156 3483 4060
3 4156 3528 3483
3 4148 4158 4157
3 4148 4150 4158
3 4150 4159 4158
3 4150 4153 4159
3 4157 3541 3529
3 4157 4158 3541
3 4158 3543 3541
3 4158 4159 3543
3 4160 4161 4162
3 4160 4163 4161
3 4163 3518 4161
3 4163 3513 3518
3 4162 4164 4165
3 4162 4161 4164
3 4161 3519 4164
3 4161 3518 3519
3 4160 4166 4163
3 4160 4167 4166
3 4167 4120 4166
3 4167 4121 4120
3 4163 3512 3513
3 4163 4166 3512
3 4166 3499 3512
3 4166 4120 3499
3 4160 4168 4167
3 4160 4169 4168
3 4169 4170 4168
3 4169 4171 4170
3 4167 4129 4121
3 4167 4168 4129
3 4168 4131 4129
3 4168 4170 4131
3 4160 4172 4169
3 4160 4162 4172
3 4162 4173 4172
3 4162 4165 4173
3 4169 4174 4171
3 4169 4172 4174
3 4172 4175 4174
3 4172 4173 4175
3 4176 4177 4178
3 4176 4179 4177
3 4179 4174 4177
3 4179 4171 4174
3 4178 4180 4181
3 4178 4177 4180
3 4177 4175 4180
3 4177 4174 4175
3 4176 4182 4179
3 4176 4183 4182
3 4183 4136 4182
3 4183 4137 4136
3 4179 4170 4171
3 4179 4182 4170
3 4182 4131 4170
3 4182 4136 4131
3 4176 4184 4183
3 4176 4185 4184
3 4185 4186 4184
3 4185 4187 4186
3 4183 4145 4137
3 4183 4184 4145
3 4184 4147 4145
3 4184 4186 4147
3 4176 4188 4185
3 4176 4178 4188
3 4178 4189 4188
3 4178 4181 4189
3 4185 4190 4187
3 4185 4188 4190
3 4188 4191 4190
3 4188 4189 4191
3 4192 4193 4194
3 4192 4195 4193
3 4195 4190 4193
3 4195 4187 4190
3 4194 4196 4197
3 4194 4193 4196
3 4193 4191 4196
3 4193 4190 4191
3 4192 4198 4195
3 4192 4199 4198
3 4199 4152 4198
3 4199 4153 4152
3 4195 4186 4187
3 4195 4198 4186
3 4198 4147 4186
3 4198 4152 4147
3 4192 4200 4199
3 4192 4201 4200
3 4201 3548 4200
3 4201 3549 3548
3 4199 4159 4153
3 4199 4200 4159
3 4200 3543 4159
3 4200 3548 3543
3 4192 4202 4201
3 4192 4194 4202
3 4194 4203 4202
3 4194 4197 4203
3 4201 3561 3549
3 4201 4202 3561
3 4202 3563 3561
3 4202 4203 3563
3 4204 4205 4206
3 4204 4207 4205
3 4207 3538 4205
3 4207 3533 3538
3 4206 4208 4209
3 4206 4205 4208
3 4205 3539 4208
3 4205 3538 3539
3 4204 4210 4207
3 4204 4211 4210
3 4211 4065 4210
3 4211 4066 4065
3 4207 3532 3533
3 4207 4210 3532
3 4210 3479 3532
3 4210 4065 3479
3 4204 4212 4211
3 4204 4213 4212
3 4213 4214 4212
3 4213 4215 4214
3 4211 4078 4066
3 4211 4212 4078
3 4212 4080 4078
3 4212 4214 4080
3 4204 4216 4213
3 4204 4206 4216
3 4206 4217 4216
3 4206 4209 4217
3 4213 4218 4215
3 4213 4216 4218
3 4216 4219 4218
3 4216 4217 4219
3 4220 4221 4222
3 4220 4223 4221
3 4223 4218 4221
3 4223 4215 4218
3 4222 4224 4225
3 4222 4221 4224
3 4221 4219 4224
3 4221 4218 4219
3 4220 4226 4223
3 4220 4227 4226
3 4227 4085 4226
3 4227 4086 4085
3 4223 4214 4215
3 4223 4226 4214
3 4226 4080 4214
3 4226 4085 4080
3 4220 4228 4227
3 4220 4229 4228
3 4229 4230 4228
3 4229 4231 4230
3 4227 4098 4086
3 4227 4228 4098
3 4228 4100 4098
3 4228 4230 4100
3 4220 4232 4229
3 4220 4222 4232
3 4222 4233 4232
3 4222 4225 4233
3 4229 4234 4231
3 4229 4232 4234
3 4232 4235 4234
3 4232 4233 4235
3 4236 4237 4238
3 4236 4239 4237
3 4239 4234 4237
3 4239 4231 4234
3 4238 4240 4241
3 4238 4237 4240
3 4237 4235 4240
3 4237 4234 4235
3 4236 4242 4239
3 4236 4243 4242
3 4243 4105 4242
3 4243 4106 4105
3 4239 4230 4231
3 4239 4242 4230
3 4242 4100 4230
3 4242 4105 4100
3 4236 4244 4243
3 4236 4245 4244
3 4245 3488 4244
3 4245 3489 3488
3 4243 4115 4106
3 4243 4244 4115
3 4244 3458 4115
3 4244 3488 3458
3 4236 4246 4245
3 4236 4238 4246
3 4238 4247 4246
3 4238 4241 4247
3 4245 3501 3489
3 4245 4246 3501
3 4246 3503 3501
3 4246 4247 3503
3 4248 4249 4250
3 4248 4251 4249
3 4251 3558 4249
3 4251 3553 3558
3 4250 4252 4253
3 4250 4249 4252
3 4249 3559 4252
3 4249 3558 3559
3 4248 4254 4251
3 4248 4255 4254
3 4255 4208 4254
3 4255 4209 4208
3 4251 3552 3553
3 4251 4254 3552
3 4254 3539 3552
3 4254 4208 3539
3 4248 4256 4255
3 4248 4257 4256
3 4257 4258 4256
3 4257 4259 4258
3 4255 4217 4209
3 4255 4256 4217
3 4256 4219 4217
3 4256 4258 4219
3 4248 4260 4257
3 4248 4250 4260
3 4250 4261 4260
3 4250 4253 4261
3 4257 4262 4259
3 4257 4260 4262
3 4260 4263 4262
3 4260 4261 4263
3 4264 4265 4266
3 4264 4267 4265
3 4267 4262 4265
3 4267 4259 4262
3 4266 4268 4269
3 4266 4265 4268
3 4265 4263 4268
3 4265 4262 4263
3 4264 4270 4267
3 4264 4271 4270
3 4271 4224 4270
3 4271 4225 4224
3 4267 4258 4259
3 4267 4270 4258
3 4270 4219 4258
3 4270 4224 4219
3 4264 4272 4271
3 4264 4273 4272
3 4273 4274 4272
3 4273 4275 4274
3 4271 4233 4225
3 4271 4272 4233
3 4272 4235 4233
3 4272 4274 4235
3 4264 4276 4273
3 4264 4266 4276
3 4266 4277 4276
3 4266 4269 4277
3 4273 4278 4275
3 4273 4276 4278
3 4276 4279 4278
3 4276 4277 4279
3 4280 4281 4282
3 4280 4283 4281
3 4283 4278 4281
3 4283 4275 4278
3 4282 4284 4285
3 4282 4281 4284
3 4281 4279 4284
3 4281 4278 4279
3 4280 4286 4283
3 4280 4287 4286
3 4287 4240 4286
3 4287 4241 4240
3 4283 4274 4275
3 4283 4286 4274
3 4286 4235 4274
3 4286 4240 4235
3 4280 4288 4287
3 4280 4289 4288
3 4289 3508 4288
3 4289 3509 3508
3 4287 4247 4241
3 4287 4288 4247
3 4288 3503 4247
3 4288 3508 3503
3 4280 4290 4289
3 4280 4282 4290
3 4282 4291 4290
3 4282 4285 4291
3 4289 3521 3509
3 4289 4290 3521
3 4290 3523 3521
3 4290 4291 3523
3 4292 4293 4294
3 4292 4295 4293
3 4295 3583 4293
3 4295 3576 3583
3 4294 4296 4297
3 4294 4293 4296
3 4293 3584 4296
3 4293 3583 3584
3 4292 4298 4295
3 4292 4299 4298
3 4299 4300 4298
3 4299 4301 4300
3 4295 3575 3576
3 4295 4298 3575
3 4298 3578 3575
3 4298 4300 3578
3 4292 4302 4299
3 4292 4303 4302
3 4303 4304 4302
3 4303 4305 4304
3 4299 4306 4301
3 4299 4302 4306
3 4302 4307 4306
3 4302 4304 4307
3 4292 4308 4303
3 4292 4294 4308
3 4294 4309 4308
3 4294 4297 4309
3 4303 4310 4305
3 4303 4308 4310
3 4308 4311 4310
3 4308 4309 4311
3 4312 4313 4314
3 4312 4315 4313
3 4315 4310 4313
3 4315 4305 4310
3 4314 4316 4317
3 4314 4313 4316
3 4313 4311 4316
3 4313 4310 4311
3 4312 4318 4315
3 4312 4319 4318
3 4319 4320 4318
3 4319 4321 4320
3 4315 4304 4305
3 4315 4318 4304
3 4318 4307 4304
3 4318 4320 4307
3 4312 4322 4319
3 4312 4323 4322
3 4323 894 4322
3 4323 887 894
3 4319 4324 4321
3 4319 4322 4324
3 4322 895 4324
3 4322 894 895
3 4312 4325 4323
3 4312 4314 4325
3 4314 4326 4325
3 4314 4317 4326
3 4323 886 887
3 4323 4325 886
3 4325 889 886
3 4325 4326 889
3 4327 4328 4329
3 4327 4330 4328
3 4330 3603 4328
3 4330 3598 3603
3 4329 4331 4332
3 4329 4328 4331
3 4328 3604 4331
3 4328 3603 3604
3 4327 4333 4330
3 4327 4334 4333
3 4334 4296 4333
3 4334 4297 4296
3 4330 3597 3598
3 4330 4333 3597
3 4333 3584 3597
3 4333 4296 3584
3 4327 4335 4334
3 4327 4336 4335
3 4336 4337 4335
3 4336 4338 4337
3 4334 4309 4297
3 4334 4335 4309
3 4335 4311 4309
3 4335 4337 4311
3 4327 4339 4336
3 4327 4329 4339
3 4329 4340 4339
3 4329 4332 4340
3 4336 4341 4338
3 4336 4339 4341
3 4339 4342 4341
3 4339 4340 4342
3 4343 4344 4345
3 4343 4346 4344
3 4346 4341 4344
3 4346 4338 4341
3 4345 4347 4348
3 4345 4344 4347
3 4344 4342 4347
3 4344 4341 4342
3 4343 4349 4346
3 4343 4350 4349
3 4350 4316 4349
3 4350 4317 4316
3 4346 4337 4338
3 4346 4349 4337
3 4349 4311 4337
3 4349 4316 4311
3 4343 4351 4350
3 4343 4352 4351
3 4352 928 4351
3 4352 923 928
3 4350 4326 4317
3 4350 4351 4326
3 4351 889 4326
3 4351 928 889
3 4343 4353 4352
3 4343 4345 4353
3 4345 4354 4353
3 4345 4348 4354
3 4352 922 923
3 4352 4353 922
3 4353 925 922
3 4353 4354 925
3 4355 4356 4357
3 4355 4358 4356
3 4358 3623 4356
3 4358 3618 3623
3 4357 4359 4360
3 4357 4356 4359
3 4356 3624 4359
3 4356 3623 3624
3 4355 4361 4358
3 4355 4362 4361
3 4362 4331 4361
3 4362 4332 4331
3 4358 3617 3618
3 4358 4361 3617
3 4361 3604 3617
3 4361 4331 3604
3 4355 4363 4362
3 4355 4364 4363
3 4364 4365 4363
3 4364 4366 4365
3 4362 4340 4332
3 4362 4363 4340
3 4363 4342 4340
3 4363 4365 4342
3 4355 4367 4364
3 4355 4357 4367
3 4357 4368 4367
3 4357 4360 4368
3 4364 4369 4366
3 4364 4367 4369
3 4367 4370 4369
3 4367 4368 4370
3 4371 4372 4373
3 4371 4374 4372
3 4374 4369 4372
3 4374 4366 4369
3 4373 4375 4376
3 4373 4372 4375
3 4372 4370 4375
3 4372 4369 4370
3 4371 4377 4374
3 4371 4378 4377
3 4378 4347 4377
3 4378 4348 4347
3 4374 4365 4366
3 4374 4377 4365
3 4377 4342 4365
3 4377 4347 4342
3 4371 4379 4378
3 4371 4380 4379
3 4380 960 4379
3 4380 955 960
3 4378 4354 4348
3 4378 4379 4354
3 4379 925 4354
3 4379 960 925
3 4371 4381 4380
3 4371 4373 4381
3 4373 4382 4381
3 4373 4376 4382
3 4380 954 955
3 4380 4381 954
3 4381 957 954
3 4381 4382 957
3 4383 4384 4385
3 4383 4386 4384
3 4386 4075 4384
3 4386 4070 4075
3 4385 4387 4388
3 4385 4384 4387
3 4384 4076 4387
3 4384 4075 4076
3 4383 4389 4386
3 4383 4390 4389
3 4390 4391 4389
3 4390 4392 4391
3 4386 4069 4070
3 4386 4389 4069
3 4389 3473 4069
3 4389 4391 3473
3 4383 4393 4390
3 4383 4394 4393
3 4394 4395 4393
3 4394 4396 4395
3 4390 4397 4392
3 4390 4393 4397
3 4393 4398 4397
3 4393 4395 4398
3 4383 4399 4394
3 4383 4385 4399
3 4385 4400 4399
3 4385 4388 4400
3 4394 4401 4396
3 4394 4399 4401
3 4399 4402 4401
3 4399 4400 4402
3 4403 4404 4405
3 4403 4406 4404
3 4406 4401 4404
3 4406 4396 4401
3 4405 4407 4408
3 4405 4404 4407
3 4404 4402 4407
3 4404 4401 4402
3 4403 4409 4406
3 4403 4410 4409
3 4410 4411 4409
3 4410 4412 4411
3 4406 4395 4396
3 4406 4409 4395
3 4409 4398 4395
3 4409 4411 4398
3 4403 4413 4410
3 4403 4414 4413
3 4414 998 4413
3 4414 991 998
3 4410 4415 4412
3 4410 4413 4415
3 4413 999 4415
3 4413 998 999
3 4403 4416 4414
3 4403 4405 4416
3 4405 4417 4416
3 4405 4408 4417
3 4414 990 991
3 4414 4416 990
3 4416 993 990
3 4416 4417 993
3 4418 4419 4420
3 4418 4421 4419
3 4421 4095 4419
3 4421 4090 4095
3 4420 4422 4423
3 4420 4419 4422
3 4419 4096 4422
3 4419 4095 4096
3 4418 4424 4421
3 4418 4425 4424
3 4425 4387 4424
3 4425 4388 4387
3 4421 4089 4090
3 4421 4424 4089
3 4424 4076 4089
3 4424 4387 4076
3 4418 4426 4425
3 4418 4427 4426
3 4427 4428 4426
3 4427 4429 4428
3 4425 4400 4388
3 4425 4426 4400
3 4426 4402 4400
3 4426 4428 4402
3 4418 4430 4427
3 4418 4420 4430
3 4420 4431 4430
3 4420 4423 4431
3 4427 4432 4429
3 4427 4430 4432
3 4430 4433 4432
3 4430 4431 4433
3 4434 4435 4436
3 4434 4437 4435
3 4437 4432 4435
3 4437 4429 4432
3 4436 4438 4439
3 4436 4435 4438
3 4435 4433 4438
3 4435 4432 4433
3 4434 4440 4437
3 4434 4441 4440
3 4441 4407 4440
3 4441 4408 4407
3 4437 4428 4429
3 4437 4440 4428
3 4440 4402 4428
3 4440 4407 4402
3 4434 4442 4441
3 4434 4443 4442
3 4443 1032 4442
3 4443 1027 1032
3 4441 4417 4408
3 4441 4442 4417
3 4442 993 4417
3 4442 1032 993
3 4434 4444 4443
3 4434 4436 4444
3 4436 4445 4444
3 4436 4439 4445
3 4443 1026 1027
3 4443 4444 1026
3 4444 1029 1026
3 4444 4445 1029
3 4446 4447 4448
3 4446 4449 4447
3 4449 4113 4447
3 4449 4110 4113
3 4448 4450 4451
3 4448 4447 4450
3 4447 3442 4450
3 4447 4113 3442
3 4446 4452 4449
3 4446 4453 4452
3 4453 4422 4452
3 4453 4423 4422
3 4449 4109 4110
3 4449 4452 4109
3 4452 4096 4109
3 4452 4422 4096
3 4446 4454 4453
3 4446 4455 4454
3 4455 4456 4454
3 4455 4457 4456
3 4453 4431 4423
3 4453 4454 4431
3 4454 4433 4431
3 4454 4456 4433
3 4446 4458 4455
3 4446 4448 4458
3 4448 4459 4458
3 4448 4451 4459
3 4455 4460 4457
3 4455 4458 4460
3 4458 4461 4460
3 4458 4459 4461
3 4462 4463 4464
3 4462 4465 4463
3 4465 4460 4463
3 4465 4457 4460
3 4464 4466 4467
3 4464 4463 4466
3 4463 4461 4466
3 4463 4460 4461
3 4462 4468 4465
3 4462 4469 4468
3 4469 4438 4468
3 4469 4439 4438
3 4465 4456 4457
3 4465 4468 4456
3 4468 4433 4456
3 4468 4438 4433
3 4462 4470 4469
3 4462 4471 4470
3 4471 1064 4470
3 4471 1059 1064
3 4469 4445 4439
3 4469 4470 4445
3 4470 1029 4445
3 4470 1064 1029
3 4462 4472 4471
3 4462 4464 4472
3 4464 4473 4472
3 4464 4467 4473
3 4471 1058 1059
3 4471 4472 1058
3 4472 1061 1058
3 4472 4473 1061
3 4474 4475 4476
3 4474 4477 4475
3 4477 3522 4475
3 4477 3517 3522
3 4476 4478 4479
3 4476 4475 4478
3 4475 3523 4478
3 4475 3522 3523
3 4474 4480 4477
3 4474 4481 4480
3 4481 4482 4480
3 4481 4483 4482
3 4477 3516 3517
3 4477 4480 3516
3 4480 3519 3516
3 4480 4482 3519
3 4474 4484 4481
3 4474 4485 4484
3 4485 4486 4484
3 4485 4487 4486
3 4481 4488 4483
3 4481 4484 4488
3 4484 4489 4488
3 4484 4486 4489
3 4474 4490 4485
3 4474 4476 4490
3 4476 4491 4490
3 4476 4479 4491
3 4485 4492 4487
3 4485 4490 4492
3 4490 4493 4492
3 4490 4491 4493
3 4494 4495 4496
3 4494 4497 4495
3 4497 4492 4495
3 4497 4487 4492
3 4496 4498 4499
3 4496 4495 4498
3 4495 4493 4498
3 4495 4492 4493
3 4494 4500 4497
3 4494 4501 4500
3 4501 4502 4500
3 4501 4503 4502
3 4497 4486 4487
3 4497 4500 4486
3 4500 4489 4486
3 4500 4502 4489
3 4494 4504 4501
3 4494 4505 4504
3 4505 4015 4504
3 4505 4010 4015
3 4501 4506 4503
3 4501 4504 4506
3 4504 4016 4506
3 4504 4015 4016
3 4494 4507 4505
3 4494 4496 4507
3 4496 4508 4507
3 4496 4499 4508
3 4505 4009 4010
3 4505 4507 4009
3 4507 4012 4009
3 4507 4508 4012
3 4509 4510 4511
3 4509 4512 4510
3 4512 3562 4510
3 4512 3557 3562
3 4511 4513 4514
3 4511 4510 4513
3 4510 3563 4513
3 4510 3562 3563
3 4509 4515 4512
3 4509 4516 4515
3 4516 4517 4515
3 4516 4518 4517
3 4512 3556 3557
3 4512 4515 3556
3 4515 3559 3556
3 4515 4517 3559
3 4509 4519 4516
3 4509 4520 4519
3 4520 4521 4519
3 4520 4522 4521
3 4516 4523 4518
3 4516 4519 4523
3 4519 4524 4523
3 4519 4521 4524
3 4509 4525 4520
3 4509 4511 4525
3 4511 4526 4525
3 4511 4514 4526
3 4520 4527 4522
3 4520 4525 4527
3 4525 4528 4527
3 4525 4526 4528
3 4529 4530 4531
3 4529 4532 4530
3 4532 4527 4530
3 4532 4522 4527
3 4531 4533 4534
3 4531 4530 4533
3 4530 4528 4533
3 4530 4527 4528
3 4529 4535 4532
3 4529 4536 4535
3 4536 4537 4535
3 4536 4538 4537
3 4532 4521 4522
3 4532 4535 4521
3 4535 4524 4521
3 4535 4537 4524
3 4529 4539 4536
3 4529 4540 4539
3 4540 3965 4539
3 4540 3957 3965
3 4536 4541 4538
3 4536 4539 4541
3 4539 3966 4541
3 4539 3965 3966
3 4529 4542 4540
3 4529 4531 4542
3 4531 4543 4542
3 4531 4534 4543
3 4540 3956 3957
3 4540 4542 3956
3 4542 3960 3956
3 4542 4543 3960
3 4544 4545 4546
3 4544 4547 4545
3 4547 4001 4545
3 4547 4002 4001
3 4546 4548 4549
3 4546 4545 4548
3 4545 3996 4548
3 4545 4001 3996
3 4544 4550 4547
3 4544 4551 4550
3 4551 4506 4550
3 4551 4503 4506
3 4547 4014 4002
3 4547 4550 4014
3 4550 4016 4014
3 4550 4506 4016
3 4544 4552 4551
3 4544 4553 4552
3 4553 4554 4552
3 4553 4555 4554
3 4551 4502 4503
3 4551 4552 4502
3 4552 4489 4502
3 4552 4554 4489
3 4544 4556 4553
3 4544 4546 4556
3 4546 4557 4556
3 4546 4549 4557
3 4553 4558 4555
3 4553 4556 4558
3 4556 4559 4558
3 4556 4557 4559
3 4560 4561 4562
3 4560 4563 4561
3 4563 4558 4561
3 4563 4555 4558
3 4562 4564 4565
3 4562 4561 4564
3 4561 4559 4564
3 4561 4558 4559
3 4560 4566 4563
3 4560 4567 4566
3 4567 4488 4566
3 4567 4483 4488
3 4563 4554 4555
3 4563 4566 4554
3 4566 4489 4554
3 4566 4488 4489
3 4560 4568 4567
3 4560 4569 4568
3 4569 4164 4568
3 4569 4165 4164
3 4567 4482 4483
3 4567 4568 4482
3 4568 3519 4482
3 4568 4164 3519
3 4560 4570 4569
3 4560 4562 4570
3 4562 4571 4570
3 4562 4565 4571
3 4569 4173 4165
3 4569 4570 4173
3 4570 4175 4173
3 4570 4571 4175
3 4572 4573 4574
3 4572 4575 4573
3 4575 3981 4573
3 4575 3982 3981
3 4574 4576 4577
3 4574 4573 4576
3 4573 3976 4576
3 4573 3981 3976
3 4572 4578 4575
3 4572 4579 4578
3 4579 4548 4578
3 4579 4549 4548
3 4575 3994 3982
3 4575 4578 3994
3 4578 3996 3994
3 4578 4548 3996
3 4572 4580 4579
3 4572 4581 4580
3 4581 4582 4580
3 4581 4583 4582
3 4579 4557 4549
3 4579 4580 4557
3 4580 4559 4557
3 4580 4582 4559
3 4572 4584 4581
3 4572 4574 4584
3 4574 4585 4584
3 4574 4577 4585
3 4581 4586 4583
3 4581 4584 4586
3 4584 4587 4586
3 4584 4585 4587
3 4588 4589 4590
3 4588 4591 4589
3 4591 4586 4589
3 4591 4583 4586
3 4590 4592 4593
3 4590 4589 4592
3 4589 4587 4592
3 4589 4586 4587
3 4588 4594 4591
3 4588 4595 4594
3 4595 4564 4594
3 4595 4565 4564
3 4591 4582 4583
3 4591 4594 4582
3 4594 4559 4582
3 4594 4564 4559
3 4588 4596 4595
3 4588 4597 4596
3 4597 4180 4596
3 4597 4181 4180
3 4595 4571 4565
3 4595 4596 4571
3 4596 4175 4571
3 4596 4180 4175
3 4588 4598 4597
3 4588 4590 4598
3 4590 4599 4598
3 4590 4593 4599
3 4597 4189 4181
3 4597 4598 4189
3 4598 4191 4189
3 4598 4599 4191
3 4600 4601 4602
3 4600 4603 4601
3 4603 3958 4601
3 4603 3959 3958
3 4602 4543 4534
3 4602 4601 4543
3 4601 3960 4543
3 4601 3958 3960
3 4600 4604 4603
3 4600 4605 4604
3 4605 4576 4604
3 4605 4577 4576
3 4603 3974 3959
3 4603 4604 3974
3 4604 3976 3974
3 4604 4576 3976
3 4600 4606 4605
3 4600 4607 4606
3 4607 4608 4606
3 4607 4609 4608
3 4605 4585 4577
3 4605 4606 4585
3 4606 4587 4585
3 4606 4608 4587
3 4600 4610 4607
3 4600 4602 4610
3 4602 4533 4610
3 4602 4534 4533
3 4607 4611 4609
3 4607 4610 4611
3 4610 4528 4611
3 4610 4533 4528
3 4612 4613 4614
3 4612 4615 4613
3 4615 4611 4613
3 4615 4609 4611
3 4614 4526 4514
3 4614 4613 4526
3 4613 4528 4526
3 4613 4611 4528
3 4612 4616 4615
3 4612 4617 4616
3 4617 4592 4616
3 4617 4593 4592
3 4615 4608 4609
3 4615 4616 4608
3 4616 4587 4608
3 4616 4592 4587
3 4612 4618 4617
3 4612 4619 4618
3 4619 4196 4618
3 4619 4197 4196
3 4617 4599 4593
3 4617 4618 4599
3 4618 4191 4599
3 4618 4196 4191
3 4612 4620 4619
3 4612 4614 4620
3 4614 4513 4620
3 4614 4514 4513
3 4619 4203 4197
3 4619 4620 4203
3 4620 3563 4203
3 4620 4513 3563
3 4621 4622 4623
3 4621 4624 4622
3 4624 3971 4622
3 4624 3964 3971
3 4623 4625 4626
3 4623 4622 4625
3 4622 3972 4625
3 4622 3971 3972
3 4621 4627 4624
3 4621 4628 4627
3 4628 4541 4627
3 4628 4538 4541
3 4624 3963 3964
3 4624 4627 3963
3 4627 3966 3963
3 4627 4541 3966
3 4621 4629 4628
3 4621 4630 4629
3 4630 4631 4629
3 4630 4632 4631
3 4628 4537 4538
3 4628 4629 4537
3 4629 4524 4537
3 4629 4631 4524
3 4621 4633 4630
3 4621 4623 4633
3 4623 4634 4633
3 4623 4626 4634
3 4630 4635 4632
3 4630 4633 4635
3 4633 4636 4635
3 4633 4634 4636
3 4637 4638 4639
3 4637 4640 4638
3 4640 4635 4638
3 4640 4632 4635
3 4639 4641 4642
3 4639 4638 4641
3 4638 4636 4641
3 4638 4635 4636
3 4637 4643 4640
3 4637 4644 4643
3 4644 4523 4643
3 4644 4518 4523
3 4640 4631 4632
3 4640 4643 4631
3 4643 4524 4631
3 4643 4523 4524
3 4637 4645 4644
3 4637 4646 4645
3 4646 4252 4645
3 4646 4253 4252
3 4644 4517 4518
3 4644 4645 4517
3 4645 3559 4517
3 4645 4252 3559
3 4637 4647 4646
3 4637 4639 4647
3 4639 4648 4647
3 4639 4642 4648
3 4646 4261 4253
3 4646 4647 4261
3 4647 4263 4261
3 4647 4648 4263
3 4649 4650 4651
3 4649 4652 4650
3 4652 3991 4650
3 4652 3986 3991
3 4651 4653 4654
3 4651 4650 4653
3 4650 3992 4653
3 4650 3991 3992
3 4649 4655 4652
3 4649 4656 4655
3 4656 4625 4655
3 4656 4626 4625
3 4652 3985 3986
3 4652 4655 3985
3 4655 3972 3985
3 4655 4625 3972
3 4649 4657 4656
3 4649 4658 4657
3 4658 4659 4657
3 4658 4660 4659
3 4656 4634 4626
3 4656 4657 4634
3 4657 4636 4634
3 4657 4659 4636
3 4649 4661 4658
3 4649 4651 4661
3 4651 4662 4661
3 4651 4654 4662
3 4658 4663 4660
3 4658 4661 4663
3 4661 4664 4663
3 4661 4662 4664
3 4665 4666 4667
3 4665 4668 4666
3 4668 4663 4666
3 4668 4660 4663
3 4667 4669 4670
3 4667 4666 4669
3 4666 4664 4669
3 4666 4663 4664
3 4665 4671 4668
3 4665 4672 4671
3 4672 4641 4671
3 4672 4642 4641
3 4668 4659 4660
3 4668 4671 4659
3 4671 4636 4659
3 4671 4641 4636
3 4665 4673 4672
3 4665 4674 4673
3 4674 4268 4673
3 4674 4269 4268
3 4672 4648 4642
3 4672 4673 4648
3 4673 4263 4648
3 4673 4268 4263
3 4665 4675 4674
3 4665 4667 4675
3 4667 4676 4675
3 4667 4670 4676
3 4674 4277 4269
3 4674 4675 4277
3 4675 4279 4277
3 4675 4676 4279
3 4677 4678 4679
3 4677 4680 4678
3 4680 4011 4678
3 4680 4006 4011
3 4679 4508 4499
3 4679 4678 4508
3 4678 4012 4508
3 4678 4011 4012
3 4677 4681 4680
3 4677 4682 4681
3 4682 4653 4681
3 4682 4654 4653
3 4680 4005 4006
3 4680 4681 4005
3 4681 3992 4005
3 4681 4653 3992
3 4677 4683 4682
3 4677 4684 4683
3 4684 4685 4683
3 4684 4686 4685
3 4682 4662 4654
3 4682 4683 4662
3 4683 4664 4662
3 4683 4685 4664
3 4677 4687 4684
3 4677 4679 4687
3 4679 4498 4687
3 4679 4499 4498
3 4684 4688 4686
3 4684 4687 4688
3 4687 4493 4688
3 4687 4498 4493
3 4689 4690 4691
3 4689 4692 4690
3 4692 4688 4690
3 4692 4686 4688
3 4691 4491 4479
3 4691 4690 4491
3 4690 4493 4491
3 4690 4688 4493
3 4689 4693 4692
3 4689 4694 4693
3 4694 4669 4693
3 4694 4670 4669
3 4692 4685 4686
3 4692 4693 4685
3 4693 4664 4685
3 4693 4669 4664
3 4689 4695 4694
3 4689 4696 4695
3 4696 4284 4695
3 4696 4285 4284
3 4694 4676 4670
3 4694 4695 4676
3 4695 4279 4676
3 4695 4284 4279
3 4689 4697 4696
3 4689 4691 4697
3 4691 4478 4697
3 4691 4479 4478
3 4696 4291 4285
3 4696 4697 4291
3 4697 3523 4291
3 4697 4478 3523
3 4698 4699 4700
3 4698 4701 4699
3 4701 3627 4699
3 4701 3622 3627
3 4700 4702 4703
3 4700 4699 4702
3 4699 3628 4702
3 4699 3627 3628
3 4698 4704 4701
3 4698 4705 4704
3 4705 4706 4704
3 4705 4707 4706
3 4701 3621 3622
3 4701 4704 3621
3 4704 3624 3621
3 4704 4706 3624
3 4698 4708 4705
3 4698 4709 4708
3 4709 4710 4708
3 4709 4711 4710
3 4705 4712 4707
3 4705 4708 4712
3 4708 4713 4712
3 4708 4710 4713
3 4698 4714 4709
3 4698 4700 4714
3 4700 4715 4714
3 4700 4703 4715
3 4709 4716 4711
3 4709 4714 4716
3 4714 4717 4716
3 4714 4715 4717
3 4718 4719 4720
3 4718 4721 4719
3 4721 4716 4719
3 4721 4711 4716
3 4720 4722 4723
3 4720 4719 4722
3 4719 4717 4722
3 4719 4716 4717
3 4718 4724 4721
3 4718 4725 4724
3 4725 4726 4724
3 4725 4727 4726
3 4721 4710 4711
3 4721 4724 4710
3 4724 4713 4710
3 4724 4726 4713
3 4718 4728 4725
3 4718 4729 4728
3 4729 3472 4728
3 4729 3464 3472
3 4725 4730 4727
3 4725 4728 4730
3 4728 3473 4730
3 4728 3472 3473
3 4718 4731 4729
3 4718 4720 4731
3 4720 4732 4731
3 4720 4723 4732
3 4729 3463 3464
3 4729 4731 3463
3 4731 3467 3463
3 4731 4732 3467
3 4733 4734 4735
3 4733 4736 4734
3 4736 3577 4734
3 4736 3569 3577
3 4735 4737 4738
3 4735 4734 4737
3 4734 3578 4737
3 4734 3577 3578
3 4733 4739 4736
3 4733 4740 4739
3 4740 4741 4739
3 4740 4742 4741
3 4736 3568 3569
3 4736 4739 3568
3 4739 3572 3568
3 4739 4741 3572
3 4733 4743 4740
3 4733 4744 4743
3 4744 4745 4743
3 4744 4746 4745
3 4740 4747 4742
3 4740 4743 4747
3 4743 4748 4747
3 4743 4745 4748
3 4733 4749 4744
3 4733 4735 4749
3 4735 4750 4749
3 4735 4738 4750
3 4744 4751 4746
3 4744 4749 4751
3 4749 4752 4751
3 4749 4750 4752
3 4753 4754 4755
3 4753 4756 4754
3 4756 4751 4754
3 4756 4746 4751
3 4755 4757 4758
3 4755 4754 4757
3 4754 4752 4757
3 4754 4751 4752
3 4753 4759 4756
3 4753 4760 4759
3 4760 4761 4759
3 4760 4762 4761
3 4756 4745 4746
3 4756 4759 4745
3 4759 4748 4745
3 4759 4761 4748
3 4753 4763 4760
3 4753 4764 4763
3 4764 3447 4763
3 4764 3439 3447
3 4760 4765 4762
3 4760 4763 4765
3 4763 3448 4765
3 4763 3447 3448
3 4753 4766 4764
3 4753 4755 4766
3 4755 4767 4766
3 4755 4758 4767
3 4764 3438 3439
3 4764 4766 3438
3 4766 3442 3438
3 4766 4767 3442
3 4768 4769 4770
3 4768 4771 4769
3 4771 3679 4769
3 4771 3676 3679
3 4770 4772 4773
3 4770 4769 4772
3 4769 3680 4772
3 4769 3679 3680
3 4768 4774 4771
3 4768 4775 4774
3 4775 4702 4774
3 4775 4703 4702
3 4771 3675 3676
3 4771 4774 3675
3 4774 3628 3675
3 4774 4702 3628
3 4768 4776 4775
3 4768 4777 4776
3 4777 4778 4776
3 4777 4779 4778
3 4775 4715 4703
3 4775 4776 4715
3 4776 4717 4715
3 4776 4778 4717
3 4768 4780 4777
3 4768 4770 4780
3 4770 4781 4780
3 4770 4773 4781
3 4777 4782 4779
3 4777 4780 4782
3 4780 4783 4782
3 4780 4781 4783
3 4784 4785 4786
3 4784 4787 4785
3 4787 4782 4785
3 4787 4779 4782
3 4786 4788 4789
3 4786 4785 4788
3 4785 4783 4788
3 4785 4782 4783
3 4784 4790 4787
3 4784 4791 4790
3 4791 4722 4790
3 4791 4723 4722
3 4787 4778 4779
3 4787 4790 4778
3 4790 4717 4778
3 4790 4722 4717
3 4784 4792 4791
3 4784 4793 4792
3 4793 3694 4792
3 4793 3686 3694
3 4791 4732 4723
3 4791 4792 4732
3 4792 3467 4732
3 4792 3694 3467
3 4784 4794 4793
3 4784 4786 4794
3 4786 4795 4794
3 4786 4789 4795
3 4793 3685 3686
3 4793 4794 3685
3 4794 3689 3685
3 4794 4795 3689
3 4796 4797 4798
3 4796 4799 4797
3 4799 3640 4797
3 4799 3634 3640
3 4798 4741 4742
3 4798 4797 4741
3 4797 3572 4741
3 4797 3640 3572
3 4796 4800 4799
3 4796 4801 4800
3 4801 4802 4800
3 4801 4803 4802
3 4799 3633 3634
3 4799 4800 3633
3 4800 3637 3633
3 4800 4802 3637
3 4796 4804 4801
3 4796 4805 4804
3 4805 4806 4804
3 4805 4807 4806
3 4801 4808 4803
3 4801 4804 4808
3 4804 4809 4808
3 4804 4806 4809
3 4796 4810 4805
3 4796 4798 4810
3 4798 4747 4810
3 4798 4742 4747
3 4805 4811 4807
3 4805 4810 4811
3 4810 4748 4811
3 4810 4747 4748
3 4812 4813 4814
3 4812 4815 4813
3 4815 4811 4813
3 4815 4807 4811
3 4814 4761 4762
3 4814 4813 4761
3 4813 4748 4761
3 4813 4811 4748
3 4812 4816 4815
3 4812 4817 4816
3 4817 4818 4816
3 4817 4819 4818
3 4815 4806 4807
3 4815 4816 4806
3 4816 4809 4806
3 4816 4818 4809
3 4812 4820 4817
3 4812 4821 4820
3 4821 3742 4820
3 4821 3738 3742
3 4817 4822 4819
3 4817 4820 4822
3 4820 3743 4822
3 4820 3742 3743
3 4812 4823 4821
3 4812 4814 4823
3 4814 4765 4823
3 4814 4762 4765
3 4821 3737 3738
3 4821 4823 3737
3 4823 3448 3737
3 4823 4765 3448
3 4824 4825 4826
3 4824 4827 4825
3 4827 3794 4825
3 4827 3791 3794
3 4826 4828 4829
3 4826 4825 4828
3 4825 3795 4828
3 4825 3794 3795
3 4824 4830 4827
3 4824 4831 4830
3 4831 4772 4830
3 4831 4773 4772
3 4827 3790 3791
3 4827 4830 3790
3 4830 3680 3790
3 4830 4772 3680
3 4824 4832 4831
3 4824 4833 4832
3 4833 4834 4832
3 4833 4835 4834
3 4831 4781 4773
3 4831 4832 4781
3 4832 4783 4781
3 4832 4834 4783
3 4824 4836 4833
3 4824 4826 4836
3 4826 4837 4836
3 4826 4829 4837
3 4833 4838 4835
3 4833 4836 4838
3 4836 4839 4838
3 4836 4837 4839
3 4840 4841 4842
3 4840 4843 4841
3 4843 4838 4841
3 4843 4835 4838
3 4842 4844 4845
3 4842 4841 4844
3 4841 4839 4844
3 4841 4838 4839
3 4840 4846 4843
3 4840 4847 4846
3 4847 4788 4846
3 4847 4789 4788
3 4843 4834 4835
3 4843 4846 4834
3 4846 4783 4834
3 4846 4788 4783
3 4840 4848 4847
3 4840 4849 4848
3 4849 3859 4848
3 4849 3853 3859
3 4847 4795 4789
3 4847 4848 4795
3 4848 3689 4795
3 4848 3859 3689
3 4840 4850 4849
3 4840 4842 4850
3 4842 4851 4850
3 4842 4845 4851
3 4849 3852 3853
3 4849 4850 3852
3 4850 3856 3852
3 4850 4851 3856
3 4852 4853 4854
3 4852 4855 4853
3 4855 3846 4853
3 4855 3843 3846
3 4854 4856 4857
3 4854 4853 4856
3 4853 3847 4856
3 4853 3846 3847
3 4852 4858 4855
3 4852 4859 4858
3 4859 4828 4858
3 4859 4829 4828
3 4855 3842 3843
3 4855 4858 3842
3 4858 3795 3842
3 4858 4828 3795
3 4852 4860 4859
3 4852 4861 4860
3 4861 4862 4860
3 4861 4863 4862
3 4859 4837 4829
3 4859 4860 4837
3 4860 4839 4837
3 4860 4862 4839
3 4852 4864 4861
3 4852 4854 4864
3 4854 4865 4864
3 4854 4857 4865
3 4861 4866 4863
3 4861 4864 4866
3 4864 4867 4866
3 4864 4865 4867
3 4868 4869 4870
3 4868 4871 4869
3 4871 4866 4869
3 4871 4863 4866
3 4870 4872 4873
3 4870 4869 4872
3 4869 4867 4872
3 4869 4866 4867
3 4868 4874 4871
3 4868 4875 4874
3 4875 4844 4874
3 4875 4845 4844
3 4871 4862 4863
3 4871 4874 4862
3 4874 4839 4862
3 4874 4844 4839
3 4868 4876 4875
3 4868 4877 4876
3 4877 3911 4876
3 4877 3905 3911
3 4875 4851 4845
3 4875 4876 4851
3 4876 3856 4851
3 4876 3911 3856
3 4868 4878 4877
3 4868 4870 4878
3 4870 4879 4878
3 4870 4873 4879
3 4877 3904 3905
3 4877 4878 3904
3 4878 3908 3904
3 4878 4879 3908
3 4880 4881 4882
3 4880 4883 4881
3 4883 4884 4881
3 4883 4885 4884
3 4882 4886 4887
3 4882 4881 4886
3 4881 4888 4886
3 4881 4884 4888
3 4880 4889 4883
3 4880 4890 4889
3 4890 4891 4889
3 4890 4892 4891
3 4883 4893 4885
3 4883 4889 4893
3 4889 4894 4893
3 4889 4891 4894
3 4880 4895 4890
3 4880 4896 4895
3 4896 3807 4895
3 4896 3801 3807
3 4890 4897 4892
3 4890 4895 4897
3 4895 3752 4897
3 4895 3807 3752
3 4880 4898 4896
3 4880 4882 4898
3 4882 4899 4898
3 4882 4887 4899
3 4896 3800 3801
3 4896 4898 3800
3 4898 3804 3800
3 4898 4899 3804
3 4900 4901 4902
3 4900 4903 4901
3 4903 4893 4901
3 4903 4885 4893
3 4902 4904 4905
3 4902 4901 4904
3 4901 4894 4904
3 4901 4893 4894
3 4900 4906 4903
3 4900 4907 4906
3 4907 4908 4906
3 4907 4909 4908
3 4903 4884 4885
3 4903 4906 4884
3 4906 4888 4884
3 4906 4908 4888
3 4900 4910 4907
3 4900 4911 4910
3 4911 3950 4910
3 4911 3947 3950
3 4907 4912 4909
3 4907 4910 4912
3 4910 3951 4912
3 4910 3950 3951
3 4900 4913 4911
3 4900 4902 4913
3 4902 4914 4913
3 4902 4905 4914
3 4911 3946 3947
3 4911 4913 3946
3 4913 3899 3946
3 4913 4914 3899
3 4915 4916 4917
3 4915 4918 4916
3 4918 3755 4916
3 4918 3749 3755
3 4917 4802 4803
3 4917 4916 4802
3 4916 3637 4802
3 4916 3755 3637
3 4915 4919 4918
3 4915 4920 4919
3 4920 4897 4919
3 4920 4892 4897
3 4918 3748 3749
3 4918 4919 3748
3 4919 3752 3748
3 4919 4897 3752
3 4915 4921 4920
3 4915 4922 4921
3 4922 4923 4921
3 4922 4924 4923
3 4920 4891 4892
3 4920 4921 4891
3 4921 4894 4891
3 4921 4923 4894
3 4915 4925 4922
3 4915 4917 4925
3 4917 4808 4925
3 4917 4803 4808
3 4922 4926 4924
3 4922 4925 4926
3 4925 4809 4926
3 4925 4808 4809
3 4927 4928 4929
3 4927 4930 4928
3 4930 4926 4928
3 4930 4924 4926
3 4929 4818 4819
3 4929 4928 4818
3 4928 4809 4818
3 4928 4926 4809
3 4927 4931 4930
3 4927 4932 4931
3 4932 4904 4931
3 4932 4905 4904
3 4930 4923 4924
3 4930 4931 4923
3 4931 4894 4923
3 4931 4904 4894
3 4927 4933 4932
3 4927 4934 4933
3 4934 3898 4933
3 4934 3895 3898
3 4932 4914 4905
3 4932 4933 4914
3 4933 3899 4914
3 4933 3898 3899
3 4927 4935 4934
3 4927 4929 4935
3 4929 4822 4935
3 4929 4819 4822
3 4934 3894 3895
3 4934 4935 3894
3 4935 3743 3894
3 4935 4822 3743
3 4936 4937 4938
3 4936 4939 4937
3 4939 3836 4937
3 4939 3837 3836
3 4938 4940 4941
3 4938 4937 4940
3 4937 3831 4940
3 4937 3836 3831
3 4936 4942 4939
3 4936 4943 4942
3 4943 4856 4942
3 4943 4857 4856
3 4939 3845 3837
3 4939 4942 3845
3 4942 3847 3845
3 4942 4856 3847
3 4936 4944 4943
3 4936 4945 4944
3 4945 4946 4944
3 4945 4947 4946
3 4943 4865 4857
3 4943 4944 4865
3 4944 4867 4865
3 4944 4946 4867
3 4936 4948 4945
3 4936 4938 4948
3 4938 4949 4948
3 4938 4941 4949
3 4945 4950 4947
3 4945 4948 4950
3 4948 4951 4950
3 4948 4949 4951
3 4952 4953 4954
3 4952 4955 4953
3 4955 4950 4953
3 4955 4947 4950
3 4954 4956 4957
3 4954 4953 4956
3 4953 4951 4956
3 4953 4950 4951
3 4952 4958 4955
3 4952 4959 4958
3 4959 4872 4958
3 4959 4873 4872
3 4955 4946 4947
3 4955 4958 4946
3 4958 4867 4946
3 4958 4872 4867
3 4952 4960 4959
3 4952 4961 4960
3 4961 3906 4960
3 4961 3907 3906
3 4959 4879 4873
3 4959 4960 4879
3 4960 3908 4879
3 4960 3906 3908
3 4952 4962 4961
3 4952 4954 4962
3 4954 4963 4962
3 4954 4957 4963
3 4961 3917 3907
3 4961 4962 3917
3 4962 3919 3917
3 4962 4963 3919
3 4964 4965 4966
3 4964 4967 4965
3 4967 3820 4965
3 4967 3821 3820
3 4966 4968 4969
3 4966 4965 4968
3 4965 3815 4968
3 4965 3820 3815
3 4964 4970 4967
3 4964 4971 4970
3 4971 4940 4970
3 4971 4941 4940
3 4967 3829 3821
3 4967 4970 3829
3 4970 3831 3829
3 4970 4940 3831
3 4964 4972 4971
3 4964 4973 4972
3 4973 4974 4972
3 4973 4975 4974
3 4971 4949 4941
3 4971 4972 4949
3 4972 4951 4949
3 4972 4974 4951
3 4964 4976 4973
3 4964 4966 4976
3 4966 4977 4976
3 4966 4969 4977
3 4973 4978 4975
3 4973 4976 4978
3 4976 4979 4978
3 4976 4977 4979
3 4980 4981 4982
3 4980 4983 4981
3 4983 4978 4981
3 4983 4975 4978
3 4982 4984 4985
3 4982 4981 4984
3 4981 4979 4984
3 4981 4978 4979
3 4980 4986 4983
3 4980 4987 4986
3 4987 4956 4986
3 4987 4957 4956
3 4983 4974 4975
3 4983 4986 4974
3 4986 4951 4974
3 4986 4956 4951
3 4980 4988 4987
3 4980 4989 4988
3 4989 3924 4988
3 4989 3925 3924
3 4987 4963 4957
3 4987 4988 4963
3 4988 3919 4963
3 4988 3924 3919
3 4980 4990 4989
3 4980 4982 4990
3 4982 4991 4990
3 4982 4985 4991
3 4989 3933 3925
3 4989 4990 3933
3 4990 3935 3933
3 4990 4991 3935
3 4992 4993 4994
3 4992 4995 4993
3 4995 3802 4993
3 4995 3803 3802
3 4994 4899 4887
3 4994 4993 4899
3 4993 3804 4899
3 4993 3802 3804
3 4992 4996 4995
3 4992 4997 4996
3 4997 4968 4996
3 4997 4969 4968
3 4995 3813 3803
3 4995 4996 3813
3 4996 3815 3813
3 4996 4968 3815
3 4992 4998 4997
3 4992 4999 4998
3 4999 5000 4998
3 4999 5001 5000
3 4997 4977 4969
3 4997 4998 4977
3 4998 4979 4977
3 4998 5000 4979
3 4992 5002 4999
3 4992 4994 5002
3 4994 4886 5002
3 4994 4887 4886
3 4999 5003 5001
3 4999 5002 5003
3 5002 4888 5003
3 5002 4886 4888
3 5004 5005 5006
3 5004 5007 5005
3 5007 5003 5005
3 5007 5001 5003
3 5006 4908 4909
3 5006 5005 4908
3 5005 4888 4908
3 5005 5003 4888
3 5004 5008 5007
3 5004 5009 5008
3 5009 4984 5008
3 5009 4985 4984
3 5007 5000 5001
3 5007 5008 5000
3 5008 4979 5000
3 5008 4984 4979
3 5004 5010 5009
3 5004 5011 5010
3 5011 3940 5010
3 5011 3941 3940
3 5009 4991 4985
3 5009 5010 4991
3 5010 3935 4991
3 5010 3940 3935
3 5004 5012 5011
3 5004 5006 5012
3 5006 4912 5012
3 5006 4909 4912
3 5011 3949 3941
3 5011 5012 3949
3 5012 3951 3949
3 5012 4912 3951
3 5013 5014 5015
3 5013 5016 5014
3 5016 4375 5014
3 5016 4376 4375
3 5015 5017 5018
3 5015 5014 5017
3 5014 4370 5017
3 5014 4375 4370
3 5013 5019 5016
3 5013 5020 5019
3 5020 1624 5019
3 5020 1620 1624
3 5016 4382 4376
3 5016 5019 4382
3 5019 957 4382
3 5019 1624 957
3 5013 5021 5020
3 5013 5022 5021
3 5022 5023 5021
3 5022 5024 5023
3 5020 1619 1620
3 5020 5021 1619
3 5021 1622 1619
3 5021 5023 1622
3 5013 5025 5022
3 5013 5015 5025
3 5015 5026 5025
3 5015 5018 5026
3 5022 5027 5024
3 5022 5025 5027
3 5025 5028 5027
3 5025 5026 5028
3 5029 5030 5031
3 5029 5032 5030
3 5032 5027 5030
3 5032 5024 5027
3 5031 5033 5034
3 5031 5030 5033
3 5030 5028 5033
3 5030 5027 5028
3 5029 5035 5032
3 5029 5036 5035
3 5036 1639 5035
3 5036 1637 1639
3 5032 5023 5024
3 5032 5035 5023
3 5035 1622 5023
3 5035 1639 1622
3 5029 5037 5036
3 5029 5038 5037
3 5038 4415 5037
3 5038 4412 4415
3 5036 1636 1637
3 5036 5037 1636
3 5037 999 1636
3 5037 4415 999
3 5029 5039 5038
3 5029 5031 5039
3 5031 5040 5039
3 5031 5034 5040
3 5038 4411 4412
3 5038 5039 4411
3 5039 4398 4411
3 5039 5040 4398
3 5041 5042 5043
3 5041 5044 5042
3 5044 4359 5042
3 5044 4360 4359
3 5043 4706 4707
3 5043 5042 4706
3 5042 3624 4706
3 5042 4359 3624
3 5041 5045 5044
3 5041 5046 5045
3 5046 5017 5045
3 5046 5018 5017
3 5044 4368 4360
3 5044 5045 4368
3 5045 4370 4368
3 5045 5017 4370
3 5041 5047 5046
3 5041 5048 5047
3 5048 5049 5047
3 5048 5050 5049
3 5046 5026 5018
3 5046 5047 5026
3 5047 5028 5026
3 5047 5049 5028
3 5041 5051 5048
3 5041 5043 5051
3 5043 4712 5051
3 5043 4707 4712
3 5048 5052 5050
3 5048 5051 5052
3 5051 4713 5052
3 5051 4712 4713
3 5053 5054 5055
3 5053 5056 5054
3 5056 5052 5054
3 5056 5050 5052
3 5055 4726 4727
3 5055 5054 4726
3 5054 4713 4726
3 5054 5052 4713
3 5053 5057 5056
3 5053 5058 5057
3 5058 5033 5057
3 5058 5034 5033
3 5056 5049 5050
3 5056 5057 5049
3 5057 5028 5049
3 5057 5033 5028
3 5053 5059 5058
3 5053 5060 5059
3 5060 4397 5059
3 5060 4392 4397
3 5058 5040 5034
3 5058 5059 5040
3 5059 4398 5040
3 5059 4397 4398
3 5053 5061 5060
3 5053 5055 5061
3 5055 4730 5061
3 5055 4727 4730
3 5060 4391 4392
3 5060 5061 4391
3 5061 3473 4391
3 5061 4730 3473
3 5062 5063 5064
3 5062 5065 5063
3 5065 4306 5063
3 5065 4301 4306
3 5064 5066 5067
3 5064 5063 5066
3 5063 4307 5066
3 5063 4306 4307
3 5062 5068 5065
3 5062 5069 5068
3 5069 4737 5068
3 5069 4738 4737
3 5065 4300 4301
3 5065 5068 4300
3 5068 3578 4300
3 5068 4737 3578
3 5062 5070 5069
3 5062 5071 5070
3 5071 5072 5070
3 5071 5073 5072
3 5069 4750 4738
3 5069 5070 4750
3 5070 4752 4750
3 5070 5072 4752
3 5062 5074 5071
3 5062 5064 5074
3 5064 5075 5074
3 5064 5067 5075
3 5071 5076 5073
3 5071 5074 5076
3 5074 5077 5076
3 5074 5075 5077
3 5078 5079 5080
3 5078 5081 5079
3 5081 5076 5079
3 5081 5073 5076
3 5080 5082 5083
3 5080 5079 5082
3 5079 5077 5082
3 5079 5076 5077
3 5078 5084 5081
3 5078 5085 5084
3 5085 4757 5084
3 5085 4758 4757
3 5081 5072 5073
3 5081 5084 5072
3 5084 4752 5072
3 5084 4757 4752
3 5078 5086 5085
3 5078 5087 5086
3 5087 4450 5086
3 5087 4451 4450
3 5085 4767 4758
3 5085 5086 4767
3 5086 3442 4767
3 5086 4450 3442
3 5078 5088 5087
3 5078 5080 5088
3 5080 5089 5088
3 5080 5083 5089
3 5087 4459 4451
3 5087 5088 4459
3 5088 4461 4459
3 5088 5089 4461
3 5090 5091 5092
3 5090 5093 5091
3 5093 4324 5091
3 5093 4321 4324
3 5092 1693 1694
3 5092 5091 1693
3 5091 895 1693
3 5091 4324 895
3 5090 5094 5093
3 5090 5095 5094
3 5095 5066 5094
3 5095 5067 5066
3 5093 4320 4321
3 5093 5094 4320
3 5094 4307 4320
3 5094 5066 4307
3 5090 5096 5095
3 5090 5097 5096
3 5097 5098 5096
3 5097 5099 5098
3 5095 5075 5067
3 5095 5096 5075
3 5096 5077 5075
3 5096 5098 5077
3 5090 5100 5097
3 5090 5092 5100
3 5092 1699 5100
3 5092 1694 1699
3 5097 5101 5099
3 5097 5100 5101
3 5100 1700 5101
3 5100 1699 1700
3 5102 5103 5104
3 5102 5105 5103
3 5105 5101 5103
3 5105 5099 5101
3 5104 1709 1710
3 5104 5103 1709
3 5103 1700 1709
3 5103 5101 1700
3 5102 5106 5105
3 5102 5107 5106
3 5107 5082 5106
3 5107 5083 5082
3 5105 5098 5099
3 5105 5106 5098
3 5106 5077 5098
3 5106 5082 5077
3 5102 5108 5107
3 5102 5109 5108
3 5109 4466 5108
3 5109 4467 4466
3 5107 5089 5083
3 5107 5108 5089
3 5108 4461 5089
3 5108 4466 4461
3 5102 5110 5109
3 5102 5104 5110
3 5104 1713 5110
3 5104 1710 1713
3 5109 4473 4467
3 5109 5110 4473
3 5110 1061 4473
3 5110 1713 1061
3 5111 5112 5113
3 5111 5114 5112
3 5114 5115 5112
3 5114 5116 5115
3 5113 5117 5118
3 5113 5112 5117
3 5112 5119 5117
3 5112 5115 5119
3 5111 5120 5114
3 5111 5121 5120
3 5121 5122 5120
3 5121 5123 5122
3 5114 5124 5116
3 5114 5120 5124
3 5120 5125 5124
3 5120 5122 5125
3 5111 5126 5121
3 5111 5127 5126
3 5127 5128 5126
3 5127 5129 5128
3 5121 5130 5123
3 5121 5126 5130
3 5126 5131 5130
3 5126 5128 5131
3 5111 5132 5127
3 5111 5113 5132
3 5113 5133 5132
3 5113 5118 5133
3 5127 5134 5129
3 5127 5132 5134
3 5132 5135 5134
3 5132 5133 5135
3 5136 5137 5138
3 5136 5139 5137
3 5139 5140 5137
3 5139 5141 5140
3 5138 5142 5143
3 5138 5137 5142
3 5137 5144 5142
3 5137 5140 5144
3 5136 5145 5139
3 5136 5146 5145
3 5146 5147 5145
3 5146 5148 5147
3 5139 5149 5141
3 5139 5145 5149
3 5145 5150 5149
3 5145 5147 5150
3 5136 5151 5146
3 5136 5152 5151
3 5152 5153 5151
3 5152 5154 5153
3 5146 5155 5148
3 5146 5151 5155
3 5151 5156 5155
3 5151 5153 5156
3 5136 5157 5152
3 5136 5138 5157
3 5138 5158 5157
3 5138 5143 5158
3 5152 5159 5154
3 5152 5157 5159
3 5157 5160 5159
3 5157 5158 5160
3 5161 5162 5163
3 5161 5164 5162
3 5164 5165 5162
3 5164 5166 5165
3 5163 5122 5123
3 5163 5162 5122
3 5162 5125 5122
3 5162 5165 5125
3 5161 5167 5164
3 5161 5168 5167
3 5168 5169 5167
3 5168 5170 5169
3 5164 5171 5166
3 5164 5167 5171
3 5167 5172 5171
3 5167 5169 5172
3 5161 5173 5168
3 5161 5174 5173
3 5174 5175 5173
3 5174 5176 5175
3 5168 5177 5170
3 5168 5173 5177
3 5173 5178 5177
3 5173 5175 5178
3 5161 5179 5174
3 5161 5163 5179
3 5163 5130 5179
3 5163 5123 5130
3 5174 5180 5176
3 5174 5179 5180
3 5179 5131 5180
3 5179 5130 5131
3 5181 5182 5183
3 5181 5184 5182
3 5184 5185 5182
3 5184 5186 5185
3 5183 5169 5170
3 5183 5182 5169
3 5182 5172 5169
3 5182 5185 5172
3 5181 5187 5184
3 5181 5188 5187
3 5188 5189 5187
3 5188 5190 5189
3 5184 5191 5186
3 5184 5187 5191
3 5187 5192 5191
3 5187 5189 5192
3 5181 5193 5188
3 5181 5194 5193
3 5194 5195 5193
3 5194 5196 5195
3 5188 5197 5190
3 5188 5193 5197
3 5193 5198 5197
3 5193 5195 5198
3 5181 5199 5194
3 5181 5183 5199
3 5183 5177 5199
3 5183 5170 5177
3 5194 5200 5196
3 5194 5199 5200
3 5199 5178 5200
3 5199 5177 5178
3 5201 5202 5203
3 5201 5204 5202
3 5204 5205 5202
3 5204 5206 5205
3 5203 5147 5148
3 5203 5202 5147
3 5202 5150 5147
3 5202 5205 5150
3 5201 5207 5204
3 5201 5208 5207
3 5208 5209 5207
3 5208 5210 5209
3 5204 5211 5206
3 5204 5207 5211
3 5207 5212 5211
3 5207 5209 5212
3 5201 5213 5208
3 5201 5214 5213
3 5214 5215 5213
3 5214 5216 5215
3 5208 5217 5210
3 5208 5213 5217
3 5213 5218 5217
3 5213 5215 5218
3 5201 5219 5214
3 5201 5203 5219
3 5203 5155 5219
3 5203 5148 5155
3 5214 5220 5216
3 5214 5219 5220
3 5219 5156 5220
3 5219 5155 5156
3 5221 5222 5223
3 5221 5224 5222
3 5224 5225 5222
3 5224 5226 5225
3 5223 5209 5210
3 5223 5222 5209
3 5222 5212 5209
3 5222 5225 5212
3 5221 5227 5224
3 5221 5228 5227
3 5228 5229 5227
3 5228 5230 5229
3 5224 5231 5226
3 5224 5227 5231
3 5227 5232 5231
3 5227 5229 5232
3 5221 5233 5228
3 5221 5234 5233
3 5234 5235 5233
3 5234 5236 5235
3 5228 5237 5230
3 5228 5233 5237
3 5233 5238 5237
3 5233 5235 5238
3 5221 5239 5234
3 5221 5223 5239
3 5223 5217 5239
3 5223 5210 5217
3 5234 5240 5236
3 5234 5239 5240
3 5239 5218 5240
3 5239 5217 5218
3 5241 5242 5243
3 5241 5244 5242
3 5244 5245 5242
3 5244 5246 5245
3 5243 5247 5248
3 5243 5242 5247
3 5242 5249 5247
3 5242 5245 5249
3 5241 5250 5244
3 5241 5251 5250
3 5251 5252 5250
3 5251 5253 5252
3 5244 5254 5246
3 5244 5250 5254
3 5250 5255 5254
3 5250 5252 5255
3 5241 5256 5251
3 5241 5257 5256
3 5257 5258 5256
3 5257 5259 5258
3 5251 5260 5253
3 5251 5256 5260
3 5256 5261 5260
3 5256 5258 5261
3 5241 5262 5257
3 5241 5243 5262
3 5243 5263 5262
3 5243 5248 5263
3 5257 5264 5259
3 5257 5262 5264
3 5262 5265 5264
3 5262 5263 5265
3 5266 5267 5268
3 5266 5269 5267
3 5269 5270 5267
3 5269 5271 5270
3 5268 5252 5253
3 5268 5267 5252
3 5267 5255 5252
3 5267 5270 5255
3 5266 5272 5269
3 5266 5273 5272
3 5273 5274 5272
3 5273 5275 5274
3 5269 5276 5271
3 5269 5272 5276
3 5272 5277 5276
3 5272 5274 5277
3 5266 5278 5273
3 5266 5279 5278
3 5279 5280 5278
3 5279 5281 5280
3 5273 5282 5275
3 5273 5278 5282
3 5278 5283 5282
3 5278 5280 5283
3 5266 5284 5279
3 5266 5268 5284
3 5268 5260 5284
3 5268 5253 5260
3 5279 5285 5281
3 5279 5284 5285
3 5284 5261 5285
3 5284 5260 5261
3 5286 5287 5288
3 5286 5289 5287
3 5289 5290 5287
3 5289 5291 5290
3 5288 5274 5275
3 5288 5287 5274
3 5287 5277 5274
3 5287 5290 5277
3 5286 5292 5289
3 5286 5293 5292
3 5293 5294 5292
3 5293 5295 5294
3 5289 5296 5291
3 5289 5292 5296
3 5292 5297 5296
3 5292 5294 5297
3 5286 5298 5293
3 5286 5299 5298
3 5299 5300 5298
3 5299 5301 5300
3 5293 5302 5295
3 5293 5298 5302
3 5298 5303 5302
3 5298 5300 5303
3 5286 5304 5299
3 5286 5288 5304
3 5288 5282 5304
3 5288 5275 5282
3 5299 5305 5301
3 5299 5304 5305
3 5304 5283 5305
3 5304 5282 5283
3 5306 5307 5308
3 5306 5309 5307
3 5309 5310 5307
3 5309 5311 5310
3 5308 5312 5313
3 5308 5307 5312
3 5307 5314 5312
3 5307 5310 5314
3 5306 5315 5309
3 5306 5316 5315
3 5316 5317 5315
3 5316 5318 5317
3 5309 5319 5311
3 5309 5315 5319
3 5315 5320 5319
3 5315 5317 5320
3 5306 5321 5316
3 5306 5322 5321
3 5322 5254 5321
3 5322 5246 5254
3 5316 5323 5318
3 5316 5321 5323
3 5321 5255 5323
3 5321 5254 5255
3 5306 5324 5322
3 5306 5308 5324
3 5308 5325 5324
3 5308 5313 5325
3 5322 5245 5246
3 5322 5324 5245
3 5324 5249 5245
3 5324 5325 5249
3 5326 5327 5328
3 5326 5329 5327
3 5329 5330 5327
3 5329 5331 5330
3 5328 5317 5318
3 5328 5327 5317
3 5327 5320 5317
3 5327 5330 5320
3 5326 5332 5329
3 5326 5333 5332
3 5333 5334 5332
3 5333 5335 5334
3 5329 5336 5331
3 5329 5332 5336
3 5332 5337 5336
3 5332 5334 5337
3 5326 5338 5333
3 5326 5339 5338
3 5339 5276 5338
3 5339 5271 5276
3 5333 5340 5335
3 5333 5338 5340
3 5338 5277 5340
3 5338 5276 5277
3 5326 5341 5339
3 5326 5328 5341
3 5328 5323 5341
3 5328 5318 5323
3 5339 5270 5271
3 5339 5341 5270
3 5341 5255 5270
3 5341 5323 5255
3 5342 5343 5344
3 5342 5345 5343
3 5345 5346 5343
3 5345 5347 5346
3 5344 5334 5335
3 5344 5343 5334
3 5343 5337 5334
3 5343 5346 5337
3 5342 5348 5345
3 5342 5349 5348
3 5349 5350 5348
3 5349 5351 5350
3 5345 5352 5347
3 5345 5348 5352
3 5348 5353 5352
3 5348 5350 5353
3 5342 5354 5349
3 5342 5355 5354
3 5355 5296 5354
3 5355 5291 5296
3 5349 5356 5351
3 5349 5354 5356
3 5354 5297 5356
3 5354 5296 5297
3 5342 5357 5355
3 5342 5344 5357
3 5344 5340 5357
3 5344 5335 5340
3 5355 5290 5291
3 5355 5357 5290
3 5357 5277 5290
3 5357 5340 5277
3 5358 5359 5360
3 5358 5361 5359
3 5361 5362 5359
3 5361 5363 5362
3 5360 5364 5365
3 5360 5359 5364
3 5359 5366 5364
3 5359 5362 5366
3 5358 5367 5361
3 5358 5368 5367
3 5368 5369 5367
3 5368 5370 5369
3 5361 5371 5363
3 5361 5367 5371
3 5367 5372 5371
3 5367 5369 5372
3 5358 5373 5368
3 5358 5374 5373
3 5374 5375 5373
3 5374 5376 5375
3 5368 5377 5370
3 5368 5373 5377
3 5373 5378 5377
3 5373 5375 5378
3 5358 5379 5374
3 5358 5360 5379
3 5360 5380 5379
3 5360 5365 5380
3 5374 5381 5376
3 5374 5379 5381
3 5379 5144 5381
3 5379 5380 5144
3 5382 5383 5384
3 5382 5385 5383
3 5385 5386 5383
3 5385 5387 5386
3 5384 5369 5370
3 5384 5383 5369
3 5383 5372 5369
3 5383 5386 5372
3 5382 5388 5385
3 5382 5389 5388
3 5389 5390 5388
3 5389 5391 5390
3 5385 5392 5387
3 5385 5388 5392
3 5388 5393 5392
3 5388 5390 5393
3 5382 5394 5389
3 5382 5395 5394
3 5395 5396 5394
3 5395 5397 5396
3 5389 5398 5391
3 5389 5394 5398
3 5394 5399 5398
3 5394 5396 5399
3 5382 5400 5395
3 5382 5384 5400
3 5384 5377 5400
3 5384 5370 5377
3 5395 5401 5397
3 5395 5400 5401
3 5400 5378 5401
3 5400 5377 5378
3 5402 5403 5404
3 5402 5405 5403
3 5405 5406 5403
3 5405 5407 5406
3 5404 5390 5391
3 5404 5403 5390
3 5403 5393 5390
3 5403 5406 5393
3 5402 5408 5405
3 5402 5409 5408
3 5409 5410 5408
3 5409 5411 5410
3 5405 5412 5407
3 5405 5408 5412
3 5408 5413 5412
3 5408 5410 5413
3 5402 5414 5409
3 5402 5415 5414
3 5415 5416 5414
3 5415 5417 5416
3 5409 5418 5411
3 5409 5414 5418
3 5414 5135 5418
3 5414 5416 5135
3 5402 5419 5415
3 5402 5404 5419
3 5404 5398 5419
3 5404 5391 5398
3 5415 5420 5417
3 5415 5419 5420
3 5419 5399 5420
3 5419 5398 5399
3 5421 5422 5423
3 5421 5424 5422
3 5424 5425 5422
3 5424 5426 5425
3 5423 5427 5428
3 5423 5422 5427
3 5422 5429 5427
3 5422 5425 5429
3 5421 5430 5424
3 5421 5431 5430
3 5431 5432 5430
3 5431 5433 5432
3 5424 5434 5426
3 5424 5430 5434
3 5430 5435 5434
3 5430 5432 5435
3 5421 5436 5431
3 5421 5437 5436
3 5437 5319 5436
3 5437 5311 5319
3 5431 5438 5433
3 5431 5436 5438
3 5436 5320 5438
3 5436 5319 5320
3 5421 5439 5437
3 5421 5423 5439
3 5423 5440 5439
3 5423 5428 5440
3 5437 5310 5311
3 5437 5439 5310
3 5439 5314 5310
3 5439 5440 5314
3 5441 5442 5443
3 5441 5444 5442
3 5444 5445 5442
3 5444 5446 5445
3 5443 5432 5433
3 5443 5442 5432
3 5442 5435 5432
3 5442 5445 5435
3 5441 5447 5444
3 5441 5448 5447
3 5448 5449 5447
3 5448 5450 5449
3 5444 5451 5446
3 5444 5447 5451
3 5447 5452 5451
3 5447 5449 5452
3 5441 5453 5448
3 5441 5454 5453
3 5454 5336 5453
3 5454 5331 5336
3 5448 5455 5450
3 5448 5453 5455
3 5453 5337 5455
3 5453 5336 5337
3 5441 5456 5454
3 5441 5443 5456
3 5443 5438 5456
3 5443 5433 5438
3 5454 5330 5331
3 5454 5456 5330
3 5456 5320 5330
3 5456 5438 5320
3 5457 5458 5459
3 5457 5460 5458
3 5460 5461 5458
3 5460 5462 5461
3 5459 5449 5450
3 5459 5458 5449
3 5458 5452 5449
3 5458 5461 5452
3 5457 5463 5460
3 5457 5464 5463
3 5464 5465 5463
3 5464 5466 5465
3 5460 5467 5462
3 5460 5463 5467
3 5463 5468 5467
3 5463 5465 5468
3 5457 5469 5464
3 5457 5470 5469
3 5470 5352 5469
3 5470 5347 5352
3 5464 5471 5466
3 5464 5469 5471
3 5469 5353 5471
3 5469 5352 5353
3 5457 5472 5470
3 5457 5459 5472
3 5459 5455 5472
3 5459 5450 5455
3 5470 5346 5347
3 5470 5472 5346
3 5472 5337 5346
3 5472 5455 5337
3 5473 5474 5475
3 5473 5476 5474
3 5476 5477 5474
3 5476 5478 5477
3 5475 5479 5480
3 5475 5474 5479
3 5474 5481 5479
3 5474 5477 5481
3 5473 5482 5476
3 5473 5483 5482
3 5483 5484 5482
3 5483 5485 5484
3 5476 5486 5478
3 5476 5482 5486
3 5482 5487 5486
3 5482 5484 5487
3 5473 5488 5483
3 5473 5489 5488
3 5489 5434 5488
3 5489 5426 5434
3 5483 5490 5485
3 5483 5488 5490
3 5488 5435 5490
3 5488 5434 5435
3 5473 5491 5489
3 5473 5475 5491
3 5475 5492 5491
3 5475 5480 5492
3 5489 5425 5426
3 5489 5491 5425
3 5491 5429 5425
3 5491 5492 5429
3 5493 5494 5495
3 5493 5496 5494
3 5496 5497 5494
3 5496 5498 5497
3 5495 5484 5485
3 5495 5494 5484
3 5494 5487 5484
3 5494 5497 5487
3 5493 5499 5496
3 5493 5500 5499
3 5500 5501 5499
3 5500 5502 5501
3 5496 5503 5498
3 5496 5499 5503
3 5499 5504 5503
3 5499 5501 5504
3 5493 5505 5500
3 5493 5506 5505
3 5506 5451 5505
3 5506 5446 5451
3 5500 5507 5502
3 5500 5505 5507
3 5505 5452 5507
3 5505 5451 5452
3 5493 5508 5506
3 5493 5495 5508
3 5495 5490 5508
3 5495 5485 5490
3 5506 5445 5446
3 5506 5508 5445
3 5508 5435 5445
3 5508 5490 5435
3 5509 5510 5511
3 5509 5512 5510
3 5512 5513 5510
3 5512 5514 5513
3 5511 5501 5502
3 5511 5510 5501
3 5510 5504 5501
3 5510 5513 5504
3 5509 5515 5512
3 5509 5516 5515
3 5516 5517 5515
3 5516 5518 5517
3 5512 5519 5514
3 5512 5515 5519
3 5515 5520 5519
3 5515 5517 5520
3 5509 5521 5516
3 5509 5522 5521
3 5522 5467 5521
3 5522 5462 5467
3 5516 5523 5518
3 5516 5521 5523
3 5521 5468 5523
3 5521 5467 5468
3 5509 5524 5522
3 5509 5511 5524
3 5511 5507 5524
3 5511 5502 5507
3 5522 5461 5462
3 5522 5524 5461
3 5524 5452 5461
3 5524 5507 5452
3 5525 5526 5527
3 5525 5528 5526
3 5528 5529 5526
3 5528 5530 5529
3 5527 5531 5532
3 5527 5526 5531
3 5526 5533 5531
3 5526 5529 5533
3 5525 5534 5528
3 5525 5535 5534
3 5535 5536 5534
3 5535 5537 5536
3 5528 5538 5530
3 5528 5534 5538
3 5534 5539 5538
3 5534 5536 5539
3 5525 5540 5535
3 5525 5541 5540
3 5541 5371 5540
3 5541 5363 5371
3 5535 5542 5537
3 5535 5540 5542
3 5540 5372 5542
3 5540 5371 5372
3 5525 5543 5541
3 5525 5527 5543
3 5527 5544 5543
3 5527 5532 5544
3 5541 5362 5363
3 5541 5543 5362
3 5543 5366 5362
3 5543 5544 5366
3 5545 5546 5547
3 5545 5548 5546
3 5548 5549 5546
3 5548 5550 5549
3 5547 5536 5537
3 5547 5546 5536
3 5546 5539 5536
3 5546 5549 5539
3 5545 5551 5548
3 5545 5552 5551
3 5552 5553 5551
3 5552 5554 5553
3 5548 5555 5550
3 5548 5551 5555
3 5551 5556 5555
3 5551 5553 5556
3 5545 5557 5552
3 5545 5558 5557
3 5558 5392 5557
3 5558 5387 5392
3 5552 5559 5554
3 5552 5557 5559
3 5557 5393 5559
3 5557 5392 5393
3 5545 5560 5558
3 5545 5547 5560
3 5547 5542 5560
3 5547 5537 5542
3 5558 5386 5387
3 5558 5560 5386
3 5560 5372 5386
3 5560 5542 5372
3 5561 5562 5563
3 5561 5564 5562
3 5564 5565 5562
3 5564 5566 5565
3 5563 5553 5554
3 5563 5562 5553
3 5562 5556 5553
3 5562 5565 5556
3 5561 5567 5564
3 5561 5568 5567
3 5568 5569 5567
3 5568 5570 5569
3 5564 5571 5566
3 5564 5567 5571
3 5567 5572 5571
3 5567 5569 5572
3 5561 5573 5568
3 5561 5574 5573
3 5574 5412 5573
3 5574 5407 5412
3 5568 5575 5570
3 5568 5573 5575
3 5573 5413 5575
3 5573 5412 5413
3 5561 5576 5574
3 5561 5563 5576
3 5563 5559 5576
3 5563 5554 5559
3 5574 5406 5407
3 5574 5576 5406
3 5576 5393 5406
3 5576 5559 5393
3 5577 5578 5579
3 5577 5580 5578
3 5580 5581 5578
3 5580 5582 5581
3 5579 5583 5584
3 5579 5578 5583
3 5578 5585 5583
3 5578 5581 5585
3 5577 5586 5580
3 5577 5587 5586
3 5587 5588 5586
3 5587 5589 5588
3 5580 5590 5582
3 5580 5586 5590
3 5586 5591 5590
3 5586 5588 5591
3 5577 5592 5587
3 5577 5593 5592
3 5593 5538 5592
3 5593 5530 5538
3 5587 5594 5589
3 5587 5592 5594
3 5592 5539 5594
3 5592 5538 5539
3 5577 5595 5593
3 5577 5579 5595
3 5579 5596 5595
3 5579 5584 5596
3 5593 5529 5530
3 5593 5595 5529
3 5595 5533 5529
3 5595 5596 5533
3 5597 5598 5599
3 5597 5600 5598
3 5600 5601 5598
3 5600 5602 5601
3 5599 5588 5589
3 5599 5598 5588
3 5598 5591 5588
3 5598 5601 5591
3 5597 5603 5600
3 5597 5604 5603
3 5604 5605 5603
3 5604 5606 5605
3 5600 5607 5602
3 5600 5603 5607
3 5603 5608 5607
3 5603 5605 5608
3 5597 5609 5604
3 5597 5610 5609
3 5610 5555 5609
3 5610 5550 5555
3 5604 5611 5606
3 5604 5609 5611
3 5609 5556 5611
3 5609 5555 5556
3 5597 5612 5610
3 5597 5599 5612
3 5599 5594 5612
3 5599 5589 5594
3 5610 5549 5550
3 5610 5612 5549
3 5612 5539 5549
3 5612 5594 5539
3 5613 5614 5615
3 5613 5616 5614
3 5616 5617 5614
3 5616 5618 5617
3 5615 5605 5606
3 5615 5614 5605
3 5614 5608 5605
3 5614 5617 5608
3 5613 5619 5616
3 5613 5620 5619
3 5620 5621 5619
3 5620 5622 5621
3 5616 5623 5618
3 5616 5619 5623
3 5619 5624 5623
3 5619 5621 5624
3 5613 5625 5620
3 5613 5626 5625
3 5626 5571 5625
3 5626 5566 5571
3 5620 5627 5622
3 5620 5625 5627
3 5625 5572 5627
3 5625 5571 5572
3 5613 5628 5626
3 5613 5615 5628
3 5615 5611 5628
3 5615 5606 5611
3 5626 5565 5566
3 5626 5628 5565
3 5628 5556 5565
3 5628 5611 5556
3 5629 5630 5631
3 5629 5632 5630
3 5632 5633 5630
3 5632 5634 5633
3 5631 5635 5636
3 5631 5630 5635
3 5630 5637 5635
3 5630 5633 5637
3 5629 5638 5632
3 5629 5639 5638
3 5639 5640 5638
3 5639 5641 5640
3 5632 5642 5634
3 5632 5638 5642
3 5638 5643 5642
3 5638 5640 5643
3 5629 5644 5639
3 5629 5645 5644
3 5645 5646 5644
3 5645 5647 5646
3 5639 5648 5641
3 5639 5644 5648
3 5644 5649 5648
3 5644 5646 5649
3 5629 5650 5645
3 5629 5631 5650
3 5631 5651 5650
3 5631 5636 5651
3 5645 5652 5647
3 5645 5650 5652
3 5650 5653 5652
3 5650 5651 5653
3 5654 5655 5656
3 5654 5657 5655
3 5657 5658 5655
3 5657 5659 5658
3 5656 5640 5641
3 5656 5655 5640
3 5655 5643 5640
3 5655 5658 5643
3 5654 5660 5657
3 5654 5661 5660
3 5661 5662 5660
3 5661 5663 5662
3 5657 5664 5659
3 5657 5660 5664
3 5660 5665 5664
3 5660 5662 5665
3 5654 5666 5661
3 5654 5667 5666
3 5667 5668 5666
3 5667 5669 5668
3 5661 5670 5663
3 5661 5666 5670
3 5666 5671 5670
3 5666 5668 5671
3 5654 5672 5667
3 5654 5656 5672
3 5656 5648 5672
3 5656 5641 5648
3 5667 5673 5669
3 5667 5672 5673
3 5672 5649 5673
3 5672 5648 5649
3 5674 5675 5676
3 5674 5677 5675
3 5677 5678 5675
3 5677 5679 5678
3 5676 5662 5663
3 5676 5675 5662
3 5675 5665 5662
3 5675 5678 5665
3 5674 5680 5677
3 5674 5681 5680
3 5681 5682 5680
3 5681 5683 5682
3 5677 5684 5679
3 5677 5680 5684
3 5680 5685 5684
3 5680 5682 5685
3 5674 5686 5681
3 5674 5687 5686
3 5687 5688 5686
3 5687 5689 5688
3 5681 5690 5683
3 5681 5686 5690
3 5686 5691 5690
3 5686 5688 5691
3 5674 5692 5687
3 5674 5676 5692
3 5676 5670 5692
3 5676 5663 5670
3 5687 5693 5689
3 5687 5692 5693
3 5692 5671 5693
3 5692 5670 5671
3 5694 5695 5696
3 5694 5697 5695
3 5697 5698 5695
3 5697 5699 5698
3 5696 5128 5129
3 5696 5695 5128
3 5695 5131 5128
3 5695 5698 5131
3 5694 5700 5697
3 5694 5701 5700
3 5701 5702 5700
3 5701 5703 5702
3 5697 5704 5699
3 5697 5700 5704
3 5700 5705 5704
3 5700 5702 5705
3 5694 5706 5701
3 5694 5707 5706
3 5707 5420 5706
3 5707 5417 5420
3 5701 5708 5703
3 5701 5706 5708
3 5706 5399 5708
3 5706 5420 5399
3 5694 5709 5707
3 5694 5696 5709
3 5696 5134 5709
3 5696 5129 5134
3 5707 5416 5417
3 5707 5709 5416
3 5709 5135 5416
3 5709 5134 5135
3 5710 5711 5712
3 5710 5713 5711
3 5713 5714 5711
3 5713 5715 5714
3 5712 5702 5703
3 5712 5711 5702
3 5711 5705 5702
3 5711 5714 5705
3 5710 5716 5713
3 5710 5717 5716
3 5717 5718 5716
3 5717 5719 5718
3 5713 5720 5715
3 5713 5716 5720
3 5716 5721 5720
3 5716 5718 5721
3 5710 5722 5717
3 5710 5723 5722
3 5723 5401 5722
3 5723 5397 5401
3 5717 5724 5719
3 5717 5722 5724
3 5722 5378 5724
3 5722 5401 5378
3 5710 5725 5723
3 5710 5712 5725
3 5712 5708 5725
3 5712 5703 5708
3 5723 5396 5397
3 5723 5725 5396
3 5725 5399 5396
3 5725 5708 5399
3 5726 5727 5728
3 5726 5729 5727
3 5729 5730 5727
3 5729 5731 5730
3 5728 5718 5719
3 5728 5727 5718
3 5727 5721 5718
3 5727 5730 5721
3 5726 5732 5729
3 5726 5733 5732
3 5733 5149 5732
3 5733 5141 5149
3 5729 5734 5731
3 5729 5732 5734
3 5732 5150 5734
3 5732 5149 5150
3 5726 5735 5733
3 5726 5736 5735
3 5736 5381 5735
3 5736 5376 5381
3 5733 5140 5141
3 5733 5735 5140
3 5735 5144 5140
3 5735 5381 5144
3 5726 5737 5736
3 5726 5728 5737
3 5728 5724 5737
3 5728 5719 5724
3 5736 5375 5376
3 5736 5737 5375
3 5737 5378 5375
3 5737 5724 5378
3 5738 5739 5740
3 5738 5741 5739
3 5741 5742 5739
3 5741 5743 5742
3 5740 5153 5154
3 5740 5739 5153
3 5739 5156 5153
3 5739 5742 5156
3 5738 5744 5741
3 5738 5745 5744
3 5745 5746 5744
3 5745 5747 5746
3 5741 5748 5743
3 5741 5744 5748
3 5744 5749 5748
3 5744 5746 5749
3 5738 5750 5745
3 5738 5751 5750
3 5751 5752 5750
3 5751 5753 5752
3 5745 5754 5747
3 5745 5750 5754
3 5750 5755 5754
3 5750 5752 5755
3 5738 5756 5751
3 5738 5740 5756
3 5740 5159 5756
3 5740 5154 5159
3 5751 5757 5753
3 5751 5756 5757
3 5756 5160 5757
3 5756 5159 5160
3 5758 5759 5760
3 5758 5761 5759
3 5761 5762 5759
3 5761 5763 5762
3 5760 5746 5747
3 5760 5759 5746
3 5759 5749 5746
3 5759 5762 5749
3 5758 5764 5761
3 5758 5765 5764
3 5765 5766 5764
3 5765 5767 5766
3 5761 5768 5763
3 5761 5764 5768
3 5764 5769 5768
3 5764 5766 5769
3 5758 5770 5765
3 5758 5771 5770
3 5771 5772 5770
3 5771 5773 5772
3 5765 5774 5767
3 5765 5770 5774
3 5770 5775 5774
3 5770 5772 5775
3 5758 5776 5771
3 5758 5760 5776
3 5760 5754 5776
3 5760 5747 5754
3 5771 5777 5773
3 5771 5776 5777
3 5776 5755 5777
3 5776 5754 5755
3 5778 5779 5780
3 5778 5781 5779
3 5781 5782 5779
3 5781 5783 5782
3 5780 5766 5767
3 5780 5779 5766
3 5779 5769 5766
3 5779 5782 5769
3 5778 5784 5781
3 5778 5785 5784
3 5785 5124 5784
3 5785 5116 5124
3 5781 5786 5783
3 5781 5784 5786
3 5784 5125 5786
3 5784 5124 5125
3 5778 5787 5785
3 5778 5788 5787
3 5788 5789 5787
3 5788 5790 5789
3 5785 5115 5116
3 5785 5787 5115
3 5787 5119 5115
3 5787 5789 5119
3 5778 5791 5788
3 5778 5780 5791
3 5780 5774 5791
3 5780 5767 5774
3 5788 5792 5790
3 5788 5791 5792
3 5791 5775 5792
3 5791 5774 5775
3 5793 5794 5795
3 5793 5796 5794
3 5796 5797 5794
3 5796 5798 5797
3 5795 5175 5176
3 5795 5794 5175
3 5794 5178 5175
3 5794 5797 5178
3 5793 5799 5796
3 5793 5800 5799
3 5800 5801 5799
3 5800 5802 5801
3 5796 5803 5798
3 5796 5799 5803
3 5799 5804 5803
3 5799 5801 5804
3 5793 5805 5800
3 5793 5806 5805
3 5806 5704 5805
3 5806 5699 5704
3 5800 5807 5802
3 5800 5805 5807
3 5805 5705 5807
3 5805 5704 5705
3 5793 5808 5806
3 5793 5795 5808
3 5795 5180 5808
3 5795 5176 5180
3 5806 5698 5699
3 5806 5808 5698
3 5808 5131 5698
3 5808 5180 5131
3 5809 5810 5811
3 5809 5812 5810
3 5812 5813 5810
3 5812 5814 5813
3 5811 5801 5802
3 5811 5810 5801
3 5810 5804 5801
3 5810 5813 5804
3 5809 5815 5812
3 5809 5816 5815
3 5816 5817 5815
3 5816 5818 5817
3 5812 5819 5814
3 5812 5815 5819
3 5815 5820 5819
3 5815 5817 5820
3 5809 5821 5816
3 5809 5822 5821
3 5822 5720 5821
3 5822 5715 5720
3 5816 5823 5818
3 5816 5821 5823
3 5821 5721 5823
3 5821 5720 5721
3 5809 5824 5822
3 5809 5811 5824
3 5811 5807 5824
3 5811 5802 5807
3 5822 5714 5715
3 5822 5824 5714
3 5824 5705 5714
3 5824 5807 5705
3 5825 5826 5827
3 5825 5828 5826
3 5828 5829 5826
3 5828 5830 5829
3 5827 5817 5818
3 5827 5826 5817
3 5826 5820 5817
3 5826 5829 5820
3 5825 5831 5828
3 5825 5832 5831
3 5832 5211 5831
3 5832 5206 5211
3 5828 5833 5830
3 5828 5831 5833
3 5831 5212 5833
3 5831 5211 5212
3 5825 5834 5832
3 5825 5835 5834
3 5835 5734 5834
3 5835 5731 5734
3 5832 5205 5206
3 5832 5834 5205
3 5834 5150 5205
3 5834 5734 5150
3 5825 5836 5835
3 5825 5827 5836
3 5827 5823 5836
3 5827 5818 5823
3 5835 5730 5731
3 5835 5836 5730
3 5836 5721 5730
3 5836 5823 5721
3 5837 5838 5839
3 5837 5840 5838
3 5840 5841 5838
3 5840 5842 5841
3 5839 5195 5196
3 5839 5838 5195
3 5838 5198 5195
3 5838 5841 5198
3 5837 5843 5840
3 5837 5844 5843
3 5844 5845 5843
3 5844 5846 5845
3 5840 5847 5842
3 5840 5843 5847
3 5843 5848 5847
3 5843 5845 5848
3 5837 5849 5844
3 5837 5850 5849
3 5850 5803 5849
3 5850 5798 5803
3 5844 5851 5846
3 5844 5849 5851
3 5849 5804 5851
3 5849 5803 5804
3 5837 5852 5850
3 5837 5839 5852
3 5839 5200 5852
3 5839 5196 5200
3 5850 5797 5798
3 5850 5852 5797
3 5852 5178 5797
3 5852 5200 5178
3 5853 5854 5855
3 5853 5856 5854
3 5856 5857 5854
3 5856 5858 5857
3 5855 5845 5846
3 5855 5854 5845
3 5854 5848 5845
3 5854 5857 5848
3 5853 5859 5856
3 5853 5860 5859
3 5860 5861 5859
3 5860 5862 5861
3 5856 5863 5858
3 5856 5859 5863
3 5859 5864 5863
3 5859 5861 5864
3 5853 5865 5860
3 5853 5866 5865
3 5866 5819 5865
3 5866 5814 5819
3 5860 5867 5862
3 5860 5865 5867
3 5865 5820 5867
3 5865 5819 5820
3 5853 5868 5866
3 5853 5855 5868
3 5855 5851 5868
3 5855 5846 5851
3 5866 5813 5814
3 5866 5868 5813
3 5868 5804 5813
3 5868 5851 5804
3 5869 5870 5871
3 5869 5872 5870
3 5872 5873 5870
3 5872 5874 5873
3 5871 5861 5862
3 5871 5870 5861
3 5870 5864 5861
3 5870 5873 5864
3 5869 5875 5872
3 5869 5876 5875
3 5876 5231 5875
3 5876 5226 5231
3 5872 5877 5874
3 5872 5875 5877
3 5875 5232 5877
3 5875 5231 5232
3 5869 5878 5876
3 5869 5879 5878
3 5879 5833 5878
3 5879 5830 5833
3 5876 5225 5226
3 5876 5878 5225
3 5878 5212 5225
3 5878 5833 5212
3 5869 5880 5879
3 5869 5871 5880
3 5871 5867 5880
3 5871 5862 5867
3 5879 5829 5830
3 5879 5880 5829
3 5880 5820 5829
3 5880 5867 5820
3 5881 5882 5883
3 5881 5884 5882
3 5884 5885 5882
3 5884 5886 5885
3 5883 5215 5216
3 5883 5882 5215
3 5882 5218 5215
3 5882 5885 5218
3 5881 5887 5884
3 5881 5888 5887
3 5888 5889 5887
3 5888 5890 5889
3 5884 5891 5886
3 5884 5887 5891
3 5887 5892 5891
3 5887 5889 5892
3 5881 5893 5888
3 5881 5894 5893
3 5894 5748 5893
3 5894 5743 5748
3 5888 5895 5890
3 5888 5893 5895
3 5893 5749 5895
3 5893 5748 5749
3 5881 5896 5894
3 5881 5883 5896
3 5883 5220 5896
3 5883 5216 5220
3 5894 5742 5743
3 5894 5896 5742
3 5896 5156 5742
3 5896 5220 5156
3 5897 5898 5899
3 5897 5900 5898
3 5900 5901 5898
3 5900 5902 5901
3 5899 5889 5890
3 5899 5898 5889
3 5898 5892 5889
3 5898 5901 5892
3 5897 5903 5900
3 5897 5904 5903
3 5904 5905 5903
3 5904 5906 5905
3 5900 5907 5902
3 5900 5903 5907
3 5903 5908 5907
3 5903 5905 5908
3 5897 5909 5904
3 5897 5910 5909
3 5910 5768 5909
3 5910 5763 5768
3 5904 5911 5906
3 5904 5909 5911
3 5909 5769 5911
3 5909 5768 5769
3 5897 5912 5910
3 5897 5899 5912
3 5899 5895 5912
3 5899 5890 5895
3 5910 5762 5763
3 5910 5912 5762
3 5912 5749 5762
3 5912 5895 5749
3 5913 5914 5915
3 5913 5916 5914
3 5916 5917 5914
3 5916 5918 5917
3 5915 5905 5906
3 5915 5914 5905
3 5914 5908 5905
3 5914 5917 5908
3 5913 5919 5916
3 5913 5920 5919
3 5920 5171 5919
3 5920 5166 5171
3 5916 5921 5918
3 5916 5919 5921
3 5919 5172 5921
3 5919 5171 5172
3 5913 5922 5920
3 5913 5923 5922
3 5923 5786 5922
3 5923 5783 5786
3 5920 5165 5166
3 5920 5922 5165
3 5922 5125 5165
3 5922 5786 5125
3 5913 5924 5923
3 5913 5915 5924
3 5915 5911 5924
3 5915 5906 5911
3 5923 5782 5783
3 5923 5924 5782
3 5924 5769 5782
3 5924 5911 5769
3 5925 5926 5927
3 5925 5928 5926
3 5928 5929 5926
3 5928 5930 5929
3 5927 5235 5236
3 5927 5926 5235
3 5926 5238 5235
3 5926 5929 5238
3 5925 5931 5928
3 5925 5932 5931
3 5932 5933 5931
3 5932 5934 5933
3 5928 5935 5930
3 5928 5931 5935
3 5931 5936 5935
3 5931 5933 5936
3 5925 5937 5932
3 5925 5938 5937
3 5938 5891 5937
3 5938 5886 5891
3 5932 5939 5934
3 5932 5937 5939
3 5937 5892 5939
3 5937 5891 5892
3 5925 5940 5938
3 5925 5927 5940
3 5927 5240 5940
3 5927 5236 5240
3 5938 5885 5886
3 5938 5940 5885
3 5940 5218 5885
3 5940 5240 5218
3 5941 5942 5943
3 5941 5944 5942
3 5944 5945 5942
3 5944 5946 5945
3 5943 5933 5934
3 5943 5942 5933
3 5942 5936 5933
3 5942 5945 5936
3 5941 5947 5944
3 5941 5948 5947
3 5948 5949 5947
3 5948 5950 5949
3 5944 5951 5946
3 5944 5947 5951
3 5947 5952 5951
3 5947 5949 5952
3 5941 5953 5948
3 5941 5954 5953
3 5954 5907 5953
3 5954 5902 5907
3 5948 5955 5950
3 5948 5953 5955
3 5953 5908 5955
3 5953 5907 5908
3 5941 5956 5954
3 5941 5943 5956
3 5943 5939 5956
3 5943 5934 5939
3 5954 5901 5902
3 5954 5956 5901
3 5956 5892 5901
3 5956 5939 5892
3 5957 5958 5959
3 5957 5960 5958
3 5960 5961 5958
3 5960 5962 5961
3 5959 5949 5950
3 5959 5958 5949
3 5958 5952 5949
3 5958 5961 5952
3 5957 5963 5960
3 5957 5964 5963
3 5964 5191 5963
3 5964 5186 5191
3 5960 5965 5962
3 5960 5963 5965
3 5963 5192 5965
3 5963 5191 5192
3 5957 5966 5964
3 5957 5967 5966
3 5967 5921 5966
3 5967 5918 5921
3 5964 5185 5186
3 5964 5966 5185
3 5966 5172 5185
3 5966 5921 5172
3 5957 5968 5967
3 5957 5959 5968
3 5959 5955 5968
3 5959 5950 5955
3 5967 5917 5918
3 5967 5968 5917
3 5968 5908 5917
3 5968 5955 5908
3 5969 5970 5971
3 5969 5972 5970
3 5972 5973 5970
3 5972 5974 5973
3 5971 5258 5259
3 5971 5970 5258
3 5970 5261 5258
3 5970 5973 5261
3 5969 5975 5972
3 5969 5976 5975
3 5976 5977 5975
3 5976 5978 5977
3 5972 5979 5974
3 5972 5975 5979
3 5975 5980 5979
3 5975 5977 5980
3 5969 5981 5976
3 5969 5982 5981
3 5982 5983 5981
3 5982 5984 5983
3 5976 5985 5978
3 5976 5981 5985
3 5981 5986 5985
3 5981 5983 5986
3 5969 5987 5982
3 5969 5971 5987
3 5971 5264 5987
3 5971 5259 5264
3 5982 5988 5984
3 5982 5987 5988
3 5987 5265 5988
3 5987 5264 5265
3 5989 5990 5991
3 5989 5992 5990
3 5992 5993 5990
3 5992 5994 5993
3 5991 5977 5978
3 5991 5990 5977
3 5990 5980 5977
3 5990 5993 5980
3 5989 5995 5992
3 5989 5996 5995
3 5996 2613 5995
3 5996 2608 2613
3 5992 5997 5994
3 5992 5995 5997
3 5995 2614 5997
3 5995 2613 2614
3 5989 5998 5996
3 5989 5999 5998
3 5999 6000 5998
3 5999 6001 6000
3 5996 2607 2608
3 5996 5998 2607
3 5998 2610 2607
3 5998 6000 2610
3 5989 6002 5999
3 5989 5991 6002
3 5991 5985 6002
3 5991 5978 5985
3 5999 6003 6001
3 5999 6002 6003
3 6002 5986 6003
3 6002 5985 5986
3 6004 6005 6006
3 6004 6007 6005
3 6007 6008 6005
3 6007 6009 6008
3 6006 5280 5281
3 6006 6005 5280
3 6005 5283 5280
3 6005 6008 5283
3 6004 6010 6007
3 6004 6011 6010
3 6011 6012 6010
3 6011 6013 6012
3 6007 6014 6009
3 6007 6010 6014
3 6010 6015 6014
3 6010 6012 6015
3 6004 6016 6011
3 6004 6017 6016
3 6017 5979 6016
3 6017 5974 5979
3 6011 6018 6013
3 6011 6016 6018
3 6016 5980 6018
3 6016 5979 5980
3 6004 6019 6017
3 6004 6006 6019
3 6006 5285 6019
3 6006 5281 5285
3 6017 5973 5974
3 6017 6019 5973
3 6019 5261 5973
3 6019 5285 5261
3 6020 6021 6022
3 6020 6023 6021
3 6023 6024 6021
3 6023 6025 6024
3 6022 6012 6013
3 6022 6021 6012
3 6021 6015 6012
3 6021 6024 6015
3 6020 6026 6023
3 6020 6027 6026
3 6027 2645 6026
3 6027 2642 2645
3 6023 6028 6025
3 6023 6026 6028
3 6026 2646 6028
3 6026 2645 2646
3 6020 6029 6027
3 6020 6030 6029
3 6030 5997 6029
3 6030 5994 5997
3 6027 2641 2642
3 6027 6029 2641
3 6029 2614 2641
3 6029 5997 2614
3 6020 6031 6030
3 6020 6022 6031
3 6022 6018 6031
3 6022 6013 6018
3 6030 5993 5994
3 6030 6031 5993
3 6031 5980 5993
3 6031 6018 5980
3 6032 6033 6034
3 6032 6035 6033
3 6035 6036 6033
3 6035 6037 6036
3 6034 5300 5301
3 6034 6033 5300
3 6033 5303 5300
3 6033 6036 5303
3 6032 6038 6035
3 6032 6039 6038
3 6039 6040 6038
3 6039 6041 6040
3 6035 6042 6037
3 6035 6038 6042
3 6038 6043 6042
3 6038 6040 6043
3 6032 6044 6039
3 6032 6045 6044
3 6045 6014 6044
3 6045 6009 6014
3 6039 6046 6041
3 6039 6044 6046
3 6044 6015 6046
3 6044 6014 6015
3 6032 6047 6045
3 6032 6034 6047
3 6034 5305 6047
3 6034 5301 5305
3 6045 6008 6009
3 6045 6047 6008
3 6047 5283 6008
3 6047 5305 5283
3 6048 6049 6050
3 6048 6051 6049
3 6051 6052 6049
3 6051 6053 6052
3 6050 6040 6041
3 6050 6049 6040
3 6049 6043 6040
3 6049 6052 6043
3 6048 6054 6051
3 6048 6055 6054
3 6055 2677 6054
3 6055 2674 2677
3 6051 6056 6053
3 6051 6054 6056
3 6054 2678 6056
3 6054 2677 2678
3 6048 6057 6055
3 6048 6058 6057
3 6058 6028 6057
3 6058 6025 6028
3 6055 2673 2674
3 6055 6057 2673
3 6057 2646 2673
3 6057 6028 2646
3 6048 6059 6058
3 6048 6050 6059
3 6050 6046 6059
3 6050 6041 6046
3 6058 6024 6025
3 6058 6059 6024
3 6059 6015 6024
3 6059 6046 6015
3 6060 6061 6062
3 6060 6063 6061
3 6063 6064 6061
3 6063 6065 6064
3 6062 5752 5753
3 6062 6061 5752
3 6061 5755 5752
3 6061 6064 5755
3 6060 6066 6063
3 6060 6067 6066
3 6067 6068 6066
3 6067 6069 6068
3 6063 6070 6065
3 6063 6066 6070
3 6066 6071 6070
3 6066 6068 6071
3 6060 6072 6067
3 6060 6073 6072
3 6073 6074 6072
3 6073 6075 6074
3 6067 6076 6069
3 6067 6072 6076
3 6072 6077 6076
3 6072 6074 6077
3 6060 6078 6073
3 6060 6062 6078
3 6062 5757 6078
3 6062 5753 5757
3 6073 6079 6075
3 6073 6078 6079
3 6078 5160 6079
3 6078 5757 5160
3 6080 6081 6082
3 6080 6083 6081
3 6083 6084 6081
3 6083 6085 6084
3 6082 6068 6069
3 6082 6081 6068
3 6081 6071 6068
3 6081 6084 6071
3 6080 6086 6083
3 6080 6087 6086
3 6087 2717 6086
3 6087 2712 2717
3 6083 6088 6085
3 6083 6086 6088
3 6086 2718 6088
3 6086 2717 2718
3 6080 6089 6087
3 6080 6090 6089
3 6090 6091 6089
3 6090 6092 6091
3 6087 2711 2712
3 6087 6089 2711
3 6089 2714 2711
3 6089 6091 2714
3 6080 6093 6090
3 6080 6082 6093
3 6082 6076 6093
3 6082 6069 6076
3 6090 6094 6092
3 6090 6093 6094
3 6093 6077 6094
3 6093 6076 6077
3 6095 6096 6097
3 6095 6098 6096
3 6098 6099 6096
3 6098 6100 6099
3 6097 5772 5773
3 6097 6096 5772
3 6096 5775 5772
3 6096 6099 5775
3 6095 6101 6098
3 6095 6102 6101
3 6102 6103 6101
3 6102 6104 6103
3 6098 6105 6100
3 6098 6101 6105
3 6101 6106 6105
3 6101 6103 6106
3 6095 6107 6102
3 6095 6108 6107
3 6108 6070 6107
3 6108 6065 6070
3 6102 6109 6104
3 6102 6107 6109
3 6107 6071 6109
3 6107 6070 6071
3 6095 6110 6108
3 6095 6097 6110
3 6097 5777 6110
3 6097 5773 5777
3 6108 6064 6065
3 6108 6110 6064
3 6110 5755 6064
3 6110 5777 5755
3 6111 6112 6113
3 6111 6114 6112
3 6114 6115 6112
3 6114 6116 6115
3 6113 6103 6104
3 6113 6112 6103
3 6112 6106 6103
3 6112 6115 6106
3 6111 6117 6114
3 6111 6118 6117
3 6118 2749 6117
3 6118 2746 2749
3 6114 6119 6116
3 6114 6117 6119
3 6117 2750 6119
3 6117 2749 2750
3 6111 6120 6118
3 6111 6121 6120
3 6121 6088 6120
3 6121 6085 6088
3 6118 2745 2746
3 6118 6120 2745
3 6120 2718 2745
3 6120 6088 2718
3 6111 6122 6121
3 6111 6113 6122
3 6113 6109 6122
3 6113 6104 6109
3 6121 6084 6085
3 6121 6122 6084
3 6122 6071 6084
3 6122 6109 6071
3 6123 6124 6125
3 6123 6126 6124
3 6126 6127 6124
3 6126 6128 6127
3 6125 5789 5790
3 6125 6124 5789
3 6124 5119 5789
3 6124 6127 5119
3 6123 6129 6126
3 6123 6130 6129
3 6130 6131 6129
3 6130 6132 6131
3 6126 6133 6128
3 6126 6129 6133
3 6129 6134 6133
3 6129 6131 6134
3 6123 6135 6130
3 6123 6136 6135
3 6136 6105 6135
3 6136 6100 6105
3 6130 6137 6132
3 6130 6135 6137
3 6135 6106 6137
3 6135 6105 6106
3 6123 6138 6136
3 6123 6125 6138
3 6125 5792 6138
3 6125 5790 5792
3 6136 6099 6100
3 6136 6138 6099
3 6138 5775 6099
3 6138 5792 5775
3 6139 6140 6141
3 6139 6142 6140
3 6142 6143 6140
3 6142 6144 6143
3 6141 6131 6132
3 6141 6140 6131
3 6140 6134 6131
3 6140 6143 6134
3 6139 6145 6142
3 6139 6146 6145
3 6146 2781 6145
3 6146 2778 2781
3 6142 6147 6144
3 6142 6145 6147
3 6145 2782 6147
3 6145 2781 2782
3 6139 6148 6146
3 6139 6149 6148
3 6149 6119 6148
3 6149 6116 6119
3 6146 2777 2778
3 6146 6148 2777
3 6148 2750 2777
3 6148 6119 2750
3 6139 6150 6149
3 6139 6141 6150
3 6141 6137 6150
3 6141 6132 6137
3 6149 6115 6116
3 6149 6150 6115
3 6150 6106 6115
3 6150 6137 6106
3 6151 6152 6153
3 6151 6154 6152
3 6154 6155 6152
3 6154 6156 6155
3 6153 5189 5190
3 6153 6152 5189
3 6152 5192 5189
3 6152 6155 5192
3 6151 6157 6154
3 6151 6158 6157
3 6158 6159 6157
3 6158 6160 6159
3 6154 6161 6156
3 6154 6157 6161
3 6157 6162 6161
3 6157 6159 6162
3 6151 6163 6158
3 6151 6164 6163
3 6164 6165 6163
3 6164 6166 6165
3 6158 6167 6160
3 6158 6163 6167
3 6163 6168 6167
3 6163 6165 6168
3 6151 6169 6164
3 6151 6153 6169
3 6153 5197 6169
3 6153 5190 5197
3 6164 6170 6166
3 6164 6169 6170
3 6169 5198 6170
3 6169 5197 5198
3 6171 6172 6173
3 6171 6174 6172
3 6174 6175 6172
3 6174 6176 6175
3 6173 6159 6160
3 6173 6172 6159
3 6172 6162 6159
3 6172 6175 6162
3 6171 6177 6174
3 6171 6178 6177
3 6178 5690 6177
3 6178 5683 5690
3 6174 6179 6176
3 6174 6177 6179
3 6177 5691 6179
3 6177 5690 5691
3 6171 6180 6178
3 6171 6181 6180
3 6181 6182 6180
3 6181 6183 6182
3 6178 5682 5683
3 6178 6180 5682
3 6180 5685 5682
3 6180 6182 5685
3 6171 6184 6181
3 6171 6173 6184
3 6173 6167 6184
3 6173 6160 6167
3 6181 6185 6183
3 6181 6184 6185
3 6184 6168 6185
3 6184 6167 6168
3 6186 6187 6188
3 6186 6189 6187
3 6189 6190 6187
3 6189 6191 6190
3 6188 5229 5230
3 6188 6187 5229
3 6187 5232 5229
3 6187 6190 5232
3 6186 6192 6189
3 6186 6193 6192
3 6193 6194 6192
3 6193 6195 6194
3 6189 6196 6191
3 6189 6192 6196
3 6192 6197 6196
3 6192 6194 6197
3 6186 6198 6193
3 6186 6199 6198
3 6199 6200 6198
3 6199 6201 6200
3 6193 6202 6195
3 6193 6198 6202
3 6198 6203 6202
3 6198 6200 6203
3 6186 6204 6199
3 6186 6188 6204
3 6188 5237 6204
3 6188 5230 5237
3 6199 6205 6201
3 6199 6204 6205
3 6204 5238 6205
3 6204 5237 5238
3 6206 6207 6208
3 6206 6209 6207
3 6209 6210 6207
3 6209 6211 6210
3 6208 6194 6195
3 6208 6207 6194
3 6207 6197 6194
3 6207 6210 6197
3 6206 6212 6209
3 6206 6213 6212
3 6213 5635 6212
3 6213 5636 5635
3 6209 6214 6211
3 6209 6212 6214
3 6212 5637 6214
3 6212 5635 5637
3 6206 6215 6213
3 6206 6216 6215
3 6216 6217 6215
3 6216 6218 6217
3 6213 5651 5636
3 6213 6215 5651
3 6215 5653 5651
3 6215 6217 5653
3 6206 6219 6216
3 6206 6208 6219
3 6208 6202 6219
3 6208 6195 6202
3 6216 6220 6218
3 6216 6219 6220
3 6219 6203 6220
3 6219 6202 6203
3 6221 6222 6223
3 6221 6224 6222
3 6224 6225 6222
3 6224 6226 6225
3 6223 5678 5679
3 6223 6222 5678
3 6222 5665 5678
3 6222 6225 5665
3 6221 6227 6224
3 6221 6228 6227
3 6228 6229 6227
3 6228 6230 6229
3 6224 6231 6226
3 6224 6227 6231
3 6227 6232 6231
3 6227 6229 6232
3 6221 6233 6228
3 6221 6234 6233
3 6234 6185 6233
3 6234 6183 6185
3 6228 6235 6230
3 6228 6233 6235
3 6233 6168 6235
3 6233 6185 6168
3 6221 6236 6234
3 6221 6223 6236
3 6223 5684 6236
3 6223 5679 5684
3 6234 6182 6183
3 6234 6236 6182
3 6236 5685 6182
3 6236 5684 5685
3 6237 6238 6239
3 6237 6240 6238
3 6240 6241 6238
3 6240 6242 6241
3 6239 6229 6230
3 6239 6238 6229
3 6238 6232 6229
3 6238 6241 6232
3 6237 6243 6240
3 6237 6244 6243
3 6244 5847 6243
3 6244 5842 5847
3 6240 6245 6242
3 6240 6243 6245
3 6243 5848 6245
3 6243 5847 5848
3 6237 6246 6244
3 6237 6247 6246
3 6247 6170 6246
3 6247 6166 6170
3 6244 5841 5842
3 6244 6246 5841
3 6246 5198 5841
3 6246 6170 5198
3 6237 6248 6247
3 6237 6239 6248
3 6239 6235 6248
3 6239 6230 6235
3 6247 6165 6166
3 6247 6248 6165
3 6248 6168 6165
3 6248 6235 6168
3 6249 6250 6251
3 6249 6252 6250
3 6252 6253 6250
3 6252 6254 6253
3 6251 5658 5659
3 6251 6250 5658
3 6250 5643 5658
3 6250 6253 5643
3 6249 6255 6252
3 6249 6256 6255
3 6256 6257 6255
3 6256 6258 6257
3 6252 6259 6254
3 6252 6255 6259
3 6255 6260 6259
3 6255 6257 6260
3 6249 6261 6256
3 6249 6262 6261
3 6262 6231 6261
3 6262 6226 6231
3 6256 6263 6258
3 6256 6261 6263
3 6261 6232 6263
3 6261 6231 6232
3 6249 6264 6262
3 6249 6251 6264
3 6251 5664 6264
3 6251 5659 5664
3 6262 6225 6226
3 6262 6264 6225
3 6264 5665 6225
3 6264 5664 5665
3 6265 6266 6267
3 6265 6268 6266
3 6268 6269 6266
3 6268 6270 6269
3 6267 6257 6258
3 6267 6266 6257
3 6266 6260 6257
3 6266 6269 6260
3 6265 6271 6268
3 6265 6272 6271
3 6272 5863 6271
3 6272 5858 5863
3 6268 6273 6270
3 6268 6271 6273
3 6271 5864 6273
3 6271 5863 5864
3 6265 6274 6272
3 6265 6275 6274
3 6275 6245 6274
3 6275 6242 6245
3 6272 5857 5858
3 6272 6274 5857
3 6274 5848 5857
3 6274 6245 5848
3 6265 6276 6275
3 6265 6267 6276
3 6267 6263 6276
3 6267 6258 6263
3 6275 6241 6242
3 6275 6276 6241
3 6276 6232 6241
3 6276 6263 6232
3 6277 6278 6279
3 6277 6280 6278
3 6280 6214 6278
3 6280 6211 6214
3 6279 5633 5634
3 6279 6278 5633
3 6278 5637 5633
3 6278 6214 5637
3 6277 6281 6280
3 6277 6282 6281
3 6282 6283 6281
3 6282 6284 6283
3 6280 6210 6211
3 6280 6281 6210
3 6281 6197 6210
3 6281 6283 6197
3 6277 6285 6282
3 6277 6286 6285
3 6286 6259 6285
3 6286 6254 6259
3 6282 6287 6284
3 6282 6285 6287
3 6285 6260 6287
3 6285 6259 6260
3 6277 6288 6286
3 6277 6279 6288
3 6279 5642 6288
3 6279 5634 5642
3 6286 6253 6254
3 6286 6288 6253
3 6288 5643 6253
3 6288 5642 5643
3 6289 6290 6291
3 6289 6292 6290
3 6292 6196 6290
3 6292 6191 6196
3 6291 6283 6284
3 6291 6290 6283
3 6290 6197 6283
3 6290 6196 6197
3 6289 6293 6292
3 6289 6294 6293
3 6294 5877 6293
3 6294 5874 5877
3 6292 6190 6191
3 6292 6293 6190
3 6293 5232 6190
3 6293 5877 5232
3 6289 6295 6294
3 6289 6296 6295
3 6296 6273 6295
3 6296 6270 6273
3 6294 5873 5874
3 6294 6295 5873
3 6295 5864 5873
3 6295 6273 5864
3 6289 6297 6296
3 6289 6291 6297
3 6291 6287 6297
3 6291 6284 6287
3 6296 6269 6270
3 6296 6297 6269
3 6297 6260 6269
3 6297 6287 6260
3 6298 6299 6300
3 6298 6301 6299
3 6301 6302 6299
3 6301 6303 6302
3 6300 5646 5647
3 6300 6299 5646
3 6299 5649 5646
3 6299 6302 5649
3 6298 6304 6301
3 6298 6305 6304
3 6305 6306 6304
3 6305 6307 6306
3 6301 6308 6303
3 6301 6304 6308
3 6304 6309 6308
3 6304 6306 6309
3 6298 6310 6305
3 6298 6311 6310
3 6311 6220 6310
3 6311 6218 6220
3 6305 6312 6307
3 6305 6310 6312
3 6310 6203 6312
3 6310 6220 6203
3 6298 6313 6311
3 6298 6300 6313
3 6300 5652 6313
3 6300 5647 5652
3 6311 6217 6218
3 6311 6313 6217
3 6313 5653 6217
3 6313 5652 5653
3 6314 6315 6316
3 6314 6317 6315
3 6317 6318 6315
3 6317 6319 6318
3 6316 6306 6307
3 6316 6315 6306
3 6315 6309 6306
3 6315 6318 6309
3 6314 6320 6317
3 6314 6321 6320
3 6321 5935 6320
3 6321 5930 5935
3 6317 6322 6319
3 6317 6320 6322
3 6320 5936 6322
3 6320 5935 5936
3 6314 6323 6321
3 6314 6324 6323
3 6324 6205 6323
3 6324 6201 6205
3 6321 5929 5930
3 6321 6323 5929
3 6323 5238 5929
3 6323 6205 5238
3 6314 6325 6324
3 6314 6316 6325
3 6316 6312 6325
3 6316 6307 6312
3 6324 6200 6201
3 6324 6325 6200
3 6325 6203 6200
3 6325 6312 6203
3 6326 6327 6328
3 6326 6329 6327
3 6329 6330 6327
3 6329 6331 6330
3 6328 5668 5669
3 6328 6327 5668
3 6327 5671 5668
3 6327 6330 5671
3 6326 6332 6329
3 6326 6333 6332
3 6333 6334 6332
3 6333 6335 6334
3 6329 6336 6331
3 6329 6332 6336
3 6332 6337 6336
3 6332 6334 6337
3 6326 6338 6333
3 6326 6339 6338
3 6339 6308 6338
3 6339 6303 6308
3 6333 6340 6335
3 6333 6338 6340
3 6338 6309 6340
3 6338 6308 6309
3 6326 6341 6339
3 6326 6328 6341
3 6328 5673 6341
3 6328 5669 5673
3 6339 6302 6303
3 6339 6341 6302
3 6341 5649 6302
3 6341 5673 5649
3 6342 6343 6344
3 6342 6345 6343
3 6345 6346 6343
3 6345 6347 6346
3 6344 6334 6335
3 6344 6343 6334
3 6343 6337 6334
3 6343 6346 6337
3 6342 6348 6345
3 6342 6349 6348
3 6349 5951 6348
3 6349 5946 5951
3 6345 6350 6347
3 6345 6348 6350
3 6348 5952 6350
3 6348 5951 5952
3 6342 6351 6349
3 6342 6352 6351
3 6352 6322 6351
3 6352 6319 6322
3 6349 5945 5946
3 6349 6351 5945
3 6351 5936 5945
3 6351 6322 5936
3 6342 6353 6352
3 6342 6344 6353
3 6344 6340 6353
3 6344 6335 6340
3 6352 6318 6319
3 6352 6353 6318
3 6353 6309 6318
3 6353 6340 6309
3 6354 6355 6356
3 6354 6357 6355
3 6357 6179 6355
3 6357 6176 6179
3 6356 5688 5689
3 6356 6355 5688
3 6355 5691 5688
3 6355 6179 5691
3 6354 6358 6357
3 6354 6359 6358
3 6359 6360 6358
3 6359 6361 6360
3 6357 6175 6176
3 6357 6358 6175
3 6358 6162 6175
3 6358 6360 6162
3 6354 6362 6359
3 6354 6363 6362
3 6363 6336 6362
3 6363 6331 6336
3 6359 6364 6361
3 6359 6362 6364
3 6362 6337 6364
3 6362 6336 6337
3 6354 6365 6363
3 6354 6356 6365
3 6356 5693 6365
3 6356 5689 5693
3 6363 6330 6331
3 6363 6365 6330
3 6365 5671 6330
3 6365 5693 5671
3 6366 6367 6368
3 6366 6369 6367
3 6369 6161 6367
3 6369 6156 6161
3 6368 6360 6361
3 6368 6367 6360
3 6367 6162 6360
3 6367 6161 6162
3 6366 6370 6369
3 6366 6371 6370
3 6371 5965 6370
3 6371 5962 5965
3 6369 6155 6156
3 6369 6370 6155
3 6370 5192 6155
3 6370 5965 5192
3 6366 6372 6371
3 6366 6373 6372
3 6373 6350 6372
3 6373 6347 6350
3 6371 5961 5962
3 6371 6372 5961
3 6372 5952 5961
3 6372 6350 5952
3 6366 6374 6373
3 6366 6368 6374
3 6368 6364 6374
3 6368 6361 6364
3 6373 6346 6347
3 6373 6374 6346
3 6374 6337 6346
3 6374 6364 6337
3 6375 6376 6377
3 6375 6378 6376
3 6378 6379 6376
3 6378 6380 6379
3 6377 5294 5295
3 6377 6376 5294
3 6376 5297 5294
3 6376 6379 5297
3 6375 6381 6378
3 6375 6382 6381
3 6382 6383 6381
3 6382 6384 6383
3 6378 6385 6380
3 6378 6381 6385
3 6381 6386 6385
3 6381 6383 6386
3 6375 6387 6382
3 6375 6388 6387
3 6388 6389 6387
3 6388 6390 6389
3 6382 6391 6384
3 6382 6387 6391
3 6387 6392 6391
3 6387 6389 6392
3 6375 6393 6388
3 6375 6377 6393
3 6377 5302 6393
3 6377 5295 5302
3 6388 6394 6390
3 6388 6393 6394
3 6393 5303 6394
3 6393 5302 5303
3 6395 6396 6397
3 6395 6398 6396
3 6398 6399 6396
3 6398 6400 6399
3 6397 6383 6384
3 6397 6396 6383
3 6396 6386 6383
3 6396 6399 6386
3 6395 6401 6398
3 6395 6402 6401
3 6402 5142 6401
3 6402 5143 5142
3 6398 6403 6400
3 6398 6401 6403
3 6401 5144 6403
3 6401 5142 5144
3 6395 6404 6402
3 6395 6405 6404
3 6405 6406 6404
3 6405 6407 6406
3 6402 5158 5143
3 6402 6404 5158
3 6404 5160 5158
3 6404 6406 5160
3 6395 6408 6405
3 6395 6397 6408
3 6397 6391 6408
3 6397 6384 6391
3 6405 6409 6407
3 6405 6408 6409
3 6408 6392 6409
3 6408 6391 6392
3 6410 6411 6412
3 6410 6413 6411
3 6413 6414 6411
3 6413 6415 6414
3 6412 5263 5248
3 6412 6411 5263
3 6411 5265 5263
3 6411 6414 5265
3 6410 6416 6413
3 6410 6417 6416
3 6417 6418 6416
3 6417 6419 6418
3 6413 6420 6415
3 6413 6416 6420
3 6416 6421 6420
3 6416 6418 6421
3 6410 6422 6417
3 6410 6423 6422
3 6423 6424 6422
3 6423 6425 6424
3 6417 6426 6419
3 6417 6422 6426
3 6422 6427 6426
3 6422 6424 6427
3 6410 6428 6423
3 6410 6412 6428
3 6412 5247 6428
3 6412 5248 5247
3 6423 6429 6425
3 6423 6428 6429
3 6428 5249 6429
3 6428 5247 5249
3 6430 6431 6432
3 6430 6433 6431
3 6433 6434 6431
3 6433 6435 6434
3 6432 6418 6419
3 6432 6431 6418
3 6431 6421 6418
3 6431 6434 6421
3 6430 6436 6433
3 6430 6437 6436
3 6437 5117 6436
3 6437 5118 5117
3 6433 6438 6435
3 6433 6436 6438
3 6436 5119 6438
3 6436 5117 5119
3 6430 6439 6437
3 6430 6440 6439
3 6440 6441 6439
3 6440 6442 6441
3 6437 5133 5118
3 6437 6439 5133
3 6439 5135 5133
3 6439 6441 5135
3 6430 6443 6440
3 6430 6432 6443
3 6432 6426 6443
3 6432 6419 6426
3 6440 6444 6442
3 6440 6443 6444
3 6443 6427 6444
3 6443 6426 6427
3 6445 6446 6447
3 6445 6448 6446
3 6448 6449 6446
3 6448 6450 6449
3 6447 5350 5351
3 6447 6446 5350
3 6446 5353 5350
3 6446 6449 5353
3 6445 6451 6448
3 6445 6452 6451
3 6452 6453 6451
3 6452 6454 6453
3 6448 6455 6450
3 6448 6451 6455
3 6451 6456 6455
3 6451 6453 6456
3 6445 6457 6452
3 6445 6458 6457
3 6458 6385 6457
3 6458 6380 6385
3 6452 6459 6454
3 6452 6457 6459
3 6457 6386 6459
3 6457 6385 6386
3 6445 6460 6458
3 6445 6447 6460
3 6447 5356 6460
3 6447 5351 5356
3 6458 6379 6380
3 6458 6460 6379
3 6460 5297 6379
3 6460 5356 5297
3 6461 6462 6463
3 6461 6464 6462
3 6464 6465 6462
3 6464 6466 6465
3 6463 6453 6454
3 6463 6462 6453
3 6462 6456 6453
3 6462 6465 6456
3 6461 6467 6464
3 6461 6468 6467
3 6468 5364 6467
3 6468 5365 5364
3 6464 6469 6466
3 6464 6467 6469
3 6467 5366 6469
3 6467 5364 5366
3 6461 6470 6468
3 6461 6471 6470
3 6471 6403 6470
3 6471 6400 6403
3 6468 5380 5365
3 6468 6470 5380
3 6470 5144 5380
3 6470 6403 5144
3 6461 6472 6471
3 6461 6463 6472
3 6463 6459 6472
3 6463 6454 6459
3 6471 6399 6400
3 6471 6472 6399
3 6472 6386 6399
3 6472 6459 6386
3 6473 6474 6475
3 6473 6476 6474
3 6476 6429 6474
3 6476 6425 6429
3 6475 5325 5313
3 6475 6474 5325
3 6474 5249 5325
3 6474 6429 5249
3 6473 6477 6476
3 6473 6478 6477
3 6478 6479 6477
3 6478 6480 6479
3 6476 6424 6425
3 6476 6477 6424
3 6477 6427 6424
3 6477 6479 6427
3 6473 6481 6478
3 6473 6482 6481
3 6482 6483 6481
3 6482 6484 6483
3 6478 6485 6480
3 6478 6481 6485
3 6481 6486 6485
3 6481 6483 6486
3 6473 6487 6482
3 6473 6475 6487
3 6475 5312 6487
3 6475 5313 5312
3 6482 6488 6484
3 6482 6487 6488
3 6487 5314 6488
3 6487 5312 5314
3 6489 6490 6491
3 6489 6492 6490
3 6492 6444 6490
3 6492 6442 6444
3 6491 6479 6480
3 6491 6490 6479
3 6490 6427 6479
3 6490 6444 6427
3 6489 6493 6492
3 6489 6494 6493
3 6494 5418 6493
3 6494 5411 5418
3 6492 6441 6442
3 6492 6493 6441
3 6493 5135 6441
3 6493 5418 5135
3 6489 6495 6494
3 6489 6496 6495
3 6496 6497 6495
3 6496 6498 6497
3 6494 5410 5411
3 6494 6495 5410
3 6495 5413 5410
3 6495 6497 5413
3 6489 6499 6496
3 6489 6491 6499
3 6491 6485 6499
3 6491 6480 6485
3 6496 6500 6498
3 6496 6499 6500
3 6499 6486 6500
3 6499 6485 6486
3 6501 6502 6503
3 6501 6504 6502
3 6504 6505 6502
3 6504 6506 6505
3 6503 5465 5466
3 6503 6502 5465
3 6502 5468 5465
3 6502 6505 5468
3 6501 6507 6504
3 6501 6508 6507
3 6508 6509 6507
3 6508 6510 6509
3 6504 6511 6506
3 6504 6507 6511
3 6507 6512 6511
3 6507 6509 6512
3 6501 6513 6508
3 6501 6514 6513
3 6514 6455 6513
3 6514 6450 6455
3 6508 6515 6510
3 6508 6513 6515
3 6513 6456 6515
3 6513 6455 6456
3 6501 6516 6514
3 6501 6503 6516
3 6503 5471 6516
3 6503 5466 5471
3 6514 6449 6450
3 6514 6516 6449
3 6516 5353 6449
3 6516 5471 5353
3 6517 6518 6519
3 6517 6520 6518
3 6520 6521 6518
3 6520 6522 6521
3 6519 6509 6510
3 6519 6518 6509
3 6518 6512 6509
3 6518 6521 6512
3 6517 6523 6520
3 6517 6524 6523
3 6524 5531 6523
3 6524 5532 5531
3 6520 6525 6522
3 6520 6523 6525
3 6523 5533 6525
3 6523 5531 5533
3 6517 6526 6524
3 6517 6527 6526
3 6527 6469 6526
3 6527 6466 6469
3 6524 5544 5532
3 6524 6526 5544
3 6526 5366 5544
3 6526 6469 5366
3 6517 6528 6527
3 6517 6519 6528
3 6519 6515 6528
3 6519 6510 6515
3 6527 6465 6466
3 6527 6528 6465
3 6528 6456 6465
3 6528 6515 6456
3 6529 6530 6531
3 6529 6532 6530
3 6532 6533 6530
3 6532 6534 6533
3 6531 5517 5518
3 6531 6530 5517
3 6530 5520 5517
3 6530 6533 5520
3 6529 6535 6532
3 6529 6536 6535
3 6536 6537 6535
3 6536 6538 6537
3 6532 6539 6534
3 6532 6535 6539
3 6535 6540 6539
3 6535 6537 6540
3 6529 6541 6536
3 6529 6542 6541
3 6542 6511 6541
3 6542 6506 6511
3 6536 6543 6538
3 6536 6541 6543
3 6541 6512 6543
3 6541 6511 6512
3 6529 6544 6542
3 6529 6531 6544
3 6531 5523 6544
3 6531 5518 5523
3 6542 6505 6506
3 6542 6544 6505
3 6544 5468 6505
3 6544 5523 5468
3 6545 6546 6547
3 6545 6548 6546
3 6548 6549 6546
3 6548 6550 6549
3 6547 6537 6538
3 6547 6546 6537
3 6546 6540 6537
3 6546 6549 6540
3 6545 6551 6548
3 6545 6552 6551
3 6552 5583 6551
3 6552 5584 5583
3 6548 6553 6550
3 6548 6551 6553
3 6551 5585 6553
3 6551 5583 5585
3 6545 6554 6552
3 6545 6555 6554
3 6555 6525 6554
3 6555 6522 6525
3 6552 5596 5584
3 6552 6554 5596
3 6554 5533 5596
3 6554 6525 5533
3 6545 6556 6555
3 6545 6547 6556
3 6547 6543 6556
3 6547 6538 6543
3 6555 6521 6522
3 6555 6556 6521
3 6556 6512 6521
3 6556 6543 6512
3 6557 6558 6559
3 6557 6560 6558
3 6560 6561 6558
3 6560 6562 6561
3 6559 6563 6564
3 6559 6558 6563
3 6558 6565 6563
3 6558 6561 6565
3 6557 6566 6560
3 6557 6567 6566
3 6567 5479 6566
3 6567 5480 5479
3 6560 6568 6562
3 6560 6566 6568
3 6566 5481 6568
3 6566 5479 5481
3 6557 6569 6567
3 6557 6570 6569
3 6570 6571 6569
3 6570 6572 6571
3 6567 5492 5480
3 6567 6569 5492
3 6569 5429 5492
3 6569 6571 5429
3 6557 6573 6570
3 6557 6559 6573
3 6559 6574 6573
3 6559 6564 6574
3 6570 6575 6572
3 6570 6573 6575
3 6573 6576 6575
3 6573 6574 6576
3 6577 6578 6579
3 6577 6580 6578
3 6580 6581 6578
3 6580 6582 6581
3 6579 6574 6564
3 6579 6578 6574
3 6578 6576 6574
3 6578 6581 6576
3 6577 6583 6580
3 6577 6584 6583
3 6584 5627 6583
3 6584 5622 5627
3 6580 6585 6582
3 6580 6583 6585
3 6583 5572 6585
3 6583 5627 5572
3 6577 6586 6584
3 6577 6587 6586
3 6587 6588 6586
3 6587 6589 6588
3 6584 5621 5622
3 6584 6586 5621
3 6586 5624 5621
3 6586 6588 5624
3 6577 6590 6587
3 6577 6579 6590
3 6579 6563 6590
3 6579 6564 6563
3 6587 6591 6589
3 6587 6590 6591
3 6590 6565 6591
3 6590 6563 6565
3 6592 6593 6594
3 6592 6595 6593
3 6595 6488 6593
3 6595 6484 6488
3 6594 5440 5428
3 6594 6593 5440
3 6593 5314 5440
3 6593 6488 5314
3 6592 6596 6595
3 6592 6597 6596
3 6597 6598 6596
3 6597 6599 6598
3 6595 6483 6484
3 6595 6596 6483
3 6596 6486 6483
3 6596 6598 6486
3 6592 6600 6597
3 6592 6601 6600
3 6601 6575 6600
3 6601 6572 6575
3 6597 6602 6599
3 6597 6600 6602
3 6600 6576 6602
3 6600 6575 6576
3 6592 6603 6601
3 6592 6594 6603
3 6594 5427 6603
3 6594 5428 5427
3 6601 6571 6572
3 6601 6603 6571
3 6603 5429 6571
3 6603 5427 5429
3 6604 6605 6606
3 6604 6607 6605
3 6607 6500 6605
3 6607 6498 6500
3 6606 6598 6599
3 6606 6605 6598
3 6605 6486 6598
3 6605 6500 6486
3 6604 6608 6607
3 6604 6609 6608
3 6609 5575 6608
3 6609 5570 5575
3 6607 6497 6498
3 6607 6608 6497
3 6608 5413 6497
3 6608 5575 5413
3 6604 6610 6609
3 6604 6611 6610
3 6611 6585 6610
3 6611 6582 6585
3 6609 5569 5570
3 6609 6610 5569
3 6610 5572 5569
3 6610 6585 5572
3 6604 6612 6611
3 6604 6606 6612
3 6606 6602 6612
3 6606 6599 6602
3 6611 6581 6582
3 6611 6612 6581
3 6612 6576 6581
3 6612 6602 6576
3 6613 6614 6615
3 6613 6616 6614
3 6616 6617 6614
3 6616 6618 6617
3 6615 5513 5514
3 6615 6614 5513
3 6614 5504 5513
3 6614 6617 5504
3 6613 6619 6616
3 6613 6620 6619
3 6620 6621 6619
3 6620 6622 6621
3 6616 6623 6618
3 6616 6619 6623
3 6619 6624 6623
3 6619 6621 6624
3 6613 6625 6620
3 6613 6626 6625
3 6626 6539 6625
3 6626 6534 6539
3 6620 6627 6622
3 6620 6625 6627
3 6625 6540 6627
3 6625 6539 6540
3 6613 6628 6626
3 6613 6615 6628
3 6615 5519 6628
3 6615 5514 5519
3 6626 6533 6534
3 6626 6628 6533
3 6628 5520 6533
3 6628 5519 5520
3 6629 6630 6631
3 6629 6632 6630
3 6632 6633 6630
3 6632 6634 6633
3 6631 6621 6622
3 6631 6630 6621
3 6630 6624 6621
3 6630 6633 6624
3 6629 6635 6632
3 6629 6636 6635
3 6636 5590 6635
3 6636 5582 5590
3 6632 6637 6634
3 6632 6635 6637
3 6635 5591 6637
3 6635 5590 5591
3 6629 6638 6636
3 6629 6639 6638
3 6639 6553 6638
3 6639 6550 6553
3 6636 5581 5582
3 6636 6638 5581
3 6638 5585 5581
3 6638 6553 5585
3 6629 6640 6639
3 6629 6631 6640
3 6631 6627 6640
3 6631 6622 6627
3 6639 6549 6550
3 6639 6640 6549
3 6640 6540 6549
3 6640 6627 6540
3 6641 6642 6643
3 6641 6644 6642
3 6644 6645 6642
3 6644 6646 6645
3 6643 5497 5498
3 6643 6642 5497
3 6642 5487 5497
3 6642 6645 5487
3 6641 6647 6644
3 6641 6648 6647
3 6648 6649 6647
3 6648 6650 6649
3 6644 6651 6646
3 6644 6647 6651
3 6647 6652 6651
3 6647 6649 6652
3 6641 6653 6648
3 6641 6654 6653
3 6654 6623 6653
3 6654 6618 6623
3 6648 6655 6650
3 6648 6653 6655
3 6653 6624 6655
3 6653 6623 6624
3 6641 6656 6654
3 6641 6643 6656
3 6643 5503 6656
3 6643 5498 5503
3 6654 6617 6618
3 6654 6656 6617
3 6656 5504 6617
3 6656 5503 5504
3 6657 6658 6659
3 6657 6660 6658
3 6660 6661 6658
3 6660 6662 6661
3 6659 6649 6650
3 6659 6658 6649
3 6658 6652 6649
3 6658 6661 6652
3 6657 6663 6660
3 6657 6664 6663
3 6664 5607 6663
3 6664 5602 5607
3 6660 6665 6662
3 6660 6663 6665
3 6663 5608 6665
3 6663 5607 5608
3 6657 6666 6664
3 6657 6667 6666
3 6667 6637 6666
3 6667 6634 6637
3 6664 5601 5602
3 6664 6666 5601
3 6666 5591 5601
3 6666 6637 5591
3 6657 6668 6667
3 6657 6659 6668
3 6659 6655 6668
3 6659 6650 6655
3 6667 6633 6634
3 6667 6668 6633
3 6668 6624 6633
3 6668 6655 6624
3 6669 6670 6671
3 6669 6672 6670
3 6672 6568 6670
3 6672 6562 6568
3 6671 5477 5478
3 6671 6670 5477
3 6670 5481 5477
3 6670 6568 5481
3 6669 6673 6672
3 6669 6674 6673
3 6674 6675 6673
3 6674 6676 6675
3 6672 6561 6562
3 6672 6673 6561
3 6673 6565 6561
3 6673 6675 6565
3 6669 6677 6674
3 6669 6678 6677
3 6678 6651 6677
3 6678 6646 6651
3 6674 6679 6676
3 6674 6677 6679
3 6677 6652 6679
3 6677 6651 6652
3 6669 6680 6678
3 6669 6671 6680
3 6671 5486 6680
3 6671 5478 5486
3 6678 6645 6646
3 6678 6680 6645
3 6680 5487 6645
3 6680 5486 5487
3 6681 6682 6683
3 6681 6684 6682
3 6684 6591 6682
3 6684 6589 6591
3 6683 6675 6676
3 6683 6682 6675
3 6682 6565 6675
3 6682 6591 6565
3 6681 6685 6684
3 6681 6686 6685
3 6686 5623 6685
3 6686 5618 5623
3 6684 6588 6589
3 6684 6685 6588
3 6685 5624 6588
3 6685 5623 5624
3 6681 6687 6686
3 6681 6688 6687
3 6688 6665 6687
3 6688 6662 6665
3 6686 5617 5618
3 6686 6687 5617
3 6687 5608 5617
3 6687 6665 5608
3 6681 6689 6688
3 6681 6683 6689
3 6683 6679 6689
3 6683 6676 6679
3 6688 6661 6662
3 6688 6689 6661
3 6689 6652 6661
3 6689 6679 6652
3 6690 6691 6692
3 6690 6693 6691
3 6693 6694 6691
3 6693 6695 6694
3 6692 6052 6053
3 6692 6691 6052
3 6691 6043 6052
3 6691 6694 6043
3 6690 6696 6693
3 6690 6697 6696
3 6697 6698 6696
3 6697 6699 6698
3 6693 6700 6695
3 6693 6696 6700
3 6696 6701 6700
3 6696 6698 6701
3 6690 6702 6697
3 6690 6703 6702
3 6703 3336 6702
3 6703 3331 3336
3 6697 6704 6699
3 6697 6702 6704
3 6702 3337 6704
3 6702 3336 3337
3 6690 6705 6703
3 6690 6692 6705
3 6692 6056 6705
3 6692 6053 6056
3 6703 3330 3331
3 6703 6705 3330
3 6705 2678 3330
3 6705 6056 2678
3 6706 6707 6708
3 6706 6709 6707
3 6709 6710 6707
3 6709 6711 6710
3 6708 6698 6699
3 6708 6707 6698
3 6707 6701 6698
3 6707 6710 6701
3 6706 6712 6709
3 6706 6713 6712
3 6713 6094 6712
3 6713 6092 6094
3 6709 6714 6711
3 6709 6712 6714
3 6712 6077 6714
3 6712 6094 6077
3 6706 6715 6713
3 6706 6716 6715
3 6716 3354 6715
3 6716 3351 3354
3 6713 6091 6092
3 6713 6715 6091
3 6715 2714 6091
3 6715 3354 2714
3 6706 6717 6716
3 6706 6708 6717
3 6708 6704 6717
3 6708 6699 6704
3 6716 3350 3351
3 6716 6717 3350
3 6717 3337 3350
3 6717 6704 3337
3 6718 6719 6720
3 6718 6721 6719
3 6721 6394 6719
3 6721 6390 6394
3 6720 6036 6037
3 6720 6719 6036
3 6719 5303 6036
3 6719 6394 5303
3 6718 6722 6721
3 6718 6723 6722
3 6723 6724 6722
3 6723 6725 6724
3 6721 6389 6390
3 6721 6722 6389
3 6722 6392 6389
3 6722 6724 6392
3 6718 6726 6723
3 6718 6727 6726
3 6727 6700 6726
3 6727 6695 6700
3 6723 6728 6725
3 6723 6726 6728
3 6726 6701 6728
3 6726 6700 6701
3 6718 6729 6727
3 6718 6720 6729
3 6720 6042 6729
3 6720 6037 6042
3 6727 6694 6695
3 6727 6729 6694
3 6729 6043 6694
3 6729 6042 6043
3 6730 6731 6732
3 6730 6733 6731
3 6733 6409 6731
3 6733 6407 6409
3 6732 6724 6725
3 6732 6731 6724
3 6731 6392 6724
3 6731 6409 6392
3 6730 6734 6733
3 6730 6735 6734
3 6735 6079 6734
3 6735 6075 6079
3 6733 6406 6407
3 6733 6734 6406
3 6734 5160 6406
3 6734 6079 5160
3 6730 6736 6735
3 6730 6737 6736
3 6737 6714 6736
3 6737 6711 6714
3 6735 6074 6075
3 6735 6736 6074
3 6736 6077 6074
3 6736 6714 6077
3 6730 6738 6737
3 6730 6732 6738
3 6732 6728 6738
3 6732 6725 6728
3 6737 6710 6711
3 6737 6738 6710
3 6738 6701 6710
3 6738 6728 6701
3 6739 6740 6741
3 6739 6742 6740
3 6742 6743 6740
3 6742 6744 6743
3 6741 5983 5984
3 6741 6740 5983
3 6740 5986 5983
3 6740 6743 5986
3 6739 6745 6742
3 6739 6746 6745
3 6746 6747 6745
3 6746 6748 6747
3 6742 6749 6744
3 6742 6745 6749
3 6745 6750 6749
3 6745 6747 6750
3 6739 6751 6746
3 6739 6752 6751
3 6752 6420 6751
3 6752 6415 6420
3 6746 6753 6748
3 6746 6751 6753
3 6751 6421 6753
3 6751 6420 6421
3 6739 6754 6752
3 6739 6741 6754
3 6741 5988 6754
3 6741 5984 5988
3 6752 6414 6415
3 6752 6754 6414
3 6754 5265 6414
3 6754 5988 5265
3 6755 6756 6757
3 6755 6758 6756
3 6758 6759 6756
3 6758 6760 6759
3 6757 6747 6748
3 6757 6756 6747
3 6756 6750 6747
3 6756 6759 6750
3 6755 6761 6758
3 6755 6762 6761
3 6762 6133 6761
3 6762 6128 6133
3 6758 6763 6760
3 6758 6761 6763
3 6761 6134 6763
3 6761 6133 6134
3 6755 6764 6762
3 6755 6765 6764
3 6765 6438 6764
3 6765 6435 6438
3 6762 6127 6128
3 6762 6764 6127
3 6764 5119 6127
3 6764 6438 5119
3 6755 6766 6765
3 6755 6757 6766
3 6757 6753 6766
3 6757 6748 6753
3 6765 6434 6435
3 6765 6766 6434
3 6766 6421 6434
3 6766 6753 6421
3 6767 6768 6769
3 6767 6770 6768
3 6770 3410 6768
3 6770 3411 3410
3 6769 6000 6001
3 6769 6768 6000
3 6768 2610 6000
3 6768 3410 2610
3 6767 6771 6770
3 6767 6772 6771
3 6772 6773 6771
3 6772 6774 6773
3 6770 3419 3411
3 6770 6771 3419
3 6771 3421 3419
3 6771 6773 3421
3 6767 6775 6772
3 6767 6776 6775
3 6776 6749 6775
3 6776 6744 6749
3 6772 6777 6774
3 6772 6775 6777
3 6775 6750 6777
3 6775 6749 6750
3 6767 6778 6776
3 6767 6769 6778
3 6769 6003 6778
3 6769 6001 6003
3 6776 6743 6744
3 6776 6778 6743
3 6778 5986 6743
3 6778 6003 5986
3 6779 6780 6781
3 6779 6782 6780
3 6782 3426 6780
3 6782 3427 3426
3 6781 6773 6774
3 6781 6780 6773
3 6780 3421 6773
3 6780 3426 3421
3 6779 6783 6782
3 6779 6784 6783
3 6784 6147 6783
3 6784 6144 6147
3 6782 3433 3427
3 6782 6783 3433
3 6783 2782 3433
3 6783 6147 2782
3 6779 6785 6784
3 6779 6786 6785
3 6786 6763 6785
3 6786 6760 6763
3 6784 6143 6144
3 6784 6785 6143
3 6785 6134 6143
3 6785 6763 6134
3 6779 6787 6786
3 6779 6781 6787
3 6781 6777 6787
3 6781 6774 6777
3 6786 6759 6760
3 6786 6787 6759
3 6787 6750 6759
3 6787 6777 6750
