ply
format ascii 1.0
element vertex 2810
property float x
property float y
property float z
property float nx
property float ny
property float nz
property float u
property float v
element face 5616
property list uchar int vertex_indices
end_header
-0.772919 0.478405 3.114285 0.211095777 -0.767584645 -0.605187893 0 0
-0.775061 0.478425 3.113666 0.141500309 -0.725701586 -0.673301471 0 0
-0.772499 0.478972 3.113732 0.205008593 -0.745131233 -0.634626601 0 0
-0.775369 0.477866 3.114224 0.151906962 -0.748734315 -0.645229572 0 0
-0.777889 0.477777 3.113892 0.0724995788 -0.704895905 -0.7055959 0 0
-0.778072 0.477227 3.11444 0.0867017683 -0.72861486 -0.679413857 0 0
-0.774839 0.478862 3.113254 0.1318061 -0.698232315 -0.703632565 0 0
-0.772197 0.479414 3.113325 0.199694286 -0.718279447 -0.666480929 0 0
-0.777759 0.478209 3.113485 0.0587019856 -0.677122904 -0.733524812 0 0
-0.775756 0.477221 3.114905 0.164294293 -0.772273176 -0.613678684 0 0
-0.773445 0.477747 3.114964 0.218704543 -0.790116411 -0.572611893 0 0
-0.776216 0.476526 3.115689 0.179103047 -0.798013578 -0.575409791 0 0
-0.774071 0.47703 3.11575 0.228200523 -0.814301865 -0.533701222 0 0
-0.778305 0.476599 3.115108 0.103406576 -0.753347911 -0.649441303 0 0
-0.778583 0.475929 3.115871 0.123204431 -0.781028086 -0.612222016 0 0
-0.77144 0.478167 3.115245 0.270112024 -0.806435899 -0.526023416 0 0
-0.770793 0.478837 3.114582 0.267902128 -0.784906236 -0.558704439 0 0
-0.769808 0.478474 3.11571 0.324013447 -0.821034074 -0.470019506 0 0
-0.769063 0.479153 3.115074 0.328507651 -0.800918654 -0.500611659 0 0
-0.77221 0.477432 3.116018 0.273408558 -0.829025949 -0.487815269 0 0
-0.770696 0.477725 3.116457 0.319807047 -0.841718547 -0.435009586 0 0
-0.770279 0.479411 3.114045 0.26690542 -0.763315499 -0.588311946 0 0
-0.769907 0.479856 3.113653 0.266898049 -0.73739461 -0.620495464 0 0
-0.768472 0.479731 3.114564 0.333512308 -0.780528806 -0.528719513 0 0
-0.768045 0.480179 3.114191 0.3401032 -0.755907113 -0.559405264 0 0
-0.766972 0.479405 3.116575 0.481188449 -0.820880295 -0.307592616 0 0
-0.767152 0.479923 3.115243 0.414129431 -0.795956567 -0.441531379 0 0
-0.766286 0.479987 3.116137 0.502325534 -0.802840809 -0.321116323 0 0
-0.767801 0.479342 3.115722 0.401199452 -0.814798888 -0.418499429 0 0
-0.766684 0.480372 3.114895 0.429203165 -0.773105702 -0.467003444 0 0
-0.76579 0.480437 3.115819 0.526237835 -0.780956149 -0.336424188 0 0
-0.768617 0.478658 3.116321 0.388301998 -0.833104286 -0.393902027 0 0
-0.767835 0.478719 3.117127 0.459425892 -0.838247241 -0.293716553 0 0
-0.769589 0.477901 3.11703 0.374606179 -0.851714049 -0.366406044 0 0
-0.768861 0.477959 3.117783 0.435895552 -0.855791267 -0.278597157 0 0
-0.767432 0.478658 3.118175 0.520630624 -0.833049001 -0.187011 0 0
-0.766545 0.479342 3.117686 0.548212464 -0.814818525 -0.188504286 0 0
-0.767377 0.478474 3.119513 0.562739677 -0.820957884 -0.0967068186 0 0
-0.766488 0.479153 3.119103 0.592298786 -0.800898358 -0.0879998196 0 0
-0.768484 0.477901 3.118759 0.489925719 -0.851644708 -0.186209775 0 0
-0.768428 0.477725 3.120004 0.529104376 -0.841706961 -0.10760089 0 0
-0.765839 0.479923 3.117298 0.574625221 -0.795934934 -0.190508362 0 0
-0.765326 0.480372 3.117019 0.604127772 -0.773035537 -0.193508896 0 0
-0.765776 0.479731 3.118781 0.61990468 -0.780505893 -0.08080061 0 0
-0.765259 0.480179 3.11855 0.650501213 -0.75590141 -0.0739001378 0 0
-0.76739 0.478405 3.122934 0.637938625 -0.767546473 0.0625037844 0 0
-0.766064 0.479411 3.120639 0.646011312 -0.763313366 0.0047000823 0 0
-0.766712 0.478972 3.122786 0.661989673 -0.745188375 0.0803987458 0 0
-0.766767 0.478837 3.12088 0.619524094 -0.784930527 -0.00860033447 0 0
-0.765552 0.479856 3.120466 0.675309245 -0.737310094 0.0182002492 0 0
-0.766216 0.479414 3.122682 0.688712111 -0.718312632 0.0985017322 0 0
-0.76764 0.478167 3.121189 0.590824789 -0.806433835 -0.0243010196 0 0
-0.768227 0.477747 3.123127 0.611405622 -0.790207266 0.0419003853 0 0
-0.768665 0.477432 3.121563 0.557521705 -0.829032275 -0.0433016858 0 0
-0.769203 0.47703 3.123365 0.580198396 -0.814297748 0.016999953 0 0
-0.769144 0.477221 3.125249 0.625909279 -0.77231145 0.108501609 0 0
-0.768363 0.477866 3.125183 0.649412647 -0.748714581 0.13300259 0 0
-0.770398 0.476599 3.127477 0.632853662 -0.75336388 0.178715154 0 0
-0.769695 0.477227 3.127546 0.653086997 -0.728585494 0.206495889 0 0
-0.770048 0.476526 3.125337 0.59748469 -0.797979552 0.0789979757 0 0
-0.771207 0.475929 3.127409 0.607406439 -0.781008279 0.145201539 0 0
-0.767727 0.478425 3.125138 0.670514232 -0.725715403 0.154103271 0 0
-0.76726 0.478862 3.12511 0.693939524 -0.698239769 0.175810014 0 0
-0.76912 0.477777 3.12761 0.670819853 -0.704920862 0.230406819 0 0
-0.768696 0.478209 3.127663 0.690421497 -0.677121082 0.254607927 0 0
-0.793942 0.469899 3.140362 0.0876984999 -0.82138595 0.56359036 0 0
-0.792433 0.470775 3.141214 0.159008131 -0.762839009 0.626732049 0 0
-0.79458 0.470341 3.141065 0.0762031225 -0.800532803 0.594424357 0 0
-0.791924 0.470329 3.140515 0.169212278 -0.786057034 0.594543139 0 0
-0.789975 0.471331 3.141084 0.245704102 -0.726612131 0.641610712 0 0
-0.789581 0.470877 3.140393 0.252997944 -0.751093897 0.609795045 0 0
-0.792821 0.471146 3.141742 0.152011708 -0.743657279 0.651050146 0 0
-0.795064 0.470711 3.1416 0.0706033379 -0.785337128 0.615029076 0 0
-0.790278 0.471706 3.141605 0.240005701 -0.70551676 0.66681584 0 0
-0.791327 0.469861 3.139684 0.18220068 -0.814303037 0.551102056 0 0
-0.793218 0.469439 3.139535 0.104505822 -0.847547214 0.520328986 0 0
-0.790673 0.469424 3.13876 0.197902501 -0.848610722 0.490606199 0 0
-0.792434 0.469017 3.138618 0.126305256 -0.879036577 0.459719129 0 0
-0.78912 0.470396 3.139572 0.261611447 -0.780834166 0.567324824 0 0
-0.788618 0.469941 3.138658 0.271303535 -0.817510652 0.508006619 0 0
-0.794782 0.469123 3.139196 0.0300989172 -0.87866839 0.476482859 0 0
-0.795634 0.469578 3.140014 0.0113003055 -0.856023143 0.516813972 0 0
-0.796008 0.468903 3.138742 -0.0428006005 -0.907112727 0.418705874 0 0
-0.796961 0.469355 3.139542 -0.0639013991 -0.889619478 0.452209901 0 0
-0.79389 0.468712 3.138301 0.0580012618 -0.906819728 0.417509083 0 0
-0.795032 0.468499 3.137876 -0.00889996271 -0.931396097 0.363898475 0 0
-0.796447 0.470024 3.14073 0.00209997987 -0.839991949 0.542594799 0 0
-0.797063 0.4704 3.14129 0.00360012772 -0.832029517 0.554719679 0 0
-0.797916 0.469805 3.14026 -0.0708988039 -0.881785124 0.466292134 0 0
-0.799007 0.470219 3.140905 -0.0667990855 -0.893287771 0.444493915 0 0
-0.799884 0.469899 3.131067 -0.474695137 -0.821391585 -0.316196761 0 0
-0.800023 0.470775 3.12934 -0.502093849 -0.762790656 -0.407495008 0 0
-0.799176 0.470329 3.129172 -0.4686112 -0.786018786 -0.403209637 0 0
-0.800789 0.470341 3.131351 -0.50751873 -0.800529544 -0.318711762 0 0
-0.800665 0.471146 3.12947 -0.527136687 -0.743651756 -0.41122862 0 0
-0.801479 0.470711 3.131566 -0.528619324 -0.785328708 -0.322211779 0 0
-0.798873 0.471331 3.127164 -0.479113863 -0.726621025 -0.492414248 0 0
-0.798081 0.470877 3.127096 -0.447211983 -0.751120127 -0.485613012 0 0
-0.799474 0.471706 3.12722 -0.504411488 -0.705516068 -0.497811338 0 0
-0.80127 0.470024 3.133187 -0.491516137 -0.840027579 -0.229707541 0 0
-0.800278 0.469578 3.132749 -0.464237725 -0.856069567 -0.227218465 0 0
-0.801459 0.469805 3.134717 -0.452910052 -0.881819572 -0.131402917 0 0
-0.800407 0.469355 3.134152 -0.437302036 -0.889604141 -0.131800614 0 0
-0.802036 0.4704 3.133511 -0.501920567 -0.832034093 -0.236209679 0 0
-0.802503 0.470219 3.135437 -0.431488536 -0.893276266 -0.125996652 0 0
-0.799178 0.469123 3.132319 -0.419788143 -0.878675182 -0.227393577 0 0
-0.798829 0.469439 3.130758 -0.428412917 -0.847525553 -0.313309446 0 0
-0.797991 0.468712 3.131885 -0.35451863 -0.906847656 -0.227911977 0 0
-0.797668 0.469017 3.13043 -0.364099385 -0.879098514 -0.30759948 0 0
-0.799281 0.468903 3.133623 -0.398004772 -0.907110876 -0.136901641 0 0
-0.798085 0.468499 3.133101 -0.333999992 -0.931399977 -0.144699996 0 0
-0.798171 0.469861 3.128978 -0.423722549 -0.814243331 -0.396821117 0 0
-0.797142 0.470396 3.127022 -0.405090857 -0.780782378 -0.475689264 0 0
-0.797057 0.469424 3.128773 -0.362214299 -0.8486335 -0.385515219 0 0
-0.796102 0.469941 3.126951 -0.347200983 -0.817502314 -0.4595013 0 0
-0.783923 0.475706 3.115838 -0.060605676 -0.691564768 -0.719767409 0 0
-0.780912 0.477039 3.114452 -0.00200011565 -0.684039552 -0.729442178 0 0
-0.780958 0.4765 3.114975 0.0156004175 -0.708618963 -0.705418877 0 0
-0.784019 0.476233 3.115358 -0.0810036805 -0.666230271 -0.741333683 0 0
-0.780883 0.477465 3.114065 -0.0188009328 -0.656332565 -0.754237422 0 0
-0.784097 0.476652 3.115002 -0.100004775 -0.63893051 -0.762736422 0 0
-0.787105 0.475382 3.116618 -0.165399179 -0.654896748 -0.737396339 0 0
-0.786866 0.474868 3.117038 -0.142605027 -0.680723996 -0.718525328 0 0
-0.790059 0.474508 3.118242 -0.254311451 -0.653929444 -0.712532082 0 0
-0.789682 0.474007 3.118586 -0.229194856 -0.679984738 -0.696484368 0 0
-0.787289 0.475794 3.116306 -0.186001297 -0.628304382 -0.755405269 0 0
-0.790347 0.474912 3.117988 -0.276218346 -0.628341733 -0.727248302 0 0
-0.786588 0.474295 3.117549 -0.114600782 -0.710204844 -0.694604737 0 0
-0.783817 0.475114 3.11642 -0.036101341 -0.719526727 -0.693525761 0 0
-0.786286 0.473707 3.118133 -0.0794031166 -0.745529263 -0.661725973 0 0
-0.783709 0.474498 3.117085 -0.00629990191 -0.752388285 -0.658689744 0 0
-0.789239 0.473454 3.119006 -0.197804138 -0.710414862 -0.67541413 0 0
-0.788753 0.472895 3.119488 -0.157002602 -0.747612392 -0.645310696 0 0
-0.781024 0.475889 3.11561 0.0363025393 -0.734951408 -0.677147365 0 0
-0.781111 0.475246 3.116333 0.0611049127 -0.76506151 -0.641051539 0 0
-0.773419 0.475706 3.13227 0.62781136 -0.691612515 0.357106462 0 0
-0.770897 0.477039 3.130118 0.661210894 -0.684011269 0.308105076 0 0
-0.773024 0.476233 3.132559 0.638837702 -0.666239319 0.384722705 0 0
-0.771391 0.4765 3.129941 0.646822054 -0.708624161 0.281909612 0 0
-0.770533 0.477465 3.130255 0.676697202 -0.656297286 0.33369862 0 0
-0.772733 0.476652 3.132778 0.65034015 -0.63883944 0.411025375 0 0
-0.771995 0.475889 3.129734 0.629808036 -0.735009379 0.251203205 0 0
-0.773903 0.475114 3.131929 0.61420706 -0.719608272 0.323903723 0 0
-0.772688 0.475246 3.129509 0.60745241 -0.765066009 0.213718439 0 0
-0.774461 0.474498 3.131552 0.595116943 -0.752421422 0.282308037 0 0
-0.776091 0.474295 3.13397 0.58231261 -0.71021538 0.395608567 0 0
-0.775744 0.474868 3.134437 0.592254985 -0.680763202 0.431040017 0 0
-0.778526 0.473454 3.135764 0.530016653 -0.710422322 0.463014548 0 0
-0.778331 0.474007 3.136343 0.535902956 -0.68000375 0.50040276 0 0
-0.776495 0.473707 3.133451 0.567181507 -0.745575691 0.349888592 0 0
-0.77876 0.472895 3.135121 0.519779196 -0.747570079 0.413483451 0 0
-0.775463 0.475382 3.13483 0.599845839 -0.654850042 0.459735132 0 0
-0.775258 0.475794 3.135128 0.607534178 -0.628235342 0.486027342 0 0
-0.778177 0.474508 3.136829 0.540012302 -0.653814894 0.530012074 0 0
-0.778068 0.474912 3.137197 0.54404546 -0.628352504 0.556046462 0 0
-0.784053 0.472317 3.139082 0.400329507 -0.70155171 0.589543454 0 0
-0.787176 0.472014 3.14058 0.326114061 -0.696630036 0.639027552 0 0
-0.786911 0.47155 3.139916 0.330603574 -0.721907804 0.607906572 0 0
-0.784179 0.472792 3.139704 0.398327601 -0.675746824 0.620242978 0 0
-0.787381 0.472396 3.141083 0.322703314 -0.674406926 0.66410682 0 0
-0.78428 0.473181 3.140174 0.397018579 -0.652530536 0.645430204 0 0
-0.781131 0.473634 3.138453 0.468836259 -0.661751179 0.585045246 0 0
-0.781147 0.473146 3.137891 0.46810246 -0.687803614 0.554802915 0 0
-0.781125 0.474031 3.138879 0.469919472 -0.637426412 0.610625302 0 0
-0.781177 0.472613 3.137221 0.466194187 -0.718691038 0.515893567 0 0
-0.783914 0.471803 3.138341 0.402021963 -0.73254002 0.549330011 0 0
-0.781226 0.472082 3.136476 0.460992714 -0.756988036 0.463092681 0 0
-0.783773 0.4713 3.137516 0.401617316 -0.771133248 0.4940213 0 0
-0.786605 0.471053 3.139125 0.335613564 -0.752530414 0.566622901 0 0
-0.786277 0.470576 3.138243 0.33993068 -0.79077137 0.509045943 0 0
-0.79457 0.472317 3.12263 -0.367001824 -0.701503486 -0.610903036 0 0
-0.797241 0.472014 3.124834 -0.443014387 -0.696622623 -0.564318327 0 0
-0.795188 0.472792 3.122483 -0.395633737 -0.675757624 -0.621953036 0 0
-0.796527 0.47155 3.124873 -0.412903281 -0.721905736 -0.555304412 0 0
-0.797783 0.472396 3.12481 -0.467325547 -0.674336864 -0.571731255 0 0
-0.795657 0.473181 3.122377 -0.419112416 -0.652519331 -0.631318703 0 0
-0.79568 0.471053 3.124928 -0.373315793 -0.752531837 -0.542522952 0 0
-0.79384 0.471803 3.122814 -0.329898266 -0.732496151 -0.595496871 0 0
-0.794743 0.470576 3.125 -0.319306982 -0.790717289 -0.52231142 0 0
-0.793032 0.4713 3.123032 -0.279714418 -0.771139749 -0.571929481 0 0
-0.791674 0.472613 3.1208 -0.272517155 -0.718745246 -0.639640267 0 0
-0.792269 0.473146 3.120492 -0.307107902 -0.687817698 -0.657716923 0 0
-0.791018 0.472082 3.121158 -0.226703885 -0.757012971 -0.612810501 0 0
-0.792773 0.473634 3.120241 -0.334214749 -0.661729203 -0.671129618 0 0
-0.793157 0.474031 3.120057 -0.357008443 -0.637315073 -0.682916151 0 0
-0.791307 0.470469 3.123551 -0.180198998 -0.834195362 -0.521197102 0 0
-0.793756 0.470169 3.125092 -0.260695961 -0.826887187 -0.498292279 0 0
-0.792182 0.470857 3.12328 -0.225698391 -0.80789424 -0.544396118 0 0
-0.792737 0.469823 3.1252 -0.211492798 -0.85247097 -0.478083719 0 0
-0.795004 0.469564 3.126889 -0.28430146 -0.851804374 -0.440002259 0 0
-0.793872 0.469257 3.126836 -0.231713019 -0.875749205 -0.423523796 0 0
-0.791706 0.469533 3.125319 -0.171005725 -0.870229136 -0.462015469 0 0
-0.790421 0.47013 3.123837 -0.142604399 -0.852726307 -0.502515503 0 0
-0.79068 0.469289 3.125446 -0.138600665 -0.88210423 -0.450202159 0 0
-0.789541 0.469833 3.124129 -0.112303665 -0.86512823 -0.48881595 0 0
-0.792724 0.469009 3.12679 -0.188712828 -0.89206064 -0.410627913 0 0
-0.791582 0.468811 3.126752 -0.154504651 -0.902727177 -0.401512088 0 0
-0.788909 0.470775 3.122425 -0.102400364 -0.838302976 -0.535501901 0 0
-0.789623 0.471167 3.121981 -0.13659745 -0.819684697 -0.556289614 0 0
-0.787207 0.471445 3.121169 -0.0481008259 -0.826614193 -0.560709627 0 0
-0.787729 0.471892 3.120583 -0.0781013383 -0.808413852 -0.583409997 0 0
-0.788201 0.470422 3.122877 -0.0746995929 -0.850895363 -0.519997166 0 0
-0.786691 0.471033 3.121762 -0.0236002487 -0.839008843 -0.54360573 0 0
-0.790331 0.471602 3.121555 -0.177805618 -0.793425069 -0.582118392 0 0
-0.788247 0.472375 3.120018 -0.11409967 -0.782897738 -0.611598232 0 0
-0.78352 0.470469 3.135733 0.397390828 -0.834180747 0.382391175 0 0
-0.785946 0.470169 3.137309 0.342797756 -0.826894588 0.445797082 0 0
-0.785617 0.469823 3.136339 0.345118454 -0.852445581 0.392720999 0 0
-0.783641 0.470857 3.136641 0.399304301 -0.807908701 0.433404668 0 0
-0.788101 0.469564 3.137688 0.27991532 -0.851846623 0.442724231 0 0
-0.787577 0.469257 3.136682 0.28711457 -0.875744441 0.388119696 0 0
-0.781298 0.471602 3.135685 0.453699798 -0.793399647 0.405799819 0 0
-0.781388 0.471167 3.134864 0.447623239 -0.819642553 0.357518561 0 0
-0.779028 0.472375 3.134439 0.507107358 -0.78291136 0.36040523 0 0
-0.779324 0.471892 3.133731 0.496712147 -0.80841977 0.315807723 0 0
-0.781491 0.470775 3.13403 0.443119123 -0.838236175 0.317813716 0 0
-0.783407 0.47013 3.13481 0.396295415 -0.852690134 0.340396062 0 0
-0.781604 0.470422 3.133197 0.440609876 -0.850919074 0.286006411 0 0
-0.783303 0.469833 3.133888 0.396515728 -0.865134316 0.307112182 0 0
-0.779636 0.471445 3.133012 0.48870194 -0.826603282 0.279101108 0 0
-0.779958 0.471033 3.132295 0.483501593 -0.839002765 0.249600822 0 0
-0.785292 0.469533 3.135353 0.347521703 -0.870254349 0.349121803 0 0
-0.787054 0.469009 3.135659 0.293509401 -0.892028572 0.343711009 0 0
-0.784976 0.469289 3.134368 0.350403572 -0.882108993 0.314803209 0 0
-0.78654 0.468811 3.134639 0.299420198 -0.902760898 0.308820832 0 0
-0.775732 0.473321 3.130745 0.557624804 -0.8048358 0.203209039 0 0
-0.773451 0.474609 3.129277 0.584009987 -0.792613554 0.175202996 0 0
-0.775076 0.473899 3.131155 0.574277517 -0.782969347 0.23909064 0 0
-0.774262 0.473984 3.129041 0.565797587 -0.811996537 0.143299389 0 0
-0.7721 0.475255 3.12735 0.581737643 -0.805752138 0.111107189 0 0
-0.773049 0.474585 3.127295 0.562481916 -0.822673552 0.0825973446 0 0
-0.775101 0.473376 3.128802 0.552227888 -0.825441686 0.117005909 0 0
-0.776413 0.472766 3.13033 0.544914969 -0.820322535 0.173604769 0 0
-0.775946 0.472791 3.128564 0.54298263 -0.834273312 0.0956969387 0 0
-0.777102 0.472236 3.129916 0.536133298 -0.830751595 0.149709298 0 0
-0.774027 0.473927 3.127242 0.548719175 -0.833929142 0.0589020584 0 0
-0.775008 0.473289 3.127187 0.540124744 -0.840638511 0.0399018279 0 0
-0.777934 0.472115 3.131756 0.524732364 -0.820050578 0.228414088 0 0
-0.777429 0.472617 3.132334 0.535627312 -0.802940943 0.261513335 0 0
-0.778448 0.471644 3.13118 0.517298171 -0.83169706 0.201699287 0 0
-0.776945 0.473147 3.132902 0.54980326 -0.778904619 0.301701789 0 0
-0.78351 0.473321 3.118577 0.0496978119 -0.804864563 -0.591373962 0 0
-0.781221 0.474609 3.117123 0.0862009413 -0.792608655 -0.603606591 0 0
-0.781346 0.473984 3.117959 0.107399439 -0.811995757 -0.573697002 0 0
-0.783607 0.473899 3.11781 0.0239993813 -0.782979815 -0.621583976 0 0
-0.778904 0.475255 3.116706 0.143408518 -0.805747859 -0.574634131 0 0
-0.779252 0.474585 3.11759 0.16119486 -0.822673769 -0.545182617 0 0
-0.785977 0.473147 3.118772 -0.0430990667 -0.778883133 -0.625686451 0 0
-0.785664 0.472617 3.11945 -0.0125006159 -0.802939558 -0.595929359 0 0
-0.785352 0.472115 3.120151 0.013000118 -0.820007446 -0.572205196 0 0
-0.783419 0.472766 3.11937 0.0712034075 -0.820339258 -0.567427155 0 0
-0.785045 0.471644 3.12086 0.0341014577 -0.831735553 -0.554123687 0 0
-0.783333 0.472236 3.120168 0.0892062674 -0.830758367 -0.549438602 0 0
-0.781482 0.473376 3.11882 0.125603413 -0.825522434 -0.550214952 0 0
-0.779615 0.473927 3.1185 0.176802892 -0.833913639 -0.522808551 0 0
-0.78162 0.472791 3.119687 0.140998132 -0.83428895 -0.532992941 0 0
-0.779977 0.473289 3.119414 0.190498633 -0.840693968 -0.506896363 0 0
-0.795177 0.468433 3.129755 -0.238013933 -0.925754191 -0.293817199 0 0
-0.795882 0.469073 3.128567 -0.295604786 -0.880114249 -0.371506015 0 0
-0.794669 0.468796 3.128364 -0.24031173 -0.901544005 -0.359817563 0 0
-0.796443 0.468685 3.130095 -0.294894418 -0.907182827 -0.300094319 0 0
-0.796739 0.468395 3.131435 -0.283893228 -0.93147778 -0.227494573 0 0
-0.795445 0.46816 3.130976 -0.226408982 -0.947137574 -0.227309018 0 0
-0.796824 0.468193 3.132555 -0.263414217 -0.952551411 -0.152508231 0 0
-0.795522 0.467971 3.131996 -0.206293528 -0.965469709 -0.159095008 0 0
-0.794134 0.467995 3.130515 -0.18020618 -0.956932819 -0.227607806 0 0
-0.793895 0.468247 3.129416 -0.192111701 -0.937757116 -0.289317621 0 0
-0.79283 0.467886 3.130061 -0.144305955 -0.962739728 -0.228709438 0 0
-0.792618 0.468116 3.129084 -0.156102565 -0.94521553 -0.286704711 0 0
-0.794202 0.46782 3.131434 -0.160907597 -0.973145943 -0.164607771 0 0
-0.792889 0.467726 3.130877 -0.125607272 -0.977456591 -0.169709826 0 0
-0.793439 0.468583 3.128165 -0.195513926 -0.915765228 -0.350924996 0 0
-0.792215 0.468422 3.127973 -0.160097756 -0.924887038 -0.344895166 0 0
-0.790775 0.468433 3.136641 0.166811075 -0.925761463 0.339322528 0 0
-0.789993 0.469073 3.13778 0.213107112 -0.88012937 0.424214156 0 0
-0.791615 0.468685 3.137647 0.14850111 -0.907206781 0.393602942 0 0
-0.789299 0.468796 3.136764 0.225705487 -0.901521916 0.369208976 0 0
-0.788603 0.468583 3.135731 0.236413418 -0.915751975 0.324818436 0 0
-0.78993 0.468247 3.135619 0.181912139 -0.937762579 0.295819741 0 0
-0.787914 0.468422 3.134701 0.245798075 -0.924892758 0.290097729 0 0
-0.789092 0.468116 3.134601 0.194704368 -0.945221206 0.262005878 0 0
-0.791028 0.467995 3.135375 0.130904894 -0.956935776 0.259109687 0 0
-0.791996 0.46816 3.136372 0.111304068 -0.947134614 0.300910997 0 0
-0.791889 0.46782 3.135051 0.0819023646 -0.973128095 0.215206213 0 0
-0.792954 0.467971 3.136013 0.0577986391 -0.965477268 0.25399402 0 0
-0.790067 0.467886 3.134383 0.147005197 -0.962734038 0.227008026 0 0
-0.790833 0.467726 3.134094 0.10130651 -0.977462809 0.185211901 0 0
-0.792956 0.468395 3.137353 0.0873053481 -0.931457058 0.353221637 0 0
-0.794008 0.468193 3.13696 0.0279013355 -0.952545595 0.303114509 0 0
-0.771463 0.475537 3.123957 0.530142045 -0.847367203 -0.0303024032 0 0
-0.769823 0.476664 3.122 0.526816268 -0.847626175 -0.0632019517 0 0
-0.770296 0.476289 3.123647 0.550611921 -0.834718072 -0.00850018403 0 0
-0.771062 0.475879 3.122475 0.506484588 -0.858473877 -0.0805975475 0 0
-0.769623 0.476936 3.120574 0.49888008 -0.858365726 -0.119695221 0 0
-0.770905 0.476126 3.121191 0.479811636 -0.867521038 -0.131103179 0 0
-0.772334 0.475095 3.122962 0.494525545 -0.863844623 -0.0960049593 0 0
-0.772661 0.474789 3.124275 0.517111927 -0.85451971 -0.0489011279 0 0
-0.773587 0.47433 3.123435 0.490709218 -0.86451624 -0.108702042 0 0
-0.773849 0.474059 3.124584 0.51142793 -0.856946799 -0.0639034899 0 0
-0.772219 0.475316 3.121822 0.469390373 -0.871482126 -0.142097086 0 0
-0.773509 0.474524 3.122437 0.467589152 -0.870779798 -0.151996474 0 0
-0.77322 0.474399 3.125717 0.536123113 -0.844136392 0.00240010347 0 0
-0.77212 0.475104 3.125582 0.549711879 -0.835018045 0.0237005122 0 0
-0.774316 0.473712 3.125848 0.52881014 -0.848616272 -0.014500278 0 0
-0.771052 0.475817 3.125452 0.569695656 -0.820393745 0.0489996264 0 0
-0.771303 0.476324 3.119344 0.404998416 -0.876896571 -0.258898988 0 0
-0.770705 0.477099 3.117838 0.36412244 -0.866553403 -0.341321035 0 0
-0.770037 0.477154 3.118535 0.415709349 -0.869819562 -0.265705976 0 0
-0.771907 0.476275 3.118706 0.360226146 -0.874263456 -0.32542362 0 0
-0.771714 0.476936 3.117302 0.318003051 -0.858408236 -0.402503862 0 0
-0.772812 0.476126 3.118207 0.320413366 -0.86753619 -0.380415869 0 0
-0.773138 0.475448 3.119595 0.361427484 -0.877066695 -0.316424062 0 0
-0.7726 0.475492 3.120173 0.401334801 -0.879276245 -0.256522244 0 0
-0.774341 0.47464 3.120465 0.367308064 -0.87541922 -0.314206898 0 0
-0.773867 0.474679 3.120983 0.404312932 -0.877328062 -0.258508269 0 0
-0.773937 0.475316 3.119135 0.325993935 -0.871483786 -0.366393183 0 0
-0.775037 0.474524 3.120047 0.33441637 -0.870742624 -0.360517648 0 0
-0.772301 0.475448 3.120904 0.438929574 -0.877059094 -0.195213153 0 0
-0.770977 0.476275 3.12016 0.446624277 -0.874247521 -0.190310345 0 0
-0.773596 0.47464 3.12163 0.439289743 -0.875479558 -0.201395297 0 0
-0.769685 0.477099 3.119433 0.462718521 -0.866534684 -0.187107489 0 0
-0.775557 0.475537 3.117552 0.250001835 -0.84740622 -0.468403438 0 0
-0.776741 0.475817 3.116551 0.194605928 -0.820424991 -0.537616376 0 0
-0.774786 0.476289 3.116623 0.238816152 -0.834756456 -0.496133555 0 0
-0.777308 0.475104 3.117467 0.209213905 -0.8350555 -0.508833818 0 0
-0.777892 0.474399 3.118408 0.222811318 -0.844142879 -0.48762477 0 0
-0.776349 0.474789 3.118506 0.261596567 -0.854488785 -0.44879411 0 0
-0.778471 0.473712 3.119347 0.235199715 -0.848698973 -0.473699427 0 0
-0.777128 0.474059 3.119454 0.272717156 -0.856953908 -0.437327511 0 0
-0.775019 0.475095 3.11876 0.294810358 -0.863830351 -0.408514353 0 0
-0.774044 0.475879 3.117811 0.285811003 -0.858433046 -0.425916396 0 0
-0.775975 0.47433 3.119699 0.304796437 -0.864489894 -0.399695328 0 0
-0.773093 0.476664 3.116885 0.278509669 -0.847629426 -0.451615678 0 0
-0.778549 0.47271 3.121236 0.290398198 -0.866694622 -0.405597483 0 0
-0.77902 0.473054 3.120259 0.246299555 -0.85339846 -0.459399171 0 0
-0.77786 0.473362 3.120364 0.282497027 -0.859390955 -0.426195514 0 0
-0.779541 0.472439 3.12114 0.256505276 -0.863117755 -0.435008948 0 0
-0.780325 0.472678 3.120306 0.203713366 -0.84785563 -0.489532119 0 0
-0.780661 0.472107 3.121178 0.218696664 -0.860086879 -0.460892969 0 0
-0.78004 0.47188 3.121991 0.265299079 -0.878096953 -0.398198618 0 0
-0.7792 0.472116 3.122066 0.296001761 -0.879305232 -0.37310222 0 0
-0.780518 0.471389 3.12281 0.272712966 -0.898142703 -0.344916399 0 0
-0.779816 0.471595 3.122854 0.29832448 -0.897273629 -0.325426704 0 0
-0.780991 0.471589 3.122029 0.235802248 -0.877308365 -0.418003986 0 0
-0.781318 0.471135 3.122858 0.255098763 -0.898795641 -0.356498271 0 0
-0.778497 0.472291 3.122249 0.322011663 -0.881631933 -0.345012497 0 0
-0.777704 0.472917 3.12144 0.319198666 -0.870596361 -0.374398435 0 0
-0.777925 0.472414 3.122497 0.339999932 -0.883799823 -0.321399936 0 0
-0.777017 0.473064 3.121721 0.343794957 -0.87388718 -0.343694958 0 0
-0.779255 0.471733 3.123022 0.320406503 -0.898318232 -0.300606101 0 0
-0.778798 0.471829 3.123244 0.32931124 -0.899830712 -0.286109765 0 0
-0.776866 0.4736 3.120591 0.313419832 -0.865054738 -0.391724787 0 0
-0.776059 0.47377 3.120907 0.341621205 -0.869753987 -0.356122105 0 0
-0.776141 0.473185 3.122436 0.404806177 -0.877013383 -0.258803949 0 0
-0.775457 0.473872 3.121279 0.372815849 -0.873337126 -0.313513328 0 0
-0.775044 0.473906 3.121735 0.408314295 -0.874730625 -0.261009138 0 0
-0.776498 0.473154 3.122044 0.37170723 -0.876117041 -0.307005971 0 0
-0.777478 0.472496 3.122766 0.362000514 -0.884601256 -0.294000417 0 0
-0.777166 0.472527 3.123092 0.392514074 -0.884831726 -0.251009 0 0
-0.778406 0.471908 3.123453 0.342308868 -0.899323297 -0.272107049 0 0
-0.778129 0.471944 3.123707 0.369897555 -0.898494061 -0.236398437 0 0
-0.777001 0.472496 3.123511 0.418722432 -0.884647392 -0.205110988 0 0
-0.775935 0.473154 3.122926 0.434574456 -0.876148502 -0.20858774 0 0
-0.776945 0.472414 3.12403 0.434412433 -0.883825295 -0.173604969 0 0
-0.775859 0.473064 3.123532 0.456332077 -0.873861426 -0.167711789 0 0
-0.778015 0.471908 3.124066 0.390707826 -0.899318014 -0.196403934 0 0
-0.77799 0.471829 3.124509 0.39780029 -0.899900657 -0.17870013 0 0
-0.774803 0.473872 3.122301 0.441022023 -0.873343612 -0.206810327 0 0
-0.774718 0.47377 3.123004 0.466593503 -0.869787888 -0.160497765 0 0
-0.776062 0.47271 3.125126 0.490124884 -0.866644001 -0.0933047372 0 0
-0.774771 0.4736 3.12387 0.487202719 -0.865004827 -0.12000067 0 0
-0.774982 0.473362 3.124866 0.505442484 -0.859372233 -0.0775065147 0 0
-0.775893 0.472917 3.124273 0.473803068 -0.870605637 -0.132500858 0 0
-0.77696 0.472291 3.124653 0.448212109 -0.88172382 -0.147203977 0 0
-0.777089 0.472116 3.125368 0.462907751 -0.879314724 -0.111901874 0 0
-0.77798 0.471733 3.125017 0.407321094 -0.898346522 -0.164508519 0 0
-0.778063 0.471595 3.125597 0.420630495 -0.89726505 -0.134109723 0 0
-0.777374 0.47188 3.126162 0.472718469 -0.878134309 -0.0736028757 0 0
-0.776392 0.472439 3.126067 0.50250554 -0.863109516 -0.0503005546 0 0
-0.777807 0.471589 3.12701 0.478397175 -0.87729482 -0.0385997721 0 0
-0.776897 0.472107 3.127068 0.510099992 -0.860099987 -0.00509999992 0 0
-0.778318 0.471389 3.126252 0.427605845 -0.898112277 -0.102701404 0 0
-0.778697 0.471135 3.126958 0.430688901 -0.898776839 -0.0818978895 0 0
-0.775373 0.473054 3.125963 0.52050426 -0.853306984 -0.0307002513 0 0
-0.775964 0.472678 3.127128 0.529832522 -0.847852043 0.0206012645 0 0
-0.787495 0.467993 3.132641 0.222109361 -0.957940373 0.181707658 0 0
-0.787246 0.468304 3.133694 0.255400393 -0.932601436 0.255000393 0 0
-0.788277 0.468028 3.133604 0.207398335 -0.951292361 0.228098168 0 0
-0.786605 0.468238 3.132717 0.267099004 -0.941196489 0.206899228 0 0
-0.786042 0.468654 3.133641 0.305510342 -0.912330883 0.272609228 0 0
-0.785565 0.468549 3.132669 0.311290079 -0.92407055 0.221792932 0 0
-0.785999 0.468237 3.131779 0.281202715 -0.949009163 0.142501376 0 0
-0.786757 0.468021 3.131723 0.238994344 -0.963677195 0.119197179 0 0
-0.785437 0.46831 3.13089 0.296292993 -0.95347745 0.0555986851 0 0
-0.786071 0.468122 3.130862 0.25799537 -0.965482675 0.0357993576 0 0
-0.785113 0.46851 3.131732 0.31569677 -0.936590419 0.152098444 0 0
-0.784691 0.46855 3.130833 0.316396309 -0.946888955 0.0573993304 0 0
-0.787369 0.467868 3.131572 0.201206349 -0.97573079 0.0864027265 0 0
-0.788229 0.467812 3.132472 0.181201535 -0.972108234 0.148901261 0 0
-0.787849 0.467763 3.131374 0.177608333 -0.982146078 0.0620029089 0 0
-0.788805 0.467686 3.132249 0.146103978 -0.98252675 0.115303139 0 0
-0.786558 0.468001 3.13072 0.223901426 -0.974606208 0.00330002102 0 0
-0.78694 0.46792 3.130539 0.216010942 -0.976349458 -0.00900045593 0 0
-0.789132 0.467822 3.133412 0.162900239 -0.967301422 0.194400286 0 0
-0.789802 0.467678 3.133158 0.121001554 -0.980412589 0.155401995 0 0
-0.79017 0.467993 3.128458 -0.0717020898 -0.957927919 -0.2779081 0 0
-0.79102 0.468304 3.127789 -0.1241002 -0.932601501 -0.338900546 0 0
-0.789864 0.468238 3.127618 -0.0755995732 -0.941194687 -0.329298141 0 0
-0.791372 0.468028 3.128763 -0.119899778 -0.95129824 -0.283999475 0 0
-0.790467 0.468654 3.126719 -0.119105658 -0.912343342 -0.391718609 0 0
-0.789385 0.468549 3.126694 -0.0705992753 -0.924090514 -0.375596145 0 0
-0.791556 0.467821 3.129619 -0.108002287 -0.967320483 -0.229404858 0 0
-0.790324 0.467812 3.129195 -0.0591013348 -0.972121956 -0.226905125 0 0
-0.791607 0.467678 3.130334 -0.0902008925 -0.980409701 -0.175101733 0 0
-0.790364 0.467686 3.129811 -0.0432014367 -0.982532675 -0.181006019 0 0
-0.789146 0.467868 3.128792 0.00600016891 -0.975727467 -0.218906162 0 0
-0.789026 0.468021 3.128173 -0.00779994485 -0.963693187 -0.266898113 0 0
-0.788032 0.468001 3.128413 0.0910024384 -0.974626115 -0.20450548 0 0
-0.787957 0.468122 3.127912 0.0757986156 -0.965482366 -0.249195448 0 0
-0.789168 0.467763 3.129311 0.0182006103 -0.982132932 -0.18730628 0 0
-0.788029 0.46792 3.128837 0.0989057496 -0.976356757 -0.192211174 0 0
-0.788759 0.468237 3.127462 -0.0112999056 -0.948992076 -0.315097369 0 0
-0.788344 0.46851 3.126678 -0.00549991758 -0.936585965 -0.350394749 0 0
-0.787716 0.46831 3.127325 0.0739047278 -0.953460995 -0.2923187 0 0
-0.787351 0.46855 3.126672 0.0807009063 -0.946910634 -0.311203495 0 0
-0.783175 0.471276 3.121727 0.132402191 -0.856714179 -0.49850825 0 0
-0.781755 0.472232 3.120539 0.157100439 -0.843402357 -0.513801436 0 0
-0.78189 0.471715 3.121372 0.177497638 -0.857388588 -0.48309357 0 0
-0.78325 0.471735 3.120956 0.108004004 -0.841331193 -0.529619636 0 0
-0.784748 0.471202 3.12156 0.0561994287 -0.843491426 -0.53419457 0 0
-0.784463 0.470805 3.122247 0.0853993164 -0.860293113 -0.502595977 0 0
-0.786188 0.470653 3.122349 0.00250009613 -0.851332734 -0.524620172 0 0
-0.785704 0.470318 3.12293 0.038199825 -0.868396023 -0.494397736 0 0
-0.784194 0.470465 3.122918 0.122606125 -0.881844054 -0.455322746 0 0
-0.783109 0.470873 3.122473 0.16340999 -0.876753597 -0.452327652 0 0
-0.783942 0.470196 3.123568 0.17000221 -0.906611786 -0.386205021 0 0
-0.783057 0.47054 3.123187 0.202001995 -0.900408892 -0.385303805 0 0
-0.785241 0.470041 3.123502 0.0854986444 -0.889485897 -0.448892883 0 0
-0.784806 0.469835 3.124067 0.14709734 -0.9123835 -0.381993092 0 0
-0.782028 0.47125 3.122183 0.203402151 -0.876009264 -0.437304625 0 0
-0.782173 0.470853 3.122967 0.234999942 -0.89819978 -0.371499909 0 0
-0.77845 0.471276 3.129118 0.508015825 -0.856726687 0.0891027756 0 0
-0.776775 0.472232 3.128329 0.532293322 -0.84338942 0.0731990817 0 0
-0.777782 0.471735 3.12951 0.526023098 -0.841336944 0.124305458 0 0
-0.777588 0.471715 3.128101 0.512915372 -0.857425697 0.0417012498 0 0
-0.778382 0.47125 3.127886 0.482344595 -0.875980988 -0.00100009246 0 0
-0.779099 0.470873 3.128746 0.479208125 -0.876714865 0.0416007053 0 0
-0.779155 0.470853 3.127688 0.435887939 -0.898175148 -0.0572984146 0 0
-0.779726 0.47054 3.128398 0.434505003 -0.900410368 -0.0216002487 0 0
-0.779959 0.470465 3.129543 0.464726637 -0.881850545 0.0798045741 0 0
-0.779463 0.470805 3.130069 0.491999424 -0.860298993 0.133499844 0 0
-0.780929 0.470041 3.130249 0.443299605 -0.889499208 0.110799901 0 0
-0.780603 0.470318 3.130908 0.464787913 -0.868377418 0.172895504 0 0
-0.780443 0.470196 3.129042 0.421903373 -0.906607248 0.00780006236 0 0
-0.781258 0.469835 3.129616 0.408402465 -0.912405506 0.0269001623 0 0
-0.778959 0.471202 3.130616 0.508409901 -0.843516428 0.173203373 0 0
-0.78028 0.470653 3.131592 0.477221013 -0.851337485 0.217909595 0 0
-0.783124 0.469362 3.132113 0.392698439 -0.892096454 0.223499112 0 0
-0.784672 0.469083 3.133405 0.352918448 -0.893146686 0.278814574 0 0
-0.784385 0.468929 3.13247 0.352798573 -0.907496329 0.227999078 0 0
-0.783208 0.469573 3.132985 0.396304118 -0.87680911 0.272302829 0 0
-0.78172 0.470103 3.132381 0.437606888 -0.863013584 0.252403973 0 0
-0.781844 0.46983 3.131591 0.430489421 -0.879078397 0.20469497 0 0
-0.781977 0.469617 3.130833 0.417408154 -0.898117545 0.138402704 0 0
-0.783055 0.46921 3.131279 0.384014745 -0.910034941 0.156105994 0 0
-0.782122 0.469473 3.130115 0.39390157 -0.917903658 0.0479001909 0 0
-0.783003 0.46913 3.130497 0.366311697 -0.928329642 0.0634020245 0 0
-0.784116 0.468838 3.131572 0.347710124 -0.924226909 0.157804595 0 0
-0.78387 0.468822 3.130719 0.33511688 -0.940147356 0.0618031131 0 0
-0.787855 0.469362 3.124712 -0.0380023165 -0.892054377 -0.450327451 0 0
-0.789678 0.469083 3.125575 -0.104803699 -0.893131524 -0.437415439 0 0
-0.788682 0.469573 3.124422 -0.0808006917 -0.876807506 -0.474004057 0 0
-0.788709 0.468929 3.125706 -0.0588003969 -0.907506126 -0.415902807 0 0
-0.787781 0.468838 3.125839 0.00270010238 -0.924235043 -0.381814477 0 0
-0.78707 0.46921 3.124999 0.0195993908 -0.910071711 -0.413987131 0 0
-0.786903 0.468822 3.125974 0.0845958037 -0.940153365 -0.330083627 0 0
-0.786337 0.46913 3.12528 0.0963015702 -0.928315136 -0.359105855 0 0
-0.786212 0.469617 3.124208 0.0496018507 -0.89813351 -0.436916302 0 0
-0.786844 0.46983 3.123769 -0.00500002658 -0.879104672 -0.476602533 0 0
-0.785621 0.469473 3.124641 0.121802594 -0.917919547 -0.377608041 0 0
-0.787509 0.470103 3.123325 -0.0454013673 -0.86302599 -0.503115152 0 0
-0.785199 0.469184 3.125757 0.232408588 -0.940334746 -0.248509183 0 0
-0.786084 0.468895 3.126109 0.17160731 -0.947640365 -0.269311472 0 0
-0.785669 0.469133 3.125555 0.177600621 -0.939003282 -0.294501029 0 0
-0.785267 0.469058 3.126182 0.241212359 -0.944548395 -0.222811416 0 0
-0.786413 0.468679 3.126679 0.171809733 -0.94895376 -0.264514985 0 0
-0.785477 0.468888 3.126697 0.243802323 -0.943908996 -0.222702122 0 0
-0.784397 0.469318 3.126128 0.279896443 -0.93788808 -0.204997394 0 0
-0.784652 0.469379 3.125544 0.253305504 -0.935820336 -0.245105326 0 0
-0.783598 0.469627 3.125848 0.288800582 -0.936201886 -0.200300404 0 0
-0.784005 0.469651 3.125204 0.260709319 -0.935133427 -0.239908576 0 0
-0.784493 0.469166 3.126727 0.285800483 -0.938301586 -0.194700329 0 0
-0.783037 0.469603 3.126845 0.296017306 -0.936254735 -0.189211062 0 0
-0.78508 0.469413 3.125067 0.197799005 -0.930895318 -0.307098455 0 0
-0.784401 0.469713 3.124622 0.211207264 -0.92873194 -0.304710479 0 0
-0.782958 0.469184 3.129263 0.322903208 -0.940409343 -0.106601059 0 0
-0.783648 0.468895 3.129919 0.31651064 -0.947631855 -0.0426014321 0 0
-0.783371 0.469058 3.129147 0.303512496 -0.944538887 -0.125405163 0 0
-0.782971 0.469133 3.129775 0.341805207 -0.939014306 -0.0377005744 0 0
-0.784304 0.468679 3.129978 0.31230788 -0.948923942 -0.0448011303 0 0
-0.783928 0.468888 3.129122 0.304503844 -0.943911917 -0.127701612 0 0
-0.782282 0.469413 3.129445 0.361793775 -0.930883984 -0.0505991294 0 0
-0.782535 0.469379 3.128856 0.328806563 -0.935818679 -0.127002535 0 0
-0.781593 0.469713 3.129015 0.365213665 -0.928734749 -0.0638023872 0 0
-0.781955 0.469651 3.128412 0.327214154 -0.93514045 -0.135805874 0 0
-0.782958 0.469318 3.12838 0.303506211 -0.937919195 -0.167903436 0 0
-0.783542 0.469166 3.128215 0.296697764 -0.93829293 -0.177698661 0 0
-0.782368 0.469627 3.127773 0.303005539 -0.936217114 -0.178003254 0 0
-0.780767 0.470152 3.127858 0.343013669 -0.929737051 -0.133905336 0 0
-0.779906 0.470535 3.127512 0.381494886 -0.916987708 -0.116598437 0 0
-0.780325 0.470292 3.12808 0.381497768 -0.920094617 -0.0887994805 0 0
-0.780689 0.470248 3.127422 0.334912945 -0.928735896 -0.159006146 0 0
-0.779568 0.470759 3.126916 0.376006843 -0.917816704 -0.127402319 0 0
-0.780473 0.470424 3.126884 0.330520192 -0.929456782 -0.163910014 0 0
-0.78156 0.469941 3.127481 0.308223195 -0.935170374 -0.174513133 0 0
-0.781308 0.469924 3.12807 0.329401215 -0.934503448 -0.134900498 0 0
-0.781469 0.470095 3.126865 0.303000586 -0.934801809 -0.185300359 0 0
-0.780914 0.470012 3.128571 0.370607092 -0.926117721 -0.0704013471 0 0
-0.783004 0.470152 3.124359 0.265605118 -0.929717916 -0.255104916 0 0
-0.782328 0.470535 3.123723 0.265809844 -0.917033963 -0.297311011 0 0
-0.782575 0.470248 3.124471 0.285010674 -0.928734782 -0.23710888 0 0
-0.78302 0.470292 3.123865 0.240699819 -0.92009931 -0.308999768 0 0
-0.781645 0.470759 3.123666 0.273509521 -0.91783195 -0.287710015 0 0
-0.781997 0.470424 3.124501 0.287403417 -0.929511052 -0.231102748 0 0
-0.783712 0.470012 3.124193 0.219503545 -0.926114957 -0.306804955 0 0
-0.783423 0.469924 3.12476 0.260909141 -0.934432738 -0.242408493 0 0
-0.782995 0.469941 3.125237 0.287908541 -0.935127741 -0.206506126 0 0
-0.782398 0.470095 3.125413 0.295405818 -0.934818411 -0.197103882 0 0
-0.786292 0.468489 3.127517 0.217908884 -0.952238824 -0.213908721 0 0
-0.786745 0.46847 3.127211 0.164203756 -0.951021755 -0.261905991 0 0
-0.785871 0.46867 3.127169 0.235308511 -0.945134186 -0.226608197 0 0
-0.786975 0.468305 3.127681 0.163310866 -0.959863867 -0.228015171 0 0
-0.786996 0.468223 3.128065 0.1799948 -0.965672102 -0.187294589 0 0
-0.786026 0.468516 3.127693 0.248409593 -0.951036725 -0.183907102 0 0
-0.786953 0.468171 3.128393 0.182903126 -0.963516467 -0.195403339 0 0
-0.785887 0.468507 3.127953 0.251316219 -0.948261198 -0.194012521 0 0
-0.785114 0.468865 3.127248 0.276715527 -0.940852793 -0.19551097 0 0
-0.784775 0.468922 3.127492 0.29099167 -0.937973151 -0.188494604 0 0
-0.785014 0.468489 3.129517 0.285611967 -0.9522399 -0.108004525 0 0
-0.784926 0.46847 3.130057 0.306699612 -0.950998797 -0.0391999504 0 0
-0.78545 0.468305 3.130068 0.275516111 -0.959856129 -0.0526030761 0 0
-0.784521 0.46867 3.12928 0.304503576 -0.9451111 -0.118501392 0 0
-0.784275 0.468865 3.12856 0.293619585 -0.940862758 -0.169011273 0 0
-0.785062 0.468516 3.129201 0.271000617 -0.951102164 -0.148200337 0 0
-0.784355 0.468922 3.128151 0.293119684 -0.938062993 -0.184712404 0 0
-0.78524 0.468507 3.128966 0.281705772 -0.948219429 -0.146703006 0 0
-0.785806 0.468223 3.129925 0.245497443 -0.965689942 -0.0846991179 0 0
-0.786086 0.468171 3.129749 0.254292786 -0.963472667 -0.083997617 0 0
-0.779646 0.470879 3.125984 0.341123366 -0.924663337 -0.169211591 0 0
-0.778957 0.471255 3.125373 0.360202613 -0.915106639 -0.181201315 0 0
-0.778984 0.471159 3.125817 0.372595194 -0.914788199 -0.155997988 0 0
-0.779904 0.470826 3.125777 0.322903625 -0.927510411 -0.188302114 0 0
-0.779005 0.471318 3.124977 0.355107012 -0.916718101 -0.183103615 0 0
-0.780053 0.470841 3.125466 0.319288062 -0.928965267 -0.187292997 0 0
-0.780829 0.470414 3.126286 0.307598591 -0.933595724 -0.183799158 0 0
-0.780069 0.470655 3.126371 0.333105606 -0.928815632 -0.162302732 0 0
-0.781195 0.470355 3.126006 0.29909313 -0.935178519 -0.189695643 0 0
-0.779224 0.47098 3.126341 0.375691519 -0.917079297 -0.133496986 0 0
-0.779691 0.471121 3.124706 0.323403232 -0.92340923 -0.206702066 0 0
-0.779296 0.4714 3.124113 0.319296842 -0.915490946 -0.244797579 0 0
-0.779038 0.471446 3.124289 0.342294965 -0.913786558 -0.218696783 0 0
-0.780121 0.47096 3.12477 0.305217299 -0.927552571 -0.21561222 0 0
-0.779649 0.471318 3.123969 0.315304077 -0.916711853 -0.245403173 0 0
-0.780533 0.470841 3.124715 0.30420026 -0.928900794 -0.211200181 0 0
-0.780857 0.470574 3.125451 0.302999349 -0.933097994 -0.193699584 0 0
-0.77993 0.47096 3.125069 0.323800497 -0.927501424 -0.186800287 0 0
-0.781502 0.470355 3.125525 0.297726121 -0.935182047 -0.191816829 0 0
-0.778987 0.4714 3.124596 0.356202192 -0.915505635 -0.187001151 0 0
-0.780833 0.470879 3.124128 0.296806962 -0.924621687 -0.238705599 0 0
-0.780979 0.47098 3.123595 0.279006278 -0.917020633 -0.285006413 0 0
-0.780402 0.471159 3.123597 0.298003904 -0.914811984 -0.272603571 0 0
-0.781361 0.470655 3.124349 0.287199581 -0.928798644 -0.234199658 0 0
-0.781603 0.470414 3.125075 0.296001692 -0.933605336 -0.201901154 0 0
-0.780753 0.470826 3.124449 0.306500843 -0.927502551 -0.214000589 0 0
-0.779989 0.471255 3.12376 0.315696005 -0.91508842 -0.250896825 0 0
-0.798525 0.46915 3.138451 -0.220403324 -0.933814082 0.28180425 0 0
-0.798866 0.469665 3.139702 -0.156196107 -0.916977145 0.36709085 0 0
-0.79948 0.469589 3.139101 -0.230514363 -0.931758055 0.280517478 0 0
-0.797887 0.469219 3.139014 -0.144710058 -0.917963805 0.369325671 0 0
-0.799821 0.470042 3.140234 -0.147197738 -0.934085643 0.325295 0 0
-0.800363 0.469967 3.139632 -0.212403405 -0.944315138 0.251304028 0 0
-0.796888 0.468771 3.138245 -0.119002717 -0.931321267 0.34420786 0 0
-0.797506 0.468705 3.137717 -0.191410251 -0.946250678 0.260713963 0 0
-0.795851 0.468372 3.137412 -0.0780987305 -0.952084524 0.295695194 0 0
-0.796428 0.468308 3.136919 -0.143799018 -0.965093408 0.218898505 0 0
-0.797951 0.468683 3.137167 -0.242100598 -0.950902349 0.192800476 0 0
-0.798988 0.469127 3.137871 -0.272318597 -0.938264076 0.213314568 0 0
-0.798309 0.468683 3.136607 -0.259699352 -0.951297627 0.166099586 0 0
-0.799365 0.469126 3.137282 -0.290813712 -0.938544253 0.185908766 0 0
-0.796843 0.468287 3.136406 -0.189996112 -0.969280164 0.156196803 0 0
-0.797177 0.468287 3.135883 -0.205594926 -0.969776066 0.131396757 0 0
-0.799941 0.469563 3.138499 -0.27900362 -0.93561214 0.216302807 0 0
-0.800797 0.469939 3.139035 -0.252812972 -0.94734861 0.196510083 0 0
-0.800326 0.469562 3.137897 -0.297001091 -0.935803439 0.189900698 0 0
-0.801177 0.469936 3.13844 -0.269221094 -0.947574245 0.172113486 0 0
-0.800073 0.46915 3.136029 -0.348302339 -0.933806271 0.0818005493 0 0
-0.800711 0.469563 3.137295 -0.313499472 -0.935598424 0.162399726 0 0
-0.801064 0.469589 3.136623 -0.351417429 -0.931746211 0.0914045333 0 0
-0.799741 0.469127 3.136693 -0.308007311 -0.938222269 0.157703743 0 0
-0.801557 0.469939 3.137846 -0.284514632 -0.947348719 0.146907555 0 0
-0.801916 0.469967 3.137202 -0.317212345 -0.944336749 0.0872033936 0 0
-0.798667 0.468683 3.136047 -0.276694585 -0.950881391 0.138797284 0 0
-0.798979 0.468705 3.135412 -0.316895098 -0.946285361 0.0641990068 0 0
-0.797511 0.468287 3.135361 -0.221498784 -0.969294679 0.106799414 0 0
-0.797802 0.468308 3.134769 -0.259002427 -0.965109043 0.0385003608 0 0
-0.799199 0.468771 3.134629 -0.362315719 -0.931340407 -0.0365015837 0 0
-0.800317 0.469219 3.135214 -0.395931892 -0.917973941 -0.0237019091 0 0
-0.798008 0.468372 3.134039 -0.301193059 -0.95207806 -0.053198774 0 0
-0.801352 0.469665 3.135813 -0.398784193 -0.916963652 -0.0121995164 0 0
-0.802236 0.470042 3.136457 -0.356999855 -0.934099622 -0.00299999879 0 0
-0.794125 0.4678 3.135206 -0.0491021996 -0.989844341 0.133405976 0 0
-0.794763 0.468072 3.136532 -0.0332018162 -0.970053063 0.240613162 0 0
-0.795294 0.468011 3.136076 -0.0911974283 -0.980972337 0.171395167 0 0
-0.793641 0.467857 3.135622 0.00290005565 -0.980518816 0.196403769 0 0
-0.792508 0.467715 3.134699 0.0319012783 -0.986339523 0.161606476 0 0
-0.792943 0.467662 3.134324 -0.0156001103 -0.994507031 0.103500732 0 0
-0.791382 0.467631 3.13378 0.0548030534 -0.989355123 0.134807511 0 0
-0.791769 0.467583 3.133446 0.010700056 -0.996705213 0.0804004205 0 0
-0.793257 0.467645 3.133936 -0.0494022434 -0.997145281 0.0571025931 0 0
-0.794474 0.467781 3.134775 -0.0860041421 -0.992847817 0.0828039879 0 0
-0.79351 0.467645 3.13354 -0.061103993 -0.997365175 0.0391025552 0 0
-0.794755 0.467781 3.134335 -0.0987014356 -0.993114445 0.0631009178 0 0
-0.792048 0.467567 3.133101 -0.0207998975 -0.999095074 0.0370998171 0 0
-0.792273 0.467567 3.132749 -0.0318994536 -0.999282882 0.0203996506 0 0
-0.795677 0.467991 3.135603 -0.132197736 -0.984483141 0.115398024 0 0
-0.795985 0.467991 3.135121 -0.146203821 -0.984825739 0.0935024437 0 0
-0.795281 0.4678 3.133398 -0.141706172 -0.989843114 -0.0114004966 0 0
-0.796293 0.467991 3.134639 -0.160296106 -0.984476082 0.071498263 0 0
-0.796562 0.468011 3.134094 -0.193892744 -0.980963288 0.0107995958 0 0
-0.795036 0.467781 3.133896 -0.111304763 -0.992842485 0.0433018529 0 0
-0.793764 0.467645 3.133144 -0.072503572 -0.997149126 0.0209010297 0 0
-0.793985 0.467662 3.132696 -0.100500553 -0.994505475 -0.0293001613 0 0
-0.792498 0.467567 3.132397 -0.0424996043 -0.999090699 0.00339996835 0 0
-0.792695 0.467583 3.131998 -0.0685004555 -0.996706628 -0.0434002886 0 0
-0.794141 0.467715 3.132143 -0.133304878 -0.986336091 -0.0968035421 0 0
-0.795455 0.467857 3.132784 -0.17710118 -0.980506535 -0.0851005672 0 0
-0.792835 0.467631 3.131507 -0.0993062232 -0.989362 -0.106306662 0 0
-0.796752 0.468072 3.13342 -0.232409018 -0.970037638 -0.0708027472 0 0
-0.78952 0.467569 3.131762 0.0691013454 -0.997219416 0.0279005432 0 0
-0.790284 0.467592 3.132882 0.0778996643 -0.990995729 0.108899531 0 0
-0.790623 0.467549 3.132589 0.0363989164 -0.9976703 0.0576982823 0 0
-0.789224 0.467608 3.132013 0.109099798 -0.991098161 0.0762998585 0 0
-0.788213 0.467691 3.13118 0.150895163 -0.987868334 0.0366988236 0 0
-0.788472 0.467652 3.130975 0.110107002 -0.993863207 -0.0106006742 0 0
-0.787261 0.46785 3.130393 0.204109689 -0.978846467 -0.0141006694 0 0
-0.787494 0.467809 3.130239 0.160801582 -0.985209695 -0.0592005825 0 0
-0.788639 0.467647 3.130746 0.0819026758 -0.995132512 -0.0548017904 0 0
-0.789728 0.467557 3.131498 0.041198721 -0.999068984 -0.0127996026 0 0
-0.788772 0.467652 3.130511 0.0860967172 -0.99476207 -0.0550978992 0 0
-0.789896 0.467559 3.131229 0.0361991043 -0.999075278 -0.0231994259 0 0
-0.787613 0.467813 3.130037 0.132402388 -0.985117767 -0.109601977 0 0
-0.787704 0.467826 3.129828 0.150599002 -0.983893477 -0.0962993615 0 0
-0.790868 0.467534 3.132286 0.00700026391 -0.999837695 0.0166006259 0 0
-0.791065 0.467534 3.131977 -0.00239999039 -0.999995995 0.00149999399 0 0
-0.790222 0.467569 3.130664 0.00370007976 -0.997221495 -0.0744016037 0 0
-0.791263 0.467534 3.131668 -0.0121004638 -0.999838325 -0.0133005098 0 0
-0.791436 0.467549 3.131318 -0.0369989348 -0.997671277 -0.0572983504 0 0
-0.790069 0.467557 3.130964 0.0288991328 -0.999070018 -0.0319990397 0 0
-0.78893 0.467647 3.130291 0.0841030063 -0.995135572 -0.0513018338 0 0
-0.789068 0.467652 3.130043 0.0558040951 -0.993872933 -0.0954070012 0 0
-0.787855 0.467813 3.129658 0.15519886 -0.985092765 -0.074199455 0 0
-0.787989 0.467809 3.129465 0.121300125 -0.985201015 -0.121100125 0 0
-0.789145 0.467691 3.129722 0.0299989175 -0.987864354 -0.152394501 0 0
-0.790325 0.467608 3.13029 -0.0235000886 -0.991103736 -0.131000494 0 0
-0.788031 0.46785 3.129189 0.0985031497 -0.978831299 -0.179405737 0 0
-0.791559 0.467592 3.130887 -0.0660992577 -0.990988871 -0.116498692 0 0
-0.785987 0.468267 3.129106 0.246503833 -0.95881491 -0.141102194 0 0
-0.78638 0.468097 3.129658 0.256312854 -0.964048348 -0.0701035158 0 0
-0.7866 0.468047 3.129564 0.212496929 -0.971085968 -0.108798428 0 0
-0.785593 0.468396 3.128966 0.281811576 -0.950539044 -0.130605365 0 0
-0.784926 0.46871 3.128307 0.282000257 -0.942700858 -0.178300162 0 0
-0.785768 0.468376 3.128794 0.242011669 -0.952645933 -0.184108877 0 0
-0.78468 0.468871 3.127895 0.29361637 -0.937352259 -0.187510454 0 0
-0.785707 0.468444 3.128551 0.268100823 -0.94800291 -0.171500527 0 0
-0.78666 0.468066 3.129378 0.186009144 -0.968847625 -0.163508037 0 0
-0.786699 0.468093 3.129185 0.216713347 -0.966359515 -0.13850853 0 0
-0.786327 0.468267 3.128572 0.231797315 -0.958788892 -0.164298097 0 0
-0.786857 0.468066 3.129069 0.226606684 -0.968828576 -0.100102953 0 0
-0.787001 0.468047 3.128937 0.188110304 -0.971053191 -0.147208064 0 0
-0.785953 0.468376 3.128505 0.268714008 -0.952649663 -0.142307419 0 0
-0.785157 0.46871 3.127945 0.280406679 -0.942622454 -0.181204316 0 0
-0.786035 0.468396 3.128274 0.236912734 -0.950551094 -0.200810794 0 0
-0.786994 0.468097 3.128698 0.171199379 -0.964096505 -0.202999264 0 0
-0.875084 0.472031 3.184283 -0.0710007097 -0.990109896 -0.121001209 0 0
-0.873118 0.472156 3.182378 -0.0928009763 -0.980610316 -0.172601816 0 0
-0.872844 0.472069 3.182808 -0.0626987902 -0.9898809 -0.127297544 0 0
-0.875322 0.472114 3.183858 -0.10160081 -0.980707821 -0.167001332 0 0
-0.873329 0.472246 3.182047 -0.128804765 -0.965735723 -0.225308334 0 0
-0.875506 0.472199 3.183536 -0.139509201 -0.965263661 -0.22091457 0 0
-0.869719 0.472248 3.180118 -0.0880987904 -0.980386539 -0.176297579 0 0
-0.869433 0.472156 3.180566 -0.0583000204 -0.989600346 -0.131500046 0 0
-0.869939 0.472341 3.179772 -0.122600012 -0.966100092 -0.227200022 0 0
-0.876576 0.472104 3.184739 -0.120401134 -0.979909226 -0.159001497 0 0
-0.876426 0.472029 3.185175 -0.0884051259 -0.989857394 -0.111206448 0 0
-0.877236 0.47212 3.185209 -0.151902817 -0.976118102 -0.15530288 0 0
-0.877174 0.472051 3.185673 -0.118296353 -0.987869544 -0.100596899 0 0
-0.876693 0.47218 3.184422 -0.157005337 -0.965032807 -0.209907136 0 0
-0.877148 0.472173 3.184852 -0.172696082 -0.965278098 -0.195995553 0 0
-0.87616 0.471968 3.185659 -0.0540985518 -0.996773317 -0.0592984126 0 0
-0.874785 0.471967 3.184768 -0.0377020808 -0.996855018 -0.0697038471 0 0
-0.875836 0.47194 3.186166 -0.0111001464 -0.999913184 0.00710009362 0 0
-0.874455 0.471939 3.185283 0.0049999119 -0.99998238 -0.00319994362 0 0
-0.876939 0.471991 3.186162 -0.0806045861 -0.995756655 -0.0444025264 0 0
-0.876618 0.471964 3.186666 -0.0361991043 -0.999075278 0.0231994259 0 0
-0.872527 0.472002 3.183305 -0.0291001718 -0.996705886 -0.075700447 0 0
-0.869102 0.472086 3.181084 -0.0244008802 -0.996535946 -0.0795028677 0 0
-0.872189 0.471973 3.183834 0.0139008865 -0.999863763 -0.00890056761 0 0
-0.86875 0.472056 3.181636 0.0190008788 -0.999746239 -0.0121005597 0 0
-0.873811 0.472031 3.186273 0.080001238 -0.990115322 0.115201783 0 0
-0.87185 0.472002 3.184363 0.0565002718 -0.996704794 0.0582002799 0 0
-0.871532 0.472069 3.184859 0.0891979123 -0.989876832 0.110397416 0 0
-0.874126 0.471967 3.185798 0.0475024051 -0.996850472 0.0635032152 0 0
-0.868397 0.472086 3.182187 0.0620019686 -0.99653164 0.0555017622 0 0
-0.868066 0.472156 3.182704 0.0948009096 -0.989609495 0.108101037 0 0
-0.875512 0.471968 3.186673 0.031201948 -0.99676223 0.0741046265 0 0
-0.875185 0.472029 3.187117 0.0638030792 -0.989847771 0.127006129 0 0
-0.876297 0.471991 3.187168 0.0065003641 -0.995755774 0.0918051422 0 0
-0.87595 0.472051 3.187587 0.0416986352 -0.987867668 0.149595104 0 0
-0.874852 0.472104 3.187436 0.0938010107 -0.979910559 0.176001896 0 0
-0.873526 0.472114 3.186668 0.108802654 -0.98072392 0.162303959 0 0
-0.874613 0.47218 3.187675 0.124703027 -0.965023426 0.230605598 0 0
-0.873311 0.472199 3.186971 0.141908301 -0.965256464 0.219412835 0 0
-0.875556 0.47212 3.187838 0.0772007465 -0.976109439 0.203101964 0 0
-0.875195 0.472173 3.187907 0.105507265 -0.965266466 0.239016458 0 0
-0.871257 0.472156 3.185289 0.117602293 -0.980619117 0.156703055 0 0
-0.867779 0.472248 3.183152 0.123096691 -0.980373643 0.15399586 0 0
-0.871045 0.472246 3.18562 0.150503086 -0.965719802 0.211504337 0 0
-0.867558 0.472341 3.183497 0.154800324 -0.966102024 0.206600433 0 0
-0.811034 0.47165 3.143048 -0.175603322 -0.982618591 -0.060201139 0 0
-0.808572 0.471327 3.141084 -0.200491918 -0.975860664 -0.0865965094 0 0
-0.808293 0.471244 3.141522 -0.173400606 -0.983903439 -0.043200151 0 0
-0.811355 0.471757 3.142543 -0.201710004 -0.973648289 -0.106405277 0 0
-0.808787 0.471413 3.140748 -0.230093643 -0.962973393 -0.140496118 0 0
-0.811602 0.471864 3.142155 -0.227202431 -0.961010283 -0.157601686 0 0
-0.806211 0.470945 3.139778 -0.195797896 -0.97908948 -0.0551994069 0 0
-0.805959 0.470884 3.140173 -0.167207835 -0.985746188 -0.0186008716 0 0
-0.806405 0.471012 3.139475 -0.231395273 -0.966880247 -0.1076978 0 0
-0.814198 0.472174 3.144006 -0.19850489 -0.972823966 -0.119202937 0 0
-0.813829 0.472045 3.144585 -0.173111733 -0.982266575 -0.0720048803 0 0
-0.816736 0.472517 3.145321 -0.18929914 -0.973195577 -0.130599406 0 0
-0.816326 0.47237 3.145965 -0.1637099 -0.982959441 -0.0836050558 0 0
-0.814481 0.472301 3.14356 -0.221406256 -0.960827149 -0.16670471 0 0
-0.817052 0.47266 3.144826 -0.211408503 -0.961638678 -0.174807031 0 0
-0.813403 0.471944 3.145252 -0.14000525 -0.990037127 -0.0150005625 0 0
-0.810662 0.471567 3.14363 -0.14329431 -0.989660701 -0.00619975381 0 0
-0.812948 0.4719 3.145965 -0.0935020229 -0.993821502 0.0598012938 0 0
-0.810266 0.471531 3.14425 -0.0995002881 -0.993002875 0.0636001841 0 0
-0.815853 0.472255 3.146707 -0.129703916 -0.991229926 -0.0253007638 0 0
-0.815347 0.472205 3.147499 -0.081500866 -0.995310575 0.0521005536 0 0
-0.807971 0.47118 3.142026 -0.142399723 -0.989798075 0.00469999086 0 0
-0.805669 0.470837 3.140628 -0.13820196 -0.990214041 0.0194002751 0 0
-0.807627 0.471152 3.142564 -0.103196776 -0.992468991 0.0659979379 0 0
-0.805359 0.470818 3.141114 -0.105700468 -0.99210439 0.0675002987 0 0
-0.809497 0.47165 3.145452 -0.0191001751 -0.982609011 0.184701694 0 0
-0.807284 0.47118 3.143102 -0.0640994186 -0.989791023 0.127298845 0 0
-0.806961 0.471244 3.143605 -0.0335996047 -0.983888425 0.175597934 0 0
-0.809869 0.471567 3.144871 -0.0545030604 -0.989655571 0.132707452 0 0
-0.805048 0.470837 3.141599 -0.0757005367 -0.990207021 0.117300832 0 0
-0.804757 0.470884 3.142054 -0.0533021977 -0.985740643 0.159606581 0 0
-0.812492 0.471944 3.146677 -0.0451021898 -0.990048068 0.133306472 0 0
-0.812065 0.472045 3.147344 -0.00730040559 -0.982254571 0.187410412 0 0
-0.814841 0.472255 3.14829 -0.0315010934 -0.991234406 0.128304454 0 0
-0.814366 0.47237 3.149031 0.00720039625 -0.982954093 0.18371011 0 0
-0.811694 0.472174 3.147922 0.0248006582 -0.972825819 0.23020611 0 0
-0.809174 0.471757 3.145956 0.0120006706 -0.973654404 0.227712724 0 0
-0.811409 0.472301 3.148366 0.0583022639 -0.96083731 0.27091052 0 0
-0.808925 0.471864 3.146343 0.0477000465 -0.961000937 0.272400266 0 0
-0.813954 0.472517 3.149673 0.0390002574 -0.973206423 0.226601496 0 0
-0.813637 0.47266 3.150167 0.0699019342 -0.961626609 0.265307341 0 0
-0.806681 0.471327 3.144042 -0.00559981224 -0.97586728 0.218292681 0 0
-0.804505 0.470945 3.142448 -0.0321001948 -0.979105943 0.200801219 0 0
-0.806466 0.471413 3.144378 0.0309006919 -0.96292156 0.268006001 0 0
-0.804311 0.471012 3.142751 0.000699974035 -0.966864135 0.25529053 0 0
-0.80334 0.470426 3.138403 -0.1908096 -0.980749343 0.041502088 0 0
-0.8029 0.470282 3.137172 -0.280991944 -0.959672487 0.00849975632 0 0
-0.802596 0.470225 3.137771 -0.250101933 -0.965807466 0.068300528 0 0
-0.803612 0.470466 3.137948 -0.218007198 -0.975932221 0.00540017829 0 0
-0.803155 0.470364 3.136678 -0.335700487 -0.939401362 -0.0695001008 0 0
-0.803827 0.470517 3.13759 -0.263410521 -0.96343848 -0.0490019572 0 0
-0.804637 0.470673 3.138775 -0.195312131 -0.980560905 -0.0188011678 0 0
-0.804385 0.470628 3.139169 -0.166609059 -0.985953608 0.0117006362 0 0
-0.804831 0.470723 3.138472 -0.236506412 -0.969226276 -0.0683018517 0 0
-0.804095 0.470596 3.139623 -0.140495028 -0.989264991 0.0401985774 0 0
-0.80303 0.470401 3.138899 -0.167211576 -0.983368081 0.0709049089 0 0
-0.803785 0.470583 3.140107 -0.11570359 -0.990530732 0.0739022929 0 0
-0.8027 0.470393 3.139414 -0.149006431 -0.984242481 0.0952041091 0 0
-0.802257 0.4702 3.138344 -0.22431194 -0.968151536 0.11120592 0 0
-0.8019 0.470195 3.138902 -0.209290727 -0.96865708 0.133794072 0 0
-0.802051 0.470426 3.14042 -0.117806372 -0.98075305 0.155708422 0 0
-0.801542 0.4702 3.139461 -0.194997808 -0.968189118 0.156798238 0 0
-0.801166 0.470225 3.14001 -0.167001542 -0.965808919 0.198301831 0 0
-0.802371 0.470401 3.13993 -0.134608073 -0.983358979 0.122007318 0 0
-0.803475 0.470596 3.140592 -0.09539771 -0.989276253 0.110597345 0 0
-0.803184 0.470628 3.141047 -0.0805047197 -0.985957803 0.146308578 0 0
-0.802933 0.470673 3.14144 -0.0649035276 -0.980553295 0.185210066 0 0
-0.801752 0.470466 3.140857 -0.0965041831 -0.975942303 0.195508474 0 0
-0.80274 0.470723 3.141744 -0.0372004457 -0.969211611 0.243402916 0 0
-0.801517 0.470517 3.141202 -0.066101558 -0.963422708 0.259706121 0 0
-0.800749 0.470282 3.140537 -0.125707235 -0.95965523 0.251514475 0 0
-0.800408 0.470364 3.140975 -0.0778020369 -0.939424594 0.333808739 0 0
-0.819847 0.472674 3.148041 -0.117797404 -0.985978269 -0.118197395 0 0
-0.818607 0.472725 3.146341 -0.170001427 -0.974508181 -0.146401229 0 0
-0.818174 0.472568 3.147022 -0.143201186 -0.984608153 -0.10020083 0 0
-0.82029 0.472836 3.147345 -0.146106902 -0.975646086 -0.163607728 0 0
-0.818941 0.472878 3.145818 -0.193000038 -0.963000188 -0.188100037 0 0
-0.820631 0.472993 3.14681 -0.170612513 -0.964070708 -0.203614934 0 0
-0.822262 0.472886 3.148613 -0.130605985 -0.976044723 -0.174007973 0 0
-0.82182 0.472724 3.149307 -0.101503644 -0.986435409 -0.129004631 0 0
-0.825003 0.472912 3.150427 -0.126201605 -0.976212413 -0.176302242 0 0
-0.824569 0.472753 3.151108 -0.0968995707 -0.986595629 -0.131299418 0 0
-0.822602 0.473043 3.14808 -0.156202914 -0.964417991 -0.213303979 0 0
-0.825336 0.473066 3.149903 -0.152200401 -0.964502541 -0.215800569 0 0
-0.821309 0.472596 3.150108 -0.0641009304 -0.995414449 -0.0710010306 0 0
-0.819335 0.472546 3.148843 -0.0811003556 -0.994904363 -0.0599002627 0 0
-0.820764 0.47254 3.150961 -0.0133010031 -0.999875403 0.00850064106 0 0
-0.818788 0.47249 3.149698 -0.0306012684 -0.999341424 0.0195008083 0 0
-0.824067 0.472628 3.151893 -0.0595015453 -0.995525854 -0.0734019063 0 0
-0.823532 0.472574 3.152731 -0.00890039795 -0.999944709 0.00560025039 0 0
-0.817673 0.472444 3.147807 -0.1078002 -0.993301843 -0.0416000772 0 0
-0.817138 0.47239 3.148643 -0.0583001183 -0.997602025 0.0373000757 0 0
-0.817728 0.472674 3.151355 0.0578979166 -0.985964521 0.156594365 0 0
-0.816603 0.472444 3.14948 -0.00750001789 -0.993302369 0.115300275 0 0
-0.816101 0.472568 3.150264 0.0308004651 -0.984614868 0.172002597 0 0
-0.818241 0.472546 3.150553 0.0203002051 -0.994910054 0.0987009974 0 0
-0.820218 0.472596 3.151814 0.0374006747 -0.995417958 0.0880015876 0 0
-0.819706 0.472724 3.152614 0.0745022761 -0.986430136 0.14630447 0 0
-0.822997 0.472628 3.153568 0.0416012096 -0.995528945 0.0848024657 0 0
-0.822494 0.472753 3.154353 0.0784992378 -0.98659042 0.143098611 0 0
-0.819262 0.472886 3.153306 0.103102346 -0.976022205 0.191704361 0 0
-0.817283 0.472836 3.152049 0.0872034494 -0.975638592 0.201307963 0 0
-0.81892 0.473043 3.153839 0.128000172 -0.964401292 0.23140031 0 0
-0.81694 0.472993 3.152583 0.113208246 -0.964070221 0.240317504 0 0
-0.822058 0.472912 3.155033 0.107002799 -0.976225534 0.18850493 0 0
-0.821723 0.473066 3.155556 0.132000796 -0.964505816 0.228701379 0 0
-0.815665 0.472725 3.150944 0.0614003116 -0.974504946 0.215801095 0 0
-0.81533 0.472878 3.151466 0.0897008118 -0.963008715 0.2541023 0 0
-0.773121 0.479199 3.114415 -0.217809687 0.84113741 0.495022017 0 0
-0.771666 0.479069 3.11539 -0.263406166 0.854920014 0.446910462 0 0
-0.770997 0.47963 3.114713 -0.258904379 0.853614439 0.452007646 0 0
-0.77367 0.478649 3.115108 -0.223507932 0.842629906 0.489917387 0 0
-0.772453 0.47842 3.116174 -0.268698611 0.858695561 0.436397744 0 0
-0.774312 0.478019 3.115905 -0.231012183 0.846744654 0.479225273 0 0
-0.770035 0.479375 3.115855 -0.304005724 0.865316294 0.398507504 0 0
-0.769269 0.479945 3.115206 -0.301101135 0.864203258 0.40310152 0 0
-0.770939 0.478713 3.116613 -0.306708007 0.868722678 0.388910153 0 0
-0.775978 0.478125 3.115048 -0.179804919 0.828322659 0.530614515 0 0
-0.775568 0.478661 3.114352 -0.17270846 0.826540489 0.535726243 0 0
-0.778522 0.477506 3.115248 -0.128908625 0.812354352 0.568738053 0 0
-0.778268 0.478026 3.114567 -0.120298704 0.80969128 0.574393814 0 0
-0.776454 0.477517 3.115842 -0.189099389 0.833097309 0.519798321 0 0
-0.778818 0.476922 3.116022 -0.140202405 0.818314038 0.557409562 0 0
-0.775235 0.479101 3.113779 -0.16840522 0.829625715 0.532316499 0 0
-0.772677 0.479647 3.113846 -0.213613795 0.844254519 0.491531742 0 0
-0.774989 0.479422 3.113351 -0.168813686 0.845168521 0.507141116 0 0
-0.772349 0.479972 3.113423 -0.211598653 0.858894533 0.466397031 0 0
-0.77806 0.478456 3.114002 -0.115496502 0.812375398 0.57158269 0 0
-0.777904 0.478771 3.11358 -0.118401702 0.828711913 0.547007863 0 0
-0.770458 0.480085 3.114161 -0.254995067 0.856483431 0.448791318 0 0
-0.768653 0.480404 3.11468 -0.29730254 0.866907408 0.400103419 0 0
-0.770062 0.480412 3.113752 -0.250111358 0.870139514 0.424619282 0 0
-0.768201 0.480734 3.114291 -0.288908224 0.879525036 0.378110763 0 0
-0.767178 0.480196 3.116707 -0.406092729 0.876184312 0.259595352 0 0
-0.76766 0.479559 3.11832 -0.45303179 0.8735613 0.177912485 0 0
-0.766751 0.480134 3.117817 -0.455541764 0.872680007 0.175816119 0 0
-0.768063 0.47962 3.117272 -0.404914814 0.876932083 0.258909472 0 0
-0.768728 0.478888 3.118915 -0.446702962 0.87630581 0.180401196 0 0
-0.769105 0.478946 3.117939 -0.401106713 0.879414717 0.256404291 0 0
-0.767605 0.479375 3.119658 -0.489311612 0.865320534 0.108602577 0 0
-0.766693 0.479945 3.119234 -0.492290711 0.864183693 0.104098036 0 0
-0.768672 0.478713 3.12016 -0.481837293 0.868667233 0.115108909 0 0
-0.768844 0.479559 3.116467 -0.351712769 0.873531714 0.336512217 0 0
-0.768006 0.480133 3.115854 -0.350701426 0.872703548 0.339701381 0 0
-0.769833 0.478888 3.117187 -0.35120962 0.876324003 0.329709031 0 0
-0.767334 0.480595 3.115359 -0.346913193 0.87533329 0.336812809 0 0
-0.766468 0.480659 3.116253 -0.402021901 0.878847877 0.256913996 0 0
-0.766841 0.480927 3.114995 -0.333801914 0.887205088 0.318501827 0 0
-0.765947 0.480991 3.11592 -0.383422674 0.890452659 0.245114495 0 0
-0.76602 0.480595 3.117414 -0.451317144 0.87533325 0.173506591 0 0
-0.765957 0.480404 3.118896 -0.487918234 0.866932398 0.101803804 0 0
-0.765483 0.480927 3.117119 -0.429125901 0.887253552 0.169210213 0 0
-0.765415 0.480734 3.118649 -0.464308773 0.879616621 0.103401954 0 0
-0.767593 0.479199 3.123063 -0.540724403 0.841137961 -0.0102004604 0 0
-0.769367 0.478125 3.12539 -0.55703617 0.828353787 -0.0595038637 0 0
-0.768563 0.478661 3.12531 -0.558731974 0.826547301 -0.0681038974 0 0
-0.768452 0.478649 3.12327 -0.538509464 0.842614809 -0.00280004921 0 0
-0.770287 0.477517 3.125489 -0.551232524 0.833049151 -0.0466027496 0 0
-0.769445 0.478019 3.123518 -0.531929057 0.846746255 0.00850046435 0 0
-0.770617 0.477506 3.127615 -0.570333003 0.812347008 -0.121707043 0 0
-0.769891 0.478026 3.127671 -0.571809452 0.809713385 -0.13190218 0 0
-0.771443 0.476922 3.127559 -0.564794304 0.818291748 -0.106798923 0 0
-0.767867 0.479069 3.121333 -0.516210735 0.854917778 0.0514010689 0 0
-0.766971 0.47963 3.12101 -0.519034701 0.853557066 0.0452030221 0 0
-0.768909 0.47842 3.121718 -0.508936222 0.858661113 0.0607043205 0 0
-0.766244 0.480085 3.120753 -0.514385284 0.856475497 0.043098767 0 0
-0.76689 0.479647 3.122899 -0.53582437 0.844238397 -0.012400564 0 0
-0.765707 0.480412 3.120565 -0.490415237 0.870127035 0.0487015132 0 0
-0.766369 0.479972 3.122779 -0.512181436 0.858868871 -0.00379986228 0 0
-0.767903 0.479101 3.125249 -0.553892874 0.829589327 -0.0705990917 0 0
-0.769291 0.478456 3.127719 -0.567210888 0.812415594 -0.135102593 0 0
-0.767411 0.479422 3.125205 -0.531107834 0.845212467 -0.0595008776 0 0
-0.768843 0.478771 3.127755 -0.546203676 0.828705577 -0.122100822 0 0
-0.79409 0.470853 3.140455 -0.0780990937 0.855790069 -0.511394065 0 0
-0.794946 0.470165 3.1393 -0.0228018989 0.89447449 -0.446537187 0 0
-0.79579 0.470585 3.140113 0.00109999077 0.879392622 -0.476096006 0 0
-0.793378 0.470449 3.139636 -0.098803976 0.871235059 -0.480819349 0 0
-0.794061 0.46978 3.138409 -0.0544991144 0.915985115 -0.397493541 0 0
-0.792605 0.470069 3.138726 -0.123799011 0.893192868 -0.432296548 0 0
-0.796176 0.469971 3.138848 0.0503985924 0.91587442 -0.398288876 0 0
-0.797125 0.470407 3.139646 0.0767029953 0.902635249 -0.423516539 0 0
-0.795203 0.46958 3.137985 0.0128000045 0.936400333 -0.350700124 0 0
-0.791485 0.470839 3.139784 -0.177705596 0.846226648 -0.502315818 0 0
-0.792065 0.471231 3.140604 -0.162013853 0.83107106 -0.532045492 0 0
-0.789277 0.471347 3.139672 -0.257298454 0.82029507 -0.51079693 0 0
-0.789717 0.471736 3.140479 -0.246693703 0.805379443 -0.538986243 0 0
-0.790846 0.470461 3.138869 -0.195604118 0.868318283 -0.455809597 0 0
-0.788794 0.470964 3.138769 -0.268501678 0.842505266 -0.467002919 0 0
-0.792555 0.47159 3.14129 -0.149806345 0.824134907 -0.546223136 0 0
-0.794714 0.47123 3.141149 -0.0634045675 0.848961157 -0.524637794 0 0
-0.792925 0.47187 3.141807 -0.144001198 0.834406942 -0.532004426 0 0
-0.795184 0.471526 3.141676 -0.0598002015 0.861102902 -0.504901702 0 0
-0.79009 0.472087 3.141155 -0.237900548 0.798701841 -0.552701274 0 0
-0.790371 0.472358 3.141663 -0.231809282 0.809232402 -0.539821615 0 0
-0.796594 0.470991 3.140823 0.0151000825 0.874104777 -0.485502653 0 0
-0.798073 0.470839 3.140359 0.0898013466 0.900913509 -0.424606367 0 0
-0.797198 0.471314 3.141375 0.0127000344 0.890502413 -0.454801233 0 0
-0.79915 0.471233 3.140996 0.0911998153 0.930598116 -0.354499282 0 0
-0.80003 0.470853 3.131162 0.431304164 0.855808263 0.285602758 0 0
-0.799341 0.470165 3.132424 0.39572432 0.89445497 0.208212796 0 0
-0.798988 0.470449 3.13086 0.394906711 0.871214806 0.291604956 0 0
-0.800434 0.470585 3.132849 0.432508257 0.879416788 0.198903797 0 0
-0.799448 0.469971 3.13373 0.382601238 0.915902963 0.121400393 0 0
-0.80057 0.470407 3.134257 0.416527856 0.902660367 0.108207237 0 0
-0.798161 0.46978 3.131995 0.337896942 0.91599171 0.216298043 0 0
-0.797838 0.470069 3.13054 0.34031212 0.893231813 0.293810464 0 0
-0.798255 0.46958 3.13321 0.323728046 0.936381122 0.135611749 0 0
-0.801416 0.470991 3.133281 0.447000487 0.874100953 0.190100207 0 0
-0.800922 0.47123 3.131437 0.449494586 0.848989774 0.277796654 0 0
-0.80217 0.471314 3.133597 0.418103717 0.890507917 0.179401595 0 0
-0.801597 0.471526 3.131643 0.433114886 0.861129598 0.26620915 0 0
-0.801615 0.470839 3.134818 0.423103108 0.900906617 0.0967007103 0 0
-0.802645 0.471233 3.135528 0.360089633 0.930573209 0.0660980971 0 0
-0.800144 0.47159 3.129418 0.432821481 0.824140903 0.365318131 0 0
-0.799315 0.471231 3.129262 0.414838125 0.83107638 0.370434044 0 0
-0.798986 0.472087 3.127238 0.401786153 0.798672474 0.44798456 0 0
-0.798216 0.471736 3.127184 0.385592951 0.805385278 0.450191771 0 0
-0.800768 0.47187 3.129538 0.422408212 0.834416221 0.354006882 0 0
-0.799565 0.472358 3.12728 0.392702566 0.809205288 0.437002856 0 0
-0.798327 0.470839 3.12908 0.381304391 0.846209744 0.372204286 0 0
-0.797229 0.470461 3.128884 0.331601549 0.868304055 0.368901723 0 0
-0.797299 0.471347 3.127123 0.355504206 0.820309704 0.4480053 0 0
-0.796276 0.470964 3.127063 0.311188217 0.842468101 0.439783348 0 0
-0.784106 0.476512 3.115956 0.00739993288 0.774692974 0.632294265 0 0
-0.786785 0.475212 3.117677 0.0671976475 0.770673019 0.633677815 0 0
-0.784022 0.476028 3.116553 -0.00520011178 0.780916786 0.624613426 0 0
-0.78704 0.475677 3.117151 0.0823997112 0.762097329 0.642197749 0 0
-0.789427 0.474374 3.119128 0.145196114 0.768479432 0.623183321 0 0
-0.789846 0.474819 3.118693 0.163206955 0.757732291 0.631826926 0 0
-0.786502 0.47471 3.118273 0.0464018246 0.784630852 0.618224309 0 0
-0.783932 0.475497 3.117229 -0.0219997866 0.79179232 0.610394079 0 0
-0.78896 0.4739 3.119622 0.119909005 0.785258971 0.607445618 0 0
-0.787254 0.476072 3.116714 0.0901992798 0.760793925 0.642694868 0 0
-0.784177 0.47692 3.11546 0.0139000733 0.775004088 0.631803333 0 0
-0.787413 0.476366 3.116387 0.0823062674 0.776959164 0.624147528 0 0
-0.784229 0.477221 3.115088 0.00730029633 0.791732137 0.610824794 0 0
-0.790198 0.475202 3.118333 0.172507321 0.754832032 0.632826855 0 0
-0.790461 0.475488 3.118063 0.163309327 0.770043978 0.616735223 0 0
-0.781076 0.477722 3.114559 -0.0545018463 0.793426878 0.606220536 0 0
-0.781148 0.477302 3.115098 -0.0600991532 0.791588847 0.608091432 0 0
-0.781022 0.47803 3.114155 -0.0595022463 0.810130583 0.583222017 0 0
-0.781236 0.476799 3.115746 -0.0706012722 0.795814341 0.601410838 0 0
-0.781341 0.476241 3.116481 -0.0842054937 0.803852445 0.588838417 0 0
-0.773603 0.476512 3.132386 -0.570796821 0.774695685 -0.272098484 0 0
-0.776289 0.475212 3.134095 -0.54692232 0.77063145 -0.32711335 0 0
-0.775919 0.475677 3.134547 -0.548330639 0.76204258 -0.344419245 0 0
-0.77411 0.476028 3.13206 -0.569036402 0.780949959 -0.257516474 0 0
-0.776711 0.47471 3.133588 -0.541613375 0.784619376 -0.301707451 0 0
-0.774685 0.475497 3.131694 -0.563219172 0.791826954 -0.236208041 0 0
-0.778716 0.474374 3.135884 -0.504605811 0.768508849 -0.39340453 0 0
-0.778497 0.474819 3.136447 -0.504937824 0.757756762 -0.413330962 0 0
-0.778968 0.4739 3.135253 -0.50095253 0.785282345 -0.363838152 0 0
-0.772208 0.476799 3.129869 -0.575435287 0.795848803 -0.188411554 0 0
-0.771582 0.477302 3.130062 -0.577000467 0.791700641 -0.200700163 0 0
-0.772919 0.476241 3.129656 -0.569771543 0.803859852 -0.17079147 0 0
-0.771063 0.477722 3.130223 -0.573113706 0.793418975 -0.205004903 0 0
-0.773183 0.47692 3.132659 -0.567525636 0.775035009 -0.277912554 0 0
-0.770674 0.47803 3.130343 -0.55439279 0.810089465 -0.190797519 0 0
-0.772867 0.477221 3.132863 -0.551301428 0.791702051 -0.263200682 0 0
-0.775613 0.476072 3.134924 -0.545407993 0.76081115 -0.351705154 0 0
-0.778318 0.475202 3.136917 -0.501892356 0.754888503 -0.42219357 0 0
-0.775383 0.476366 3.135207 -0.531824696 0.777036083 -0.336715636 0 0
-0.778184 0.475488 3.137269 -0.491108931 0.770114005 -0.407107403 0 0
-0.784199 0.473136 3.139173 -0.388014339 0.769528438 -0.507218745 0 0
-0.781357 0.473535 3.137335 -0.449483794 0.773472113 -0.446883888 0 0
-0.784084 0.472729 3.138448 -0.391598964 0.783297928 -0.482798723 0 0
-0.781303 0.47396 3.137989 -0.448026925 0.761045736 -0.469128193 0 0
-0.781426 0.47309 3.136602 -0.448334516 0.792561018 -0.413331822 0 0
-0.783963 0.47231 3.137636 -0.39351835 0.804037493 -0.445720784 0 0
-0.781261 0.47433 3.138535 -0.444500111 0.756700189 -0.47940012 0 0
-0.7843 0.473495 3.139779 -0.38340042 0.764100837 -0.518800568 0 0
-0.781231 0.474608 3.138945 -0.436123442 0.770541418 -0.464824985 0 0
-0.784376 0.473767 3.140234 -0.376406615 0.776713651 -0.505008876 0 0
-0.78729 0.472735 3.140652 -0.316595984 0.777490138 -0.543393107 0 0
-0.78705 0.472383 3.140003 -0.322902186 0.783705306 -0.530603592 0 0
-0.787472 0.473004 3.14114 -0.310402918 0.789007417 -0.530204984 0 0
-0.786767 0.471988 3.139227 -0.329399195 0.798298048 -0.504198767 0 0
-0.786459 0.471591 3.138359 -0.335197982 0.820195062 -0.463597209 0 0
-0.794715 0.473136 3.122724 0.297503792 0.769509807 0.565107202 0 0
-0.791852 0.473535 3.120916 0.216907317 0.773426092 0.595620094 0 0
-0.792423 0.47396 3.120592 0.237705319 0.761017028 0.603613506 0 0
-0.794008 0.472729 3.122923 0.273799871 0.783299632 0.558099738 0 0
-0.791216 0.47309 3.121286 0.18691383 0.792558644 0.580442949 0 0
-0.793221 0.47231 3.123154 0.239306823 0.804022923 0.544315519 0 0
-0.795841 0.471988 3.125032 0.319308344 0.79832086 0.510613343 0 0
-0.796664 0.472383 3.124963 0.346096446 0.783691952 0.515794703 0 0
-0.794924 0.471591 3.125117 0.279995905 0.820188005 0.498892704 0 0
-0.797354 0.472735 3.124908 0.360316737 0.777436113 0.515523947 0 0
-0.795307 0.473495 3.122561 0.30989745 0.764093711 0.565795344 0 0
-0.797873 0.473004 3.124869 0.350905211 0.789011717 0.504307489 0 0
-0.795751 0.473767 3.122439 0.300305919 0.776815311 0.55351091 0 0
-0.792902 0.47433 3.120325 0.248405025 0.756715309 0.604712233 0 0
-0.793261 0.474608 3.120125 0.238798494 0.770595142 0.590896274 0 0
-0.791518 0.471554 3.123687 0.169000689 0.841403429 0.513302092 0 0
-0.789132 0.471867 3.122569 0.0996057883 0.840148822 0.533130981 0 0
-0.789842 0.472251 3.122122 0.125707848 0.827551662 0.547134156 0 0
-0.790638 0.471223 3.123976 0.139698903 0.854393293 0.500496071 0 0
-0.788426 0.471513 3.123022 0.0746001503 0.850901715 0.520001048 0 0
-0.789761 0.470925 3.124271 0.112303665 0.86512823 0.48881595 0 0
-0.787437 0.472535 3.121317 0.0454997222 0.828594942 0.557996593 0 0
-0.787955 0.472974 3.120729 0.0681034158 0.81684097 0.572828731 0 0
-0.786922 0.472122 3.121911 0.0234990255 0.838965209 0.543677454 0 0
-0.791915 0.470627 3.125455 0.168100455 0.871702358 0.460301245 0 0
-0.792941 0.47091 3.125332 0.200600425 0.858801821 0.471400999 0 0
-0.792928 0.470104 3.126921 0.186103169 0.893215212 0.409306971 0 0
-0.794069 0.470345 3.126963 0.221697014 0.880888135 0.418194367 0 0
-0.790894 0.470382 3.125583 0.138612892 0.882082037 0.450241874 0 0
-0.791791 0.469905 3.126886 0.154602265 0.902713225 0.401505882 0 0
-0.79395 0.471232 3.125218 0.23730416 0.842214764 0.484108486 0 0
-0.792385 0.471918 3.123411 0.201700031 0.825200128 0.527600082 0 0
-0.795192 0.470631 3.12701 0.262701926 0.864606338 0.428303139 0 0
-0.790541 0.47266 3.121691 0.154300302 0.812201588 0.5626011 0 0
-0.788466 0.473431 3.12016 0.0925016146 0.802814013 0.589010281 0 0
-0.783732 0.471554 3.135868 -0.394902531 0.841405393 -0.368902365 0 0
-0.781715 0.471867 3.134172 -0.442112808 0.840124339 -0.314209103 0 0
-0.783624 0.471223 3.134948 -0.395599935 0.854399859 -0.336899944 0 0
-0.781608 0.472251 3.135004 -0.443819278 0.827535945 -0.343814934 0 0
-0.779867 0.472535 3.133159 -0.487314741 0.828625066 -0.275508334 0 0
-0.779551 0.472974 3.133876 -0.491318862 0.816831359 -0.302311606 0 0
-0.78183 0.471513 3.133341 -0.440690459 0.850881579 -0.285993808 0 0
-0.783524 0.470925 3.134028 -0.396515728 0.865134316 -0.307112182 0 0
-0.78019 0.472122 3.132442 -0.483513659 0.839023703 -0.249507049 0 0
-0.78151 0.47266 3.135819 -0.445798179 0.812196682 -0.376298463 0 0
-0.783845 0.471918 3.13677 -0.394190177 0.825179437 -0.404589918 0 0
-0.779249 0.473431 3.134578 -0.495724844 0.802840235 -0.331216599 0 0
-0.786142 0.471232 3.137433 -0.339801556 0.842203857 -0.418601917 0 0
-0.785822 0.47091 3.136469 -0.343701523 0.858803805 -0.379901683 0 0
-0.78829 0.470631 3.137808 -0.278409611 0.864629848 -0.418214437 0 0
-0.787776 0.470345 3.136808 -0.286504305 0.880913236 -0.37670566 0 0
-0.785503 0.470627 3.135486 -0.347114416 0.871736204 -0.345814362 0 0
-0.785191 0.470382 3.134505 -0.350403572 0.882108993 -0.314803209 0 0
-0.787259 0.470104 3.135789 -0.293313548 0.89324126 -0.340715738 0 0
-0.78675 0.469905 3.134773 -0.299501984 0.902705981 -0.308902046 0 0
-0.775973 0.474397 3.130898 -0.549085872 0.813579067 -0.191295078 0 0
-0.778171 0.473203 3.131907 -0.522926717 0.822142004 -0.225011496 0 0
-0.777663 0.473696 3.132482 -0.52860946 0.811614524 -0.248704451 0 0
-0.776655 0.47385 3.130484 -0.542717557 0.822426606 -0.170505516 0 0
-0.778686 0.472731 3.131331 -0.517308603 0.831713832 -0.201603353 0 0
-0.777344 0.473321 3.13007 -0.536096781 0.830795011 -0.149599102 0 0
-0.775348 0.474458 3.128959 -0.549708801 0.827513249 -0.114201828 0 0
-0.774509 0.475057 3.129197 -0.555978704 0.820568569 -0.132494925 0 0
-0.774279 0.475007 3.127402 -0.545919689 0.835930148 -0.0565020378 0 0
-0.773299 0.475656 3.127454 -0.551711098 0.830816712 -0.0732014725 0 0
-0.776193 0.473873 3.128721 -0.543033126 0.834250891 -0.0956058321 0 0
-0.775258 0.474369 3.127347 -0.540126896 0.840641861 -0.039801982 0 0
-0.773692 0.475656 3.129431 -0.562479161 0.812869884 -0.151194398 0 0
-0.775311 0.47495 3.131304 -0.5557391 0.803656543 -0.212814973 0 0
-0.772346 0.4763 3.127506 -0.557842439 0.825062769 -0.0899068399 0 0
-0.777173 0.474201 3.133047 -0.534609663 0.799514451 -0.273804949 0 0
-0.78375 0.474397 3.118731 -0.0568978305 0.813568979 0.578677935 0 0
-0.785588 0.473203 3.120303 -0.0153003266 0.822117548 0.569112148 0 0
-0.783661 0.47385 3.119525 -0.0730997438 0.822397118 0.564198022 0 0
-0.785898 0.473696 3.119601 0.00380000258 0.811600552 0.584200397 0 0
-0.785282 0.472731 3.121012 -0.0341994499 0.831686622 0.554191086 0 0
-0.783574 0.473321 3.120324 -0.0893054773 0.830750952 0.549433698 0 0
-0.786204 0.474201 3.118919 0.0240997457 0.799491565 0.600193668 0 0
-0.783841 0.47495 3.11796 -0.0401027941 0.803655993 0.593741367 0 0
-0.781461 0.475656 3.117278 -0.0989025305 0.812920799 0.573914684 0 0
-0.781592 0.475057 3.118117 -0.113102944 0.820521354 0.560314582 0 0
-0.779149 0.4763 3.116864 -0.152599026 0.825094732 0.543996527 0 0
-0.779502 0.475656 3.117751 -0.165199015 0.830795044 0.53149683 0 0
-0.781729 0.474458 3.118979 -0.127099347 0.827495751 0.546897192 0 0
-0.781867 0.473873 3.119845 -0.141107913 0.834246782 0.53302989 0 0
-0.779866 0.475007 3.118661 -0.177904816 0.835922629 0.519214055 0 0
-0.780227 0.474369 3.119574 -0.190595001 0.840677949 0.506886705 0 0
-0.795365 0.469523 3.129876 0.231599738 0.928298951 0.290899671 0 0
-0.794326 0.469089 3.130639 0.179195051 0.957173563 0.227393719 0 0
-0.79409 0.469342 3.129542 0.19049573 0.938278969 0.288693529 0 0
-0.79563 0.469252 3.131095 0.222107723 0.948632985 0.225307834 0 0
-0.794391 0.468914 3.131555 0.160407487 0.973245427 0.164507679 0 0
-0.795704 0.469063 3.132113 0.204000388 0.966201836 0.157600299 0 0
-0.793028 0.468981 3.130188 0.144397267 0.962681777 0.228895667 0 0
-0.79282 0.469211 3.129214 0.156307977 0.945148232 0.286814637 0 0
-0.793085 0.468821 3.131002 0.125701429 0.977411113 0.169901932 0 0
-0.796916 0.469479 3.131549 0.274402643 0.935709011 0.221702135 0 0
-0.796622 0.469763 3.13021 0.280903638 0.914011836 0.292703791 0 0
-0.797 0.469282 3.132668 0.257815963 0.954759116 0.148209177 0 0
-0.796065 0.470145 3.128685 0.277401501 0.889904814 0.362101959 0 0
-0.794861 0.469885 3.128488 0.231907034 0.905327459 0.355810792 0 0
-0.793638 0.469677 3.128293 0.193298024 0.916590628 0.349996421 0 0
-0.79242 0.469517 3.128104 0.160210006 0.924857764 0.344921543 0 0
-0.790964 0.469523 3.136761 -0.166801133 0.928306303 -0.332302256 0 0
-0.79122 0.469089 3.135498 -0.131094344 0.957158704 -0.258188861 0 0
-0.792181 0.469252 3.13649 -0.111203234 0.948627586 -0.296208614 0 0
-0.790125 0.469342 3.135744 -0.182111431 0.938258897 -0.294118462 0 0
-0.790266 0.468981 3.134509 -0.147096356 0.962676155 -0.227194372 0 0
-0.789294 0.469211 3.134729 -0.194694162 0.94517166 -0.262192138 0 0
-0.792079 0.468914 3.135172 -0.0820042889 0.973250902 -0.214611224 0 0
-0.793137 0.469063 3.136129 -0.0574003189 0.966205367 -0.251301396 0 0
-0.791029 0.468821 3.134219 -0.10140173 0.977416675 -0.185403163 0 0
-0.788802 0.469677 3.135858 -0.236496503 0.916586449 -0.322395233 0 0
-0.789492 0.469885 3.136886 -0.225609082 0.905336445 -0.359814485 0 0
-0.78812 0.469517 3.134832 -0.245813677 0.92485146 -0.290216148 0 0
-0.790177 0.470145 3.137897 -0.212208007 0.889933578 -0.403715232 0 0
-0.791795 0.469763 3.137762 -0.147704126 0.914025534 -0.377810554 0 0
-0.793134 0.469479 3.137466 -0.0861008563 0.935709306 -0.342103402 0 0
-0.794184 0.469282 3.137072 -0.0263016016 0.954758137 -0.296218037 0 0
-0.771718 0.476605 3.12412 -0.518626036 0.854242884 0.0360018073 0 0
-0.773474 0.475477 3.125879 -0.533311746 0.845918632 -0.000500011013 0 0
-0.772374 0.476173 3.125743 -0.538416147 0.842525268 -0.0161004829 0 0
-0.772917 0.475866 3.124438 -0.514194796 0.856191335 0.05039949 0 0
-0.774568 0.474791 3.126009 -0.528692456 0.848687889 0.0145997917 0 0
-0.774103 0.475137 3.124747 -0.511501772 0.856902969 0.0639002214 0 0
-0.77259 0.476172 3.123125 -0.491605572 0.86540981 0.0969010985 0 0
-0.771319 0.476946 3.122638 -0.495191181 0.8646846 0.0842984987 0 0
-0.772477 0.476392 3.121986 -0.466612195 0.872922814 0.142403722 0 0
-0.771162 0.477193 3.121355 -0.469035796 0.873166638 0.132610121 0 0
-0.773842 0.475407 3.123598 -0.490785134 0.864473815 0.108696708 0 0
-0.773765 0.475601 3.122601 -0.467708003 0.870714898 0.152002601 0 0
-0.770075 0.477704 3.122161 -0.501016742 0.862428819 0.0721024093 0 0
-0.770547 0.47733 3.123807 -0.524439185 0.851163597 0.0220016439 0 0
-0.769876 0.477976 3.120736 -0.474014505 0.871826678 0.123403776 0 0
-0.771301 0.47686 3.12561 -0.544229177 0.838344945 -0.0315016889 0 0
-0.771561 0.47739 3.119509 -0.397129694 0.881965947 0.253818979 0 0
-0.772559 0.476524 3.121069 -0.436404678 0.878409417 0.194802088 0 0
-0.771235 0.477341 3.120324 -0.436889668 0.879479201 0.188795535 0 0
-0.772858 0.476568 3.120337 -0.399414449 0.880531854 0.255209232 0 0
-0.773852 0.475717 3.121794 -0.439328204 0.875456202 0.20141293 0 0
-0.774123 0.475756 3.121146 -0.404312932 0.877328062 0.258508269 0 0
-0.773396 0.476524 3.119759 -0.360005211 0.878412715 0.31430455 0 0
-0.772164 0.477341 3.11887 -0.354796606 0.879491588 0.317196966 0 0
-0.774194 0.476392 3.1193 -0.325190262 0.872873862 0.363789106 0 0
-0.773069 0.477193 3.118372 -0.317290873 0.873174884 0.369989357 0 0
-0.774596 0.475717 3.120629 -0.367189401 0.87547473 0.314190931 0 0
-0.775292 0.475601 3.120211 -0.334315489 0.870740342 0.360616708 0 0
-0.770958 0.478139 3.118 -0.35170511 0.878912771 0.322204682 0 0
-0.770291 0.478193 3.118697 -0.39750637 0.88171413 0.254104072 0 0
-0.771967 0.477976 3.117464 -0.310891454 0.871876032 0.378389598 0 0
-0.769939 0.478139 3.119595 -0.440106067 0.878912116 0.183902535 0 0
-0.775812 0.476605 3.117716 -0.250502599 0.854208862 0.455604727 0 0
-0.775275 0.476172 3.118925 -0.294410774 0.865331667 0.405614844 0 0
-0.7743 0.476946 3.117975 -0.284506797 0.864620656 0.414109893 0 0
-0.776604 0.475866 3.11867 -0.261602191 0.856207171 0.445503731 0 0
-0.77623 0.475407 3.119862 -0.304705724 0.86451624 0.399707509 0 0
-0.777382 0.475137 3.119617 -0.27280972 0.856930533 0.437315582 0 0
-0.778146 0.475477 3.11857 -0.223410723 0.845940602 0.484223241 0 0
-0.777561 0.476173 3.117629 -0.211401394 0.842605557 0.495303267 0 0
-0.778723 0.474791 3.119509 -0.235208534 0.848630789 0.47381719 0 0
-0.776989 0.47686 3.116711 -0.199914263 0.838359815 0.507136183 0 0
-0.775037 0.47733 3.116784 -0.240100199 0.851200707 0.466700387 0 0
-0.773345 0.477704 3.117047 -0.275707275 0.862522758 0.424311196 0 0
-0.778801 0.473789 3.121397 -0.290409976 0.866729773 0.40551393 0 0
-0.778748 0.473371 3.12241 -0.321904747 0.881713001 0.344905086 0 0
-0.777956 0.473996 3.121602 -0.319108851 0.870624147 0.374410384 0 0
-0.77945 0.473197 3.122226 -0.296001761 0.879305232 0.37310222 0 0
-0.779505 0.472814 3.123181 -0.320406503 0.898318232 0.300606101 0 0
-0.780065 0.472677 3.123013 -0.29832448 0.897273629 0.325426704 0 0
-0.778176 0.473494 3.122658 -0.339911488 0.88382987 0.321410862 0 0
-0.777269 0.474143 3.121882 -0.343794957 0.87388718 0.343694958 0 0
-0.779047 0.47291 3.123404 -0.329192452 0.899879366 0.28609344 0 0
-0.780289 0.472961 3.122151 -0.265425911 0.878085719 0.398138866 0 0
-0.779792 0.47352 3.121301 -0.256703272 0.863111 0.434905543 0 0
-0.781239 0.472671 3.122188 -0.235812105 0.877345035 0.417921452 0 0
-0.78091 0.473189 3.121337 -0.21889717 0.860088879 0.460794042 0 0
-0.780766 0.472471 3.122969 -0.272703559 0.89811172 0.345004502 0 0
-0.781564 0.472218 3.123016 -0.255121693 0.898776422 0.356530315 0 0
-0.779271 0.474134 3.12042 -0.246404804 0.853416638 0.459308954 0 0
-0.778113 0.47444 3.120526 -0.282497027 0.859390955 0.426195514 0 0
-0.780574 0.473759 3.120466 -0.20380922 0.847838353 0.489522144 0 0
-0.77712 0.474678 3.120753 -0.313510011 0.865027621 0.391712508 0 0
-0.776313 0.474848 3.121069 -0.341503159 0.869808046 0.356103294 0 0
-0.776394 0.474264 3.122598 -0.404925296 0.876954785 0.258816169 0 0
-0.777252 0.473576 3.123672 -0.418924409 0.88455154 0.205111951 0 0
-0.776187 0.474233 3.123087 -0.434821896 0.876044114 0.2085105 0 0
-0.777417 0.473607 3.123252 -0.392683247 0.884762252 0.250989292 0 0
-0.778264 0.472989 3.124225 -0.390707826 0.899318014 0.196403934 0 0
-0.778378 0.473025 3.123867 -0.369819975 0.898548532 0.236312764 0 0
-0.777196 0.473494 3.124191 -0.434493559 0.883786898 0.173597426 0 0
-0.776112 0.474143 3.123693 -0.4562922 0.873885061 0.167697133 0 0
-0.778239 0.47291 3.124668 -0.397920267 0.89984583 0.178709102 0 0
-0.777729 0.473576 3.122926 -0.361913614 0.884633276 0.294011059 0 0
-0.776751 0.474233 3.122205 -0.37171864 0.876143935 0.306915391 0 0
-0.778656 0.472989 3.123613 -0.34222989 0.899378551 0.272023758 0 0
-0.775711 0.47495 3.121442 -0.372913638 0.873331938 0.313411462 0 0
-0.775298 0.474984 3.121898 -0.408205901 0.874812646 0.260903771 0 0
-0.775058 0.47495 3.122464 -0.441102572 0.873305091 0.206801206 0 0
-0.774972 0.474848 3.123166 -0.466634089 0.869763539 0.160511726 0 0
-0.776314 0.473789 3.125287 -0.49000185 0.866703272 0.0934003526 0 0
-0.777623 0.472961 3.126321 -0.472792639 0.878086328 0.0736988525 0 0
-0.776643 0.47352 3.126226 -0.50250301 0.86310517 0.0504003019 0 0
-0.777339 0.473197 3.125528 -0.462823991 0.879345582 0.112005806 0 0
-0.778566 0.472471 3.12641 -0.427605845 0.898112277 0.102701404 0 0
-0.778312 0.472677 3.125756 -0.420624851 0.897253011 0.134207929 0 0
-0.778055 0.472671 3.127167 -0.478320056 0.877336788 0.0386016186 0 0
-0.777145 0.473189 3.127226 -0.51009973 0.860099544 0.00519999724 0 0
-0.778944 0.472218 3.127115 -0.430603919 0.898808179 0.0820007462 0 0
-0.777211 0.473371 3.124814 -0.448205508 0.881710836 0.14730181 0 0
-0.776145 0.473996 3.124434 -0.473803068 0.870605637 0.132500858 0 0
-0.778229 0.472814 3.125177 -0.407314391 0.898331739 0.164605816 0 0
-0.775024 0.474678 3.124032 -0.487126449 0.865046969 0.120006516 0 0
-0.775235 0.47444 3.125028 -0.505438564 0.859365568 0.0776059212 0 0
-0.775625 0.474134 3.126124 -0.520385336 0.853375952 0.0307991321 0 0
-0.776213 0.473759 3.127287 -0.529905538 0.84780886 -0.0205002142 0 0
-0.787708 0.469087 3.132776 -0.222109361 0.957940373 -0.181707658 0 0
-0.787585 0.468962 3.13171 -0.20120461 0.975722354 -0.0865019818 0 0
-0.78844 0.468906 3.132607 -0.181198836 0.972093754 -0.148999043 0 0
-0.786974 0.469115 3.131862 -0.238900055 0.963700222 -0.119200027 0 0
-0.786779 0.469094 3.130861 -0.223901426 0.974606208 -0.00330002102 0 0
-0.786293 0.469214 3.131003 -0.258088709 0.965457762 -0.0357984339 0 0
-0.788064 0.468856 3.131512 -0.17770518 0.982128629 -0.0620018074 0 0
-0.789015 0.46878 3.132383 -0.146103978 0.98252675 -0.115303139 0 0
-0.787161 0.469013 3.13068 -0.216010942 0.976349458 0.00900045593 0 0
-0.786219 0.46933 3.131919 -0.281206721 0.949022682 -0.142403403 0 0
-0.78682 0.469332 3.132854 -0.267099004 0.941196489 -0.206899228 0 0
-0.785335 0.469603 3.131873 -0.315701571 0.93660466 -0.152000756 0 0
-0.785783 0.469642 3.132808 -0.311206669 0.924119804 -0.221704751 0 0
-0.785661 0.469402 3.131032 -0.296415758 0.953450687 -0.0554029453 0 0
-0.784917 0.469641 3.130976 -0.316308131 0.946924341 -0.057301473 0 0
-0.787456 0.469398 3.133828 -0.255400393 0.932601436 -0.255000393 0 0
-0.788485 0.469122 3.133736 -0.207398335 0.951292361 -0.228098168 0 0
-0.786256 0.469747 3.133777 -0.305510342 0.912330883 -0.272609228 0 0
-0.789337 0.468916 3.133543 -0.162997584 0.96728566 -0.194397118 0 0
-0.790006 0.468772 3.133287 -0.120997791 0.980382098 -0.155597159 0 0
-0.790382 0.469087 3.128594 0.0716025999 0.957934783 0.277910091 0 0
-0.789362 0.468962 3.12893 -0.00600016891 0.975727467 0.218906162 0 0
-0.789243 0.469115 3.128312 0.00779994485 0.963693187 0.266898113 0 0
-0.790535 0.468906 3.12933 0.0590999935 0.972099893 0.226999975 0 0
-0.789383 0.468856 3.129448 -0.0183005802 0.982131139 0.187305939 0 0
-0.790573 0.46878 3.129945 0.0433012527 0.982528425 0.181005237 0 0
-0.788253 0.469094 3.128555 -0.0910997481 0.974597305 0.204599434 0 0
-0.788178 0.469214 3.128054 -0.0757986156 0.965482366 0.249195448 0 0
-0.788249 0.469013 3.128977 -0.0989038479 0.976337985 0.192307482 0 0
-0.791761 0.468916 3.12975 0.108098641 0.967287836 0.229497114 0 0
-0.791579 0.469122 3.128896 0.119998339 0.95128683 0.283996068 0 0
-0.79181 0.468772 3.130465 0.0903000786 0.980400853 0.175100152 0 0
-0.79123 0.469398 3.127924 0.1241002 0.932601501 0.338900546 0 0
-0.790079 0.469332 3.127755 0.0755995732 0.941194687 0.329298141 0 0
-0.79068 0.469747 3.126856 0.119105658 0.912343342 0.391718609 0 0
-0.789603 0.469642 3.126833 0.0706019268 0.92412522 0.375510248 0 0
-0.788978 0.46933 3.127602 0.0112002719 0.949023043 0.315007648 0 0
-0.787939 0.469402 3.127468 -0.0739992937 0.953490899 0.292197211 0 0
-0.788566 0.469603 3.12682 0.00550011028 0.936618779 0.350307024 0 0
-0.787576 0.469641 3.126816 -0.0808027692 0.946932452 0.311110662 0 0
-0.783417 0.47236 3.121882 -0.132402191 0.856714179 0.49850825 0 0
-0.784433 0.471551 3.123071 -0.122704625 0.881833237 0.455317161 0 0
-0.783351 0.471958 3.122628 -0.163507323 0.876739266 0.452320258 0 0
-0.784701 0.471891 3.1224 -0.085498585 0.860285762 0.502591682 0 0
-0.785476 0.471128 3.123653 -0.0855062499 0.889465013 0.448932814 0 0
-0.785938 0.471406 3.12308 -0.038199825 0.868396023 0.494397736 0 0
-0.784182 0.471282 3.123721 -0.170099319 0.906596369 0.386198453 0 0
-0.783299 0.471625 3.123343 -0.202097912 0.900390699 0.38529602 0 0
-0.785042 0.470922 3.124218 -0.147102958 0.912418349 0.38190768 0 0
-0.784986 0.472289 3.121713 -0.05630386 0.843457825 0.534236626 0 0
-0.783492 0.472819 3.121112 -0.108004004 0.841331193 0.529619636 0 0
-0.786421 0.471741 3.122499 -0.00260009931 0.851332517 0.524620038 0 0
-0.782001 0.473315 3.120697 -0.157100439 0.843402357 0.513801436 0 0
-0.782135 0.472797 3.121529 -0.177409357 0.857445223 0.483025475 0 0
-0.782273 0.472333 3.12234 -0.203402151 0.876009264 0.437304625 0 0
-0.782417 0.471936 3.123124 -0.235115533 0.898159339 0.371524546 0 0
-0.778692 0.47236 3.129273 -0.508015825 0.856726687 -0.0891027756 0 0
-0.780198 0.471551 3.129695 -0.464808745 0.881816592 -0.0797014996 0 0
-0.779702 0.471891 3.130221 -0.492081779 0.860268145 -0.13339506 0 0
-0.779342 0.471958 3.1289 -0.479133073 0.87676052 -0.0415028648 0 0
-0.780683 0.471282 3.129195 -0.4219037 0.906607951 -0.00770006753 0 0
-0.779968 0.471625 3.128552 -0.434505003 0.900410368 0.0216002487 0 0
-0.781165 0.471128 3.130399 -0.443299605 0.889499208 -0.110799901 0 0
-0.780838 0.471406 3.131058 -0.464717546 0.868432788 -0.172806524 0 0
-0.781495 0.470922 3.129767 -0.408485781 0.912368241 -0.0268990637 0 0
-0.778628 0.472333 3.128042 -0.482183353 0.876069754 0.000999965477 0 0
-0.777834 0.472797 3.128258 -0.512917509 0.857429269 -0.0416014201 0 0
-0.7794 0.471936 3.127844 -0.435725922 0.898253439 0.0573034091 0 0
-0.777022 0.473315 3.128486 -0.532225545 0.843440482 -0.0731035087 0 0
-0.778025 0.472819 3.129664 -0.526029635 0.841347399 -0.124206997 0 0
-0.779197 0.472289 3.130768 -0.508492853 0.843488145 -0.173097567 0 0
-0.780514 0.471741 3.13174 -0.477298236 0.851296854 -0.217899195 0 0
-0.78335 0.470453 3.132256 -0.392698439 0.892096454 -0.223499112 0 0
-0.782209 0.470706 3.13098 -0.417408154 0.898117545 -0.138402704 0 0
-0.783283 0.4703 3.131425 -0.383900534 0.910101265 -0.156000217 0 0
-0.782074 0.47092 3.131737 -0.430416759 0.87913423 -0.204607967 0 0
-0.782355 0.470562 3.130264 -0.393903455 0.91790805 -0.0478004192 0 0
-0.783233 0.47022 3.130644 -0.366314017 0.928335523 -0.0633024223 0 0
-0.781949 0.471193 3.132527 -0.437606888 0.863013584 -0.252403973 0 0
-0.783431 0.470665 3.133127 -0.396219817 0.876843857 -0.27231362 0 0
-0.784891 0.470176 3.133544 -0.352896764 0.893191809 -0.278697444 0 0
-0.784607 0.470021 3.132611 -0.352711015 0.907528343 -0.228007121 0 0
-0.784341 0.469929 3.131715 -0.347683473 0.924256067 -0.157692504 0 0
-0.784097 0.469913 3.130864 -0.334996603 0.940190467 -0.0617993734 0 0
-0.78808 0.470453 3.124857 0.0378990732 0.892078185 0.450288988 0 0
-0.786443 0.470706 3.124357 -0.0495996833 0.898094266 0.43699721 0 0
-0.787073 0.47092 3.123917 0.00490002847 0.879105108 0.476602769 0 0
-0.787297 0.4703 3.125145 -0.0195002392 0.910111162 0.413905077 0 0
-0.785854 0.470562 3.12479 -0.12200423 0.917931825 0.377513089 0 0
-0.786567 0.47022 3.125428 -0.0963050282 0.92834847 0.359018745 0 0
-0.788005 0.469929 3.125983 -0.00279995349 0.924284648 0.38169366 0 0
-0.78893 0.470021 3.125848 0.0588003969 0.907506126 0.415902807 0 0
-0.78713 0.469913 3.12612 -0.0844993118 0.940192342 0.329997312 0 0
-0.789896 0.470176 3.125715 0.104803699 0.893131524 0.437415439 0 0
-0.788905 0.470665 3.124565 0.0808006917 0.876807506 0.474004057 0 0
-0.787737 0.471193 3.123471 0.0453015697 0.863029905 0.503117433 0 0
-0.785432 0.470273 3.125907 -0.232503186 0.940312887 0.248503406 0 0
-0.785315 0.470501 3.125218 -0.197913512 0.930863552 0.307120968 0 0
-0.785901 0.470222 3.125703 -0.177600621 0.939003282 0.294501029 0 0
-0.784887 0.470467 3.125695 -0.253392875 0.935773686 0.245193105 0 0
-0.784638 0.4708 3.124774 -0.211207264 0.92873194 0.304710479 0 0
-0.784243 0.470738 3.125357 -0.260603599 0.935112914 0.240103316 0 0
-0.784633 0.470405 3.126279 -0.279916955 0.937856808 0.205112424 0 0
-0.7855 0.470147 3.126331 -0.241206983 0.944527344 0.222906453 0 0
-0.784727 0.470254 3.126878 -0.285913568 0.938244525 0.194809245 0 0
-0.785709 0.469978 3.126846 -0.243802323 0.943908996 0.222702122 0 0
-0.783837 0.470713 3.126 -0.288708918 0.936228921 0.200306188 0 0
-0.783276 0.470689 3.126997 -0.296108544 0.936227015 0.18920546 0 0
-0.786313 0.469984 3.126256 -0.171510248 0.947656624 0.269316092 0 0
-0.786641 0.46977 3.126825 -0.171809733 0.94895376 0.264514985 0 0
-0.783191 0.470273 3.129412 -0.323112721 0.940337022 0.106604197 0 0
-0.783194 0.470405 3.12853 -0.303716258 0.937850205 0.167908988 0 0
-0.783604 0.470147 3.129295 -0.30369787 0.944493374 0.125299121 0 0
-0.78277 0.470467 3.129006 -0.328806563 0.935818679 0.127002535 0 0
-0.782606 0.470713 3.127925 -0.303010931 0.936233775 0.177906418 0 0
-0.782193 0.470738 3.128564 -0.327214154 0.93514045 0.135805874 0 0
-0.783776 0.470254 3.128365 -0.296794229 0.938281755 0.177596547 0 0
-0.784159 0.469978 3.129269 -0.304499954 0.943899858 0.127799981 0 0
-0.782517 0.470501 3.129595 -0.361825624 0.930865922 0.0507035907 0 0
-0.783203 0.470222 3.129923 -0.341894808 0.938985742 0.0375994291 0 0
-0.78183 0.4708 3.129167 -0.365215993 0.92874067 0.0637027896 0 0
-0.783879 0.469984 3.130065 -0.31642065 0.947661846 0.0426027803 0 0
-0.784532 0.46977 3.130124 -0.312127365 0.948983201 0.0448039281 0 0
-0.781009 0.471237 3.128012 -0.343106495 0.9297176 0.133802533 0 0
-0.781154 0.471098 3.128724 -0.370609699 0.926124237 0.0703018398 0 0
-0.780567 0.471377 3.128235 -0.381501154 0.920102783 0.0887002683 0 0
-0.781548 0.471009 3.128223 -0.329499244 0.934497855 0.134699691 0 0
-0.781802 0.471026 3.127635 -0.308199747 0.935199233 0.174399857 0 0
-0.780932 0.471332 3.127577 -0.334824153 0.928766999 0.159011471 0 0
-0.781711 0.471179 3.12702 -0.3030062 0.934819127 0.185203789 0 0
-0.780717 0.471508 3.12704 -0.330400393 0.929501106 0.163900195 0 0
-0.78015 0.471619 3.127668 -0.381499332 0.916998395 0.116499796 0 0
-0.779813 0.471842 3.127072 -0.375800599 0.917901464 0.127400203 0 0
-0.783246 0.471237 3.124514 -0.265505392 0.929718883 0.255205183 0 0
-0.783235 0.471026 3.125392 -0.287725098 0.935181575 0.206518014 0 0
-0.782818 0.471332 3.124627 -0.28491879 0.928761249 0.237115637 0 0
-0.783663 0.471009 3.124914 -0.260598846 0.93449586 0.242498926 0 0
-0.78264 0.471179 3.125568 -0.29521743 0.934855195 0.197211644 0 0
-0.782241 0.471508 3.124657 -0.287515232 0.929449239 0.231212249 0 0
-0.783952 0.471098 3.124347 -0.219408359 0.926135282 0.306811688 0 0
-0.783262 0.471377 3.12402 -0.240816179 0.920061812 0.309020761 0 0
-0.782572 0.471619 3.123879 -0.265995706 0.916985195 0.2972952 0 0
-0.78189 0.471842 3.123823 -0.273501651 0.917805539 0.287801737 0 0
-0.78652 0.46958 3.127663 -0.218115485 0.952167597 0.214015193 0 0
-0.785346 0.469954 3.127397 -0.276802458 0.940808354 0.195601737 0 0
-0.7861 0.46976 3.127316 -0.235402974 0.945111942 0.226602863 0 0
-0.786255 0.469606 3.12784 -0.248311188 0.95104285 0.184008291 0 0
-0.785008 0.470011 3.127641 -0.290900137 0.938000441 0.188500089 0 0
-0.786116 0.469598 3.1281 -0.251414782 0.948255754 0.193911401 0 0
-0.787221 0.469314 3.128208 -0.18000881 0.96564726 0.187409172 0 0
-0.7872 0.469396 3.127825 -0.163408203 0.959848186 0.228011446 0 0
-0.787178 0.469263 3.128536 -0.182906699 0.96353529 0.195307153 0 0
-0.786972 0.469561 3.127356 -0.164402663 0.951015407 0.261804241 0 0
-0.785242 0.46958 3.129663 -0.285700723 0.952202409 0.108100273 0 0
-0.786031 0.469314 3.130069 -0.245615129 0.965659482 0.0847052176 0 0
-0.785675 0.469396 3.130212 -0.275608522 0.959829678 0.0526016265 0 0
-0.785291 0.469606 3.129347 -0.271097285 0.951090475 0.148098517 0 0
-0.786311 0.469263 3.129893 -0.254103574 0.963513552 0.0841011829 0 0
-0.785469 0.469598 3.129112 -0.281609569 0.948232221 0.146804989 0 0
-0.784507 0.469954 3.128708 -0.29359196 0.940874235 0.168995372 0 0
-0.784751 0.46976 3.129427 -0.304503576 0.9451111 0.118501392 0 0
-0.784588 0.470011 3.128299 -0.293114268 0.93804566 0.184808996 0 0
-0.785153 0.469561 3.130201 -0.306698408 0.950995064 0.039299796 0 0
-0.779892 0.471961 3.126142 -0.341394208 0.924584315 0.169097131 0 0
-0.77947 0.472063 3.126498 -0.375897733 0.916994471 0.133499195 0 0
-0.779231 0.472241 3.125975 -0.372715397 0.914737789 0.156006445 0 0
-0.780314 0.471738 3.126528 -0.333016696 0.928846569 0.162308138 0 0
-0.781073 0.471498 3.126442 -0.307508049 0.933624438 0.183804811 0 0
-0.78015 0.471908 3.125934 -0.322903625 0.927510411 0.188302114 0 0
-0.781438 0.471439 3.126161 -0.299098802 0.935196255 0.189599241 0 0
-0.780299 0.471924 3.125623 -0.319401544 0.928904491 0.187400906 0 0
-0.779205 0.472337 3.125531 -0.360316074 0.915040821 0.181308088 0 0
-0.779253 0.4724 3.125135 -0.355107012 0.916718101 0.183103615 0 0
-0.779938 0.472203 3.124864 -0.323200962 0.923502747 0.206600615 0 0
-0.779235 0.472482 3.124755 -0.356114875 0.915538243 0.187007811 0 0
-0.779286 0.472528 3.124447 -0.342125864 0.913869087 0.218616527 0 0
-0.780176 0.472043 3.125226 -0.323800497 0.927501424 0.186800287 0 0
-0.781101 0.471658 3.125607 -0.302999349 0.933097994 0.193699584 0 0
-0.780367 0.472043 3.124928 -0.305398661 0.927495933 0.215599055 0 0
-0.781746 0.471439 3.12568 -0.297607137 0.935222427 0.1918046 0 0
-0.780779 0.471924 3.124872 -0.304291002 0.928872534 0.211193755 0 0
-0.779544 0.472482 3.124271 -0.31909581 0.915587978 0.244696787 0 0
-0.779897 0.4724 3.124128 -0.315394132 0.916682945 0.245395434 0 0
-0.781079 0.471961 3.124286 -0.296597132 0.924691058 0.238697692 0 0
-0.780236 0.472337 3.123918 -0.315724896 0.915072156 0.250919786 0 0
-0.78065 0.472241 3.123756 -0.297912779 0.914839243 0.272611694 0 0
-0.780999 0.471908 3.124607 -0.306500843 0.927502551 0.214000589 0 0
-0.781847 0.471498 3.125231 -0.295904473 0.933614112 0.202003053 0 0
-0.781606 0.471738 3.124506 -0.287107825 0.928825316 0.234206383 0 0
-0.781225 0.472063 3.123753 -0.278914056 0.917046216 0.285014364 0 0
-0.798693 0.470242 3.138558 0.227121739 0.934489444 -0.274126238 0 0
-0.79812 0.469778 3.137275 0.24400912 0.950635531 -0.191707165 0 0
-0.799156 0.470223 3.137978 0.276004685 0.937415913 -0.212303604 0 0
-0.797675 0.469797 3.137825 0.195191204 0.946957326 -0.255288496 0 0
-0.797012 0.46938 3.136514 0.191014597 0.969174062 -0.155611892 0 0
-0.796598 0.4694 3.137027 0.145801868 0.965512368 -0.215702763 0 0
-0.798478 0.469778 3.136715 0.260709013 0.950932874 -0.16660576 0 0
-0.799532 0.470222 3.137389 0.293115367 0.937549152 -0.18730982 0 0
-0.797346 0.46938 3.135991 0.206314321 0.9695673 -0.131809149 0 0
-0.797056 0.469855 3.138353 0.125097194 0.934879031 -0.332192549 0 0
-0.798054 0.470298 3.139121 0.15490249 0.923014838 -0.352205662 0 0
-0.796022 0.46946 3.137521 0.0813009862 0.954111573 -0.288203496 0 0
-0.799027 0.470738 3.139804 0.17229784 0.923288427 -0.343295697 0 0
-0.799641 0.470682 3.139204 0.241815508 0.931559743 -0.271517413 0 0
-0.799967 0.471114 3.140327 0.170697198 0.940284565 -0.294495166 0 0
-0.800509 0.471061 3.139724 0.229998563 0.942494109 -0.242498484 0 0
-0.800102 0.470661 3.138602 0.285993249 0.933477966 -0.216394892 0 0
-0.800487 0.47066 3.138 0.302307998 0.933424694 -0.193205111 0 0
-0.800942 0.47104 3.139127 0.265115567 0.943455397 -0.199011685 0 0
-0.801322 0.471038 3.138533 0.279404767 0.943416095 -0.178603047 0 0
-0.800241 0.470242 3.136136 0.344221306 0.93445784 -0.0911056392 0 0
-0.799368 0.469855 3.134737 0.353995607 0.934888398 0.0258996786 0 0
-0.800483 0.470298 3.13532 0.384704822 0.92301157 0.00720009025 0 0
-0.799148 0.469797 3.135521 0.313711404 0.946934422 -0.0700025446 0 0
-0.798178 0.46946 3.134148 0.295795224 0.954084597 0.047199238 0 0
-0.797972 0.4694 3.134878 0.257001736 0.965506522 -0.0418002824 0 0
-0.798836 0.469778 3.136155 0.276507546 0.950625943 -0.140903845 0 0
-0.799909 0.470223 3.1368 0.308599586 0.937398744 -0.161399784 0 0
-0.79768 0.46938 3.135469 0.221513174 0.969157638 -0.108006423 0 0
-0.800872 0.470661 3.137398 0.31652097 0.933461844 -0.168711177 0 0
-0.801225 0.470682 3.136726 0.347892482 0.931579869 -0.10549772 0 0
-0.801702 0.47104 3.137939 0.292007597 0.943424543 -0.157104087 0 0
-0.802062 0.471061 3.137295 0.316604841 0.942514411 -0.106901635 0 0
-0.801512 0.470738 3.135916 0.383812633 0.923330392 -0.0122004016 0 0
-0.802381 0.471114 3.13655 0.33881305 0.940336218 -0.0312012017 0 0
-0.794305 0.468894 3.135321 0.0495032203 0.989864393 -0.133108659 0 0
-0.793443 0.468738 3.134054 0.049401961 0.997139582 -0.0572022707 0 0
-0.794653 0.468875 3.134889 0.0863012108 0.992813929 -0.0829011631 0 0
-0.79313 0.468756 3.134443 0.0156001103 0.994507031 -0.103500732 0 0
-0.792241 0.468661 3.133224 0.0207998202 0.999091363 -0.0371996784 0 0
-0.791963 0.468677 3.13357 -0.0106999699 0.996697194 -0.0804997734 0 0
-0.793696 0.468738 3.133658 0.0613032556 0.997352966 -0.0391020766 0 0
-0.794933 0.468875 3.134449 0.0990070847 0.993071062 -0.0633045299 0 0
-0.792466 0.468661 3.132872 0.0318994536 0.999282882 -0.0203996506 0 0
-0.792695 0.468809 3.134818 -0.0317987527 0.986361311 -0.161493666 0 0
-0.793822 0.46895 3.135737 -0.00240014246 0.980758215 -0.195211587 0 0
-0.791577 0.468725 3.133904 -0.0548015747 0.989328429 -0.135003879 0 0
-0.794937 0.469163 3.136643 0.0346996547 0.97089034 -0.236997642 0 0
-0.795467 0.469104 3.136187 0.0923010845 0.981111528 -0.170001998 0 0
-0.795849 0.469084 3.135714 0.132898476 0.984388714 -0.115398677 0 0
-0.796157 0.469084 3.135231 0.146801265 0.984708483 -0.0938008081 0 0
-0.79546 0.468894 3.133513 0.141496953 0.989878683 0.0108997653 0 0
-0.794329 0.468809 3.132263 0.1331948 0.986361488 0.0966962246 0 0
-0.795635 0.46895 3.1329 0.176111153 0.980762114 0.0842053329 0 0
-0.794171 0.468756 3.132815 0.100500553 0.994505475 0.0293001613 0 0
-0.793029 0.468725 3.131632 0.0994041845 0.989341647 0.106404479 0 0
-0.792889 0.468677 3.132122 0.0685001579 0.996702297 0.0435001003 0 0
-0.793949 0.468738 3.133262 0.0727026777 0.997136725 -0.0208007661 0 0
-0.795214 0.468875 3.13401 0.111501319 0.992811745 -0.0435005146 0 0
-0.792691 0.468661 3.13252 0.0424996324 0.999091358 -0.00319997232 0 0
-0.796466 0.469084 3.13475 0.16049868 0.984391903 -0.0721994062 0 0
-0.796735 0.469104 3.134204 0.193100137 0.981100697 -0.0124000088 0 0
-0.796926 0.469163 3.133532 0.229696222 0.970884029 0.0679988814 0 0
-0.789727 0.468663 3.131895 -0.0692008688 0.99721252 -0.0279003503 0 0
-0.788853 0.46874 3.130882 -0.082002007 0.995124356 0.0548013413 0 0
-0.789935 0.468651 3.131631 -0.041198721 0.999068984 0.0127996026 0 0
-0.788686 0.468746 3.131112 -0.110107002 0.993863207 0.0106006742 0 0
-0.787832 0.468906 3.130177 -0.132697117 0.985078594 0.109597618 0 0
-0.787714 0.468902 3.13038 -0.160898995 0.985193847 0.0591996303 0 0
-0.788986 0.468746 3.130648 -0.0862045457 0.994752455 0.0551029057 0 0
-0.790103 0.468653 3.131361 -0.0361991043 0.999075278 0.0231994259 0 0
-0.787923 0.468919 3.129968 -0.150807839 0.983851142 0.0964050113 0 0
-0.788427 0.468785 3.131317 -0.150895716 0.987871955 -0.036598961 0 0
-0.789432 0.468702 3.132146 -0.109099798 0.991098161 -0.0762998585 0 0
-0.787481 0.468943 3.130533 -0.204204945 0.978823703 0.0143003463 0 0
-0.790486 0.468686 3.133011 -0.0779982061 0.990977208 -0.108997493 0 0
-0.790824 0.468643 3.132718 -0.0364987804 0.997666664 -0.0576980721 0 0
-0.791068 0.468628 3.132414 -0.00700026391 0.999837695 -0.0166006259 0 0
-0.791266 0.468628 3.132105 0.00239999039 0.999995995 -0.00149999399 0 0
-0.790429 0.468663 3.130797 -0.00370005221 0.997214071 0.0745010512 0 0
-0.789359 0.468785 3.129859 -0.030099282 0.987876434 0.152296367 0 0
-0.790533 0.468702 3.130424 0.0234997806 0.991090748 0.131098776 0 0
-0.789282 0.468746 3.13018 -0.0560029489 0.993852333 0.0955050289 0 0
-0.788251 0.468943 3.12933 -0.0987012096 0.978811995 0.179402199 0 0
-0.788209 0.468902 3.129605 -0.121507673 0.985162215 0.121207655 0 0
-0.789143 0.46874 3.130428 -0.0841021417 0.995125341 0.0515013115 0 0
-0.790277 0.468651 3.131096 -0.0288991328 0.999070018 0.0319990397 0 0
-0.788074 0.468906 3.129798 -0.155197708 0.98508545 0.0742989026 0 0
-0.791463 0.468628 3.131796 0.0122004365 0.999835775 0.0134004795 0 0
-0.791637 0.468643 3.131447 0.0370985817 0.99766186 0.0573978057 0 0
-0.79176 0.468686 3.131016 0.0661980472 0.990970767 0.11659656 0 0
-0.786213 0.469358 3.129251 -0.246708355 0.958732468 0.141304785 0 0
-0.786884 0.469158 3.129521 -0.186205266 0.968827399 0.163404621 0 0
-0.786824 0.469139 3.129707 -0.212608424 0.971038473 0.109004319 0 0
-0.785996 0.469466 3.12894 -0.24229854 0.952594261 0.183998891 0 0
-0.786923 0.469184 3.129328 -0.216805649 0.966325178 0.138603611 0 0
-0.785936 0.469534 3.128697 -0.268096224 0.947986648 0.171597583 0 0
-0.785157 0.469799 3.128454 -0.28210379 0.942612664 0.1786024 0 0
-0.785821 0.469486 3.129112 -0.281708458 0.95052854 0.13090393 0 0
-0.784913 0.46996 3.128044 -0.293406078 0.937419419 0.187503884 0 0
-0.786604 0.469189 3.129801 -0.256120571 0.964077433 0.0704056549 0 0
-0.786554 0.469358 3.128717 -0.231604243 0.958817566 0.164403012 0 0
-0.787218 0.469189 3.128841 -0.171105781 0.964132574 0.202906855 0 0
-0.787225 0.469139 3.12908 -0.188206768 0.971034919 0.147205294 0 0
-0.786264 0.469486 3.12842 -0.236805333 0.950621408 0.200604518 0 0
-0.785388 0.469799 3.128093 -0.280195969 0.94268644 0.181197393 0 0
-0.786181 0.469466 3.128651 -0.268706355 0.95262253 0.14250337 0 0
-0.787081 0.469158 3.129212 -0.226602143 0.96880916 0.100300948 0 0
-0.875077 0.473144 3.184279 0.0543995256 0.992791343 0.106799069 0 0
-0.876154 0.473069 3.185655 0.0320004064 0.997212665 0.067400856 0 0
-0.874778 0.473084 3.184764 0.0301016672 0.997155229 0.0691038274 0 0
-0.87642 0.473126 3.185171 0.0553038498 0.99306913 0.103707219 0 0
-0.876934 0.47306 3.186159 0.0193005148 0.997026596 0.07460199 0 0
-0.877168 0.473115 3.185669 0.040700165 0.993404028 0.107200435 0 0
-0.87583 0.473041 3.186162 -0.00800043996 0.999954989 0.00510028047 0 0
-0.874449 0.473057 3.185279 -0.0101002814 0.999927863 0.00650018113 0 0
-0.876612 0.473032 3.186662 -0.0201003222 0.999716026 0.0128002052 0 0
-0.87657 0.473186 3.184736 0.0643014037 0.99082163 0.118902596 0 0
-0.875316 0.473211 3.183854 0.0639993946 0.990390631 0.12259884 0 0
-0.876687 0.473233 3.184418 0.0475006218 0.99391301 0.0994013012 0 0
-0.8755 0.473263 3.183532 0.0465000174 0.994000373 0.0990000371 0 0
-0.87723 0.473173 3.185205 0.048501408 0.992028799 0.116303376 0 0
-0.877142 0.47321 3.184849 0.0461025583 0.993455128 0.104505799 0 0
-0.873112 0.473258 3.182374 0.0611984477 0.98997489 0.127296771 0 0
-0.872838 0.473187 3.182804 0.0508005055 0.992509876 0.111101105 0 0
-0.869712 0.473349 3.180114 0.0586028549 0.989448202 0.132506455 0 0
-0.869426 0.473274 3.180562 0.047598409 0.992166837 0.11549614 0 0
-0.873323 0.473314 3.182043 0.0440016945 0.99373827 0.102703955 0 0
-0.869933 0.473409 3.179769 0.0424010986 0.993125732 0.109102827 0 0
-0.872521 0.473125 3.183301 0.0257011405 0.997044245 0.072403213 0 0
-0.872182 0.473096 3.18383 -0.014800685 0.999846274 0.00940043506 0 0
-0.869096 0.473209 3.18108 0.0219994014 0.996872875 0.0758979348 0 0
-0.868743 0.473179 3.181632 -0.0190008788 0.999746239 0.0121005597 0 0
-0.873805 0.473144 3.186269 -0.0741000941 0.992801261 -0.0941001195 0 0
-0.874846 0.473186 3.187432 -0.0809016852 0.990820639 -0.108302256 0 0
-0.87352 0.473211 3.186664 -0.0843988319 0.990386293 -0.109598483 0 0
-0.875179 0.473126 3.187113 -0.0709051231 0.993071752 -0.0937067706 0 0
-0.87555 0.473173 3.187834 -0.0852027742 0.992032301 -0.0928030217 0 0
-0.875945 0.473115 3.187583 -0.0803000297 0.993400368 -0.0819000303 0 0
-0.874607 0.473233 3.187671 -0.0703004461 0.993906306 -0.0849005387 0 0
-0.873305 0.473263 3.186967 -0.0702999814 0.993999737 -0.0837999778 0 0
-0.875189 0.47321 3.187904 -0.075504217 0.993455486 -0.0857047867 0 0
-0.875506 0.473069 3.186669 -0.0478005743 0.997211982 -0.0573006885 0 0
-0.87412 0.473084 3.185794 -0.0501030849 0.997161397 -0.0562034606 0 0
-0.876291 0.47306 3.187165 -0.0597010657 0.997017797 -0.0489008729 0 0
-0.871844 0.473125 3.184359 -0.0549025613 0.997046513 -0.0537025053 0 0
-0.871526 0.473187 3.184855 -0.0795004635 0.992505786 -0.092800541 0 0
-0.868391 0.473209 3.182183 -0.0595986587 0.996877566 -0.0517988343 0 0
-0.868059 0.473274 3.1827 -0.0846981443 0.992178262 -0.0916979909 0 0
-0.871251 0.473258 3.185285 -0.0897979778 0.989977706 -0.108997545 0 0
-0.871039 0.473314 3.185616 -0.0746039597 0.993752745 -0.0830044056 0 0
-0.867773 0.473349 3.183148 -0.0956052986 0.989454837 -0.10880603 0 0
-0.867552 0.473409 3.183493 -0.0812028141 0.993134418 -0.0842029181 0 0
-0.811021 0.472767 3.14304 0.168109264 0.984754266 0.0447024634 0 0
-0.813388 0.473067 3.145244 0.138400674 0.990304823 0.011900058 0 0
-0.81065 0.472689 3.143622 0.141798865 0.989892076 0.00259997919 0 0
-0.813815 0.473162 3.144576 0.16620807 0.984347796 0.0586028455 0 0
-0.81584 0.473377 3.146699 0.128100473 0.991503659 0.0226000834 0 0
-0.816314 0.473487 3.145957 0.157306907 0.984943245 0.0717031482 0 0
-0.812933 0.473023 3.145956 0.0936011494 0.993812204 -0.0598007344 0 0
-0.810253 0.472654 3.144243 0.0999043145 0.992942881 -0.0639027597 0 0
-0.815334 0.473328 3.147491 0.081500866 0.995310575 -0.0521005536 0 0
-0.814184 0.473274 3.143997 0.180510482 0.980156914 0.0819047559 0 0
-0.811343 0.472857 3.142536 0.181294506 0.98137026 0.0635980727 0 0
-0.814468 0.473368 3.143552 0.174798117 0.982489419 0.0644993053 0 0
-0.811591 0.472931 3.142148 0.173805348 0.983930276 0.0409012586 0 0
-0.816724 0.473618 3.145314 0.172597356 0.980184984 0.0971985109 0 0
-0.817039 0.473728 3.144819 0.167908714 0.982250975 0.0836043388 0 0
-0.808568 0.472426 3.141082 0.176901803 0.983510022 0.0376003831 0 0
-0.808289 0.472359 3.141519 0.165205787 0.985934538 0.0253008863 0 0
-0.806225 0.472042 3.139787 0.169196507 0.985579653 0.00229995252 0 0
-0.805973 0.471997 3.140181 0.159109634 0.98725978 -0.00150009083 0 0
-0.808782 0.472479 3.140746 0.167003616 0.985921345 0.0083001797 0 0
-0.806418 0.472076 3.139483 0.156508178 0.98715158 -0.0322016826 0 0
-0.807967 0.472301 3.142023 0.141303237 0.989922674 -0.00930021302 0 0
-0.807623 0.472273 3.142561 0.104202475 0.992323573 -0.0666015821 0 0
-0.805682 0.471956 3.140636 0.138295855 0.990070328 -0.0251992448 0 0
-0.805372 0.471937 3.141122 0.108201906 0.991717469 -0.069201219 0 0
-0.809484 0.472767 3.145444 0.0300018335 0.984760181 -0.171310469 0 0
-0.811681 0.473274 3.147913 0.00140008316 0.980158218 -0.198211773 0 0
-0.809162 0.472857 3.145948 0.0182992997 0.981362444 -0.191292679 0 0
-0.812051 0.473162 3.147335 0.0166006449 0.984338242 -0.175506819 0 0
-0.813942 0.473618 3.149665 -0.0157996214 0.98017651 -0.197495267 0 0
-0.814354 0.473487 3.149023 0.00100005558 0.98495474 -0.172809604 0 0
-0.811396 0.473368 3.148358 0.0147993777 0.982458689 -0.185892183 0 0
-0.808914 0.472931 3.146336 0.0359004843 0.983913273 -0.175002361 0 0
-0.813625 0.473728 3.15016 -0.00530026189 0.982248534 -0.187509265 0 0
-0.812478 0.473067 3.146667 0.04730029 0.990306071 -0.130600801 0 0
-0.809857 0.472689 3.144863 0.057199374 0.989889166 -0.129798579 0 0
-0.814828 0.473377 3.148282 0.0331999978 0.991499936 -0.125799992 0 0
-0.807279 0.472301 3.143099 0.0678008743 0.989912765 -0.124401604 0 0
-0.806957 0.472359 3.143603 0.0464020413 0.985943373 -0.160507061 0 0
-0.805061 0.471956 3.141607 0.0809975288 0.990069793 -0.114896495 0 0
-0.80477 0.471997 3.142062 0.0681050692 0.987273485 -0.143710697 0 0
-0.806677 0.472426 3.14404 0.0401000557 0.983501367 -0.176400245 0 0
-0.806462 0.472479 3.144376 0.062600827 0.985913024 -0.155102049 0 0
-0.804518 0.472042 3.142457 0.068899145 0.985587769 -0.154498083 0 0
-0.804324 0.472076 3.14276 0.0950045765 0.987147552 -0.12850619 0 0
-0.80342 0.471531 3.138454 0.188107891 0.980041114 -0.0643026976 0 0
-0.804138 0.471711 3.139651 0.143204805 0.988533166 -0.0479016071 0 0
-0.80311 0.471512 3.13895 0.173903097 0.981417479 -0.0811014444 0 0
-0.804429 0.471738 3.139196 0.160204123 0.986525389 -0.0332008544 0 0
-0.803828 0.471698 3.140135 0.121003635 0.989629729 -0.0774023252 0 0
-0.80278 0.471504 3.139465 0.158507581 0.982146972 -0.101304845 0 0
-0.80468 0.471766 3.138803 0.167695953 0.985276221 -0.0332991963 0 0
-0.803691 0.471553 3.137999 0.192509127 0.979846456 -0.0533025271 0 0
-0.804873 0.471784 3.138499 0.151198087 0.986487521 -0.0630992018 0 0
-0.803904 0.47157 3.13764 0.173304685 0.983026577 -0.0602016276 0 0
-0.803016 0.471361 3.137246 0.259405614 0.96442087 -0.0510011037 0 0
-0.802713 0.471325 3.137846 0.250500453 0.963801745 -0.0913001654 0 0
-0.803268 0.471403 3.136751 0.251207902 0.967830444 -0.0141004435 0 0
-0.802373 0.471306 3.138418 0.233905285 0.964421791 -0.123202784 0 0
-0.802016 0.471302 3.138977 0.221805704 0.964724808 -0.141803647 0 0
-0.802131 0.471531 3.140471 0.137306798 0.980048523 -0.143707115 0 0
-0.802976 0.471766 3.141468 0.100598205 0.985282418 -0.138197534 0 0
-0.801832 0.471553 3.140908 0.129108383 0.979863625 -0.15230989 0 0
-0.803228 0.471738 3.141074 0.0974031671 0.986532078 -0.131404273 0 0
-0.802782 0.471784 3.14177 0.120798225 0.986485509 -0.110698374 0 0
-0.801595 0.471571 3.141252 0.1274019 0.983014662 -0.13210197 0 0
-0.803519 0.471711 3.14062 0.10350401 0.988538302 -0.109904258 0 0
-0.802451 0.471512 3.139981 0.146700492 0.981403293 -0.123800415 0 0
-0.801659 0.471306 3.139535 0.21000423 0.964419423 -0.160603235 0 0
-0.801282 0.471325 3.140084 0.188098773 0.963793711 -0.188998767 0 0
-0.800865 0.471361 3.140611 0.155200527 0.964403274 -0.214100727 0 0
-0.800521 0.471403 3.141047 0.118302358 0.967819289 -0.222104427 0 0
-0.819837 0.473791 3.148035 0.111304905 0.98794354 0.107604742 0 0
-0.821301 0.473719 3.150103 0.0625990767 0.995685314 0.0684989896 0 0
-0.819325 0.473669 3.148837 0.079605317 0.995166469 0.0575038408 0 0
-0.821811 0.473841 3.149302 0.0947994649 0.988394421 0.11869933 0 0
-0.82406 0.473751 3.151889 0.0579993435 0.995788728 0.0709991963 0 0
-0.824561 0.473871 3.151103 0.089998983 0.988588829 0.120798635 0 0
-0.820756 0.473663 3.150956 0.0133010031 0.999875403 -0.00850064106 0 0
-0.818779 0.473613 3.149692 0.0306012684 0.999341424 -0.0195008083 0 0
-0.823525 0.473697 3.152726 0.00890039795 0.999944709 -0.00560025039 0 0
-0.822254 0.473987 3.148608 0.112206698 0.98295868 0.145608692 0 0
-0.82028 0.473937 3.147339 0.12840578 0.98254423 0.134606059 0 0
-0.822594 0.474111 3.148075 0.106105826 0.984954085 0.13640749 0 0
-0.820621 0.474061 3.146804 0.122906468 0.984551813 0.124706563 0 0
-0.824995 0.474013 3.150422 0.107203735 0.983234252 0.147505138 0 0
-0.825329 0.474134 3.149899 0.100695798 0.985258881 0.138294228 0 0
-0.818597 0.473826 3.146334 0.153201566 0.98141003 0.115601181 0 0
-0.818163 0.473685 3.147015 0.136895895 0.986570413 0.089097328 0 0
-0.81893 0.473946 3.145811 0.14850108 0.983407154 0.104200758 0 0
-0.817662 0.473567 3.147799 0.106296308 0.993565494 0.0390986421 0 0
-0.817127 0.473513 3.148637 0.0583001183 0.997602025 -0.0373000757 0 0
-0.817719 0.473791 3.151349 -0.0510019929 0.987938604 -0.146205713 0 0
-0.819254 0.473987 3.153301 -0.0850062133 0.982971848 -0.162911908 0 0
-0.817274 0.473937 3.152043 -0.068203871 0.982555767 -0.173009819 0 0
-0.819698 0.473841 3.152608 -0.0679004546 0.988406617 -0.135800909 0 0
-0.822051 0.474013 3.155028 -0.0889031077 0.98323437 -0.159205565 0 0
-0.822487 0.473871 3.154348 -0.0717994629 0.988592605 -0.13239901 0 0
-0.818913 0.474111 3.153834 -0.0793035902 0.984944589 -0.153606954 0 0
-0.816931 0.474061 3.152577 -0.0615035147 0.984556264 -0.163909367 0 0
-0.821716 0.474134 3.155551 -0.0831975586 0.985271088 -0.149395616 0 0
-0.82021 0.473719 3.151809 -0.0358993779 0.995682745 -0.0855985166 0 0
-0.818232 0.473669 3.150547 -0.0187014271 0.99517594 -0.096307349 0 0
-0.822989 0.473751 3.153563 -0.040099691 0.995792327 -0.0823993651 0 0
-0.816592 0.473567 3.149473 0.0090996807 0.993565136 -0.112896039 0 0
-0.81609 0.473685 3.150257 -0.0233995124 0.98657944 -0.161596632 0 0
-0.815655 0.473826 3.150937 -0.040600242 0.981405849 -0.187601118 0 0
-0.81532 0.473946 3.151459 -0.0323003052 0.983409293 -0.178501687 0 0
-0.765467 0.481248 3.115613 -0.117196781 0.990272803 0.0749979402 0 0
-0.764925 0.481181 3.116811 0.636197589 0.768497087 -0.0682997411 0 0
-0.765404 0.481246 3.115573 0.525317057 0.78192539 -0.335610897 0 0
-0.764989 0.481183 3.116847 -0.100397959 0.988079912 0.116697628 0 0
-0.764852 0.480987 3.118389 0.656894939 0.741394288 0.137198943 0 0
-0.764916 0.480989 3.11842 -0.102598823 0.98428871 0.143698352 0 0
-0.764913 0.48114 3.116803 0.930218939 0.326806654 -0.1670034 0 0
-0.765392 0.481205 3.115565 0.789135848 0.350315913 -0.504522918 0 0
-0.76484 0.480946 3.118381 0.955193767 0.28199816 0.0898994134 0 0
-0.765157 0.481111 3.11694 -0.362812241 0.918230982 0.158805358 0 0
-0.76563 0.481175 3.115717 -0.329520645 0.920357662 0.210613195 0 0
-0.765086 0.480917 3.118499 -0.392119557 0.913045539 0.112205596 0 0
-0.766541 0.481111 3.114775 -0.296414382 0.918244554 0.262612742 0 0
-0.766386 0.481183 3.114661 -0.148095849 0.988072305 0.0421988172 0 0
-0.767926 0.480917 3.114056 -0.266498606 0.912995225 0.308898384 0 0
-0.767783 0.480989 3.113935 -0.173901177 0.984206663 0.0331002241 0 0
-0.766327 0.481181 3.114618 0.328822791 0.768753284 -0.54853802 0 0
-0.766314 0.48114 3.11461 0.542237269 0.326122415 -0.774353223 0 0
-0.767728 0.480987 3.11389 0.151297153 0.741486049 -0.653687701 0 0
-0.767716 0.480946 3.113882 0.319520293 0.281317867 -0.904857469 0 0
-0.876623 0.473059 3.188029 -0.310103464 0.920610283 0.237302651 0 0
-0.877076 0.472933 3.187661 -0.730510443 0.448006404 0.515407368 0 0
-0.876698 0.472994 3.18808 -0.591625201 0.44111879 0.674828745 0 0
-0.876997 0.472998 3.187611 -0.340990103 0.924273173 0.17159502 0 0
-0.877395 0.472906 3.187162 -0.750898585 0.453599145 0.479999095 0 0
-0.877316 0.472971 3.187112 -0.311712721 0.929037915 0.199308134 0 0
-0.877077 0.472836 3.187661 -0.79529196 0.00629993631 0.606193871 0 0
-0.876698 0.472897 3.18808 -0.612806643 0.00620006721 0.790208566 0 0
-0.877396 0.472808 3.187162 -0.842602945 0.00600002097 0.538501882 0 0
-0.876762 0.473038 3.187462 -0.11420243 0.993421135 -0.00850018084 0 0
-0.876399 0.473096 3.187876 -0.125505925 0.991746821 -0.026201237 0 0
-0.877082 0.473011 3.186962 -0.0760017188 0.995922523 0.0486010991 0 0
-0.875951 0.473159 3.188117 -0.104903901 0.994436984 -0.00950035332 0 0
-0.876138 0.47313 3.188284 -0.174695771 0.908678001 0.37919082 0 0
-0.875358 0.473215 3.188134 -0.0507012222 0.998324065 0.0279006726 0 0
-0.875483 0.473193 3.188304 0.0393010433 0.873123177 0.485912899 0 0
-0.8762 0.473069 3.18834 -0.290696368 0.423294711 0.858089278 0 0
-0.876201 0.472971 3.18834 -0.254396595 0.00499993308 0.967087056 0 0
-0.875525 0.473134 3.188361 0.0830035103 0.365915475 0.926939201 0 0
-0.875526 0.473037 3.188362 0.140300817 0.00250001456 0.990105767 0 0
-0.875718 0.47326 3.183275 -0.342124884 0.830360394 -0.43983199 0 0
-0.873535 0.473253 3.181712 -0.546406161 0.29000327 -0.785708859 0 0
-0.875746 0.473201 3.183249 -0.573009925 0.28060486 -0.770013337 0 0
-0.873514 0.473312 3.181745 -0.32319645 0.838190793 -0.439295174 0 0
-0.870153 0.473352 3.179424 -0.541125907 0.302014459 -0.784837575 0 0
-0.870131 0.47341 3.179458 -0.314113272 0.849535894 -0.423817907 0 0
-0.873536 0.473156 3.181713 -0.565637115 0.000500032811 -0.824654112 0 0
-0.875746 0.473104 3.18325 -0.592017968 0.000700021246 -0.80592446 0 0
-0.870154 0.473255 3.179424 -0.560708789 0.00040000627 -0.828012979 0 0
-0.87345 0.473332 3.181844 -0.043999813 0.998695756 -0.0258998899 0 0
-0.875635 0.47328 3.183354 -0.0456018966 0.99854153 -0.028901202 0 0
-0.870065 0.47343 3.179562 -0.0417010396 0.999024906 -0.0145003615 0 0
-0.876854 0.473248 3.184291 -0.0485989663 0.998678758 -0.0166996448 0 0
-0.876998 0.473228 3.184266 -0.380689057 0.837975913 -0.390988761 0 0
-0.877422 0.473215 3.184905 -0.0467007673 0.998316402 0.0344005652 0 0
-0.877629 0.473193 3.184947 -0.424818376 0.87293776 -0.239810373 0 0
-0.877047 0.47317 3.184258 -0.658332345 0.29471448 -0.69263403 0 0
-0.877047 0.473072 3.184258 -0.675583756 0.00119997115 -0.737282272 0 0
-0.877698 0.473134 3.184962 -0.806430637 0.365913901 -0.464517647 0 0
-0.877699 0.473037 3.184962 -0.839719276 0.00300006887 -0.543012465 0 0
-0.873163 0.47326 3.187272 0.255606072 0.830319724 0.495211764 0 0
-0.874613 0.47317 3.188065 0.352412009 0.295310063 0.88803026 0 0
-0.873151 0.473201 3.187308 0.458420792 0.280712732 0.843238246 0 0
-0.8746 0.473228 3.188018 0.195312261 0.83805261 0.509431981 0 0
-0.874613 0.473072 3.188066 0.385623308 0.00100006045 0.922655767 0 0
-0.873152 0.473104 3.187309 0.48293187 0.000500032998 0.875657787 0 0
-0.874562 0.473248 3.187877 -0.00539985882 0.99867389 0.0511986614 0 0
-0.8732 0.47328 3.187164 0.00700026528 0.99853784 0.0536020313 0 0
-0.870912 0.473332 3.185814 0.0050999528 0.998690757 0.0508995289 0 0
-0.870849 0.473312 3.185914 0.262904593 0.838314645 0.477608344 0 0
-0.867419 0.47343 3.1837 -0.00420009526 0.999022658 0.044000998 0 0
-0.867353 0.47341 3.183804 0.252602439 0.849708204 0.462804468 0 0
-0.870828 0.473253 3.185947 0.483711285 0.289906764 0.825819267 0 0
-0.870829 0.473156 3.185947 0.511109335 -0.000100001827 0.859515699 0 0
-0.867332 0.473352 3.183838 0.485030614 0.302119069 0.820651797 0 0
-0.867332 0.473255 3.183839 0.516112524 -0.000100002427 0.856520784 0 0
-0.811814 0.472945 3.141799 -0.0950009814 0.86350892 -0.495305117 0 0
-0.808998 0.472415 3.14041 -0.383703356 0.291902553 -0.876107661 0 0
-0.81184 0.472888 3.141761 -0.357818226 0.326516632 -0.874844561 0 0
-0.808976 0.472474 3.140443 -0.129102718 0.829217459 -0.54381145 0 0
-0.806611 0.471992 3.139179 -0.439896795 0.271598021 -0.855993764 0 0
-0.806592 0.472053 3.13921 -0.176608995 0.803340915 -0.568728966 0 0
-0.808998 0.472318 3.14041 -0.443729975 0 -0.896160538 0 0
-0.811841 0.472791 3.141761 -0.424510379 -0.00130003179 -0.905422138 0 0
-0.806609 0.471895 3.139178 -0.498108373 0.000600010086 -0.867114576 0 0
-0.808911 0.472495 3.140544 0.102105697 0.986555041 -0.127607119 0 0
-0.811739 0.47296 3.141915 0.118799107 0.989592558 -0.0811993894 0 0
-0.806534 0.47208 3.139301 0.0798032844 0.981840408 -0.172107083 0 0
-0.814639 0.473409 3.143285 0.126896774 0.990974805 -0.0431989017 0 0
-0.814724 0.4734 3.143151 -0.0736031116 0.893237762 -0.44351875 0 0
-0.817229 0.473778 3.144522 0.122903975 0.992332098 -0.0131004237 0 0
-0.817324 0.473774 3.144374 -0.0733979133 0.915273979 -0.396088739 0 0
-0.814754 0.473345 3.143107 -0.347815419 0.363716124 -0.864138308 0 0
-0.814755 0.473248 3.143108 -0.42179528 -0.00149998322 -0.906689854 0 0
-0.817356 0.473721 3.144325 -0.359801581 0.395401738 -0.845103714 0 0
-0.817358 0.473623 3.144325 -0.437386673 -0.00129996039 -0.8992726 0 0
-0.772574 0.47745 3.13304 -0.227695403 0.967780461 0.10749783 0 0
-0.775136 0.476581 3.135478 0.388211575 0.603217985 0.696720773 0 0
-0.772533 0.477444 3.133055 0.457878741 0.612271573 0.644570073 0 0
-0.775167 0.476588 3.135455 -0.252905095 0.965119443 0.0677013639 0 0
-0.778033 0.475694 3.137612 0.300102816 0.598105613 0.743106974 0 0
-0.778054 0.475703 3.137581 -0.267904037 0.963214516 0.021100318 0 0
-0.775127 0.476538 3.135472 0.631328152 0.0348015518 0.774734546 0 0
-0.772523 0.477402 3.133048 0.705500952 0.0663000895 0.705600953 0 0
-0.778025 0.475651 3.137606 0.537709972 0.00490009087 0.843115636 0 0
-0.775242 0.476528 3.135374 -0.489922177 0.828537505 -0.271112272 0 0
-0.772674 0.477387 3.132982 -0.500135546 0.842459876 -0.200314237 0 0
-0.7781 0.475644 3.137479 -0.459111595 0.82082073 -0.339808582 0 0
-0.770437 0.4782 3.130413 -0.494813053 0.858822656 -0.132603498 0 0
-0.770314 0.478266 3.130445 -0.199099835 0.970299195 0.137399886 0 0
-0.76857 0.478945 3.127775 -0.479708325 0.874615179 -0.0702012184 0 0
-0.768428 0.479013 3.127782 -0.17000091 0.972905205 0.156700838 0 0
-0.770266 0.478261 3.130452 0.513633385 0.625940684 0.586838143 0 0
-0.770255 0.478219 3.130445 0.767333694 0.0992043562 0.633527819 0 0
-0.768374 0.479008 3.127779 0.561412416 0.64301422 0.52091152 0 0
-0.768363 0.478966 3.127772 0.821224075 0.133303908 0.554816265 0 0
-0.802177 0.47174 3.131765 -0.0432025903 0.992459505 0.114706877 0 0
-0.801378 0.472059 3.129648 -0.790632808 0.550322836 -0.268411138 0 0
-0.802234 0.471718 3.13177 -0.829982363 0.510089161 -0.225695204 0 0
-0.801322 0.472076 3.12964 0.000500036812 0.984672489 0.17441284 0 0
-0.800131 0.472544 3.127314 -0.745716216 0.581112636 -0.325907087 0 0
-0.800079 0.472558 3.127313 0.00839993276 0.9743922 0.224698201 0 0
-0.80137 0.471999 3.129642 -0.897704785 -0.0793004227 -0.43340231 0 0
-0.802224 0.471649 3.131764 -0.933459869 -0.0959061511 -0.345622167 0 0
-0.800125 0.472492 3.127309 -0.843534649 -0.0608024975 -0.533621919 0 0
-0.80114 0.472022 3.129607 0.35822991 0.874373004 0.32732733 0 0
-0.80199 0.471686 3.131737 0.352616972 0.903743498 0.242711682 0 0
-0.79991 0.472505 3.127304 0.335196648 0.8499915 0.406395936 0 0
-0.802581 0.471481 3.133676 0.314218907 0.935956318 0.158909562 0 0
-0.802759 0.471532 3.133643 -0.114700049 0.992100427 0.0508000218 0 0
-0.803029 0.471401 3.135301 0.259202693 0.962309998 0.0823008551 0 0
-0.803181 0.471439 3.135206 -0.20939424 0.977073121 -0.0384989409 0 0
-0.802811 0.471506 3.133629 -0.859367399 0.467536668 -0.207116244 0 0
-0.8028 0.471427 3.133622 -0.952739587 -0.103504301 -0.285611867 0 0
-0.803226 0.471404 3.13517 -0.877663464 0.415382708 -0.239090047 0 0
-0.803215 0.471317 3.135163 -0.954689584 -0.0956989559 -0.281796926 0 0
-0.804109 0.471547 3.137334 -0.299802533 0.866507322 -0.399103372 0 0
-0.803591 0.471397 3.136343 -0.855467861 0.349986851 -0.38168566 0 0
-0.804129 0.471488 3.137299 -0.733006374 0.296902582 -0.612005321 0 0
-0.80356 0.471444 3.136382 -0.287008754 0.93702858 -0.19900607 0 0
-0.803582 0.471304 3.136337 -0.916031471 -0.0685023534 -0.395213578 0 0
-0.804122 0.471393 3.137295 -0.791062967 -0.0310024677 -0.61094863 0 0
-0.80345 0.471438 3.13649 0.171797195 0.98498392 -0.0170997208 0 0
-0.804039 0.471572 3.137433 0.0808015268 0.98861868 -0.126902398 0 0
-0.804989 0.471779 3.138317 0.0612014906 0.981223898 -0.182904455 0 0
-0.805045 0.471747 3.138225 -0.244505559 0.809218398 -0.534212145 0 0
-0.805062 0.471685 3.138193 -0.558785204 0.271592808 -0.783579251 0 0
-0.805058 0.471589 3.138191 -0.618088621 -0.00599988954 -0.786085528 0 0
-0.877857 0.473059 3.186097 -0.345695205 0.920587232 0.18169748 0 0
-0.877962 0.473069 3.185584 -0.900875749 0.423235587 -0.0964081063 0 0
-0.877935 0.472994 3.186144 -0.860993039 0.440596438 0.254097946 0 0
-0.877885 0.47313 3.18555 -0.417491112 0.908680654 -0.000799982969 0 0
-0.877963 0.472971 3.185584 -0.984574805 0.00489987461 -0.174895524 0 0
-0.877936 0.472897 3.186144 -0.974453962 0.0058003212 0.224512433 0 0
-0.877655 0.473159 3.185451 -0.0352015658 0.994444234 0.0992044127 0 0
-0.877625 0.473096 3.185958 -0.028801464 0.991750412 0.124906349 0 0
-0.877401 0.473038 3.186461 -0.0403008163 0.993420122 0.107202171 0 0
-0.877635 0.472998 3.186613 -0.299014144 0.924243718 0.23741123 0 0
-0.877714 0.472933 3.186663 -0.774716622 0.447409599 0.446809586 0 0
-0.877714 0.472836 3.186664 -0.884124995 0.0059001668 0.467213208 0 0
-0.765889 0.480222 3.122664 -0.126300886 0.978206862 0.164801156 0 0
-0.766899 0.479664 3.125148 0.597895665 0.664695181 0.447996752 0 0
-0.765827 0.480219 3.122646 0.626539016 0.688042846 0.366122799 0 0
-0.766957 0.479668 3.125158 -0.144710163 0.975668524 0.164711568 0 0
-0.766887 0.479622 3.12514 0.867588596 0.168697782 0.467793851 0 0
-0.765815 0.480177 3.122639 0.906121811 0.204304918 0.370408916 0 0
-0.767112 0.479599 3.125176 -0.460229041 0.887656013 -0.0160010097 0 0
-0.766052 0.480151 3.122705 -0.438510634 0.898221782 0.03010073 0 0
-0.765381 0.480594 3.12045 -0.416227661 0.906460241 0.0713047387 0 0
-0.765212 0.480666 3.120389 -0.111504356 0.981138329 0.157906169 0 0
-0.765149 0.480663 3.120363 0.647481725 0.713179871 0.268592419 0 0
-0.765137 0.480622 3.120356 0.937047674 0.241412282 0.252312837 0 0
-0.784267 0.47745 3.114747 -0.193503055 0.967615279 0.16210256 0 0
-0.780949 0.478261 3.113739 -0.316707408 0.625314626 -0.713216682 0 0
-0.784264 0.477444 3.114704 -0.394121388 0.612133218 -0.685537202 0 0
-0.780964 0.478266 3.113786 -0.208695135 0.970177385 0.123297126 0 0
-0.77773 0.479008 3.113144 -0.237216666 0.642945172 -0.728251165 0 0
-0.777754 0.479013 3.113193 -0.213801166 0.972805307 0.089100486 0 0
-0.780939 0.478219 3.113732 -0.251407139 0.0978027771 -0.962927343 0 0
-0.784254 0.477402 3.114698 -0.343319305 0.0652036665 -0.936952686 0 0
-0.777718 0.478966 3.113137 -0.158293875 0.132494873 -0.978462139 0 0
-0.780986 0.4782 3.113911 -0.0870043777 0.858943219 0.504625391 0 0
-0.784257 0.477387 3.114863 -0.0278011746 0.842535598 0.537922728 0 0
-0.777808 0.478945 3.113324 -0.137410031 0.874563841 0.465033946 0 0
-0.787506 0.476528 3.116189 0.0404006735 0.828513811 0.55850931 0 0
-0.787548 0.476588 3.116087 -0.167607646 0.965144026 0.201009169 0 0
-0.790616 0.475644 3.117899 0.115800094 0.820700665 0.559500453 0 0
-0.79069 0.475703 3.117815 -0.131703015 0.963322051 0.233805352 0 0
-0.787556 0.476581 3.116049 -0.470020134 0.602725818 -0.644827622 0 0
-0.787547 0.476538 3.116043 -0.438097768 0.0336998283 -0.898295423 0 0
-0.790709 0.475694 3.117783 -0.547796853 0.597196569 -0.585896634 0 0
-0.7907 0.475651 3.117778 -0.538925961 0.0046002216 -0.842340577 0 0
-0.784437 0.473969 3.140638 -0.262002659 0.962309768 -0.0729007399 0 0
-0.787641 0.47319 3.141618 0.0535025366 0.599828439 0.79833785 0 0
-0.784438 0.473958 3.14068 0.12600536 0.604425713 0.786633464 0 0
-0.787628 0.473202 3.141573 -0.238191847 0.966066932 -0.0998965806 0 0
-0.790639 0.472544 3.142163 -0.0171998936 0.580196411 0.814294964 0 0
-0.790617 0.472558 3.142116 -0.200703473 0.974316861 -0.102101767 0 0
-0.787634 0.473144 3.141614 0.239802987 -0.0464005779 0.969712078 0 0
-0.784432 0.473914 3.140676 0.338304137 -0.0343004195 0.940411501 0 0
-0.790632 0.472492 3.142159 0.129903109 -0.0614014697 0.989623687 0 0
-0.787578 0.47315 3.14143 -0.301204739 0.832213095 -0.465507325 0 0
-0.784419 0.473915 3.140505 -0.361326604 0.822560563 -0.439132332 0 0
-0.790537 0.472505 3.141966 -0.227903599 0.850013422 -0.474907499 0 0
-0.781209 0.47476 3.139189 -0.413618258 0.819036153 -0.397617551 0 0
-0.781195 0.474816 3.139308 -0.271614351 0.961950826 -0.029601564 0 0
-0.781185 0.474807 3.139345 0.20690611 0.600717739 0.772222804 0 0
-0.781177 0.474763 3.13934 0.435816849 -0.0190007346 0.899834788 0 0
-0.795538 0.47174 3.142151 -0.122502802 0.992422697 -0.00950021727 0 0
-0.797496 0.471506 3.141944 -0.172614191 0.467138405 0.867171293 0 0
-0.795567 0.471718 3.1422 -0.1435073 0.510125951 0.848043141 0 0
-0.797487 0.471532 3.14189 -0.0941036009 0.992137965 0.082503157 0 0
-0.799069 0.471404 3.141673 -0.151503614 0.415209905 0.897021399 0 0
-0.799083 0.471439 3.141618 -0.0529018947 0.977034993 0.206407393 0 0
-0.797485 0.471427 3.141937 -0.140806921 -0.104105117 0.984548392 0 0
-0.795557 0.471649 3.142194 -0.0783052693 -0.0963064807 0.992266772 0 0
-0.799058 0.471317 3.141666 -0.145006269 -0.0962041595 0.984742576 0 0
-0.797442 0.471481 3.141716 -0.0122999352 0.935995072 -0.351798148 0 0
-0.795435 0.471686 3.141993 -0.072200631 0.903807899 -0.421803687 0 0
-0.799105 0.471401 3.14144 0.0341013267 0.962337441 -0.269710493 0 0
-0.793144 0.472022 3.142115 -0.146705858 0.874334913 -0.462618473 0 0
-0.793251 0.472076 3.142267 -0.157799138 0.984694619 -0.0739995956 0 0
-0.793281 0.472059 3.142314 -0.0884053611 0.550033355 0.83045036 0 0
-0.793273 0.471999 3.142309 0.0164997094 -0.0796985961 0.996682444 0 0
-0.796144 0.473969 3.122324 -0.0439014622 0.962332051 0.268308936 0 0
-0.793605 0.474807 3.119916 -0.61381402 0.600213709 -0.512811713 0 0
-0.796182 0.473958 3.122308 -0.660795738 0.604496101 -0.44489713 0 0
-0.793576 0.474816 3.11994 -0.0872072869 0.961980382 0.258821627 0 0
-0.793597 0.474763 3.119911 -0.633729425 -0.0184008544 -0.773335907 0 0
-0.796176 0.473914 3.122304 -0.711387053 -0.0337993849 -0.701987224 0 0
-0.793473 0.47476 3.120003 0.187504573 0.818919974 0.54241323 0 0
-0.796015 0.473915 3.122364 0.246917886 0.822459577 0.51243712 0 0
-0.798181 0.47315 3.124843 0.295797711 0.832193559 0.46899637 0 0
-0.798332 0.473202 3.124828 -0.00919994848 0.96599459 0.258398553 0 0
-0.798379 0.47319 3.12482 -0.701028599 0.600524499 -0.384615691 0 0
-0.798372 0.473144 3.124816 -0.778928677 -0.0460016936 -0.625423025 0 0
-0.808691 0.472945 3.146685 0.40968053 0.86355896 0.293986029 0 0
-0.811112 0.473345 3.148803 0.638236339 0.364020726 0.678338622 0 0
-0.808667 0.472888 3.146724 0.643717194 0.326708727 0.692018484 0 0
-0.81114 0.4734 3.148758 0.371398262 0.893395819 0.252798817 0 0
-0.81331 0.473721 3.150655 0.615837355 0.395623997 0.681341328 0 0
-0.813341 0.473774 3.150605 0.328496929 0.915391441 0.232697824 0 0
-0.811114 0.473248 3.148804 0.645909928 -0.00170002613 0.763411734 0 0
-0.808668 0.472791 3.146725 0.643306452 -0.00130001304 0.765607679 0 0
-0.813311 0.473623 3.150656 0.632588848 -0.00149997356 0.774486346 0 0
-0.811225 0.473409 3.148625 0.0926061784 0.990966115 -0.097006472 0 0
-0.808765 0.47296 3.146568 0.123697431 0.989579447 -0.0736984693 0 0
-0.813436 0.473778 3.150456 0.0636012256 0.992319122 -0.106102045 0 0
-0.806333 0.472495 3.144577 0.158708813 0.986554785 -0.0390021659 0 0
-0.806269 0.472474 3.144678 0.439186627 0.829474743 0.345089492 0 0
-0.804207 0.47208 3.142941 0.189611433 0.981859203 -0.00010000603 0 0
-0.804149 0.472053 3.143032 0.44162077 0.803737801 0.398718752 0 0
-0.806247 0.472415 3.144712 0.633758882 0.29232716 0.716166539 0 0
-0.806248 0.472318 3.144712 0.626729592 -0.000200009444 0.779236793 0 0
-0.804128 0.471992 3.143062 0.592091418 0.271696062 0.758689003 0 0
-0.804127 0.471895 3.143061 0.577903505 0.000500003033 0.81610495 0 0
-0.816624 0.47412 3.153058 0.222207417 0.938631332 0.263808806 0 0
-0.818572 0.474118 3.154367 0.481818391 0.427116303 0.765129206 0 0
-0.81659 0.474068 3.153112 0.516492351 0.427593667 0.741889013 0 0
-0.818606 0.47417 3.154314 0.19030394 0.94031947 0.282105841 0 0
-0.821382 0.474138 3.156075 0.47319114 0.421492108 0.773585515 0 0
-0.821415 0.47419 3.156022 0.184904488 0.938122768 0.292807107 0 0
-0.818573 0.474021 3.154368 0.527218429 0.000400013983 0.849729703 0 0
-0.816591 0.473971 3.153112 0.555622945 -0.000300012389 0.831434335 0 0
-0.821382 0.474041 3.156075 0.519296246 0.000899993493 0.854593821 0 0
-0.818708 0.47417 3.154154 -0.0281014533 0.997051564 -0.0714036927 0 0
-0.816726 0.47412 3.152898 -0.00679995223 0.996493 -0.0833994141 0 0
-0.821515 0.474191 3.155865 -0.0323009556 0.997329506 -0.0655019379 0 0
-0.815119 0.474002 3.151773 0.0289016593 0.994657105 -0.0991056898 0 0
-0.815019 0.474001 3.15193 0.275908871 0.930529917 0.240807742 0 0
-0.814986 0.473948 3.151983 0.570551846 0.417937978 0.706964241 0 0
-0.814987 0.473851 3.151983 0.598558644 -0.000900088185 0.801078486 0 0
-0.801404 0.471547 3.141566 0.23649998 0.866599926 0.439399963 0 0
-0.802584 0.471685 3.14207 0.476604363 0.271302484 0.836207656 0 0
-0.80138 0.471488 3.141599 0.248001521 0.29670182 0.922205658 0 0
-0.802606 0.471747 3.142041 0.382088282 0.80927518 0.446186316 0 0
-0.80258 0.471589 3.142068 0.454110928 -0.00650015643 0.89092144 0 0
-0.801373 0.471393 3.141595 0.222196891 -0.0316995565 0.974486367 0 0
-0.802665 0.471779 3.141952 0.191608698 0.981244545 0.0211009579 0 0
-0.801464 0.471572 3.141461 0.149102925 0.988619392 -0.0200003923 0 0
-0.800362 0.471438 3.141323 0.0876987731 0.98498622 -0.14869792 0 0
-0.800309 0.471444 3.141467 0.0602036337 0.936956552 0.344220776 0 0
-0.800287 0.471397 3.141512 -0.0127003121 0.350108602 0.936623013 0 0
-0.800277 0.471304 3.141506 -0.0260997137 -0.0687992453 0.99728906 0 0
-0.772044 0.480222 3.113036 -0.202604456 0.978221516 0.045100992 0 0
-0.769645 0.480663 3.11333 0.0273003307 0.713808648 -0.699808478 0 0
-0.772002 0.480219 3.112988 -0.0695996743 0.688596777 -0.721796622 0 0
-0.769694 0.480666 3.113377 -0.190702519 0.981012959 0.0353004663 0 0
-0.769633 0.480622 3.113322 0.164505046 0.241207399 -0.956429339 0 0
-0.77199 0.480177 3.11298 0.0444007484 0.20470345 -0.977816481 0 0
-0.76982 0.480594 3.113504 -0.239599577 0.9063984 0.347899386 0 0
-0.772149 0.480151 3.113167 -0.211592493 0.898168134 0.385386327 0 0
-0.774837 0.479599 3.113091 -0.178702192 0.887710888 0.424305204 0 0
-0.774756 0.479668 3.112958 -0.210511356 0.975552628 0.0631034042 0 0
-0.774722 0.479664 3.11291 -0.155202439 0.664810448 -0.730711483 0 0
-0.77471 0.479622 3.112902 -0.0602006044 0.168801695 -0.983809877 0 0
-0.820929 0.47412 3.146323 -0.145901766 0.938711363 -0.31230378 0 0
-0.819265 0.473948 3.145288 -0.402003061 0.418103184 -0.814606203 0 0
-0.820964 0.474068 3.14627 -0.456410183 0.427909547 -0.780117405 0 0
-0.819231 0.474001 3.14534 -0.102798939 0.930490393 -0.35159637 0 0
-0.819266 0.473851 3.145289 -0.47570309 -0.000600003897 -0.879605713 0 0
-0.820964 0.473971 3.146271 -0.521332683 0.000200012539 -0.853353498 0 0
-0.819131 0.474002 3.145497 0.101996468 0.99466556 0.0153994668 0 0
-0.820826 0.47412 3.146483 0.0727999527 0.996499352 0.0410999733 0 0
-0.822798 0.47417 3.147755 0.0530029905 0.997056256 0.0554031259 0 0
-0.822901 0.47417 3.147595 -0.176010623 0.940356752 -0.291117569 0 0
-0.82553 0.474191 3.149584 0.0458015763 0.997334324 0.0568019549 0 0
-0.82563 0.47419 3.149427 -0.188011084 0.938155306 -0.290717138 0 0
-0.822935 0.474118 3.147542 -0.492216923 0.427214688 -0.758426075 0 0
-0.822936 0.474021 3.147542 -0.54991394 0.000500012675 -0.835221173 0 0
-0.825664 0.474138 3.149375 -0.503406101 0.42160511 -0.754209141 0 0
-0.825665 0.474041 3.149375 -0.557719674 0.000400014111 -0.83002928 0 0
-0.765356 0.480892 3.115542 0.68639909 -0.579999232 -0.438699419 0 0
-0.765024 0.48066 3.116855 0.657934944 -0.726138566 -0.199610602 0 0
-0.765497 0.480725 3.115632 0.571107921 -0.735210197 -0.365105064 0 0
-0.764878 0.480827 3.116776 0.792740946 -0.570529469 -0.214611085 0 0
-0.764953 0.480466 3.118414 0.70501507 -0.7064151 -0.0627013403 0 0
-0.764806 0.480632 3.11835 0.834123898 -0.550515773 -0.0342009799 0 0
-0.764839 0.480913 3.116756 0.972942251 -0.0657028532 -0.221509619 0 0
-0.765318 0.480978 3.115518 0.840928415 -0.0581019633 -0.53801818 0 0
-0.764852 0.48096 3.116765 0.931694233 0.321798008 -0.168498957 0 0
-0.765332 0.481025 3.115527 0.790909107 0.345003973 -0.50540582 0 0
-0.764766 0.480719 3.118334 0.996335022 -0.0801028157 0.0300010546 0 0
-0.76478 0.480765 3.118343 0.956813348 0.276903863 0.0885012346 0 0
-0.76624 0.480913 3.114563 0.60930198 -0.0670002178 -0.790102568 0 0
-0.766276 0.480827 3.114591 0.527609336 -0.570610097 -0.629311136 0 0
-0.767642 0.480719 3.113835 0.390618467 -0.0803037965 -0.917043354 0 0
-0.767674 0.480632 3.113865 0.381120819 -0.550530074 -0.742740573 0 0
-0.766254 0.48096 3.114572 0.544211001 0.321706503 -0.774815663 0 0
-0.767656 0.480765 3.113843 0.321191898 0.277393003 -0.90547716 0 0
-0.766408 0.48066 3.11469 0.457508736 -0.726013863 -0.513409804 0 0
-0.767793 0.480466 3.113971 0.352917106 -0.706334237 -0.613629743 0 0
-0.765362 0.481117 3.115546 0.780575134 0.376236214 -0.499148045 0 0
-0.764867 0.481006 3.116774 0.925101545 0.341900571 -0.165200276 0 0
-0.765347 0.481071 3.115536 0.783538073 0.367617863 -0.500924341 0 0
-0.764883 0.481052 3.116784 0.922216024 0.350406088 -0.163502841 0 0
-0.764795 0.480811 3.118352 0.951290782 0.294497146 0.0911991163 0 0
-0.76481 0.480857 3.118362 0.94901554 0.301504937 0.0920015065 0 0
-0.764898 0.481097 3.116794 0.923808287 0.345903103 -0.164101472 0 0
-0.765378 0.481162 3.115556 0.78258843 0.370894516 -0.499992608 0 0
-0.764825 0.480902 3.118372 0.950232038 0.297710037 0.0918030952 0 0
-0.7663 0.481097 3.114601 0.537026557 0.345117066 -0.769738064 0 0
-0.766285 0.481052 3.114592 0.535524394 0.350315957 -0.768435003 0 0
-0.767702 0.480902 3.113873 0.315505013 0.297404726 -0.901114319 0 0
-0.767686 0.480857 3.113863 0.314709829 0.301209407 -0.900128111 0 0
-0.766269 0.481006 3.114582 0.538311792 0.342707507 -0.769916865 0 0
-0.767671 0.480811 3.113853 0.316903244 0.294403013 -0.901609228 0 0
-0.876628 0.472136 3.188032 -0.207304082 -0.869817127 0.447708815 0 0
-0.876767 0.472025 3.187466 -0.0560019845 -0.988735036 0.138804919 0 0
-0.876404 0.472085 3.187879 -0.0102999159 -0.976692021 0.214398248 0 0
-0.877002 0.472075 3.187614 -0.29650425 -0.902212933 0.31320449 0 0
-0.877087 0.471997 3.186965 -0.100003319 -0.992932956 0.0639021209 0 0
-0.877321 0.472047 3.187115 -0.343898344 -0.912895604 0.219898941 0 0
-0.87708 0.472148 3.187664 -0.700241939 -0.426725557 0.572334278 0 0
-0.876702 0.472209 3.188082 -0.536399171 -0.392199394 0.747298845 0 0
-0.87708 0.47225 3.187663 -0.795206485 0.00640005219 0.606304944 0 0
-0.876701 0.472312 3.188082 -0.612807755 0.00590007467 0.79021 0 0
-0.877399 0.47212 3.187165 -0.755226475 -0.443415544 0.482716922 0 0
-0.877399 0.472223 3.187165 -0.84260139 0.0063000104 0.538500889 0 0
-0.876205 0.472283 3.188343 -0.224615224 -0.335522741 0.914862007 0 0
-0.876143 0.472209 3.188287 -0.0403016325 -0.805132613 0.591723968 0 0
-0.875529 0.472349 3.188364 0.133504105 -0.270108305 0.953529317 0 0
-0.875488 0.472273 3.188308 0.160706254 -0.72822834 0.666225927 0 0
-0.876204 0.472386 3.188342 -0.254608381 0.00490016129 0.96703183 0 0
-0.875529 0.472451 3.188364 0.140202503 0.00320005714 0.990117679 0 0
-0.875956 0.472155 3.18812 0.0527026718 -0.955448438 0.290414723 0 0
-0.875363 0.472214 3.188138 0.125599005 -0.929492634 0.346797252 0 0
-0.8767 0.472607 3.188081 -0.612918259 0.00600017875 0.790123538 0 0
-0.877079 0.472389 3.187663 -0.79520699 0.00630005538 0.606305329 0 0
-0.876701 0.472451 3.188082 -0.61280702 0.00610006988 0.790209052 0 0
-0.877078 0.472545 3.187662 -0.795122001 0.00630017433 0.60641678 0 0
-0.877398 0.472362 3.187164 -0.842526468 0.00640020107 0.538616921 0 0
-0.877397 0.472518 3.187164 -0.842525373 0.00660019877 0.538616221 0 0
-0.877077 0.472701 3.187662 -0.795207487 0.00620005837 0.606305708 0 0
-0.876699 0.472762 3.188081 -0.612808114 0.00580007679 0.790210462 0 0
-0.877396 0.472673 3.187163 -0.84259976 0.00659999812 0.538499847 0 0
-0.876202 0.472836 3.188341 -0.254608504 0.00480016033 0.967032299 0 0
-0.876203 0.472681 3.188341 -0.254820292 0.00470037431 0.966977003 0 0
-0.875527 0.472901 3.188362 0.140398611 0.00309996934 0.990090208 0 0
-0.875527 0.472746 3.188363 0.140202672 0.00280005336 0.990118867 0 0
-0.876203 0.472525 3.188342 -0.254608625 0.00470015922 0.967032759 0 0
-0.875528 0.47259 3.188363 0.140300852 0.00240001457 0.99010601 0 0
-0.875723 0.472337 3.183279 -0.429327201 -0.669442414 -0.606238409 0 0
-0.877051 0.472384 3.184261 -0.658800656 -0.225900225 -0.717600714 0 0
-0.87575 0.472416 3.183252 -0.5746155 -0.219205913 -0.788521271 0 0
-0.877003 0.472307 3.184269 -0.479493453 -0.680490708 -0.554092434 0 0
-0.877703 0.472349 3.184964 -0.809378835 -0.270492927 -0.521286369 0 0
-0.877634 0.472273 3.184951 -0.537515991 -0.728021659 -0.425512659 0 0
-0.87705 0.472487 3.18426 -0.67558358 0.00139996597 -0.737282081 0 0
-0.87575 0.472518 3.183252 -0.592017873 0.000900027172 -0.805924331 0 0
-0.877702 0.472451 3.184964 -0.839765815 0.00260020379 -0.542942552 0 0
-0.876859 0.472243 3.184294 -0.250806591 -0.913824016 -0.319408394 0 0
-0.875641 0.472269 3.183358 -0.228909339 -0.911237175 -0.342413969 0 0
-0.877427 0.472214 3.184909 -0.262092292 -0.929472665 -0.259592366 0 0
-0.873456 0.472319 3.181848 -0.212512969 -0.913955776 -0.345721098 0 0
-0.873519 0.472388 3.181748 -0.402419001 -0.679532085 -0.613428964 0 0
-0.870071 0.472416 3.179565 -0.202413097 -0.917259349 -0.343022194 0 0
-0.870136 0.472487 3.179461 -0.389706214 -0.690911017 -0.608909709 0 0
-0.87354 0.472468 3.181715 -0.546624145 -0.227310041 -0.805935599 0 0
-0.873539 0.47257 3.181715 -0.565637161 0.00030001971 -0.824654177 0 0
-0.870158 0.472567 3.179427 -0.539593414 -0.235597125 -0.808290135 0 0
-0.870157 0.472669 3.179426 -0.560708733 0.000600009345 -0.828012896 0 0
-0.875748 0.472813 3.183251 -0.591905431 0.000200001835 -0.806007395 0 0
-0.873538 0.472709 3.181714 -0.565637141 0.000400026267 -0.824654149 0 0
-0.875749 0.472657 3.183251 -0.592018007 0.00060001825 -0.805924512 0 0
-0.873537 0.472865 3.181714 -0.565637161 0.00030001971 -0.824654177 0 0
-0.870156 0.472808 3.179426 -0.560708789 0.00040000627 -0.828012979 0 0
-0.870156 0.472964 3.179425 -0.560823819 0.000100004247 -0.827935163 0 0
-0.873536 0.473021 3.181713 -0.565637175 0.000200013145 -0.824654198 0 0
-0.875747 0.472968 3.18325 -0.591905298 0.000700006265 -0.806007214 0 0
-0.870155 0.473119 3.179425 -0.560708831 -0.000100001575 -0.828013041 0 0
-0.877048 0.472937 3.184259 -0.675425032 0.00140005189 -0.73742733 0 0
-0.877049 0.472782 3.184259 -0.675425285 0.00110004118 -0.737427606 0 0
-0.8777 0.472901 3.184963 -0.839764874 0.00300023178 -0.542941944 0 0
-0.877701 0.472746 3.184963 -0.839719276 0.00300006887 -0.543012465 0 0
-0.87705 0.472626 3.18426 -0.675529393 0.00120005222 -0.737332082 0 0
-0.877701 0.47259 3.184963 -0.839765815 0.00260020379 -0.542942552 0 0
-0.873168 0.472337 3.187275 0.370201072 -0.669101937 0.644401866 0 0
-0.874567 0.472243 3.18788 0.184702639 -0.913813058 0.361705169 0 0
-0.873206 0.472269 3.187167 0.214699561 -0.911198137 0.351599281 0 0
-0.874605 0.472307 3.188021 0.301620954 -0.680347265 0.667946404 0 0
-0.874617 0.472384 3.188068 0.374495965 -0.225897566 0.89929031 0 0
-0.873156 0.472416 3.187311 0.4744031 -0.219101432 0.852605572 0 0
-0.874617 0.472487 3.188068 0.385502409 0.00140000875 0.922705767 0 0
-0.873155 0.472518 3.187311 0.483008586 0.000300005333 0.875615564 0 0
-0.870833 0.472468 3.18595 0.502007867 -0.227103559 0.834513077 0 0
-0.870854 0.472388 3.185917 0.387889298 -0.679381256 0.622882815 0 0
-0.867336 0.472567 3.183841 0.506911137 -0.235805181 0.829118216 0 0
-0.867358 0.472487 3.183807 0.389105484 -0.690809737 0.60940859 0 0
-0.870832 0.47257 3.185949 0.510991505 0.000299995013 0.85958571 0 0
-0.867335 0.472669 3.183841 0.516039133 0.000300022752 0.856564956 0 0
-0.870918 0.472319 3.185818 0.224603371 -0.913913718 0.338105075 0 0
-0.867425 0.472416 3.183704 0.226498762 -0.917194988 0.327798209 0 0
-0.873153 0.472813 3.18731 0.482812802 0.000800021213 0.87572322 0 0
-0.874616 0.472626 3.188067 0.385623267 0.00110006637 0.92265567 0 0
-0.873154 0.472657 3.18731 0.48293187 0.000500032998 0.875657787 0 0
-0.874615 0.472782 3.188067 0.385623123 0.00140008395 0.922655324 0 0
-0.874614 0.472937 3.188066 0.385623123 0.00140008395 0.922655324 0 0
-0.873153 0.472968 3.187309 0.482889582 0.000499989213 0.875681107 0 0
-0.87083 0.473021 3.185948 0.510991487 0.000399993336 0.859585679 0 0
-0.87083 0.472865 3.185948 0.510917571 0.000500017196 0.859629563 0 0
-0.867333 0.473119 3.183839 0.515994912 0.000399996056 0.856591554 0 0
-0.867334 0.472964 3.18384 0.516039091 0.000500037879 0.856564887 0 0
-0.870831 0.472709 3.185949 0.510991525 9.99983415e-05 0.859585744 0 0
-0.867335 0.472808 3.18384 0.516112524 0.000100002427 0.856520784 0 0
-0.811824 0.472022 3.141805 -0.389013411 -0.713924613 -0.582220072 0 0
-0.808915 0.471484 3.140546 -0.291515341 -0.916748245 -0.273114373 0 0
-0.811751 0.471947 3.141922 -0.278503728 -0.91971231 -0.276703704 0 0
-0.808979 0.471552 3.140445 -0.412917991 -0.691930148 -0.592225804 0 0
-0.806522 0.47107 3.139293 -0.307620648 -0.919261703 -0.245616486 0 0
-0.806581 0.471133 3.139202 -0.454839327 -0.684059146 -0.570249306 0 0
-0.809 0.471631 3.140411 -0.463915688 -0.23540796 -0.854028879 0 0
-0.811848 0.472103 3.141766 -0.444129609 -0.257517168 -0.858157211 0 0
-0.809 0.471734 3.140411 -0.444291261 -0.000199996066 -0.895882378 0 0
-0.811847 0.472206 3.141765 -0.42491514 -0.00130004632 -0.905232254 0 0
-0.806601 0.47121 3.139173 -0.516633035 -0.22301426 -0.826652858 0 0
-0.806602 0.471312 3.139174 -0.498226805 0.000400021522 -0.867046648 0 0
-0.814763 0.47256 3.143114 -0.439226449 -0.27931682 -0.853851416 0 0
-0.814736 0.472477 3.143159 -0.373432568 -0.737164291 -0.563149114 0 0
-0.817365 0.472935 3.14433 -0.448709275 -0.294906096 -0.843617438 0 0
-0.817335 0.472851 3.14438 -0.364817605 -0.754236397 -0.545926344 0 0
-0.814762 0.472663 3.143113 -0.421915599 -0.00170006285 -0.906633519 0 0
-0.817364 0.473038 3.14433 -0.437224918 -0.00130007409 -0.899351255 0 0
-0.814651 0.472396 3.143293 -0.266402668 -0.924509259 -0.27260273 0 0
-0.817241 0.472765 3.144529 -0.254406644 -0.928524249 -0.270407062 0 0
-0.811844 0.472501 3.141763 -0.42471265 -0.00150004468 -0.905326966 0 0
-0.809 0.471872 3.140411 -0.444010648 -0.000200004796 -0.896021487 0 0
-0.811846 0.472344 3.141764 -0.424592408 -0.00119997854 -0.905383812 0 0
-0.808999 0.472028 3.14041 -0.44409093 -0.000199995915 -0.8959817 0 0
-0.806604 0.47145 3.139174 -0.498226823 0.000300016152 -0.867046679 0 0
-0.806606 0.471606 3.139176 -0.498108401 0.000500008433 -0.867114624 0 0
-0.808998 0.472183 3.14041 -0.444130722 -0.000200013835 -0.895961976 0 0
-0.811842 0.472656 3.141762 -0.424794728 -0.00129998387 -0.905288765 0 0
-0.806608 0.47176 3.139177 -0.498226843 0.000100005388 -0.867046713 0 0
-0.814757 0.473113 3.143109 -0.421795215 -0.00159998185 -0.906689714 0 0
-0.814758 0.472958 3.14311 -0.421915447 -0.00190006956 -0.906633192 0 0
-0.817359 0.473488 3.144326 -0.437386551 -0.00149995388 -0.899272348 0 0
-0.817361 0.473333 3.144328 -0.437386673 -0.00129996039 -0.8992726 0 0
-0.81476 0.472801 3.143112 -0.42179528 -0.00149998322 -0.906689854 0 0
-0.817363 0.473177 3.144329 -0.437305952 -0.00100001361 -0.89931224 0 0
-0.772484 0.477081 3.132984 0.710508125 -0.459205251 0.533206097 0 0
-0.775139 0.476059 3.13531 0.621620971 -0.581419615 0.524917708 0 0
-0.772563 0.476922 3.132913 0.670395116 -0.589595705 0.450496718 0 0
-0.775084 0.476216 3.135404 0.649302451 -0.459001733 0.606402289 0 0
-0.778006 0.475173 3.13742 0.552711767 -0.58431244 0.594212651 0 0
-0.77798 0.475327 3.137535 0.56940609 -0.468905015 0.675207221 0 0
-0.775073 0.4763 3.135439 0.661246309 -0.168711815 0.73095119 0 0
-0.772464 0.477165 3.133012 0.73679236 -0.149898446 0.659293163 0 0
-0.775084 0.476348 3.135446 0.631470075 0.0337983983 0.77466329 0 0
-0.772476 0.477213 3.133019 0.706038035 0.0655035288 0.705137987 0 0
-0.777978 0.475411 3.137577 0.567603471 -0.192401177 0.800504895 0 0
-0.777987 0.475459 3.137583 0.537641032 0.00400030529 0.843164349 0 0
-0.770192 0.477985 3.130405 0.799924358 -0.135004111 0.584717805 0 0
-0.770218 0.4779 3.130385 0.757382255 -0.467089056 0.456289309 0 0
-0.768296 0.478735 3.12773 0.855825915 -0.121403676 0.502815225 0 0
-0.768327 0.47865 3.127718 0.793397933 -0.480098749 0.374199025 0 0
-0.770204 0.478032 3.130413 0.767645043 0.0980057507 0.633337162 0 0
-0.768308 0.478782 3.127738 0.821601968 0.132700318 0.554401328 0 0
-0.770319 0.477739 3.130339 0.703426182 -0.605022519 0.373013884 0 0
-0.768446 0.478487 3.127697 0.724329977 -0.624325838 0.292512106 0 0
-0.7725 0.477309 3.133034 0.70541516 0.0681014635 0.705515162 0 0
-0.775095 0.476396 3.135453 0.63133689 0.0344020102 0.77474527 0 0
-0.772488 0.477261 3.133026 0.705653371 0.0673050905 0.705353348 0 0
-0.775106 0.476445 3.135459 0.631325951 0.0349014347 0.774731846 0 0
-0.777997 0.475508 3.137589 0.538013609 0.00500012648 0.842921322 0 0
-0.778006 0.475557 3.137595 0.538014392 0.00470012573 0.842922548 0 0
-0.775116 0.476493 3.135466 0.630922975 0.0356012964 0.775028223 0 0
-0.772512 0.477356 3.133041 0.705295874 0.0684995993 0.705595872 0 0
-0.778016 0.475605 3.137601 0.537896369 0.00529996423 0.84299431 0 0
-0.770243 0.478174 3.130437 0.766987786 0.102698365 0.633389913 0 0
-0.77023 0.478127 3.130429 0.766915039 0.103102022 0.633412421 0 0
-0.76835 0.478922 3.127764 0.819911803 0.13960201 0.555207992 0 0
-0.768336 0.478876 3.127755 0.819629962 0.140805147 0.5553203 0 0
-0.770217 0.47808 3.130421 0.766968996 0.101695889 0.633574388 0 0
-0.768322 0.478829 3.127747 0.820169257 0.137794835 0.555279186 0 0
-0.802088 0.471098 3.131707 -0.678221551 -0.644020464 -0.353911246 0 0
-0.801053 0.471387 3.12955 -0.56519744 -0.710096783 -0.419898098 0 0
-0.801886 0.470951 3.131669 -0.56293829 -0.757051493 -0.331622556 0 0
-0.801251 0.471534 3.129593 -0.66673121 -0.601028135 -0.440720631 0 0
-0.799837 0.471951 3.127255 -0.541725966 -0.669432087 -0.508324365 0 0
-0.800022 0.472098 3.127275 -0.632111672 -0.562910394 -0.532509833 0 0
-0.801323 0.471622 3.129611 -0.839213411 -0.305604884 -0.449807188 0 0
-0.802162 0.471191 3.131724 -0.870778366 -0.332291744 -0.362390997 0 0
-0.801332 0.471687 3.129617 -0.897907929 -0.0808007135 -0.432703821 0 0
-0.802172 0.471265 3.13173 -0.933539891 -0.0973041579 -0.345014743 0 0
-0.800089 0.472182 3.127285 -0.788198845 -0.278499592 -0.548799196 0 0
-0.800097 0.472239 3.12729 -0.84391314 -0.0618009622 -0.532908297 0 0
-0.802726 0.470887 3.133574 -0.887538564 -0.348115126 -0.301813114 0 0
-0.802655 0.47079 3.133577 -0.676144076 -0.678944258 -0.286118651 0 0
-0.803137 0.470709 3.135113 -0.892927427 -0.344010566 -0.29040892 0 0
-0.803074 0.470611 3.135137 -0.673404963 -0.694305117 -0.253901871 0 0
-0.802738 0.470972 3.133581 -0.952389848 -0.103998891 -0.286596945 0 0
-0.803149 0.470801 3.135121 -0.953280563 -0.0957980467 -0.286494158 0 0
-0.802461 0.470641 3.133598 -0.534906732 -0.806110145 -0.253103185 0 0
-0.802906 0.470474 3.135221 -0.501034309 -0.842257676 -0.198913621 0 0
-0.802198 0.471459 3.131747 -0.934047801 -0.0934047801 -0.344717641 0 0
-0.801341 0.471763 3.129623 -0.898549287 -0.0761041744 -0.432223708 0 0
-0.802185 0.471358 3.131739 -0.933986504 -0.0940986403 -0.344695019 0 0
-0.801351 0.471845 3.12963 -0.898559734 -0.0748049728 -0.432428747 0 0
-0.800104 0.472302 3.127295 -0.844696372 -0.0560997591 -0.532297714 0 0
-0.800111 0.472368 3.1273 -0.844909911 -0.0537006299 -0.532206243 0 0
-0.801361 0.471926 3.129636 -0.898233029 -0.075902791 -0.432915919 0 0
-0.802212 0.47156 3.131756 -0.933843686 -0.0936043789 -0.34521615 0 0
-0.800118 0.472432 3.127305 -0.844646339 -0.0556030505 -0.53242921 0 0
-0.802786 0.471321 3.133612 -0.952848992 -0.102205255 -0.28571469 0 0
-0.80277 0.471201 3.133602 -0.952813983 -0.102001497 -0.285904196 0 0
-0.803199 0.471198 3.135153 -0.954448101 -0.0951047929 -0.282814253 0 0
-0.803182 0.471061 3.135142 -0.954132966 -0.0947032721 -0.284009813 0 0
-0.802753 0.471081 3.133591 -0.952701548 -0.102500167 -0.286100465 0 0
-0.803165 0.470924 3.135131 -0.953716795 -0.095001673 -0.285305024 0 0
-0.804044 0.470642 3.137292 -0.599911695 -0.70481374 -0.378607381 0 0
-0.803346 0.470464 3.136423 -0.447339542 -0.878877687 -0.165714648 0 0
-0.803966 0.470575 3.137386 -0.375012179 -0.912629638 -0.162705284 0 0
-0.803468 0.470565 3.136323 -0.654601947 -0.700802085 -0.283500843 0 0
-0.803514 0.470653 3.136293 -0.868925742 -0.317709412 -0.379511243 0 0
-0.804073 0.470719 3.137263 -0.774726659 -0.273009394 -0.570319625 0 0
-0.803524 0.470751 3.1363 -0.912879963 -0.0681985031 -0.402491165 0 0
-0.804081 0.47082 3.137268 -0.787524024 -0.0307009365 -0.615518777 0 0
-0.80503 0.470905 3.138173 -0.62761757 -0.234006551 -0.742520787 0 0
-0.805008 0.47083 3.138201 -0.522217471 -0.695223259 -0.493916524 0 0
-0.805035 0.471007 3.138176 -0.616798566 -0.00599998605 -0.78709817 0 0
-0.804948 0.470773 3.138291 -0.330794337 -0.922784202 -0.197596617 0 0
-0.804102 0.471109 3.137281 -0.789271791 -0.0311028291 -0.613255781 0 0
-0.803538 0.470882 3.136308 -0.913650759 -0.0677037614 -0.400822268 0 0
-0.804091 0.470956 3.137274 -0.788316795 -0.0305006498 -0.614513092 0 0
-0.803553 0.47103 3.136318 -0.91451733 -0.0679012867 -0.398807557 0 0
-0.803568 0.471176 3.136328 -0.91533309 -0.0680024583 -0.396914349 0 0
-0.804113 0.471261 3.137288 -0.790398087 -0.0311999245 -0.611798519 0 0
-0.805052 0.471454 3.138187 -0.617914086 -0.00660015045 -0.786217922 0 0
-0.805046 0.4713 3.138183 -0.617412114 -0.00620012165 -0.786615434 0 0
-0.80504 0.471145 3.138179 -0.617081482 -0.00599981995 -0.786876386 0 0
-0.877862 0.472136 3.1861 -0.493131159 -0.86995497 0.000100006319 0 0
-0.877661 0.472155 3.185454 -0.241506829 -0.955427015 -0.169804801 0 0
-0.87763 0.472085 3.185962 -0.198899954 -0.976699775 -0.0805999815 0 0
-0.87789 0.472209 3.185553 -0.553920271 -0.805229468 -0.211607744 0 0
-0.877967 0.472283 3.185586 -0.924638165 -0.335513849 -0.180207438 0 0
-0.877939 0.472209 3.186147 -0.90338686 -0.392294294 0.173197481 0 0
-0.877966 0.472386 3.185586 -0.984609226 0.00490004591 -0.174701637 0 0
-0.877939 0.472312 3.186146 -0.974430929 0.00600019045 0.224607129 0 0
-0.877718 0.472148 3.186666 -0.813315213 -0.426907985 0.395307394 0 0
-0.87764 0.472075 3.186616 -0.40861887 -0.902241667 0.137806364 0 0
-0.877717 0.47225 3.186666 -0.88412339 0.00620016403 0.46721236 0 0
-0.877407 0.472025 3.186465 -0.149407261 -0.988748049 -0.00740035963 0 0
-0.877937 0.472607 3.186145 -0.974457856 0.00599974052 0.224490291 0 0
-0.877965 0.472525 3.185585 -0.984593423 0.00459996927 -0.174798832 0 0
-0.877938 0.472451 3.186146 -0.974453392 0.00590032329 0.224512301 0 0
-0.877964 0.472681 3.185585 -0.984609703 0.0048000473 -0.174701722 0 0
-0.877964 0.472836 3.185584 -0.98457575 0.00469988424 -0.174895692 0 0
-0.877936 0.472762 3.186145 -0.974452812 0.0060003252 0.224512168 0 0
-0.877715 0.472701 3.186664 -0.884184257 0.00659988249 0.467091684 0 0
-0.877716 0.472545 3.186665 -0.884121126 0.00660015771 0.467211164 0 0
-0.877717 0.472389 3.186665 -0.884122837 0.00630016274 0.467212068 0 0
-0.765782 0.479863 3.122597 0.836400569 -0.511800348 0.196200133 0 0
-0.766985 0.479143 3.125096 0.734625595 -0.645022473 0.210407331 0 0
-0.765922 0.479698 3.122622 0.735331344 -0.665528369 0.127905452 0 0
-0.766853 0.479307 3.125092 0.819819951 -0.495212051 0.287506997 0 0
-0.766817 0.479393 3.125096 0.904051984 -0.110006326 0.41302375 0 0
-0.765743 0.479949 3.122593 0.944327357 -0.1001029 0.31340908 0 0
-0.76683 0.479439 3.125105 0.868195702 0.167499171 0.467097688 0 0
-0.765757 0.479995 3.122602 0.907150339 0.201511182 0.3694205 0 0
-0.765064 0.480394 3.12031 0.976988941 -0.0907989722 0.192997815 0 0
-0.765104 0.480308 3.12032 0.842819347 -0.530012167 0.0935021464 0 0
-0.765077 0.48044 3.120318 0.938544648 0.23691127 0.251011941 0 0
-0.765249 0.480142 3.120366 0.726591859 -0.685892315 0.0401995496 0 0
-0.765786 0.480088 3.122621 0.902636873 0.217308877 0.371515177 0 0
-0.766844 0.479486 3.125113 0.865948516 0.175509833 0.468326239 0 0
-0.765771 0.480042 3.122611 0.903842007 0.213109905 0.371017243 0 0
-0.766859 0.479533 3.125123 0.865048544 0.179110051 0.468626298 0 0
-0.766873 0.479579 3.125132 0.865380581 0.177596015 0.468589485 0 0
-0.765801 0.480134 3.12263 0.903196618 0.214999195 0.371498609 0 0
-0.765123 0.480578 3.120347 0.933249267 0.254313426 0.253713394 0 0
-0.765107 0.480533 3.120337 0.932514165 0.257103905 0.253603852 0 0
-0.765092 0.480487 3.120328 0.934037432 0.251910095 0.253210148 0 0
-0.784178 0.477081 3.114689 -0.185708641 -0.459321373 -0.868640419 0 0
-0.78087 0.477739 3.113835 -0.0431011717 -0.604916445 -0.795121616 0 0
-0.784148 0.476922 3.114791 -0.127297401 -0.589487966 -0.797683715 0 0
-0.780869 0.4779 3.113724 -0.0961050966 -0.467324783 -0.878846606 0 0
-0.777685 0.478487 3.113244 0.0387013728 -0.624422149 -0.780127672 0 0
-0.777654 0.47865 3.113127 -0.00629995105 -0.48009627 -0.877193184 0 0
-0.780876 0.477985 3.113691 -0.195210538 -0.134807277 -0.97145244 0 0
-0.784196 0.477165 3.11466 -0.28908722 -0.149493391 -0.945558198 0 0
-0.780888 0.478032 3.113699 -0.252411546 0.0980044828 -0.962644032 0 0
-0.784207 0.477213 3.114667 -0.343310323 0.0656019727 -0.936928174 0 0
-0.777652 0.478735 3.113094 -0.0977999936 -0.121999992 -0.987699936 0 0
-0.777664 0.478782 3.113102 -0.158503508 0.131802917 -0.978521655 0 0
-0.787494 0.4763 3.116008 -0.385791534 -0.167896316 -0.907180092 0 0
-0.787467 0.476216 3.116034 -0.277807766 -0.459112835 -0.843823589 0 0
-0.790654 0.475411 3.117747 -0.488419904 -0.191507804 -0.851334693 0 0
-0.790617 0.475327 3.117767 -0.373603837 -0.46930482 -0.800108217 0 0
-0.787505 0.476348 3.116015 -0.438079737 0.0348983858 -0.898258452 0 0
-0.790664 0.475459 3.117753 -0.539906773 0.00490006147 -0.841710559 0 0
-0.787404 0.476059 3.116122 -0.215306826 -0.581518437 -0.784524874 0 0
-0.790524 0.475173 3.117839 -0.307107423 -0.584514128 -0.751018152 0 0
-0.784231 0.477309 3.114683 -0.344399571 0.0687999143 -0.936298834 0 0
-0.780901 0.47808 3.113708 -0.252693762 0.101797487 -0.962176249 0 0
-0.784219 0.477261 3.114675 -0.344110415 0.0671020309 -0.936528344 0 0
-0.780914 0.478127 3.113716 -0.253806772 0.10420278 -0.961625656 0 0
-0.777678 0.478829 3.113111 -0.158805268 0.138604598 -0.97753243 0 0
-0.777692 0.478876 3.11312 -0.160399839 0.141899857 -0.976799018 0 0
-0.780927 0.478174 3.113724 -0.253208902 0.102803614 -0.961933817 0 0
-0.784243 0.477356 3.114691 -0.343505342 0.0676010512 -0.936714566 0 0
-0.777706 0.478922 3.113129 -0.160798903 0.140099044 -0.976993332 0 0
-0.787537 0.476493 3.116036 -0.438316983 0.03510136 -0.898134799 0 0
-0.787526 0.476445 3.11603 -0.438396228 0.0351996971 -0.898092272 0 0
-0.790691 0.475605 3.117772 -0.539530724 0.00550031322 -0.841947946 0 0
-0.790682 0.475557 3.117766 -0.539299755 0.00489999777 -0.842099617 0 0
-0.787515 0.476396 3.116022 -0.438196825 0.0350997457 -0.898193493 0 0
-0.790673 0.475508 3.117759 -0.539531307 0.00530030756 -0.841948855 0 0
-0.78438 0.473583 3.140603 0.396929084 -0.507237167 0.76495605 0 0
-0.787507 0.472643 3.141386 0.319801577 -0.637103141 0.701303457 0 0
-0.784344 0.473433 3.140459 0.397404218 -0.613506512 0.682407244 0 0
-0.787574 0.472792 3.14154 0.312796234 -0.531793597 0.786990525 0 0
-0.790463 0.471951 3.14192 0.233902486 -0.669307115 0.705207496 0 0
-0.790559 0.472098 3.14208 0.21840325 -0.562808375 0.797211863 0 0
-0.787602 0.472874 3.141595 0.275700007 -0.256100006 0.926500023 0 0
-0.784397 0.473665 3.140655 0.37182027 -0.236212877 0.897748942 0 0
-0.787609 0.472926 3.141599 0.240191959 -0.0473984131 0.969567539 0 0
-0.784405 0.473714 3.14066 0.338894351 -0.0346994216 0.940184327 0 0
-0.790596 0.472182 3.142136 0.166905546 -0.278809265 0.945731427 0 0
-0.790604 0.472239 3.142141 0.129304338 -0.062502097 0.989633203 0 0
-0.781137 0.474522 3.139316 0.466821827 -0.215710086 0.8576401 0 0
-0.78113 0.474439 3.139268 0.480906872 -0.486506952 0.729410423 0 0
-0.781146 0.47457 3.139321 0.436017245 -0.0191007554 0.899735585 0 0
-0.781126 0.474287 3.139137 0.473806043 -0.596207605 0.648108267 0 0
-0.784419 0.473817 3.140668 0.337309075 -0.0297007991 0.940925316 0 0
-0.787616 0.472981 3.141603 0.238912211 -0.0416021263 0.970149586 0 0
-0.784412 0.473765 3.140664 0.338097733 -0.0311997908 0.940593693 0 0
-0.787622 0.473037 3.141607 0.238204777 -0.0393007882 0.970419462 0 0
-0.790611 0.472302 3.142146 0.128600359 -0.0562001571 0.990102767 0 0
-0.790618 0.472368 3.14215 0.128197786 -0.0538990692 0.990282898 0 0
-0.787628 0.473092 3.141611 0.238901751 -0.0403002954 0.970207112 0 0
-0.784425 0.473867 3.140672 0.33759854 -0.0304998681 0.940795931 0 0
-0.790625 0.472432 3.142154 0.128900421 -0.0555001812 0.990103233 0 0
-0.78117 0.474717 3.139336 0.435589084 -0.017399564 0.899977447 0 0
-0.781162 0.474669 3.139331 0.435390078 -0.0170996103 0.900079487 0 0
-0.781154 0.474619 3.139326 0.435710067 -0.0173003997 0.899920793 0 0
-0.795448 0.471098 3.142094 0.0365990268 -0.644082874 0.764079683 0 0
-0.797321 0.470641 3.141639 0.00520017384 -0.806126949 0.591719782 0 0
-0.795329 0.470951 3.141927 0.0647001575 -0.757001843 0.650201583 0 0
-0.797383 0.47079 3.141824 -0.024100222 -0.67860625 0.734106761 0 0
-0.798981 0.470474 3.141361 -0.029899663 -0.842290507 0.538193935 0 0
-0.798975 0.470611 3.141549 -0.0523990807 -0.694287819 0.717787407 0 0
-0.79741 0.470887 3.14189 -0.0986053046 -0.348118728 0.932250152 0 0
-0.795494 0.471191 3.142154 -0.0367000136 -0.331900123 0.942600349 0 0
-0.797422 0.470972 3.141897 -0.139708837 -0.10450661 0.984662282 0 0
-0.795505 0.471265 3.142161 -0.07900346 -0.0970042484 0.992143452 0 0
-0.79898 0.470709 3.141616 -0.111403941 -0.34401217 0.932332982 0 0
-0.798992 0.470801 3.141624 -0.140307432 -0.0959050802 0.985452201 0 0
-0.793225 0.471622 3.14228 0.0555999755 -0.305399866 0.950599582 0 0
-0.793178 0.471534 3.142222 0.120200632 -0.601203162 0.790004155 0 0
-0.793234 0.471687 3.142285 0.0157001045 -0.0808005377 0.996606632 0 0
-0.793056 0.471387 3.14206 0.143904195 -0.710020697 0.689320094 0 0
-0.795531 0.471459 3.142177 -0.079197183 -0.0934966744 0.992464699 0 0
-0.797437 0.471081 3.141907 -0.140305673 -0.102004125 0.984839823 0 0
-0.795517 0.471358 3.142169 -0.0792028181 -0.0938033376 0.992435311 0 0
-0.797454 0.471201 3.141917 -0.140405138 -0.101903729 0.984836041 0 0
-0.799008 0.470924 3.141634 -0.141597748 -0.0946984938 0.985384328 0 0
-0.799025 0.471061 3.141645 -0.142804204 -0.0945027817 0.985229001 0 0
-0.79747 0.471321 3.141928 -0.140705886 -0.102404284 0.984741193 0 0
-0.795545 0.47156 3.142186 -0.0789039382 -0.0939046869 0.992449534 0 0
-0.799043 0.471198 3.141656 -0.143996898 -0.0952979468 0.984978779 0 0
-0.793264 0.471926 3.142304 0.0156000156 -0.0758000758 0.997000997 0 0
-0.793254 0.471845 3.142298 0.015199965 -0.074599828 0.997097702 0 0
-0.793244 0.471763 3.142291 0.0154012477 -0.0761061656 0.996980769 0 0
-0.796088 0.473583 3.122287 -0.527018304 -0.507717633 -0.68152367 0 0
-0.793391 0.474287 3.119949 -0.389313202 -0.596320222 -0.702023806 0 0
-0.795942 0.473433 3.122315 -0.452500086 -0.613600117 -0.647100123 0 0
-0.793512 0.474439 3.119898 -0.459779094 -0.486877862 -0.742666232 0 0
-0.793558 0.474522 3.119885 -0.582121746 -0.216208077 -0.78382928 0 0
-0.796142 0.473665 3.122281 -0.658349464 -0.236317755 -0.714653694 0 0
-0.793567 0.47457 3.11989 -0.634109822 -0.0189002928 -0.773011974 0 0
-0.79615 0.473714 3.122286 -0.711228631 -0.0342013768 -0.702128265 0 0
-0.798341 0.472874 3.124795 -0.725077661 -0.255592125 -0.639480298 0 0
-0.79828 0.472792 3.124793 -0.582730612 -0.532227959 -0.614132261 0 0
-0.798348 0.472926 3.1248 -0.779128162 -0.0467016881 -0.625122595 0 0
-0.798112 0.472643 3.124797 -0.502099413 -0.637199254 -0.584699316 0 0
-0.796163 0.473817 3.122295 -0.712124761 -0.0297010327 -0.701424389 0 0
-0.793575 0.474619 3.119896 -0.633912723 -0.0171003432 -0.773215519 0 0
-0.796157 0.473765 3.122291 -0.711814158 -0.0303006027 -0.701713957 0 0
-0.793583 0.474669 3.119901 -0.6338529 -0.0171014273 -0.773264535 0 0
-0.79359 0.474717 3.119906 -0.634413082 -0.0166003423 -0.772815936 0 0
-0.796169 0.473867 3.1223 -0.712209013 -0.0304003847 -0.701308875 0 0
-0.798366 0.473092 3.124812 -0.780195908 -0.0408997855 -0.624196726 0 0
-0.798361 0.473037 3.124809 -0.780836571 -0.0388018173 -0.623529204 0 0
-0.798355 0.472981 3.124804 -0.780101673 -0.0411000882 -0.624301339 0 0
-0.808701 0.472022 3.146691 0.364708908 -0.714117443 0.597514594 0 0
-0.811238 0.472396 3.148633 0.135597471 -0.924482759 0.356293355 0 0
-0.808776 0.471947 3.146575 0.134203695 -0.91972532 0.368910156 0 0
-0.811152 0.472477 3.148766 0.35398632 -0.737471501 0.575177773 0 0
-0.813447 0.472765 3.150464 0.138702684 -0.928517967 0.344406664 0 0
-0.813351 0.472851 3.150612 0.342117413 -0.754238388 0.560428524 0 0
-0.811122 0.47256 3.14881 0.590436419 -0.279217223 0.757246708 0 0
-0.808675 0.472103 3.14673 0.592282886 -0.25749256 0.76347794 0 0
-0.811121 0.472663 3.148809 0.645910538 -0.00100001632 0.763412455 0 0
-0.808674 0.472206 3.146729 0.643414538 -0.0010000226 0.765517297 0 0
-0.813319 0.472935 3.150661 0.577187738 -0.294693739 0.76158382 0 0
-0.813318 0.473038 3.15066 0.632698146 -0.00109999678 0.774397731 0 0
-0.80625 0.471631 3.144714 0.580402388 -0.235600969 0.779503208 0 0
-0.806272 0.471552 3.14468 0.364109201 -0.69211749 0.623215749 0 0
-0.804119 0.47121 3.143056 0.533436424 -0.223215242 0.815855709 0 0
-0.804137 0.471133 3.143025 0.326524678 -0.684451729 0.651849265 0 0
-0.80625 0.471734 3.144713 0.626619986 -0.000400012759 0.779324857 0 0
-0.80412 0.471312 3.143057 0.577609328 0.000500008075 0.816313184 0 0
-0.806337 0.471484 3.14458 0.125502659 -0.916719421 0.379308036 0 0
-0.804195 0.47107 3.142934 0.0938020243 -0.919219837 0.382408252 0 0
-0.808671 0.472501 3.146727 0.643414229 -0.00140003096 0.76551693 0 0
-0.811119 0.472801 3.148808 0.64596809 -0.00179991109 0.763362291 0 0
-0.808673 0.472344 3.146728 0.643365063 -0.00129992941 0.765558427 0 0
-0.811117 0.472958 3.148807 0.645801973 -0.00200000611 0.763502333 0 0
-0.813316 0.473177 3.150659 0.632637842 -0.00150008973 0.774446325 0 0
-0.813314 0.473333 3.150658 0.632588645 -0.00169996949 0.774486098 0 0
-0.811115 0.473113 3.148805 0.645802438 -0.00160000604 0.763502882 0 0
-0.808669 0.472656 3.146726 0.643414397 -0.00120002685 0.765517129 0 0
-0.813313 0.473488 3.150656 0.632588939 -0.00139997552 0.774486458 0 0
-0.806248 0.472183 3.144712 0.626899868 0 0.779099836 0 0
-0.806249 0.472028 3.144713 0.626790319 9.99984555e-05 0.779187966 0 0
-0.804125 0.47176 3.14306 0.577903473 0.000600003606 0.816104905 0 0
-0.804123 0.471606 3.143059 0.577903436 0.000700004162 0.816104852 0 0
-0.806249 0.471872 3.144713 0.626729592 -0.000200009444 0.779236793 0 0
-0.804122 0.47145 3.143058 0.577836968 0 0.816152215 0 0
-0.816631 0.473196 3.153063 0.329611713 -0.767427271 0.549919542 0 0
-0.818715 0.473156 3.154159 0.178607361 -0.93313846 0.31201286 0 0
-0.816735 0.473106 3.152903 0.167305443 -0.932730342 0.319410391 0 0
-0.818612 0.473246 3.154319 0.328008026 -0.769118821 0.548513422 0 0
-0.821522 0.473178 3.155869 0.182304943 -0.932825294 0.310808428 0 0
-0.821421 0.473267 3.156026 0.329004302 -0.767410034 0.550307195 0 0
-0.818578 0.473333 3.154372 0.497903259 -0.308502019 0.810505305 0 0
-0.816597 0.473283 3.153116 0.518520531 -0.306012117 0.798431615 0 0
-0.818577 0.473435 3.154371 0.527218429 0.000400013983 0.849729703 0 0
-0.816596 0.473385 3.153116 0.555622925 -0.000400016505 0.831434306 0 0
-0.821387 0.473353 3.156078 0.492502162 -0.306901347 0.814403575 0 0
-0.821386 0.473455 3.156078 0.519223207 0.000900040228 0.854638199 0 0
-0.814994 0.473163 3.151988 0.550601517 -0.301800831 0.778302144 0 0
-0.815028 0.473077 3.151936 0.334188588 -0.762873948 0.553481099 0 0
-0.814993 0.473266 3.151987 0.598510692 -0.000900016079 0.801114312 0 0
-0.815129 0.472989 3.151779 0.150597154 -0.931182401 0.331993725 0 0
-0.816593 0.47368 3.153114 0.555622945 0.000300012389 0.831434335 0 0
-0.818576 0.473574 3.15437 0.527218258 0.000900031169 0.849729427 0 0
-0.816595 0.473524 3.153115 0.555622967 0.000100004134 0.831434368 0 0
-0.818575 0.47373 3.154369 0.527218448 0.000300010498 0.849729733 0 0
-0.821385 0.473594 3.156077 0.519223207 0.000900040228 0.854638199 0 0
-0.821384 0.47375 3.156076 0.519223394 0.000300013517 0.854638507 0 0
-0.818574 0.473885 3.154369 0.527218471 0 0.849729771 0 0
-0.816592 0.473835 3.153113 0.555622959 -0.000200008265 0.831434356 0 0
-0.821383 0.473906 3.156076 0.519223407 0.000200009017 0.854638528 0 0
-0.814988 0.473716 3.151984 0.598622913 -0.000700026794 0.80103066 0 0
-0.81499 0.473561 3.151985 0.598622952 -0.000600023005 0.801030712 0 0
-0.814991 0.473404 3.151986 0.598510743 -0.00080001436 0.80111438 0 0
-0.801338 0.470642 3.141524 0.0916043147 -0.705033208 0.703233123 0 0
-0.802625 0.470773 3.141926 0.0406011665 -0.92272651 0.383311013 0 0
-0.801391 0.470575 3.141414 -0.00970015258 -0.912614356 0.408706429 0 0
-0.802569 0.47083 3.142018 0.22889855 -0.695495594 0.681095685 0 0
-0.802552 0.470905 3.14205 0.410528249 -0.233816089 0.881360649 0 0
-0.801324 0.470719 3.141564 0.192609604 -0.272613593 0.942647002 0 0
-0.802556 0.471007 3.142053 0.455506849 -0.0058000872 0.890213384 0 0
-0.801332 0.47082 3.141568 0.228209478 -0.0303012584 0.973140415 0 0
-0.800209 0.470653 3.141463 -0.0204007507 -0.317511683 0.948034884 0 0
-0.800217 0.470565 3.141409 -0.0176005529 -0.701022023 0.712922397 0 0
-0.800219 0.470751 3.14147 -0.0180007782 -0.0677029269 0.997543125 0 0
-0.800257 0.470464 3.141256 -0.0373008066 -0.878919007 0.475510283 0 0
-0.801353 0.471109 3.141582 0.225301927 -0.0306002618 0.973808331 0 0
-0.802562 0.471145 3.142056 0.45510613 -0.00670009025 0.890411994 0 0
-0.801342 0.470956 3.141575 0.22681057 -0.0310014447 0.973445364 0 0
-0.802568 0.4713 3.14206 0.454909039 -0.00600011922 0.890517695 0 0
-0.802574 0.471454 3.142064 0.454430552 -0.00630042359 0.890759888 0 0
-0.801364 0.471261 3.141588 0.223690966 -0.0311987401 0.974160659 0 0
-0.800264 0.471176 3.141498 -0.0240995324 -0.0681986766 0.997380646 0 0
-0.800248 0.47103 3.141488 -0.0218995389 -0.0674985788 0.997478998 0 0
-0.800233 0.470882 3.141478 -0.0199001438 -0.0677004891 0.997507207 0 0
-0.771937 0.479863 3.112967 0.173103533 -0.511910448 -0.841417173 0 0
-0.769689 0.480142 3.11342 0.268509284 -0.685823713 -0.676423388 0 0
-0.77202 0.479698 3.113084 0.192397467 -0.665591238 -0.721090507 0 0
-0.769586 0.480308 3.113307 0.269007557 -0.530114891 -0.804122588 0 0
-0.76956 0.480394 3.113276 0.234309706 -0.0905037492 -0.967940098 0 0
-0.771918 0.479949 3.112934 0.112003693 -0.100303308 -0.988632601 0 0
-0.769574 0.48044 3.113284 0.165699885 0.236899835 -0.957299335 0 0
-0.771932 0.479995 3.112942 0.0454000089 0.200700039 -0.978600191 0 0
-0.774641 0.479393 3.112857 0.0043999016 -0.110397531 -0.993877772 0 0
-0.774652 0.479307 3.112891 0.0831068674 -0.495240923 -0.864771459 0 0
-0.774654 0.479439 3.112865 -0.0595007155 0.166101997 -0.984311836 0 0
-0.77471 0.479143 3.11301 0.117402244 -0.645112331 -0.755014432 0 0
-0.771961 0.480088 3.112961 0.0418025958 0.218413563 -0.974960542 0 0
-0.769588 0.480487 3.113294 0.162604266 0.251406596 -0.954125032 0 0
-0.771946 0.480042 3.112952 0.0425011378 0.213005702 -0.976126131 0 0
-0.769604 0.480533 3.113303 0.161006758 0.257610813 -0.952739992 0 0
-0.769619 0.480578 3.113313 0.162106771 0.254310623 -0.953439826 0 0
-0.771976 0.480134 3.112971 0.0425013647 0.214806898 -0.975731331 0 0
-0.774697 0.479579 3.112893 -0.0623050784 0.177314453 -0.982180056 0 0
-0.774682 0.479533 3.112884 -0.0621018901 0.180405491 -0.981629876 0 0
-0.774668 0.479486 3.112875 -0.0611006028 0.175901735 -0.982509693 0 0
-0.820937 0.473196 3.146328 -0.360610615 -0.767422589 -0.530115604 0 0
-0.819141 0.472989 3.145503 -0.238093303 -0.931173806 -0.276092234 0 0
-0.820835 0.473106 3.146489 -0.219700727 -0.932703087 -0.286000947 0 0
-0.81924 0.473077 3.145346 -0.361890325 -0.763079599 -0.535485684 0 0
-0.819273 0.473163 3.145293 -0.475221012 -0.302213363 -0.826336537 0 0
-0.82097 0.473283 3.146274 -0.50692033 -0.306312285 -0.805732315 0 0
-0.819272 0.473266 3.145293 -0.475703023 -0.000800005084 -0.87960559 0 0
-0.820969 0.473385 3.146274 -0.521405472 -0.000400004198 -0.853308956 0 0
-0.822941 0.473333 3.147545 -0.526511757 -0.308506889 -0.79221769 0 0
-0.822908 0.473246 3.147599 -0.360219986 -0.769042668 -0.528029296 0 0
-0.825669 0.473353 3.149378 -0.532223828 -0.30711375 -0.788935321 0 0
-0.825636 0.473267 3.149431 -0.3614106 -0.767322506 -0.529715537 0 0
-0.82294 0.473435 3.147545 -0.549798315 0 -0.83529744 0 0
-0.825669 0.473455 3.149378 -0.557719693 0.000300010594 -0.830029309 0 0
-0.822806 0.473156 3.147759 -0.208207239 -0.933132446 -0.293110192 0 0
-0.825537 0.473178 3.149588 -0.205695441 -0.932779325 -0.295993439 0 0
-0.820967 0.47368 3.146272 -0.521332691 -0.000100006271 -0.853353511 0 0
-0.819271 0.473404 3.145292 -0.475703173 -0.000100000667 -0.879605867 0 0
-0.820968 0.473524 3.146273 -0.521288183 0.000299993199 -0.853380654 0 0
-0.819269 0.473561 3.145291 -0.475822305 -0.000600028127 -0.879541229 0 0
-0.819268 0.473716 3.14529 -0.475822102 -0.0011000511 -0.879540856 0 0
-0.820966 0.473835 3.146271 -0.521332683 -0.000200012539 -0.853353498 0 0
-0.822937 0.473885 3.147543 -0.549913965 0.000400010158 -0.835221211 0 0
-0.822938 0.47373 3.147543 -0.54979829 0.000299999067 -0.835297402 0 0
-0.825666 0.473906 3.149376 -0.557719707 0.000200007067 -0.83002933 0 0
-0.825667 0.47375 3.149377 -0.557604425 0.000600004761 -0.830106587 0 0
-0.822939 0.473574 3.147544 -0.54979829 0.000299999067 -0.835297402 0 0
-0.825668 0.473594 3.149377 -0.557650771 0.000400036421 -0.830075574 0 0
-0.833578 0.472836 3.157009 -0.0902015407 -0.987216862 -0.131402244 0 0
-0.82899 0.472952 3.153065 -0.124205049 -0.976539697 -0.175907151 0 0
-0.828568 0.472799 3.153727 -0.0950018887 -0.986819618 -0.131002604 0 0
-0.833985 0.472981 3.156371 -0.119396271 -0.977069487 -0.176294494 0 0
-0.829315 0.473101 3.152555 -0.150598068 -0.964687623 -0.216097227 0 0
-0.834298 0.473123 3.15588 -0.146405804 -0.965038255 -0.217408618 0 0
-0.839745 0.472978 3.160188 -0.112601357 -0.977711786 -0.177202136 0 0
-0.839356 0.472841 3.160798 -0.0834056063 -0.987666388 -0.132508907 0 0
-0.846032 0.472918 3.164359 -0.1038059 -0.978355606 -0.179010174 0 0
-0.845663 0.472791 3.164937 -0.0746001112 -0.988101472 -0.1345002 0 0
-0.840044 0.473112 3.159719 -0.140400358 -0.965502462 -0.219300559 0 0
-0.846315 0.473043 3.163914 -0.132700704 -0.965905124 -0.222301179 0 0
-0.838907 0.472734 3.161502 -0.0472027943 -0.995958958 -0.0764045229 0 0
-0.833108 0.472721 3.157746 -0.0535989053 -0.995779661 -0.0744984784 0 0
-0.838428 0.472687 3.162253 0.00129999849 -0.999998835 -0.000799999068 0 0
-0.832606 0.472671 3.158531 -0.00409995168 -0.999988215 0.00259996936 0 0
-0.845237 0.472691 3.165604 -0.0388996711 -0.996091578 -0.0792993295 0 0
-0.844783 0.472648 3.166315 0.008500419 -0.999949289 -0.00540026619 0 0
-0.828081 0.472678 3.154491 -0.0579011774 -0.995620246 -0.0734014926 0 0
-0.82756 0.472626 3.155306 -0.00780044908 -0.999957569 0.00490028212 0 0
-0.858706 0.472488 3.173511 -0.0607001499 -0.988902443 -0.135600335 0 0
-0.852604 0.472778 3.168727 -0.0956051313 -0.978952542 -0.180309677 0 0
-0.852257 0.472661 3.16927 -0.0663010084 -0.988515035 -0.135802066 0 0
-0.85903 0.472595 3.173003 -0.0901011592 -0.979512602 -0.180102317 0 0
-0.85287 0.472894 3.168309 -0.125804092 -0.966131429 -0.225307329 0 0
-0.859279 0.472703 3.172612 -0.121805684 -0.966245086 -0.227010593 0 0
-0.864879 0.472406 3.176896 -0.087201165 -0.980013093 -0.178802389 0 0
-0.864576 0.472308 3.177372 -0.0575980204 -0.989266 -0.134295384 0 0
-0.865112 0.472506 3.17653 -0.120305572 -0.966244753 -0.227810551 0 0
-0.864225 0.472232 3.17792 -0.0233993944 -0.996374214 -0.0817978831 0 0
-0.858332 0.472405 3.174097 -0.0261014955 -0.996257082 -0.0824047215 0 0
-0.863852 0.4722 3.178505 0.0206000135 -0.999700655 -0.0132000086 0 0
-0.857933 0.47237 3.174721 0.0190008557 -0.999745025 -0.0122005495 0 0
-0.851858 0.47257 3.169897 -0.0310991208 -0.996171839 -0.0816976904 0 0
-0.851431 0.472531 3.170565 0.0151005879 -0.999838924 -0.00970037764 0 0
-0.831633 0.472836 3.160052 0.0814005613 -0.987206807 0.137100945 0 0
-0.827039 0.472678 3.15612 0.042300757 -0.995617817 0.0834014925 0 0
-0.826551 0.472799 3.156883 0.0790018692 -0.986823349 0.141203341 0 0
-0.832104 0.472721 3.159316 0.0450991959 -0.995782245 0.0798985754 0 0
-0.837948 0.472734 3.163003 0.0496024313 -0.995948818 0.0750036764 0 0
-0.837497 0.472841 3.163706 0.0853044441 -0.987651453 0.131406846 0 0
-0.844328 0.472691 3.167026 0.0556993411 -0.996088216 0.0685991885 0 0
-0.843902 0.472791 3.167692 0.0907002839 -0.988103093 0.124200389 0 0
-0.837107 0.472978 3.164315 0.113600579 -0.977704981 0.1766009 0 0
-0.831224 0.472981 3.160689 0.109896034 -0.977064738 0.182393418 0 0
-0.836806 0.473112 3.164784 0.140100104 -0.965500719 0.219500164 0 0
-0.83091 0.473123 3.16118 0.135696383 -0.965074276 0.224094027 0 0
-0.843532 0.472918 3.16827 0.118807088 -0.978358366 0.169410106 0 0
-0.843247 0.473043 3.168714 0.146098652 -0.965891085 0.213798027 0 0
-0.826127 0.472952 3.157544 0.107503867 -0.976535127 0.186606712 0 0
-0.825801 0.473101 3.158053 0.132901742 -0.964712643 0.227302979 0 0
-0.857159 0.472488 3.175931 0.0975992495 -0.988892395 0.112099138 0 0
-0.851004 0.47257 3.171233 0.0610979713 -0.996166923 0.0625979215 0 0
-0.850603 0.472661 3.171859 0.095499437 -0.988494173 0.117299309 0 0
-0.857534 0.472405 3.175346 0.0638037081 -0.996257899 0.0583033884 0 0
-0.863478 0.472232 3.17909 0.064398336 -0.996374254 0.0555985634 0 0
-0.863127 0.472308 3.179637 0.0975972702 -0.98927233 0.10869696 0 0
-0.862823 0.472406 3.180112 0.125701375 -0.980010716 0.154201686 0 0
-0.856834 0.472595 3.176438 0.125601861 -0.979514512 0.157402332 0 0
-0.862589 0.472506 3.180477 0.15630663 -0.966240984 0.204808687 0 0
-0.856584 0.472703 3.176828 0.154908513 -0.966253102 0.205811311 0 0
-0.850255 0.472778 3.172401 0.123505946 -0.978947133 0.162507824 0 0
-0.849988 0.472894 3.172818 0.151605366 -0.966134197 0.208807391 0 0
-0.8587 0.473606 3.173507 0.0512988371 0.991277528 0.121397248 0 0
-0.864872 0.473508 3.176892 0.059302285 0.988738097 0.137405294 0 0
-0.864569 0.473426 3.177368 0.047601917 0.991739938 0.119104796 0 0
-0.859024 0.473697 3.172999 0.0639997408 0.987895999 0.141299428 0 0
-0.865106 0.473574 3.176527 0.0444014511 0.992232427 0.116203798 0 0
-0.859273 0.473771 3.172608 0.0508027787 0.991154213 0.122606706 0 0
-0.852597 0.473879 3.168723 0.07120091 0.987012614 0.14400184 0 0
-0.852251 0.473779 3.169266 0.0574993776 0.990789275 0.122598673 0 0
-0.846025 0.474019 3.164355 0.0811013613 0.986116552 0.144902432 0 0
-0.845657 0.473908 3.164933 0.0664004299 0.990306412 0.12200079 0 0
-0.852864 0.473962 3.168306 0.0596012084 0.990020073 0.127702589 0 0
-0.846309 0.474111 3.163911 0.0708997738 0.988896845 0.130599583 0 0
-0.851851 0.473693 3.169893 0.0291991448 0.996470814 0.078697695 0 0
-0.858326 0.473528 3.174093 0.0239992776 0.996570004 0.0791976162 0 0
-0.851425 0.473654 3.170561 -0.0151005879 0.999838924 0.00970037764 0 0
-0.857927 0.473493 3.174717 -0.0190008788 0.999746239 0.0121005597 0 0
-0.845231 0.473814 3.1656 0.0369993671 0.996382957 0.0764986915 0 0
-0.844777 0.473771 3.166311 -0.008500419 0.999949289 0.00540026619 0 0
-0.864219 0.473355 3.177916 0.0212000931 0.996704376 0.0783003437 0 0
-0.863846 0.473323 3.178501 -0.0206999708 0.99969859 0.0131999814 0 0
-0.833571 0.473953 3.157005 0.0828985518 0.989282717 0.1201979 0 0
-0.839739 0.474079 3.160184 0.0911025851 0.985227956 0.145004115 0 0
-0.83935 0.473959 3.160794 0.0756989716 0.989786554 0.120798359 0 0
-0.833978 0.474082 3.156367 0.0989992768 0.984392809 0.145498937 0 0
-0.840038 0.47418 3.159715 0.0821974548 0.987769414 0.132495897 0 0
-0.834291 0.474192 3.155876 0.0911015328 0.986716602 0.134502263 0 0
-0.828984 0.474053 3.153061 0.104599449 0.983694816 0.146299229 0 0
-0.828561 0.473916 3.153723 0.0879054565 0.988861381 0.120107455 0 0
-0.829308 0.474169 3.152551 0.0975055785 0.985856402 0.136307798 0 0
-0.828074 0.473801 3.154487 0.0562996253 0.995893372 0.0708995282 0 0
-0.833101 0.473844 3.157742 0.0519031345 0.996060154 0.0719043424 0 0
-0.827554 0.473749 3.155301 0.0077004493 0.999958344 -0.00490028592 0 0
-0.8326 0.473795 3.158527 0.00409995168 0.999988215 -0.00259996936 0 0
-0.838901 0.473857 3.161498 0.0454021047 0.996246182 0.0737034166 0 0
-0.838421 0.47381 3.162249 -0.00129999849 0.999998835 0.000799999068 0 0
-0.857153 0.473606 3.175927 -0.088706592 0.991273664 -0.097507246 0 0
-0.863472 0.473355 3.179085 -0.0622001822 0.99670292 -0.0521001527 0 0
-0.863121 0.473426 3.179633 -0.0881036678 0.991741287 -0.0932038802 0 0
-0.857527 0.473528 3.175342 -0.0617982759 0.996572196 -0.0549984656 0 0
-0.850997 0.473693 3.171229 -0.0590986611 0.996477425 -0.0594986521 0 0
-0.850597 0.473779 3.171854 -0.0870989226 0.990787744 -0.103698717 0 0
-0.844322 0.473814 3.167022 -0.0538990659 0.996382733 -0.0656988614 0 0
-0.843896 0.473908 3.167688 -0.0829000518 0.990300619 -0.11150007 0 0
-0.850249 0.473879 3.172397 -0.100801026 0.987010043 -0.125101273 0 0
-0.856828 0.473697 3.176434 -0.101399436 0.987894502 -0.117399347 0 0
-0.849982 0.473962 3.172814 -0.0908025457 0.990027756 -0.107703019 0 0
-0.856578 0.473771 3.176824 -0.0899050807 0.991156012 -0.0976055158 0 0
-0.843526 0.474019 3.168266 -0.0975018126 0.986118332 -0.134402499 0 0
-0.843241 0.474111 3.16871 -0.0888002904 0.988903234 -0.119100389 0 0
-0.862817 0.473508 3.180108 -0.0998039932 0.98873956 -0.111504461 0 0
-0.862583 0.473574 3.180473 -0.0869021178 0.992224181 -0.0891021714 0 0
-0.831626 0.473953 3.160048 -0.0742986823 0.989282455 -0.125697771 0 0
-0.837941 0.473857 3.162999 -0.0479018756 0.996239009 -0.0722028272 0 0
-0.837491 0.473959 3.163702 -0.077799485 0.989793448 -0.11939921 0 0
-0.832097 0.473844 3.159312 -0.0435025332 0.996058002 -0.0773045016 0 0
-0.827033 0.473801 3.156116 -0.0406999605 0.995899034 -0.0807999216 0 0
-0.826544 0.473916 3.156879 -0.0721044746 0.988861366 -0.13020808 0 0
-0.82612 0.474053 3.15754 -0.0887994632 0.983694054 -0.156399055 0 0
-0.831218 0.474082 3.160685 -0.0904984339 0.984382965 -0.150997387 0 0
-0.825794 0.474169 3.158049 -0.0828047212 0.98585621 -0.145708308 0 0
-0.830904 0.474192 3.161175 -0.083802173 0.986725586 -0.139103607 0 0
-0.837101 0.474079 3.164311 -0.0934017018 0.985217951 -0.143602616 0 0
-0.836801 0.47418 3.16478 -0.085797318 0.987769123 -0.13019593 0 0
-0.834573 0.474237 3.155434 -0.209308366 0.926937051 -0.311412447 0 0
-0.829503 0.474223 3.152246 0.0408993068 0.997783088 0.0524991101 0 0
-0.829601 0.47422 3.152093 -0.196291887 0.933561417 -0.299887606 0 0
-0.834479 0.474241 3.155581 0.0321986129 0.998356992 0.0473979581 0 0
-0.840218 0.474225 3.159433 0.020400869 0.998942551 0.041201755 0 0
-0.840308 0.474218 3.159293 -0.226204613 0.918118725 -0.325406637 0 0
-0.846479 0.474151 3.163644 0.00530000506 0.999400954 0.0342000327 0 0
-0.846564 0.474141 3.163511 -0.246700545 0.907002005 -0.341300754 0 0
-0.840338 0.474164 3.159246 -0.517016687 0.388712546 -0.762624614 0 0
-0.834605 0.474183 3.155385 -0.511008304 0.402506541 -0.759512342 0 0
-0.840339 0.474067 3.159246 -0.558916251 0 -0.82922411 0 0
-0.834606 0.474086 3.155386 -0.558318121 -0.000200006491 -0.829626926 0 0
-0.846593 0.474086 3.163466 -0.523998564 0.372798979 -0.765797902 0 0
-0.846594 0.473989 3.163467 -0.559812831 0.000400009168 -0.828618992 0 0
-0.829634 0.474167 3.152042 -0.506222163 0.413818117 -0.756633126 0 0
-0.829635 0.47407 3.152043 -0.557903788 0 -0.829905635 0 0
-0.859497 0.473785 3.172257 -0.287296912 0.878590555 -0.381495899 0 0
-0.853024 0.473996 3.168055 -0.0103003283 0.999631859 0.0251008 0 0
-0.853104 0.473984 3.16793 -0.268017024 0.893656762 -0.359922861 0 0
-0.859422 0.4738 3.172374 -0.0239007436 0.999631099 0.0129004013 0 0
-0.865246 0.473598 3.176307 -0.0351993002 0.999380133 -0.000599988072 0 0
-0.865316 0.473581 3.176198 -0.303494121 0.86318328 -0.403492184 0 0
-0.86534 0.473523 3.176161 -0.539529392 0.317417292 -0.779842483 0 0
-0.859523 0.473728 3.172218 -0.535906361 0.335603984 -0.774709196 0 0
-0.86534 0.473426 3.176162 -0.56107579 0.000499978426 -0.827764283 0 0
-0.859523 0.473631 3.172218 -0.561007237 0.00060000774 -0.827810679 0 0
-0.853131 0.473928 3.167888 -0.530797099 0.354498063 -0.769795793 0 0
-0.853132 0.473831 3.167889 -0.560593741 0.000599993301 -0.828090754 0 0
-0.856353 0.473785 3.177176 0.225591617 0.878567353 0.420984357 0 0
-0.862442 0.473598 3.180693 -0.0140997007 0.999378783 0.0322993143 0 0
-0.862373 0.473581 3.180802 0.238612976 0.863246945 0.44482419 0 0
-0.856428 0.4738 3.177058 -0.0218006065 0.99962781 0.0164004563 0 0
-0.849822 0.473996 3.173064 -0.0271008671 0.999631984 -0.0012000384 0 0
-0.849742 0.473984 3.173189 0.214213379 0.893655815 0.394324628 0 0
-0.843071 0.474151 3.168976 -0.028799967 0.999398856 -0.0192999779 0 0
-0.842985 0.474141 3.16911 0.206012153 0.907153515 0.366921645 0 0
-0.849715 0.473928 3.173231 0.475794352 0.355095785 0.804690448 0 0
-0.856328 0.473728 3.177215 0.478020974 0.336014743 0.811535607 0 0
-0.849716 0.473831 3.173232 0.51630332 0.000700004501 0.856405507 0 0
-0.856329 0.473631 3.177215 0.515803825 0.000800005932 0.856706353 0 0
-0.842957 0.474086 3.169154 0.474916026 0.373312598 0.796926893 0 0
-0.842958 0.473989 3.169155 0.516993514 0.000299996237 0.855989262 0 0
-0.862349 0.473523 3.180839 0.4810281 0.317618554 0.817147735 0 0
-0.86235 0.473426 3.18084 0.515730524 0.000500029595 0.856750708 0 0
-0.830621 0.474237 3.161617 0.194709717 0.92694626 0.320716006 0 0
-0.83662 0.474225 3.165061 -0.0289011841 0.998940927 -0.0358014668 0 0
-0.836531 0.474218 3.165202 0.200099454 0.918297493 0.341599067 0 0
-0.830715 0.474241 3.16147 -0.0293988574 0.998361199 -0.0490980918 0 0
-0.825599 0.474223 3.158354 -0.0303994887 0.997783217 -0.0591990043 0 0
-0.825501 0.47422 3.158507 0.189807691 0.933437824 0.304412335 0 0
-0.825469 0.474167 3.158558 0.474226621 0.413523214 0.777243632 0 0
-0.83059 0.474183 3.161666 0.474727264 0.402423112 0.782744954 0 0
-0.82547 0.47407 3.158558 0.519032871 0.000500031668 0.854754133 0 0
-0.830591 0.474086 3.161667 0.518607507 -0.000300004343 0.855012376 0 0
-0.836501 0.474164 3.165249 0.474995115 0.388896 0.789391881 0 0
-0.836501 0.474067 3.165249 0.517918216 -0.000300010552 0.855430086 0 0
-0.834579 0.473314 3.155437 -0.365122481 -0.756246564 -0.542933429 0 0
-0.829639 0.473382 3.152045 -0.532791875 -0.302095393 -0.790487945 0 0
-0.829607 0.473297 3.152097 -0.363610323 -0.762521648 -0.535115192 0 0
-0.83461 0.473398 3.155388 -0.533216879 -0.295409351 -0.792725094 0 0
-0.829638 0.473485 3.152045 -0.557834896 0.000200012512 -0.829951919 0 0
-0.834609 0.473501 3.155388 -0.558318132 0 -0.829626943 0 0
-0.840343 0.473379 3.159249 -0.533791991 -0.287095692 -0.795388065 0 0
-0.840313 0.473295 3.159296 -0.36649051 -0.748480618 -0.552685688 0 0
-0.846598 0.473301 3.163469 -0.534305127 -0.277602664 -0.798407661 0 0
-0.84657 0.473218 3.163514 -0.367630687 -0.7391617 -0.564347108 0 0
-0.840342 0.473481 3.159248 -0.558916251 0 -0.82922411 0 0
-0.846597 0.473404 3.163469 -0.559812806 0.000500011438 -0.828618955 0 0
-0.840224 0.473212 3.159437 -0.200196992 -0.930086026 -0.307995372 0 0
-0.834485 0.473228 3.155585 -0.203398856 -0.931194762 -0.302498298 0 0
-0.846485 0.473138 3.163647 -0.196101458 -0.928406903 -0.315602347 0 0
-0.82951 0.473209 3.15225 -0.205510604 -0.93204809 -0.298415397 0 0
-0.859503 0.472861 3.17226 -0.375292567 -0.715385832 -0.589388327 0 0
-0.853135 0.473143 3.167891 -0.535093777 -0.267296891 -0.80139068 0 0
-0.853109 0.473061 3.167933 -0.370093964 -0.728088125 -0.576990589 0 0
-0.859527 0.472942 3.172221 -0.536414105 -0.255906729 -0.804221147 0 0
-0.853135 0.473245 3.167891 -0.560593615 0.000899989749 -0.828090568 0 0
-0.859527 0.473045 3.17222 -0.561007158 0.000800010208 -0.827810563 0 0
-0.865344 0.472738 3.176164 -0.537935771 -0.24481628 -0.80665364 0 0
-0.865321 0.472657 3.176201 -0.381908763 -0.702516119 -0.600513779 0 0
-0.865344 0.47284 3.176164 -0.561122125 0.000800031546 -0.827732638 0 0
-0.865252 0.472585 3.176311 -0.196512189 -0.920357087 -0.338120973 0 0
-0.859428 0.472786 3.172377 -0.19360247 -0.923411783 -0.331404229 0 0
-0.85303 0.472983 3.168059 -0.193198153 -0.926191146 -0.323796905 0 0
-0.834607 0.473796 3.155387 -0.558317953 0.000800025725 -0.829626677 0 0
-0.829635 0.473935 3.152043 -0.557834905 0.000100006258 -0.829951932 0 0
-0.829636 0.47378 3.152044 -0.557788432 0.000799983409 -0.829982786 0 0
-0.834606 0.473951 3.155386 -0.558318087 0.000400012959 -0.829626876 0 0
-0.840339 0.473931 3.159247 -0.558916206 0.000400011599 -0.829224044 0 0
-0.84034 0.473776 3.159247 -0.558916181 0.000500014476 -0.829224006 0 0
-0.846595 0.473854 3.163467 -0.559812806 0.000500011438 -0.828618955 0 0
-0.846595 0.473699 3.163468 -0.559812865 0.000200004596 -0.828619042 0 0
-0.840341 0.47362 3.159248 -0.558916226 0.000300008709 -0.829224073 0 0
-0.834608 0.47364 3.155387 -0.558318062 0.000500016176 -0.829626839 0 0
-0.846596 0.473542 3.163468 -0.559812851 0.000300006887 -0.828619021 0 0
-0.829637 0.473623 3.152044 -0.557903688 0.000600003966 -0.829905486 0 0
-0.859525 0.47334 3.172219 -0.560938801 0.000100006918 -0.827857265 0 0
-0.853132 0.473696 3.167889 -0.560525219 0.000400017997 -0.828137259 0 0
-0.853133 0.47354 3.16789 -0.560525261 0.000100004507 -0.828137321 0 0
-0.859524 0.473495 3.172219 -0.560938793 0.000200013832 -0.827857252 0 0
-0.865341 0.47329 3.176162 -0.561122305 0 -0.827732903 0 0
-0.865342 0.473135 3.176163 -0.561122305 0 -0.827732903 0 0
-0.865343 0.472979 3.176163 -0.561075835 0.00029998708 -0.827764349 0 0
-0.859526 0.473184 3.17222 -0.560938779 0.000300020741 -0.827857232 0 0
-0.853134 0.473384 3.16789 -0.560525219 0.000400017997 -0.828137259 0 0
-0.856358 0.472861 3.177179 0.377387907 -0.715277079 0.588181152 0 0
-0.862354 0.472738 3.180842 0.506123399 -0.245311341 0.826838226 0 0
-0.862378 0.472657 3.180806 0.384692102 -0.70238558 0.598887705 0 0
-0.856333 0.472942 3.177218 0.504713966 -0.256107087 0.824422812 0 0
-0.862353 0.47284 3.180842 0.515730586 0.000100005931 0.856750811 0 0
-0.856332 0.473045 3.177217 0.515921532 0.000400016695 0.856635753 0 0
-0.84972 0.473143 3.173234 0.502814801 -0.267307868 0.822024197 0 0
-0.849747 0.473061 3.173193 0.368402236 -0.727904418 0.57830351 0 0
-0.842962 0.473301 3.169157 0.500393512 -0.277596401 0.820089368 0 0
-0.842991 0.473218 3.169113 0.358002955 -0.739006101 0.570704711 0 0
-0.849719 0.473245 3.173234 0.516303405 0.000400002638 0.856405648 0 0
-0.842961 0.473404 3.169157 0.517111051 0.000200004274 0.855918291 0 0
-0.849827 0.472983 3.173068 0.212720189 -0.926187904 0.311329548 0 0
-0.856433 0.472786 3.177062 0.219498922 -0.923395466 0.314898454 0 0
-0.843076 0.473138 3.16898 0.204100651 -0.928402962 0.31050099 0 0
-0.862448 0.472585 3.180696 0.224499046 -0.920296089 0.320398638 0 0
-0.830626 0.473314 3.161621 0.339502086 -0.756104646 0.559503438 0 0
-0.836505 0.473379 3.165252 0.497811848 -0.287006831 0.818419479 0 0
-0.836536 0.473295 3.165205 0.347808088 -0.748417405 0.564713133 0 0
-0.830594 0.473398 3.161669 0.495531998 -0.29501905 0.816952752 0 0
-0.836505 0.473481 3.165251 0.517918228 0.000200007039 0.855430107 0 0
-0.830594 0.473501 3.161669 0.518607507 0.000300004343 0.855012376 0 0
-0.825474 0.473382 3.158561 0.493813815 -0.301508435 0.815622817 0 0
-0.825507 0.473297 3.15851 0.333009025 -0.762420662 0.554815036 0 0
-0.825473 0.473485 3.158561 0.519032809 0.000700044251 0.854754031 0 0
-0.825605 0.473209 3.158358 0.184607348 -0.932037096 0.31181241 0 0
-0.830721 0.473228 3.161474 0.189191773 -0.931159509 0.311686447 0 0
-0.836626 0.473212 3.165065 0.195611702 -0.930055638 0.311018606 0 0
-0.856331 0.47334 3.177216 0.515803948 0.000400003062 0.856706558 0 0
-0.862351 0.47329 3.18084 0.515730586 0.000100005931 0.856750811 0 0
-0.862352 0.473135 3.18084 0.515730548 0.000400023694 0.856750747 0 0
-0.85633 0.473495 3.177216 0.515877377 -9.99956148e-05 0.856662432 0 0
-0.849717 0.473696 3.173232 0.516303444 -0.000100000667 0.856405712 0 0
-0.849718 0.47354 3.173233 0.516303382 0.000500003275 0.856405609 0 0
-0.842959 0.473854 3.169155 0.517111059 0.000100002139 0.855918304 0 0
-0.842959 0.473699 3.169156 0.517111038 0.000300006404 0.85591827 0 0
-0.849718 0.473384 3.173234 0.51630332 0.000700004501 0.856405507 0 0
-0.856331 0.473184 3.177217 0.515877253 0.000699969136 0.856662226 0 0
-0.84296 0.473542 3.169156 0.517111038 0.000300006404 0.85591827 0 0
-0.862352 0.472979 3.180841 0.515730548 0.000400023694 0.856750747 0 0
-0.830592 0.473796 3.161668 0.518607489 0.000400005776 0.855012346 0 0
-0.836502 0.473931 3.16525 0.517991347 0.000499991648 0.855385711 0 0
-0.836503 0.473776 3.16525 0.517918197 0.000400014055 0.855430056 0 0
-0.830591 0.473951 3.161667 0.518607489 0.000400005776 0.855012346 0 0
-0.82547 0.473935 3.158559 0.519032926 0.000200012688 0.854754223 0 0
-0.825471 0.47378 3.158559 0.519105972 0.000300003452 0.854709834 0 0
-0.825472 0.473623 3.15856 0.518988479 0.00059998668 0.854781024 0 0
-0.830593 0.47364 3.161668 0.518534396 0.000300019901 0.855056718 0 0
-0.836504 0.47362 3.165251 0.517991401 0.00019999668 0.855385801 0 0
3 0 1 2
3 0 3 1
3 3 4 1
3 3 5 4
3 2 6 7
3 2 1 6
3 1 8 6
3 1 4 8
3 0 9 3
3 0 10 9
3 10 11 9
3 10 12 11
3 3 13 5
3 3 9 13
3 9 14 13
3 9 11 14
3 0 15 10
3 0 16 15
3 16 17 15
3 16 18 17
3 10 19 12
3 10 15 19
3 15 20 19
3 15 17 20
3 0 21 16
3 0 2 21
3 2 22 21
3 2 7 22
3 16 23 18
3 16 21 23
3 21 24 23
3 21 22 24
3 25 26 27
3 25 28 26
3 28 23 26
3 28 18 23
3 27 29 30
3 27 26 29
3 26 24 29
3 26 23 24
3 25 31 28
3 25 32 31
3 32 33 31
3 32 34 33
3 28 17 18
3 28 31 17
3 31 20 17
3 31 33 20
3 25 35 32
3 25 36 35
3 36 37 35
3 36 38 37
3 32 39 34
3 32 35 39
3 35 40 39
3 35 37 40
3 25 41 36
3 25 27 41
3 27 42 41
3 27 30 42
3 36 43 38
3 36 41 43
3 41 44 43
3 41 42 44
3 45 46 47
3 45 48 46
3 48 43 46
3 48 38 43
3 47 49 50
3 47 46 49
3 46 44 49
3 46 43 44
3 45 51 48
3 45 52 51
3 52 53 51
3 52 54 53
3 48 37 38
3 48 51 37
3 51 40 37
3 51 53 40
3 45 55 52
3 45 56 55
3 56 57 55
3 56 58 57
3 52 59 54
3 52 55 59
3 55 60 59
3 55 57 60
3 45 61 56
3 45 47 61
3 47 62 61
3 47 50 62
3 56 63 58
3 56 61 63
3 61 64 63
3 61 62 64
3 65 66 67
3 65 68 66
3 68 69 66
3 68 70 69
3 67 71 72
3 67 66 71
3 66 73 71
3 66 69 73
3 65 74 68
3 65 75 74
3 75 76 74
3 75 77 76
3 68 78 70
3 68 74 78
3 74 79 78
3 74 76 79
3 65 80 75
3 65 81 80
3 81 82 80
3 81 83 82
3 75 84 77
3 75 80 84
3 80 85 84
3 80 82 85
3 65 86 81
3 65 67 86
3 67 87 86
3 67 72 87
3 81 88 83
3 81 86 88
3 86 89 88
3 86 87 89
3 90 91 92
3 90 93 91
3 93 94 91
3 93 95 94
3 92 96 97
3 92 91 96
3 91 98 96
3 91 94 98
3 90 99 93
3 90 100 99
3 100 101 99
3 100 102 101
3 93 103 95
3 93 99 103
3 99 104 103
3 99 101 104
3 90 105 100
3 90 106 105
3 106 107 105
3 106 108 107
3 100 109 102
3 100 105 109
3 105 110 109
3 105 107 110
3 90 111 106
3 90 92 111
3 92 112 111
3 92 97 112
3 106 113 108
3 106 111 113
3 111 114 113
3 111 112 114
3 115 116 117
3 115 118 116
3 118 119 116
3 118 120 119
3 117 4 5
3 117 116 4
3 116 8 4
3 116 119 8
3 115 121 118
3 115 122 121
3 122 123 121
3 122 124 123
3 118 125 120
3 118 121 125
3 121 126 125
3 121 123 126
3 115 127 122
3 115 128 127
3 128 129 127
3 128 130 129
3 122 131 124
3 122 127 131
3 127 132 131
3 127 129 132
3 115 133 128
3 115 117 133
3 117 13 133
3 117 5 13
3 128 134 130
3 128 133 134
3 133 14 134
3 133 13 14
3 135 136 137
3 135 138 136
3 138 63 136
3 138 58 63
3 137 139 140
3 137 136 139
3 136 64 139
3 136 63 64
3 135 141 138
3 135 142 141
3 142 143 141
3 142 144 143
3 138 57 58
3 138 141 57
3 141 60 57
3 141 143 60
3 135 145 142
3 135 146 145
3 146 147 145
3 146 148 147
3 142 149 144
3 142 145 149
3 145 150 149
3 145 147 150
3 135 151 146
3 135 137 151
3 137 152 151
3 137 140 152
3 146 153 148
3 146 151 153
3 151 154 153
3 151 152 154
3 155 156 157
3 155 158 156
3 158 159 156
3 158 160 159
3 157 69 70
3 157 156 69
3 156 73 69
3 156 159 73
3 155 161 158
3 155 162 161
3 162 153 161
3 162 148 153
3 158 163 160
3 158 161 163
3 161 154 163
3 161 153 154
3 155 164 162
3 155 165 164
3 165 166 164
3 165 167 166
3 162 147 148
3 162 164 147
3 164 150 147
3 164 166 150
3 155 168 165
3 155 157 168
3 157 78 168
3 157 70 78
3 165 169 167
3 165 168 169
3 168 79 169
3 168 78 79
3 170 171 172
3 170 173 171
3 173 96 171
3 173 97 96
3 172 174 175
3 172 171 174
3 171 98 174
3 171 96 98
3 170 176 173
3 170 177 176
3 177 178 176
3 177 179 178
3 173 112 97
3 173 176 112
3 176 114 112
3 176 178 114
3 170 180 177
3 170 181 180
3 181 131 180
3 181 124 131
3 177 182 179
3 177 180 182
3 180 132 182
3 180 131 132
3 170 183 181
3 170 172 183
3 172 184 183
3 172 175 184
3 181 123 124
3 181 183 123
3 183 126 123
3 183 184 126
3 185 186 187
3 185 188 186
3 188 189 186
3 188 190 189
3 187 178 179
3 187 186 178
3 186 114 178
3 186 189 114
3 185 191 188
3 185 192 191
3 192 193 191
3 192 194 193
3 188 195 190
3 188 191 195
3 191 196 195
3 191 193 196
3 185 197 192
3 185 198 197
3 198 199 197
3 198 200 199
3 192 201 194
3 192 197 201
3 197 202 201
3 197 199 202
3 185 203 198
3 185 187 203
3 187 182 203
3 187 179 182
3 198 204 200
3 198 203 204
3 203 132 204
3 203 182 132
3 205 206 207
3 205 208 206
3 208 169 206
3 208 167 169
3 207 209 210
3 207 206 209
3 206 79 209
3 206 169 79
3 205 211 208
3 205 212 211
3 212 213 211
3 212 214 213
3 208 166 167
3 208 211 166
3 211 150 166
3 211 213 150
3 205 215 212
3 205 216 215
3 216 217 215
3 216 218 217
3 212 219 214
3 212 215 219
3 215 220 219
3 215 217 220
3 205 221 216
3 205 207 221
3 207 222 221
3 207 210 222
3 216 223 218
3 216 221 223
3 221 224 223
3 221 222 224
3 225 226 227
3 225 228 226
3 228 229 226
3 228 230 229
3 227 143 144
3 227 226 143
3 226 60 143
3 226 229 60
3 225 231 228
3 225 232 231
3 232 233 231
3 232 234 233
3 228 235 230
3 228 231 235
3 231 236 235
3 231 233 236
3 225 237 232
3 225 238 237
3 238 219 237
3 238 214 219
3 232 239 234
3 232 237 239
3 237 220 239
3 237 219 220
3 225 240 238
3 225 227 240
3 227 149 240
3 227 144 149
3 238 213 214
3 238 240 213
3 240 150 213
3 240 149 150
3 241 242 243
3 241 244 242
3 244 134 242
3 244 130 134
3 243 245 246
3 243 242 245
3 242 14 245
3 242 134 14
3 241 247 244
3 241 248 247
3 248 204 247
3 248 200 204
3 244 129 130
3 244 247 129
3 247 132 129
3 247 204 132
3 241 249 248
3 241 250 249
3 250 251 249
3 250 252 251
3 248 199 200
3 248 249 199
3 249 202 199
3 249 251 202
3 241 253 250
3 241 243 253
3 243 254 253
3 243 246 254
3 250 255 252
3 250 253 255
3 253 256 255
3 253 254 256
3 257 258 259
3 257 260 258
3 260 113 258
3 260 108 113
3 259 189 190
3 259 258 189
3 258 114 189
3 258 113 114
3 257 261 260
3 257 262 261
3 262 263 261
3 262 264 263
3 260 107 108
3 260 261 107
3 261 110 107
3 261 263 110
3 257 265 262
3 257 266 265
3 266 267 265
3 266 268 267
3 262 269 264
3 262 265 269
3 265 270 269
3 265 267 270
3 257 271 266
3 257 259 271
3 259 195 271
3 259 190 195
3 266 272 268
3 266 271 272
3 271 196 272
3 271 195 196
3 273 274 275
3 273 276 274
3 276 209 274
3 276 210 209
3 275 76 77
3 275 274 76
3 274 79 76
3 274 209 79
3 273 277 276
3 273 278 277
3 278 279 277
3 278 280 279
3 276 222 210
3 276 277 222
3 277 224 222
3 277 279 224
3 273 281 278
3 273 282 281
3 282 283 281
3 282 284 283
3 278 285 280
3 278 281 285
3 281 286 285
3 281 283 286
3 273 287 282
3 273 275 287
3 275 84 287
3 275 77 84
3 282 288 284
3 282 287 288
3 287 85 288
3 287 84 85
3 289 290 291
3 289 292 290
3 292 293 290
3 292 294 293
3 291 53 54
3 291 290 53
3 290 40 53
3 290 293 40
3 289 295 292
3 289 296 295
3 296 297 295
3 296 298 297
3 292 299 294
3 292 295 299
3 295 300 299
3 295 297 300
3 289 301 296
3 289 302 301
3 302 235 301
3 302 230 235
3 296 303 298
3 296 301 303
3 301 236 303
3 301 235 236
3 289 304 302
3 289 291 304
3 291 59 304
3 291 54 59
3 302 229 230
3 302 304 229
3 304 60 229
3 304 59 60
3 305 306 307
3 305 308 306
3 308 309 306
3 308 310 309
3 307 33 34
3 307 306 33
3 306 20 33
3 306 309 20
3 305 311 308
3 305 312 311
3 312 313 311
3 312 314 313
3 308 315 310
3 308 311 315
3 311 316 315
3 311 313 316
3 305 317 312
3 305 318 317
3 318 299 317
3 318 294 299
3 312 319 314
3 312 317 319
3 317 300 319
3 317 299 300
3 305 320 318
3 305 307 320
3 307 39 320
3 307 34 39
3 318 293 294
3 318 320 293
3 320 40 293
3 320 39 40
3 321 322 323
3 321 324 322
3 324 245 322
3 324 246 245
3 323 11 12
3 323 322 11
3 322 14 11
3 322 245 14
3 321 325 324
3 321 326 325
3 326 327 325
3 326 328 327
3 324 254 246
3 324 325 254
3 325 256 254
3 325 327 256
3 321 329 326
3 321 330 329
3 330 315 329
3 330 310 315
3 326 331 328
3 326 329 331
3 329 316 331
3 329 315 316
3 321 332 330
3 321 323 332
3 323 19 332
3 323 12 19
3 330 309 310
3 330 332 309
3 332 20 309
3 332 19 20
3 333 334 335
3 333 336 334
3 336 337 334
3 336 338 337
3 335 327 328
3 335 334 327
3 334 256 327
3 334 337 256
3 333 339 336
3 333 340 339
3 340 341 339
3 340 342 341
3 336 343 338
3 336 339 343
3 339 344 343
3 339 341 344
3 333 345 340
3 333 346 345
3 346 347 345
3 346 348 347
3 340 349 342
3 340 345 349
3 345 350 349
3 345 347 350
3 333 351 346
3 333 335 351
3 335 331 351
3 335 328 331
3 346 352 348
3 346 351 352
3 351 316 352
3 351 331 316
3 353 354 355
3 353 356 354
3 356 352 354
3 356 348 352
3 355 313 314
3 355 354 313
3 354 316 313
3 354 352 316
3 353 357 356
3 353 358 357
3 358 359 357
3 358 360 359
3 356 347 348
3 356 357 347
3 357 350 347
3 357 359 350
3 353 361 358
3 353 362 361
3 362 363 361
3 362 364 363
3 358 365 360
3 358 361 365
3 361 366 365
3 361 363 366
3 353 367 362
3 353 355 367
3 355 319 367
3 355 314 319
3 362 368 364
3 362 367 368
3 367 300 368
3 367 319 300
3 369 370 371
3 369 372 370
3 372 368 370
3 372 364 368
3 371 297 298
3 371 370 297
3 370 300 297
3 370 368 300
3 369 373 372
3 369 374 373
3 374 375 373
3 374 376 375
3 372 363 364
3 372 373 363
3 373 366 363
3 373 375 366
3 369 377 374
3 369 378 377
3 378 379 377
3 378 380 379
3 374 381 376
3 374 377 381
3 377 382 381
3 377 379 382
3 369 383 378
3 369 371 383
3 371 303 383
3 371 298 303
3 378 384 380
3 378 383 384
3 383 236 384
3 383 303 236
3 385 386 387
3 385 388 386
3 388 389 386
3 388 390 389
3 387 279 280
3 387 386 279
3 386 224 279
3 386 389 224
3 385 391 388
3 385 392 391
3 392 393 391
3 392 394 393
3 388 395 390
3 388 391 395
3 391 396 395
3 391 393 396
3 385 397 392
3 385 398 397
3 398 399 397
3 398 400 399
3 392 401 394
3 392 397 401
3 397 402 401
3 397 399 402
3 385 403 398
3 385 387 403
3 387 285 403
3 387 280 285
3 398 404 400
3 398 403 404
3 403 286 404
3 403 285 286
3 405 406 407
3 405 408 406
3 408 272 406
3 408 268 272
3 407 409 410
3 407 406 409
3 406 196 409
3 406 272 196
3 405 411 408
3 405 412 411
3 412 413 411
3 412 414 413
3 408 267 268
3 408 411 267
3 411 270 267
3 411 413 270
3 405 415 412
3 405 416 415
3 416 417 415
3 416 418 417
3 412 419 414
3 412 415 419
3 415 420 419
3 415 417 420
3 405 421 416
3 405 407 421
3 407 422 421
3 407 410 422
3 416 423 418
3 416 421 423
3 421 424 423
3 421 422 424
3 425 426 427
3 425 428 426
3 428 255 426
3 428 252 255
3 427 337 338
3 427 426 337
3 426 256 337
3 426 255 256
3 425 429 428
3 425 430 429
3 430 431 429
3 430 432 431
3 428 251 252
3 428 429 251
3 429 202 251
3 429 431 202
3 425 433 430
3 425 434 433
3 434 435 433
3 434 436 435
3 430 437 432
3 430 433 437
3 433 438 437
3 433 435 438
3 425 439 434
3 425 427 439
3 427 343 439
3 427 338 343
3 434 440 436
3 434 439 440
3 439 344 440
3 439 343 344
3 441 442 443
3 441 444 442
3 444 384 442
3 444 380 384
3 443 233 234
3 443 442 233
3 442 236 233
3 442 384 236
3 441 445 444
3 441 446 445
3 446 447 445
3 446 448 447
3 444 379 380
3 444 445 379
3 445 382 379
3 445 447 382
3 441 449 446
3 441 450 449
3 450 451 449
3 450 452 451
3 446 453 448
3 446 449 453
3 449 454 453
3 449 451 454
3 441 455 450
3 441 443 455
3 443 239 455
3 443 234 239
3 450 456 452
3 450 455 456
3 455 220 456
3 455 239 220
3 457 458 459
3 457 460 458
3 460 223 458
3 460 218 223
3 459 389 390
3 459 458 389
3 458 224 389
3 458 223 224
3 457 461 460
3 457 462 461
3 462 456 461
3 462 452 456
3 460 217 218
3 460 461 217
3 461 220 217
3 461 456 220
3 457 463 462
3 457 464 463
3 464 465 463
3 464 466 465
3 462 451 452
3 462 463 451
3 463 454 451
3 463 465 454
3 457 467 464
3 457 459 467
3 459 395 467
3 459 390 395
3 464 468 466
3 464 467 468
3 467 396 468
3 467 395 396
3 469 470 471
3 469 472 470
3 472 409 470
3 472 410 409
3 471 193 194
3 471 470 193
3 470 196 193
3 470 409 196
3 469 473 472
3 469 474 473
3 474 475 473
3 474 476 475
3 472 422 410
3 472 473 422
3 473 424 422
3 473 475 424
3 469 477 474
3 469 478 477
3 478 437 477
3 478 432 437
3 474 479 476
3 474 477 479
3 477 438 479
3 477 437 438
3 469 480 478
3 469 471 480
3 471 201 480
3 471 194 201
3 478 431 432
3 478 480 431
3 480 202 431
3 480 201 202
3 481 482 483
3 481 484 482
3 484 485 482
3 484 486 485
3 483 475 476
3 483 482 475
3 482 424 475
3 482 485 424
3 481 487 484
3 481 488 487
3 488 489 487
3 488 490 489
3 484 491 486
3 484 487 491
3 487 492 491
3 487 489 492
3 481 493 488
3 481 483 493
3 483 479 493
3 483 476 479
3 488 494 490
3 488 493 494
3 493 438 494
3 493 479 438
3 495 496 497
3 495 498 496
3 498 468 496
3 498 466 468
3 497 499 500
3 497 496 499
3 496 396 499
3 496 468 396
3 495 501 498
3 495 502 501
3 502 503 501
3 502 504 503
3 498 465 466
3 498 501 465
3 501 454 465
3 501 503 454
3 495 505 502
3 495 497 505
3 497 506 505
3 497 500 506
3 502 507 504
3 502 505 507
3 505 492 507
3 505 506 492
3 508 509 510
3 508 511 509
3 511 512 509
3 511 513 512
3 510 447 448
3 510 509 447
3 509 382 447
3 509 512 382
3 508 514 511
3 508 515 514
3 515 507 514
3 515 504 507
3 511 516 513
3 511 514 516
3 514 492 516
3 514 507 492
3 508 517 515
3 508 510 517
3 510 453 517
3 510 448 453
3 515 503 504
3 515 517 503
3 517 454 503
3 517 453 454
3 518 519 520
3 518 521 519
3 521 440 519
3 521 436 440
3 520 522 523
3 520 519 522
3 519 344 522
3 519 440 344
3 518 524 521
3 518 525 524
3 525 494 524
3 525 490 494
3 521 435 436
3 521 524 435
3 524 438 435
3 524 494 438
3 518 526 525
3 518 520 526
3 520 527 526
3 520 523 527
3 525 489 490
3 525 526 489
3 526 492 489
3 526 527 492
3 528 529 530
3 528 531 529
3 531 423 529
3 531 418 423
3 530 485 486
3 530 529 485
3 529 424 485
3 529 423 424
3 528 532 531
3 528 533 532
3 533 534 532
3 533 535 534
3 531 417 418
3 531 532 417
3 532 420 417
3 532 534 420
3 528 536 533
3 528 530 536
3 530 491 536
3 530 486 491
3 533 537 535
3 533 536 537
3 536 492 537
3 536 491 492
3 538 539 540
3 538 541 539
3 541 499 539
3 541 500 499
3 540 393 394
3 540 539 393
3 539 396 393
3 539 499 396
3 538 542 541
3 538 543 542
3 543 544 542
3 543 545 544
3 541 506 500
3 541 542 506
3 542 492 506
3 542 544 492
3 538 546 543
3 538 540 546
3 540 401 546
3 540 394 401
3 543 547 545
3 543 546 547
3 546 402 547
3 546 401 402
3 548 549 550
3 548 551 549
3 551 552 549
3 551 553 552
3 550 375 376
3 550 549 375
3 549 366 375
3 549 552 366
3 548 554 551
3 548 555 554
3 555 516 554
3 555 513 516
3 551 556 553
3 551 554 556
3 554 492 556
3 554 516 492
3 548 557 555
3 548 550 557
3 550 381 557
3 550 376 381
3 555 512 513
3 555 557 512
3 557 382 512
3 557 381 382
3 558 559 560
3 558 561 559
3 561 562 559
3 561 563 562
3 560 359 360
3 560 559 359
3 559 350 359
3 559 562 350
3 558 564 561
3 558 565 564
3 565 556 564
3 565 553 556
3 561 566 563
3 561 564 566
3 564 492 566
3 564 556 492
3 558 567 565
3 558 560 567
3 560 365 567
3 560 360 365
3 565 552 553
3 565 567 552
3 567 366 552
3 567 365 366
3 568 569 570
3 568 571 569
3 571 522 569
3 571 523 522
3 570 341 342
3 570 569 341
3 569 344 341
3 569 522 344
3 568 572 571
3 568 573 572
3 573 566 572
3 573 563 566
3 571 527 523
3 571 572 527
3 572 492 527
3 572 566 492
3 568 574 573
3 568 570 574
3 570 349 574
3 570 342 349
3 573 562 563
3 573 574 562
3 574 350 562
3 574 349 350
3 575 576 577
3 575 578 576
3 578 88 576
3 578 83 88
3 577 579 580
3 577 576 579
3 576 89 579
3 576 88 89
3 575 581 578
3 575 582 581
3 582 583 581
3 582 584 583
3 578 82 83
3 578 581 82
3 581 85 82
3 581 583 85
3 575 585 582
3 575 586 585
3 586 587 585
3 586 588 587
3 582 589 584
3 582 585 589
3 585 590 589
3 585 587 590
3 575 591 586
3 575 577 591
3 577 592 591
3 577 580 592
3 586 593 588
3 586 591 593
3 591 594 593
3 591 592 594
3 595 596 597
3 595 598 596
3 598 593 596
3 598 588 593
3 597 599 600
3 597 596 599
3 596 594 599
3 596 593 594
3 595 601 598
3 595 602 601
3 602 603 601
3 602 604 603
3 598 587 588
3 598 601 587
3 601 590 587
3 601 603 590
3 595 605 602
3 595 606 605
3 606 109 605
3 606 102 109
3 602 607 604
3 602 605 607
3 605 110 607
3 605 109 110
3 595 608 606
3 595 597 608
3 597 609 608
3 597 600 609
3 606 101 102
3 606 608 101
3 608 104 101
3 608 609 104
3 610 611 612
3 610 613 611
3 613 288 611
3 613 284 288
3 612 583 584
3 612 611 583
3 611 85 583
3 611 288 85
3 610 614 613
3 610 615 614
3 615 616 614
3 615 617 616
3 613 283 284
3 613 614 283
3 614 286 283
3 614 616 286
3 610 618 615
3 610 619 618
3 619 620 618
3 619 621 620
3 615 622 617
3 615 618 622
3 618 623 622
3 618 620 623
3 610 624 619
3 610 612 624
3 612 589 624
3 612 584 589
3 619 625 621
3 619 624 625
3 624 590 625
3 624 589 590
3 626 627 628
3 626 629 627
3 629 625 627
3 629 621 625
3 628 603 604
3 628 627 603
3 627 590 603
3 627 625 590
3 626 630 629
3 626 631 630
3 631 632 630
3 631 633 632
3 629 620 621
3 629 630 620
3 630 623 620
3 630 632 623
3 626 634 631
3 626 635 634
3 635 269 634
3 635 264 269
3 631 636 633
3 631 634 636
3 634 270 636
3 634 269 270
3 626 637 635
3 626 628 637
3 628 607 637
3 628 604 607
3 635 263 264
3 635 637 263
3 637 110 263
3 637 607 110
3 638 639 640
3 638 641 639
3 641 404 639
3 641 400 404
3 640 616 617
3 640 639 616
3 639 286 616
3 639 404 286
3 638 642 641
3 638 643 642
3 643 644 642
3 643 645 644
3 641 399 400
3 641 642 399
3 642 402 399
3 642 644 402
3 638 646 643
3 638 647 646
3 647 648 646
3 647 649 648
3 643 650 645
3 643 646 650
3 646 651 650
3 646 648 651
3 638 652 647
3 638 640 652
3 640 622 652
3 640 617 622
3 647 653 649
3 647 652 653
3 652 623 653
3 652 622 623
3 654 655 656
3 654 657 655
3 657 653 655
3 657 649 653
3 656 632 633
3 656 655 632
3 655 623 632
3 655 653 623
3 654 658 657
3 654 659 658
3 659 660 658
3 659 661 660
3 657 648 649
3 657 658 648
3 658 651 648
3 658 660 651
3 654 662 659
3 654 663 662
3 663 419 662
3 663 414 419
3 659 664 661
3 659 662 664
3 662 420 664
3 662 419 420
3 654 665 663
3 654 656 665
3 656 636 665
3 656 633 636
3 663 413 414
3 663 665 413
3 665 270 413
3 665 636 270
3 666 667 668
3 666 669 667
3 669 547 667
3 669 545 547
3 668 644 645
3 668 667 644
3 667 402 644
3 667 547 402
3 666 670 669
3 666 671 670
3 671 672 670
3 671 673 672
3 669 544 545
3 669 670 544
3 670 492 544
3 670 672 492
3 666 674 671
3 666 668 674
3 668 650 674
3 668 645 650
3 671 675 673
3 671 674 675
3 674 651 675
3 674 650 651
3 676 677 678
3 676 679 677
3 679 675 677
3 679 673 675
3 678 660 661
3 678 677 660
3 677 651 660
3 677 675 651
3 676 680 679
3 676 681 680
3 681 537 680
3 681 535 537
3 679 672 673
3 679 680 672
3 680 492 672
3 680 537 492
3 676 682 681
3 676 678 682
3 678 664 682
3 678 661 664
3 681 534 535
3 681 682 534
3 682 420 534
3 682 664 420
3 683 684 685
3 683 686 684
3 686 687 684
3 686 688 687
3 685 689 690
3 685 684 689
3 684 691 689
3 684 687 691
3 683 692 686
3 683 693 692
3 693 694 692
3 693 695 694
3 686 696 688
3 686 692 696
3 692 697 696
3 692 694 697
3 683 698 693
3 683 699 698
3 699 700 698
3 699 701 700
3 693 702 695
3 693 698 702
3 698 703 702
3 698 700 703
3 683 704 699
3 683 685 704
3 685 705 704
3 685 690 705
3 699 706 701
3 699 704 706
3 704 707 706
3 704 705 707
3 708 709 710
3 708 711 709
3 711 706 709
3 711 701 706
3 710 712 713
3 710 709 712
3 709 707 712
3 709 706 707
3 708 714 711
3 708 715 714
3 715 716 714
3 715 717 716
3 711 700 701
3 711 714 700
3 714 703 700
3 714 716 703
3 708 718 715
3 708 719 718
3 719 720 718
3 719 721 720
3 715 722 717
3 715 718 722
3 718 723 722
3 718 720 723
3 708 724 719
3 708 710 724
3 710 725 724
3 710 713 725
3 719 726 721
3 719 724 726
3 724 727 726
3 724 725 727
3 728 729 730
3 728 731 729
3 731 732 729
3 731 733 732
3 730 734 735
3 730 729 734
3 729 736 734
3 729 732 736
3 728 737 731
3 728 738 737
3 738 739 737
3 738 740 739
3 731 741 733
3 731 737 741
3 737 742 741
3 737 739 742
3 728 743 738
3 728 744 743
3 744 745 743
3 744 746 745
3 738 747 740
3 738 743 747
3 743 748 747
3 743 745 748
3 728 749 744
3 728 730 749
3 730 750 749
3 730 735 750
3 744 751 746
3 744 749 751
3 749 752 751
3 749 750 752
3 753 754 755
3 753 756 754
3 756 751 754
3 756 746 751
3 755 757 758
3 755 754 757
3 754 752 757
3 754 751 752
3 753 759 756
3 753 760 759
3 760 761 759
3 760 762 761
3 756 745 746
3 756 759 745
3 759 748 745
3 759 761 748
3 753 763 760
3 753 764 763
3 764 765 763
3 764 766 765
3 760 767 762
3 760 763 767
3 763 768 767
3 763 765 768
3 753 769 764
3 753 755 769
3 755 770 769
3 755 758 770
3 764 771 766
3 764 769 771
3 769 772 771
3 769 770 772
3 773 774 775
3 773 776 774
3 776 777 774
3 776 778 777
3 775 609 600
3 775 774 609
3 774 104 609
3 774 777 104
3 773 779 776
3 773 780 779
3 780 734 779
3 780 735 734
3 776 781 778
3 776 779 781
3 779 736 781
3 779 734 736
3 773 782 780
3 773 783 782
3 783 784 782
3 783 785 784
3 780 750 735
3 780 782 750
3 782 752 750
3 782 784 752
3 773 786 783
3 773 775 786
3 775 599 786
3 775 600 599
3 783 787 785
3 783 786 787
3 786 594 787
3 786 599 594
3 788 789 790
3 788 791 789
3 791 787 789
3 791 785 787
3 790 592 580
3 790 789 592
3 789 594 592
3 789 787 594
3 788 792 791
3 788 793 792
3 793 757 792
3 793 758 757
3 791 784 785
3 791 792 784
3 792 752 784
3 792 757 752
3 788 794 793
3 788 795 794
3 795 796 794
3 795 797 796
3 793 770 758
3 793 794 770
3 794 772 770
3 794 796 772
3 788 798 795
3 788 790 798
3 790 579 798
3 790 580 579
3 795 799 797
3 795 798 799
3 798 89 799
3 798 579 89
3 800 801 802
3 800 803 801
3 803 804 801
3 803 805 804
3 802 739 740
3 802 801 739
3 801 742 739
3 801 804 742
3 800 806 803
3 800 807 806
3 807 808 806
3 807 809 808
3 803 810 805
3 803 806 810
3 806 811 810
3 806 808 811
3 800 812 807
3 800 813 812
3 813 814 812
3 813 815 814
3 807 816 809
3 807 812 816
3 812 817 816
3 812 814 817
3 800 818 813
3 800 802 818
3 802 747 818
3 802 740 747
3 813 819 815
3 813 818 819
3 818 748 819
3 818 747 748
3 820 821 822
3 820 823 821
3 823 819 821
3 823 815 819
3 822 761 762
3 822 821 761
3 821 748 761
3 821 819 748
3 820 824 823
3 820 825 824
3 825 826 824
3 825 827 826
3 823 814 815
3 823 824 814
3 824 817 814
3 824 826 817
3 820 828 825
3 820 829 828
3 829 830 828
3 829 831 830
3 825 832 827
3 825 828 832
3 828 833 832
3 828 830 833
3 820 834 829
3 820 822 834
3 822 767 834
3 822 762 767
3 829 835 831
3 829 834 835
3 834 768 835
3 834 767 768
3 836 837 838
3 836 839 837
3 839 840 837
3 839 841 840
3 838 842 843
3 838 837 842
3 837 844 842
3 837 840 844
3 836 845 839
3 836 846 845
3 846 847 845
3 846 848 847
3 839 849 841
3 839 845 849
3 845 850 849
3 845 847 850
3 836 851 846
3 836 852 851
3 852 853 851
3 852 854 853
3 846 855 848
3 846 851 855
3 851 856 855
3 851 853 856
3 836 857 852
3 836 838 857
3 838 858 857
3 838 843 858
3 852 859 854
3 852 857 859
3 857 860 859
3 857 858 860
3 861 862 863
3 861 864 862
3 864 865 862
3 864 866 865
3 863 867 868
3 863 862 867
3 862 869 867
3 862 865 869
3 861 870 864
3 861 871 870
3 871 842 870
3 871 843 842
3 864 872 866
3 864 870 872
3 870 844 872
3 870 842 844
3 861 873 871
3 861 874 873
3 874 875 873
3 874 876 875
3 871 858 843
3 871 873 858
3 873 860 858
3 873 875 860
3 861 877 874
3 861 863 877
3 863 878 877
3 863 868 878
3 874 879 876
3 874 877 879
3 877 880 879
3 877 878 880
3 881 882 883
3 881 884 882
3 884 885 882
3 884 886 885
3 883 887 888
3 883 882 887
3 882 889 887
3 882 885 889
3 881 890 884
3 881 891 890
3 891 867 890
3 891 868 867
3 884 892 886
3 884 890 892
3 890 869 892
3 890 867 869
3 881 893 891
3 881 894 893
3 894 895 893
3 894 896 895
3 891 878 868
3 891 893 878
3 893 880 878
3 893 895 880
3 881 897 894
3 881 883 897
3 883 898 897
3 883 888 898
3 894 899 896
3 894 897 899
3 897 900 899
3 897 898 900
3 901 902 903
3 901 904 902
3 904 905 902
3 904 906 905
3 903 907 908
3 903 902 907
3 902 909 907
3 902 905 909
3 901 910 904
3 901 911 910
3 911 912 910
3 911 913 912
3 904 914 906
3 904 910 914
3 910 915 914
3 910 912 915
3 901 916 911
3 901 917 916
3 917 918 916
3 917 919 918
3 911 920 913
3 911 916 920
3 916 921 920
3 916 918 921
3 901 922 917
3 901 903 922
3 903 923 922
3 903 908 923
3 917 924 919
3 917 922 924
3 922 925 924
3 922 923 925
3 926 927 928
3 926 929 927
3 929 930 927
3 929 931 930
3 928 932 933
3 928 927 932
3 927 934 932
3 927 930 934
3 926 935 929
3 926 936 935
3 936 937 935
3 936 938 937
3 929 939 931
3 929 935 939
3 935 940 939
3 935 937 940
3 926 941 936
3 926 942 941
3 942 943 941
3 942 944 943
3 936 945 938
3 936 941 945
3 941 946 945
3 941 943 946
3 926 947 942
3 926 928 947
3 928 948 947
3 928 933 948
3 942 949 944
3 942 947 949
3 947 950 949
3 947 948 950
3 951 952 953
3 951 954 952
3 954 955 952
3 954 956 955
3 953 957 958
3 953 952 957
3 952 959 957
3 952 955 959
3 951 960 954
3 951 961 960
3 961 962 960
3 961 963 962
3 954 964 956
3 954 960 964
3 960 965 964
3 960 962 965
3 951 966 961
3 951 967 966
3 967 855 966
3 967 848 855
3 961 968 963
3 961 966 968
3 966 856 968
3 966 855 856
3 951 969 967
3 951 953 969
3 953 970 969
3 953 958 970
3 967 847 848
3 967 969 847
3 969 850 847
3 969 970 850
3 971 972 973
3 971 974 972
3 974 975 972
3 974 976 975
3 973 977 978
3 973 972 977
3 972 979 977
3 972 975 979
3 971 980 974
3 971 981 980
3 981 887 980
3 981 888 887
3 974 982 976
3 974 980 982
3 980 889 982
3 980 887 889
3 971 983 981
3 971 984 983
3 984 985 983
3 984 986 985
3 981 898 888
3 981 983 898
3 983 900 898
3 983 985 900
3 971 987 984
3 971 973 987
3 973 988 987
3 973 978 988
3 984 989 986
3 984 987 989
3 987 990 989
3 987 988 990
3 991 992 993
3 991 994 992
3 994 977 992
3 994 978 977
3 993 995 996
3 993 992 995
3 992 979 995
3 992 977 979
3 991 997 994
3 991 998 997
3 998 999 997
3 998 1000 999
3 994 988 978
3 994 997 988
3 997 990 988
3 997 999 990
3 991 1001 998
3 991 1002 1001
3 1002 920 1001
3 1002 913 920
3 998 1003 1000
3 998 1001 1003
3 1001 921 1003
3 1001 920 921
3 991 1004 1002
3 991 993 1004
3 993 1005 1004
3 993 996 1005
3 1002 912 913
3 1002 1004 912
3 1004 915 912
3 1004 1005 915
3 1006 1007 1008
3 1006 1009 1007
3 1009 1010 1007
3 1009 1011 1010
3 1008 955 956
3 1008 1007 955
3 1007 959 955
3 1007 1010 959
3 1006 1012 1009
3 1006 1013 1012
3 1013 949 1012
3 1013 944 949
3 1009 1014 1011
3 1009 1012 1014
3 1012 950 1014
3 1012 949 950
3 1006 1015 1013
3 1006 1016 1015
3 1016 1017 1015
3 1016 1018 1017
3 1013 943 944
3 1013 1015 943
3 1015 946 943
3 1015 1017 946
3 1006 1019 1016
3 1006 1008 1019
3 1008 964 1019
3 1008 956 964
3 1016 1020 1018
3 1016 1019 1020
3 1019 965 1020
3 1019 964 965
3 1021 1022 1023
3 1021 1024 1022
3 1024 1025 1022
3 1024 1026 1025
3 1023 1027 1028
3 1023 1022 1027
3 1022 1029 1027
3 1022 1025 1029
3 1021 1030 1024
3 1021 1031 1030
3 1031 1032 1030
3 1031 1033 1032
3 1024 1034 1026
3 1024 1030 1034
3 1030 1035 1034
3 1030 1032 1035
3 1021 1036 1031
3 1021 1037 1036
3 1037 1014 1036
3 1037 1011 1014
3 1031 1038 1033
3 1031 1036 1038
3 1036 950 1038
3 1036 1014 950
3 1021 1039 1037
3 1021 1023 1039
3 1023 1040 1039
3 1023 1028 1040
3 1037 1010 1011
3 1037 1039 1010
3 1039 959 1010
3 1039 1040 959
3 1041 1042 1043
3 1041 1044 1042
3 1044 1045 1042
3 1044 1046 1045
3 1043 1047 1048
3 1043 1042 1047
3 1042 1049 1047
3 1042 1045 1049
3 1041 1050 1044
3 1041 1051 1050
3 1051 995 1050
3 1051 996 995
3 1044 1052 1046
3 1044 1050 1052
3 1050 979 1052
3 1050 995 979
3 1041 1053 1051
3 1041 1054 1053
3 1054 1055 1053
3 1054 1056 1055
3 1051 1005 996
3 1051 1053 1005
3 1053 915 1005
3 1053 1055 915
3 1041 1057 1054
3 1041 1043 1057
3 1043 1058 1057
3 1043 1048 1058
3 1054 1059 1056
3 1054 1057 1059
3 1057 1060 1059
3 1057 1058 1060
3 1061 1062 1063
3 1061 1064 1062
3 1064 1065 1062
3 1064 1066 1065
3 1063 1045 1046
3 1063 1062 1045
3 1062 1049 1045
3 1062 1065 1049
3 1061 1067 1064
3 1061 1068 1067
3 1068 1069 1067
3 1068 1070 1069
3 1064 1071 1066
3 1064 1067 1071
3 1067 1072 1071
3 1067 1069 1072
3 1061 1073 1068
3 1061 1074 1073
3 1074 982 1073
3 1074 976 982
3 1068 1075 1070
3 1068 1073 1075
3 1073 889 1075
3 1073 982 889
3 1061 1076 1074
3 1061 1063 1076
3 1063 1052 1076
3 1063 1046 1052
3 1074 975 976
3 1074 1076 975
3 1076 979 975
3 1076 1052 979
3 1077 1078 1079
3 1077 1080 1078
3 1080 1027 1078
3 1080 1028 1027
3 1079 1081 1082
3 1079 1078 1081
3 1078 1029 1081
3 1078 1027 1029
3 1077 1083 1080
3 1077 1084 1083
3 1084 957 1083
3 1084 958 957
3 1080 1040 1028
3 1080 1083 1040
3 1083 959 1040
3 1083 957 959
3 1077 1085 1084
3 1077 1086 1085
3 1086 1087 1085
3 1086 1088 1087
3 1084 970 958
3 1084 1085 970
3 1085 850 970
3 1085 1087 850
3 1077 1089 1086
3 1077 1079 1089
3 1079 1090 1089
3 1079 1082 1090
3 1086 1091 1088
3 1086 1089 1091
3 1089 1092 1091
3 1089 1090 1092
3 1093 1094 1095
3 1093 1096 1094
3 1096 1097 1094
3 1096 1098 1097
3 1095 1099 1100
3 1095 1094 1099
3 1094 1101 1099
3 1094 1097 1101
3 1093 1102 1096
3 1093 1103 1102
3 1103 932 1102
3 1103 933 932
3 1096 1104 1098
3 1096 1102 1104
3 1102 934 1104
3 1102 932 934
3 1093 1105 1103
3 1093 1106 1105
3 1106 1038 1105
3 1106 1033 1038
3 1103 948 933
3 1103 1105 948
3 1105 950 948
3 1105 1038 950
3 1093 1107 1106
3 1093 1095 1107
3 1095 1108 1107
3 1095 1100 1108
3 1106 1032 1033
3 1106 1107 1032
3 1107 1035 1032
3 1107 1108 1035
3 1109 1110 1111
3 1109 1112 1110
3 1112 1113 1110
3 1112 1114 1113
3 1111 1115 1116
3 1111 1110 1115
3 1110 1117 1115
3 1110 1113 1117
3 1109 1118 1112
3 1109 1119 1118
3 1119 1059 1118
3 1119 1056 1059
3 1112 1120 1114
3 1112 1118 1120
3 1118 1060 1120
3 1118 1059 1060
3 1109 1121 1119
3 1109 1122 1121
3 1122 914 1121
3 1122 906 914
3 1119 1055 1056
3 1119 1121 1055
3 1121 915 1055
3 1121 914 915
3 1109 1123 1122
3 1109 1111 1123
3 1111 1124 1123
3 1111 1116 1124
3 1122 905 906
3 1122 1123 905
3 1123 909 905
3 1123 1124 909
3 1125 1126 1127
3 1125 1128 1126
3 1128 1129 1126
3 1128 1130 1129
3 1127 1069 1070
3 1127 1126 1069
3 1126 1072 1069
3 1126 1129 1072
3 1125 1131 1128
3 1125 1132 1131
3 1132 1133 1131
3 1132 1134 1133
3 1128 1135 1130
3 1128 1131 1135
3 1131 1136 1135
3 1131 1133 1136
3 1125 1137 1132
3 1125 1138 1137
3 1138 892 1137
3 1138 886 892
3 1132 1139 1134
3 1132 1137 1139
3 1137 869 1139
3 1137 892 869
3 1125 1140 1138
3 1125 1127 1140
3 1127 1075 1140
3 1127 1070 1075
3 1138 885 886
3 1138 1140 885
3 1140 889 885
3 1140 1075 889
3 1141 1142 1143
3 1141 1144 1142
3 1144 1145 1142
3 1144 1146 1145
3 1143 1133 1134
3 1143 1142 1133
3 1142 1136 1133
3 1142 1145 1136
3 1141 1147 1144
3 1141 1148 1147
3 1148 1149 1147
3 1148 1150 1149
3 1144 1151 1146
3 1144 1147 1151
3 1147 1152 1151
3 1147 1149 1152
3 1141 1153 1148
3 1141 1154 1153
3 1154 872 1153
3 1154 866 872
3 1148 1155 1150
3 1148 1153 1155
3 1153 844 1155
3 1153 872 844
3 1141 1156 1154
3 1141 1143 1156
3 1143 1139 1156
3 1143 1134 1139
3 1154 865 866
3 1154 1156 865
3 1156 869 865
3 1156 1139 869
3 1157 1158 1159
3 1157 1160 1158
3 1160 1161 1158
3 1160 1162 1161
3 1159 1149 1150
3 1159 1158 1149
3 1158 1152 1149
3 1158 1161 1152
3 1157 1163 1160
3 1157 1164 1163
3 1164 1091 1163
3 1164 1088 1091
3 1160 1165 1162
3 1160 1163 1165
3 1163 1092 1165
3 1163 1091 1092
3 1157 1166 1164
3 1157 1167 1166
3 1167 849 1166
3 1167 841 849
3 1164 1087 1088
3 1164 1166 1087
3 1166 850 1087
3 1166 849 850
3 1157 1168 1167
3 1157 1159 1168
3 1159 1155 1168
3 1159 1150 1155
3 1167 840 841
3 1167 1168 840
3 1168 844 840
3 1168 1155 844
3 1169 1170 1171
3 1169 1172 1170
3 1172 1173 1170
3 1172 1174 1173
3 1171 1175 1176
3 1171 1170 1175
3 1170 1177 1175
3 1170 1173 1177
3 1169 1178 1172
3 1169 1179 1178
3 1179 1180 1178
3 1179 1181 1180
3 1172 1182 1174
3 1172 1178 1182
3 1178 1183 1182
3 1178 1180 1183
3 1169 1184 1179
3 1169 1185 1184
3 1185 1165 1184
3 1185 1162 1165
3 1179 1186 1181
3 1179 1184 1186
3 1184 1092 1186
3 1184 1165 1092
3 1169 1187 1185
3 1169 1171 1187
3 1171 1188 1187
3 1171 1176 1188
3 1185 1161 1162
3 1185 1187 1161
3 1187 1152 1161
3 1187 1188 1152
3 1189 1190 1191
3 1189 1192 1190
3 1192 1193 1190
3 1192 1194 1193
3 1191 1195 1196
3 1191 1190 1195
3 1190 1197 1195
3 1190 1193 1197
3 1189 1198 1192
3 1189 1199 1198
3 1199 1175 1198
3 1199 1176 1175
3 1192 1200 1194
3 1192 1198 1200
3 1198 1177 1200
3 1198 1175 1177
3 1189 1201 1199
3 1189 1202 1201
3 1202 1151 1201
3 1202 1146 1151
3 1199 1188 1176
3 1199 1201 1188
3 1201 1152 1188
3 1201 1151 1152
3 1189 1203 1202
3 1189 1191 1203
3 1191 1204 1203
3 1191 1196 1204
3 1202 1145 1146
3 1202 1203 1145
3 1203 1136 1145
3 1203 1204 1136
3 1205 1206 1207
3 1205 1208 1206
3 1208 1209 1206
3 1208 1210 1209
3 1207 1211 1212
3 1207 1206 1211
3 1206 1213 1211
3 1206 1209 1213
3 1205 1214 1208
3 1205 1215 1214
3 1215 1195 1214
3 1215 1196 1195
3 1208 1216 1210
3 1208 1214 1216
3 1214 1197 1216
3 1214 1195 1197
3 1205 1217 1215
3 1205 1218 1217
3 1218 1135 1217
3 1218 1130 1135
3 1215 1204 1196
3 1215 1217 1204
3 1217 1136 1204
3 1217 1135 1136
3 1205 1219 1218
3 1205 1207 1219
3 1207 1220 1219
3 1207 1212 1220
3 1218 1129 1130
3 1218 1219 1129
3 1219 1072 1129
3 1219 1220 1072
3 1221 1222 1223
3 1221 1224 1222
3 1224 1225 1222
3 1224 1226 1225
3 1223 1227 1228
3 1223 1222 1227
3 1222 1229 1227
3 1222 1225 1229
3 1221 1230 1224
3 1221 1231 1230
3 1231 1232 1230
3 1231 1233 1232
3 1224 1234 1226
3 1224 1230 1234
3 1230 1235 1234
3 1230 1232 1235
3 1221 1236 1231
3 1221 1237 1236
3 1237 1120 1236
3 1237 1114 1120
3 1231 1238 1233
3 1231 1236 1238
3 1236 1060 1238
3 1236 1120 1060
3 1221 1239 1237
3 1221 1223 1239
3 1223 1240 1239
3 1223 1228 1240
3 1237 1113 1114
3 1237 1239 1113
3 1239 1117 1113
3 1239 1240 1117
3 1241 1242 1243
3 1241 1244 1242
3 1244 1245 1242
3 1244 1246 1245
3 1243 1247 1248
3 1243 1242 1247
3 1242 1249 1247
3 1242 1245 1249
3 1241 1250 1244
3 1241 1251 1250
3 1251 1099 1250
3 1251 1100 1099
3 1244 1252 1246
3 1244 1250 1252
3 1250 1101 1252
3 1250 1099 1101
3 1241 1253 1251
3 1241 1254 1253
3 1254 1255 1253
3 1254 1256 1255
3 1251 1108 1100
3 1251 1253 1108
3 1253 1035 1108
3 1253 1255 1035
3 1241 1257 1254
3 1241 1243 1257
3 1243 1258 1257
3 1243 1248 1258
3 1254 1259 1256
3 1254 1257 1259
3 1257 1260 1259
3 1257 1258 1260
3 1261 1262 1263
3 1261 1264 1262
3 1264 1265 1262
3 1264 1266 1265
3 1263 1267 1268
3 1263 1262 1267
3 1262 1269 1267
3 1262 1265 1269
3 1261 1270 1264
3 1261 1271 1270
3 1271 1081 1270
3 1271 1082 1081
3 1264 1272 1266
3 1264 1270 1272
3 1270 1029 1272
3 1270 1081 1029
3 1261 1273 1271
3 1261 1274 1273
3 1274 1186 1273
3 1274 1181 1186
3 1271 1090 1082
3 1271 1273 1090
3 1273 1092 1090
3 1273 1186 1092
3 1261 1275 1274
3 1261 1263 1275
3 1263 1276 1275
3 1263 1268 1276
3 1274 1180 1181
3 1274 1275 1180
3 1275 1183 1180
3 1275 1276 1183
3 1277 1278 1279
3 1277 1280 1278
3 1280 1281 1278
3 1280 1282 1281
3 1279 1283 1284
3 1279 1278 1283
3 1278 1285 1283
3 1278 1281 1285
3 1277 1286 1280
3 1277 1287 1286
3 1287 1211 1286
3 1287 1212 1211
3 1280 1288 1282
3 1280 1286 1288
3 1286 1213 1288
3 1286 1211 1213
3 1277 1289 1287
3 1277 1290 1289
3 1290 1071 1289
3 1290 1066 1071
3 1287 1220 1212
3 1287 1289 1220
3 1289 1072 1220
3 1289 1071 1072
3 1277 1291 1290
3 1277 1279 1291
3 1279 1292 1291
3 1279 1284 1292
3 1290 1065 1066
3 1290 1291 1065
3 1291 1049 1065
3 1291 1292 1049
3 1293 1294 1295
3 1293 1296 1294
3 1296 1283 1294
3 1296 1284 1283
3 1295 1297 1298
3 1295 1294 1297
3 1294 1285 1297
3 1294 1283 1285
3 1293 1299 1296
3 1293 1300 1299
3 1300 1047 1299
3 1300 1048 1047
3 1296 1292 1284
3 1296 1299 1292
3 1299 1049 1292
3 1299 1047 1049
3 1293 1301 1300
3 1293 1302 1301
3 1302 1238 1301
3 1302 1233 1238
3 1300 1058 1048
3 1300 1301 1058
3 1301 1060 1058
3 1301 1238 1060
3 1293 1303 1302
3 1293 1295 1303
3 1295 1304 1303
3 1295 1298 1304
3 1302 1232 1233
3 1302 1303 1232
3 1303 1235 1232
3 1303 1304 1235
3 1305 1306 1307
3 1305 1308 1306
3 1308 1309 1306
3 1308 1310 1309
3 1307 1265 1266
3 1307 1306 1265
3 1306 1269 1265
3 1306 1309 1269
3 1305 1311 1308
3 1305 1312 1311
3 1312 1259 1311
3 1312 1256 1259
3 1308 1313 1310
3 1308 1311 1313
3 1311 1260 1313
3 1311 1259 1260
3 1305 1314 1312
3 1305 1315 1314
3 1315 1034 1314
3 1315 1026 1034
3 1312 1255 1256
3 1312 1314 1255
3 1314 1035 1255
3 1314 1034 1035
3 1305 1316 1315
3 1305 1307 1316
3 1307 1272 1316
3 1307 1266 1272
3 1315 1025 1026
3 1315 1316 1025
3 1316 1029 1025
3 1316 1272 1029
3 1317 1318 1319
3 1317 1320 1318
3 1320 1321 1318
3 1320 1322 1321
3 1319 1309 1310
3 1319 1318 1309
3 1318 1269 1309
3 1318 1321 1269
3 1317 1323 1320
3 1317 1324 1323
3 1324 1325 1323
3 1324 1326 1325
3 1320 1327 1322
3 1320 1323 1327
3 1323 1328 1327
3 1323 1325 1328
3 1317 1329 1324
3 1317 1319 1329
3 1319 1313 1329
3 1319 1310 1313
3 1324 1330 1326
3 1324 1329 1330
3 1329 1260 1330
3 1329 1313 1260
3 1331 1332 1333
3 1331 1334 1332
3 1334 1335 1332
3 1334 1336 1335
3 1333 1337 1338
3 1333 1332 1337
3 1332 1328 1337
3 1332 1335 1328
3 1331 1339 1334
3 1331 1340 1339
3 1340 1297 1339
3 1340 1298 1297
3 1334 1341 1336
3 1334 1339 1341
3 1339 1285 1341
3 1339 1297 1285
3 1331 1342 1340
3 1331 1333 1342
3 1333 1343 1342
3 1333 1338 1343
3 1340 1304 1298
3 1340 1342 1304
3 1342 1235 1304
3 1342 1343 1235
3 1344 1345 1346
3 1344 1347 1345
3 1347 1341 1345
3 1347 1336 1341
3 1346 1281 1282
3 1346 1345 1281
3 1345 1285 1281
3 1345 1341 1285
3 1344 1348 1347
3 1344 1349 1348
3 1349 1350 1348
3 1349 1351 1350
3 1347 1335 1336
3 1347 1348 1335
3 1348 1328 1335
3 1348 1350 1328
3 1344 1352 1349
3 1344 1346 1352
3 1346 1288 1352
3 1346 1282 1288
3 1349 1353 1351
3 1349 1352 1353
3 1352 1213 1353
3 1352 1288 1213
3 1354 1355 1356
3 1354 1357 1355
3 1357 1327 1355
3 1357 1322 1327
3 1356 1358 1359
3 1356 1355 1358
3 1355 1328 1358
3 1355 1327 1328
3 1354 1360 1357
3 1354 1361 1360
3 1361 1267 1360
3 1361 1268 1267
3 1357 1321 1322
3 1357 1360 1321
3 1360 1269 1321
3 1360 1267 1269
3 1354 1362 1361
3 1354 1356 1362
3 1356 1363 1362
3 1356 1359 1363
3 1361 1276 1268
3 1361 1362 1276
3 1362 1183 1276
3 1362 1363 1183
3 1364 1365 1366
3 1364 1367 1365
3 1367 1368 1365
3 1367 1369 1368
3 1366 1325 1326
3 1366 1365 1325
3 1365 1328 1325
3 1365 1368 1328
3 1364 1370 1367
3 1364 1371 1370
3 1371 1247 1370
3 1371 1248 1247
3 1367 1372 1369
3 1367 1370 1372
3 1370 1249 1372
3 1370 1247 1249
3 1364 1373 1371
3 1364 1366 1373
3 1366 1330 1373
3 1366 1326 1330
3 1371 1258 1248
3 1371 1373 1258
3 1373 1260 1258
3 1373 1330 1260
3 1374 1375 1376
3 1374 1377 1375
3 1377 1378 1375
3 1377 1379 1378
3 1376 1225 1226
3 1376 1375 1225
3 1375 1229 1225
3 1375 1378 1229
3 1374 1380 1377
3 1374 1381 1380
3 1381 1337 1380
3 1381 1338 1337
3 1377 1382 1379
3 1377 1380 1382
3 1380 1328 1382
3 1380 1337 1328
3 1374 1383 1381
3 1374 1376 1383
3 1376 1234 1383
3 1376 1226 1234
3 1381 1343 1338
3 1381 1383 1343
3 1383 1235 1343
3 1383 1234 1235
3 1384 1385 1386
3 1384 1387 1385
3 1387 1353 1385
3 1387 1351 1353
3 1386 1209 1210
3 1386 1385 1209
3 1385 1213 1209
3 1385 1353 1213
3 1384 1388 1387
3 1384 1389 1388
3 1389 1390 1388
3 1389 1391 1390
3 1387 1350 1351
3 1387 1388 1350
3 1388 1328 1350
3 1388 1390 1328
3 1384 1392 1389
3 1384 1386 1392
3 1386 1216 1392
3 1386 1210 1216
3 1389 1393 1391
3 1389 1392 1393
3 1392 1197 1393
3 1392 1216 1197
3 1394 1395 1396
3 1394 1397 1395
3 1397 1393 1395
3 1397 1391 1393
3 1396 1193 1194
3 1396 1395 1193
3 1395 1197 1193
3 1395 1393 1197
3 1394 1398 1397
3 1394 1399 1398
3 1399 1400 1398
3 1399 1401 1400
3 1397 1390 1391
3 1397 1398 1390
3 1398 1328 1390
3 1398 1400 1328
3 1394 1402 1399
3 1394 1396 1402
3 1396 1200 1402
3 1396 1194 1200
3 1399 1403 1401
3 1399 1402 1403
3 1402 1177 1403
3 1402 1200 1177
3 1404 1405 1406
3 1404 1407 1405
3 1407 1403 1405
3 1407 1401 1403
3 1406 1173 1174
3 1406 1405 1173
3 1405 1177 1173
3 1405 1403 1177
3 1404 1408 1407
3 1404 1409 1408
3 1409 1358 1408
3 1409 1359 1358
3 1407 1400 1401
3 1407 1408 1400
3 1408 1328 1400
3 1408 1358 1328
3 1404 1410 1409
3 1404 1406 1410
3 1406 1182 1410
3 1406 1174 1182
3 1409 1363 1359
3 1409 1410 1363
3 1410 1183 1363
3 1410 1182 1183
3 1411 1412 1413
3 1411 1414 1412
3 1414 1415 1412
3 1414 1416 1415
3 1413 1417 1418
3 1413 1412 1417
3 1412 1419 1417
3 1412 1415 1419
3 1411 1420 1414
3 1411 1421 1420
3 1421 907 1420
3 1421 908 907
3 1414 1422 1416
3 1414 1420 1422
3 1420 909 1422
3 1420 907 909
3 1411 1423 1421
3 1411 1424 1423
3 1424 1425 1423
3 1424 1426 1425
3 1421 923 908
3 1421 1423 923
3 1423 925 923
3 1423 1425 925
3 1411 1427 1424
3 1411 1413 1427
3 1413 1428 1427
3 1413 1418 1428
3 1424 1429 1426
3 1424 1427 1429
3 1427 1430 1429
3 1427 1428 1430
3 1431 1432 1433
3 1431 1434 1432
3 1434 1435 1432
3 1434 1436 1435
3 1433 930 931
3 1433 1432 930
3 1432 934 930
3 1432 1435 934
3 1431 1437 1434
3 1431 1438 1437
3 1438 1417 1437
3 1438 1418 1417
3 1434 1439 1436
3 1434 1437 1439
3 1437 1419 1439
3 1437 1417 1419
3 1431 1440 1438
3 1431 1441 1440
3 1441 1442 1440
3 1441 1443 1442
3 1438 1428 1418
3 1438 1440 1428
3 1440 1430 1428
3 1440 1442 1430
3 1431 1444 1441
3 1431 1433 1444
3 1433 939 1444
3 1433 931 939
3 1441 1445 1443
3 1441 1444 1445
3 1444 940 1445
3 1444 939 940
3 1446 1447 1448
3 1446 1449 1447
3 1449 1450 1447
3 1449 1451 1450
3 1448 1452 1453
3 1448 1447 1452
3 1447 1454 1452
3 1447 1450 1454
3 1446 1455 1449
3 1446 1456 1455
3 1456 1115 1455
3 1456 1116 1115
3 1449 1457 1451
3 1449 1455 1457
3 1455 1117 1457
3 1455 1115 1117
3 1446 1458 1456
3 1446 1459 1458
3 1459 1422 1458
3 1459 1416 1422
3 1456 1124 1116
3 1456 1458 1124
3 1458 909 1124
3 1458 1422 909
3 1446 1460 1459
3 1446 1448 1460
3 1448 1461 1460
3 1448 1453 1461
3 1459 1415 1416
3 1459 1460 1415
3 1460 1419 1415
3 1460 1461 1419
3 1462 1463 1464
3 1462 1465 1463
3 1465 1466 1463
3 1465 1467 1466
3 1464 1097 1098
3 1464 1463 1097
3 1463 1101 1097
3 1463 1466 1101
3 1462 1468 1465
3 1462 1469 1468
3 1469 1452 1468
3 1469 1453 1452
3 1465 1470 1467
3 1465 1468 1470
3 1468 1454 1470
3 1468 1452 1454
3 1462 1471 1469
3 1462 1472 1471
3 1472 1439 1471
3 1472 1436 1439
3 1469 1461 1453
3 1469 1471 1461
3 1471 1419 1461
3 1471 1439 1419
3 1462 1473 1472
3 1462 1464 1473
3 1464 1104 1473
3 1464 1098 1104
3 1472 1435 1436
3 1472 1473 1435
3 1473 934 1435
3 1473 1104 934
3 1474 1475 1476
3 1474 1477 1475
3 1477 1478 1475
3 1477 1479 1478
3 1476 1480 1481
3 1476 1475 1480
3 1475 1482 1480
3 1475 1478 1482
3 1474 1483 1477
3 1474 1484 1483
3 1484 1227 1483
3 1484 1228 1227
3 1477 1485 1479
3 1477 1483 1485
3 1483 1229 1485
3 1483 1227 1229
3 1474 1486 1484
3 1474 1487 1486
3 1487 1457 1486
3 1487 1451 1457
3 1484 1240 1228
3 1484 1486 1240
3 1486 1117 1240
3 1486 1457 1117
3 1474 1488 1487
3 1474 1476 1488
3 1476 1489 1488
3 1476 1481 1489
3 1487 1450 1451
3 1487 1488 1450
3 1488 1454 1450
3 1488 1489 1454
3 1490 1491 1492
3 1490 1493 1491
3 1493 1494 1491
3 1493 1495 1494
3 1492 1245 1246
3 1492 1491 1245
3 1491 1249 1245
3 1491 1494 1249
3 1490 1496 1493
3 1490 1497 1496
3 1497 1480 1496
3 1497 1481 1480
3 1493 1498 1495
3 1493 1496 1498
3 1496 1482 1498
3 1496 1480 1482
3 1490 1499 1497
3 1490 1500 1499
3 1500 1470 1499
3 1500 1467 1470
3 1497 1489 1481
3 1497 1499 1489
3 1499 1454 1489
3 1499 1470 1454
3 1490 1501 1500
3 1490 1492 1501
3 1492 1252 1501
3 1492 1246 1252
3 1500 1466 1467
3 1500 1501 1466
3 1501 1101 1466
3 1501 1252 1101
3 1502 1503 1504
3 1502 1505 1503
3 1505 1506 1503
3 1505 1507 1506
3 1504 1478 1479
3 1504 1503 1478
3 1503 1482 1478
3 1503 1506 1482
3 1502 1508 1505
3 1502 1509 1508
3 1509 1382 1508
3 1509 1379 1382
3 1505 1510 1507
3 1505 1508 1510
3 1508 1328 1510
3 1508 1382 1328
3 1502 1511 1509
3 1502 1504 1511
3 1504 1485 1511
3 1504 1479 1485
3 1509 1378 1379
3 1509 1511 1378
3 1511 1229 1378
3 1511 1485 1229
3 1512 1513 1514
3 1512 1515 1513
3 1515 1372 1513
3 1515 1369 1372
3 1514 1494 1495
3 1514 1513 1494
3 1513 1249 1494
3 1513 1372 1249
3 1512 1516 1515
3 1512 1517 1516
3 1517 1510 1516
3 1517 1507 1510
3 1515 1368 1369
3 1515 1516 1368
3 1516 1328 1368
3 1516 1510 1328
3 1512 1518 1517
3 1512 1514 1518
3 1514 1498 1518
3 1514 1495 1498
3 1517 1506 1507
3 1517 1518 1506
3 1518 1482 1506
3 1518 1498 1482
3 1519 1520 1521
3 1519 1522 1520
3 1522 1523 1520
3 1522 1524 1523
3 1521 1525 1526
3 1521 1520 1525
3 1520 1527 1525
3 1520 1523 1527
3 1519 1528 1522
3 1519 1529 1528
3 1529 1530 1528
3 1529 1531 1530
3 1522 1532 1524
3 1522 1528 1532
3 1528 1533 1532
3 1528 1530 1533
3 1519 1534 1529
3 1519 1535 1534
3 1535 1536 1534
3 1535 1537 1536
3 1529 1538 1531
3 1529 1534 1538
3 1534 1539 1538
3 1534 1536 1539
3 1519 1540 1535
3 1519 1521 1540
3 1521 1541 1540
3 1521 1526 1541
3 1535 1542 1537
3 1535 1540 1542
3 1540 1543 1542
3 1540 1541 1543
3 1544 1545 1546
3 1544 1547 1545
3 1547 1548 1545
3 1547 1549 1548
3 1546 1550 1551
3 1546 1545 1550
3 1545 1552 1550
3 1545 1548 1552
3 1544 1553 1547
3 1544 1554 1553
3 1554 1525 1553
3 1554 1526 1525
3 1547 1555 1549
3 1547 1553 1555
3 1553 1527 1555
3 1553 1525 1527
3 1544 1556 1554
3 1544 1557 1556
3 1557 1558 1556
3 1557 1559 1558
3 1554 1541 1526
3 1554 1556 1541
3 1556 1543 1541
3 1556 1558 1543
3 1544 1560 1557
3 1544 1546 1560
3 1546 1561 1560
3 1546 1551 1561
3 1557 1562 1559
3 1557 1560 1562
3 1560 1563 1562
3 1560 1561 1563
3 1564 1565 1566
3 1564 1567 1565
3 1567 1568 1565
3 1567 1569 1568
3 1566 1570 1571
3 1566 1565 1570
3 1565 1572 1570
3 1565 1568 1572
3 1564 1573 1567
3 1564 1574 1573
3 1574 1575 1573
3 1574 1576 1575
3 1567 1577 1569
3 1567 1573 1577
3 1573 1578 1577
3 1573 1575 1578
3 1564 1579 1574
3 1564 1580 1579
3 1580 1581 1579
3 1580 1582 1581
3 1574 1583 1576
3 1574 1579 1583
3 1579 1584 1583
3 1579 1581 1584
3 1564 1585 1580
3 1564 1566 1585
3 1566 1586 1585
3 1566 1571 1586
3 1580 1587 1582
3 1580 1585 1587
3 1585 1588 1587
3 1585 1586 1588
3 1589 1590 1591
3 1589 1592 1590
3 1592 1593 1590
3 1592 1594 1593
3 1591 1595 1596
3 1591 1590 1595
3 1590 1597 1595
3 1590 1593 1597
3 1589 1598 1592
3 1589 1599 1598
3 1599 1570 1598
3 1599 1571 1570
3 1592 1600 1594
3 1592 1598 1600
3 1598 1572 1600
3 1598 1570 1572
3 1589 1601 1599
3 1589 1602 1601
3 1602 1603 1601
3 1602 1604 1603
3 1599 1586 1571
3 1599 1601 1586
3 1601 1588 1586
3 1601 1603 1588
3 1589 1605 1602
3 1589 1591 1605
3 1591 1606 1605
3 1591 1596 1606
3 1602 1607 1604
3 1602 1605 1607
3 1605 1608 1607
3 1605 1606 1608
3 1609 1610 1611
3 1609 1612 1610
3 1612 1587 1610
3 1612 1582 1587
3 1611 1613 1614
3 1611 1610 1613
3 1610 1588 1613
3 1610 1587 1588
3 1609 1615 1612
3 1609 1616 1615
3 1616 1617 1615
3 1616 1618 1617
3 1612 1581 1582
3 1612 1615 1581
3 1615 1584 1581
3 1615 1617 1584
3 1609 1619 1616
3 1609 1620 1619
3 1620 1445 1619
3 1620 1443 1445
3 1616 1621 1618
3 1616 1619 1621
3 1619 940 1621
3 1619 1445 940
3 1609 1622 1620
3 1609 1611 1622
3 1611 1623 1622
3 1611 1614 1623
3 1620 1442 1443
3 1620 1622 1442
3 1622 1430 1442
3 1622 1623 1430
3 1624 1625 1626
3 1624 1627 1625
3 1627 1607 1625
3 1627 1604 1607
3 1626 1628 1629
3 1626 1625 1628
3 1625 1608 1628
3 1625 1607 1608
3 1624 1630 1627
3 1624 1631 1630
3 1631 1613 1630
3 1631 1614 1613
3 1627 1603 1604
3 1627 1630 1603
3 1630 1588 1603
3 1630 1613 1588
3 1624 1632 1631
3 1624 1633 1632
3 1633 1429 1632
3 1633 1426 1429
3 1631 1623 1614
3 1631 1632 1623
3 1632 1430 1623
3 1632 1429 1430
3 1624 1634 1633
3 1624 1626 1634
3 1626 1635 1634
3 1626 1629 1635
3 1633 1425 1426
3 1633 1634 1425
3 1634 925 1425
3 1634 1635 925
3 1636 1637 1638
3 1636 1639 1637
3 1639 1640 1637
3 1639 1641 1640
3 1638 1642 1643
3 1638 1637 1642
3 1637 1644 1642
3 1637 1640 1644
3 1636 1645 1639
3 1636 1646 1645
3 1646 1647 1645
3 1646 1648 1647
3 1639 1649 1641
3 1639 1645 1649
3 1645 1650 1649
3 1645 1647 1650
3 1636 1651 1646
3 1636 1652 1651
3 1652 1577 1651
3 1652 1569 1577
3 1646 1653 1648
3 1646 1651 1653
3 1651 1578 1653
3 1651 1577 1578
3 1636 1654 1652
3 1636 1638 1654
3 1638 1655 1654
3 1638 1643 1655
3 1652 1568 1569
3 1652 1654 1568
3 1654 1572 1568
3 1654 1655 1572
3 1656 1657 1658
3 1656 1659 1657
3 1659 1660 1657
3 1659 1661 1660
3 1658 1662 1663
3 1658 1657 1662
3 1657 1664 1662
3 1657 1660 1664
3 1656 1665 1659
3 1656 1666 1665
3 1666 1642 1665
3 1666 1643 1642
3 1659 1667 1661
3 1659 1665 1667
3 1665 1644 1667
3 1665 1642 1644
3 1656 1668 1666
3 1656 1669 1668
3 1669 1600 1668
3 1669 1594 1600
3 1666 1655 1643
3 1666 1668 1655
3 1668 1572 1655
3 1668 1600 1572
3 1656 1670 1669
3 1656 1658 1670
3 1658 1671 1670
3 1658 1663 1671
3 1669 1593 1594
3 1669 1670 1593
3 1670 1597 1593
3 1670 1671 1597
3 1672 1673 1674
3 1672 1675 1673
3 1675 1676 1673
3 1675 1677 1676
3 1674 1678 1679
3 1674 1673 1678
3 1673 1680 1678
3 1673 1676 1680
3 1672 1681 1675
3 1672 1682 1681
3 1682 879 1681
3 1682 876 879
3 1675 1683 1677
3 1675 1681 1683
3 1681 880 1683
3 1681 879 880
3 1672 1684 1682
3 1672 1685 1684
3 1685 1686 1684
3 1685 1687 1686
3 1682 875 876
3 1682 1684 875
3 1684 860 875
3 1684 1686 860
3 1672 1688 1685
3 1672 1674 1688
3 1674 1689 1688
3 1674 1679 1689
3 1685 1690 1687
3 1685 1688 1690
3 1688 1691 1690
3 1688 1689 1691
3 1692 1693 1694
3 1692 1695 1693
3 1695 1696 1693
3 1695 1697 1696
3 1694 1698 1699
3 1694 1693 1698
3 1693 1700 1698
3 1693 1696 1700
3 1692 1701 1695
3 1692 1702 1701
3 1702 1555 1701
3 1702 1549 1555
3 1695 1703 1697
3 1695 1701 1703
3 1701 1527 1703
3 1701 1555 1527
3 1692 1704 1702
3 1692 1705 1704
3 1705 1706 1704
3 1705 1707 1706
3 1702 1548 1549
3 1702 1704 1548
3 1704 1552 1548
3 1704 1706 1552
3 1692 1708 1705
3 1692 1694 1708
3 1694 1709 1708
3 1694 1699 1709
3 1705 1710 1707
3 1705 1708 1710
3 1708 1711 1710
3 1708 1709 1711
3 1712 1713 1714
3 1712 1715 1713
3 1715 1716 1713
3 1715 1717 1716
3 1714 1718 1719
3 1714 1713 1718
3 1713 1720 1718
3 1713 1716 1720
3 1712 1721 1715
3 1712 1722 1721
3 1722 1538 1721
3 1722 1531 1538
3 1715 1723 1717
3 1715 1721 1723
3 1721 1539 1723
3 1721 1538 1539
3 1712 1724 1722
3 1712 1725 1724
3 1725 1726 1724
3 1725 1727 1726
3 1722 1530 1531
3 1722 1724 1530
3 1724 1533 1530
3 1724 1726 1533
3 1712 1728 1725
3 1712 1714 1728
3 1714 1729 1728
3 1714 1719 1729
3 1725 1730 1727
3 1725 1728 1730
3 1728 1731 1730
3 1728 1729 1731
3 1732 1733 1734
3 1732 1735 1733
3 1735 1710 1733
3 1735 1707 1710
3 1734 1736 1737
3 1734 1733 1736
3 1733 1711 1736
3 1733 1710 1711
3 1732 1738 1735
3 1732 1739 1738
3 1739 1550 1738
3 1739 1551 1550
3 1735 1706 1707
3 1735 1738 1706
3 1738 1552 1706
3 1738 1550 1552
3 1732 1740 1739
3 1732 1741 1740
3 1741 1742 1740
3 1741 1743 1742
3 1739 1561 1551
3 1739 1740 1561
3 1740 1563 1561
3 1740 1742 1563
3 1732 1744 1741
3 1732 1734 1744
3 1734 1745 1744
3 1734 1737 1745
3 1741 1746 1743
3 1741 1744 1746
3 1744 1747 1746
3 1744 1745 1747
3 1748 1749 1750
3 1748 1751 1749
3 1751 1752 1749
3 1751 1753 1752
3 1750 1754 1755
3 1750 1749 1754
3 1749 1756 1754
3 1749 1752 1756
3 1748 1757 1751
3 1748 1758 1757
3 1758 1583 1757
3 1758 1576 1583
3 1751 1759 1753
3 1751 1757 1759
3 1757 1584 1759
3 1757 1583 1584
3 1748 1760 1758
3 1748 1761 1760
3 1761 1762 1760
3 1761 1763 1762
3 1758 1575 1576
3 1758 1760 1575
3 1760 1578 1575
3 1760 1762 1578
3 1748 1764 1761
3 1748 1750 1764
3 1750 1765 1764
3 1750 1755 1765
3 1761 1766 1763
3 1761 1764 1766
3 1764 1767 1766
3 1764 1765 1767
3 1768 1769 1770
3 1768 1771 1769
3 1771 1772 1769
3 1771 1773 1772
3 1770 1774 1775
3 1770 1769 1774
3 1769 1776 1774
3 1769 1772 1776
3 1768 1777 1771
3 1768 1778 1777
3 1778 989 1777
3 1778 986 989
3 1771 1779 1773
3 1771 1777 1779
3 1777 990 1779
3 1777 989 990
3 1768 1780 1778
3 1768 1781 1780
3 1781 1782 1780
3 1781 1783 1782
3 1778 985 986
3 1778 1780 985
3 1780 900 985
3 1780 1782 900
3 1768 1784 1781
3 1768 1770 1784
3 1770 1785 1784
3 1770 1775 1785
3 1781 1786 1783
3 1781 1784 1786
3 1784 1787 1786
3 1784 1785 1787
3 1788 1789 1790
3 1788 1791 1789
3 1791 1792 1789
3 1791 1793 1792
3 1790 1794 1795
3 1790 1789 1794
3 1789 1796 1794
3 1789 1792 1796
3 1788 1797 1791
3 1788 1798 1797
3 1798 945 1797
3 1798 938 945
3 1791 1799 1793
3 1791 1797 1799
3 1797 946 1799
3 1797 945 946
3 1788 1800 1798
3 1788 1801 1800
3 1801 1802 1800
3 1801 1803 1802
3 1798 937 938
3 1798 1800 937
3 1800 940 937
3 1800 1802 940
3 1788 1804 1801
3 1788 1790 1804
3 1790 1805 1804
3 1790 1795 1805
3 1801 1806 1803
3 1801 1804 1806
3 1804 1807 1806
3 1804 1805 1807
3 1808 1809 1810
3 1808 1811 1809
3 1811 1806 1809
3 1811 1803 1806
3 1810 1812 1813
3 1810 1809 1812
3 1809 1807 1812
3 1809 1806 1807
3 1808 1814 1811
3 1808 1815 1814
3 1815 1621 1814
3 1815 1618 1621
3 1811 1802 1803
3 1811 1814 1802
3 1814 940 1802
3 1814 1621 940
3 1808 1816 1815
3 1808 1817 1816
3 1817 1759 1816
3 1817 1753 1759
3 1815 1617 1618
3 1815 1816 1617
3 1816 1584 1617
3 1816 1759 1584
3 1808 1818 1817
3 1808 1810 1818
3 1810 1819 1818
3 1810 1813 1819
3 1817 1752 1753
3 1817 1818 1752
3 1818 1756 1752
3 1818 1819 1756
3 1820 1821 1822
3 1820 1823 1821
3 1823 1730 1821
3 1823 1727 1730
3 1822 1824 1825
3 1822 1821 1824
3 1821 1731 1824
3 1821 1730 1731
3 1820 1826 1823
3 1820 1827 1826
3 1827 1532 1826
3 1827 1524 1532
3 1823 1726 1727
3 1823 1826 1726
3 1826 1533 1726
3 1826 1532 1533
3 1820 1828 1827
3 1820 1829 1828
3 1829 1703 1828
3 1829 1697 1703
3 1827 1523 1524
3 1827 1828 1523
3 1828 1527 1523
3 1828 1703 1527
3 1820 1830 1829
3 1820 1822 1830
3 1822 1831 1830
3 1822 1825 1831
3 1829 1696 1697
3 1829 1830 1696
3 1830 1700 1696
3 1830 1831 1700
3 1832 1833 1834
3 1832 1835 1833
3 1835 1786 1833
3 1835 1783 1786
3 1834 1836 1837
3 1834 1833 1836
3 1833 1787 1836
3 1833 1786 1787
3 1832 1838 1835
3 1832 1839 1838
3 1839 899 1838
3 1839 896 899
3 1835 1782 1783
3 1835 1838 1782
3 1838 900 1782
3 1838 899 900
3 1832 1840 1839
3 1832 1841 1840
3 1841 1683 1840
3 1841 1677 1683
3 1839 895 896
3 1839 1840 895
3 1840 880 895
3 1840 1683 880
3 1832 1842 1841
3 1832 1834 1842
3 1834 1843 1842
3 1834 1837 1843
3 1841 1676 1677
3 1841 1842 1676
3 1842 1680 1676
3 1842 1843 1680
3 1844 1845 1846
3 1844 1847 1845
3 1847 1848 1845
3 1847 1849 1848
3 1846 1850 1851
3 1846 1845 1850
3 1845 1852 1850
3 1845 1848 1852
3 1844 1853 1847
3 1844 1854 1853
3 1854 968 1853
3 1854 963 968
3 1847 1855 1849
3 1847 1853 1855
3 1853 856 1855
3 1853 968 856
3 1844 1856 1854
3 1844 1857 1856
3 1857 1858 1856
3 1857 1859 1858
3 1854 962 963
3 1854 1856 962
3 1856 965 962
3 1856 1858 965
3 1844 1860 1857
3 1844 1846 1860
3 1846 1861 1860
3 1846 1851 1861
3 1857 1862 1859
3 1857 1860 1862
3 1860 1863 1862
3 1860 1861 1863
3 1864 1865 1866
3 1864 1867 1865
3 1867 1868 1865
3 1867 1869 1868
3 1866 1870 1871
3 1866 1865 1870
3 1865 1872 1870
3 1865 1868 1872
3 1864 1873 1867
3 1864 1874 1873
3 1874 1003 1873
3 1874 1000 1003
3 1867 1875 1869
3 1867 1873 1875
3 1873 921 1875
3 1873 1003 921
3 1864 1876 1874
3 1864 1877 1876
3 1877 1779 1876
3 1877 1773 1779
3 1874 999 1000
3 1874 1876 999
3 1876 990 999
3 1876 1779 990
3 1864 1878 1877
3 1864 1866 1878
3 1866 1879 1878
3 1866 1871 1879
3 1877 1772 1773
3 1877 1878 1772
3 1878 1776 1772
3 1878 1879 1776
3 1880 1881 1882
3 1880 1883 1881
3 1883 1884 1881
3 1883 1885 1884
3 1882 1886 1887
3 1882 1881 1886
3 1881 1888 1886
3 1881 1884 1888
3 1880 1889 1883
3 1880 1890 1889
3 1890 924 1889
3 1890 919 924
3 1883 1891 1885
3 1883 1889 1891
3 1889 925 1891
3 1889 924 925
3 1880 1892 1890
3 1880 1893 1892
3 1893 1875 1892
3 1893 1869 1875
3 1890 918 919
3 1890 1892 918
3 1892 921 918
3 1892 1875 921
3 1880 1894 1893
3 1880 1882 1894
3 1882 1895 1894
3 1882 1887 1895
3 1893 1868 1869
3 1893 1894 1868
3 1894 1872 1868
3 1894 1895 1872
3 1896 1897 1898
3 1896 1899 1897
3 1899 1862 1897
3 1899 1859 1862
3 1898 1900 1901
3 1898 1897 1900
3 1897 1863 1900
3 1897 1862 1863
3 1896 1902 1899
3 1896 1903 1902
3 1903 1020 1902
3 1903 1018 1020
3 1899 1858 1859
3 1899 1902 1858
3 1902 965 1858
3 1902 1020 965
3 1896 1904 1903
3 1896 1905 1904
3 1905 1799 1904
3 1905 1793 1799
3 1903 1017 1018
3 1903 1904 1017
3 1904 946 1017
3 1904 1799 946
3 1896 1906 1905
3 1896 1898 1906
3 1898 1907 1906
3 1898 1901 1907
3 1905 1792 1793
3 1905 1906 1792
3 1906 1796 1792
3 1906 1907 1796
3 1908 1909 1910
3 1908 1911 1909
3 1911 1912 1909
3 1911 1913 1912
3 1910 1914 1915
3 1910 1909 1914
3 1909 1916 1914
3 1909 1912 1916
3 1908 1917 1911
3 1908 1918 1917
3 1918 1595 1917
3 1918 1596 1595
3 1911 1919 1913
3 1911 1917 1919
3 1917 1597 1919
3 1917 1595 1597
3 1908 1920 1918
3 1908 1921 1920
3 1921 1922 1920
3 1921 1923 1922
3 1918 1606 1596
3 1918 1920 1606
3 1920 1608 1606
3 1920 1922 1608
3 1908 1924 1921
3 1908 1910 1924
3 1910 1925 1924
3 1910 1915 1925
3 1921 1926 1923
3 1921 1924 1926
3 1924 1927 1926
3 1924 1925 1927
3 1928 1929 1930
3 1928 1931 1929
3 1931 1932 1929
3 1931 1933 1932
3 1930 1934 1935
3 1930 1929 1934
3 1929 1936 1934
3 1929 1932 1936
3 1928 1937 1931
3 1928 1938 1937
3 1938 1662 1937
3 1938 1663 1662
3 1931 1939 1933
3 1931 1937 1939
3 1937 1664 1939
3 1937 1662 1664
3 1928 1940 1938
3 1928 1941 1940
3 1941 1919 1940
3 1941 1913 1919
3 1938 1671 1663
3 1938 1940 1671
3 1940 1597 1671
3 1940 1919 1597
3 1928 1942 1941
3 1928 1930 1942
3 1930 1943 1942
3 1930 1935 1943
3 1941 1912 1913
3 1941 1942 1912
3 1942 1916 1912
3 1942 1943 1916
3 1944 1945 1946
3 1944 1947 1945
3 1947 1926 1945
3 1947 1923 1926
3 1946 1948 1949
3 1946 1945 1948
3 1945 1927 1948
3 1945 1926 1927
3 1944 1950 1947
3 1944 1951 1950
3 1951 1628 1950
3 1951 1629 1628
3 1947 1922 1923
3 1947 1950 1922
3 1950 1608 1922
3 1950 1628 1608
3 1944 1952 1951
3 1944 1953 1952
3 1953 1891 1952
3 1953 1885 1891
3 1951 1635 1629
3 1951 1952 1635
3 1952 925 1635
3 1952 1891 925
3 1944 1954 1953
3 1944 1946 1954
3 1946 1955 1954
3 1946 1949 1955
3 1953 1884 1885
3 1953 1954 1884
3 1954 1888 1884
3 1954 1955 1888
3 1956 1957 1958
3 1956 1959 1957
3 1959 1690 1957
3 1959 1687 1690
3 1958 1960 1961
3 1958 1957 1960
3 1957 1691 1960
3 1957 1690 1691
3 1956 1962 1959
3 1956 1963 1962
3 1963 859 1962
3 1963 854 859
3 1959 1686 1687
3 1959 1962 1686
3 1962 860 1686
3 1962 859 860
3 1956 1964 1963
3 1956 1965 1964
3 1965 1855 1964
3 1965 1849 1855
3 1963 853 854
3 1963 1964 853
3 1964 856 853
3 1964 1855 856
3 1956 1966 1965
3 1956 1958 1966
3 1958 1967 1966
3 1958 1961 1967
3 1965 1848 1849
3 1965 1966 1848
3 1966 1852 1848
3 1966 1967 1852
3 1968 1969 1970
3 1968 1971 1969
3 1971 1766 1969
3 1971 1763 1766
3 1970 1972 1973
3 1970 1969 1972
3 1969 1767 1972
3 1969 1766 1767
3 1968 1974 1971
3 1968 1975 1974
3 1975 1653 1974
3 1975 1648 1653
3 1971 1762 1763
3 1971 1974 1762
3 1974 1578 1762
3 1974 1653 1578
3 1968 1976 1975
3 1968 1977 1976
3 1977 1978 1976
3 1977 1979 1978
3 1975 1647 1648
3 1975 1976 1647
3 1976 1650 1647
3 1976 1978 1650
3 1968 1980 1977
3 1968 1970 1980
3 1970 1981 1980
3 1970 1973 1981
3 1977 1982 1979
3 1977 1980 1982
3 1980 1983 1982
3 1980 1981 1983
3 1984 1985 1986
3 1984 1987 1985
3 1987 1988 1985
3 1987 1989 1988
3 1986 42 30
3 1986 1985 42
3 1985 44 42
3 1985 1988 44
3 1984 1990 1987
3 1984 1991 1990
3 1991 1992 1990
3 1991 1993 1992
3 1987 1994 1989
3 1987 1990 1994
3 1990 1995 1994
3 1990 1992 1995
3 1984 1996 1991
3 1984 1997 1996
3 1997 1998 1996
3 1997 1999 1998
3 1991 2000 1993
3 1991 1996 2000
3 1996 2001 2000
3 1996 1998 2001
3 1984 2002 1997
3 1984 1986 2002
3 1986 29 2002
3 1986 30 29
3 1997 2003 1999
3 1997 2002 2003
3 2002 24 2003
3 2002 29 24
3 2004 2005 2006
3 2004 2007 2005
3 2007 2008 2005
3 2007 2009 2008
3 2006 1992 1993
3 2006 2005 1992
3 2005 1995 1992
3 2005 2008 1995
3 2004 2010 2007
3 2004 2011 2010
3 2011 1678 2010
3 2011 1679 1678
3 2007 2012 2009
3 2007 2010 2012
3 2010 1680 2012
3 2010 1678 1680
3 2004 2013 2011
3 2004 2014 2013
3 2014 2015 2013
3 2014 2016 2015
3 2011 1689 1679
3 2011 2013 1689
3 2013 1691 1689
3 2013 2015 1691
3 2004 2017 2014
3 2004 2006 2017
3 2006 2000 2017
3 2006 1993 2000
3 2014 2018 2016
3 2014 2017 2018
3 2017 2001 2018
3 2017 2000 2001
3 2019 2020 2021
3 2019 2022 2020
3 2022 2023 2020
3 2022 2024 2023
3 2021 716 717
3 2021 2020 716
3 2020 703 716
3 2020 2023 703
3 2019 2025 2022
3 2019 2026 2025
3 2026 2027 2025
3 2026 2028 2027
3 2022 2029 2024
3 2022 2025 2029
3 2025 2030 2029
3 2025 2027 2030
3 2019 2031 2026
3 2019 2032 2031
3 2032 2033 2031
3 2032 2034 2033
3 2026 2035 2028
3 2026 2031 2035
3 2031 2036 2035
3 2031 2033 2036
3 2019 2037 2032
3 2019 2021 2037
3 2021 722 2037
3 2021 717 722
3 2032 2038 2034
3 2032 2037 2038
3 2037 723 2038
3 2037 722 723
3 2039 2040 2041
3 2039 2042 2040
3 2042 2043 2040
3 2042 2044 2043
3 2041 2027 2028
3 2041 2040 2027
3 2040 2030 2027
3 2040 2043 2030
3 2039 2045 2042
3 2039 2046 2045
3 2046 1698 2045
3 2046 1699 1698
3 2042 2047 2044
3 2042 2045 2047
3 2045 1700 2047
3 2045 1698 1700
3 2039 2048 2046
3 2039 2049 2048
3 2049 2050 2048
3 2049 2051 2050
3 2046 1709 1699
3 2046 2048 1709
3 2048 1711 1709
3 2048 2050 1711
3 2039 2052 2049
3 2039 2041 2052
3 2041 2035 2052
3 2041 2028 2035
3 2049 2053 2051
3 2049 2052 2053
3 2052 2036 2053
3 2052 2035 2036
3 2054 2055 2056
3 2054 2057 2055
3 2057 2058 2055
3 2057 2059 2058
3 2056 2060 2061
3 2056 2055 2060
3 2055 2062 2060
3 2055 2058 2062
3 2054 2063 2057
3 2054 2064 2063
3 2064 696 2063
3 2064 688 696
3 2057 2065 2059
3 2057 2063 2065
3 2063 697 2065
3 2063 696 697
3 2054 2066 2064
3 2054 2067 2066
3 2067 2068 2066
3 2067 2069 2068
3 2064 687 688
3 2064 2066 687
3 2066 691 687
3 2066 2068 691
3 2054 2070 2067
3 2054 2056 2070
3 2056 2071 2070
3 2056 2061 2071
3 2067 2072 2069
3 2067 2070 2072
3 2070 2073 2072
3 2070 2071 2073
3 2074 2075 2076
3 2074 2077 2075
3 2077 2078 2075
3 2077 2079 2078
3 2076 2071 2061
3 2076 2075 2071
3 2075 2073 2071
3 2075 2078 2073
3 2074 2080 2077
3 2074 2081 2080
3 2081 1718 2080
3 2081 1719 1718
3 2077 2082 2079
3 2077 2080 2082
3 2080 1720 2082
3 2080 1718 1720
3 2074 2083 2081
3 2074 2084 2083
3 2084 2085 2083
3 2084 2086 2085
3 2081 1729 1719
3 2081 2083 1729
3 2083 1731 1729
3 2083 2085 1731
3 2074 2087 2084
3 2074 2076 2087
3 2076 2060 2087
3 2076 2061 2060
3 2084 2088 2086
3 2084 2087 2088
3 2087 2062 2088
3 2087 2060 2062
3 2089 2090 2091
3 2089 2092 2090
3 2092 2038 2090
3 2092 2034 2038
3 2091 720 721
3 2091 2090 720
3 2090 723 720
3 2090 2038 723
3 2089 2093 2092
3 2089 2094 2093
3 2094 2095 2093
3 2094 2096 2095
3 2092 2033 2034
3 2092 2093 2033
3 2093 2036 2033
3 2093 2095 2036
3 2089 2097 2094
3 2089 2098 2097
3 2098 2099 2097
3 2098 2100 2099
3 2094 2101 2096
3 2094 2097 2101
3 2097 2102 2101
3 2097 2099 2102
3 2089 2103 2098
3 2089 2091 2103
3 2091 726 2103
3 2091 721 726
3 2098 2104 2100
3 2098 2103 2104
3 2103 727 2104
3 2103 726 727
3 2105 2106 2107
3 2105 2108 2106
3 2108 2053 2106
3 2108 2051 2053
3 2107 2095 2096
3 2107 2106 2095
3 2106 2036 2095
3 2106 2053 2036
3 2105 2109 2108
3 2105 2110 2109
3 2110 1736 2109
3 2110 1737 1736
3 2108 2050 2051
3 2108 2109 2050
3 2109 1711 2050
3 2109 1736 1711
3 2105 2111 2110
3 2105 2112 2111
3 2112 2113 2111
3 2112 2114 2113
3 2110 1745 1737
3 2110 2111 1745
3 2111 1747 1745
3 2111 2113 1747
3 2105 2115 2112
3 2105 2107 2115
3 2107 2101 2115
3 2107 2096 2101
3 2112 2116 2114
3 2112 2115 2116
3 2115 2102 2116
3 2115 2101 2102
3 2117 2118 2119
3 2117 2120 2118
3 2120 2121 2118
3 2120 2122 2121
3 2119 732 733
3 2119 2118 732
3 2118 736 732
3 2118 2121 736
3 2117 2123 2120
3 2117 2124 2123
3 2124 2125 2123
3 2124 2126 2125
3 2120 2127 2122
3 2120 2123 2127
3 2123 2128 2127
3 2123 2125 2128
3 2117 2129 2124
3 2117 2130 2129
3 2130 2131 2129
3 2130 2132 2131
3 2124 2133 2126
3 2124 2129 2133
3 2129 2134 2133
3 2129 2131 2134
3 2117 2135 2130
3 2117 2119 2135
3 2119 741 2135
3 2119 733 741
3 2130 2136 2132
3 2130 2135 2136
3 2135 742 2136
3 2135 741 742
3 2137 2138 2139
3 2137 2140 2138
3 2140 2141 2138
3 2140 2142 2141
3 2139 2125 2126
3 2139 2138 2125
3 2138 2128 2125
3 2138 2141 2128
3 2137 2143 2140
3 2137 2144 2143
3 2144 1754 2143
3 2144 1755 1754
3 2140 2145 2142
3 2140 2143 2145
3 2143 1756 2145
3 2143 1754 1756
3 2137 2146 2144
3 2137 2147 2146
3 2147 2148 2146
3 2147 2149 2148
3 2144 1765 1755
3 2144 2146 1765
3 2146 1767 1765
3 2146 2148 1767
3 2137 2150 2147
3 2137 2139 2150
3 2139 2133 2150
3 2139 2126 2133
3 2147 2151 2149
3 2147 2150 2151
3 2150 2134 2151
3 2150 2133 2134
3 2152 2153 2154
3 2152 2155 2153
3 2155 2156 2153
3 2155 2157 2156
3 2154 152 140
3 2154 2153 152
3 2153 154 152
3 2153 2156 154
3 2152 2158 2155
3 2152 2159 2158
3 2159 2160 2158
3 2159 2161 2160
3 2155 2162 2157
3 2155 2158 2162
3 2158 2163 2162
3 2158 2160 2163
3 2152 2164 2159
3 2152 2165 2164
3 2165 2166 2164
3 2165 2167 2166
3 2159 2168 2161
3 2159 2164 2168
3 2164 2169 2168
3 2164 2166 2169
3 2152 2170 2165
3 2152 2154 2170
3 2154 139 2170
3 2154 140 139
3 2165 2171 2167
3 2165 2170 2171
3 2170 64 2171
3 2170 139 64
3 2172 2173 2174
3 2172 2175 2173
3 2175 2176 2173
3 2175 2177 2176
3 2174 2160 2161
3 2174 2173 2160
3 2173 2163 2160
3 2173 2176 2163
3 2172 2178 2175
3 2172 2179 2178
3 2179 1774 2178
3 2179 1775 1774
3 2175 2180 2177
3 2175 2178 2180
3 2178 1776 2180
3 2178 1774 1776
3 2172 2181 2179
3 2172 2182 2181
3 2182 2183 2181
3 2182 2184 2183
3 2179 1785 1775
3 2179 2181 1785
3 2181 1787 1785
3 2181 2183 1787
3 2172 2185 2182
3 2172 2174 2185
3 2174 2168 2185
3 2174 2161 2168
3 2182 2186 2184
3 2182 2185 2186
3 2185 2169 2186
3 2185 2168 2169
3 2187 2188 2189
3 2187 2190 2188
3 2190 2191 2188
3 2190 2192 2191
3 2189 94 95
3 2189 2188 94
3 2188 98 94
3 2188 2191 98
3 2187 2193 2190
3 2187 2194 2193
3 2194 2195 2193
3 2194 2196 2195
3 2190 2197 2192
3 2190 2193 2197
3 2193 2198 2197
3 2193 2195 2198
3 2187 2199 2194
3 2187 2200 2199
3 2200 2201 2199
3 2200 2202 2201
3 2194 2203 2196
3 2194 2199 2203
3 2199 2204 2203
3 2199 2201 2204
3 2187 2205 2200
3 2187 2189 2205
3 2189 103 2205
3 2189 95 103
3 2200 2206 2202
3 2200 2205 2206
3 2205 104 2206
3 2205 103 104
3 2207 2208 2209
3 2207 2210 2208
3 2210 2211 2208
3 2210 2212 2211
3 2209 2195 2196
3 2209 2208 2195
3 2208 2198 2195
3 2208 2211 2198
3 2207 2213 2210
3 2207 2214 2213
3 2214 1794 2213
3 2214 1795 1794
3 2210 2215 2212
3 2210 2213 2215
3 2213 1796 2215
3 2213 1794 1796
3 2207 2216 2214
3 2207 2217 2216
3 2217 2218 2216
3 2217 2219 2218
3 2214 1805 1795
3 2214 2216 1805
3 2216 1807 1805
3 2216 2218 1807
3 2207 2220 2217
3 2207 2209 2220
3 2209 2203 2220
3 2209 2196 2203
3 2217 2221 2219
3 2217 2220 2221
3 2220 2204 2221
3 2220 2203 2204
3 2222 2223 2224
3 2222 2225 2223
3 2225 2206 2223
3 2225 2202 2206
3 2224 777 778
3 2224 2223 777
3 2223 104 777
3 2223 2206 104
3 2222 2226 2225
3 2222 2227 2226
3 2227 2228 2226
3 2227 2229 2228
3 2225 2201 2202
3 2225 2226 2201
3 2226 2204 2201
3 2226 2228 2204
3 2222 2230 2227
3 2222 2231 2230
3 2231 2127 2230
3 2231 2122 2127
3 2227 2232 2229
3 2227 2230 2232
3 2230 2128 2232
3 2230 2127 2128
3 2222 2233 2231
3 2222 2224 2233
3 2224 781 2233
3 2224 778 781
3 2231 2121 2122
3 2231 2233 2121
3 2233 736 2121
3 2233 781 736
3 2234 2235 2236
3 2234 2237 2235
3 2237 2221 2235
3 2237 2219 2221
3 2236 2228 2229
3 2236 2235 2228
3 2235 2204 2228
3 2235 2221 2204
3 2234 2238 2237
3 2234 2239 2238
3 2239 1812 2238
3 2239 1813 1812
3 2237 2218 2219
3 2237 2238 2218
3 2238 1807 2218
3 2238 1812 1807
3 2234 2240 2239
3 2234 2241 2240
3 2241 2145 2240
3 2241 2142 2145
3 2239 1819 1813
3 2239 2240 1819
3 2240 1756 1819
3 2240 2145 1756
3 2234 2242 2241
3 2234 2236 2242
3 2236 2232 2242
3 2236 2229 2232
3 2241 2141 2142
3 2241 2242 2141
3 2242 2128 2141
3 2242 2232 2128
3 2243 2244 2245
3 2243 2246 2244
3 2246 2065 2244
3 2246 2059 2065
3 2245 694 695
3 2245 2244 694
3 2244 697 694
3 2244 2065 697
3 2243 2247 2246
3 2243 2248 2247
3 2248 2249 2247
3 2248 2250 2249
3 2246 2058 2059
3 2246 2247 2058
3 2247 2062 2058
3 2247 2249 2062
3 2243 2251 2248
3 2243 2252 2251
3 2252 2029 2251
3 2252 2024 2029
3 2248 2253 2250
3 2248 2251 2253
3 2251 2030 2253
3 2251 2029 2030
3 2243 2254 2252
3 2243 2245 2254
3 2245 702 2254
3 2245 695 702
3 2252 2023 2024
3 2252 2254 2023
3 2254 703 2023
3 2254 702 703
3 2255 2256 2257
3 2255 2258 2256
3 2258 2088 2256
3 2258 2086 2088
3 2257 2249 2250
3 2257 2256 2249
3 2256 2062 2249
3 2256 2088 2062
3 2255 2259 2258
3 2255 2260 2259
3 2260 1824 2259
3 2260 1825 1824
3 2258 2085 2086
3 2258 2259 2085
3 2259 1731 2085
3 2259 1824 1731
3 2255 2261 2260
3 2255 2262 2261
3 2262 2047 2261
3 2262 2044 2047
3 2260 1831 1825
3 2260 2261 1831
3 2261 1700 1831
3 2261 2047 1700
3 2255 2263 2262
3 2255 2257 2263
3 2257 2253 2263
3 2257 2250 2253
3 2262 2043 2044
3 2262 2263 2043
3 2263 2030 2043
3 2263 2253 2030
3 2264 2265 2266
3 2264 2267 2265
3 2267 2171 2265
3 2267 2167 2171
3 2266 62 50
3 2266 2265 62
3 2265 64 62
3 2265 2171 64
3 2264 2268 2267
3 2264 2269 2268
3 2269 2270 2268
3 2269 2271 2270
3 2267 2166 2167
3 2267 2268 2166
3 2268 2169 2166
3 2268 2270 2169
3 2264 2272 2269
3 2264 2273 2272
3 2273 1994 2272
3 2273 1989 1994
3 2269 2274 2271
3 2269 2272 2274
3 2272 1995 2274
3 2272 1994 1995
3 2264 2275 2273
3 2264 2266 2275
3 2266 49 2275
3 2266 50 49
3 2273 1988 1989
3 2273 2275 1988
3 2275 44 1988
3 2275 49 44
3 2276 2277 2278
3 2276 2279 2277
3 2279 2186 2277
3 2279 2184 2186
3 2278 2270 2271
3 2278 2277 2270
3 2277 2169 2270
3 2277 2186 2169
3 2276 2280 2279
3 2276 2281 2280
3 2281 1836 2280
3 2281 1837 1836
3 2279 2183 2184
3 2279 2280 2183
3 2280 1787 2183
3 2280 1836 1787
3 2276 2282 2281
3 2276 2283 2282
3 2283 2012 2282
3 2283 2009 2012
3 2281 1843 1837
3 2281 2282 1843
3 2282 1680 1843
3 2282 2012 1680
3 2276 2284 2283
3 2276 2278 2284
3 2278 2274 2284
3 2278 2271 2274
3 2283 2008 2009
3 2283 2284 2008
3 2284 1995 2008
3 2284 2274 1995
3 2285 2286 2287
3 2285 2288 2286
3 2288 2289 2286
3 2288 2290 2289
3 2287 119 120
3 2287 2286 119
3 2286 8 119
3 2286 2289 8
3 2285 2291 2288
3 2285 2292 2291
3 2292 2293 2291
3 2292 2294 2293
3 2288 2295 2290
3 2288 2291 2295
3 2291 2296 2295
3 2291 2293 2296
3 2285 2297 2292
3 2285 2298 2297
3 2298 2299 2297
3 2298 2300 2299
3 2292 2301 2294
3 2292 2297 2301
3 2297 2302 2301
3 2297 2299 2302
3 2285 2303 2298
3 2285 2287 2303
3 2287 125 2303
3 2287 120 125
3 2298 2304 2300
3 2298 2303 2304
3 2303 126 2304
3 2303 125 126
3 2305 2306 2307
3 2305 2308 2306
3 2308 2309 2306
3 2308 2310 2309
3 2307 2293 2294
3 2307 2306 2293
3 2306 2296 2293
3 2306 2309 2296
3 2305 2311 2308
3 2305 2312 2311
3 2312 1850 2311
3 2312 1851 1850
3 2308 2313 2310
3 2308 2311 2313
3 2311 1852 2313
3 2311 1850 1852
3 2305 2314 2312
3 2305 2315 2314
3 2315 2316 2314
3 2315 2317 2316
3 2312 1861 1851
3 2312 2314 1861
3 2314 1863 1861
3 2314 2316 1863
3 2305 2318 2315
3 2305 2307 2318
3 2307 2301 2318
3 2307 2294 2301
3 2315 2319 2317
3 2315 2318 2319
3 2318 2302 2319
3 2318 2301 2302
3 2320 2321 2322
3 2320 2323 2321
3 2323 2324 2321
3 2323 2325 2324
3 2322 159 160
3 2322 2321 159
3 2321 73 159
3 2321 2324 73
3 2320 2326 2323
3 2320 2327 2326
3 2327 2328 2326
3 2327 2329 2328
3 2323 2330 2325
3 2323 2326 2330
3 2326 2331 2330
3 2326 2328 2331
3 2320 2332 2327
3 2320 2333 2332
3 2333 2162 2332
3 2333 2157 2162
3 2327 2334 2329
3 2327 2332 2334
3 2332 2163 2334
3 2332 2162 2163
3 2320 2335 2333
3 2320 2322 2335
3 2322 163 2335
3 2322 160 163
3 2333 2156 2157
3 2333 2335 2156
3 2335 154 2156
3 2335 163 154
3 2336 2337 2338
3 2336 2339 2337
3 2339 2340 2337
3 2339 2341 2340
3 2338 2328 2329
3 2338 2337 2328
3 2337 2331 2328
3 2337 2340 2331
3 2336 2342 2339
3 2336 2343 2342
3 2343 1870 2342
3 2343 1871 1870
3 2339 2344 2341
3 2339 2342 2344
3 2342 1872 2344
3 2342 1870 1872
3 2336 2345 2343
3 2336 2346 2345
3 2346 2180 2345
3 2346 2177 2180
3 2343 1879 1871
3 2343 2345 1879
3 2345 1776 1879
3 2345 2180 1776
3 2336 2347 2346
3 2336 2338 2347
3 2338 2334 2347
3 2338 2329 2334
3 2346 2176 2177
3 2346 2347 2176
3 2347 2163 2176
3 2347 2334 2163
3 2348 2349 2350
3 2348 2351 2349
3 2351 2352 2349
3 2351 2353 2352
3 2350 87 72
3 2350 2349 87
3 2349 89 87
3 2349 2352 89
3 2348 2354 2351
3 2348 2355 2354
3 2355 2356 2354
3 2355 2357 2356
3 2351 2358 2353
3 2351 2354 2358
3 2354 2359 2358
3 2354 2356 2359
3 2348 2360 2355
3 2348 2361 2360
3 2361 2330 2360
3 2361 2325 2330
3 2355 2362 2357
3 2355 2360 2362
3 2360 2331 2362
3 2360 2330 2331
3 2348 2363 2361
3 2348 2350 2363
3 2350 71 2363
3 2350 72 71
3 2361 2324 2325
3 2361 2363 2324
3 2363 73 2324
3 2363 71 73
3 2364 2365 2366
3 2364 2367 2365
3 2367 2368 2365
3 2367 2369 2368
3 2366 2356 2357
3 2366 2365 2356
3 2365 2359 2356
3 2365 2368 2359
3 2364 2370 2367
3 2364 2371 2370
3 2371 1886 2370
3 2371 1887 1886
3 2367 2372 2369
3 2367 2370 2372
3 2370 1888 2372
3 2370 1886 1888
3 2364 2373 2371
3 2364 2374 2373
3 2374 2344 2373
3 2374 2341 2344
3 2371 1895 1887
3 2371 2373 1895
3 2373 1872 1895
3 2373 2344 1872
3 2364 2375 2374
3 2364 2366 2375
3 2366 2362 2375
3 2366 2357 2362
3 2374 2340 2341
3 2374 2375 2340
3 2375 2331 2340
3 2375 2362 2331
3 2376 2377 2378
3 2376 2379 2377
3 2379 2304 2377
3 2379 2300 2304
3 2378 184 175
3 2378 2377 184
3 2377 126 184
3 2377 2304 126
3 2376 2380 2379
3 2376 2381 2380
3 2381 2382 2380
3 2381 2383 2382
3 2379 2299 2300
3 2379 2380 2299
3 2380 2302 2299
3 2380 2382 2302
3 2376 2384 2381
3 2376 2385 2384
3 2385 2197 2384
3 2385 2192 2197
3 2381 2386 2383
3 2381 2384 2386
3 2384 2198 2386
3 2384 2197 2198
3 2376 2387 2385
3 2376 2378 2387
3 2378 174 2387
3 2378 175 174
3 2385 2191 2192
3 2385 2387 2191
3 2387 98 2191
3 2387 174 98
3 2388 2389 2390
3 2388 2391 2389
3 2391 2319 2389
3 2391 2317 2319
3 2390 2382 2383
3 2390 2389 2382
3 2389 2302 2382
3 2389 2319 2302
3 2388 2392 2391
3 2388 2393 2392
3 2393 1900 2392
3 2393 1901 1900
3 2391 2316 2317
3 2391 2392 2316
3 2392 1863 2316
3 2392 1900 1863
3 2388 2394 2393
3 2388 2395 2394
3 2395 2215 2394
3 2395 2212 2215
3 2393 1907 1901
3 2393 2394 1907
3 2394 1796 1907
3 2394 2215 1796
3 2388 2396 2395
3 2388 2390 2396
3 2390 2386 2396
3 2390 2383 2386
3 2395 2211 2212
3 2395 2396 2211
3 2396 2198 2211
3 2396 2386 2198
3 2397 2398 2399
3 2397 2400 2398
3 2400 2401 2398
3 2400 2402 2401
3 2399 765 766
3 2399 2398 765
3 2398 768 765
3 2398 2401 768
3 2397 2403 2400
3 2397 2404 2403
3 2404 2405 2403
3 2404 2406 2405
3 2400 2407 2402
3 2400 2403 2407
3 2403 2408 2407
3 2403 2405 2408
3 2397 2409 2404
3 2397 2410 2409
3 2410 2411 2409
3 2410 2412 2411
3 2404 2413 2406
3 2404 2409 2413
3 2409 2414 2413
3 2409 2411 2414
3 2397 2415 2410
3 2397 2399 2415
3 2399 771 2415
3 2399 766 771
3 2410 2416 2412
3 2410 2415 2416
3 2415 772 2416
3 2415 771 772
3 2417 2418 2419
3 2417 2420 2418
3 2420 2421 2418
3 2420 2422 2421
3 2419 2405 2406
3 2419 2418 2405
3 2418 2408 2405
3 2418 2421 2408
3 2417 2423 2420
3 2417 2424 2423
3 2424 1914 2423
3 2424 1915 1914
3 2420 2425 2422
3 2420 2423 2425
3 2423 1916 2425
3 2423 1914 1916
3 2417 2426 2424
3 2417 2427 2426
3 2427 2428 2426
3 2427 2429 2428
3 2424 1925 1915
3 2424 2426 1925
3 2426 1927 1925
3 2426 2428 1927
3 2417 2430 2427
3 2417 2419 2430
3 2419 2413 2430
3 2419 2406 2413
3 2427 2431 2429
3 2427 2430 2431
3 2430 2414 2431
3 2430 2413 2414
3 2432 2433 2434
3 2432 2435 2433
3 2435 2436 2433
3 2435 2437 2436
3 2434 830 831
3 2434 2433 830
3 2433 833 830
3 2433 2436 833
3 2432 2438 2435
3 2432 2439 2438
3 2439 2440 2438
3 2439 2441 2440
3 2435 2442 2437
3 2435 2438 2442
3 2438 2443 2442
3 2438 2440 2443
3 2432 2444 2439
3 2432 2445 2444
3 2445 2407 2444
3 2445 2402 2407
3 2439 2446 2441
3 2439 2444 2446
3 2444 2408 2446
3 2444 2407 2408
3 2432 2447 2445
3 2432 2434 2447
3 2434 835 2447
3 2434 831 835
3 2445 2401 2402
3 2445 2447 2401
3 2447 768 2401
3 2447 835 768
3 2448 2449 2450
3 2448 2451 2449
3 2451 2452 2449
3 2451 2453 2452
3 2450 2440 2441
3 2450 2449 2440
3 2449 2443 2440
3 2449 2452 2443
3 2448 2454 2451
3 2448 2455 2454
3 2455 1934 2454
3 2455 1935 1934
3 2451 2456 2453
3 2451 2454 2456
3 2454 1936 2456
3 2454 1934 1936
3 2448 2457 2455
3 2448 2458 2457
3 2458 2425 2457
3 2458 2422 2425
3 2455 1943 1935
3 2455 2457 1943
3 2457 1916 1943
3 2457 2425 1916
3 2448 2459 2458
3 2448 2450 2459
3 2450 2446 2459
3 2450 2441 2446
3 2458 2421 2422
3 2458 2459 2421
3 2459 2408 2421
3 2459 2446 2408
3 2460 2461 2462
3 2460 2463 2461
3 2463 2416 2461
3 2463 2412 2416
3 2462 796 797
3 2462 2461 796
3 2461 772 796
3 2461 2416 772
3 2460 2464 2463
3 2460 2465 2464
3 2465 2466 2464
3 2465 2467 2466
3 2463 2411 2412
3 2463 2464 2411
3 2464 2414 2411
3 2464 2466 2414
3 2460 2468 2465
3 2460 2469 2468
3 2469 2358 2468
3 2469 2353 2358
3 2465 2470 2467
3 2465 2468 2470
3 2468 2359 2470
3 2468 2358 2359
3 2460 2471 2469
3 2460 2462 2471
3 2462 799 2471
3 2462 797 799
3 2469 2352 2353
3 2469 2471 2352
3 2471 89 2352
3 2471 799 89
3 2472 2473 2474
3 2472 2475 2473
3 2475 2431 2473
3 2475 2429 2431
3 2474 2466 2467
3 2474 2473 2466
3 2473 2414 2466
3 2473 2431 2414
3 2472 2476 2475
3 2472 2477 2476
3 2477 1948 2476
3 2477 1949 1948
3 2475 2428 2429
3 2475 2476 2428
3 2476 1927 2428
3 2476 1948 1927
3 2472 2478 2477
3 2472 2479 2478
3 2479 2372 2478
3 2479 2369 2372
3 2477 1955 1949
3 2477 2478 1955
3 2478 1888 1955
3 2478 2372 1888
3 2472 2480 2479
3 2472 2474 2480
3 2474 2470 2480
3 2474 2467 2470
3 2479 2368 2369
3 2479 2480 2368
3 2480 2359 2368
3 2480 2470 2359
3 2481 2482 2483
3 2481 2484 2482
3 2484 2003 2482
3 2484 1999 2003
3 2483 22 7
3 2483 2482 22
3 2482 24 22
3 2482 2003 24
3 2481 2485 2484
3 2481 2486 2485
3 2486 2487 2485
3 2486 2488 2487
3 2484 1998 1999
3 2484 2485 1998
3 2485 2001 1998
3 2485 2487 2001
3 2481 2489 2486
3 2481 2490 2489
3 2490 2295 2489
3 2490 2290 2295
3 2486 2491 2488
3 2486 2489 2491
3 2489 2296 2491
3 2489 2295 2296
3 2481 2492 2490
3 2481 2483 2492
3 2483 6 2492
3 2483 7 6
3 2490 2289 2290
3 2490 2492 2289
3 2492 8 2289
3 2492 6 8
3 2493 2494 2495
3 2493 2496 2494
3 2496 2018 2494
3 2496 2016 2018
3 2495 2487 2488
3 2495 2494 2487
3 2494 2001 2487
3 2494 2018 2001
3 2493 2497 2496
3 2493 2498 2497
3 2498 1960 2497
3 2498 1961 1960
3 2496 2015 2016
3 2496 2497 2015
3 2497 1691 2015
3 2497 1960 1691
3 2493 2499 2498
3 2493 2500 2499
3 2500 2313 2499
3 2500 2310 2313
3 2498 1967 1961
3 2498 2499 1967
3 2499 1852 1967
3 2499 2313 1852
3 2493 2501 2500
3 2493 2495 2501
3 2495 2491 2501
3 2495 2488 2491
3 2500 2309 2310
3 2500 2501 2309
3 2501 2296 2309
3 2501 2491 2296
3 2502 2503 2504
3 2502 2505 2503
3 2505 2136 2503
3 2505 2132 2136
3 2504 804 805
3 2504 2503 804
3 2503 742 804
3 2503 2136 742
3 2502 2506 2505
3 2502 2507 2506
3 2507 2508 2506
3 2507 2509 2508
3 2505 2131 2132
3 2505 2506 2131
3 2506 2134 2131
3 2506 2508 2134
3 2502 2510 2507
3 2502 2511 2510
3 2511 2512 2510
3 2511 2513 2512
3 2507 2514 2509
3 2507 2510 2514
3 2510 2515 2514
3 2510 2512 2515
3 2502 2516 2511
3 2502 2504 2516
3 2504 810 2516
3 2504 805 810
3 2511 2517 2513
3 2511 2516 2517
3 2516 811 2517
3 2516 810 811
3 2518 2519 2520
3 2518 2521 2519
3 2521 2151 2519
3 2521 2149 2151
3 2520 2508 2509
3 2520 2519 2508
3 2519 2134 2508
3 2519 2151 2134
3 2518 2522 2521
3 2518 2523 2522
3 2523 1972 2522
3 2523 1973 1972
3 2521 2148 2149
3 2521 2522 2148
3 2522 1767 2148
3 2522 1972 1767
3 2518 2524 2523
3 2518 2525 2524
3 2525 2526 2524
3 2525 2527 2526
3 2523 1981 1973
3 2523 2524 1981
3 2524 1983 1981
3 2524 2526 1983
3 2518 2528 2525
3 2518 2520 2528
3 2520 2514 2528
3 2520 2509 2514
3 2525 2529 2527
3 2525 2528 2529
3 2528 2515 2529
3 2528 2514 2515
3 2530 2531 2532
3 2530 2533 2531
3 2533 2534 2531
3 2533 2535 2534
3 2532 808 809
3 2532 2531 808
3 2531 811 808
3 2531 2534 811
3 2530 2536 2533
3 2530 2537 2536
3 2537 2538 2536
3 2537 2539 2538
3 2533 2540 2535
3 2533 2536 2540
3 2536 2541 2540
3 2536 2538 2541
3 2530 2542 2537
3 2530 2543 2542
3 2543 2544 2542
3 2543 2545 2544
3 2537 2546 2539
3 2537 2542 2546
3 2542 2547 2546
3 2542 2544 2547
3 2530 2548 2543
3 2530 2532 2548
3 2532 816 2548
3 2532 809 816
3 2543 2549 2545
3 2543 2548 2549
3 2548 817 2549
3 2548 816 817
3 2550 2551 2552
3 2550 2553 2551
3 2553 2554 2551
3 2553 2555 2554
3 2552 2538 2539
3 2552 2551 2538
3 2551 2541 2538
3 2551 2554 2541
3 2550 2556 2553
3 2550 2557 2556
3 2557 689 2556
3 2557 690 689
3 2553 2558 2555
3 2553 2556 2558
3 2556 691 2558
3 2556 689 691
3 2550 2559 2557
3 2550 2560 2559
3 2560 2561 2559
3 2560 2562 2561
3 2557 705 690
3 2557 2559 705
3 2559 707 705
3 2559 2561 707
3 2550 2563 2560
3 2550 2552 2563
3 2552 2546 2563
3 2552 2539 2546
3 2560 2564 2562
3 2560 2563 2564
3 2563 2547 2564
3 2563 2546 2547
3 2565 2566 2567
3 2565 2568 2566
3 2568 2549 2566
3 2568 2545 2549
3 2567 826 827
3 2567 2566 826
3 2566 817 826
3 2566 2549 817
3 2565 2569 2568
3 2565 2570 2569
3 2570 2571 2569
3 2570 2572 2571
3 2568 2544 2545
3 2568 2569 2544
3 2569 2547 2544
3 2569 2571 2547
3 2565 2573 2570
3 2565 2574 2573
3 2574 2575 2573
3 2574 2576 2575
3 2570 2577 2572
3 2570 2573 2577
3 2573 2578 2577
3 2573 2575 2578
3 2565 2579 2574
3 2565 2567 2579
3 2567 832 2579
3 2567 827 832
3 2574 2580 2576
3 2574 2579 2580
3 2579 833 2580
3 2579 832 833
3 2581 2582 2583
3 2581 2584 2582
3 2584 2564 2582
3 2584 2562 2564
3 2583 2571 2572
3 2583 2582 2571
3 2582 2547 2571
3 2582 2564 2547
3 2581 2585 2584
3 2581 2586 2585
3 2586 712 2585
3 2586 713 712
3 2584 2561 2562
3 2584 2585 2561
3 2585 707 2561
3 2585 712 707
3 2581 2587 2586
3 2581 2588 2587
3 2588 2589 2587
3 2588 2590 2589
3 2586 725 713
3 2586 2587 725
3 2587 727 725
3 2587 2589 727
3 2581 2591 2588
3 2581 2583 2591
3 2583 2577 2591
3 2583 2572 2577
3 2588 2592 2590
3 2588 2591 2592
3 2591 2578 2592
3 2591 2577 2578
3 2593 2594 2595
3 2593 2596 2594
3 2596 2597 2594
3 2596 2598 2597
3 2595 1536 1537
3 2595 2594 1536
3 2594 1539 1536
3 2594 2597 1539
3 2593 2599 2596
3 2593 2600 2599
3 2600 2601 2599
3 2600 2602 2601
3 2596 2603 2598
3 2596 2599 2603
3 2599 2604 2603
3 2599 2601 2604
3 2593 2605 2600
3 2593 2606 2605
3 2606 2607 2605
3 2606 2608 2607
3 2600 2609 2602
3 2600 2605 2609
3 2605 2610 2609
3 2605 2607 2610
3 2593 2611 2606
3 2593 2595 2611
3 2595 1542 2611
3 2595 1537 1542
3 2606 2612 2608
3 2606 2611 2612
3 2611 1543 2612
3 2611 1542 1543
3 2613 2614 2615
3 2613 2616 2614
3 2616 2617 2614
3 2616 2618 2617
3 2615 2601 2602
3 2615 2614 2601
3 2614 2604 2601
3 2614 2617 2604
3 2613 2619 2616
3 2613 2620 2619
3 2620 1649 2619
3 2620 1641 1649
3 2616 2621 2618
3 2616 2619 2621
3 2619 1650 2621
3 2619 1649 1650
3 2613 2622 2620
3 2613 2623 2622
3 2623 2624 2622
3 2623 2625 2624
3 2620 1640 1641
3 2620 2622 1640
3 2622 1644 1640
3 2622 2624 1644
3 2613 2626 2623
3 2613 2615 2626
3 2615 2609 2626
3 2615 2602 2609
3 2623 2627 2625
3 2623 2626 2627
3 2626 2610 2627
3 2626 2609 2610
3 2628 2629 2630
3 2628 2631 2629
3 2631 2612 2629
3 2631 2608 2612
3 2630 1558 1559
3 2630 2629 1558
3 2629 1543 1558
3 2629 2612 1543
3 2628 2632 2631
3 2628 2633 2632
3 2633 2634 2632
3 2633 2635 2634
3 2631 2607 2608
3 2631 2632 2607
3 2632 2610 2607
3 2632 2634 2610
3 2628 2636 2633
3 2628 2637 2636
3 2637 2638 2636
3 2637 2639 2638
3 2633 2640 2635
3 2633 2636 2640
3 2636 2641 2640
3 2636 2638 2641
3 2628 2642 2637
3 2628 2630 2642
3 2630 1562 2642
3 2630 1559 1562
3 2637 2643 2639
3 2637 2642 2643
3 2642 1563 2643
3 2642 1562 1563
3 2644 2645 2646
3 2644 2647 2645
3 2647 2627 2645
3 2647 2625 2627
3 2646 2634 2635
3 2646 2645 2634
3 2645 2610 2634
3 2645 2627 2610
3 2644 2648 2647
3 2644 2649 2648
3 2649 1667 2648
3 2649 1661 1667
3 2647 2624 2625
3 2647 2648 2624
3 2648 1644 2624
3 2648 1667 1644
3 2644 2650 2649
3 2644 2651 2650
3 2651 2652 2650
3 2651 2653 2652
3 2649 1660 1661
3 2649 2650 1660
3 2650 1664 1660
3 2650 2652 1664
3 2644 2654 2651
3 2644 2646 2654
3 2646 2640 2654
3 2646 2635 2640
3 2651 2655 2653
3 2651 2654 2655
3 2654 2641 2655
3 2654 2640 2641
3 2656 2657 2658
3 2656 2659 2657
3 2659 2621 2657
3 2659 2618 2621
3 2658 1978 1979
3 2658 2657 1978
3 2657 1650 1978
3 2657 2621 1650
3 2656 2660 2659
3 2656 2661 2660
3 2661 2662 2660
3 2661 2663 2662
3 2659 2617 2618
3 2659 2660 2617
3 2660 2604 2617
3 2660 2662 2604
3 2656 2664 2661
3 2656 2665 2664
3 2665 2666 2664
3 2665 2667 2666
3 2661 2668 2663
3 2661 2664 2668
3 2664 2669 2668
3 2664 2666 2669
3 2656 2670 2665
3 2656 2658 2670
3 2658 1982 2670
3 2658 1979 1982
3 2665 2671 2667
3 2665 2670 2671
3 2670 1983 2671
3 2670 1982 1983
3 2672 2673 2674
3 2672 2675 2673
3 2675 2603 2673
3 2675 2598 2603
3 2674 2662 2663
3 2674 2673 2662
3 2673 2604 2662
3 2673 2603 2604
3 2672 2676 2675
3 2672 2677 2676
3 2677 1723 2676
3 2677 1717 1723
3 2675 2597 2598
3 2675 2676 2597
3 2676 1539 2597
3 2676 1723 1539
3 2672 2678 2677
3 2672 2679 2678
3 2679 2680 2678
3 2679 2681 2680
3 2677 1716 1717
3 2677 2678 1716
3 2678 1720 1716
3 2678 2680 1720
3 2672 2682 2679
3 2672 2674 2682
3 2674 2668 2682
3 2674 2663 2668
3 2679 2683 2681
3 2679 2682 2683
3 2682 2669 2683
3 2682 2668 2669
3 2684 2685 2686
3 2684 2687 2685
3 2687 2643 2685
3 2687 2639 2643
3 2686 1742 1743
3 2686 2685 1742
3 2685 1563 1742
3 2685 2643 1563
3 2684 2688 2687
3 2684 2689 2688
3 2689 2690 2688
3 2689 2691 2690
3 2687 2638 2639
3 2687 2688 2638
3 2688 2641 2638
3 2688 2690 2641
3 2684 2692 2689
3 2684 2693 2692
3 2693 2694 2692
3 2693 2695 2694
3 2689 2696 2691
3 2689 2692 2696
3 2692 2697 2696
3 2692 2694 2697
3 2684 2698 2693
3 2684 2686 2698
3 2686 1746 2698
3 2686 1743 1746
3 2693 2699 2695
3 2693 2698 2699
3 2698 1747 2699
3 2698 1746 1747
3 2700 2701 2702
3 2700 2703 2701
3 2703 2655 2701
3 2703 2653 2655
3 2702 2690 2691
3 2702 2701 2690
3 2701 2641 2690
3 2701 2655 2641
3 2700 2704 2703
3 2700 2705 2704
3 2705 1939 2704
3 2705 1933 1939
3 2703 2652 2653
3 2703 2704 2652
3 2704 1664 2652
3 2704 1939 1664
3 2700 2706 2705
3 2700 2707 2706
3 2707 2708 2706
3 2707 2709 2708
3 2705 1932 1933
3 2705 2706 1932
3 2706 1936 1932
3 2706 2708 1936
3 2700 2710 2707
3 2700 2702 2710
3 2702 2696 2710
3 2702 2691 2696
3 2707 2711 2709
3 2707 2710 2711
3 2710 2697 2711
3 2710 2696 2697
3 2712 2713 2714
3 2712 2715 2713
3 2715 2716 2713
3 2715 2717 2716
3 2714 2512 2513
3 2714 2713 2512
3 2713 2515 2512
3 2713 2716 2515
3 2712 2718 2715
3 2712 2719 2718
3 2719 2720 2718
3 2719 2721 2720
3 2715 2722 2717
3 2715 2718 2722
3 2718 2723 2722
3 2718 2720 2723
3 2712 2724 2719
3 2712 2725 2724
3 2725 2540 2724
3 2725 2535 2540
3 2719 2726 2721
3 2719 2724 2726
3 2724 2541 2726
3 2724 2540 2541
3 2712 2727 2725
3 2712 2714 2727
3 2714 2517 2727
3 2714 2513 2517
3 2725 2534 2535
3 2725 2727 2534
3 2727 811 2534
3 2727 2517 811
3 2728 2729 2730
3 2728 2731 2729
3 2731 2732 2729
3 2731 2733 2732
3 2730 2720 2721
3 2730 2729 2720
3 2729 2723 2720
3 2729 2732 2723
3 2728 2734 2731
3 2728 2735 2734
3 2735 2072 2734
3 2735 2069 2072
3 2731 2736 2733
3 2731 2734 2736
3 2734 2073 2736
3 2734 2072 2073
3 2728 2737 2735
3 2728 2738 2737
3 2738 2558 2737
3 2738 2555 2558
3 2735 2068 2069
3 2735 2737 2068
3 2737 691 2068
3 2737 2558 691
3 2728 2739 2738
3 2728 2730 2739
3 2730 2726 2739
3 2730 2721 2726
3 2738 2554 2555
3 2738 2739 2554
3 2739 2541 2554
3 2739 2726 2541
3 2740 2741 2742
3 2740 2743 2741
3 2743 2671 2741
3 2743 2667 2671
3 2742 2526 2527
3 2742 2741 2526
3 2741 1983 2526
3 2741 2671 1983
3 2740 2744 2743
3 2740 2745 2744
3 2745 2746 2744
3 2745 2747 2746
3 2743 2666 2667
3 2743 2744 2666
3 2744 2669 2666
3 2744 2746 2669
3 2740 2748 2745
3 2740 2749 2748
3 2749 2722 2748
3 2749 2717 2722
3 2745 2750 2747
3 2745 2748 2750
3 2748 2723 2750
3 2748 2722 2723
3 2740 2751 2749
3 2740 2742 2751
3 2742 2529 2751
3 2742 2527 2529
3 2749 2716 2717
3 2749 2751 2716
3 2751 2515 2716
3 2751 2529 2515
3 2752 2753 2754
3 2752 2755 2753
3 2755 2683 2753
3 2755 2681 2683
3 2754 2746 2747
3 2754 2753 2746
3 2753 2669 2746
3 2753 2683 2669
3 2752 2756 2755
3 2752 2757 2756
3 2757 2082 2756
3 2757 2079 2082
3 2755 2680 2681
3 2755 2756 2680
3 2756 1720 2680
3 2756 2082 1720
3 2752 2758 2757
3 2752 2759 2758
3 2759 2736 2758
3 2759 2733 2736
3 2757 2078 2079
3 2757 2758 2078
3 2758 2073 2078
3 2758 2736 2073
3 2752 2760 2759
3 2752 2754 2760
3 2754 2750 2760
3 2754 2747 2750
3 2759 2732 2733
3 2759 2760 2732
3 2760 2723 2732
3 2760 2750 2723
3 2761 2762 2763
3 2761 2764 2762
3 2764 2765 2762
3 2764 2766 2765
3 2763 2099 2100
3 2763 2762 2099
3 2762 2102 2099
3 2762 2765 2102
3 2761 2767 2764
3 2761 2768 2767
3 2768 2769 2767
3 2768 2770 2769
3 2764 2771 2766
3 2764 2767 2771
3 2767 2772 2771
3 2767 2769 2772
3 2761 2773 2768
3 2761 2774 2773
3 2774 2592 2773
3 2774 2590 2592
3 2768 2775 2770
3 2768 2773 2775
3 2773 2578 2775
3 2773 2592 2578
3 2761 2776 2774
3 2761 2763 2776
3 2763 2104 2776
3 2763 2100 2104
3 2774 2589 2590
3 2774 2776 2589
3 2776 727 2589
3 2776 2104 727
3 2777 2778 2779
3 2777 2780 2778
3 2780 2781 2778
3 2780 2782 2781
3 2779 2769 2770
3 2779 2778 2769
3 2778 2772 2769
3 2778 2781 2772
3 2777 2783 2780
3 2777 2784 2783
3 2784 2442 2783
3 2784 2437 2442
3 2780 2785 2782
3 2780 2783 2785
3 2783 2443 2785
3 2783 2442 2443
3 2777 2786 2784
3 2777 2787 2786
3 2787 2580 2786
3 2787 2576 2580
3 2784 2436 2437
3 2784 2786 2436
3 2786 833 2436
3 2786 2580 833
3 2777 2788 2787
3 2777 2779 2788
3 2779 2775 2788
3 2779 2770 2775
3 2787 2575 2576
3 2787 2788 2575
3 2788 2578 2575
3 2788 2775 2578
3 2789 2790 2791
3 2789 2792 2790
3 2792 2699 2790
3 2792 2695 2699
3 2791 2113 2114
3 2791 2790 2113
3 2790 1747 2113
3 2790 2699 1747
3 2789 2793 2792
3 2789 2794 2793
3 2794 2795 2793
3 2794 2796 2795
3 2792 2694 2695
3 2792 2793 2694
3 2793 2697 2694
3 2793 2795 2697
3 2789 2797 2794
3 2789 2798 2797
3 2798 2771 2797
3 2798 2766 2771
3 2794 2799 2796
3 2794 2797 2799
3 2797 2772 2799
3 2797 2771 2772
3 2789 2800 2798
3 2789 2791 2800
3 2791 2116 2800
3 2791 2114 2116
3 2798 2765 2766
3 2798 2800 2765
3 2800 2102 2765
3 2800 2116 2102
3 2801 2802 2803
3 2801 2804 2802
3 2804 2711 2802
3 2804 2709 2711
3 2803 2795 2796
3 2803 2802 2795
3 2802 2697 2795
3 2802 2711 2697
3 2801 2805 2804
3 2801 2806 2805
3 2806 2456 2805
3 2806 2453 2456
3 2804 2708 2709
3 2804 2805 2708
3 2805 1936 2708
3 2805 2456 1936
3 2801 2807 2806
3 2801 2808 2807
3 2808 2785 2807
3 2808 2782 2785
3 2806 2452 2453
3 2806 2807 2452
3 2807 2443 2452
3 2807 2785 2443
3 2801 2809 2808
3 2801 2803 2809
3 2803 2799 2809
3 2803 2796 2799
3 2808 2781 2782
3 2808 2809 2781
3 2809 2772 2781
3 2809 2799 2772
